0.000000000000e+00 2.762132099788e-03 2.762135864010e-03
3.125000000000e-03 2.762126855857e-03 2.762156969040e-03
6.250000000000e-03 2.762087171075e-03 2.762166218503e-03
9.375000000000e-03 2.762013057914e-03 2.762163622942e-03
1.250000000000e-02 2.761904538212e-03 2.762149199791e-03
1.562500000000e-02 2.761761643150e-03 2.762122973355e-03
1.875000000000e-02 2.761584413234e-03 2.762084974800e-03
2.187500000000e-02 2.761372898266e-03 2.762035242126e-03
2.500000000000e-02 2.761127157315e-03 2.761973820150e-03
2.812500000000e-02 2.760847258671e-03 2.761900760469e-03
3.125000000000e-02 2.760533279807e-03 2.761816121428e-03
3.437500000000e-02 2.760185307321e-03 2.761719968083e-03
3.750000000000e-02 2.759803436884e-03 2.761612372154e-03
4.062500000000e-02 2.759387773172e-03 2.761493411981e-03
4.375000000000e-02 2.758938429802e-03 2.761363172472e-03
4.687500000000e-02 2.758455529255e-03 2.761221745042e-03
5.000000000000e-02 2.757939202795e-03 2.761069227558e-03
5.312500000000e-02 2.757389590387e-03 2.760905724274e-03
5.625000000000e-02 2.756806840602e-03 2.760731345761e-03
5.937500000000e-02 2.756191110523e-03 2.760546208832e-03
6.250000000000e-02 2.755542565646e-03 2.760350436474e-03
6.562500000000e-02 2.754861379769e-03 2.760144157759e-03
6.875000000000e-02 2.754147734884e-03 2.759927507767e-03
7.187500000000e-02 2.753401821059e-03 2.759700627495e-03
7.500000000000e-02 2.752623836321e-03 2.759463663769e-03
7.812500000000e-02 2.751813986528e-03 2.759216769148e-03
8.125000000000e-02 2.750972485240e-03 2.758960101831e-03
8.437500000000e-02 2.750099553587e-03 2.758693825550e-03
8.750000000000e-02 2.749195420130e-03 2.758418109473e-03
9.062500000000e-02 2.748260320721e-03 2.758133128097e-03
9.375000000000e-02 2.747294498355e-03 2.757839061137e-03
9.687500000000e-02 2.746298203028e-03 2.757536093414e-03
1.000000000000e-01 2.745271691577e-03 2.757224414747e-03
1.031250000000e-01 2.744215227531e-03 2.756904219830e-03
1.062500000000e-01 2.743129080950e-03 2.756575708118e-03
1.093750000000e-01 2.742013528263e-03 2.756239083705e-03
1.125000000000e-01 2.740868852109e-03 2.755894555201e-03
1.156250000000e-01 2.739695341166e-03 2.755542335609e-03
1.187500000000e-01 2.738493289986e-03 2.755182642200e-03
1.218750000000e-01 2.737262998822e-03 2.754815696381e-03
1.250000000000e-01 2.736004773456e-03 2.754441723573e-03
1.281250000000e-01 2.734718925027e-03 2.754060953074e-03
1.312500000000e-01 2.733405769851e-03 2.753673617932e-03
1.343750000000e-01 2.732065629249e-03 2.753279954812e-03
1.375000000000e-01 2.730698829361e-03 2.752880203863e-03
1.406250000000e-01 2.729305700976e-03 2.752474608581e-03
1.437500000000e-01 2.727886579343e-03 2.752063415678e-03
1.468750000000e-01 2.726441803994e-03 2.751646874948e-03
1.500000000000e-01 2.724971718561e-03 2.751225239126e-03
1.531250000000e-01 2.723476670594e-03 2.750798763758e-03
1.562500000000e-01 2.721957011379e-03 2.750367707062e-03
1.593750000000e-01 2.720413095756e-03 2.749932329795e-03
1.625000000000e-01 2.718845281935e-03 2.749492895116e-03
1.656250000000e-01 2.717253931315e-03 2.749049668448e-03
1.687500000000e-01 2.715639408302e-03 2.748602917350e-03
1.718750000000e-01 2.714002080128e-03 2.748152911374e-03
1.750000000000e-01 2.712342316673e-03 2.747699921941e-03
1.781250000000e-01 2.710660490280e-03 2.747244222198e-03
1.812500000000e-01 2.708956975582e-03 2.746786086894e-03
1.843750000000e-01 2.707232149323e-03 2.746325792242e-03
1.875000000000e-01 2.705486390179e-03 2.745863615796e-03
1.906250000000e-01 2.703720078590e-03 2.745399836314e-03
1.937500000000e-01 2.701933596579e-03 2.744934733637e-03
1.968750000000e-01 2.700127327586e-03 2.744468588557e-03
2.000000000000e-01 2.698301656298e-03 2.744001682697e-03
2.031250000000e-01 2.696456968478e-03 2.743534298382e-03
2.062500000000e-01 2.694593650803e-03 2.743066718521e-03
2.093750000000e-01 2.692712090698e-03 2.742599226484e-03
2.125000000000e-01 2.690812676176e-03 2.742132105985e-03
2.156250000000e-01 2.688895795676e-03 2.741665640963e-03
2.187500000000e-01 2.686961837910e-03 2.741200115469e-03
2.218750000000e-01 2.685011191707e-03 2.740735813550e-03
2.250000000000e-01 2.683044245862e-03 2.740273019143e-03
2.281250000000e-01 2.681061388984e-03 2.739812015959e-03
2.312500000000e-01 2.679063009353e-03 2.739353087381e-03
2.343750000000e-01 2.677049494774e-03 2.738896516354e-03
2.375000000000e-01 2.675021232438e-03 2.738442585288e-03
2.406250000000e-01 2.672978608784e-03 2.737991575955e-03
2.437500000000e-01 2.670922009361e-03 2.737543769387e-03
2.468750000000e-01 2.668851818699e-03 2.737099445786e-03
2.500000000000e-01 2.666768420178e-03 2.736658884425e-03
2.531250000000e-01 2.664672195905e-03 2.736222363560e-03
2.562500000000e-01 2.662563526587e-03 2.735790160340e-03
2.593750000000e-01 2.660442791415e-03 2.735362550718e-03
2.625000000000e-01 2.658310367943e-03 2.734939809370e-03
2.656250000000e-01 2.656166631979e-03 2.734522209611e-03
2.687500000000e-01 2.654011957474e-03 2.734110023317e-03
2.718750000000e-01 2.651846716411e-03 2.733703520848e-03
2.750000000000e-01 2.649671278707e-03 2.733302970970e-03
2.781250000000e-01 2.647486012106e-03 2.732908640789e-03
2.812500000000e-01 2.645291282089e-03 2.732520795676e-03
2.843750000000e-01 2.643087451774e-03 2.732139699202e-03
2.875000000000e-01 2.640874881826e-03 2.731765613074e-03
2.906250000000e-01 2.638653930372e-03 2.731398797071e-03
2.937500000000e-01 2.636424952915e-03 2.731039508986e-03
2.968750000000e-01 2.634188302251e-03 2.730688004566e-03
3.000000000000e-01 2.631944328395e-03 2.730344537459e-03
3.031250000000e-01 2.629693378501e-03 2.730009359162e-03
3.062500000000e-01 2.627435796794e-03 2.729682718969e-03
3.093750000000e-01 2.625171924501e-03 2.729364863923e-03
3.125000000000e-01 2.622902099783e-03 2.729056038771e-03
3.156250000000e-01 2.620626657674e-03 2.728756485923e-03
3.187500000000e-01 2.618345930024e-03 2.728466445407e-03
3.218750000000e-01 2.616060245438e-03 2.728186154832e-03
3.250000000000e-01 2.613769929225e-03 2.727915849352e-03
3.281250000000e-01 2.611475303347e-03 2.727655761632e-03
3.312500000000e-01 2.609176686371e-03 2.727406121815e-03
3.343750000000e-01 2.606874393425e-03 2.727167157490e-03
3.375000000000e-01 2.604568736155e-03 2.726939093670e-03
3.406250000000e-01 2.602260022688e-03 2.726722152760e-03
3.437500000000e-01 2.599948557592e-03 2.726516554537e-03
3.468750000000e-01 2.597634641842e-03 2.726322516126e-03
3.500000000000e-01 2.595318572794e-03 2.726140251980e-03
3.531250000000e-01 2.593000644151e-03 2.725969973867e-03
3.562500000000e-01 2.590681145938e-03 2.725811890845e-03
3.593750000000e-01 2.588360364482e-03 2.725666209258e-03
3.625000000000e-01 2.586038582384e-03 2.725533132716e-03
3.656250000000e-01 2.583716078505e-03 2.725412862086e-03
3.687500000000e-01 2.581393127951e-03 2.725305595487e-03
3.718750000000e-01 2.579070002052e-03 2.725211528277e-03
3.750000000000e-01 2.576746968358e-03 2.725130853053e-03
3.781250000000e-01 2.574424290621e-03 2.725063759642e-03
3.812500000000e-01 2.572102228795e-03 2.725010435103e-03
3.843750000000e-01 2.569781039024e-03 2.724971063723e-03
3.875000000000e-01 2.567460973644e-03 2.724945827020e-03
3.906250000000e-01 2.565142281175e-03 2.724934903743e-03
3.937500000000e-01 2.562825206324e-03 2.724938469875e-03
3.968750000000e-01 2.560509989991e-03 2.724956698642e-03
4.000000000000e-01 2.558196869266e-03 2.724989760513e-03
4.031250000000e-01 2.555886077437e-03 2.725037823213e-03
4.062500000000e-01 2.553577843999e-03 2.725101051728e-03
4.093750000000e-01 2.551272394662e-03 2.725179608316e-03
4.125000000000e-01 2.548969951359e-03 2.725273652518e-03
4.156250000000e-01 2.546670732260e-03 2.725383341169e-03
4.187500000000e-01 2.544374951785e-03 2.725508828415e-03
4.218750000000e-01 2.542082820620e-03 2.725650265720e-03
4.250000000000e-01 2.539794545730e-03 2.725807801888e-03
4.281250000000e-01 2.537510330379e-03 2.725981583075e-03
4.312500000000e-01 2.535230374148e-03 2.726171752810e-03
4.343750000000e-01 2.532954872955e-03 2.726378452006e-03
4.375000000000e-01 2.530684019076e-03 2.726601818987e-03
4.406250000000e-01 2.528418001165e-03 2.726841989501e-03
4.437500000000e-01 2.526157004284e-03 2.727099096743e-03
4.468750000000e-01 2.523901209919e-03 2.727373271378e-03
4.500000000000e-01 2.521650796008e-03 2.727664641557e-03
4.531250000000e-01 2.519405936973e-03 2.727973332946e-03
4.562500000000e-01 2.517166803738e-03 2.728299468744e-03
4.593750000000e-01 2.514933563763e-03 2.728643169710e-03
4.625000000000e-01 2.512706381070e-03 2.729004554185e-03
4.656250000000e-01 2.510485416275e-03 2.729383738116e-03
4.687500000000e-01 2.508270826615e-03 2.729780835084e-03
4.718750000000e-01 2.506062765982e-03 2.730195956330e-03
4.750000000000e-01 2.503861384953e-03 2.730629210776e-03
4.781250000000e-01 2.501666830822e-03 2.731080705058e-03
4.812500000000e-01 2.499479247632e-03 2.731550543548e-03
4.843750000000e-01 2.497298776211e-03 2.732038828385e-03
4.875000000000e-01 2.495125554203e-03 2.732545659498e-03
4.906250000000e-01 2.492959716104e-03 2.733071134641e-03
4.937500000000e-01 2.490801393296e-03 2.733615349413e-03
4.968750000000e-01 2.488650714080e-03 2.734178397293e-03
5.000000000000e-01 2.486507803715e-03 2.734760369666e-03
5.031250000000e-01 2.484372784453e-03 2.735361355851e-03
5.062500000000e-01 2.482245775570e-03 2.735981443134e-03
5.093750000000e-01 2.480126893411e-03 2.736620716791e-03
5.125000000000e-01 2.478016251418e-03 2.737279260125e-03
5.156250000000e-01 2.475913960172e-03 2.737957154488e-03
5.187500000000e-01 2.473820127429e-03 2.738654479316e-03
5.218750000000e-01 2.471734858155e-03 2.739371312159e-03
5.250000000000e-01 2.469658254567e-03 2.740107728705e-03
5.281250000000e-01 2.467590416163e-03 2.740863802816e-03
5.312500000000e-01 2.465531439770e-03 2.741639606557e-03
5.343750000000e-01 2.463481419572e-03 2.742435210222e-03
5.375000000000e-01 2.461440447153e-03 2.743250682367e-03
5.406250000000e-01 2.459408611532e-03 2.744086089842e-03
5.437500000000e-01 2.457385999201e-03 2.744941497815e-03
5.468750000000e-01 2.455372694163e-03 2.745816969808e-03
5.500000000000e-01 2.453368777970e-03 2.746712567721e-03
5.531250000000e-01 2.451374329757e-03 2.747628351869e-03
5.562500000000e-01 2.449389426284e-03 2.748564381002e-03
5.593750000000e-01 2.447414141972e-03 2.749520712344e-03
5.625000000000e-01 2.445448548935e-03 2.750497401617e-03
5.656250000000e-01 2.443492717025e-03 2.751494503071e-03
5.687500000000e-01 2.441546713864e-03 2.752512069514e-03
5.718750000000e-01 2.439610604879e-03 2.753550152341e-03
5.750000000000e-01 2.437684453344e-03 2.754608801563e-03
5.781250000000e-01 2.435768320412e-03 2.755688065834e-03
5.812500000000e-01 2.433862265153e-03 2.756787992483e-03
5.843750000000e-01 2.431966344589e-03 2.757908627538e-03
5.875000000000e-01 2.430080613730e-03 2.759050015759e-03
5.906250000000e-01 2.428205125610e-03 2.760212200661e-03
5.937500000000e-01 2.426339931321e-03 2.761395224546e-03
5.968750000000e-01 2.424485080048e-03 2.762599128529e-03
6.000000000000e-01 2.422640619107e-03 2.763823952564e-03
6.031250000000e-01 2.420806593975e-03 2.765069735474e-03
6.062500000000e-01 2.418983048326e-03 2.766336514975e-03
6.093750000000e-01 2.417170024065e-03 2.767624327706e-03
6.125000000000e-01 2.415367561362e-03 2.768933209251e-03
6.156250000000e-01 2.413575698685e-03 2.770263194171e-03
6.187500000000e-01 2.411794472832e-03 2.771614316026e-03
6.218750000000e-01 2.410023918965e-03 2.772986607400e-03
6.250000000000e-01 2.408264070642e-03 2.774380099929e-03
6.281250000000e-01 2.406514959848e-03 2.775794824328e-03
6.312500000000e-01 2.404776617029e-03 2.777230810411e-03
6.343750000000e-01 2.403049071121e-03 2.778688087118e-03
6.375000000000e-01 2.401332349583e-03 2.780166682542e-03
6.406250000000e-01 2.399626478428e-03 2.781666623949e-03
6.437500000000e-01 2.397931482249e-03 2.783187937805e-03
6.468750000000e-01 2.396247384254e-03 2.784730649799e-03
6.500000000000e-01 2.394574206296e-03 2.786294784866e-03
6.531250000000e-01 2.392911968897e-03 2.787880367210e-03
6.562500000000e-01 2.391260691284e-03 2.789487420329e-03
6.593750000000e-01 2.389620391412e-03 2.791115967033e-03
6.625000000000e-01 2.387991085993e-03 2.792766029471e-03
6.656250000000e-01 2.386372790530e-03 2.794437629153e-03
6.687500000000e-01 2.384765519335e-03 2.796130786968e-03
6.718750000000e-01 2.383169285565e-03 2.797845523209e-03
6.750000000000e-01 2.381584101243e-03 2.799581857592e-03
6.781250000000e-01 2.380009977288e-03 2.801339809280e-03
6.812500000000e-01 2.378446923539e-03 2.803119396901e-03
6.843750000000e-01 2.376894948783e-03 2.804920638570e-03
6.875000000000e-01 2.375354060778e-03 2.806743551908e-03
6.906250000000e-01 2.373824266280e-03 2.808588154062e-03
6.937500000000e-01 2.372305571067e-03 2.810454461729e-03
6.968750000000e-01 2.370797979964e-03 2.812342491167e-03
7.000000000000e-01 2.369301496867e-03 2.814252258222e-03
7.031250000000e-01 2.367816124765e-03 2.816183778343e-03
7.062500000000e-01 2.366341865765e-03 2.818137066602e-03
7.093750000000e-01 2.364878721118e-03 2.820112137711e-03
7.125000000000e-01 2.363426691234e-03 2.822109006043e-03
7.156250000000e-01 2.361985775712e-03 2.824127685647e-03
7.187500000000e-01 2.360555973358e-03 2.826168190265e-03
7.218750000000e-01 2.359137282207e-03 2.828230533354e-03
7.250000000000e-01 2.357729699546e-03 2.830314728096e-03
7.281250000000e-01 2.356333221932e-03 2.832420787425e-03
7.312500000000e-01 2.354947845218e-03 2.834548724032e-03
7.343750000000e-01 2.353573564566e-03 2.836698550391e-03
7.375000000000e-01 2.352210374475e-03 2.838870278768e-03
7.406250000000e-01 2.350858268792e-03 2.841063921243e-03
7.437500000000e-01 2.349517240740e-03 2.843279489721e-03
7.468750000000e-01 2.348187282932e-03 2.845516995951e-03
7.500000000000e-01 2.346868387389e-03 2.847776451538e-03
7.531250000000e-01 2.345560545563e-03 2.850057867960e-03
7.562500000000e-01 2.344263748351e-03 2.852361256584e-03
7.593750000000e-01 2.342977986115e-03 2.854686628676e-03
7.625000000000e-01 2.341703248696e-03 2.857033995421e-03
7.656250000000e-01 2.340439525436e-03 2.859403367932e-03
7.687500000000e-01 2.339186805195e-03 2.861794757268e-03
7.718750000000e-01 2.337945076361e-03 2.864208174447e-03
7.750000000000e-01 2.336714326875e-03 2.866643630455e-03
7.781250000000e-01 2.335494544239e-03 2.869101136266e-03
7.812500000000e-01 2.334285715539e-03 2.871580702850e-03
7.843750000000e-01 2.333087827454e-03 2.874082341189e-03
7.875000000000e-01 2.331900866277e-03 2.876606062288e-03
7.906250000000e-01 2.330724817926e-03 2.879151877188e-03
7.937500000000e-01 2.329559667960e-03 2.881719796978e-03
7.968750000000e-01 2.328405401593e-03 2.884309832807e-03
8.000000000000e-01 2.327262003708e-03 2.886921995899e-03
8.031250000000e-01 2.326129458874e-03 2.889556297558e-03
8.062500000000e-01 2.325007751353e-03 2.892212749186e-03
8.093750000000e-01 2.323896865121e-03 2.894891362292e-03
8.125000000000e-01 2.322796783875e-03 2.897592148502e-03
8.156250000000e-01 2.321707491049e-03 2.900315119574e-03
8.187500000000e-01 2.320628969826e-03 2.903060287403e-03
8.218750000000e-01 2.319561203151e-03 2.905827664037e-03
8.250000000000e-01 2.318504173741e-03 2.908617261685e-03
8.281250000000e-01 2.317457864100e-03 2.911429092727e-03
8.312500000000e-01 2.316422256529e-03 2.914263169726e-03
8.343750000000e-01 2.315397333135e-03 2.917119505437e-03
8.375000000000e-01 2.314383075849e-03 2.919998112816e-03
8.406250000000e-01 2.313379466430e-03 2.922899005034e-03
8.437500000000e-01 2.312386486479e-03 2.925822195479e-03
8.468750000000e-01 2.311404117451e-03 2.928767697774e-03
8.500000000000e-01 2.310432340662e-03 2.931735525781e-03
8.531250000000e-01 2.309471137302e-03 2.934725693610e-03
8.562500000000e-01 2.308520488443e-03 2.937738215632e-03
8.593750000000e-01 2.307580375051e-03 2.940773106485e-03
8.625000000000e-01 2.306650777992e-03 2.943830381082e-03
8.656250000000e-01 2.305731678047e-03 2.946910054623e-03
8.687500000000e-01 2.304823055916e-03 2.950012142601e-03
8.718750000000e-01 2.303924892229e-03 2.953136660810e-03
8.750000000000e-01 2.303037167555e-03 2.956283625356e-03
8.781250000000e-01 2.302159862411e-03 2.959453052664e-03
8.812500000000e-01 2.301292957269e-03 2.962644959484e-03
8.843750000000e-01 2.300436432567e-03 2.965859362902e-03
8.875000000000e-01 2.299590268714e-03 2.969096280345e-03
8.906250000000e-01 2.298754446101e-03 2.972355729594e-03
8.937500000000e-01 2.297928945106e-03 2.975637728783e-03
8.968750000000e-01 2.297113746103e-03 2.978942296416e-03
9.000000000000e-01 2.296308829470e-03 2.982269451368e-03
9.031250000000e-01 2.295514175596e-03 2.985619212894e-03
9.062500000000e-01 2.294729764889e-03 2.988991600637e-03
9.093750000000e-01 2.293955577779e-03 2.992386634636e-03
9.125000000000e-01 2.293191594731e-03 2.995804335331e-03
9.156250000000e-01 2.292437796248e-03 2.999244723570e-03
9.187500000000e-01 2.291694162877e-03 3.002707820619e-03
9.218750000000e-01 2.290960675219e-03 3.006193648164e-03
9.250000000000e-01 2.290237313931e-03 3.009702228324e-03
9.281250000000e-01 2.289524059737e-03 3.013233583649e-03
9.312500000000e-01 2.288820893428e-03 3.016787737136e-03
9.343750000000e-01 2.288127795876e-03 3.020364712229e-03
9.375000000000e-01 2.287444748030e-03 3.023964532828e-03
9.406250000000e-01 2.286771730931e-03 3.027587223295e-03
9.437500000000e-01 2.286108725711e-03 3.031232808460e-03
9.468750000000e-01 2.285455713602e-03 3.034901313628e-03
9.500000000000e-01 2.284812675942e-03 3.038592764583e-03
9.531250000000e-01 2.284179594175e-03 3.042307187598e-03
9.562500000000e-01 2.283556449861e-03 3.046044609437e-03
9.593750000000e-01 2.282943224682e-03 3.049805057362e-03
9.625000000000e-01 2.282339900440e-03 3.053588559142e-03
9.656250000000e-01 2.281746459072e-03 3.057395143054e-03
9.687500000000e-01 2.281162882643e-03 3.061224837894e-03
9.718750000000e-01 2.280589153361e-03 3.065077672977e-03
9.750000000000e-01 2.280025253575e-03 3.068953678147e-03
9.781250000000e-01 2.279471165783e-03 3.072852883781e-03
9.812500000000e-01 2.278926872633e-03 3.076775320797e-03
9.843750000000e-01 2.278392356931e-03 3.080721020654e-03
9.875000000000e-01 2.277867601640e-03 3.084690015364e-03
9.906250000000e-01 2.277352589890e-03 3.088682337492e-03
9.937500000000e-01 2.276847304980e-03 3.092698020167e-03
9.968750000000e-01 2.276351730377e-03 3.096737097081e-03
1.000000000000e+00 2.275865849726e-03 3.100799602500e-03
1.003125000000e+00 2.275389646853e-03 3.104885571265e-03
1.006250000000e+00 2.274923105763e-03 3.108995038802e-03
1.009375000000e+00 2.274466210652e-03 3.113128041122e-03
1.012500000000e+00 2.274018945904e-03 3.117284614831e-03
1.015625000000e+00 2.273581296094e-03 3.121464797130e-03
1.018750000000e+00 2.273153245999e-03 3.125668625825e-03
1.021875000000e+00 2.272734780592e-03 3.129896139331e-03
1.025000000000e+00 2.272325885050e-03 3.134147376674e-03
1.028125000000e+00 2.271926544757e-03 3.138422377501e-03
1.031250000000e+00 2.271536745306e-03 3.142721182082e-03
1.034375000000e+00 2.271156472502e-03 3.147043831313e-03
1.037500000000e+00 2.270785712367e-03 3.151390366726e-03
1.040625000000e+00 2.270424451138e-03 3.155760830491e-03
1.043750000000e+00 2.270072675275e-03 3.160155265423e-03
1.046875000000e+00 2.269730371463e-03 3.164573714983e-03
1.050000000000e+00 2.269397526609e-03 3.169016223287e-03
1.053125000000e+00 2.269074127854e-03 3.173482835110e-03
1.056250000000e+00 2.268760162567e-03 3.177973595888e-03
1.059375000000e+00 2.268455618353e-03 3.182488551728e-03
1.062500000000e+00 2.268160483053e-03 3.187027749410e-03
1.065625000000e+00 2.267874744747e-03 3.191591236390e-03
1.068750000000e+00 2.267598391756e-03 3.196179060808e-03
1.071875000000e+00 2.267331412646e-03 3.200791271495e-03
1.075000000000e+00 2.267073796228e-03 3.205427917970e-03
1.078125000000e+00 2.266825531560e-03 3.210089050453e-03
1.081250000000e+00 2.266586607955e-03 3.214774719866e-03
1.084375000000e+00 2.266357014974e-03 3.219484977837e-03
1.087500000000e+00 2.266136742434e-03 3.224219876709e-03
1.090625000000e+00 2.265925780411e-03 3.228979469541e-03
1.093750000000e+00 2.265724119237e-03 3.233763810113e-03
1.096875000000e+00 2.265531749508e-03 3.238572952935e-03
1.100000000000e+00 2.265348662080e-03 3.243406953246e-03
1.103125000000e+00 2.265174848074e-03 3.248265867023e-03
1.106250000000e+00 2.265010298882e-03 3.253149750986e-03
1.109375000000e+00 2.264855006158e-03 3.258058662601e-03
1.112500000000e+00 2.264708961833e-03 3.262992660084e-03
1.115625000000e+00 2.264572158105e-03 3.267951802410e-03
1.118750000000e+00 2.264444587450e-03 3.272936149315e-03
1.121875000000e+00 2.264326242618e-03 3.277945761300e-03
1.125000000000e+00 2.264217116636e-03 3.282980699640e-03
1.128125000000e+00 2.264117202811e-03 3.288041026385e-03
1.131250000000e+00 2.264026494733e-03 3.293126804366e-03
1.134375000000e+00 2.263944986270e-03 3.298238097202e-03
1.137500000000e+00 2.263872671579e-03 3.303374969301e-03
1.140625000000e+00 2.263809545100e-03 3.308537485872e-03
1.143750000000e+00 2.263755601560e-03 3.313725712922e-03
1.146875000000e+00 2.263710835978e-03 3.318939717265e-03
1.150000000000e+00 2.263675243661e-03 3.324179566528e-03
1.153125000000e+00 2.263648820209e-03 3.329445329156e-03
1.156250000000e+00 2.263631561515e-03 3.334737074415e-03
1.159375000000e+00 2.263623463767e-03 3.340054872396e-03
1.162500000000e+00 2.263624523450e-03 3.345398794027e-03
1.165625000000e+00 2.263634737346e-03 3.350768911072e-03
1.168750000000e+00 2.263654102540e-03 3.356165296136e-03
1.171875000000e+00 2.263682616412e-03 3.361588022676e-03
1.175000000000e+00 2.263720276648e-03 3.367037165000e-03
1.178125000000e+00 2.263767081238e-03 3.372512798275e-03
1.181250000000e+00 2.263823028475e-03 3.378014998535e-03
1.184375000000e+00 2.263888116960e-03 3.383543842680e-03
1.187500000000e+00 2.263962345601e-03 3.389099408488e-03
1.190625000000e+00 2.264045713614e-03 3.394681774617e-03
1.193750000000e+00 2.264138220527e-03 3.400291020610e-03
1.196875000000e+00 2.264239866180e-03 3.405927226903e-03
1.200000000000e+00 2.264350650726e-03 3.411590474829e-03
1.203125000000e+00 2.264470574630e-03 3.417280846623e-03
1.206250000000e+00 2.264599638676e-03 3.422998425429e-03
1.209375000000e+00 2.264737843963e-03 3.428743295305e-03
1.212500000000e+00 2.264885191909e-03 3.434515541229e-03
1.215625000000e+00 2.265041684251e-03 3.440315249104e-03
1.218750000000e+00 2.265207323048e-03 3.446142505765e-03
1.221875000000e+00 2.265382110679e-03 3.451997398984e-03
1.225000000000e+00 2.265566049850e-03 3.457880017476e-03
1.228125000000e+00 2.265759143588e-03 3.463790450904e-03
1.231250000000e+00 2.265961395248e-03 3.469728789886e-03
1.234375000000e+00 2.266172808512e-03 3.475695126003e-03
1.237500000000e+00 2.266393387390e-03 3.481689551800e-03
1.240625000000e+00 2.266623136221e-03 3.487712160796e-03
1.243750000000e+00 2.266862059677e-03 3.493763047490e-03
1.246875000000e+00 2.267110162761e-03 3.499842307364e-03
1.250000000000e+00 2.267367450810e-03 3.505950036894e-03
1.253125000000e+00 2.267633929496e-03 3.512086333551e-03
1.256250000000e+00 2.267909604825e-03 3.518251295812e-03
1.259375000000e+00 2.268194483142e-03 3.524445023162e-03
1.262500000000e+00 2.268488571132e-03 3.530667616106e-03
1.265625000000e+00 2.268791875817e-03 3.536919176170e-03
1.268750000000e+00 2.269104404562e-03 3.543199805908e-03
1.271875000000e+00 2.269426165074e-03 3.549509608914e-03
1.275000000000e+00 2.269757165403e-03 3.555848689822e-03
1.278125000000e+00 2.270097413945e-03 3.562217154316e-03
1.281250000000e+00 2.270446919440e-03 3.568615109136e-03
1.284375000000e+00 2.270805690979e-03 3.575042662085e-03
1.287500000000e+00 2.271173738000e-03 3.581499922036e-03
1.290625000000e+00 2.271551070290e-03 3.587986998938e-03
1.293750000000e+00 2.271937697988e-03 3.594504003824e-03
1.296875000000e+00 2.272333631588e-03 3.601051048816e-03
1.300000000000e+00 2.272738881935e-03 3.607628247136e-03
1.303125000000e+00 2.273153460232e-03 3.614235713107e-03
1.306250000000e+00 2.273577378036e-03 3.620873562168e-03
1.309375000000e+00 2.274010647263e-03 3.627541910873e-03
1.312500000000e+00 2.274453280191e-03 3.634240876904e-03
1.315625000000e+00 2.274905289455e-03 3.640970579076e-03
1.318750000000e+00 2.275366688053e-03 3.647731137346e-03
1.321875000000e+00 2.275837489349e-03 3.654522672817e-03
1.325000000000e+00 2.276317707070e-03 3.661345307750e-03
1.328125000000e+00 2.276807355308e-03 3.668199165568e-03
1.331250000000e+00 2.277306448525e-03 3.675084370865e-03
1.334375000000e+00 2.277815001550e-03 3.682001049416e-03
1.337500000000e+00 2.278333029586e-03 3.688949328179e-03
1.340625000000e+00 2.278860548203e-03 3.695929335308e-03
1.343750000000e+00 2.279397573349e-03 3.702941200161e-03
1.346875000000e+00 2.279944121343e-03 3.709985053302e-03
1.350000000000e+00 2.280500208884e-03 3.717061026517e-03
1.353125000000e+00 2.281065853046e-03 3.724169252816e-03
1.356250000000e+00 2.281641071283e-03 3.731309866445e-03
1.359375000000e+00 2.282225881431e-03 3.738483002891e-03
1.362500000000e+00 2.282820301707e-03 3.745688798893e-03
1.365625000000e+00 2.283424350712e-03 3.752927392450e-03
1.368750000000e+00 2.284038047432e-03 3.760198922826e-03
1.371875000000e+00 2.284661411242e-03 3.767503530565e-03
1.375000000000e+00 2.285294461904e-03 3.774841357494e-03
1.378125000000e+00 2.285937219568e-03 3.782212546732e-03
1.381250000000e+00 2.286589704780e-03 3.789617242703e-03
1.384375000000e+00 2.287251938477e-03 3.797055591140e-03
1.387500000000e+00 2.287923941990e-03 3.804527739098e-03
1.390625000000e+00 2.288605737048e-03 3.812033834958e-03
1.393750000000e+00 2.289297345778e-03 3.819574028442e-03
1.396875000000e+00 2.289998790706e-03 3.827148470615e-03
1.400000000000e+00 2.290710094762e-03 3.834757313903e-03
1.403125000000e+00 2.291431281275e-03 3.842400712094e-03
1.406250000000e+00 2.292162373984e-03 3.850078820352e-03
1.409375000000e+00 2.292903397031e-03 3.857791795224e-03
1.412500000000e+00 2.293654374967e-03 3.865539794652e-03
1.415625000000e+00 2.294415332755e-03 3.873322977980e-03
1.418750000000e+00 2.295186295769e-03 3.881141505966e-03
1.421875000000e+00 2.295967289796e-03 3.888995540789e-03
1.425000000000e+00 2.296758341039e-03 3.896885246063e-03
1.428125000000e+00 2.297559476118e-03 3.904810786841e-03
1.431250000000e+00 2.298370722075e-03 3.912772329630e-03
1.434375000000e+00 2.299192106370e-03 3.920770042399e-03
1.437500000000e+00 2.300023656886e-03 3.928804094589e-03
1.440625000000e+00 2.300865401933e-03 3.936874657124e-03
1.443750000000e+00 2.301717370246e-03 3.944981902420e-03
1.446875000000e+00 2.302579590990e-03 3.953126004398e-03
1.450000000000e+00 2.303452093760e-03 3.961307138490e-03
1.453125000000e+00 2.304334908583e-03 3.969525481655e-03
1.456250000000e+00 2.305228065921e-03 3.977781212385e-03
1.459375000000e+00 2.306131596674e-03 3.986074510718e-03
1.462500000000e+00 2.307045532179e-03 3.994405558249e-03
1.465625000000e+00 2.307969904213e-03 4.002774538139e-03
1.468750000000e+00 2.308904744999e-03 4.011181635129e-03
1.471875000000e+00 2.309850087200e-03 4.019627035547e-03
1.475000000000e+00 2.310805963930e-03 4.028110927324e-03
1.478125000000e+00 2.311772408750e-03 4.036633499999e-03
1.481250000000e+00 2.312749455672e-03 4.045194944739e-03
1.484375000000e+00 2.313737139161e-03 4.053795454341e-03
1.487500000000e+00 2.314735494139e-03 4.062435223249e-03
1.490625000000e+00 2.315744555983e-03 4.071114447566e-03
1.493750000000e+00 2.316764360533e-03 4.079833325062e-03
1.496875000000e+00 2.317794944087e-03 4.088592055190e-03
1.500000000000e+00 2.318836343411e-03 4.097390839094e-03
1.503125000000e+00 2.319888595734e-03 4.106229879624e-03
1.506250000000e+00 2.320951738755e-03 4.115109381344e-03
1.509375000000e+00 2.322025810646e-03 4.124029550551e-03
1.512500000000e+00 2.323110850049e-03 4.132990595280e-03
1.515625000000e+00 2.324206896083e-03 4.141992725320e-03
1.518750000000e+00 2.325313988345e-03 4.151036152226e-03
1.521875000000e+00 2.326432166912e-03 4.160121089330e-03
1.525000000000e+00 2.327561472344e-03 4.169247751758e-03
1.528125000000e+00 2.328701945685e-03 4.178416356436e-03
1.531250000000e+00 2.329853628467e-03 4.187627122107e-03
1.534375000000e+00 2.331016562712e-03 4.196880269344e-03
1.537500000000e+00 2.332190790934e-03 4.206176020562e-03
1.540625000000e+00 2.333376356143e-03 4.215514600029e-03
1.543750000000e+00 2.334573301843e-03 4.224896233884e-03
1.546875000000e+00 2.335781672041e-03 4.234321150145e-03
1.550000000000e+00 2.337001511245e-03 4.243789578726e-03
1.553125000000e+00 2.338232864466e-03 4.253301751448e-03
1.556250000000e+00 2.339475777226e-03 4.262857902054e-03
1.559375000000e+00 2.340730295553e-03 4.272458266222e-03
1.562500000000e+00 2.341996465990e-03 4.282103081579e-03
1.565625000000e+00 2.343274335594e-03 4.291792587713e-03
1.568750000000e+00 2.344563951938e-03 4.301527026191e-03
1.571875000000e+00 2.345865363119e-03 4.311306640568e-03
1.575000000000e+00 2.347178617753e-03 4.321131676403e-03
1.578125000000e+00 2.348503764984e-03 4.331002381275e-03
1.581250000000e+00 2.349840854483e-03 4.340919004795e-03
1.584375000000e+00 2.351189936452e-03 4.350881798620e-03
1.587500000000e+00 2.352551061626e-03 4.360891016469e-03
1.590625000000e+00 2.353924281278e-03 4.370946914136e-03
1.593750000000e+00 2.355309647219e-03 4.381049749506e-03
1.596875000000e+00 2.356707211800e-03 4.391199782567e-03
1.600000000000e+00 2.358117027919e-03 4.401397275429e-03
1.603125000000e+00 2.359539149019e-03 4.411642492335e-03
1.606250000000e+00 2.360973629096e-03 4.421935699677e-03
1.609375000000e+00 2.362420522696e-03 4.432277166011e-03
1.612500000000e+00 2.363879884921e-03 4.442667162073e-03
1.615625000000e+00 2.365351771431e-03 4.453105960792e-03
1.618750000000e+00 2.366836238450e-03 4.463593837308e-03
1.621875000000e+00 2.368333342764e-03 4.474131068985e-03
1.625000000000e+00 2.369843141724e-03 4.484717935427e-03
1.628125000000e+00 2.371365693253e-03 4.495354718494e-03
1.631250000000e+00 2.372901055847e-03 4.506041702317e-03
1.634375000000e+00 2.374449288577e-03 4.516779173312e-03
1.637500000000e+00 2.376010451090e-03 4.527567420200e-03
1.640625000000e+00 2.377584603617e-03 4.538406734018e-03
1.643750000000e+00 2.379171806973e-03 4.549297408137e-03
1.646875000000e+00 2.380772122557e-03 4.560239738280e-03
1.650000000000e+00 2.382385612360e-03 4.571234022532e-03
1.653125000000e+00 2.384012338967e-03 4.582280561362e-03
1.656250000000e+00 2.385652365557e-03 4.593379657636e-03
1.659375000000e+00 2.387305755906e-03 4.604531616634e-03
1.662500000000e+00 2.388972574395e-03 4.615736746065e-03
1.665625000000e+00 2.390652886007e-03 4.626995356086e-03
1.668750000000e+00 2.392346756332e-03 4.638307759314e-03
1.671875000000e+00 2.394054251571e-03 4.649674270847e-03
1.675000000000e+00 2.395775438540e-03 4.661095208277e-03
1.678125000000e+00 2.397510384666e-03 4.672570891708e-03
1.681250000000e+00 2.399259158000e-03 4.684101643772e-03
1.684375000000e+00 2.401021827213e-03 4.695687789646e-03
1.687500000000e+00 2.402798461599e-03 4.707329657068e-03
1.690625000000e+00 2.404589131081e-03 4.719027576353e-03
1.693750000000e+00 2.406393906213e-03 4.730781880412e-03
1.696875000000e+00 2.408212858182e-03 4.742592904766e-03
1.700000000000e+00 2.410046058810e-03 4.754460987564e-03
1.703125000000e+00 2.411893580560e-03 4.766386469600e-03
1.706250000000e+00 2.413755496535e-03 4.778369694328e-03
1.709375000000e+00 2.415631880484e-03 4.790411007882e-03
1.712500000000e+00 2.417522806802e-03 4.802510759090e-03
1.715625000000e+00 2.419428350536e-03 4.814669299491e-03
1.718750000000e+00 2.421348587386e-03 4.826886983353e-03
1.721875000000e+00 2.423283593706e-03 4.839164167688e-03
1.725000000000e+00 2.425233446510e-03 4.851501212273e-03
1.728125000000e+00 2.427198223474e-03 4.863898479661e-03
1.731250000000e+00 2.429178002936e-03 4.876356335201e-03
1.734375000000e+00 2.431172863903e-03 4.888875147054e-03
1.737500000000e+00 2.433182886049e-03 4.901455286213e-03
1.740625000000e+00 2.435208149722e-03 4.914097126513e-03
1.743750000000e+00 2.437248735942e-03 4.926801044652e-03
1.746875000000e+00 2.439304726409e-03 4.939567420211e-03
1.750000000000e+00 2.441376203501e-03 4.952396635661e-03
1.753125000000e+00 2.443463250278e-03 4.965289076389e-03
1.756250000000e+00 2.445565950485e-03 4.978245130709e-03
1.759375000000e+00 2.447684388552e-03 4.991265189882e-03
1.762500000000e+00 2.449818649603e-03 5.004349648129e-03
1.765625000000e+00 2.451968819449e-03 5.017498902649e-03
1.768750000000e+00 2.454134984596e-03 5.030713353635e-03
1.771875000000e+00 2.456317232247e-03 5.043993404291e-03
1.775000000000e+00 2.458515650304e-03 5.057339460846e-03
1.778125000000e+00 2.460730327368e-03 5.070751932573e-03
1.781250000000e+00 2.462961352741e-03 5.084231231801e-03
1.784375000000e+00 2.465208816434e-03 5.097777773933e-03
1.787500000000e+00 2.467472809160e-03 5.111391977462e-03
1.790625000000e+00 2.469753422342e-03 5.125074263985e-03
1.793750000000e+00 2.472050748114e-03 5.138825058219e-03
1.796875000000e+00 2.474364879322e-03 5.152644788018e-03
1.800000000000e+00 2.476695909523e-03 5.166533884382e-03
1.803125000000e+00 2.479043932991e-03 5.180492781479e-03
1.806250000000e+00 2.481409044718e-03 5.194521916655e-03
1.809375000000e+00 2.483791340411e-03 5.208621730451e-03
1.812500000000e+00 2.486190916499e-03 5.222792666616e-03
1.815625000000e+00 2.488607870130e-03 5.237035172119e-03
1.818750000000e+00 2.491042299175e-03 5.251349697168e-03
1.821875000000e+00 2.493494302228e-03 5.265736695217e-03
1.825000000000e+00 2.495963978607e-03 5.280196622984e-03
1.828125000000e+00 2.498451428354e-03 5.294729940465e-03
1.831250000000e+00 2.500956752236e-03 5.309337110940e-03
1.834375000000e+00 2.503480051747e-03 5.324018600992e-03
1.837500000000e+00 2.506021429109e-03 5.338774880518e-03
1.840625000000e+00 2.508580987270e-03 5.353606422737e-03
1.843750000000e+00 2.511158829904e-03 5.368513704207e-03
1.846875000000e+00 2.513755061415e-03 5.383497204831e-03
1.850000000000e+00 2.516369786934e-03 5.398557407871e-03
1.853125000000e+00 2.519003112318e-03 5.413694799956e-03
1.856250000000e+00 2.521655144152e-03 5.428909871097e-03
1.859375000000e+00 2.524325989749e-03 5.444203114689e-03
1.862500000000e+00 2.527015757146e-03 5.459575027525e-03
1.865625000000e+00 2.529724555107e-03 5.475026109805e-03
1.868750000000e+00 2.532452493121e-03 5.490556865142e-03
1.871875000000e+00 2.535199681399e-03 5.506167800571e-03
1.875000000000e+00 2.537966230875e-03 5.521859426556e-03
1.878125000000e+00 2.540752253204e-03 5.537632256995e-03
1.881250000000e+00 2.543557860760e-03 5.553486809228e-03
1.884375000000e+00 2.546383166633e-03 5.569423604045e-03
1.887500000000e+00 2.549228284632e-03 5.585443165684e-03
1.890625000000e+00 2.552093329275e-03 5.601546021842e-03
1.893750000000e+00 2.554978415794e-03 5.617732703675e-03
1.896875000000e+00 2.557883660127e-03 5.634003745803e-03
1.900000000000e+00 2.560809178917e-03 5.650359686310e-03
1.903125000000e+00 2.563755089511e-03 5.666801066749e-03
1.906250000000e+00 2.566721509952e-03 5.683328432141e-03
1.909375000000e+00 2.569708558981e-03 5.699942330971e-03
1.912500000000e+00 2.572716356026e-03 5.716643315197e-03
1.915625000000e+00 2.575745021206e-03 5.733431940240e-03
1.918750000000e+00 2.578794675319e-03 5.750308764984e-03
1.921875000000e+00 2.581865439845e-03 5.767274351775e-03
1.925000000000e+00 2.584957436931e-03 5.784329266413e-03
1.928125000000e+00 2.588070789396e-03 5.801474078150e-03
1.931250000000e+00 2.591205620719e-03 5.818709359683e-03
1.934375000000e+00 2.594362055035e-03 5.836035687146e-03
1.937500000000e+00 2.597540217127e-03 5.853453640103e-03
1.940625000000e+00 2.600740232422e-03 5.870963801537e-03
1.943750000000e+00 2.603962226984e-03 5.888566757844e-03
1.946875000000e+00 2.607206327503e-03 5.906263098814e-03
1.950000000000e+00 2.610472661291e-03 5.924053417625e-03
1.953125000000e+00 2.613761356273e-03 5.941938310827e-03
1.956250000000e+00 2.617072540974e-03 5.959918378323e-03
1.959375000000e+00 2.620406344520e-03 5.977994223359e-03
1.962500000000e+00 2.623762896618e-03 5.996166452501e-03
1.965625000000e+00 2.627142327552e-03 6.014435675618e-03
1.968750000000e+00 2.630544768174e-03 6.032802505859e-03
1.971875000000e+00 2.633970349886e-03 6.051267559634e-03
1.975000000000e+00 2.637419204639e-03 6.069831456586e-03
1.978125000000e+00 2.640891464911e-03 6.088494819569e-03
1.981250000000e+00 2.644387263703e-03 6.107258274619e-03
1.984375000000e+00 2.647906734523e-03 6.126122450926e-03
1.987500000000e+00 2.651450011370e-03 6.145087980802e-03
1.990625000000e+00 2.655017228725e-03 6.164155499650e-03
1.993750000000e+00 2.658608521536e-03 6.183325645930e-03
1.996875000000e+00 2.662224025200e-03 6.202599061121e-03
2.000000000000e+00 2.665863875549e-03 6.221976389683e-03
2.003125000000e+00 2.669528208834e-03 6.241458279020e-03
2.006250000000e+00 2.673217161711e-03 6.261045379432e-03
2.009375000000e+00 2.676930871217e-03 6.280738344076e-03
2.012500000000e+00 2.680669474758e-03 6.300537828916e-03
2.015625000000e+00 2.684433110090e-03 6.320444492674e-03
2.018750000000e+00 2.688221915293e-03 6.340458996778e-03
2.021875000000e+00 2.692036028760e-03 6.360582005313e-03
2.025000000000e+00 2.695875589170e-03 6.380814184958e-03
2.028125000000e+00 2.699740735465e-03 6.401156204928e-03
2.031250000000e+00 2.703631606837e-03 6.421608736919e-03
2.034375000000e+00 2.707548342691e-03 6.442172455034e-03
2.037500000000e+00 2.711491082635e-03 6.462848035721e-03
2.040625000000e+00 2.715459966442e-03 6.483636157705e-03
2.043750000000e+00 2.719455134035e-03 6.504537501908e-03
2.046875000000e+00 2.723476725454e-03 6.525552751379e-03
2.050000000000e+00 2.727524880831e-03 6.546682591211e-03
2.053125000000e+00 2.731599740359e-03 6.567927708459e-03
2.056250000000e+00 2.735701444266e-03 6.589288792056e-03
2.059375000000e+00 2.739830132782e-03 6.610766532719e-03
2.062500000000e+00 2.743985946110e-03 6.632361622861e-03
2.065625000000e+00 2.748169024389e-03 6.654074756492e-03
2.068750000000e+00 2.752379507665e-03 6.675906629117e-03
2.071875000000e+00 2.756617535854e-03 6.697857937635e-03
2.075000000000e+00 2.760883248707e-03 6.719929380227e-03
2.078125000000e+00 2.765176785773e-03 6.742121656248e-03
2.081250000000e+00 2.769498286359e-03 6.764435466106e-03
2.084375000000e+00 2.773847889496e-03 6.786871511146e-03
2.087500000000e+00 2.778225733892e-03 6.809430493519e-03
2.090625000000e+00 2.782631957893e-03 6.832113116059e-03
2.093750000000e+00 2.787066699442e-03 6.854920082142e-03
2.096875000000e+00 2.791530096029e-03 6.877852095552e-03
2.100000000000e+00 2.796022284654e-03 6.900909860335e-03
2.103125000000e+00 2.800543401769e-03 6.924094080649e-03
2.106250000000e+00 2.805093583236e-03 6.947405460612e-03
2.109375000000e+00 2.809672964280e-03 6.970844704140e-03
2.112500000000e+00 2.814281679427e-03 6.994412514785e-03
2.115625000000e+00 2.818919862463e-03 7.018109595560e-03
2.118750000000e+00 2.823587646367e-03 7.041936648770e-03
2.121875000000e+00 2.828285163266e-03 7.065894375822e-03
2.125000000000e+00 2.833012544371e-03 7.089983477041e-03
2.128125000000e+00 2.837769919915e-03 7.114204651476e-03
2.131250000000e+00 2.842557419101e-03 7.138558596699e-03
2.134375000000e+00 2.847375170027e-03 7.163046008597e-03
2.137500000000e+00 2.852223299631e-03 7.187667581158e-03
2.140625000000e+00 2.857101933619e-03 7.212424006253e-03
2.143750000000e+00 2.862011196397e-03 7.237315973406e-03
2.146875000000e+00 2.866951211001e-03 7.262344169561e-03
2.150000000000e+00 2.871922099026e-03 7.287509278838e-03
2.153125000000e+00 2.876923980547e-03 7.312811982286e-03
2.156250000000e+00 2.881956974050e-03 7.338252957625e-03
2.159375000000e+00 2.887021196343e-03 7.363832878980e-03
2.162500000000e+00 2.892116762485e-03 7.389552416610e-03
2.165625000000e+00 2.897243785696e-03 7.415412236625e-03
2.168750000000e+00 2.902402377276e-03 7.441413000696e-03
2.171875000000e+00 2.907592646515e-03 7.467555365759e-03
2.175000000000e+00 2.912814700605e-03 7.493839983707e-03
2.178125000000e+00 2.918068644545e-03 7.520267501073e-03
2.181250000000e+00 2.923354581049e-03 7.546838558704e-03
2.184375000000e+00 2.928672610447e-03 7.573553791430e-03
2.187500000000e+00 2.934022830587e-03 7.600413827715e-03
2.190625000000e+00 2.939405336730e-03 7.627419289305e-03
2.193750000000e+00 2.944820221450e-03 7.654570790866e-03
2.196875000000e+00 2.950267574519e-03 7.681868939604e-03
2.200000000000e+00 2.955747482805e-03 7.709314334884e-03
2.203125000000e+00 2.961260030151e-03 7.736907567835e-03
2.206250000000e+00 2.966805297266e-03 7.764649220938e-03
2.209375000000e+00 2.972383361601e-03 7.792539867614e-03
2.212500000000e+00 2.977994297232e-03 7.820580071792e-03
2.215625000000e+00 2.983638174729e-03 7.848770387469e-03
2.218750000000e+00 2.989315061035e-03 7.877111358254e-03
2.221875000000e+00 2.995025019330e-03 7.905603516908e-03
2.225000000000e+00 3.000768108901e-03 7.934247384864e-03
2.228125000000e+00 3.006544385002e-03 7.963043471738e-03
2.231250000000e+00 3.012353898713e-03 7.991992274826e-03
2.234375000000e+00 3.018196696802e-03 8.021094278587e-03
2.237500000000e+00 3.024072821569e-03 8.050349954118e-03
2.240625000000e+00 3.029982310705e-03 8.079759758609e-03
2.243750000000e+00 3.035925197129e-03 8.109324134786e-03
2.246875000000e+00 3.041901508839e-03 8.139043510342e-03
2.250000000000e+00 3.047911268745e-03 8.168918297354e-03
2.253125000000e+00 3.053954494508e-03 8.198948891681e-03
2.256250000000e+00 3.060031198370e-03 8.229135672353e-03
2.259375000000e+00 3.066141386985e-03 8.259479000944e-03
2.262500000000e+00 3.072285061236e-03 8.289979220921e-03
2.265625000000e+00 3.078462216068e-03 8.320636656995e-03
2.268750000000e+00 3.084672840293e-03 8.351451614438e-03
2.271875000000e+00 3.090916916411e-03 8.382424378398e-03
2.275000000000e+00 3.097194420413e-03 8.413555213188e-03
2.278125000000e+00 3.103505321593e-03 8.444844361566e-03
2.281250000000e+00 3.109849582343e-03 8.476292043996e-03
2.284375000000e+00 3.116227157953e-03 8.507898457888e-03
2.287500000000e+00 3.122637996406e-03 8.539663776830e-03
2.290625000000e+00 3.129082038166e-03 8.571588149794e-03
2.293750000000e+00 3.135559215956e-03 8.603671700329e-03
2.296875000000e+00 3.142069454555e-03 8.635914525740e-03
2.300000000000e+00 3.148612670556e-03 8.668316696239e-03
2.303125000000e+00 3.155188772156e-03 8.700878254090e-03
2.306250000000e+00 3.161797658910e-03 8.733599212727e-03
2.309375000000e+00 3.168439221504e-03 8.766479555859e-03
2.312500000000e+00 3.175113341516e-03 8.799519236558e-03
2.315625000000e+00 3.181819891165e-03 8.832718176318e-03
2.318750000000e+00 3.188558733069e-03 8.866076264113e-03
2.321875000000e+00 3.195329719989e-03 8.899593355422e-03
2.325000000000e+00 3.202132694577e-03 8.933269271237e-03
2.328125000000e+00 3.208967489109e-03 8.967103797063e-03
2.331250000000e+00 3.215833925225e-03 9.001096681886e-03
2.334375000000e+00 3.222731813661e-03 9.035247637132e-03
2.337500000000e+00 3.229660953971e-03 9.069556335597e-03
2.340625000000e+00 3.236621134254e-03 9.104022410373e-03
2.343750000000e+00 3.243612130872e-03 9.138645453740e-03
2.346875000000e+00 3.250633708166e-03 9.173425016050e-03
2.350000000000e+00 3.257685618166e-03 9.208360604585e-03
2.353125000000e+00 3.264767600299e-03 9.243451682404e-03
2.356250000000e+00 3.271879381093e-03 9.278697667164e-03
2.359375000000e+00 3.279020673878e-03 9.314097929930e-03
2.362500000000e+00 3.286191178480e-03 9.349651793961e-03
2.365625000000e+00 3.293390580918e-03 9.385358533481e-03
2.368750000000e+00 3.300618553091e-03 9.421217372435e-03
2.371875000000e+00 3.307874752464e-03 9.457227483219e-03
2.375000000000e+00 3.315158821756e-03 9.493387985409e-03
2.378125000000e+00 3.322470388616e-03 9.529697944452e-03
2.381250000000e+00 3.329809065302e-03 9.566156370363e-03
2.384375000000e+00 3.337174448359e-03 9.602762216388e-03
2.387500000000e+00 3.344566118289e-03 9.639514377668e-03
2.390625000000e+00 3.351983639223e-03 9.676411689870e-03
2.393750000000e+00 3.359426558587e-03 9.713452927823e-03
2.396875000000e+00 3.366894406774e-03 9.750636804128e-03
2.400000000000e+00 3.374386696805e-03 9.787961967758e-03
2.403125000000e+00 3.381902923994e-03 9.825427002650e-03
2.406250000000e+00 3.389442565610e-03 9.863030426279e-03
2.409375000000e+00 3.397005080540e-03 9.900770688228e-03
2.412500000000e+00 3.404589908951e-03 9.938646168745e-03
2.415625000000e+00 3.412196471948e-03 9.976655177293e-03
2.418750000000e+00 3.419824171242e-03 1.001479595109e-02
2.421875000000e+00 3.427472388803e-03 1.005306665365e-02
2.425000000000e+00 3.435140486527e-03 1.009146537329e-02
2.428125000000e+00 3.442827805904e-03 1.012999012171e-02
2.431250000000e+00 3.450533667674e-03 1.016863883244e-02
2.434375000000e+00 3.458257371503e-03 1.020740935944e-02
2.437500000000e+00 3.465998195644e-03 1.024629947556e-02
2.440625000000e+00 3.473755396619e-03 1.028530687110e-02
2.443750000000e+00 3.481528208886e-03 1.032442915231e-02
2.446875000000e+00 3.489315844526e-03 1.036366383995e-02
2.450000000000e+00 3.497117492922e-03 1.040300836781e-02
2.453125000000e+00 3.504932320448e-03 1.044246008125e-02
2.456250000000e+00 3.512759470164e-03 1.048201623578e-02
2.459375000000e+00 3.520598061520e-03 1.052167399561e-02
2.462500000000e+00 3.528447190053e-03 1.056143043222e-02
2.465625000000e+00 3.536305927111e-03 1.060128252299e-02
2.468750000000e+00 3.544173319568e-03 1.064122714980e-02
2.471875000000e+00 3.552048389554e-03 1.068126109766e-02
2.475000000000e+00 3.559930134198e-03 1.072138105341e-02
2.478125000000e+00 3.567817525373e-03 1.076158360436e-02
2.481250000000e+00 3.575709509457e-03 1.080186523701e-02
2.484375000000e+00 3.583605007101e-03 1.084222233585e-02
2.487500000000e+00 3.591502913015e-03 1.088265118208e-02
2.490625000000e+00 3.599402095759e-03 1.092314795247e-02
2.493750000000e+00 3.607301397555e-03 1.096370871817e-02
2.496875000000e+00 3.615199634108e-03 1.100432944368e-02
2.500000000000e+00 3.623095594444e-03 1.104500598573e-02
2.503125000000e+00 3.630988040765e-03 1.108573409231e-02
2.506250000000e+00 3.638875708319e-03 1.112650940171e-02
2.509375000000e+00 3.646757305289e-03 1.116732744160e-02
2.512500000000e+00 3.654631512700e-03 1.120818362825e-02
2.515625000000e+00 3.662496984345e-03 1.124907326570e-02
2.518750000000e+00 3.670352346734e-03 1.128999154506e-02
2.521875000000e+00 3.678196199061e-03 1.133093354388e-02
2.525000000000e+00 3.686027113195e-03 1.137189422560e-02
2.528125000000e+00 3.693843633694e-03 1.141286843902e-02
2.531250000000e+00 3.701644277842e-03 1.145385091793e-02
2.534375000000e+00 3.709427535715e-03 1.149483628076e-02
2.537500000000e+00 3.717191870269e-03 1.153581903035e-02
2.540625000000e+00 3.724935717456e-03 1.157679355384e-02
2.543750000000e+00 3.732657486366e-03 1.161775412256e-02
2.546875000000e+00 3.740355559406e-03 1.165869489216e-02
2.550000000000e+00 3.748028292499e-03 1.169960990270e-02
2.553125000000e+00 3.755674015320e-03 1.174049307896e-02
2.556250000000e+00 3.763291031558e-03 1.178133823081e-02
2.559375000000e+00 3.770877619222e-03 1.182213905370e-02
2.562500000000e+00 3.778432030965e-03 1.186288912929e-02
2.565625000000e+00 3.785952494454e-03 1.190358192618e-02
2.568750000000e+00 3.793437212774e-03 1.194421080077e-02
2.571875000000e+00 3.800884364863e-03 1.198476899829e-02
2.575000000000e+00 3.808292105987e-03 1.202524965389e-02
2.578125000000e+00 3.815658568253e-03 1.206564579397e-02
2.581250000000e+00 3.822981861160e-03 1.210595033757e-02
2.584375000000e+00 3.830260072191e-03 1.214615609791e-02
2.587500000000e+00 3.837491267439e-03 1.218625578415e-02
2.590625000000e+00 3.844673492281e-03 1.222624200325e-02
2.593750000000e+00 3.851804772088e-03 1.226610726193e-02
2.596875000000e+00 3.858883112975e-03 1.230584396894e-02
2.600000000000e+00 3.865906502600e-03 1.234544443734e-02
2.603125000000e+00 3.872872910997e-03 1.238490088704e-02
2.606250000000e+00 3.879780291461e-03 1.242420544742e-02
2.609375000000e+00 3.886626581460e-03 1.246335016024e-02
2.612500000000e+00 3.893409703609e-03 1.250232698259e-02
2.615625000000e+00 3.900127566677e-03 1.254112779010e-02
2.618750000000e+00 3.906778066635e-03 1.257974438029e-02
2.621875000000e+00 3.913359087752e-03 1.261816847607e-02
2.625000000000e+00 3.919868503732e-03 1.265639172948e-02
2.628125000000e+00 3.926304178893e-03 1.269440572552e-02
2.631250000000e+00 3.932663969393e-03 1.273220198625e-02
2.634375000000e+00 3.938945724484e-03 1.276977197495e-02
2.637500000000e+00 3.945147287831e-03 1.280710710059e-02
2.640625000000e+00 3.951266498844e-03 1.284419872232e-02
2.643750000000e+00 3.957301194071e-03 1.288103815428e-02
2.646875000000e+00 3.963249208623e-03 1.291761667044e-02
2.650000000000e+00 3.969108377631e-03 1.295392550976e-02
2.653125000000e+00 3.974876537750e-03 1.298995588132e-02
2.656250000000e+00 3.980551528691e-03 1.302569896983e-02
2.659375000000e+00 3.986131194791e-03 1.306114594111e-02
2.662500000000e+00 3.991613386618e-03 1.309628794784e-02
2.665625000000e+00 3.996995962599e-03 1.313111613537e-02
2.668750000000e+00 4.002276790688e-03 1.316562164781e-02
2.671875000000e+00 4.007453750056e-03 1.319979563407e-02
2.675000000000e+00 4.012524732806e-03 1.323362925421e-02
2.678125000000e+00 4.017487645715e-03 1.326711368579e-02
2.681250000000e+00 4.022340411999e-03 1.330024013043e-02
2.684375000000e+00 4.027080973094e-03 1.333299982039e-02
2.687500000000e+00 4.031707290455e-03 1.336538402538e-02
2.690625000000e+00 4.036217347369e-03 1.339738405929e-02
2.693750000000e+00 4.040609150787e-03 1.342899128721e-02
2.696875000000e+00 4.044880733155e-03 1.346019713236e-02
2.700000000000e+00 4.049030154261e-03 1.349099308319e-02
2.703125000000e+00 4.053055503077e-03 1.352137070049e-02
2.706250000000e+00 4.056954899613e-03 1.355132162458e-02
2.709375000000e+00 4.060726496760e-03 1.358083758251e-02
2.712500000000e+00 4.064368482128e-03 1.360991039531e-02
2.715625000000e+00 4.067879079887e-03 1.363853198525e-02
2.718750000000e+00 4.071256552582e-03 1.366669438310e-02
2.721875000000e+00 4.074499202941e-03 1.369438973537e-02
2.725000000000e+00 4.077605375669e-03 1.372161031159e-02
2.728125000000e+00 4.080573459208e-03 1.374834851147e-02
2.731250000000e+00 4.083401887488e-03 1.377459687211e-02
2.734375000000e+00 4.086089141642e-03 1.380034807504e-02
2.737500000000e+00 4.088633751684e-03 1.382559495334e-02
2.740625000000e+00 4.091034298170e-03 1.385033049852e-02
2.743750000000e+00 4.093289413800e-03 1.387454786742e-02
2.746875000000e+00 4.095397784999e-03 1.389824038898e-02
2.750000000000e+00 4.097358153436e-03 1.392140157082e-02
2.753125000000e+00 4.099169317510e-03 1.394402510579e-02
2.756250000000e+00 4.100830133776e-03 1.396610487830e-02
2.759375000000e+00 4.102339518320e-03 1.398763497051e-02
2.762500000000e+00 4.103696448081e-03 1.400860966837e-02
2.765625000000e+00 4.104899962107e-03 1.402902346748e-02
2.768750000000e+00 4.105949162751e-03 1.404887107867e-02
2.771875000000e+00 4.106843216807e-03 1.406814743352e-02
2.775000000000e+00 4.107581356569e-03 1.408684768954e-02
2.778125000000e+00 4.108162880829e-03 1.410496723518e-02
2.781250000000e+00 4.108587155796e-03 1.412250169458e-02
2.784375000000e+00 4.108853615941e-03 1.413944693207e-02
2.787500000000e+00 4.108961764774e-03 1.415579905644e-02
2.790625000000e+00 4.108911175526e-03 1.417155442492e-02
2.793750000000e+00 4.108701491771e-03 1.418670964688e-02
2.796875000000e+00 4.108332427950e-03 1.420126158725e-02
2.800000000000e+00 4.107803769816e-03 1.421520736966e-02
2.803125000000e+00 4.107115374806e-03 1.422854437930e-02
2.806250000000e+00 4.106267172308e-03 1.424127026541e-02
2.809375000000e+00 4.105259163864e-03 1.425338294353e-02
2.812500000000e+00 4.104091423268e-03 1.426488059744e-02
2.815625000000e+00 4.102764096587e-03 1.427576168069e-02
2.818750000000e+00 4.101277402099e-03 1.428602491796e-02
2.821875000000e+00 4.099631630131e-03 1.429566930594e-02
2.825000000000e+00 4.097827142826e-03 1.430469411403e-02
2.828125000000e+00 4.095864373808e-03 1.431309888458e-02
2.831250000000e+00 4.093743827776e-03 1.432088343296e-02
2.834375000000e+00 4.091466080007e-03 1.432804784711e-02
2.837500000000e+00 4.089031775773e-03 1.433459248699e-02
2.840625000000e+00 4.086441629681e-03 1.434051798353e-02
2.843750000000e+00 4.083696424929e-03 1.434582523735e-02
2.846875000000e+00 4.080797012481e-03 1.435051541713e-02
2.850000000000e+00 4.077744310176e-03 1.435458995774e-02
2.853125000000e+00 4.074539301742e-03 1.435805055794e-02
2.856250000000e+00 4.071183035752e-03 1.436089917793e-02
2.859375000000e+00 4.067676624508e-03 1.436313803648e-02
2.862500000000e+00 4.064021242845e-03 1.436476960784e-02
2.865625000000e+00 4.060218126885e-03 1.436579661838e-02
2.868750000000e+00 4.056268572710e-03 1.436622204292e-02
2.871875000000e+00 4.052173934994e-03 1.436604910081e-02
2.875000000000e+00 4.047935625555e-03 1.436528125182e-02
2.878125000000e+00 4.043555111874e-03 1.436392219165e-02
2.881250000000e+00 4.039033915548e-03 1.436197584738e-02
2.884375000000e+00 4.034373610697e-03 1.435944637255e-02
2.887500000000e+00 4.029575822332e-03 1.435633814210e-02
2.890625000000e+00 4.024642224674e-03 1.435265574715e-02
2.893750000000e+00 4.019574539438e-03 1.434840398944e-02
2.896875000000e+00 4.014374534080e-03 1.434358787581e-02
2.900000000000e+00 4.009044020013e-03 1.433821261231e-02
2.903125000000e+00 4.003584850800e-03 1.433228359827e-02
2.906250000000e+00 3.997998920307e-03 1.432580642024e-02
2.909375000000e+00 3.992288160852e-03 1.431878684570e-02
2.912500000000e+00 3.986454541328e-03 1.431123081680e-02
2.915625000000e+00 3.980500065306e-03 1.430314444384e-02
2.918750000000e+00 3.974426769138e-03 1.429453399875e-02
2.921875000000e+00 3.968236720041e-03 1.428540590853e-02
2.925000000000e+00 3.961932014184e-03 1.427576674849e-02
2.928125000000e+00 3.955514774769e-03 1.426562323554e-02
2.931250000000e+00 3.948987150118e-03 1.425498222144e-02
2.934375000000e+00 3.942351311754e-03 1.424385068592e-02
2.937500000000e+00 3.935609452506e-03 1.423223572991e-02
2.940625000000e+00 3.928763784607e-03 1.422014456865e-02
2.943750000000e+00 3.921816537818e-03 1.420758452486e-02
2.946875000000e+00 3.914769957563e-03 1.419456302194e-02
2.950000000000e+00 3.907626303080e-03 1.418108757710e-02
2.953125000000e+00 3.900387845596e-03 1.416716579467e-02
2.956250000000e+00 3.893056866527e-03 1.415280535929e-02
2.959375000000e+00 3.885635655698e-03 1.413801402929e-02
2.962500000000e+00 3.878126509596e-03 1.412279963005e-02
2.965625000000e+00 3.870531729651e-03 1.410717004745e-02
2.968750000000e+00 3.862853620545e-03 1.409113322142e-02
2.971875000000e+00 3.855094488558e-03 1.407469713954e-02
2.975000000000e+00 3.847256639953e-03 1.405786983076e-02
2.978125000000e+00 3.839342379388e-03 1.404065935924e-02
2.981250000000e+00 3.831354008373e-03 1.402307381820e-02
2.984375000000e+00 3.823293823762e-03 1.400512132405e-02
2.987500000000e+00 3.815164116290e-03 1.398681001045e-02
2.990625000000e+00 3.806967169152e-03 1.396814802264e-02
2.993750000000e+00 3.798705256612e-03 1.394914351186e-02
2.996875000000e+00 3.790380642674e-03 1.392980462982e-02
3.000000000000e+00 3.781995579783e-03 1.391013952346e-02
3.003125000000e+00 3.773552307577e-03 1.389015632971e-02
3.006250000000e+00 3.765053051678e-03 1.386986317050e-02
3.009375000000e+00 3.756500022541e-03 1.384926814781e-02
3.012500000000e+00 3.747895414328e-03 1.382837933900e-02
3.015625000000e+00 3.739241403852e-03 1.380720479218e-02
3.018750000000e+00 3.730540149546e-03 1.378575252179e-02
3.021875000000e+00 3.721793790492e-03 1.376403050431e-02
3.025000000000e+00 3.713004445485e-03 1.374204667416e-02
3.028125000000e+00 3.704174212154e-03 1.371980891972e-02
3.031250000000e+00 3.695305166119e-03 1.369732507950e-02
3.034375000000e+00 3.686399360196e-03 1.367460293853e-02
3.037500000000e+00 3.677458823649e-03 1.365165022485e-02
3.040625000000e+00 3.668485561483e-03 1.362847460614e-02
3.043750000000e+00 3.659481553781e-03 1.360508368658e-02
3.046875000000e+00 3.650448755086e-03 1.358148500379e-02
3.050000000000e+00 3.641389093822e-03 1.355768602597e-02
3.053125000000e+00 3.632304471762e-03 1.353369414916e-02
3.056250000000e+00 3.623196763528e-03 1.350951669467e-02
3.059375000000e+00 3.614067816145e-03 1.348516090666e-02
3.062500000000e+00 3.604919448615e-03 1.346063394984e-02
3.065625000000e+00 3.595753451550e-03 1.343594290736e-02
3.068750000000e+00 3.586571586826e-03 1.341109477875e-02
3.071875000000e+00 3.577375587285e-03 1.338609647814e-02
3.075000000000e+00 3.568167156464e-03 1.336095483247e-02
3.078125000000e+00 3.558947968363e-03 1.333567657993e-02
3.081250000000e+00 3.549719667249e-03 1.331026836847e-02
3.084375000000e+00 3.540483867486e-03 1.328473675450e-02
3.087500000000e+00 3.531242153403e-03 1.325908820164e-02
3.090625000000e+00 3.521996079187e-03 1.323332907966e-02
3.093750000000e+00 3.512747168812e-03 1.320746566347e-02
3.096875000000e+00 3.503496915988e-03 1.318150413228e-02
3.100000000000e+00 3.494246784148e-03 1.315545056884e-02
3.103125000000e+00 3.484998206449e-03 1.312931095879e-02
3.106250000000e+00 3.475752585814e-03 1.310309119013e-02
3.109375000000e+00 3.466511294979e-03 1.307679705276e-02
3.112500000000e+00 3.457275676582e-03 1.305043423815e-02
3.115625000000e+00 3.448047043261e-03 1.302400833908e-02
3.118750000000e+00 3.438826677782e-03 1.299752484949e-02
3.121875000000e+00 3.429615833179e-03 1.297098916438e-02
3.125000000000e+00 3.420415732924e-03 1.294440657981e-02
3.128125000000e+00 3.411227571101e-03 1.291778229305e-02
3.131250000000e+00 3.402052512618e-03 1.289112140265e-02
3.134375000000e+00 3.392891693409e-03 1.286442890874e-02
3.137500000000e+00 3.383746220675e-03 1.283770971333e-02
3.140625000000e+00 3.374617173128e-03 1.281096862064e-02
3.143750000000e+00 3.365505601251e-03 1.278421033757e-02
3.146875000000e+00 3.356412527570e-03 1.275743947419e-02
3.150000000000e+00 3.347338946941e-03 1.273066054428e-02
3.153125000000e+00 3.338285826847e-03 1.270387796596e-02
3.156250000000e+00 3.329254107702e-03 1.267709606230e-02
3.159375000000e+00 3.320244703168e-03 1.265031906207e-02
3.162500000000e+00 3.311258500487e-03 1.262355110050e-02
3.165625000000e+00 3.302296360804e-03 1.259679622000e-02
3.168750000000e+00 3.293359119520e-03 1.257005837110e-02
3.171875000000e+00 3.284447586632e-03 1.254334141321e-02
3.175000000000e+00 3.275562547091e-03 1.251664911564e-02
3.178125000000e+00 3.266704761164e-03 1.248998515844e-02
3.181250000000e+00 3.257874964792e-03 1.246335313343e-02
3.184375000000e+00 3.249073869972e-03 1.243675654519e-02
3.187500000000e+00 3.240302165117e-03 1.241019881206e-02
3.190625000000e+00 3.231560515442e-03 1.238368326721e-02
3.193750000000e+00 3.222849563340e-03 1.235721315971e-02
3.196875000000e+00 3.214169928764e-03 1.233079165559e-02
3.200000000000e+00 3.205522209612e-03 1.230442183900e-02
3.203125000000e+00 3.196906982111e-03 1.227810671327e-02
3.206250000000e+00 3.188324801200e-03 1.225184920210e-02
3.209375000000e+00 3.179776200925e-03 1.222565215068e-02
3.212500000000e+00 3.171261694814e-03 1.219951832684e-02
3.215625000000e+00 3.162781776274e-03 1.217345042226e-02
3.218750000000e+00 3.154336918968e-03 1.214745105360e-02
3.221875000000e+00 3.145927577206e-03 1.212152276372e-02
3.225000000000e+00 3.137554186325e-03 1.209566802285e-02
3.228125000000e+00 3.129217163071e-03 1.206988922977e-02
3.231250000000e+00 3.120916905981e-03 1.204418871302e-02
3.234375000000e+00 3.112653795758e-03 1.201856873210e-02
3.237500000000e+00 3.104428195650e-03 1.199303147864e-02
3.240625000000e+00 3.096240451818e-03 1.196757907762e-02
3.243750000000e+00 3.088090893709e-03 1.194221358853e-02
3.246875000000e+00 3.079979834425e-03 1.191693700659e-02
3.250000000000e+00 3.071907571082e-03 1.189175126391e-02
3.253125000000e+00 3.063874385170e-03 1.186665823069e-02
3.256250000000e+00 3.055880542918e-03 1.184165971635e-02
3.259375000000e+00 3.047926295633e-03 1.181675747076e-02
3.262500000000e+00 3.040011880064e-03 1.179195318533e-02
3.265625000000e+00 3.032137518734e-03 1.176724849423e-02
3.268750000000e+00 3.024303420290e-03 1.174264497548e-02
3.271875000000e+00 3.016509779832e-03 1.171814415210e-02
3.275000000000e+00 3.008756779253e-03 1.169374749322e-02
3.278125000000e+00 3.001044587560e-03 1.166945641524e-02
3.281250000000e+00 2.993373361201e-03 1.164527228288e-02
3.284375000000e+00 2.985743244381e-03 1.162119641029e-02
3.287500000000e+00 2.978154369381e-03 1.159723006213e-02
3.290625000000e+00 2.970606856859e-03 1.157337445465e-02
3.293750000000e+00 2.963100816164e-03 1.154963075673e-02
3.296875000000e+00 2.955636345626e-03 1.152600009091e-02
3.300000000000e+00 2.948213532859e-03 1.150248353446e-02
3.303125000000e+00 2.940832455047e-03 1.147908212036e-02
3.306250000000e+00 2.933493179231e-03 1.145579683833e-02
3.309375000000e+00 2.926195762587e-03 1.143262863579e-02
3.312500000000e+00 2.918940252702e-03 1.140957841888e-02
3.315625000000e+00 2.911726687847e-03 1.138664705337e-02
3.318750000000e+00 2.904555097240e-03 1.136383536564e-02
3.321875000000e+00 2.897425501309e-03 1.134114414364e-02
3.325000000000e+00 2.890337911944e-03 1.131857413773e-02
3.328125000000e+00 2.883292332755e-03 1.129612606168e-02
3.331250000000e+00 2.876288759309e-03 1.127380059348e-02
3.334375000000e+00 2.869327179380e-03 1.125159837629e-02
3.337500000000e+00 2.862407573182e-03 1.122952001925e-02
3.340625000000e+00 2.855529913602e-03 1.120756609834e-02
3.343750000000e+00 2.848694166423e-03 1.118573715722e-02
3.346875000000e+00 2.841900290554e-03 1.116403370807e-02
3.350000000000e+00 2.835148238244e-03 1.114245623235e-02
3.353125000000e+00 2.828437955295e-03 1.112100518163e-02
3.356250000000e+00 2.821769381271e-03 1.109968097836e-02
3.359375000000e+00 2.815142449707e-03 1.107848401660e-02
3.362500000000e+00 2.808557088300e-03 1.105741466282e-02
3.365625000000e+00 2.802013219115e-03 1.103647325661e-02
3.368750000000e+00 2.795510758769e-03 1.101566011138e-02
3.371875000000e+00 2.789049618622e-03 1.099497551509e-02
3.375000000000e+00 2.782629704957e-03 1.097441973098e-02
3.378125000000e+00 2.776250919161e-03 1.095399299816e-02
3.381250000000e+00 2.769913157900e-03 1.093369553236e-02
3.384375000000e+00 2.763616313285e-03 1.091352752654e-02
3.387500000000e+00 2.757360273048e-03 1.089348915154e-02
3.390625000000e+00 2.751144920693e-03 1.087358055673e-02
3.393750000000e+00 2.744970135663e-03 1.085380187057e-02
3.396875000000e+00 2.738835793492e-03 1.083415320127e-02
3.400000000000e+00 2.732741765959e-03 1.081463463735e-02
3.403125000000e+00 2.726687921231e-03 1.079524624822e-02
3.406250000000e+00 2.720674124011e-03 1.077598808474e-02
3.409375000000e+00 2.714700235675e-03 1.075686017979e-02
3.412500000000e+00 2.708766114415e-03 1.073786254879e-02
3.415625000000e+00 2.702871615362e-03 1.071899519025e-02
3.418750000000e+00 2.697016590730e-03 1.070025808626e-02
3.421875000000e+00 2.691200889930e-03 1.068165120303e-02
3.425000000000e+00 2.685424359701e-03 1.066317449135e-02
3.428125000000e+00 2.679686844227e-03 1.064482788712e-02
3.431250000000e+00 2.673988185259e-03 1.062661131176e-02
3.434375000000e+00 2.668328222222e-03 1.060852467273e-02
3.437500000000e+00 2.662706792332e-03 1.059056786394e-02
3.440625000000e+00 2.657123730701e-03 1.057274076624e-02
3.443750000000e+00 2.651578870447e-03 1.055504324780e-02
3.446875000000e+00 2.646072042788e-03 1.053747516455e-02
3.450000000000e+00 2.640603077152e-03 1.052003636061e-02
3.453125000000e+00 2.635171801266e-03 1.050272666868e-02
3.456250000000e+00 2.629778041252e-03 1.048554591040e-02
3.459375000000e+00 2.624421621726e-03 1.046849389681e-02
3.462500000000e+00 2.619102365875e-03 1.045157042863e-02
3.465625000000e+00 2.613820095554e-03 1.043477529671e-02
3.468750000000e+00 2.608574631364e-03 1.041810828233e-02
3.471875000000e+00 2.603365792738e-03 1.040156915758e-02
3.475000000000e+00 2.598193398018e-03 1.038515768567e-02
3.478125000000e+00 2.593057264534e-03 1.036887362130e-02
3.481250000000e+00 2.587957208678e-03 1.035271671094e-02
3.484375000000e+00 2.582893045977e-03 1.033668669317e-02
3.487500000000e+00 2.577864591162e-03 1.032078329901e-02
3.490625000000e+00 2.572871658242e-03 1.030500625216e-02
3.493750000000e+00 2.567914060564e-03 1.028935526934e-02
3.496875000000e+00 2.562991610884e-03 1.027383006056e-02
3.500000000000e+00 2.558104121423e-03 1.025843032941e-02
3.503125000000e+00 2.553251403933e-03 1.024315577328e-02
3.506250000000e+00 2.548433269756e-03 1.022800608371e-02
3.509375000000e+00 2.543649529874e-03 1.021298094658e-02
3.512500000000e+00 2.538899994977e-03 1.019808004237e-02
3.515625000000e+00 2.534184475502e-03 1.018330304643e-02
3.518750000000e+00 2.529502781698e-03 1.016864962919e-02
3.521875000000e+00 2.524854723668e-03 1.015411945641e-02
3.525000000000e+00 2.520240111420e-03 1.013971218940e-02
3.528125000000e+00 2.515658754917e-03 1.012542748524e-02
3.531250000000e+00 2.511110464118e-03 1.011126499697e-02
3.534375000000e+00 2.506595049023e-03 1.009722437385e-02
3.537500000000e+00 2.502112319722e-03 1.008330526152e-02
3.540625000000e+00 2.497662086426e-03 1.006950730221e-02
3.543750000000e+00 2.493244159515e-03 1.005583013492e-02
3.546875000000e+00 2.488858349575e-03 1.004227339564e-02
3.550000000000e+00 2.484504467430e-03 1.002883671750e-02
3.553125000000e+00 2.480182324186e-03 1.001551973095e-02
3.556250000000e+00 2.475891731260e-03 1.000232206394e-02
3.559375000000e+00 2.471632500416e-03 9.989243342103e-03
3.562500000000e+00 2.467404443798e-03 9.976283188873e-03
3.565625000000e+00 2.463207373957e-03 9.963441225689e-03
3.568750000000e+00 2.459041103887e-03 9.950717072124e-03
3.571875000000e+00 2.454905447051e-03 9.938110346043e-03
3.575000000000e+00 2.450800217407e-03 9.925620663742e-03
3.578125000000e+00 2.446725229439e-03 9.913247640094e-03
3.581250000000e+00 2.442680298180e-03 9.900990888688e-03
3.584375000000e+00 2.438665239239e-03 9.888850021954e-03
3.587500000000e+00 2.434679868824e-03 9.876824651303e-03
3.590625000000e+00 2.430724003765e-03 9.864914387243e-03
3.593750000000e+00 2.426797461536e-03 9.853118839509e-03
3.596875000000e+00 2.422900060276e-03 9.841437617177e-03
3.600000000000e+00 2.419031618811e-03 9.829870328780e-03
3.603125000000e+00 2.415191956673e-03 9.818416582421e-03
3.606250000000e+00 2.411380894119e-03 9.807075985882e-03
3.609375000000e+00 2.407598252148e-03 9.795848146727e-03
3.612500000000e+00 2.403843852517e-03 9.784732672405e-03
3.615625000000e+00 2.400117517764e-03 9.773729170352e-03
3.618750000000e+00 2.396419071216e-03 9.762837248084e-03
3.621875000000e+00 2.392748337009e-03 9.752056513292e-03
3.625000000000e+00 2.389105140101e-03 9.741386573930e-03
3.628125000000e+00 2.385489306285e-03 9.730827038308e-03
3.631250000000e+00 2.381900662204e-03 9.720377515172e-03
3.634375000000e+00 2.378339035363e-03 9.710037613791e-03
3.637500000000e+00 2.374804254139e-03 9.699806944031e-03
3.640625000000e+00 2.371296147796e-03 9.689685116439e-03
3.643750000000e+00 2.367814546492e-03 9.679671742315e-03
3.646875000000e+00 2.364359281292e-03 9.669766433785e-03
3.650000000000e+00 2.360930184177e-03 9.659968803870e-03
3.653125000000e+00 2.357527088054e-03 9.650278466559e-03
3.656250000000e+00 2.354149826760e-03 9.640695036869e-03
3.659375000000e+00 2.350798235078e-03 9.631218130913e-03
3.662500000000e+00 2.347472148739e-03 9.621847365963e-03
3.665625000000e+00 2.344171404431e-03 9.612582360504e-03
3.668750000000e+00 2.340895839806e-03 9.603422734299e-03
3.671875000000e+00 2.337645293486e-03 9.594368108439e-03
3.675000000000e+00 2.334419605070e-03 9.585418105404e-03
3.678125000000e+00 2.331218615138e-03 9.576572349107e-03
3.681250000000e+00 2.328042165258e-03 9.567830464953e-03
3.684375000000e+00 2.324890097989e-03 9.559192079881e-03
3.687500000000e+00 2.321762256887e-03 9.550656822418e-03
3.690625000000e+00 2.318658486506e-03 9.542224322717e-03
3.693750000000e+00 2.315578632410e-03 9.533894212608e-03
3.696875000000e+00 2.312522541164e-03 9.525666125637e-03
3.700000000000e+00 2.309490060347e-03 9.517539697109e-03
3.703125000000e+00 2.306481038553e-03 9.509514564125e-03
3.706250000000e+00 2.303495325388e-03 9.501590365623e-03
3.709375000000e+00 2.300532771479e-03 9.493766742413e-03
3.712500000000e+00 2.297593228472e-03 9.486043337214e-03
3.715625000000e+00 2.294676549036e-03 9.478419794688e-03
3.718750000000e+00 2.291782586861e-03 9.470895761472e-03
3.721875000000e+00 2.288911196664e-03 9.463470886209e-03
3.725000000000e+00 2.286062234183e-03 9.456144819583e-03
3.728125000000e+00 2.283235556186e-03 9.448917214343e-03
3.731250000000e+00 2.280431020465e-03 9.441787725336e-03
3.734375000000e+00 2.277648485839e-03 9.434756009530e-03
3.737500000000e+00 2.274887812152e-03 9.427821726043e-03
3.740625000000e+00 2.272148860275e-03 9.420984536168e-03
3.743750000000e+00 2.269431492104e-03 9.414244103396e-03
3.746875000000e+00 2.266735570563e-03 9.407600093441e-03
3.750000000000e+00 2.264060959595e-03 9.401052174259e-03
3.753125000000e+00 2.261407524169e-03 9.394600016073e-03
3.756250000000e+00 2.258775130278e-03 9.388243291391e-03
3.759375000000e+00 2.256163644931e-03 9.381981675028e-03
3.762500000000e+00 2.253572936161e-03 9.375814844122e-03
3.765625000000e+00 2.251002873015e-03 9.369742478153e-03
3.768750000000e+00 2.248453325557e-03 9.363764258961e-03
3.771875000000e+00 2.245924164866e-03 9.357879870761e-03
3.775000000000e+00 2.243415263031e-03 9.352089000163e-03
3.778125000000e+00 2.240926493152e-03 9.346391336178e-03
3.781250000000e+00 2.238457729336e-03 9.340786570242e-03
3.784375000000e+00 2.236008846694e-03 9.335274396223e-03
3.787500000000e+00 2.233579721340e-03 9.329854510439e-03
3.790625000000e+00 2.231170230389e-03 9.324526611664e-03
3.793750000000e+00 2.228780251951e-03 9.319290401146e-03
3.796875000000e+00 2.226409665130e-03 9.314145582615e-03
3.800000000000e+00 2.224058350023e-03 9.309091862293e-03
3.803125000000e+00 2.221726187713e-03 9.304128948907e-03
3.806250000000e+00 2.219413060269e-03 9.299256553693e-03
3.809375000000e+00 2.217118850743e-03 9.294474390413e-03
3.812500000000e+00 2.214843443163e-03 9.289782175355e-03
3.815625000000e+00 2.212586722533e-03 9.285179627345e-03
3.818750000000e+00 2.210348574830e-03 9.280666467758e-03
3.821875000000e+00 2.208128886996e-03 9.276242420516e-03
3.825000000000e+00 2.205927546940e-03 9.271907212104e-03
3.828125000000e+00 2.203744443532e-03 9.267660571568e-03
3.831250000000e+00 2.201579466599e-03 9.263502230530e-03
3.834375000000e+00 2.199432506919e-03 9.259431923183e-03
3.837500000000e+00 2.197303456224e-03 9.255449386304e-03
3.840625000000e+00 2.195192207188e-03 9.251554359254e-03
3.843750000000e+00 2.193098653429e-03 9.247746583985e-03
3.846875000000e+00 2.191022689502e-03 9.244025805043e-03
3.850000000000e+00 2.188964210897e-03 9.240391769570e-03
3.853125000000e+00 2.186923114033e-03 9.236844227309e-03
3.856250000000e+00 2.184899296255e-03 9.233382930608e-03
3.859375000000e+00 2.182892655831e-03 9.230007634419e-03
3.862500000000e+00 2.180903091944e-03 9.226718096304e-03
3.865625000000e+00 2.178930504696e-03 9.223514076435e-03
3.868750000000e+00 2.176974795092e-03 9.220395337599e-03
3.871875000000e+00 2.175035865047e-03 9.217361645192e-03
3.875000000000e+00 2.173113617374e-03 9.214412767230e-03
3.878125000000e+00 2.171207955786e-03 9.211548474344e-03
3.881250000000e+00 2.169318784886e-03 9.208768539782e-03
3.884375000000e+00 2.167446010166e-03 9.206072739410e-03
3.887500000000e+00 2.165589538002e-03 9.203460851714e-03
3.890625000000e+00 2.163749275652e-03 9.200932657797e-03
3.893750000000e+00 2.161925131245e-03 9.198487941383e-03
3.896875000000e+00 2.160117013785e-03 9.196126488812e-03
3.900000000000e+00 2.158324833142e-03 9.193848089046e-03
3.903125000000e+00 2.156548500049e-03 9.191652533663e-03
3.906250000000e+00 2.154787926096e-03 9.189539616858e-03
3.909375000000e+00 2.153043023726e-03 9.187509135444e-03
3.912500000000e+00 2.151313706236e-03 9.185560888852e-03
3.915625000000e+00 2.149599887764e-03 9.183694679123e-03
3.918750000000e+00 2.147901483293e-03 9.181910310916e-03
3.921875000000e+00 2.146218408639e-03 9.180207591501e-03
3.925000000000e+00 2.144550580451e-03 9.178586330760e-03
3.928125000000e+00 2.142897916210e-03 9.177046341184e-03
3.931250000000e+00 2.141260334217e-03 9.175587437873e-03
3.934375000000e+00 2.139637753594e-03 9.174209438532e-03
3.937500000000e+00 2.138030094279e-03 9.172912163474e-03
3.940625000000e+00 2.136437277019e-03 9.171695435611e-03
3.943750000000e+00 2.134859223371e-03 9.170559080460e-03
3.946875000000e+00 2.133295855692e-03 9.169502926133e-03
3.950000000000e+00 2.131747097141e-03 9.168526803343e-03
3.953125000000e+00 2.130212871667e-03 9.167630545396e-03
3.956250000000e+00 2.128693104011e-03 9.166813988191e-03
3.959375000000e+00 2.127187719702e-03 9.166076970217e-03
3.962500000000e+00 2.125696645047e-03 9.165419332552e-03
3.965625000000e+00 2.124219807135e-03 9.164840918861e-03
3.968750000000e+00 2.122757133825e-03 9.164341575390e-03
3.971875000000e+00 2.121308553746e-03 9.163921150970e-03
3.975000000000e+00 2.119873996296e-03 9.163579497008e-03
3.978125000000e+00 2.118453391631e-03 9.163316467488e-03
3.981250000000e+00 2.117046670666e-03 9.163131918969e-03
3.984375000000e+00 2.115653765067e-03 9.163025710581e-03
3.987500000000e+00 2.114274607254e-03 9.162997704024e-03
3.990625000000e+00 2.112909130389e-03 9.163047763561e-03
3.993750000000e+00 2.111557268377e-03 9.163175756025e-03
3.996875000000e+00 2.110218955861e-03 9.163381550805e-03
4.000000000000e+00 2.108894128216e-03 9.163665019854e-03
4.003125000000e+00 2.107582721551e-03 9.164026037677e-03
4.006250000000e+00 2.106284672696e-03 9.164464481337e-03
4.009375000000e+00 2.104999919209e-03 9.164980230446e-03
4.012500000000e+00 2.103728399362e-03 9.165573167167e-03
4.015625000000e+00 2.102470052146e-03 9.166243176209e-03
4.018750000000e+00 2.101224817260e-03 9.166990144825e-03
4.021875000000e+00 2.099992635113e-03 9.167813962810e-03
4.025000000000e+00 2.098773446817e-03 9.168714522501e-03
4.028125000000e+00 2.097567194185e-03 9.169691718768e-03
4.031250000000e+00 2.096373819725e-03 9.170745449019e-03
4.034375000000e+00 2.095193266641e-03 9.171875613195e-03
4.037500000000e+00 2.094025478825e-03 9.173082113764e-03
4.040625000000e+00 2.092870400857e-03 9.174364855725e-03
4.043750000000e+00 2.091727977997e-03 9.175723746603e-03
4.046875000000e+00 2.090598156187e-03 9.177158696445e-03
4.050000000000e+00 2.089480882045e-03 9.178669617823e-03
4.053125000000e+00 2.088376102859e-03 9.180256425824e-03
4.056250000000e+00 2.087283766590e-03 9.181919038057e-03
4.059375000000e+00 2.086203821864e-03 9.183657374645e-03
4.062500000000e+00 2.085136217968e-03 9.185471358226e-03
4.065625000000e+00 2.084080904849e-03 9.187360913947e-03
4.068750000000e+00 2.083037833113e-03 9.189325969469e-03
4.071875000000e+00 2.082006954017e-03 9.191366454960e-03
4.075000000000e+00 2.080988219470e-03 9.193482303095e-03
4.078125000000e+00 2.079981582025e-03 9.195673449054e-03
4.081250000000e+00 2.078986994882e-03 9.197939830522e-03
4.084375000000e+00 2.078004411880e-03 9.200281387683e-03
4.087500000000e+00 2.077033787499e-03 9.202698063227e-03
4.090625000000e+00 2.076075076851e-03 9.205189802339e-03
4.093750000000e+00 2.075128235681e-03 9.207756552705e-03
4.096875000000e+00 2.074193220364e-03 9.210398264507e-03
4.100000000000e+00 2.073269987900e-03 9.213114890423e-03
4.103125000000e+00 2.072358495914e-03 9.215906385626e-03
4.106250000000e+00 2.071458702654e-03 9.218772707783e-03
4.109375000000e+00 2.070570566981e-03 9.221713817055e-03
4.112500000000e+00 2.069694048376e-03 9.224729676092e-03
4.115625000000e+00 2.068829106928e-03 9.227820250038e-03
4.118750000000e+00 2.067975703343e-03 9.230985506529e-03
4.121875000000e+00 2.067133798929e-03 9.234225415688e-03
4.125000000000e+00 2.066303355600e-03 9.237539950130e-03
4.128125000000e+00 2.065484335874e-03 9.240929084957e-03
4.131250000000e+00 2.064676702867e-03 9.244392797763e-03
4.134375000000e+00 2.063880420296e-03 9.247931068627e-03
4.137500000000e+00 2.063095452469e-03 9.251543880120e-03
4.140625000000e+00 2.062321764290e-03 9.255231217299e-03
4.143750000000e+00 2.061559321250e-03 9.258993067709e-03
4.146875000000e+00 2.060808089432e-03 9.262829421386e-03
4.150000000000e+00 2.060068035502e-03 9.266740270853e-03
4.153125000000e+00 2.059339126711e-03 9.270725611121e-03
4.156250000000e+00 2.058621330891e-03 9.274785439692e-03
4.159375000000e+00 2.057914616452e-03 9.278919756557e-03
4.162500000000e+00 2.057218952383e-03 9.283128564196e-03
4.165625000000e+00 2.056534308247e-03 9.287411867583e-03
4.168750000000e+00 2.055860654182e-03 9.291769674181e-03
4.171875000000e+00 2.055197960892e-03 9.296201993945e-03
4.175000000000e+00 2.054546199655e-03 9.300708839326e-03
4.178125000000e+00 2.053905342314e-03 9.305290225267e-03
4.181250000000e+00 2.053275361277e-03 9.309946169207e-03
4.184375000000e+00 2.052656229515e-03 9.314676691084e-03
4.187500000000e+00 2.052047920560e-03 9.319481813329e-03
4.190625000000e+00 2.051450408506e-03 9.324361560878e-03
4.193750000000e+00 2.050863668002e-03 9.329315961164e-03
4.196875000000e+00 2.050287674255e-03 9.334345044123e-03
4.200000000000e+00 2.049722403024e-03 9.339448842198e-03
4.203125000000e+00 2.049167830623e-03 9.344627390335e-03
4.206250000000e+00 2.048623933917e-03 9.349880725989e-03
4.209375000000e+00 2.048090690318e-03 9.355208889124e-03
4.212500000000e+00 2.047568077789e-03 9.360611922218e-03
4.215625000000e+00 2.047056074838e-03 9.366089870261e-03
4.218750000000e+00 2.046554660517e-03 9.371642780761e-03
4.221875000000e+00 2.046063814424e-03 9.377270703744e-03
4.225000000000e+00 2.045583516695e-03 9.382973691759e-03
4.228125000000e+00 2.045113748011e-03 9.388751799877e-03
4.231250000000e+00 2.044654489591e-03 9.394605085697e-03
4.234375000000e+00 2.044205723189e-03 9.400533609347e-03
4.237500000000e+00 2.043767431101e-03 9.406537433488e-03
4.240625000000e+00 2.043339596153e-03 9.412616623317e-03
4.243750000000e+00 2.042922201711e-03 9.418771246570e-03
4.246875000000e+00 2.042515231668e-03 9.425001373522e-03
4.250000000000e+00 2.042118670455e-03 9.431307076997e-03
4.253125000000e+00 2.041732503030e-03 9.437688432365e-03
4.256250000000e+00 2.041356714881e-03 9.444145517551e-03
4.259375000000e+00 2.040991292026e-03 9.450678413035e-03
4.262500000000e+00 2.040636221011e-03 9.457287201854e-03
4.265625000000e+00 2.040291488909e-03 9.463971969613e-03
4.268750000000e+00 2.039957083317e-03 9.470732804481e-03
4.271875000000e+00 2.039632992358e-03 9.477569797202e-03
4.275000000000e+00 2.039319204680e-03 9.484483041093e-03
4.278125000000e+00 2.039015709455e-03 9.491472632054e-03
4.281250000000e+00 2.038722496375e-03 9.498538668566e-03
4.284375000000e+00 2.038439555655e-03 9.505681251704e-03
4.287500000000e+00 2.038166878032e-03 9.512900485132e-03
4.290625000000e+00 2.037904454762e-03 9.520196475115e-03
4.293750000000e+00 2.037652277622e-03 9.527569330522e-03
4.296875000000e+00 2.037410338907e-03 9.535019162829e-03
4.300000000000e+00 2.037178631432e-03 9.542546086125e-03
4.303125000000e+00 2.036957148527e-03 9.550150217119e-03
4.306250000000e+00 2.036745884043e-03 9.557831675142e-03
4.309375000000e+00 2.036544832347e-03 9.565590582157e-03
4.312500000000e+00 2.036353988321e-03 9.573427062759e-03
4.315625000000e+00 2.036173347364e-03 9.581341244185e-03
4.318750000000e+00 2.036002905390e-03 9.589333256315e-03
4.321875000000e+00 2.035842658831e-03 9.597403231685e-03
4.325000000000e+00 2.035692604632e-03 9.605551305486e-03
4.328125000000e+00 2.035552740253e-03 9.613777615572e-03
4.331250000000e+00 2.035423063667e-03 9.622082302470e-03
4.334375000000e+00 2.035303573364e-03 9.630465509380e-03
4.337500000000e+00 2.035194268347e-03 9.638927382184e-03
4.340625000000e+00 2.035095148133e-03 9.647468069457e-03
4.343750000000e+00 2.035006212752e-03 9.656087722464e-03
4.346875000000e+00 2.034927462749e-03 9.664786495176e-03
4.350000000000e+00 2.034858899182e-03 9.673564544270e-03
4.353125000000e+00 2.034800523622e-03 9.682422029140e-03
4.356250000000e+00 2.034752338156e-03 9.691359111903e-03
4.359375000000e+00 2.034714345383e-03 9.700375957404e-03
4.362500000000e+00 2.034686548415e-03 9.709472733226e-03
4.365625000000e+00 2.034668950877e-03 9.718649609694e-03
4.368750000000e+00 2.034661556914e-03 9.727906759889e-03
4.371875000000e+00 2.034664371179e-03 9.737244359645e-03
4.375000000000e+00 2.034677398841e-03 9.746662587567e-03
4.378125000000e+00 2.034700645584e-03 9.756161625031e-03
4.381250000000e+00 2.034734117606e-03 9.765741656197e-03
4.384375000000e+00 2.034777821622e-03 9.775402868013e-03
4.387500000000e+00 2.034831764862e-03 9.785145450226e-03
4.390625000000e+00 2.034895955070e-03 9.794969595388e-03
4.393750000000e+00 2.034970400509e-03 9.804875498866e-03
4.396875000000e+00 2.035055109954e-03 9.814863358847e-03
4.400000000000e+00 2.035150092704e-03 9.824933376350e-03
4.403125000000e+00 2.035255358569e-03 9.835085755234e-03
4.406250000000e+00 2.035370917881e-03 9.845320702203e-03
4.409375000000e+00 2.035496781488e-03 9.855638426819e-03
4.412500000000e+00 2.035632960759e-03 9.866039141507e-03
4.415625000000e+00 2.035779467583e-03 9.876523061569e-03
4.418750000000e+00 2.035936314368e-03 9.887090405186e-03
4.421875000000e+00 2.036103514043e-03 9.897741393433e-03
4.425000000000e+00 2.036281080060e-03 9.908476250284e-03
4.428125000000e+00 2.036469026392e-03 9.919295202623e-03
4.431250000000e+00 2.036667367536e-03 9.930198480256e-03
4.434375000000e+00 2.036876118514e-03 9.941186315914e-03
4.437500000000e+00 2.037095294870e-03 9.952258945266e-03
4.440625000000e+00 2.037324912674e-03 9.963416606932e-03
4.443750000000e+00 2.037564988526e-03 9.974659542484e-03
4.446875000000e+00 2.037815539550e-03 9.985987996464e-03
4.450000000000e+00 2.038076583398e-03 9.997402216391e-03
4.453125000000e+00 2.038348138252e-03 1.000890245277e-02
4.456250000000e+00 2.038630222826e-03 1.002048895909e-02
4.459375000000e+00 2.038922856360e-03 1.003216199188e-02
4.462500000000e+00 2.039226058633e-03 1.004392181064e-02
4.465625000000e+00 2.039539849952e-03 1.005576867793e-02
4.468750000000e+00 2.039864251160e-03 1.006770285933e-02
4.471875000000e+00 2.040199283635e-03 1.007972462348e-02
4.475000000000e+00 2.040544969292e-03 1.009183424206e-02
4.478125000000e+00 2.040901330583e-03 1.010403198984e-02
4.481250000000e+00 2.041268390500e-03 1.011631814464e-02
4.484375000000e+00 2.041646172574e-03 1.012869298739e-02
4.487500000000e+00 2.042034700877e-03 1.014115680212e-02
4.490625000000e+00 2.042434000023e-03 1.015370987595e-02
4.493750000000e+00 2.042844095174e-03 1.016635249915e-02
4.496875000000e+00 2.043265012031e-03 1.017908496509e-02
4.500000000000e+00 2.043696776845e-03 1.019190757029e-02
4.503125000000e+00 2.044139416415e-03 1.020482061445e-02
4.506250000000e+00 2.044592958088e-03 1.021782440040e-02
4.509375000000e+00 2.045057429761e-03 1.023091923417e-02
4.512500000000e+00 2.045532859885e-03 1.024410542494e-02
4.515625000000e+00 2.046019277463e-03 1.025738328514e-02
4.518750000000e+00 2.046516712053e-03 1.027075313035e-02
4.521875000000e+00 2.047025193769e-03 1.028421527942e-02
4.525000000000e+00 2.047544753285e-03 1.029777005439e-02
4.528125000000e+00 2.048075421833e-03 1.031141778057e-02
4.531250000000e+00 2.048617231206e-03 1.032515878651e-02
4.534375000000e+00 2.049170213758e-03 1.033899340402e-02
4.537500000000e+00 2.049734402410e-03 1.035292196819e-02
4.540625000000e+00 2.050309830648e-03 1.036694481739e-02
4.543750000000e+00 2.050896532525e-03 1.038106229330e-02
4.546875000000e+00 2.051494542661e-03 1.039527474089e-02
4.550000000000e+00 2.052103896252e-03 1.040958250847e-02
4.553125000000e+00 2.052724629062e-03 1.042398594767e-02
4.556250000000e+00 2.053356777430e-03 1.043848541347e-02
4.559375000000e+00 2.054000378272e-03 1.045308126418e-02
4.562500000000e+00 2.054655469081e-03 1.046777386149e-02
4.565625000000e+00 2.055322087929e-03 1.048256357049e-02
4.568750000000e+00 2.056000273469e-03 1.049745075962e-02
4.571875000000e+00 2.056690064939e-03 1.051243580073e-02
4.575000000000e+00 2.057391502160e-03 1.052751906908e-02
4.578125000000e+00 2.058104625539e-03 1.054270094336e-02
4.581250000000e+00 2.058829476072e-03 1.055798180569e-02
4.584375000000e+00 2.059566095346e-03 1.057336204160e-02
4.587500000000e+00 2.060314525540e-03 1.058884204013e-02
4.590625000000e+00 2.061074809426e-03 1.060442219374e-02
4.593750000000e+00 2.061846990373e-03 1.062010289838e-02
4.596875000000e+00 2.062631112345e-03 1.063588455348e-02
4.600000000000e+00 2.063427219909e-03 1.065176756198e-02
4.603125000000e+00 2.064235358233e-03 1.066775233032e-02
4.606250000000e+00 2.065055573087e-03 1.068383926846e-02
4.609375000000e+00 2.065887910847e-03 1.070002878988e-02
4.612500000000e+00 2.066732418496e-03 1.071632131161e-02
4.615625000000e+00 2.067589143625e-03 1.073271725422e-02
4.618750000000e+00 2.068458134441e-03 1.074921704185e-02
4.621875000000e+00 2.069339439759e-03 1.076582110220e-02
4.625000000000e+00 2.070233109010e-03 1.078252986656e-02
4.628125000000e+00 2.071139192244e-03 1.079934376979e-02
4.631250000000e+00 2.072057740128e-03 1.081626325037e-02
4.634375000000e+00 2.072988803951e-03 1.083328875037e-02
4.637500000000e+00 2.073932435625e-03 1.085042071550e-02
4.640625000000e+00 2.074888687685e-03 1.086765959509e-02
4.643750000000e+00 2.075857613293e-03 1.088500584208e-02
4.646875000000e+00 2.076839266243e-03 1.090245991309e-02
4.650000000000e+00 2.077833700956e-03 1.092002226837e-02
4.653125000000e+00 2.078840972487e-03 1.093769337186e-02
4.656250000000e+00 2.079861136525e-03 1.095547369114e-02
4.659375000000e+00 2.080894249395e-03 1.097336369748e-02
4.662500000000e+00 2.081940368061e-03 1.099136386585e-02
4.665625000000e+00 2.082999550127e-03 1.100947467489e-02
4.668750000000e+00 2.084071853839e-03 1.102769660696e-02
4.671875000000e+00 2.085157338087e-03 1.104603014812e-02
4.675000000000e+00 2.086256062407e-03 1.106447578815e-02
4.678125000000e+00 2.087368086981e-03 1.108303402056e-02
4.681250000000e+00 2.088493472643e-03 1.110170534257e-02
4.684375000000e+00 2.089632280877e-03 1.112049025515e-02
4.687500000000e+00 2.090784573819e-03 1.113938926301e-02
4.690625000000e+00 2.091950414261e-03 1.115840287459e-02
4.693750000000e+00 2.093129865651e-03 1.117753160210e-02
4.696875000000e+00 2.094322992097e-03 1.119677596150e-02
4.700000000000e+00 2.095529858364e-03 1.121613647250e-02
4.703125000000e+00 2.096750529880e-03 1.123561365860e-02
4.706250000000e+00 2.097985072737e-03 1.125520804703e-02
4.709375000000e+00 2.099233553690e-03 1.127492016883e-02
4.712500000000e+00 2.100496040163e-03 1.129475055879e-02
4.715625000000e+00 2.101772600244e-03 1.131469975549e-02
4.718750000000e+00 2.103063302696e-03 1.133476830127e-02
4.721875000000e+00 2.104368216947e-03 1.135495674226e-02
4.725000000000e+00 2.105687413100e-03 1.137526562838e-02
4.728125000000e+00 2.107020961932e-03 1.139569551333e-02
4.731250000000e+00 2.108368934896e-03 1.141624695457e-02
4.734375000000e+00 2.109731404118e-03 1.143692051336e-02
4.737500000000e+00 2.111108442404e-03 1.145771675475e-02
4.740625000000e+00 2.112500123236e-03 1.147863624754e-02
4.743750000000e+00 2.113906520781e-03 1.149967956433e-02
4.746875000000e+00 2.115327709881e-03 1.152084728148e-02
4.750000000000e+00 2.116763766063e-03 1.154213997912e-02
4.753125000000e+00 2.118214765535e-03 1.156355824116e-02
4.756250000000e+00 2.119680785191e-03 1.158510265526e-02
4.759375000000e+00 2.121161902609e-03 1.160677381284e-02
4.762500000000e+00 2.122658196049e-03 1.162857230907e-02
4.765625000000e+00 2.124169744462e-03 1.165049874287e-02
4.768750000000e+00 2.125696627481e-03 1.167255371687e-02
4.771875000000e+00 2.127238925428e-03 1.169473783745e-02
4.775000000000e+00 2.128796719313e-03 1.171705171472e-02
4.778125000000e+00 2.130370090833e-03 1.173949596247e-02
4.781250000000e+00 2.131959122372e-03 1.176207119821e-02
4.784375000000e+00 2.133563897004e-03 1.178477804313e-02
4.787500000000e+00 2.135184498489e-03 1.180761712208e-02
4.790625000000e+00 2.136821011280e-03 1.183058906360e-02
4.793750000000e+00 2.138473520513e-03 1.185369449984e-02
4.796875000000e+00 2.140142112015e-03 1.187693406662e-02
4.800000000000e+00 2.141826872296e-03 1.190030840335e-02
4.803125000000e+00 2.143527888562e-03 1.192381815303e-02
4.806250000000e+00 2.145245248696e-03 1.194746396228e-02
4.809375000000e+00 2.146979041273e-03 1.197124648123e-02
4.812500000000e+00 2.148729355551e-03 1.199516636359e-02
4.815625000000e+00 2.150496281472e-03 1.201922426656e-02
4.818750000000e+00 2.152279909663e-03 1.204342085084e-02
4.821875000000e+00 2.154080331429e-03 1.206775678062e-02
4.825000000000e+00 2.155897638759e-03 1.209223272352e-02
4.828125000000e+00 2.157731924321e-03 1.211684935056e-02
4.831250000000e+00 2.159583281457e-03 1.214160733620e-02
4.834375000000e+00 2.161451804190e-03 1.216650735822e-02
4.837500000000e+00 2.163337587211e-03 1.219155009774e-02
4.840625000000e+00 2.165240725888e-03 1.221673623919e-02
4.843750000000e+00 2.167161316254e-03 1.224206647026e-02
4.846875000000e+00 2.169099455009e-03 1.226754148186e-02
4.850000000000e+00 2.171055239522e-03 1.229316196811e-02
4.853125000000e+00 2.173028767817e-03 1.231892862627e-02
4.856250000000e+00 2.175020138581e-03 1.234484215673e-02
4.859375000000e+00 2.177029451152e-03 1.237090326295e-02
4.862500000000e+00 2.179056805524e-03 1.239711265142e-02
4.865625000000e+00 2.181102302337e-03 1.242347103161e-02
4.868750000000e+00 2.183166042874e-03 1.244997911592e-02
4.871875000000e+00 2.185248129060e-03 1.247663761968e-02
4.875000000000e+00 2.187348663455e-03 1.250344726101e-02
4.878125000000e+00 2.189467749251e-03 1.253040876086e-02
4.881250000000e+00 2.191605490266e-03 1.255752284288e-02
4.884375000000e+00 2.193761990938e-03 1.258479023341e-02
4.887500000000e+00 2.195937356325e-03 1.261221166142e-02
4.890625000000e+00 2.198131692093e-03 1.263978785840e-02
4.893750000000e+00 2.200345104512e-03 1.266751955837e-02
4.896875000000e+00 2.202577700454e-03 1.269540749777e-02
4.900000000000e+00 2.204829587382e-03 1.272345241538e-02
4.903125000000e+00 2.207100873343e-03 1.275165505228e-02
4.906250000000e+00 2.209391666966e-03 1.278001615179e-02
4.909375000000e+00 2.211702077448e-03 1.280853645934e-02
4.912500000000e+00 2.214032214554e-03 1.283721672244e-02
4.915625000000e+00 2.216382188604e-03 1.286605769058e-02
4.918750000000e+00 2.218752110463e-03 1.289506011515e-02
4.921875000000e+00 2.221142091538e-03 1.292422474936e-02
4.925000000000e+00 2.223552243767e-03 1.295355234815e-02
4.928125000000e+00 2.225982679607e-03 1.298304366807e-02
4.931250000000e+00 2.228433512026e-03 1.301269946725e-02
4.934375000000e+00 2.230904854497e-03 1.304252050524e-02
4.937500000000e+00 2.233396820981e-03 1.307250754291e-02
4.940625000000e+00 2.235909525918e-03 1.310266134242e-02
4.943750000000e+00 2.238443084220e-03 1.313298266701e-02
4.946875000000e+00 2.240997611254e-03 1.316347228097e-02
4.950000000000e+00 2.243573222834e-03 1.319413094948e-02
4.953125000000e+00 2.246170035205e-03 1.322495943853e-02
4.956250000000e+00 2.248788165031e-03 1.325595851475e-02
4.959375000000e+00 2.251427729385e-03 1.328712894533e-02
4.962500000000e+00 2.254088845729e-03 1.331847149786e-02
4.965625000000e+00 2.256771631904e-03 1.334998694023e-02
4.968750000000e+00 2.259476206115e-03 1.338167604045e-02
4.971875000000e+00 2.262202686913e-03 1.341353956656e-02
4.975000000000e+00 2.264951193181e-03 1.344557828643e-02
4.978125000000e+00 2.267721844118e-03 1.347779296768e-02
4.981250000000e+00 2.270514759219e-03 1.351018437744e-02
4.984375000000e+00 2.273330058262e-03 1.354275328227e-02
4.987500000000e+00 2.276167861284e-03 1.357550044797e-02
4.990625000000e+00 2.279028288568e-03 1.360842663938e-02
4.993750000000e+00 2.281911460620e-03 1.364153262028e-02
4.996875000000e+00 2.284817498152e-03 1.367481915314e-02
5.000000000000e+00 2.287746522057e-03 1.370828699898e-02
5.003125000000e+00 2.290698653391e-03 1.374193691719e-02
5.006250000000e+00 2.293674013352e-03 1.377576966530e-02
5.009375000000e+00 2.296672723253e-03 1.380978599882e-02
5.012500000000e+00 2.299694904504e-03 1.384398667102e-02
5.015625000000e+00 2.302740678584e-03 1.387837243274e-02
5.018750000000e+00 2.305810167018e-03 1.391294403214e-02
5.021875000000e+00 2.308903491353e-03 1.394770221453e-02
5.025000000000e+00 2.312020773128e-03 1.398264772209e-02
5.028125000000e+00 2.315162133850e-03 1.401778129369e-02
5.031250000000e+00 2.318327694965e-03 1.405310366464e-02
5.034375000000e+00 2.321517577831e-03 1.408861556641e-02
5.037500000000e+00 2.324731903685e-03 1.412431772643e-02
5.040625000000e+00 2.327970793619e-03 1.416021086781e-02
5.043750000000e+00 2.331234368541e-03 1.419629570909e-02
5.046875000000e+00 2.334522749150e-03 1.423257296393e-02
5.050000000000e+00 2.337836055899e-03 1.426904334089e-02
5.053125000000e+00 2.341174408963e-03 1.430570754312e-02
5.056250000000e+00 2.344537928204e-03 1.434256626807e-02
5.059375000000e+00 2.347926733134e-03 1.437962020719e-02
5.062500000000e+00 2.351340942881e-03 1.441687004562e-02
5.065625000000e+00 2.354780676147e-03 1.445431646191e-02
5.068750000000e+00 2.358246051177e-03 1.449196012765e-02
5.071875000000e+00 2.361737185710e-03 1.452980170717e-02
5.075000000000e+00 2.365254196945e-03 1.456784185722e-02
5.078125000000e+00 2.368797201498e-03 1.460608122657e-02
5.081250000000e+00 2.372366315355e-03 1.464452045574e-02
5.084375000000e+00 2.375961653835e-03 1.468316017655e-02
5.087500000000e+00 2.379583331537e-03 1.472200101180e-02
5.090625000000e+00 2.383231462301e-03 1.476104357490e-02
5.093750000000e+00 2.386906159157e-03 1.480028846944e-02
5.096875000000e+00 2.390607534275e-03 1.483973628884e-02
5.100000000000e+00 2.394335698917e-03 1.487938761590e-02
5.103125000000e+00 2.398090763388e-03 1.491924302242e-02
5.106250000000e+00 2.401872836979e-03 1.495930306876e-02
5.109375000000e+00 2.405682027915e-03 1.499956830340e-02
5.112500000000e+00 2.409518443301e-03 1.504003926250e-02
5.115625000000e+00 2.413382189068e-03 1.508071646945e-02
5.118750000000e+00 2.417273369909e-03 1.512160043440e-02
5.121875000000e+00 2.421192089226e-03 1.516269165378e-02
5.125000000000e+00 2.425138449065e-03 1.520399060983e-02
5.128125000000e+00 2.429112550058e-03 1.524549777007e-02
5.131250000000e+00 2.433114491357e-03 1.528721358685e-02
5.134375000000e+00 2.437144370570e-03 1.532913849677e-02
5.137500000000e+00 2.441202283695e-03 1.537127292017e-02
5.140625000000e+00 2.445288325051e-03 1.541361726063e-02
5.143750000000e+00 2.449402587211e-03 1.545617190434e-02
5.146875000000e+00 2.453545160930e-03 1.549893721961e-02
5.150000000000e+00 2.457716135071e-03 1.554191355623e-02
5.153125000000e+00 2.461915596532e-03 1.558510124496e-02
5.156250000000e+00 2.466143630171e-03 1.562850059683e-02
5.159375000000e+00 2.470400318727e-03 1.567211190261e-02
5.162500000000e+00 2.474685742745e-03 1.571593543215e-02
5.165625000000e+00 2.478999980490e-03 1.575997143375e-02
5.168750000000e+00 2.483343107865e-03 1.580422013350e-02
5.171875000000e+00 2.487715198331e-03 1.584868173462e-02
5.175000000000e+00 2.492116322819e-03 1.589335641679e-02
5.178125000000e+00 2.496546549640e-03 1.593824433546e-02
5.181250000000e+00 2.501005944400e-03 1.598334562115e-02
5.184375000000e+00 2.505494569902e-03 1.602866037870e-02
5.187500000000e+00 2.510012486060e-03 1.607418868661e-02
5.190625000000e+00 2.514559749800e-03 1.611993059620e-02
5.193750000000e+00 2.519136414964e-03 1.616588613096e-02
5.196875000000e+00 2.523742532210e-03 1.621205528569e-02
5.200000000000e+00 2.528378148914e-03 1.625843802577e-02
5.203125000000e+00 2.533043309064e-03 1.630503428632e-02
5.206250000000e+00 2.537738053156e-03 1.635184397142e-02
5.209375000000e+00 2.542462418094e-03 1.639886695328e-02
5.212500000000e+00 2.547216437071e-03 1.644610307135e-02
5.215625000000e+00 2.552000139465e-03 1.649355213154e-02
5.218750000000e+00 2.556813550724e-03 1.654121390529e-02
5.221875000000e+00 2.561656692254e-03 1.658908812870e-02
5.225000000000e+00 2.566529581304e-03 1.663717450164e-02
5.228125000000e+00 2.571432230840e-03 1.668547268684e-02
5.231250000000e+00 2.576364649430e-03 1.673398230892e-02
5.234375000000e+00 2.581326841125e-03 1.678270295351e-02
5.237500000000e+00 2.586318805324e-03 1.683163416623e-02
5.240625000000e+00 2.591340536659e-03 1.688077545176e-02
5.243750000000e+00 2.596392024858e-03 1.693012627283e-02
5.246875000000e+00 2.601473254619e-03 1.697968604923e-02
5.250000000000e+00 2.606584205474e-03 1.702945415678e-02
5.253125000000e+00 2.611724851656e-03 1.707942992631e-02
5.256250000000e+00 2.616895161965e-03 1.712961264261e-02
5.259375000000e+00 2.622095099626e-03 1.718000154340e-02
5.262500000000e+00 2.627324622145e-03 1.723059581819e-02
5.265625000000e+00 2.632583681176e-03 1.728139460725e-02
5.268750000000e+00 2.637872222366e-03 1.733239700051e-02
5.271875000000e+00 2.643190185217e-03 1.738360203641e-02
5.275000000000e+00 2.648537502931e-03 1.743500870078e-02
5.278125000000e+00 2.653914102264e-03 1.748661592574e-02
5.281250000000e+00 2.659319903370e-03 1.753842258850e-02
5.284375000000e+00 2.664754819651e-03 1.759042751021e-02
5.287500000000e+00 2.670218757600e-03 1.764262945479e-02
5.290625000000e+00 2.675711616640e-03 1.769502712773e-02
5.293750000000e+00 2.681233288970e-03 1.774761917489e-02
5.296875000000e+00 2.686783659397e-03 1.780040418131e-02
5.300000000000e+00 2.692362605182e-03 1.785338066992e-02
5.303125000000e+00 2.697969995869e-03 1.790654710041e-02
5.306250000000e+00 2.703605693123e-03 1.795990186789e-02
5.309375000000e+00 2.709269550559e-03 1.801344330168e-02
5.312500000000e+00 2.714961413577e-03 1.806716966406e-02
5.315625000000e+00 2.720681119189e-03 1.812107914896e-02
5.318750000000e+00 2.726428495854e-03 1.817516988074e-02
5.321875000000e+00 2.732203363296e-03 1.822943991285e-02
5.325000000000e+00 2.738005532337e-03 1.828388722656e-02
5.328125000000e+00 2.743834804720e-03 1.833850972968e-02
5.331250000000e+00 2.749690972936e-03 1.839330525523e-02
5.334375000000e+00 2.755573820045e-03 1.844827156014e-02
5.337500000000e+00 2.761483119499e-03 1.850340632399e-02
5.340625000000e+00 2.767418634966e-03 1.855870714760e-02
5.343750000000e+00 2.773380120151e-03 1.861417155182e-02
5.346875000000e+00 2.779367318615e-03 1.866979697617e-02
5.350000000000e+00 2.785379963601e-03 1.872558077749e-02
5.353125000000e+00 2.791417777851e-03 1.878152022872e-02
5.356250000000e+00 2.797480473427e-03 1.883761251751e-02
5.359375000000e+00 2.803567751535e-03 1.889385474496e-02
5.362500000000e+00 2.809679302340e-03 1.895024392428e-02
5.365625000000e+00 2.815814804800e-03 1.900677697955e-02
5.368750000000e+00 2.821973926472e-03 1.906345074440e-02
5.371875000000e+00 2.828156323347e-03 1.912026196073e-02
5.375000000000e+00 2.834361639670e-03 1.917720727746e-02
5.378125000000e+00 2.840589507764e-03 1.923428324925e-02
5.381250000000e+00 2.846839547861e-03 1.929148633529e-02
5.384375000000e+00 2.853111367924e-03 1.934881289804e-02
5.387500000000e+00 2.859404563476e-03 1.940625920205e-02
5.390625000000e+00 2.865718717442e-03 1.946382141273e-02
5.393750000000e+00 2.872053399966e-03 1.952149559521e-02
5.396875000000e+00 2.878408168263e-03 1.957927771317e-02
5.400000000000e+00 2.884782566446e-03 1.963716362769e-02
5.403125000000e+00 2.891176125372e-03 1.969514909619e-02
5.406250000000e+00 2.897588362486e-03 1.975322977133e-02
5.409375000000e+00 2.904018781667e-03 1.981140119994e-02
5.412500000000e+00 2.910466873079e-03 1.986965882202e-02
5.415625000000e+00 2.916932113029e-03 1.992799796979e-02
5.418750000000e+00 2.923413963822e-03 1.998641386666e-02
5.421875000000e+00 2.929911873624e-03 2.004490162639e-02
5.425000000000e+00 2.936425276334e-03 2.010345625217e-02
5.428125000000e+00 2.942953591454e-03 2.016207263581e-02
5.431250000000e+00 2.949496223965e-03 2.022074555696e-02
5.434375000000e+00 2.956052564216e-03 2.027946968232e-02
5.437500000000e+00 2.962621987804e-03 2.033823956503e-02
5.440625000000e+00 2.969203855482e-03 2.039704964393e-02
5.443750000000e+00 2.975797513052e-03 2.045589424306e-02
5.446875000000e+00 2.982402291273e-03 2.051476757106e-02
5.450000000000e+00 2.989017505785e-03 2.057366372074e-02
5.453125000000e+00 2.995642457023e-03 2.063257666866e-02
5.456250000000e+00 3.002276430152e-03 2.069150027476e-02
5.459375000000e+00 3.008918695009e-03 2.075042828211e-02
5.462500000000e+00 3.015568506048e-03 2.080935431666e-02
5.465625000000e+00 3.022225102294e-03 2.086827188716e-02
5.468750000000e+00 3.028887707314e-03 2.092717438501e-02
5.471875000000e+00 3.035555529187e-03 2.098605508436e-02
5.475000000000e+00 3.042227760496e-03 2.104490714214e-02
5.478125000000e+00 3.048903578317e-03 2.110372359827e-02
5.481250000000e+00 3.055582144226e-03 2.116249737591e-02
5.484375000000e+00 3.062262604320e-03 2.122122128178e-02
5.487500000000e+00 3.068944089244e-03 2.127988800668e-02
5.490625000000e+00 3.075625714229e-03 2.133849012593e-02
5.493750000000e+00 3.082306579146e-03 2.139702010006e-02
5.496875000000e+00 3.088985768571e-03 2.145547027554e-02
5.500000000000e+00 3.095662351861e-03 2.151383288559e-02
5.503125000000e+00 3.102335383247e-03 2.157210005112e-02
5.506250000000e+00 3.109003901938e-03 2.163026378178e-02
5.509375000000e+00 3.115666932234e-03 2.168831597714e-02
5.512500000000e+00 3.122323483667e-03 2.174624842790e-02
5.515625000000e+00 3.128972551138e-03 2.180405281731e-02
5.518750000000e+00 3.135613115085e-03 2.186172072268e-02
5.521875000000e+00 3.142244141659e-03 2.191924361694e-02
5.525000000000e+00 3.148864582913e-03 2.197661287045e-02
5.528125000000e+00 3.155473377010e-03 2.203381975280e-02
5.531250000000e+00 3.162069448449e-03 2.209085543482e-02
5.534375000000e+00 3.168651708299e-03 2.214771099071e-02
5.537500000000e+00 3.175219054468e-03 2.220437740025e-02
5.540625000000e+00 3.181770371957e-03 2.226084555120e-02
5.543750000000e+00 3.188304533167e-03 2.231710624178e-02
5.546875000000e+00 3.194820398195e-03 2.237315018333e-02
5.550000000000e+00 3.201316815163e-03 2.242896800306e-02
5.553125000000e+00 3.207792620560e-03 2.248455024699e-02
5.556250000000e+00 3.214246639594e-03 2.253988738294e-02
5.559375000000e+00 3.220677686581e-03 2.259496980376e-02
5.562500000000e+00 3.227084565328e-03 2.264978783064e-02
5.565625000000e+00 3.233466069550e-03 2.270433171653e-02
5.568750000000e+00 3.239820983301e-03 2.275859164979e-02
5.571875000000e+00 3.246148081423e-03 2.281255775785e-02
5.575000000000e+00 3.252446130008e-03 2.286622011115e-02
5.578125000000e+00 3.258713886884e-03 2.291956872708e-02
5.581250000000e+00 3.264950102113e-03 2.297259357418e-02
5.584375000000e+00 3.271153518523e-03 2.302528457637e-02
5.587500000000e+00 3.277322872225e-03 2.307763161738e-02
5.590625000000e+00 3.283456893183e-03 2.312962454528e-02
5.593750000000e+00 3.289554305778e-03 2.318125317715e-02
5.596875000000e+00 3.295613829396e-03 2.323250730391e-02
5.600000000000e+00 3.301634179039e-03 2.328337669519e-02
5.603125000000e+00 3.307614065937e-03 2.333385110444e-02
5.606250000000e+00 3.313552198193e-03 2.338392027404e-02
5.609375000000e+00 3.319447281430e-03 2.343357394063e-02
5.612500000000e+00 3.325298019464e-03 2.348280184049e-02
5.615625000000e+00 3.331103114984e-03 2.353159371505e-02
5.618750000000e+00 3.336861270253e-03 2.357993931650e-02
5.621875000000e+00 3.342571187813e-03 2.362782841355e-02
5.625000000000e+00 3.348231571215e-03 2.367525079718e-02
5.628125000000e+00 3.353841125751e-03 2.372219628659e-02
5.631250000000e+00 3.359398559214e-03 2.376865473518e-02
5.634375000000e+00 3.364902582643e-03 2.381461603666e-02
5.637500000000e+00 3.370351911106e-03 2.386007013115e-02
5.640625000000e+00 3.375745264477e-03 2.390500701143e-02
5.643750000000e+00 3.381081368228e-03 2.394941672924e-02
5.646875000000e+00 3.386358954228e-03 2.399328940160e-02
5.650000000000e+00 3.391576761546e-03 2.403661521725e-02
5.653125000000e+00 3.396733537271e-03 2.407938444303e-02
5.656250000000e+00 3.401828037325e-03 2.412158743039e-02
5.659375000000e+00 3.406859027290e-03 2.416321462193e-02
5.662500000000e+00 3.411825283236e-03 2.420425655787e-02
5.665625000000e+00 3.416725592550e-03 2.424470388262e-02
5.668750000000e+00 3.421558754774e-03 2.428454735133e-02
5.671875000000e+00 3.426323582431e-03 2.432377783644e-02
5.675000000000e+00 3.431018901864e-03 2.436238633422e-02
5.678125000000e+00 3.435643554073e-03 2.440036397126e-02
5.681250000000e+00 3.440196395534e-03 2.443770201101e-02
5.684375000000e+00 3.444676299034e-03 2.447439186018e-02
5.687500000000e+00 3.449082154494e-03 2.451042507518e-02
5.690625000000e+00 3.453412869779e-03 2.454579336849e-02
5.693750000000e+00 3.457667371519e-03 2.458048861490e-02
5.696875000000e+00 3.461844605902e-03 2.461450285779e-02
5.700000000000e+00 3.465943539468e-03 2.464782831523e-02
5.703125000000e+00 3.469963159900e-03 2.468045738604e-02
5.706250000000e+00 3.473902476783e-03 2.471238265576e-02
5.709375000000e+00 3.477760522378e-03 2.474359690246e-02
5.712500000000e+00 3.481536352353e-03 2.477409310249e-02
5.715625000000e+00 3.485229046527e-03 2.480386443608e-02
5.718750000000e+00 3.488837709574e-03 2.483290429280e-02
5.721875000000e+00 3.492361471725e-03 2.486120627689e-02
5.725000000000e+00 3.495799489453e-03 2.488876421241e-02
5.728125000000e+00 3.499150946128e-03 2.491557214832e-02
5.731250000000e+00 3.502415052656e-03 2.494162436326e-02
5.734375000000e+00 3.505591048104e-03 2.496691537023e-02
5.737500000000e+00 3.508678200292e-03 2.499143992114e-02
5.740625000000e+00 3.511675806374e-03 2.501519301102e-02
5.743750000000e+00 3.514583193381e-03 2.503816988222e-02
5.746875000000e+00 3.517399718749e-03 2.506036602822e-02
5.750000000000e+00 3.520124770817e-03 2.508177719738e-02
5.753125000000e+00 3.522757769303e-03 2.510239939641e-02
5.756250000000e+00 3.525298165748e-03 2.512222889358e-02
5.759375000000e+00 3.527745443929e-03 2.514126222178e-02
5.762500000000e+00 3.530099120256e-03 2.515949618131e-02
5.765625000000e+00 3.532358744121e-03 2.517692784244e-02
5.768750000000e+00 3.534523898234e-03 2.519355454769e-02
5.771875000000e+00 3.536594198921e-03 2.520937391394e-02
5.775000000000e+00 3.538569296391e-03 2.522438383424e-02
5.778125000000e+00 3.540448874971e-03 2.523858247936e-02
5.781250000000e+00 3.542232653310e-03 2.525196829914e-02
5.784375000000e+00 3.543920384554e-03 2.526454002353e-02
5.787500000000e+00 3.545511856490e-03 2.527629666339e-02
5.790625000000e+00 3.547006891643e-03 2.528723751106e-02
5.793750000000e+00 3.548405347360e-03 2.529736214061e-02
5.796875000000e+00 3.549707115850e-03 2.530667040790e-02
5.800000000000e+00 3.550912124195e-03 2.531516245035e-02
5.803125000000e+00 3.552020334326e-03 2.532283868641e-02
5.806250000000e+00 3.553031742969e-03 2.532969981487e-02
5.809375000000e+00 3.553946381554e-03 2.533574681380e-02
5.812500000000e+00 3.554764316104e-03 2.534098093936e-02
5.815625000000e+00 3.555485647072e-03 2.534540372423e-02
5.818750000000e+00 3.556110509167e-03 2.534901697591e-02
5.821875000000e+00 3.556639071137e-03 2.535182277469e-02
5.825000000000e+00 3.557071535525e-03 2.535382347142e-02
5.828125000000e+00 3.557408138392e-03 2.535502168505e-02
5.831250000000e+00 3.557649149013e-03 2.535542029991e-02
5.834375000000e+00 3.557794869552e-03 2.535502246279e-02
5.837500000000e+00 3.557845634685e-03 2.535383157978e-02
5.840625000000e+00 3.557801811225e-03 2.535185131292e-02
5.843750000000e+00 3.557663797694e-03 2.534908557660e-02
5.846875000000e+00 3.557432023890e-03 2.534553853379e-02
5.850000000000e+00 3.557106950417e-03 2.534121459206e-02
5.853125000000e+00 3.556689068188e-03 2.533611839945e-02
5.856250000000e+00 3.556178897913e-03 2.533025484007e-02
5.859375000000e+00 3.555576989561e-03 2.532362902961e-02
5.862500000000e+00 3.554883921797e-03 2.531624631066e-02
5.865625000000e+00 3.554100301405e-03 2.530811224785e-02
5.868750000000e+00 3.553226762682e-03 2.529923262283e-02
5.871875000000e+00 3.552263966826e-03 2.528961342919e-02
5.875000000000e+00 3.551212601288e-03 2.527926086713e-02
5.878125000000e+00 3.550073379127e-03 2.526818133807e-02
5.881250000000e+00 3.548847038340e-03 2.525638143915e-02
5.884375000000e+00 3.547534341174e-03 2.524386795760e-02
5.887500000000e+00 3.546136073430e-03 2.523064786500e-02
5.890625000000e+00 3.544653043754e-03 2.521672831146e-02
5.893750000000e+00 3.543086082913e-03 2.520211661975e-02
5.896875000000e+00 3.541436043074e-03 2.518682027926e-02
5.900000000000e+00 3.539703797048e-03 2.517084694004e-02
5.903125000000e+00 3.537890237555e-03 2.515420440664e-02
5.906250000000e+00 3.535996276461e-03 2.513690063201e-02
5.909375000000e+00 3.534022844022e-03 2.511894371125e-02
5.912500000000e+00 3.531970888116e-03 2.510034187547e-02
5.915625000000e+00 3.529841373474e-03 2.508110348550e-02
5.918750000000e+00 3.527635280908e-03 2.506123702566e-02
5.921875000000e+00 3.525353606536e-03 2.504075109746e-02
5.925000000000e+00 3.522997361008e-03 2.501965441340e-02
5.928125000000e+00 3.520567568736e-03 2.499795579065e-02
5.931250000000e+00 3.518065267114e-03 2.497566414487e-02
5.934375000000e+00 3.515491505752e-03 2.495278848395e-02
5.937500000000e+00 3.512847345707e-03 2.492933790188e-02
5.940625000000e+00 3.510133858718e-03 2.490532157253e-02
5.943750000000e+00 3.507352126451e-03 2.488074874363e-02
5.946875000000e+00 3.504503239742e-03 2.485562873063e-02
5.950000000000e+00 3.501588297848e-03 2.482997091081e-02
5.953125000000e+00 3.498608407715e-03 2.480378471722e-02
5.956250000000e+00 3.495564683237e-03 2.477707963294e-02
5.959375000000e+00 3.492458244542e-03 2.474986518518e-02
5.962500000000e+00 3.489290217268e-03 2.472215093964e-02
5.965625000000e+00 3.486061731867e-03 2.469394649484e-02
5.968750000000e+00 3.482773922908e-03 2.466526147659e-02
5.971875000000e+00 3.479427928393e-03 2.463610553253e-02
5.975000000000e+00 3.476024889088e-03 2.460648832678e-02
5.978125000000e+00 3.472565947866e-03 2.457641953470e-02
5.981250000000e+00 3.469052249055e-03 2.454590883769e-02
5.984375000000e+00 3.465484937808e-03 2.451496591822e-02
5.987500000000e+00 3.461865159481e-03 2.448360045481e-02
5.990625000000e+00 3.458194059034e-03 2.445182211730e-02
5.993750000000e+00 3.454472780426e-03 2.441964056204e-02
5.996875000000e+00 3.450702466048e-03 2.438706542741e-02
6.000000000000e+00 3.446884256152e-03 2.435410632924e-02
6.003125000000e+00 3.443019288308e-03 2.432077285656e-02
6.006250000000e+00 3.439108696871e-03 2.428707456730e-02
6.009375000000e+00 3.435153612455e-03 2.425302098422e-02
6.012500000000e+00 3.431155161438e-03 2.421862159095e-02
6.015625000000e+00 3.427114465476e-03 2.418388582809e-02
6.018750000000e+00 3.423032641022e-03 2.414882308953e-02
6.021875000000e+00 3.418910798882e-03 2.411344271883e-02
6.025000000000e+00 3.414750043765e-03 2.407775400573e-02
6.028125000000e+00 3.410551473864e-03 2.404176618287e-02
6.031250000000e+00 3.406316180446e-03 2.400548842250e-02
6.034375000000e+00 3.402045247460e-03 2.396892983343e-02
6.037500000000e+00 3.397739751157e-03 2.393209945805e-02
6.040625000000e+00 3.393400759735e-03 2.389500626951e-02
6.043750000000e+00 3.389029332982e-03 2.385765916899e-02
6.046875000000e+00 3.384626521955e-03 2.382006698310e-02
6.050000000000e+00 3.380193368659e-03 2.378223846144e-02
6.053125000000e+00 3.375730905755e-03 2.374418227423e-02
6.056250000000e+00 3.371240156260e-03 2.370590701008e-02
6.059375000000e+00 3.366722133291e-03 2.366742117392e-02
6.062500000000e+00 3.362177839798e-03 2.362873318495e-02
6.065625000000e+00 3.357608268331e-03 2.358985137480e-02
6.068750000000e+00 3.353014400808e-03 2.355078398577e-02
6.071875000000e+00 3.348397208302e-03 2.351153916915e-02
6.075000000000e+00 3.343757650841e-03 2.347212498371e-02
6.078125000000e+00 3.339096677222e-03 2.343254939422e-02
6.081250000000e+00 3.334415224839e-03 2.339282027018e-02
6.084375000000e+00 3.329714219521e-03 2.335294538454e-02
6.087500000000e+00 3.324994575387e-03 2.331293241259e-02
6.090625000000e+00 3.320257194707e-03 2.327278893094e-02
6.093750000000e+00 3.315502967782e-03 2.323252241660e-02
6.096875000000e+00 3.310732772829e-03 2.319214024609e-02
6.100000000000e+00 3.305947475890e-03 2.315164969475e-02
6.103125000000e+00 3.301147930731e-03 2.311105793607e-02
6.106250000000e+00 3.296334978775e-03 2.307037204109e-02
6.109375000000e+00 3.291509449028e-03 2.302959897793e-02
6.112500000000e+00 3.286672158026e-03 2.298874561142e-02
6.115625000000e+00 3.281823909786e-03 2.294781870271e-02
6.118750000000e+00 3.276965495773e-03 2.290682490908e-02
6.121875000000e+00 3.272097694865e-03 2.286577078371e-02
6.125000000000e+00 3.267221273342e-03 2.282466277565e-02
6.128125000000e+00 3.262336984871e-03 2.278350722970e-02
6.131250000000e+00 3.257445570509e-03 2.274231038653e-02
6.134375000000e+00 3.252547758706e-03 2.270107838271e-02
6.137500000000e+00 3.247644265319e-03 2.265981725090e-02
6.140625000000e+00 3.242735793640e-03 2.261853292010e-02
6.143750000000e+00 3.237823034418e-03 2.257723121585e-02
6.146875000000e+00 3.232906665904e-03 2.253591786065e-02
6.150000000000e+00 3.227987353887e-03 2.249459847430e-02
6.153125000000e+00 3.223065751746e-03 2.245327857434e-02
6.156250000000e+00 3.218142500506e-03 2.241196357653e-02
6.159375000000e+00 3.213218228903e-03 2.237065879543e-02
6.162500000000e+00 3.208293553445e-03 2.232936944490e-02
6.165625000000e+00 3.203369078490e-03 2.228810063878e-02
6.168750000000e+00 3.198445396318e-03 2.224685739151e-02
6.171875000000e+00 3.193523087223e-03 2.220564461887e-02
6.175000000000e+00 3.188602719590e-03 2.216446713865e-02
6.178125000000e+00 3.183684849992e-03 2.212332967146e-02
6.181250000000e+00 3.178770023285e-03 2.208223684153e-02
6.184375000000e+00 3.173858772706e-03 2.204119317752e-02
6.187500000000e+00 3.168951619978e-03 2.200020311338e-02
6.190625000000e+00 3.164049075415e-03 2.195927098924e-02
6.193750000000e+00 3.159151638031e-03 2.191840105231e-02
6.196875000000e+00 3.154259795656e-03 2.187759745782e-02
6.200000000000e+00 3.149374025049e-03 2.183686426996e-02
6.203125000000e+00 3.144494792014e-03 2.179620546290e-02
6.206250000000e+00 3.139622551525e-03 2.175562492170e-02
6.209375000000e+00 3.134757747848e-03 2.171512644341e-02
6.212500000000e+00 3.129900814662e-03 2.167471373801e-02
6.215625000000e+00 3.125052175188e-03 2.163439042953e-02
6.218750000000e+00 3.120212242317e-03 2.159416005704e-02
6.221875000000e+00 3.115381418742e-03 2.155402607575e-02
6.225000000000e+00 3.110560097087e-03 2.151399185807e-02
6.228125000000e+00 3.105748660035e-03 2.147406069469e-02
6.231250000000e+00 3.100947480472e-03 2.143423579570e-02
6.234375000000e+00 3.096156921611e-03 2.139452029164e-02
6.237500000000e+00 3.091377337131e-03 2.135491723465e-02
6.240625000000e+00 3.086609071316e-03 2.131542959957e-02
6.243750000000e+00 3.081852459188e-03 2.127606028503e-02
6.246875000000e+00 3.077107826641e-03 2.123681211460e-02
6.250000000000e+00 3.072375490585e-03 2.119768783787e-02
6.253125000000e+00 3.067655759074e-03 2.115869013162e-02
6.256250000000e+00 3.062948931456e-03 2.111982160087e-02
6.259375000000e+00 3.058255298496e-03 2.108108478008e-02
6.262500000000e+00 3.053575142522e-03 2.104248213420e-02
6.265625000000e+00 3.048908737561e-03 2.100401605983e-02
6.268750000000e+00 3.044256349471e-03 2.096568888631e-02
6.271875000000e+00 3.039618236086e-03 2.092750287682e-02
6.275000000000e+00 3.034994647339e-03 2.088946022952e-02
6.278125000000e+00 3.030385825409e-03 2.085156307864e-02
6.281250000000e+00 3.025792004848e-03 2.081381349552e-02
6.284375000000e+00 3.021213412719e-03 2.077621348981e-02
6.287500000000e+00 3.016650268727e-03 2.073876501044e-02
6.290625000000e+00 3.012102785352e-03 2.070146994676e-02
6.293750000000e+00 3.007571167978e-03 2.066433012961e-02
6.296875000000e+00 3.003055615029e-03 2.062734733236e-02
6.300000000000e+00 2.998556318090e-03 2.059052327195e-02
6.303125000000e+00 2.994073462046e-03 2.055385960999e-02
6.306250000000e+00 2.989607225199e-03 2.051735795374e-02
6.309375000000e+00 2.985157779401e-03 2.048101985716e-02
6.312500000000e+00 2.980725290176e-03 2.044484682194e-02
6.315625000000e+00 2.976309916844e-03 2.040884029849e-02
6.318750000000e+00 2.971911812646e-03 2.037300168694e-02
6.321875000000e+00 2.967531124863e-03 2.033733233813e-02
6.325000000000e+00 2.963167994935e-03 2.030183355461e-02
6.328125000000e+00 2.958822558584e-03 2.026650659156e-02
6.331250000000e+00 2.954494945925e-03 2.023135265778e-02
6.334375000000e+00 2.950185281591e-03 2.019637291663e-02
6.337500000000e+00 2.945893684839e-03 2.016156848696e-02
6.340625000000e+00 2.941620269667e-03 2.012694044405e-02
6.343750000000e+00 2.937365144928e-03 2.009248982047e-02
6.346875000000e+00 2.933128414433e-03 2.005821760704e-02
6.350000000000e+00 2.928910177070e-03 2.002412475368e-02
6.353125000000e+00 2.924710526907e-03 1.999021217032e-02
6.356250000000e+00 2.920529553292e-03 1.995648072770e-02
6.359375000000e+00 2.916367340969e-03 1.992293125832e-02
6.362500000000e+00 2.912223970170e-03 1.988956455718e-02
6.365625000000e+00 2.908099516728e-03 1.985638138268e-02
6.368750000000e+00 2.903994052167e-03 1.982338245741e-02
6.371875000000e+00 2.899907643806e-03 1.979056846894e-02
6.375000000000e+00 2.895840354853e-03 1.975794007066e-02
6.378125000000e+00 2.891792244507e-03 1.972549788251e-02
6.381250000000e+00 2.887763368045e-03 1.969324249177e-02
6.384375000000e+00 2.883753776918e-03 1.966117445384e-02
6.387500000000e+00 2.879763518842e-03 1.962929429294e-02
6.390625000000e+00 2.875792637890e-03 1.959760250289e-02
6.393750000000e+00 2.871841174574e-03 1.956609954778e-02
6.396875000000e+00 2.867909165940e-03 1.953478586274e-02
6.400000000000e+00 2.863996645648e-03 1.950366185461e-02
6.403125000000e+00 2.860103644058e-03 1.947272790259e-02
6.406250000000e+00 2.856230188311e-03 1.944198435900e-02
6.409375000000e+00 2.852376302413e-03 1.941143154987e-02
6.412500000000e+00 2.848542007312e-03 1.938106977562e-02
6.415625000000e+00 2.844727320979e-03 1.935089931171e-02
6.418750000000e+00 2.840932258480e-03 1.932092040926e-02
6.421875000000e+00 2.837156832059e-03 1.929113329566e-02
6.425000000000e+00 2.833401051206e-03 1.926153817521e-02
6.428125000000e+00 2.829664922733e-03 1.923213522968e-02
6.431250000000e+00 2.825948450844e-03 1.920292461893e-02
6.434375000000e+00 2.822251637206e-03 1.917390648146e-02
6.437500000000e+00 2.818574481017e-03 1.914508093499e-02
6.440625000000e+00 2.814916979077e-03 1.911644807702e-02
6.443750000000e+00 2.811279125847e-03 1.908800798535e-02
6.446875000000e+00 2.807660913525e-03 1.905976071865e-02
6.450000000000e+00 2.804062332098e-03 1.903170631696e-02
6.453125000000e+00 2.800483369413e-03 1.900384480221e-02
6.456250000000e+00 2.796924011232e-03 1.897617617873e-02
6.459375000000e+00 2.793384241301e-03 1.894870043374e-02
6.462500000000e+00 2.789864041399e-03 1.892141753785e-02
6.465625000000e+00 2.786363391402e-03 1.889432744551e-02
6.468750000000e+00 2.782882269337e-03 1.886743009549e-02
6.471875000000e+00 2.779420651438e-03 1.884072541135e-02
6.475000000000e+00 2.775978512203e-03 1.881421330189e-02
6.478125000000e+00 2.772555824442e-03 1.878789366155e-02
6.481250000000e+00 2.769152559334e-03 1.876176637088e-02
6.484375000000e+00 2.765768686473e-03 1.873583129696e-02
6.487500000000e+00 2.762404173924e-03 1.871008829381e-02
6.490625000000e+00 2.759058988268e-03 1.868453720276e-02
6.493750000000e+00 2.755733094650e-03 1.865917785292e-02
6.496875000000e+00 2.752426456827e-03 1.863401006150e-02
6.500000000000e+00 2.749139037213e-03 1.860903363423e-02
6.503125000000e+00 2.745870796926e-03 1.858424836570e-02
6.506250000000e+00 2.742621695829e-03 1.855965403977e-02
6.509375000000e+00 2.739391692574e-03 1.853525042991e-02
6.512500000000e+00 2.736180744646e-03 1.851103729951e-02
6.515625000000e+00 2.732988808401e-03 1.848701440229e-02
6.518750000000e+00 2.729815839106e-03 1.846318148257e-02
6.521875000000e+00 2.726661790985e-03 1.843953827567e-02
6.525000000000e+00 2.723526617248e-03 1.841608450815e-02
6.528125000000e+00 2.720410270135e-03 1.839281989820e-02
6.531250000000e+00 2.717312700949e-03 1.836974415588e-02
6.534375000000e+00 2.714233860095e-03 1.834685698349e-02
6.537500000000e+00 2.711173697115e-03 1.832415807578e-02
6.540625000000e+00 2.708132160719e-03 1.830164712034e-02
6.543750000000e+00 2.705109198821e-03 1.827932379778e-02
6.546875000000e+00 2.702104758571e-03 1.825718778208e-02
6.550000000000e+00 2.699118786389e-03 1.823523874082e-02
6.553125000000e+00 2.696151227992e-03 1.821347633545e-02
6.556250000000e+00 2.693202028430e-03 1.819190022156e-02
6.559375000000e+00 2.690271132110e-03 1.817051004911e-02
6.562500000000e+00 2.687358482830e-03 1.814930546271e-02
6.565625000000e+00 2.684464023803e-03 1.812828610182e-02
6.568750000000e+00 2.681587697690e-03 1.810745160101e-02
6.571875000000e+00 2.678729446622e-03 1.808680159016e-02
6.575000000000e+00 2.675889212229e-03 1.806633569475e-02
6.578125000000e+00 2.673066935665e-03 1.804605353600e-02
6.581250000000e+00 2.670262557634e-03 1.802595473112e-02
6.584375000000e+00 2.667476018415e-03 1.800603889355e-02
6.587500000000e+00 2.664707257883e-03 1.798630563310e-02
6.590625000000e+00 2.661956215533e-03 1.796675455618e-02
6.593750000000e+00 2.659222830509e-03 1.794738526603e-02
6.596875000000e+00 2.656507041615e-03 1.792819736284e-02
6.600000000000e+00 2.653808787349e-03 1.790919044398e-02
6.603125000000e+00 2.651128005914e-03 1.789036410420e-02
6.606250000000e+00 2.648464635243e-03 1.787171793574e-02
6.609375000000e+00 2.645818613020e-03 1.785325152858e-02
6.612500000000e+00 2.643189876696e-03 1.783496447054e-02
6.615625000000e+00 2.640578363514e-03 1.781685634749e-02
6.618750000000e+00 2.637984010521e-03 1.779892674350e-02
6.621875000000e+00 2.635406754588e-03 1.778117524099e-02
6.625000000000e+00 2.632846532430e-03 1.776360142088e-02
6.628125000000e+00 2.630303280622e-03 1.774620486276e-02
6.631250000000e+00 2.627776935616e-03 1.772898514500e-02
6.634375000000e+00 2.625267433753e-03 1.771194184493e-02
6.637500000000e+00 2.622774711287e-03 1.769507453896e-02
6.640625000000e+00 2.620298704393e-03 1.767838280270e-02
6.643750000000e+00 2.617839349184e-03 1.766186621113e-02
6.646875000000e+00 2.615396581732e-03 1.764552433870e-02
6.650000000000e+00 2.612970338069e-03 1.762935675944e-02
6.653125000000e+00 2.610560554215e-03 1.761336304714e-02
6.656250000000e+00 2.608167166182e-03 1.759754277541e-02
6.659375000000e+00 2.605790109989e-03 1.758189551782e-02
6.662500000000e+00 2.603429321679e-03 1.756642084802e-02
6.665625000000e+00 2.601084737326e-03 1.755111833983e-02
6.668750000000e+00 2.598756293049e-03 1.753598756739e-02
6.671875000000e+00 2.596443925025e-03 1.752102810519e-02
6.675000000000e+00 2.594147569497e-03 1.750623952825e-02
6.678125000000e+00 2.591867162792e-03 1.749162141217e-02
6.681250000000e+00 2.589602641322e-03 1.747717333325e-02
6.684375000000e+00 2.587353941602e-03 1.746289486859e-02
6.687500000000e+00 2.585121000257e-03 1.744878559613e-02
6.690625000000e+00 2.582903754032e-03 1.743484509482e-02
6.693750000000e+00 2.580702139803e-03 1.742107294464e-02
6.696875000000e+00 2.578516094583e-03 1.740746872672e-02
6.700000000000e+00 2.576345555535e-03 1.739403202341e-02
6.703125000000e+00 2.574190459979e-03 1.738076241837e-02
6.706250000000e+00 2.572050745399e-03 1.736765949663e-02
6.709375000000e+00 2.569926349452e-03 1.735472284468e-02
6.712500000000e+00 2.567817209980e-03 1.734195205056e-02
6.715625000000e+00 2.565723265010e-03 1.732934670389e-02
6.718750000000e+00 2.563644452769e-03 1.731690639597e-02
6.721875000000e+00 2.561580711683e-03 1.730463071986e-02
6.725000000000e+00 2.559531980396e-03 1.729251927040e-02
6.728125000000e+00 2.557498197764e-03 1.728057164432e-02
6.731250000000e+00 2.555479302870e-03 1.726878744030e-02
6.734375000000e+00 2.553475235025e-03 1.725716625898e-02
6.737500000000e+00 2.551485933780e-03 1.724570770310e-02
6.740625000000e+00 2.549511338928e-03 1.723441137748e-02
6.743750000000e+00 2.547551390509e-03 1.722327688912e-02
6.746875000000e+00 2.545606028817e-03 1.721230384727e-02
6.750000000000e+00 2.543675194408e-03 1.720149186341e-02
6.753125000000e+00 2.541758828100e-03 1.719084055140e-02
6.756250000000e+00 2.539856870982e-03 1.718034952744e-02
6.759375000000e+00 2.537969264419e-03 1.717001841019e-02
6.762500000000e+00 2.536095950053e-03 1.715984682076e-02
6.765625000000e+00 2.534236869810e-03 1.714983438280e-02
6.768750000000e+00 2.532391965904e-03 1.713998072252e-02
6.771875000000e+00 2.530561180845e-03 1.713028546874e-02
6.775000000000e+00 2.528744457434e-03 1.712074825292e-02
6.778125000000e+00 2.526941738777e-03 1.711136870923e-02
6.781250000000e+00 2.525152968281e-03 1.710214647456e-02
6.784375000000e+00 2.523378089662e-03 1.709308118858e-02
6.787500000000e+00 2.521617046948e-03 1.708417249375e-02
6.790625000000e+00 2.519869784480e-03 1.707542003541e-02
6.793750000000e+00 2.518136246918e-03 1.706682346173e-02
6.796875000000e+00 2.516416379242e-03 1.705838242384e-02
6.800000000000e+00 2.514710126757e-03 1.705009657577e-02
6.803125000000e+00 2.513017435095e-03 1.704196557456e-02
6.806250000000e+00 2.511338250215e-03 1.703398908026e-02
6.809375000000e+00 2.509672518412e-03 1.702616675593e-02
6.812500000000e+00 2.508020186311e-03 1.701849826773e-02
6.815625000000e+00 2.506381200878e-03 1.701098328490e-02
6.818750000000e+00 2.504755509418e-03 1.700362147980e-02
6.821875000000e+00 2.503143059576e-03 1.699641252794e-02
6.825000000000e+00 2.501543799340e-03 1.698935610803e-02
6.828125000000e+00 2.499957677045e-03 1.698245190195e-02
6.831250000000e+00 2.498384641373e-03 1.697569959481e-02
6.834375000000e+00 2.496824641357e-03 1.696909887498e-02
6.837500000000e+00 2.495277626380e-03 1.696264943409e-02
6.840625000000e+00 2.493743546175e-03 1.695635096707e-02
6.843750000000e+00 2.492222350835e-03 1.695020317215e-02
6.846875000000e+00 2.490713990803e-03 1.694420575091e-02
6.850000000000e+00 2.489218416883e-03 1.693835840826e-02
6.853125000000e+00 2.487735580236e-03 1.693266085250e-02
6.856250000000e+00 2.486265432383e-03 1.692711279532e-02
6.859375000000e+00 2.484807925205e-03 1.692171395181e-02
6.862500000000e+00 2.483363010946e-03 1.691646404049e-02
6.865625000000e+00 2.481930642213e-03 1.691136278331e-02
6.868750000000e+00 2.480510771976e-03 1.690640990569e-02
6.871875000000e+00 2.479103353572e-03 1.690160513653e-02
6.875000000000e+00 2.477708340702e-03 1.689694820820e-02
6.878125000000e+00 2.476325687431e-03 1.689243885659e-02
6.881250000000e+00 2.474955348196e-03 1.688807682107e-02
6.884375000000e+00 2.473597277800e-03 1.688386184459e-02
6.887500000000e+00 2.472251431412e-03 1.687979367361e-02
6.890625000000e+00 2.470917764574e-03 1.687587205816e-02
6.893750000000e+00 2.469596233193e-03 1.687209675181e-02
6.896875000000e+00 2.468286793551e-03 1.686846751173e-02
6.900000000000e+00 2.466989402296e-03 1.686498409869e-02
6.903125000000e+00 2.465704016447e-03 1.686164627703e-02
6.906250000000e+00 2.464430593396e-03 1.685845381472e-02
6.909375000000e+00 2.463169090905e-03 1.685540648335e-02
6.912500000000e+00 2.461919467108e-03 1.685250405812e-02
6.915625000000e+00 2.460681680509e-03 1.684974631790e-02
6.918750000000e+00 2.459455689985e-03 1.684713304517e-02
6.921875000000e+00 2.458241454783e-03 1.684466402609e-02
6.925000000000e+00 2.457038934524e-03 1.684233905049e-02
6.928125000000e+00 2.455848089199e-03 1.684015791184e-02
6.931250000000e+00 2.454668879173e-03 1.683812040731e-02
6.934375000000e+00 2.453501265179e-03 1.683622633776e-02
6.937500000000e+00 2.452345208324e-03 1.683447550772e-02
6.940625000000e+00 2.451200670085e-03 1.683286772545e-02
6.943750000000e+00 2.450067612314e-03 1.683140280289e-02
6.946875000000e+00 2.448945997228e-03 1.683008055570e-02
6.950000000000e+00 2.447835787420e-03 1.682890080324e-02
6.953125000000e+00 2.446736945851e-03 1.682786336863e-02
6.956250000000e+00 2.445649435851e-03 1.682696807868e-02
6.959375000000e+00 2.444573221125e-03 1.682621476394e-02
6.962500000000e+00 2.443508265741e-03 1.682560325872e-02
6.965625000000e+00 2.442454534144e-03 1.682513340103e-02
6.968750000000e+00 2.441411991139e-03 1.682480503266e-02
6.971875000000e+00 2.440380601906e-03 1.682461799914e-02
6.975000000000e+00 2.439360331992e-03 1.682457214975e-02
6.978125000000e+00 2.438351147310e-03 1.682466733752e-02
6.981250000000e+00 2.437353014140e-03 1.682490341924e-02
6.984375000000e+00 2.436365899131e-03 1.682528025549e-02
6.987500000000e+00 2.435389769295e-03 1.682579771058e-02
6.990625000000e+00 2.434424592013e-03 1.682645565262e-02
6.993750000000e+00 2.433470335030e-03 1.682725395346e-02
6.996875000000e+00 2.432526966453e-03 1.682819248875e-02
7.000000000000e+00 2.431594454756e-03 1.682927113791e-02
7.003125000000e+00 2.430672768773e-03 1.683048978413e-02
7.006250000000e+00 2.429761877707e-03 1.683184831440e-02
7.009375000000e+00 2.428861751116e-03 1.683334661948e-02
7.012500000000e+00 2.427972358925e-03 1.683498459391e-02
7.015625000000e+00 2.427093671415e-03 1.683676213602e-02
7.018750000000e+00 2.426225659230e-03 1.683867914794e-02
7.021875000000e+00 2.425368293375e-03 1.684073553558e-02
7.025000000000e+00 2.424521545212e-03 1.684293120864e-02
7.028125000000e+00 2.423685386458e-03 1.684526608061e-02
7.031250000000e+00 2.422859789194e-03 1.684774006879e-02
7.034375000000e+00 2.422044725853e-03 1.685035309424e-02
7.037500000000e+00 2.421240169226e-03 1.685310508185e-02
7.040625000000e+00 2.420446092457e-03 1.685599596028e-02
7.043750000000e+00 2.419662469048e-03 1.685902566201e-02
7.046875000000e+00 2.418889272852e-03 1.686219412330e-02
7.050000000000e+00 2.418126478074e-03 1.686550128421e-02
7.053125000000e+00 2.417374059277e-03 1.686894708859e-02
7.056250000000e+00 2.416631991369e-03 1.687253148411e-02
7.059375000000e+00 2.415900249613e-03 1.687625442223e-02
7.062500000000e+00 2.415178809618e-03 1.688011585818e-02
7.065625000000e+00 2.414467647345e-03 1.688411575104e-02
7.068750000000e+00 2.413766739103e-03 1.688825406363e-02
7.071875000000e+00 2.413076061549e-03 1.689253076263e-02
7.075000000000e+00 2.412395591684e-03 1.689694581846e-02
7.078125000000e+00 2.411725306858e-03 1.690149920537e-02
7.081250000000e+00 2.411065184765e-03 1.690619090140e-02
7.084375000000e+00 2.410415203442e-03 1.691102088840e-02
7.087500000000e+00 2.409775341271e-03 1.691598915199e-02
7.090625000000e+00 2.409145576975e-03 1.692109568160e-02
7.093750000000e+00 2.408525889622e-03 1.692634047046e-02
7.096875000000e+00 2.407916258616e-03 1.693172351559e-02
7.100000000000e+00 2.407316663704e-03 1.693724481779e-02
7.103125000000e+00 2.406727084974e-03 1.694290438169e-02
7.106250000000e+00 2.406147502849e-03 1.694870221566e-02
7.109375000000e+00 2.405577898090e-03 1.695463833191e-02
7.112500000000e+00 2.405018251797e-03 1.696071274641e-02
7.115625000000e+00 2.404468545402e-03 1.696692547893e-02
7.118750000000e+00 2.403928760677e-03 1.697327655303e-02
7.121875000000e+00 2.403398879723e-03 1.697976599605e-02
7.125000000000e+00 2.402878884977e-03 1.698639383912e-02
7.128125000000e+00 2.402368759208e-03 1.699316011714e-02
7.131250000000e+00 2.401868485516e-03 1.700006486883e-02
7.134375000000e+00 2.401378047331e-03 1.700710813665e-02
7.137500000000e+00 2.400897428415e-03 1.701428996687e-02
7.140625000000e+00 2.400426612857e-03 1.702161040952e-02
7.143750000000e+00 2.399965585073e-03 1.702906951841e-02
7.146875000000e+00 2.399514329809e-03 1.703666735113e-02
7.150000000000e+00 2.399072832134e-03 1.704440396904e-02
7.153125000000e+00 2.398641077446e-03 1.705227943728e-02
7.156250000000e+00 2.398219051464e-03 1.706029382476e-02
7.159375000000e+00 2.397806740230e-03 1.706844720413e-02
7.162500000000e+00 2.397404130114e-03 1.707673965185e-02
7.165625000000e+00 2.397011207804e-03 1.708517124811e-02
7.168750000000e+00 2.396627960306e-03 1.709374207688e-02
7.171875000000e+00 2.396254374951e-03 1.710245222589e-02
7.175000000000e+00 2.395890439388e-03 1.711130178660e-02
7.178125000000e+00 2.395536141583e-03 1.712029085426e-02
7.181250000000e+00 2.395191469818e-03 1.712941952787e-02
7.184375000000e+00 2.394856412695e-03 1.713868791015e-02
7.187500000000e+00 2.394530959129e-03 1.714809610759e-02
7.190625000000e+00 2.394215098348e-03 1.715764423044e-02
7.193750000000e+00 2.393908819898e-03 1.716733239265e-02
7.196875000000e+00 2.393612113635e-03 1.717716071196e-02
7.200000000000e+00 2.393324969728e-03 1.718712930980e-02
7.203125000000e+00 2.393047378653e-03 1.719723831136e-02
7.206250000000e+00 2.392779331201e-03 1.720748784556e-02
7.209375000000e+00 2.392520818470e-03 1.721787804504e-02
7.212500000000e+00 2.392271831867e-03 1.722840904617e-02
7.215625000000e+00 2.392032363104e-03 1.723908098903e-02
7.218750000000e+00 2.391802404201e-03 1.724989401742e-02
7.221875000000e+00 2.391581947482e-03 1.726084827888e-02
7.225000000000e+00 2.391370985578e-03 1.727194392462e-02
7.228125000000e+00 2.391169511420e-03 1.728318110957e-02
7.231250000000e+00 2.390977518245e-03 1.729455999239e-02
7.234375000000e+00 2.390794999588e-03 1.730608073539e-02
7.237500000000e+00 2.390621949286e-03 1.731774350461e-02
7.240625000000e+00 2.390458361476e-03 1.732954846976e-02
7.243750000000e+00 2.390304230594e-03 1.734149580426e-02
7.246875000000e+00 2.390159551372e-03 1.735358568517e-02
7.250000000000e+00 2.390024318840e-03 1.736581829327e-02
7.253125000000e+00 2.389898528322e-03 1.737819381297e-02
7.256250000000e+00 2.389782175438e-03 1.739071243239e-02
7.259375000000e+00 2.389675256104e-03 1.740337434327e-02
7.262500000000e+00 2.389577766522e-03 1.741617974102e-02
7.265625000000e+00 2.389489703193e-03 1.742912882471e-02
7.268750000000e+00 2.389411062900e-03 1.744222179703e-02
7.271875000000e+00 2.389341842727e-03 1.745545886435e-02
7.275000000000e+00 2.389282040036e-03 1.746884023662e-02
7.278125000000e+00 2.389231652483e-03 1.748236612746e-02
7.281250000000e+00 2.389190678005e-03 1.749603675407e-02
7.284375000000e+00 2.389159114828e-03 1.750985233730e-02
7.287500000000e+00 2.389136961463e-03 1.752381310159e-02
7.290625000000e+00 2.389124216701e-03 1.753791927496e-02
7.293750000000e+00 2.389120879618e-03 1.755217108906e-02
7.296875000000e+00 2.389126949567e-03 1.756656877909e-02
7.300000000000e+00 2.389142426185e-03 1.758111258384e-02
7.303125000000e+00 2.389167309385e-03 1.759580274567e-02
7.306250000000e+00 2.389201599360e-03 1.761063951050e-02
7.309375000000e+00 2.389245296574e-03 1.762562312779e-02
7.312500000000e+00 2.389298401773e-03 1.764075385056e-02
7.315625000000e+00 2.389360915971e-03 1.765603193535e-02
7.318750000000e+00 2.389432840459e-03 1.767145764224e-02
7.321875000000e+00 2.389514176798e-03 1.768703123480e-02
7.325000000000e+00 2.389604926818e-03 1.770275298012e-02
7.328125000000e+00 2.389705092620e-03 1.771862314879e-02
7.331250000000e+00 2.389814676570e-03 1.773464201487e-02
7.334375000000e+00 2.389933681305e-03 1.775080985592e-02
7.337500000000e+00 2.390062109724e-03 1.776712695292e-02
7.340625000000e+00 2.390199964988e-03 1.778359359034e-02
7.343750000000e+00 2.390347250524e-03 1.780021005607e-02
7.346875000000e+00 2.390503970019e-03 1.781697664143e-02
7.350000000000e+00 2.390670127421e-03 1.783389364116e-02
7.353125000000e+00 2.390845726932e-03 1.785096135338e-02
7.356250000000e+00 2.391030773016e-03 1.786818007964e-02
7.359375000000e+00 2.391225270390e-03 1.788555012482e-02
7.362500000000e+00 2.391429224023e-03 1.790307179718e-02
7.365625000000e+00 2.391642639142e-03 1.792074540834e-02
7.368750000000e+00 2.391865521219e-03 1.793857127322e-02
7.371875000000e+00 2.392097875980e-03 1.795654971008e-02
7.375000000000e+00 2.392339709394e-03 1.797468104047e-02
7.378125000000e+00 2.392591027682e-03 1.799296558924e-02
7.381250000000e+00 2.392851837306e-03 1.801140368447e-02
7.384375000000e+00 2.393122144972e-03 1.802999565752e-02
7.387500000000e+00 2.393401957626e-03 1.804874184299e-02
7.390625000000e+00 2.393691282454e-03 1.806764257866e-02
7.393750000000e+00 2.393990126881e-03 1.808669820552e-02
7.396875000000e+00 2.394298498569e-03 1.810590906776e-02
7.400000000000e+00 2.394616405411e-03 1.812527551269e-02
7.403125000000e+00 2.394943855533e-03 1.814479789077e-02
7.406250000000e+00 2.395280857295e-03 1.816447655558e-02
7.409375000000e+00 2.395627419281e-03 1.818431186378e-02
7.412500000000e+00 2.395983550305e-03 1.820430417512e-02
7.415625000000e+00 2.396349259403e-03 1.822445385238e-02
7.418750000000e+00 2.396724555837e-03 1.824476126137e-02
7.421875000000e+00 2.397109449087e-03 1.826522677091e-02
7.425000000000e+00 2.397503948850e-03 1.828585075278e-02
7.428125000000e+00 2.397908065044e-03 1.830663358172e-02
7.431250000000e+00 2.398321807799e-03 1.832757563540e-02
7.434375000000e+00 2.398745187454e-03 1.834867729437e-02
7.437500000000e+00 2.399178214561e-03 1.836993894207e-02
7.440625000000e+00 2.399620899879e-03 1.839136096477e-02
7.443750000000e+00 2.400073254372e-03 1.841294375155e-02
7.446875000000e+00 2.400535289204e-03 1.843468769428e-02
7.450000000000e+00 2.401007015742e-03 1.845659318758e-02
7.453125000000e+00 2.401488445550e-03 1.847866062880e-02
7.456250000000e+00 2.401979590386e-03 1.850089041796e-02
7.459375000000e+00 2.402480462200e-03 1.852328295774e-02
7.462500000000e+00 2.402991073133e-03 1.854583865346e-02
7.465625000000e+00 2.403511435514e-03 1.856855791300e-02
7.468750000000e+00 2.404041561852e-03 1.859144114681e-02
7.471875000000e+00 2.404581464841e-03 1.861448876785e-02
7.475000000000e+00 2.405131157352e-03 1.863770119154e-02
7.478125000000e+00 2.405690652433e-03 1.866107883576e-02
7.481250000000e+00 2.406259963302e-03 1.868462212077e-02
7.484375000000e+00 2.406839103347e-03 1.870833146920e-02
7.487500000000e+00 2.407428086123e-03 1.873220730598e-02
7.490625000000e+00 2.408026925349e-03 1.875625005833e-02
7.493750000000e+00 2.408635634899e-03 1.878046015569e-02
7.496875000000e+00 2.409254228809e-03 1.880483802967e-02
7.500000000000e+00 2.409882721265e-03 1.882938411404e-02
7.503125000000e+00 2.410521126600e-03 1.885409884464e-02
7.506250000000e+00 2.411169459297e-03 1.887898265936e-02
7.509375000000e+00 2.411827733978e-03 1.890403599807e-02
7.512500000000e+00 2.412495965407e-03 1.892925930261e-02
7.515625000000e+00 2.413174168478e-03 1.895465301667e-02
7.518750000000e+00 2.413862358217e-03 1.898021758579e-02
7.521875000000e+00 2.414560549778e-03 1.900595345729e-02
7.525000000000e+00 2.415268758437e-03 1.903186108022e-02
7.528125000000e+00 2.415986999587e-03 1.905794090527e-02
7.531250000000e+00 2.416715288738e-03 1.908419338476e-02
7.534375000000e+00 2.417453641503e-03 1.911061897254e-02
7.537500000000e+00 2.418202073611e-03 1.913721812395e-02
7.540625000000e+00 2.418960600882e-03 1.916399129576e-02
7.543750000000e+00 2.419729239238e-03 1.919093894606e-02
7.546875000000e+00 2.420508004689e-03 1.921806153427e-02
7.550000000000e+00 2.421296913334e-03 1.924535952099e-02
7.553125000000e+00 2.422095981352e-03 1.927283336801e-02
7.556250000000e+00 2.422905224999e-03 1.930048353815e-02
7.559375000000e+00 2.423724660604e-03 1.932831049528e-02
7.562500000000e+00 2.424554304559e-03 1.935631470418e-02
7.565625000000e+00 2.425394173320e-03 1.938449663047e-02
7.568750000000e+00 2.426244283397e-03 1.941285674057e-02
7.571875000000e+00 2.427104651350e-03 1.944139550157e-02
7.575000000000e+00 2.427975293783e-03 1.947011338119e-02
7.578125000000e+00 2.428856227337e-03 1.949901084767e-02
7.581250000000e+00 2.429747468685e-03 1.952808836968e-02
7.584375000000e+00 2.430649034531e-03 1.955734641627e-02
7.587500000000e+00 2.431560941593e-03 1.958678545672e-02
7.590625000000e+00 2.432483206606e-03 1.961640596051e-02
7.593750000000e+00 2.433415846308e-03 1.964620839718e-02
7.596875000000e+00 2.434358877442e-03 1.967619323624e-02
7.600000000000e+00 2.435312316743e-03 1.970636094712e-02
7.603125000000e+00 2.436276180932e-03 1.973671199898e-02
7.606250000000e+00 2.437250486712e-03 1.976724686069e-02
7.609375000000e+00 2.438235250754e-03 1.979796600069e-02
7.612500000000e+00 2.439230489698e-03 1.982886988686e-02
7.615625000000e+00 2.440236220141e-03 1.985995898646e-02
7.618750000000e+00 2.441252458630e-03 1.989123376598e-02
7.621875000000e+00 2.442279221652e-03 1.992269469103e-02
7.625000000000e+00 2.443316525631e-03 1.995434222624e-02
7.628125000000e+00 2.444364386913e-03 1.998617683511e-02
7.631250000000e+00 2.445422821769e-03 2.001819897992e-02
7.634375000000e+00 2.446491846372e-03 2.005040912158e-02
7.637500000000e+00 2.447571476799e-03 2.008280771950e-02
7.640625000000e+00 2.448661729016e-03 2.011539523150e-02
7.643750000000e+00 2.449762618875e-03 2.014817211361e-02
7.646875000000e+00 2.450874162100e-03 2.018113882000e-02
7.650000000000e+00 2.451996374281e-03 2.021429580276e-02
7.653125000000e+00 2.453129270858e-03 2.024764351187e-02
7.656250000000e+00 2.454272867119e-03 2.028118239492e-02
7.659375000000e+00 2.455427178186e-03 2.031491289709e-02
7.662500000000e+00 2.456592219008e-03 2.034883546091e-02
7.665625000000e+00 2.457768004344e-03 2.038295052612e-02
7.668750000000e+00 2.458954548759e-03 2.041725852954e-02
7.671875000000e+00 2.460151866612e-03 2.045175990490e-02
7.675000000000e+00 2.461359972039e-03 2.048645508265e-02
7.678125000000e+00 2.462578878954e-03 2.052134448981e-02
7.681250000000e+00 2.463808601024e-03 2.055642854981e-02
7.684375000000e+00 2.465049151668e-03 2.059170768228e-02
7.687500000000e+00 2.466300544035e-03 2.062718230290e-02
7.690625000000e+00 2.467562791002e-03 2.066285282322e-02
7.693750000000e+00 2.468835905158e-03 2.069871965043e-02
7.696875000000e+00 2.470119898788e-03 2.073478318722e-02
7.700000000000e+00 2.471414783861e-03 2.077104383157e-02
7.703125000000e+00 2.472720572022e-03 2.080750197654e-02
7.706250000000e+00 2.474037274575e-03 2.084415801007e-02
7.709375000000e+00 2.475364902469e-03 2.088101231479e-02
7.712500000000e+00 2.476703466283e-03 2.091806526778e-02
7.715625000000e+00 2.478052976216e-03 2.095531724040e-02
7.718750000000e+00 2.479413442070e-03 2.099276859802e-02
7.721875000000e+00 2.480784873233e-03 2.103041969984e-02
7.725000000000e+00 2.482167278671e-03 2.106827089863e-02
7.728125000000e+00 2.483560666906e-03 2.110632254053e-02
7.731250000000e+00 2.484965046004e-03 2.114457496477e-02
7.734375000000e+00 2.486380423555e-03 2.118302850348e-02
7.737500000000e+00 2.487806806665e-03 2.122168348141e-02
7.740625000000e+00 2.489244201932e-03 2.126054021569e-02
7.743750000000e+00 2.490692615434e-03 2.129959901558e-02
7.746875000000e+00 2.492152052707e-03 2.133886018220e-02
7.750000000000e+00 2.493622518734e-03 2.137832400827e-02
7.753125000000e+00 2.495104017924e-03 2.141799077784e-02
7.756250000000e+00 2.496596554094e-03 2.145786076602e-02
7.759375000000e+00 2.498100130449e-03 2.149793423870e-02
7.762500000000e+00 2.499614749571e-03 2.153821145226e-02
7.765625000000e+00 2.501140413391e-03 2.157869265328e-02
7.768750000000e+00 2.502677123174e-03 2.161937807823e-02
7.771875000000e+00 2.504224879501e-03 2.166026795323e-02
7.775000000000e+00 2.505783682246e-03 2.170136249366e-02
7.778125000000e+00 2.507353530560e-03 2.174266190391e-02
7.781250000000e+00 2.508934422843e-03 2.178416637702e-02
7.784375000000e+00 2.510526356732e-03 2.182587609441e-02
7.787500000000e+00 2.512129329074e-03 2.186779122549e-02
7.790625000000e+00 2.513743335909e-03 2.190991192739e-02
7.793750000000e+00 2.515368372438e-03 2.195223834454e-02
7.796875000000e+00 2.517004433016e-03 2.199477060843e-02
7.800000000000e+00 2.518651511116e-03 2.203750883714e-02
7.803125000000e+00 2.520309599315e-03 2.208045313508e-02
7.806250000000e+00 2.521978689264e-03 2.212360359259e-02
7.809375000000e+00 2.523658771667e-03 2.216696028553e-02
7.812500000000e+00 2.525349836260e-03 2.221052327498e-02
7.815625000000e+00 2.527051871780e-03 2.225429260680e-02
7.818750000000e+00 2.528764865945e-03 2.229826831127e-02
7.821875000000e+00 2.530488805428e-03 2.234245040268e-02
7.825000000000e+00 2.532223675830e-03 2.238683887894e-02
7.828125000000e+00 2.533969461653e-03 2.243143372115e-02
7.831250000000e+00 2.535726146276e-03 2.247623489323e-02
7.834375000000e+00 2.537493711929e-03 2.252124234145e-02
7.837500000000e+00 2.539272139663e-03 2.256645599403e-02
7.840625000000e+00 2.541061409319e-03 2.261187576069e-02
7.843750000000e+00 2.542861499513e-03 2.265750153223e-02
7.846875000000e+00 2.544672387587e-03 2.270333318008e-02
7.850000000000e+00 2.546494049606e-03 2.274937055581e-02
7.853125000000e+00 2.548326460301e-03 2.279561349071e-02
7.856250000000e+00 2.550169593063e-03 2.284206179531e-02
7.859375000000e+00 2.552023419898e-03 2.288871525889e-02
7.862500000000e+00 2.553887911401e-03 2.293557364901e-02
7.865625000000e+00 2.555763036728e-03 2.298263671105e-02
7.868750000000e+00 2.557648763561e-03 2.302990416763e-02
7.871875000000e+00 2.559545058078e-03 2.307737571822e-02
7.875000000000e+00 2.561451884919e-03 2.312505103852e-02
7.878125000000e+00 2.563369207156e-03 2.317292978002e-02
7.881250000000e+00 2.565296986258e-03 2.322101156946e-02
7.884375000000e+00 2.567235182062e-03 2.326929600827e-02
7.887500000000e+00 2.569183752730e-03 2.331778267205e-02
7.890625000000e+00 2.571142654725e-03 2.336647111004e-02
7.893750000000e+00 2.573111842768e-03 2.341536084454e-02
7.896875000000e+00 2.575091269814e-03 2.346445137036e-02
7.900000000000e+00 2.577080887003e-03 2.351374215428e-02
7.903125000000e+00 2.579080643636e-03 2.356323263442e-02
7.906250000000e+00 2.581090487129e-03 2.361292221973e-02
7.909375000000e+00 2.583110362985e-03 2.366281028933e-02
7.912500000000e+00 2.585140214753e-03 2.371289619197e-02
7.915625000000e+00 2.587179983991e-03 2.376317924541e-02
7.918750000000e+00 2.589229610230e-03 2.381365873580e-02
7.921875000000e+00 2.591289030932e-03 2.386433391709e-02
7.925000000000e+00 2.593358181455e-03 2.391520401038e-02
7.928125000000e+00 2.595436995015e-03 2.396626820333e-02
7.931250000000e+00 2.597525402646e-03 2.401752564948e-02
7.934375000000e+00 2.599623333157e-03 2.406897546763e-02
7.937500000000e+00 2.601730713099e-03 2.412061674121e-02
7.940625000000e+00 2.603847466717e-03 2.417244851759e-02
7.943750000000e+00 2.605973515921e-03 2.422446980745e-02
7.946875000000e+00 2.608108780232e-03 2.427667958409e-02
7.950000000000e+00 2.610253176751e-03 2.432907678279e-02
7.953125000000e+00 2.612406620111e-03 2.438166030010e-02
7.956250000000e+00 2.614569022442e-03 2.443442899314e-02
7.959375000000e+00 2.616740293326e-03 2.448738167899e-02
7.962500000000e+00 2.618920339753e-03 2.454051713390e-02
7.965625000000e+00 2.621109066082e-03 2.459383409266e-02
7.968750000000e+00 2.623306373996e-03 2.464733124784e-02
7.971875000000e+00 2.625512162463e-03 2.470100724912e-02
7.975000000000e+00 2.627726327691e-03 2.475486070259e-02
7.978125000000e+00 2.629948763084e-03 2.480889016996e-02
7.981250000000e+00 2.632179359199e-03 2.486309416790e-02
7.984375000000e+00 2.634418003705e-03 2.491747116729e-02
7.987500000000e+00 2.636664581337e-03 2.497201959250e-02
7.990625000000e+00 2.638918973858e-03 2.502673782064e-02
7.993750000000e+00 2.641181060006e-03 2.508162418083e-02
7.996875000000e+00 2.643450715459e-03 2.513667695346e-02
8.000000000000e+00 2.645727812787e-03 2.519189436944e-02
8.003125000000e+00 2.648012221410e-03 2.524727460948e-02
8.006250000000e+00 2.650303807556e-03 2.530281580329e-02
8.009375000000e+00 2.652602434210e-03 2.535851602889e-02
8.012500000000e+00 2.654907961082e-03 2.541437331183e-02
8.015625000000e+00 2.657220244559e-03 2.547038562443e-02
8.018750000000e+00 2.659539137653e-03 2.552655088504e-02
8.021875000000e+00 2.661864489972e-03 2.558286695731e-02
8.025000000000e+00 2.664196147668e-03 2.563933164939e-02
8.028125000000e+00 2.666533953398e-03 2.569594271322e-02
8.031250000000e+00 2.668877746282e-03 2.575269784376e-02
8.034375000000e+00 2.671227361857e-03 2.580959467825e-02
8.037500000000e+00 2.673582632039e-03 2.586663079546e-02
8.040625000000e+00 2.675943385081e-03 2.592380371495e-02
8.043750000000e+00 2.678309445532e-03 2.598111089632e-02
8.046875000000e+00 2.680680634198e-03 2.603854973851e-02
8.050000000000e+00 2.683056768092e-03 2.609611757900e-02
8.053125000000e+00 2.685437660413e-03 2.615381169315e-02
8.056250000000e+00 2.687823120487e-03 2.621162929344e-02
8.059375000000e+00 2.690212953743e-03 2.626956752877e-02
8.062500000000e+00 2.692606961673e-03 2.632762348373e-02
8.065625000000e+00 2.695004941784e-03 2.638579417795e-02
8.068750000000e+00 2.697406687577e-03 2.644407656533e-02
8.071875000000e+00 2.699811988500e-03 2.650246753340e-02
8.075000000000e+00 2.702220629919e-03 2.656096390267e-02
8.078125000000e+00 2.704632393085e-03 2.661956242590e-02
8.081250000000e+00 2.707047055093e-03 2.667825978750e-02
8.084375000000e+00 2.709464388864e-03 2.673705260283e-02
8.087500000000e+00 2.711884163096e-03 2.679593741764e-02
8.090625000000e+00 2.714306142254e-03 2.685491070741e-02
8.093750000000e+00 2.716730086527e-03 2.691396887672e-02
8.096875000000e+00 2.719155751804e-03 2.697310825873e-02
8.100000000000e+00 2.721582889651e-03 2.703232511455e-02
8.103125000000e+00 2.724011247284e-03 2.709161563271e-02
8.106250000000e+00 2.726440567542e-03 2.715097592860e-02
8.109375000000e+00 2.728870588879e-03 2.721040204397e-02
8.112500000000e+00 2.731301045319e-03 2.726988994642e-02
8.115625000000e+00 2.733731666464e-03 2.732943552892e-02
8.118750000000e+00 2.736162177453e-03 2.738903460934e-02
8.121875000000e+00 2.738592298964e-03 2.744868293003e-02
8.125000000000e+00 2.741021747194e-03 2.750837615739e-02
8.128125000000e+00 2.743450233840e-03 2.756810988148e-02
8.131250000000e+00 2.745877466103e-03 2.762787961567e-02
8.134375000000e+00 2.748303146663e-03 2.768768079627e-02
8.137500000000e+00 2.750726973691e-03 2.774750878227e-02
8.140625000000e+00 2.753148640832e-03 2.780735885499e-02
8.143750000000e+00 2.755567837204e-03 2.786722621788e-02
8.146875000000e+00 2.757984247405e-03 2.792710599627e-02
8.150000000000e+00 2.760397551510e-03 2.798699323719e-02
8.153125000000e+00 2.762807425078e-03 2.804688290921e-02
8.156250000000e+00 2.765213539160e-03 2.810676990231e-02
8.159375000000e+00 2.767615560310e-03 2.816664902777e-02
8.162500000000e+00 2.770013150595e-03 2.822651501818e-02
8.165625000000e+00 2.772405967606e-03 2.828636252736e-02
8.168750000000e+00 2.774793664490e-03 2.834618613039e-02
8.171875000000e+00 2.777175889958e-03 2.840598032373e-02
8.175000000000e+00 2.779552288311e-03 2.846573952523e-02
8.178125000000e+00 2.781922499472e-03 2.852545807437e-02
8.181250000000e+00 2.784286159007e-03 2.858513023238e-02
8.184375000000e+00 2.786642898172e-03 2.864475018250e-02
8.187500000000e+00 2.788992343932e-03 2.870431203027e-02
8.190625000000e+00 2.791334119009e-03 2.876380980382e-02
8.193750000000e+00 2.793667841926e-03 2.882323745428e-02
8.196875000000e+00 2.795993127048e-03 2.888258885618e-02
8.200000000000e+00 2.798309584635e-03 2.894185780793e-02
8.203125000000e+00 2.800616820893e-03 2.900103803233e-02
8.206250000000e+00 2.802914438027e-03 2.906012317717e-02
8.209375000000e+00 2.805202034312e-03 2.911910681584e-02
8.212500000000e+00 2.807479204139e-03 2.917798244802e-02
8.215625000000e+00 2.809745538100e-03 2.923674350042e-02
8.218750000000e+00 2.812000623049e-03 2.929538332756e-02
8.221875000000e+00 2.814244042174e-03 2.935389521266e-02
8.225000000000e+00 2.816475375091e-03 2.941227236851e-02
8.228125000000e+00 2.818694197903e-03 2.947050793847e-02
8.231250000000e+00 2.820900083314e-03 2.952859499750e-02
8.234375000000e+00 2.823092600699e-03 2.958652655321e-02
8.237500000000e+00 2.825271316204e-03 2.964429554709e-02
8.240625000000e+00 2.827435792851e-03 2.970189485567e-02
8.243750000000e+00 2.829585590632e-03 2.975931729182e-02
8.246875000000e+00 2.831720266625e-03 2.981655560609e-02
8.250000000000e+00 2.833839375100e-03 2.987360248814e-02
8.253125000000e+00 2.835942467631e-03 2.993045056821e-02
8.256250000000e+00 2.838029093230e-03 2.998709241863e-02
8.259375000000e+00 2.840098798450e-03 3.004352055548e-02
8.262500000000e+00 2.842151127533e-03 3.009972744024e-02
8.265625000000e+00 2.844185622532e-03 3.015570548155e-02
8.268750000000e+00 2.846201823447e-03 3.021144703698e-02
8.271875000000e+00 2.848199268373e-03 3.026694441500e-02
8.275000000000e+00 2.850177493637e-03 3.032218987682e-02
8.278125000000e+00 2.852136033955e-03 3.037717563849e-02
8.281250000000e+00 2.854074422586e-03 3.043189387297e-02
8.284375000000e+00 2.855992191476e-03 3.048633671226e-02
8.287500000000e+00 2.857888871440e-03 3.054049624964e-02
8.290625000000e+00 2.859763992312e-03 3.059436454198e-02
8.293750000000e+00 2.861617083126e-03 3.064793361206e-02
8.296875000000e+00 2.863447672285e-03 3.070119545106e-02
8.300000000000e+00 2.865255287735e-03 3.075414202098e-02
8.303125000000e+00 2.867039457164e-03 3.080676525727e-02
8.306250000000e+00 2.868799708164e-03 3.085905707143e-02
8.309375000000e+00 2.870535568440e-03 3.091100935370e-02
8.312500000000e+00 2.872246565996e-03 3.096261397584e-02
8.315625000000e+00 2.873932229329e-03 3.101386279393e-02
8.318750000000e+00 2.875592087637e-03 3.106474765128e-02
8.321875000000e+00 2.877225671016e-03 3.111526038136e-02
8.325000000000e+00 2.878832510673e-03 3.116539281081e-02
8.328125000000e+00 2.880412139135e-03 3.121513676255e-02
8.331250000000e+00 2.881964090457e-03 3.126448405882e-02
8.334375000000e+00 2.883487900449e-03 3.131342652446e-02
8.337500000000e+00 2.884983106882e-03 3.136195599008e-02
8.340625000000e+00 2.886449249723e-03 3.141006429539e-02
8.343750000000e+00 2.887885871355e-03 3.145774329252e-02
8.346875000000e+00 2.889292516798e-03 3.150498484942e-02
8.350000000000e+00 2.890668733948e-03 3.155178085330e-02
8.353125000000e+00 2.892014073800e-03 3.159812321412e-02
8.356250000000e+00 2.893328090688e-03 3.164400386812e-02
8.359375000000e+00 2.894610342516e-03 3.168941478138e-02
8.362500000000e+00 2.895860390990e-03 3.173434795342e-02
8.365625000000e+00 2.897077801869e-03 3.177879542086e-02
8.368750000000e+00 2.898262145187e-03 3.182274926110e-02
8.371875000000e+00 2.899412995506e-03 3.186620159603e-02
8.375000000000e+00 2.900529932156e-03 3.190914459572e-02
8.378125000000e+00 2.901612539464e-03 3.195157048226e-02
8.381250000000e+00 2.902660407009e-03 3.199347153346e-02
8.384375000000e+00 2.903673129854e-03 3.203484008672e-02
8.387500000000e+00 2.904650308794e-03 3.207566854280e-02
8.390625000000e+00 2.905591550597e-03 3.211594936966e-02
8.393750000000e+00 2.906496468233e-03 3.215567510632e-02
8.396875000000e+00 2.907364681132e-03 3.219483836669e-02
8.400000000000e+00 2.908195815403e-03 3.223343184340e-02
8.403125000000e+00 2.908989504091e-03 3.227144831167e-02
8.406250000000e+00 2.909745387397e-03 3.230888063315e-02
8.409375000000e+00 2.910463112914e-03 3.234572175972e-02
8.412500000000e+00 2.911142335867e-03 3.238196473736e-02
8.415625000000e+00 2.911782719332e-03 3.241760270991e-02
8.418750000000e+00 2.912383934471e-03 3.245262892288e-02
8.421875000000e+00 2.912945660755e-03 3.248703672721e-02
8.425000000000e+00 2.913467586176e-03 3.252081958298e-02
8.428125000000e+00 2.913949407476e-03 3.255397106316e-02
8.431250000000e+00 2.914390830351e-03 3.258648485721e-02
8.434375000000e+00 2.914791569669e-03 3.261835477479e-02
8.437500000000e+00 2.915151349674e-03 3.264957474928e-02
8.440625000000e+00 2.915469904181e-03 3.268013884135e-02
8.443750000000e+00 2.915746976783e-03 3.271004124244e-02
8.446875000000e+00 2.915982321032e-03 3.273927627820e-02
8.450000000000e+00 2.916175700641e-03 3.276783841188e-02
8.453125000000e+00 2.916326889651e-03 3.279572224761e-02
8.456250000000e+00 2.916435672611e-03 3.282292253369e-02
8.459375000000e+00 2.916501844756e-03 3.284943416574e-02
8.462500000000e+00 2.916525212160e-03 3.287525218980e-02
8.465625000000e+00 2.916505591903e-03 3.290037180539e-02
8.468750000000e+00 2.916442812220e-03 3.292478836846e-02
8.471875000000e+00 2.916336712641e-03 3.294849739422e-02
8.475000000000e+00 2.916187144141e-03 3.297149455993e-02
8.478125000000e+00 2.915993969254e-03 3.299377570762e-02
8.481250000000e+00 2.915757062213e-03 3.301533684664e-02
8.484375000000e+00 2.915476309061e-03 3.303617415619e-02
8.487500000000e+00 2.915151607753e-03 3.305628398768e-02
8.490625000000e+00 2.914782868268e-03 3.307566286707e-02
8.493750000000e+00 2.914370012692e-03 3.309430749702e-02
8.496875000000e+00 2.913912975318e-03 3.311221475899e-02
8.500000000000e+00 2.913411702709e-03 3.312938171519e-02
8.503125000000e+00 2.912866153766e-03 3.314580561046e-02
8.506250000000e+00 2.912276299806e-03 3.316148387398e-02
8.509375000000e+00 2.911642124592e-03 3.317641412092e-02
8.512500000000e+00 2.910963624393e-03 3.319059415392e-02
8.515625000000e+00 2.910240808013e-03 3.320402196447e-02
8.518750000000e+00 2.909473696811e-03 3.321669573417e-02
8.521875000000e+00 2.908662324737e-03 3.322861383588e-02
8.525000000000e+00 2.907806738313e-03 3.323977483467e-02
8.528125000000e+00 2.906906996658e-03 3.325017748876e-02
8.531250000000e+00 2.905963171468e-03 3.325982075022e-02
8.534375000000e+00 2.904975346994e-03 3.326870376561e-02
8.537500000000e+00 2.903943620026e-03 3.327682587646e-02
8.540625000000e+00 2.902868099844e-03 3.328418661961e-02
8.543750000000e+00 2.901748908192e-03 3.329078572747e-02
8.546875000000e+00 2.900586179208e-03 3.329662312808e-02
8.550000000000e+00 2.899380059364e-03 3.330169894507e-02
8.553125000000e+00 2.898130707409e-03 3.330601349752e-02
8.556250000000e+00 2.896838294272e-03 3.330956729962e-02
8.559375000000e+00 2.895503002988e-03 3.331236106025e-02
8.562500000000e+00 2.894125028597e-03 3.331439568243e-02
8.565625000000e+00 2.892704578034e-03 3.331567226260e-02
8.568750000000e+00 2.891241870032e-03 3.331619208983e-02
8.571875000000e+00 2.889737134983e-03 3.331595664483e-02
8.575000000000e+00 2.888190614823e-03 3.331496759892e-02
8.578125000000e+00 2.886602562891e-03 3.331322681278e-02
8.581250000000e+00 2.884973243782e-03 3.331073633518e-02
8.584375000000e+00 2.883302933207e-03 3.330749840149e-02
8.587500000000e+00 2.881591917819e-03 3.330351543215e-02
8.590625000000e+00 2.879840495060e-03 3.329879003096e-02
8.593750000000e+00 2.878048972989e-03 3.329332498333e-02
8.596875000000e+00 2.876217670091e-03 3.328712325430e-02
8.600000000000e+00 2.874346915107e-03 3.328018798660e-02
8.603125000000e+00 2.872437046828e-03 3.327252249847e-02
8.606250000000e+00 2.870488413911e-03 3.326413028145e-02
8.609375000000e+00 2.868501374670e-03 3.325501499805e-02
8.612500000000e+00 2.866476296859e-03 3.324518047931e-02
8.615625000000e+00 2.864413557478e-03 3.323463072229e-02
8.618750000000e+00 2.862313542532e-03 3.322336988741e-02
8.621875000000e+00 2.860176646822e-03 3.321140229579e-02
8.625000000000e+00 2.858003273713e-03 3.319873242642e-02
8.628125000000e+00 2.855793834898e-03 3.318536491331e-02
8.631250000000e+00 2.853548750166e-03 3.317130454249e-02
8.634375000000e+00 2.851268447157e-03 3.315655624903e-02
8.637500000000e+00 2.848953361124e-03 3.314112511387e-02
8.640625000000e+00 2.846603934686e-03 3.312501636073e-02
8.643750000000e+00 2.844220617570e-03 3.310823535279e-02
8.646875000000e+00 2.841803866370e-03 3.309078758942e-02
8.650000000000e+00 2.839354144279e-03 3.307267870284e-02
8.653125000000e+00 2.836871920847e-03 3.305391445471e-02
8.656250000000e+00 2.834357671714e-03 3.303450073261e-02
8.659375000000e+00 2.831811878344e-03 3.301444354663e-02
8.662500000000e+00 2.829235027782e-03 3.299374902573e-02
8.665625000000e+00 2.826627612368e-03 3.297242341422e-02
8.668750000000e+00 2.823990129494e-03 3.295047306808e-02
8.671875000000e+00 2.821323081327e-03 3.292790445139e-02
8.675000000000e+00 2.818626974548e-03 3.290472413255e-02
8.678125000000e+00 2.815902320095e-03 3.288093878066e-02
8.681250000000e+00 2.813149632888e-03 3.285655516177e-02
8.684375000000e+00 2.810369431572e-03 3.283158013512e-02
8.687500000000e+00 2.807562238261e-03 3.280602064944e-02
8.690625000000e+00 2.804728578258e-03 3.277988373914e-02
8.693750000000e+00 2.801868979813e-03 3.275317652060e-02
8.696875000000e+00 2.798983973852e-03 3.272590618837e-02
8.700000000000e+00 2.796074093727e-03 3.269808001140e-02
8.703125000000e+00 2.793139874959e-03 3.266970532933e-02
8.706250000000e+00 2.790181854979e-03 3.264078954871e-02
8.709375000000e+00 2.787200572885e-03 3.261134013925e-02
8.712500000000e+00 2.784196569185e-03 3.258136463013e-02
8.715625000000e+00 2.781170385562e-03 3.255087060630e-02
8.718750000000e+00 2.778122564621e-03 3.251986570476e-02
8.721875000000e+00 2.775053649647e-03 3.248835761094e-02
8.725000000000e+00 2.771964184383e-03 3.245635405505e-02
8.728125000000e+00 2.768854712775e-03 3.242386280848e-02
8.731250000000e+00 2.765725778760e-03 3.239089168025e-02
8.734375000000e+00 2.762577926035e-03 3.235744851343e-02
8.737500000000e+00 2.759411697821e-03 3.232354118171e-02
8.740625000000e+00 2.756227636665e-03 3.228917758585e-02
8.743750000000e+00 2.753026284205e-03 3.225436565037e-02
8.746875000000e+00 2.749808180976e-03 3.221911332008e-02
8.750000000000e+00 2.746573866192e-03 3.218342855682e-02
8.753125000000e+00 2.743323877546e-03 3.214731933613e-02
8.756250000000e+00 2.740058751018e-03 3.211079364408e-02
8.759375000000e+00 2.736779020671e-03 3.207385947400e-02
8.762500000000e+00 2.733485218474e-03 3.203652482346e-02
8.765625000000e+00 2.730177874111e-03 3.199879769112e-02
8.768750000000e+00 2.726857514796e-03 3.196068607373e-02
8.771875000000e+00 2.723524665112e-03 3.192219796321e-02
8.775000000000e+00 2.720179846830e-03 3.188334134369e-02
8.778125000000e+00 2.716823578748e-03 3.184412418871e-02
8.781250000000e+00 2.713456376532e-03 3.180455445843e-02
8.784375000000e+00 2.710078752556e-03 3.176464009690e-02
8.787500000000e+00 2.706691215760e-03 3.172438902943e-02
8.790625000000e+00 2.703294271491e-03 3.168380915994e-02
8.793750000000e+00 2.699888421379e-03 3.164290836851e-02
8.796875000000e+00 2.696474163190e-03 3.160169450884e-02
8.800000000000e+00 2.693051990696e-03 3.156017540589e-02
8.803125000000e+00 2.689622393560e-03 3.151835885354e-02
8.806250000000e+00 2.686185857197e-03 3.147625261231e-02
8.809375000000e+00 2.682742862681e-03 3.143386440716e-02
8.812500000000e+00 2.679293886616e-03 3.139120192535e-02
8.815625000000e+00 2.675839401035e-03 3.134827281436e-02
8.818750000000e+00 2.672379873304e-03 3.130508467991e-02
8.821875000000e+00 2.668915766021e-03 3.126164508400e-02
8.825000000000e+00 2.665447536924e-03 3.121796154302e-02
8.828125000000e+00 2.661975638812e-03 3.117404152597e-02
8.831250000000e+00 2.658500519448e-03 3.112989245270e-02
8.834375000000e+00 2.655022621502e-03 3.108552169225e-02
8.837500000000e+00 2.651542382456e-03 3.104093656120e-02
8.840625000000e+00 2.648060234553e-03 3.099614432216e-02
8.843750000000e+00 2.644576604727e-03 3.095115218227e-02
8.846875000000e+00 2.641091914538e-03 3.090596729175e-02
8.850000000000e+00 2.637606580128e-03 3.086059674259e-02
8.853125000000e+00 2.634121012158e-03 3.081504756721e-02
8.856250000000e+00 2.630635615774e-03 3.076932673726e-02
8.859375000000e+00 2.627150790556e-03 3.072344116241e-02
8.862500000000e+00 2.623666930477e-03 3.067739768924e-02
8.865625000000e+00 2.620184423877e-03 3.063120310021e-02
8.868750000000e+00 2.616703653423e-03 3.058486411263e-02
8.871875000000e+00 2.613224996093e-03 3.053838737774e-02
8.875000000000e+00 2.609748823142e-03 3.049177947980e-02
8.878125000000e+00 2.606275500086e-03 3.044504693529e-02
8.881250000000e+00 2.602805386691e-03 3.039819619212e-02
8.884375000000e+00 2.599338836950e-03 3.035123362890e-02
8.887500000000e+00 2.595876199085e-03 3.030416555429e-02
8.890625000000e+00 2.592417815532e-03 3.025699820638e-02
8.893750000000e+00 2.588964022941e-03 3.020973775209e-02
8.896875000000e+00 2.585515152179e-03 3.016239028670e-02
8.900000000000e+00 2.582071528330e-03 3.011496183337e-02
8.903125000000e+00 2.578633470700e-03 3.006745834268e-02
8.906250000000e+00 2.575201292834e-03 3.001988569232e-02
8.909375000000e+00 2.571775302515e-03 2.997224968669e-02
8.912500000000e+00 2.568355801791e-03 2.992455605668e-02
8.915625000000e+00 2.564943086980e-03 2.987681045937e-02
8.918750000000e+00 2.561537448702e-03 2.982901847787e-02
8.921875000000e+00 2.558139171891e-03 2.978118562116e-02
8.925000000000e+00 2.554748535821e-03 2.973331732392e-02
8.928125000000e+00 2.551365814143e-03 2.968541894651e-02
8.931250000000e+00 2.547991274893e-03 2.963749577490e-02
8.934375000000e+00 2.544625180541e-03 2.958955302066e-02
8.937500000000e+00 2.541267788019e-03 2.954159582098e-02
8.940625000000e+00 2.537919348747e-03 2.949362923876e-02
8.943750000000e+00 2.534580108683e-03 2.944565826267e-02
8.946875000000e+00 2.531250308346e-03 2.939768780732e-02
8.950000000000e+00 2.527930182870e-03 2.934972271336e-02
8.953125000000e+00 2.524619962039e-03 2.930176774773e-02
8.956250000000e+00 2.521319870326e-03 2.925382760384e-02
8.959375000000e+00 2.518030126944e-03 2.920590690182e-02
8.962500000000e+00 2.514750945887e-03 2.915801018881e-02
8.965625000000e+00 2.511482535980e-03 2.911014193922e-02
8.968750000000e+00 2.508225100928e-03 2.906230655510e-02
8.971875000000e+00 2.504978839355e-03 2.901450836646e-02
8.975000000000e+00 2.501743944874e-03 2.896675163164e-02
8.978125000000e+00 2.498520606118e-03 2.891904053770e-02
8.981250000000e+00 2.495309006807e-03 2.887137920085e-02
8.984375000000e+00 2.492109325792e-03 2.882377166687e-02
8.987500000000e+00 2.488921737114e-03 2.877622191156e-02
8.990625000000e+00 2.485746410060e-03 2.872873384121e-02
8.993750000000e+00 2.482583509210e-03 2.868131129310e-02
8.996875000000e+00 2.479433194503e-03 2.863395803599e-02
9.000000000000e+00 2.476295621296e-03 2.858667777067e-02
9.003125000000e+00 2.473170940406e-03 2.853947413044e-02
9.006250000000e+00 2.470059298184e-03 2.849235068172e-02
9.009375000000e+00 2.466960836561e-03 2.844531092457e-02
9.012500000000e+00 2.463875693118e-03 2.839835829330e-02
9.015625000000e+00 2.460804001139e-03 2.835149615703e-02
9.018750000000e+00 2.457745889667e-03 2.830472782030e-02
9.021875000000e+00 2.454701483569e-03 2.825805652367e-02
9.025000000000e+00 2.451670903598e-03 2.821148544437e-02
9.028125000000e+00 2.448654266445e-03 2.816501769688e-02
9.031250000000e+00 2.445651684805e-03 2.811865633362e-02
9.034375000000e+00 2.442663267435e-03 2.807240434555e-02
9.037500000000e+00 2.439689119216e-03 2.802626466286e-02
9.040625000000e+00 2.436729341208e-03 2.798024015557e-02
9.043750000000e+00 2.433784030718e-03 2.793433363427e-02
9.046875000000e+00 2.430853281360e-03 2.788854785075e-02
9.050000000000e+00 2.427937183102e-03 2.784288549865e-02
9.053125000000e+00 2.425035822343e-03 2.779734921419e-02
9.056250000000e+00 2.422149281959e-03 2.775194157684e-02
9.059375000000e+00 2.419277641375e-03 2.770666510996e-02
9.062500000000e+00 2.416420976616e-03 2.766152228156e-02
9.065625000000e+00 2.413579360364e-03 2.761651550494e-02
9.068750000000e+00 2.410752862028e-03 2.757164713940e-02
9.071875000000e+00 2.407941547788e-03 2.752691949094e-02
9.075000000000e+00 2.405145480670e-03 2.748233481296e-02
9.078125000000e+00 2.402364720589e-03 2.743789530694e-02
9.081250000000e+00 2.399599324412e-03 2.739360312314e-02
9.084375000000e+00 2.396849346022e-03 2.734946036132e-02
9.087500000000e+00 2.394114836359e-03 2.730546907139e-02
9.090625000000e+00 2.391395843495e-03 2.726163125417e-02
9.093750000000e+00 2.388692412677e-03 2.721794886202e-02
9.096875000000e+00 2.386004586387e-03 2.717442379959e-02
9.100000000000e+00 2.383332404399e-03 2.713105792446e-02
9.103125000000e+00 2.380675903826e-03 2.708785304786e-02
9.106250000000e+00 2.378035119186e-03 2.704481093536e-02
9.109375000000e+00 2.375410082445e-03 2.700193330755e-02
9.112500000000e+00 2.372800823076e-03 2.695922184068e-02
9.115625000000e+00 2.370207368109e-03 2.691667816742e-02
9.118750000000e+00 2.367629742182e-03 2.687430387746e-02
9.121875000000e+00 2.365067967601e-03 2.683210051822e-02
9.125000000000e+00 2.362522064380e-03 2.679006959551e-02
9.128125000000e+00 2.359992050294e-03 2.674821257419e-02
9.131250000000e+00 2.357477940936e-03 2.670653087883e-02
9.134375000000e+00 2.354979749755e-03 2.666502589438e-02
9.137500000000e+00 2.352497488116e-03 2.662369896678e-02
9.140625000000e+00 2.350031165343e-03 2.658255140367e-02
9.143750000000e+00 2.347580788761e-03 2.654158447496e-02
9.146875000000e+00 2.345146363756e-03 2.650079941353e-02
9.150000000000e+00 2.342727893808e-03 2.646019741580e-02
9.153125000000e+00 2.340325380544e-03 2.641977964242e-02
9.156250000000e+00 2.337938823785e-03 2.637954721882e-02
9.159375000000e+00 2.335568221581e-03 2.633950123591e-02
9.162500000000e+00 2.333213570269e-03 2.629964275060e-02
9.165625000000e+00 2.330874864501e-03 2.625997278646e-02
9.168750000000e+00 2.328552097301e-03 2.622049233430e-02
9.171875000000e+00 2.326245260097e-03 2.618120235278e-02
9.175000000000e+00 2.323954342766e-03 2.614210376895e-02
9.178125000000e+00 2.321679333677e-03 2.610319747890e-02
9.181250000000e+00 2.319420219725e-03 2.606448434825e-02
9.184375000000e+00 2.317176986379e-03 2.602596521281e-02
9.187500000000e+00 2.314949617718e-03 2.598764087905e-02
9.190625000000e+00 2.312738096463e-03 2.594951212474e-02
9.193750000000e+00 2.310542404028e-03 2.591157969942e-02
9.196875000000e+00 2.308362520543e-03 2.587384432502e-02
9.200000000000e+00 2.306198424902e-03 2.583630669633e-02
9.203125000000e+00 2.304050094793e-03 2.579896748157e-02
9.206250000000e+00 2.301917506733e-03 2.576182732290e-02
9.209375000000e+00 2.299800636112e-03 2.572488683696e-02
9.212500000000e+00 2.297699457210e-03 2.568814661534e-02
9.215625000000e+00 2.295613943251e-03 2.565160722510e-02
9.218750000000e+00 2.293544066424e-03 2.561526920931e-02
9.221875000000e+00 2.291489797915e-03 2.557913308748e-02
9.225000000000e+00 2.289451107945e-03 2.554319935609e-02
9.228125000000e+00 2.287427965797e-03 2.550746848904e-02
9.231250000000e+00 2.285420339851e-03 2.547194093814e-02
9.234375000000e+00 2.283428197611e-03 2.543661713359e-02
9.237500000000e+00 2.281451505735e-03 2.540149748440e-02
9.240625000000e+00 2.279490230069e-03 2.536658237888e-02
9.243750000000e+00 2.277544335668e-03 2.533187218509e-02
9.246875000000e+00 2.275613786831e-03 2.529736725124e-02
9.250000000000e+00 2.273698547127e-03 2.526306790618e-02
9.253125000000e+00 2.271798579417e-03 2.522897445979e-02
9.256250000000e+00 2.269913845892e-03 2.519508720342e-02
9.259375000000e+00 2.268044308086e-03 2.516140641029e-02
9.262500000000e+00 2.266189926910e-03 2.512793233594e-02
9.265625000000e+00 2.264350662682e-03 2.509466521860e-02
9.268750000000e+00 2.262526475133e-03 2.506160527958e-02
9.271875000000e+00 2.260717323455e-03 2.502875272372e-02
9.275000000000e+00 2.258923166303e-03 2.499610773970e-02
9.278125000000e+00 2.257143961837e-03 2.496367050048e-02
9.281250000000e+00 2.255379667732e-03 2.493144116366e-02
9.284375000000e+00 2.253630241202e-03 2.489941987183e-02
9.287500000000e+00 2.251895639032e-03 2.486760675298e-02
9.290625000000e+00 2.250175817585e-03 2.483600192078e-02
9.293750000000e+00 2.248470732834e-03 2.480460547504e-02
9.296875000000e+00 2.246780340379e-03 2.477341750195e-02
9.300000000000e+00 2.245104595462e-03 2.474243807449e-02
9.303125000000e+00 2.243443452997e-03 2.471166725275e-02
9.306250000000e+00 2.241796867581e-03 2.468110508425e-02
9.309375000000e+00 2.240164793515e-03 2.465075160428e-02
9.312500000000e+00 2.238547184830e-03 2.462060683622e-02
9.315625000000e+00 2.236943995289e-03 2.459067079182e-02
9.318750000000e+00 2.235355178421e-03 2.456094347157e-02
9.321875000000e+00 2.233780687528e-03 2.453142486497e-02
9.325000000000e+00 2.232220475708e-03 2.450211495082e-02
9.328125000000e+00 2.230674495868e-03 2.447301369753e-02
9.331250000000e+00 2.229142700740e-03 2.444412106342e-02
9.334375000000e+00 2.227625042901e-03 2.441543699699e-02
9.337500000000e+00 2.226121474785e-03 2.438696143719e-02
9.340625000000e+00 2.224631948697e-03 2.435869431374e-02
9.343750000000e+00 2.223156416834e-03 2.433063554734e-02
9.346875000000e+00 2.221694831288e-03 2.430278504999e-02
9.350000000000e+00 2.220247144076e-03 2.427514272520e-02
9.353125000000e+00 2.218813307139e-03 2.424770846830e-02
9.356250000000e+00 2.217393272362e-03 2.422048216667e-02
9.359375000000e+00 2.215986991594e-03 2.419346369997e-02
9.362500000000e+00 2.214594416643e-03 2.416665294040e-02
9.365625000000e+00 2.213215499310e-03 2.414004975297e-02
9.368750000000e+00 2.211850191381e-03 2.411365399567e-02
9.371875000000e+00 2.210498444655e-03 2.408746551977e-02
9.375000000000e+00 2.209160210949e-03 2.406148416997e-02
9.378125000000e+00 2.207835442106e-03 2.403570978473e-02
9.381250000000e+00 2.206524090015e-03 2.401014219636e-02
9.384375000000e+00 2.205226106611e-03 2.398478123136e-02
9.387500000000e+00 2.203941443897e-03 2.395962671055e-02
9.390625000000e+00 2.202670053946e-03 2.393467844929e-02
9.393750000000e+00 2.201411888913e-03 2.390993625772e-02
9.396875000000e+00 2.200166901048e-03 2.388539994093e-02
9.400000000000e+00 2.198935042700e-03 2.386106929915e-02
9.403125000000e+00 2.197716266333e-03 2.383694412798e-02
9.406250000000e+00 2.196510524530e-03 2.381302421852e-02
9.409375000000e+00 2.195317770004e-03 2.378930935765e-02
9.412500000000e+00 2.194137955607e-03 2.376579932809e-02
9.415625000000e+00 2.192971034335e-03 2.374249390869e-02
9.418750000000e+00 2.191816959340e-03 2.371939287455e-02
9.421875000000e+00 2.190675683941e-03 2.369649599718e-02
9.425000000000e+00 2.189547161620e-03 2.367380304474e-02
9.428125000000e+00 2.188431346044e-03 2.365131378212e-02
9.431250000000e+00 2.187328191060e-03 2.362902797115e-02
9.434375000000e+00 2.186237650712e-03 2.360694537078e-02
9.437500000000e+00 2.185159679245e-03 2.358506573717e-02
9.440625000000e+00 2.184094231104e-03 2.356338882392e-02
9.443750000000e+00 2.183041260953e-03 2.354191438218e-02
9.446875000000e+00 2.182000723673e-03 2.352064216079e-02
9.450000000000e+00 2.180972574371e-03 2.349957190646e-02
9.453125000000e+00 2.179956768387e-03 2.347870336388e-02
9.456250000000e+00 2.178953261297e-03 2.345803627590e-02
9.459375000000e+00 2.177962008925e-03 2.343757038362e-02
9.462500000000e+00 2.176982967338e-03 2.341730542655e-02
9.465625000000e+00 2.176016092860e-03 2.339724114277e-02
9.468750000000e+00 2.175061342079e-03 2.337737726899e-02
9.471875000000e+00 2.174118671841e-03 2.335771354076e-02
9.475000000000e+00 2.173188039267e-03 2.333824969253e-02
9.478125000000e+00 2.172269401749e-03 2.331898545781e-02
9.481250000000e+00 2.171362716964e-03 2.329992056926e-02
9.484375000000e+00 2.170467942868e-03 2.328105475886e-02
9.487500000000e+00 2.169585037707e-03 2.326238775798e-02
9.490625000000e+00 2.168713960021e-03 2.324391929748e-02
9.493750000000e+00 2.167854668643e-03 2.322564910789e-02
9.496875000000e+00 2.167007122712e-03 2.320757691946e-02
9.500000000000e+00 2.166171281670e-03 2.318970246227e-02
9.503125000000e+00 2.165347105264e-03 2.317202546639e-02
9.506250000000e+00 2.164534553561e-03 2.315454566192e-02
9.509375000000e+00 2.163733586936e-03 2.313726277912e-02
9.512500000000e+00 2.162944166088e-03 2.312017654849e-02
9.515625000000e+00 2.162166252037e-03 2.310328670093e-02
9.518750000000e+00 2.161399806129e-03 2.308659296773e-02
9.521875000000e+00 2.160644790041e-03 2.307009508078e-02
9.525000000000e+00 2.159901165776e-03 2.305379277257e-02
9.528125000000e+00 2.159168895681e-03 2.303768577632e-02
9.531250000000e+00 2.158447942435e-03 2.302177382608e-02
9.534375000000e+00 2.157738269057e-03 2.300605665679e-02
9.537500000000e+00 2.157039838914e-03 2.299053400438e-02
9.540625000000e+00 2.156352615713e-03 2.297520560586e-02
9.543750000000e+00 2.155676563515e-03 2.296007119937e-02
9.546875000000e+00 2.155011646728e-03 2.294513052431e-02
9.550000000000e+00 2.154357830112e-03 2.293038332139e-02
9.553125000000e+00 2.153715078789e-03 2.291582933268e-02
9.556250000000e+00 2.153083358230e-03 2.290146830177e-02
9.559375000000e+00 2.152462634271e-03 2.288729997373e-02
9.562500000000e+00 2.151852873110e-03 2.287332409531e-02
9.565625000000e+00 2.151254041304e-03 2.285954041489e-02
9.568750000000e+00 2.150666105781e-03 2.284594868263e-02
9.571875000000e+00 2.150089033831e-03 2.283254865054e-02
9.575000000000e+00 2.149522793116e-03 2.281934007248e-02
9.578125000000e+00 2.148967351671e-03 2.280632270431e-02
9.581250000000e+00 2.148422677899e-03 2.279349630390e-02
9.584375000000e+00 2.147888740580e-03 2.278086063121e-02
9.587500000000e+00 2.147365508866e-03 2.276841544836e-02
9.590625000000e+00 2.146852952291e-03 2.275616051968e-02
9.593750000000e+00 2.146351040764e-03 2.274409561179e-02
9.596875000000e+00 2.145859744573e-03 2.273222049363e-02
9.600000000000e+00 2.145379034390e-03 2.272053493656e-02
9.603125000000e+00 2.144908881269e-03 2.270903871436e-02
9.606250000000e+00 2.144449256645e-03 2.269773160336e-02
9.609375000000e+00 2.144000132340e-03 2.268661338243e-02
9.612500000000e+00 2.143561480560e-03 2.267568383306e-02
9.615625000000e+00 2.143133273900e-03 2.266494273943e-02
9.618750000000e+00 2.142715485344e-03 2.265438988843e-02
9.621875000000e+00 2.142308088259e-03 2.264402506974e-02
9.625000000000e+00 2.141911056411e-03 2.263384807587e-02
9.628125000000e+00 2.141524363949e-03 2.262385870219e-02
9.631250000000e+00 2.141147985418e-03 2.261405674704e-02
9.634375000000e+00 2.140781895755e-03 2.260444201169e-02
9.637500000000e+00 2.140426070290e-03 2.259501430048e-02
9.640625000000e+00 2.140080484749e-03 2.258577342077e-02
9.643750000000e+00 2.139745115250e-03 2.257671918310e-02
9.646875000000e+00 2.139419938309e-03 2.256785140112e-02
9.650000000000e+00 2.139104930842e-03 2.255916989171e-02
9.653125000000e+00 2.138800070154e-03 2.255067447500e-02
9.656250000000e+00 2.138505333957e-03 2.254236497442e-02
9.659375000000e+00 2.138220700354e-03 2.253424121673e-02
9.662500000000e+00 2.137946147853e-03 2.252630303206e-02
9.665625000000e+00 2.137681655360e-03 2.251855025398e-02
9.668750000000e+00 2.137427202178e-03 2.251098271951e-02
9.671875000000e+00 2.137182768020e-03 2.250360026917e-02
9.675000000000e+00 2.136948332990e-03 2.249640274701e-02
9.678125000000e+00 2.136723877600e-03 2.248939000068e-02
9.681250000000e+00 2.136509382767e-03 2.248256188144e-02
9.684375000000e+00 2.136304829803e-03 2.247591824420e-02
9.687500000000e+00 2.136110200433e-03 2.246945894754e-02
9.690625000000e+00 2.135925476778e-03 2.246318385382e-02
9.693750000000e+00 2.135750641367e-03 2.245709282912e-02
9.696875000000e+00 2.135585677139e-03 2.245118574333e-02
9.700000000000e+00 2.135430567430e-03 2.244546247019e-02
9.703125000000e+00 2.135285295986e-03 2.243992288730e-02
9.706250000000e+00 2.135149846959e-03 2.243456687615e-02
9.709375000000e+00 2.135024204909e-03 2.242939432220e-02
9.712500000000e+00 2.134908354801e-03 2.242440511485e-02
9.715625000000e+00 2.134802282007e-03 2.241959914752e-02
9.718750000000e+00 2.134705972311e-03 2.241497631768e-02
9.721875000000e+00 2.134619411901e-03 2.241053652684e-02
9.725000000000e+00 2.134542587375e-03 2.240627968063e-02
9.728125000000e+00 2.134475485742e-03 2.240220568882e-02
9.731250000000e+00 2.134418094418e-03 2.239831446533e-02
9.734375000000e+00 2.134370401231e-03 2.239460592827e-02
9.737500000000e+00 2.134332394415e-03 2.239108000000e-02
9.740625000000e+00 2.134304062619e-03 2.238773660713e-02
9.743750000000e+00 2.134285394905e-03 2.238457568053e-02
9.746875000000e+00 2.134276380738e-03 2.238159715542e-02
9.750000000000e+00 2.134277010002e-03 2.237880097136e-02
9.753125000000e+00 2.134287272990e-03 2.237618707226e-02
9.756250000000e+00 2.134307160409e-03 2.237375540647e-02
9.759375000000e+00 2.134336663378e-03 2.237150592675e-02
9.762500000000e+00 2.134375773428e-03 2.236943859032e-02
9.765625000000e+00 2.134424482507e-03 2.236755335892e-02
9.768750000000e+00 2.134482782972e-03 2.236585019877e-02
9.771875000000e+00 2.134550667600e-03 2.236432908067e-02
9.775000000000e+00 2.134628129581e-03 2.236298997996e-02
9.778125000000e+00 2.134715162517e-03 2.236183287662e-02
9.781250000000e+00 2.134811760431e-03 2.236085775524e-02
9.784375000000e+00 2.134917917756e-03 2.236006460505e-02
9.787500000000e+00 2.135033629347e-03 2.235945342000e-02
9.790625000000e+00 2.135158890474e-03 2.235902419874e-02
9.793750000000e+00 2.135293696824e-03 2.235877694464e-02
9.796875000000e+00 2.135438044503e-03 2.235871166586e-02
9.800000000000e+00 2.135591930033e-03 2.235882837533e-02
9.803125000000e+00 2.135755350358e-03 2.235912709083e-02
9.806250000000e+00 2.135928302840e-03 2.235960783495e-02
9.809375000000e+00 2.136110785260e-03 2.236027063518e-02
9.812500000000e+00 2.136302795821e-03 2.236111552389e-02
9.815625000000e+00 2.136504333144e-03 2.236214253839e-02
9.818750000000e+00 2.136715396275e-03 2.236335172094e-02
9.821875000000e+00 2.136935984684e-03 2.236474311876e-02
9.825000000000e+00 2.137166098255e-03 2.236631678410e-02
9.828125000000e+00 2.137405737304e-03 2.236807277423e-02
9.831250000000e+00 2.137654902565e-03 2.237001115147e-02
9.834375000000e+00 2.137913595199e-03 2.237213198324e-02
9.837500000000e+00 2.138181816794e-03 2.237443534204e-02
9.840625000000e+00 2.138459569359e-03 2.237692130554e-02
9.843750000000e+00 2.138746855333e-03 2.237958995655e-02
9.846875000000e+00 2.139043677580e-03 2.238244138308e-02
9.850000000000e+00 2.139350039392e-03 2.238547567835e-02
9.853125000000e+00 2.139665944492e-03 2.238869294082e-02
9.856250000000e+00 2.139991397028e-03 2.239209327422e-02
9.859375000000e+00 2.140326401581e-03 2.239567678758e-02
9.862500000000e+00 2.140670963160e-03 2.239944359522e-02
9.865625000000e+00 2.141025087209e-03 2.240339381686e-02
9.868750000000e+00 2.141388779602e-03 2.240752757754e-02
9.871875000000e+00 2.141762046645e-03 2.241184500774e-02
9.875000000000e+00 2.142144895081e-03 2.241634624335e-02
9.878125000000e+00 2.142537332085e-03 2.242103142571e-02
9.881250000000e+00 2.142939365268e-03 2.242590070166e-02
9.884375000000e+00 2.143351002681e-03 2.243095422352e-02
9.887500000000e+00 2.143772252805e-03 2.243619214916e-02
9.890625000000e+00 2.144203124569e-03 2.244161464203e-02
9.893750000000e+00 2.144643627332e-03 2.244722187115e-02
9.896875000000e+00 2.145093770901e-03 2.245301401114e-02
9.900000000000e+00 2.145553565521e-03 2.245899124232e-02
9.903125000000e+00 2.146023021878e-03 2.246515375062e-02
9.906250000000e+00 2.146502151104e-03 2.247150172772e-02
9.909375000000e+00 2.146990964771e-03 2.247803537099e-02
9.912500000000e+00 2.147489474905e-03 2.248475488360e-02
9.915625000000e+00 2.147997693972e-03 2.249166047447e-02
9.918750000000e+00 2.148515634887e-03 2.249875235835e-02
9.921875000000e+00 2.149043311015e-03 2.250603075583e-02
9.925000000000e+00 2.149580736171e-03 2.251349589337e-02
9.928125000000e+00 2.150127924620e-03 2.252114800333e-02
9.931250000000e+00 2.150684891083e-03 2.252898732401e-02
9.934375000000e+00 2.151251650730e-03 2.253701409967e-02
9.937500000000e+00 2.151828219193e-03 2.254522858054e-02
9.940625000000e+00 2.152414612553e-03 2.255363102289e-02
9.943750000000e+00 2.153010847353e-03 2.256222168903e-02
9.946875000000e+00 2.153616940598e-03 2.257100084735e-02
9.950000000000e+00 2.154232909746e-03 2.257996877236e-02
9.953125000000e+00 2.154858772725e-03 2.258912574469e-02
9.956250000000e+00 2.155494547920e-03 2.259847205117e-02
9.959375000000e+00 2.156140254184e-03 2.260800798480e-02
9.962500000000e+00 2.156795910839e-03 2.261773384484e-02
9.965625000000e+00 2.157461537670e-03 2.262764993682e-02
9.968750000000e+00 2.158137154934e-03 2.263775657254e-02
9.971875000000e+00 2.158822783359e-03 2.264805407016e-02
9.975000000000e+00 2.159518444146e-03 2.265854275419e-02
9.978125000000e+00 2.160224158971e-03 2.266922295552e-02
9.981250000000e+00 2.160939949981e-03 2.268009501150e-02
9.984375000000e+00 2.161665839810e-03 2.269115926592e-02
9.987500000000e+00 2.162401851563e-03 2.270241606906e-02
9.990625000000e+00 2.163148008829e-03 2.271386577776e-02
9.993750000000e+00 2.163904335683e-03 2.272550875538e-02
9.996875000000e+00 2.164670856679e-03 2.273734537191e-02
1.000000000000e+01 2.165447596863e-03 2.274937600396e-02
1.000312500000e+01 2.166234581765e-03 2.276160103481e-02
1.000625000000e+01 2.167031837409e-03 2.277402085443e-02
1.000937500000e+01 2.167839390311e-03 2.278663585955e-02
1.001250000000e+01 2.168657267478e-03 2.279944645364e-02
1.001562500000e+01 2.169485496418e-03 2.281245304702e-02
1.001875000000e+01 2.170324105131e-03 2.282565605683e-02
1.002187500000e+01 2.171173122124e-03 2.283905590708e-02
1.002500000000e+01 2.172032576404e-03 2.285265302874e-02
1.002812500000e+01 2.172902497479e-03 2.286644785971e-02
1.003125000000e+01 2.173782915370e-03 2.288044084488e-02
1.003437500000e+01 2.174673860602e-03 2.289463243619e-02
1.003750000000e+01 2.175575364212e-03 2.290902309264e-02
1.004062500000e+01 2.176487457754e-03 2.292361328035e-02
1.004375000000e+01 2.177410173291e-03 2.293840347257e-02
1.004687500000e+01 2.178343543411e-03 2.295339414977e-02
1.005000000000e+01 2.179287601215e-03 2.296858579962e-02
1.005312500000e+01 2.180242380333e-03 2.298397891708e-02
1.005625000000e+01 2.181207914918e-03 2.299957400440e-02
1.005937500000e+01 2.182184239649e-03 2.301537157120e-02
1.006250000000e+01 2.183171389737e-03 2.303137213447e-02
1.006562500000e+01 2.184169400922e-03 2.304757621865e-02
1.006875000000e+01 2.185178309484e-03 2.306398435565e-02
1.007187500000e+01 2.186198152238e-03 2.308059708491e-02
1.007500000000e+01 2.187228966537e-03 2.309741495340e-02
1.007812500000e+01 2.188270790280e-03 2.311443851572e-02
1.008125000000e+01 2.189323661912e-03 2.313166833412e-02
1.008437500000e+01 2.190387620424e-03 2.314910497852e-02
1.008750000000e+01 2.191462705360e-03 2.316674902660e-02
1.009062500000e+01 2.192548956814e-03 2.318460106380e-02
1.009375000000e+01 2.193646415443e-03 2.320266168340e-02
1.009687500000e+01 2.194755122456e-03 2.322093148653e-02
1.010000000000e+01 2.195875119629e-03 2.323941108228e-02
1.010312500000e+01 2.197006449305e-03 2.325810108766e-02
1.010625000000e+01 2.198149154391e-03 2.327700212771e-02
1.010937500000e+01 2.199303278367e-03 2.329611483552e-02
1.011250000000e+01 2.200468865286e-03 2.331543985231e-02
1.011562500000e+01 2.201645959780e-03 2.333497782742e-02
1.011875000000e+01 2.202834607064e-03 2.335472941842e-02
1.012187500000e+01 2.204034852929e-03 2.337469529111e-02
1.012500000000e+01 2.205246743761e-03 2.339487611960e-02
1.012812500000e+01 2.206470326529e-03 2.341527258635e-02
1.013125000000e+01 2.207705648802e-03 2.343588538223e-02
1.013437500000e+01 2.208952758742e-03 2.345671520655e-02
1.013750000000e+01 2.210211705108e-03 2.347776276711e-02
1.014062500000e+01 2.211482537269e-03 2.349902878030e-02
1.014375000000e+01 2.212765305194e-03 2.352051397108e-02
1.014687500000e+01 2.214060059467e-03 2.354221907309e-02
1.015000000000e+01 2.215366851283e-03 2.356414482868e-02
1.015312500000e+01 2.216685732454e-03 2.358629198895e-02
1.015625000000e+01 2.218016755416e-03 2.360866131384e-02
1.015937500000e+01 2.219359973224e-03 2.363125357215e-02
1.016250000000e+01 2.220715439564e-03 2.365406954161e-02
1.016562500000e+01 2.222083208754e-03 2.367711000893e-02
1.016875000000e+01 2.223463335744e-03 2.370037576987e-02
1.017187500000e+01 2.224855876129e-03 2.372386762928e-02
1.017500000000e+01 2.226260886138e-03 2.374758640114e-02
1.017812500000e+01 2.227678422655e-03 2.377153290868e-02
1.018125000000e+01 2.229108543211e-03 2.379570798436e-02
1.018437500000e+01 2.230551305989e-03 2.382011246998e-02
1.018750000000e+01 2.232006769835e-03 2.384474721673e-02
1.019062500000e+01 2.233474994252e-03 2.386961308521e-02
1.019375000000e+01 2.234956039412e-03 2.389471094557e-02
1.019687500000e+01 2.236449966160e-03 2.392004167747e-02
1.020000000000e+01 2.237956836009e-03 2.394560617023e-02
1.020312500000e+01 2.239476711157e-03 2.397140532282e-02
1.020625000000e+01 2.241009654478e-03 2.399744004398e-02
1.020937500000e+01 2.242555729539e-03 2.402371125225e-02
1.021250000000e+01 2.244115000595e-03 2.405021987601e-02
1.021562500000e+01 2.245687532595e-03 2.407696685361e-02
1.021875000000e+01 2.247273391191e-03 2.410395313337e-02
1.022187500000e+01 2.248872642735e-03 2.413117967365e-02
1.022500000000e+01 2.250485354291e-03 2.415864744298e-02
1.022812500000e+01 2.252111593635e-03 2.418635742002e-02
1.023125000000e+01 2.253751429258e-03 2.421431059372e-02
1.023437500000e+01 2.255404930375e-03 2.424250796331e-02
1.023750000000e+01 2.257072166924e-03 2.427095053845e-02
1.024062500000e+01 2.258753209579e-03 2.429963933919e-02
1.024375000000e+01 2.260448129746e-03 2.432857539615e-02
1.024687500000e+01 2.262156999569e-03 2.435775975048e-02
1.025000000000e+01 2.263879891942e-03 2.438719345401e-02
1.025312500000e+01 2.265616880504e-03 2.441687756929e-02
1.025625000000e+01 2.267368039649e-03 2.444681316964e-02
1.025937500000e+01 2.269133444533e-03 2.447700133925e-02
1.026250000000e+01 2.270913171071e-03 2.450744317322e-02
1.026562500000e+01 2.272707295950e-03 2.453813977765e-02
1.026875000000e+01 2.274515896627e-03 2.456909226970e-02
1.027187500000e+01 2.276339051340e-03 2.460030177769e-02
1.027500000000e+01 2.278176839113e-03 2.463176944111e-02
1.027812500000e+01 2.280029339751e-03 2.466349641076e-02
1.028125000000e+01 2.281896633860e-03 2.469548384876e-02
1.028437500000e+01 2.283778802836e-03 2.472773292868e-02
1.028750000000e+01 2.285675928886e-03 2.476024483557e-02
1.029062500000e+01 2.287588095022e-03 2.479302076605e-02
1.029375000000e+01 2.289515385067e-03 2.482606192839e-02
1.029687500000e+01 2.291457883670e-03 2.485936954256e-02
1.030000000000e+01 2.293415676296e-03 2.489294484034e-02
1.030312500000e+01 2.295388849243e-03 2.492678906535e-02
1.030625000000e+01 2.297377489646e-03 2.496090347318e-02
1.030937500000e+01 2.299381685473e-03 2.499528933141e-02
1.031250000000e+01 2.301401525543e-03 2.502994791971e-02
1.031562500000e+01 2.303437099520e-03 2.506488052994e-02
1.031875000000e+01 2.305488497927e-03 2.510008846618e-02
1.032187500000e+01 2.307555812150e-03 2.513557304484e-02
1.032500000000e+01 2.309639134436e-03 2.517133559472e-02
1.032812500000e+01 2.311738557909e-03 2.520737745710e-02
1.033125000000e+01 2.313854176564e-03 2.524369998579e-02
1.033437500000e+01 2.315986085284e-03 2.528030454726e-02
1.033750000000e+01 2.318134379839e-03 2.531719252067e-02
1.034062500000e+01 2.320299156889e-03 2.535436529796e-02
1.034375000000e+01 2.322480514000e-03 2.539182428393e-02
1.034687500000e+01 2.324678549636e-03 2.542957089633e-02
1.035000000000e+01 2.326893363174e-03 2.546760656592e-02
1.035312500000e+01 2.329125054907e-03 2.550593273658e-02
1.035625000000e+01 2.331373726048e-03 2.554455086533e-02
1.035937500000e+01 2.333639478738e-03 2.558346242248e-02
1.036250000000e+01 2.335922416048e-03 2.562266889165e-02
1.036562500000e+01 2.338222641990e-03 2.566217176989e-02
1.036875000000e+01 2.340540261520e-03 2.570197256773e-02
1.037187500000e+01 2.342875380538e-03 2.574207280929e-02
1.037500000000e+01 2.345228105906e-03 2.578247403233e-02
1.037812500000e+01 2.347598545440e-03 2.582317778834e-02
1.038125000000e+01 2.349986807924e-03 2.586418564262e-02
1.038437500000e+01 2.352393003117e-03 2.590549917437e-02
1.038750000000e+01 2.354817241748e-03 2.594711997676e-02
1.039062500000e+01 2.357259635536e-03 2.598904965698e-02
1.039375000000e+01 2.359720297183e-03 2.603128983638e-02
1.039687500000e+01 2.362199340389e-03 2.607384215050e-02
1.040000000000e+01 2.364696879850e-03 2.611670824916e-02
1.040312500000e+01 2.367213031268e-03 2.615988979655e-02
1.040625000000e+01 2.369747911358e-03 2.620338847130e-02
1.040937500000e+01 2.372301637844e-03 2.624720596656e-02
1.041250000000e+01 2.374874329479e-03 2.629134399006e-02
1.041562500000e+01 2.377466106041e-03 2.633580426422e-02
1.041875000000e+01 2.380077088336e-03 2.638058852620e-02
1.042187500000e+01 2.382707398213e-03 2.642569852798e-02
1.042500000000e+01 2.385357158561e-03 2.647113603645e-02
1.042812500000e+01 2.388026493317e-03 2.651690283349e-02
1.043125000000e+01 2.390715527476e-03 2.656300071599e-02
1.043437500000e+01 2.393424387085e-03 2.660943149599e-02
1.043750000000e+01 2.396153199261e-03 2.665619700074e-02
1.044062500000e+01 2.398902092185e-03 2.670329907274e-02
1.044375000000e+01 2.401671195118e-03 2.675073956983e-02
1.044687500000e+01 2.404460638398e-03 2.679852036529e-02
1.045000000000e+01 2.407270553443e-03 2.684664334784e-02
1.045312500000e+01 2.410101072769e-03 2.689511042180e-02
1.045625000000e+01 2.412952329976e-03 2.694392350708e-02
1.045937500000e+01 2.415824459770e-03 2.699308453929e-02
1.046250000000e+01 2.418717597959e-03 2.704259546979e-02
1.046562500000e+01 2.421631881457e-03 2.709245826577e-02
1.046875000000e+01 2.424567448294e-03 2.714267491028e-02
1.047187500000e+01 2.427524437613e-03 2.719324740236e-02
1.047500000000e+01 2.430502989681e-03 2.724417775700e-02
1.047812500000e+01 2.433503245891e-03 2.729546800532e-02
1.048125000000e+01 2.436525348764e-03 2.734712019451e-02
1.048437500000e+01 2.439569441957e-03 2.739913638799e-02
1.048750000000e+01 2.442635670261e-03 2.745151866537e-02
1.049062500000e+01 2.445724179613e-03 2.750426912260e-02
1.049375000000e+01 2.448835117094e-03 2.755738987194e-02
1.049687500000e+01 2.451968630930e-03 2.761088304206e-02
1.050000000000e+01 2.455124870504e-03 2.766475077806e-02
1.050312500000e+01 2.458303986350e-03 2.771899524153e-02
1.050625000000e+01 2.461506130163e-03 2.777361861060e-02
1.050937500000e+01 2.464731454801e-03 2.782862307996e-02
1.051250000000e+01 2.467980114280e-03 2.788401086091e-02
1.051562500000e+01 2.471252263790e-03 2.793978418141e-02
1.051875000000e+01 2.474548059684e-03 2.799594528609e-02
1.052187500000e+01 2.477867659488e-03 2.805249643630e-02
1.052500000000e+01 2.481211221906e-03 2.810943991012e-02
1.052812500000e+01 2.484578906807e-03 2.816677800241e-02
1.053125000000e+01 2.487970875247e-03 2.822451302481e-02
1.053437500000e+01 2.491387289452e-03 2.828264730578e-02
1.053750000000e+01 2.494828312832e-03 2.834118319059e-02
1.054062500000e+01 2.498294109978e-03 2.840012304137e-02
1.054375000000e+01 2.501784846655e-03 2.845946923708e-02
1.054687500000e+01 2.505300689816e-03 2.851922417353e-02
1.055000000000e+01 2.508841807590e-03 2.857939026339e-02
1.055312500000e+01 2.512408369291e-03 2.863996993621e-02
1.055625000000e+01 2.516000545413e-03 2.870096563834e-02
1.055937500000e+01 2.519618507623e-03 2.876237983301e-02
1.056250000000e+01 2.523262428778e-03 2.882421500023e-02
1.056562500000e+01 2.526932482902e-03 2.888647363685e-02
1.056875000000e+01 2.530628845201e-03 2.894915825647e-02
1.057187500000e+01 2.534351692052e-03 2.901227138946e-02
1.057500000000e+01 2.538101201002e-03 2.907581558289e-02
1.057812500000e+01 2.541877550767e-03 2.913979340050e-02
1.058125000000e+01 2.545680921226e-03 2.920420742268e-02
1.058437500000e+01 2.549511493423e-03 2.926906024639e-02
1.058750000000e+01 2.553369449558e-03 2.933435448509e-02
1.059062500000e+01 2.557254972979e-03 2.940009276873e-02
1.059375000000e+01 2.561168248188e-03 2.946627774364e-02
1.059687500000e+01 2.565109460824e-03 2.953291207245e-02
1.060000000000e+01 2.569078797665e-03 2.959999843404e-02
1.060312500000e+01 2.573076446621e-03 2.966753952343e-02
1.060625000000e+01 2.577102596718e-03 2.973553805166e-02
1.060937500000e+01 2.581157438107e-03 2.980399674575e-02
1.061250000000e+01 2.585241162038e-03 2.987291834853e-02
1.061562500000e+01 2.589353960866e-03 2.994230561852e-02
1.061875000000e+01 2.593496028033e-03 3.001216132985e-02
1.062187500000e+01 2.597667558062e-03 3.008248827208e-02
1.062500000000e+01 2.601868746545e-03 3.015328925006e-02
1.062812500000e+01 2.606099790133e-03 3.022456708380e-02
1.063125000000e+01 2.610360886522e-03 3.029632460828e-02
1.063437500000e+01 2.614652234451e-03 3.036856467327e-02
1.063750000000e+01 2.618974033668e-03 3.044129014318e-02
1.064062500000e+01 2.623326484939e-03 3.051450389684e-02
1.064375000000e+01 2.627709790017e-03 3.058820882728e-02
1.064687500000e+01 2.632124151634e-03 3.066240784155e-02
1.065000000000e+01 2.636569773486e-03 3.073710386047e-02
1.065312500000e+01 2.641046860207e-03 3.081229981840e-02
1.065625000000e+01 2.645555617369e-03 3.088799866298e-02
1.065937500000e+01 2.650096251438e-03 3.096420335484e-02
1.066250000000e+01 2.654668969776e-03 3.104091686739e-02
1.066562500000e+01 2.659273980613e-03 3.111814218646e-02
1.066875000000e+01 2.663911493018e-03 3.119588231004e-02
1.067187500000e+01 2.668581716892e-03 3.127414024793e-02
1.067500000000e+01 2.673284862926e-03 3.135291902142e-02
1.067812500000e+01 2.678021142591e-03 3.143222166295e-02
1.068125000000e+01 2.682790768108e-03 3.151205121573e-02
1.068437500000e+01 2.687593952415e-03 3.159241073337e-02
1.068750000000e+01 2.692430909147e-03 3.167330327945e-02
1.069062500000e+01 2.697301852599e-03 3.175473192717e-02
1.069375000000e+01 2.702206997705e-03 3.183669975885e-02
1.069687500000e+01 2.707146559997e-03 3.191920986554e-02
1.070000000000e+01 2.712120755575e-03 3.200226534648e-02
1.070312500000e+01 2.717129801075e-03 3.208586930868e-02
1.070625000000e+01 2.722173913629e-03 3.217002486638e-02
1.070937500000e+01 2.727253310830e-03 3.225473514051e-02
1.071250000000e+01 2.732368210695e-03 3.234000325817e-02
1.071562500000e+01 2.737518831616e-03 3.242583235204e-02
1.071875000000e+01 2.742705392331e-03 3.251222555979e-02
1.072187500000e+01 2.747928111867e-03 3.259918602344e-02
1.072500000000e+01 2.753187209505e-03 3.268671688878e-02
1.072812500000e+01 2.758482904733e-03 3.277482130465e-02
1.073125000000e+01 2.763815417186e-03 3.286350242225e-02
1.073437500000e+01 2.769184966608e-03 3.295276339448e-02
1.073750000000e+01 2.774591772792e-03 3.304260737514e-02
1.074062500000e+01 2.780036055530e-03 3.313303751818e-02
1.074375000000e+01 2.785518034558e-03 3.322405697691e-02
1.074687500000e+01 2.791037929489e-03 3.331566890318e-02
1.075000000000e+01 2.796595959764e-03 3.340787644650e-02
1.075312500000e+01 2.802192344579e-03 3.350068275318e-02
1.075625000000e+01 2.807827302831e-03 3.359409096539e-02
1.075937500000e+01 2.813501053046e-03 3.368810422025e-02
1.076250000000e+01 2.819213813302e-03 3.378272564880e-02
1.076562500000e+01 2.824965801174e-03 3.387795837501e-02
1.076875000000e+01 2.830757233644e-03 3.397380551473e-02
1.077187500000e+01 2.836588327036e-03 3.407027017462e-02
1.077500000000e+01 2.842459296933e-03 3.416735545097e-02
1.077812500000e+01 2.848370358091e-03 3.426506442862e-02
1.078125000000e+01 2.854321724363e-03 3.436340017969e-02
1.078437500000e+01 2.860313608602e-03 3.446236576237e-02
1.078750000000e+01 2.866346222582e-03 3.456196421968e-02
1.079062500000e+01 2.872419776897e-03 3.466219857806e-02
1.079375000000e+01 2.878534480866e-03 3.476307184609e-02
1.079687500000e+01 2.884690542440e-03 3.486458701304e-02
1.080000000000e+01 2.890888168090e-03 3.496674704744e-02
1.080312500000e+01 2.897127562714e-03 3.506955489554e-02
1.080625000000e+01 2.903408929518e-03 3.517301347981e-02
1.080937500000e+01 2.909732469908e-03 3.527712569734e-02
1.081250000000e+01 2.916098383375e-03 3.538189441815e-02
1.081562500000e+01 2.922506867375e-03 3.548732248356e-02
1.081875000000e+01 2.928958117206e-03 3.559341270438e-02
1.082187500000e+01 2.935452325888e-03 3.570016785917e-02
1.082500000000e+01 2.941989684017e-03 3.580759069232e-02
1.082812500000e+01 2.948570379654e-03 3.591568391219e-02
1.083125000000e+01 2.955194598164e-03 3.602445018911e-02
1.083437500000e+01 2.961862522089e-03 3.613389215338e-02
1.083750000000e+01 2.968574330999e-03 3.624401239313e-02
1.084062500000e+01 2.975330201334e-03 3.635481345224e-02
1.084375000000e+01 2.982130306260e-03 3.646629782807e-02
1.084687500000e+01 2.988974815499e-03 3.657846796921e-02
1.085000000000e+01 2.995863895175e-03 3.669132627313e-02
1.085312500000e+01 3.002797707643e-03 3.680487508378e-02
1.085625000000e+01 3.009776411304e-03 3.691911668907e-02
1.085937500000e+01 3.016800160448e-03 3.703405331841e-02
1.086250000000e+01 3.023869105049e-03 3.714968713997e-02
1.086562500000e+01 3.030983390595e-03 3.726602025810e-02
1.086875000000e+01 3.038143157886e-03 3.738305471047e-02
1.087187500000e+01 3.045348542830e-03 3.750079246531e-02
1.087500000000e+01 3.052599676256e-03 3.761923541841e-02
1.087812500000e+01 3.059896683684e-03 3.773838539017e-02
1.088125000000e+01 3.067239685127e-03 3.785824412248e-02
1.088437500000e+01 3.074628794862e-03 3.797881327561e-02
1.088750000000e+01 3.082064121202e-03 3.810009442491e-02
1.089062500000e+01 3.089545766273e-03 3.822208905748e-02
1.089375000000e+01 3.097073825762e-03 3.834479856879e-02
1.089687500000e+01 3.104648388690e-03 3.846822425914e-02
1.090000000000e+01 3.112269537146e-03 3.859236733004e-02
1.090312500000e+01 3.119937346035e-03 3.871722888059e-02
1.090625000000e+01 3.127651882823e-03 3.884280990362e-02
1.090937500000e+01 3.135413207251e-03 3.896911128184e-02
1.091250000000e+01 3.143221371077e-03 3.909613378389e-02
1.091562500000e+01 3.151076417783e-03 3.922387806025e-02
1.091875000000e+01 3.158978382280e-03 3.935234463904e-02
1.092187500000e+01 3.166927290629e-03 3.948153392182e-02
1.092500000000e+01 3.174923159719e-03 3.961144617913e-02
1.092812500000e+01 3.182965996969e-03 3.974208154609e-02
1.093125000000e+01 3.191055800005e-03 3.987344001780e-02
1.093437500000e+01 3.199192556336e-03 4.000552144462e-02
1.093750000000e+01 3.207376243025e-03 4.013832552743e-02
1.094062500000e+01 3.215606826344e-03 4.027185181271e-02
1.094375000000e+01 3.223884261431e-03 4.040609968750e-02
1.094687500000e+01 3.232208491943e-03 4.054106837435e-02
1.095000000000e+01 3.240579449677e-03 4.067675692605e-02
1.095312500000e+01 3.248997054219e-03 4.081316422029e-02
1.095625000000e+01 3.257461212553e-03 4.095028895422e-02
1.095937500000e+01 3.265971818688e-03 4.108812963889e-02
1.096250000000e+01 3.274528753261e-03 4.122668459355e-02
1.096562500000e+01 3.283131883132e-03 4.136595193989e-02
1.096875000000e+01 3.291781060992e-03 4.150592959612e-02
1.097187500000e+01 3.300476124927e-03 4.164661527094e-02
1.097500000000e+01 3.309216898014e-03 4.178800645742e-02
1.097812500000e+01 3.318003187883e-03 4.193010042675e-02
1.098125000000e+01 3.326834786272e-03 4.207289422188e-02
1.098437500000e+01 3.335711468599e-03 4.221638465101e-02
1.098750000000e+01 3.344632993489e-03 4.236056828107e-02
1.099062500000e+01 3.353599102326e-03 4.250544143094e-02
1.099375000000e+01 3.362609518787e-03 4.265100016469e-02
1.099687500000e+01 3.371663948353e-03 4.279724028462e-02
1.100000000000e+01 3.380762077841e-03 4.294415732427e-02
1.100312500000e+01 3.389903574904e-03 4.309174654122e-02
1.100625000000e+01 3.399088087540e-03 4.324000290990e-02
1.100937500000e+01 3.408315243589e-03 4.338892111419e-02
1.101250000000e+01 3.417584650219e-03 4.353849554001e-02
1.101562500000e+01 3.426895893410e-03 4.368872026773e-02
1.101875000000e+01 3.436248537438e-03 4.383958906453e-02
1.102187500000e+01 3.445642124337e-03 4.399109537670e-02
1.102500000000e+01 3.455076173371e-03 4.414323232174e-02
1.102812500000e+01 3.464550180490e-03 4.429599268048e-02
1.103125000000e+01 3.474063617791e-03 4.444936888909e-02
1.103437500000e+01 3.483615932956e-03 4.460335303099e-02
1.103750000000e+01 3.493206548714e-03 4.475793682868e-02
1.104062500000e+01 3.502834862274e-03 4.491311163554e-02
1.104375000000e+01 3.512500244757e-03 4.506886842759e-02
1.104687500000e+01 3.522202040643e-03 4.522519779506e-02
1.105000000000e+01 3.531939567192e-03 4.538208993409e-02
1.105312500000e+01 3.541712113881e-03 4.553953463829e-02
1.105625000000e+01 3.551518941830e-03 4.569752129021e-02
1.105937500000e+01 3.561359283223e-03 4.585603885292e-02
1.106250000000e+01 3.571232340743e-03 4.601507586150e-02
1.106562500000e+01 3.581137286987e-03 4.617462041445e-02
1.106875000000e+01 3.591073263906e-03 4.633466016524e-02
1.107187500000e+01 3.601039382224e-03 4.649518231375e-02
1.107500000000e+01 3.611034720861e-03 4.665617359780e-02
1.107812500000e+01 3.621058326387e-03 4.681762028467e-02
1.108125000000e+01 3.631109212434e-03 4.697950816266e-02
1.108437500000e+01 3.641186359155e-03 4.714182253276e-02
1.108750000000e+01 3.651288712668e-03 4.730454820030e-02
1.109062500000e+01 3.661415184495e-03 4.746766946675e-02
1.109375000000e+01 3.671564651040e-03 4.763117012155e-02
1.109687500000e+01 3.681735953043e-03 4.779503343411e-02
1.110000000000e+01 3.691927895071e-03 4.795924214592e-02
1.110312500000e+01 3.702139244995e-03 4.812377846273e-02
1.110625000000e+01 3.712368733495e-03 4.828862404696e-02
1.110937500000e+01 3.722615053575e-03 4.845376001026e-02
1.111250000000e+01 3.732876860081e-03 4.861916690626e-02
1.111562500000e+01 3.743152769256e-03 4.878482472351e-02
1.111875000000e+01 3.753441358292e-03 4.895071287864e-02
1.112187500000e+01 3.763741164900e-03 4.911681020982e-02
1.112500000000e+01 3.774050686921e-03 4.928309497042e-02
1.112812500000e+01 3.784368381929e-03 4.944954482299e-02
1.113125000000e+01 3.794692666882e-03 4.961613683355e-02
1.113437500000e+01 3.805021917779e-03 4.978284746617e-02
1.113750000000e+01 3.815354469344e-03 4.994965257799e-02
1.114062500000e+01 3.825688614761e-03 5.011652741450e-02
1.114375000000e+01 3.836022605390e-03 5.028344660529e-02
1.114687500000e+01 3.846354650567e-03 5.045038416025e-02
1.115000000000e+01 3.856682917401e-03 5.061731346613e-02
1.115312500000e+01 3.867005530606e-03 5.078420728363e-02
1.115625000000e+01 3.877320572398e-03 5.095103774501e-02
1.115937500000e+01 3.887626082383e-03 5.111777635214e-02
1.116250000000e+01 3.897920057536e-03 5.128439397522e-02
1.116562500000e+01 3.908200452177e-03 5.145086085194e-02
1.116875000000e+01 3.918465178004e-03 5.161714658737e-02
1.117187500000e+01 3.928712104193e-03 5.178322015443e-02
1.117500000000e+01 3.938939057504e-03 5.194904989494e-02
1.117812500000e+01 3.949143822475e-03 5.211460352155e-02
1.118125000000e+01 3.959324141638e-03 5.227984812014e-02
1.118437500000e+01 3.969477715789e-03 5.244475015320e-02
1.118750000000e+01 3.979602204346e-03 5.260927546376e-02
1.119062500000e+01 3.989695225702e-03 5.277338928030e-02
1.119375000000e+01 3.999754357696e-03 5.293705622232e-02
1.119687500000e+01 4.009777138110e-03 5.310024030690e-02
1.120000000000e+01 4.019761065221e-03 5.326290495602e-02
1.120312500000e+01 4.029703598450e-03 5.342501300486e-02
1.120625000000e+01 4.039602159030e-03 5.358652671093e-02
1.120937500000e+01 4.049454130785e-03 5.374740776426e-02
1.121250000000e+01 4.059256860941e-03 5.390761729846e-02
1.121562500000e+01 4.069007661015e-03 5.406711590281e-02
1.121875000000e+01 4.078703807794e-03 5.422586363537e-02
1.122187500000e+01 4.088342544347e-03 5.438382003710e-02
1.122500000000e+01 4.097921081152e-03 5.454094414702e-02
1.122812500000e+01 4.107436597264e-03 5.469719451849e-02
1.123125000000e+01 4.116886241564e-03 5.485252923646e-02
1.123437500000e+01 4.126267134104e-03 5.500690593593e-02
1.123750000000e+01 4.135576367490e-03 5.516028182145e-02
1.124062500000e+01 4.144811008379e-03 5.531261368770e-02
1.124375000000e+01 4.153968099031e-03 5.546385794131e-02
1.124687500000e+01 4.163044658933e-03 5.561397062364e-02
1.125000000000e+01 4.172037686525e-03 5.576290743482e-02
1.125312500000e+01 4.180944160971e-03 5.591062375884e-02
1.125625000000e+01 4.189761044035e-03 5.605707468982e-02
1.125937500000e+01 4.198485282017e-03 5.620221505934e-02
1.126250000000e+01 4.207113807753e-03 5.634599946491e-02
1.126562500000e+01 4.215643542725e-03 5.648838229956e-02
1.126875000000e+01 4.224071399198e-03 5.662931778244e-02
1.127187500000e+01 4.232394282475e-03 5.676875999061e-02
1.127500000000e+01 4.240609093186e-03 5.690666289173e-02
1.127812500000e+01 4.248712729654e-03 5.704298037791e-02
1.128125000000e+01 4.256702090351e-03 5.717766630045e-02
1.128437500000e+01 4.264574076375e-03 5.731067450561e-02
1.128750000000e+01 4.272325594029e-03 5.744195887128e-02
1.129062500000e+01 4.279953557439e-03 5.757147334459e-02
1.129375000000e+01 4.287454891218e-03 5.769917198027e-02
1.129687500000e+01 4.294826533213e-03 5.782500897995e-02
1.130000000000e+01 4.302065437268e-03 5.794893873212e-02
1.130312500000e+01 4.309168576053e-03 5.807091585287e-02
1.130625000000e+01 4.316132943934e-03 5.819089522720e-02
1.130937500000e+01 4.322955559861e-03 5.830883205104e-02
1.131250000000e+01 4.329633470314e-03 5.842468187370e-02
1.131562500000e+01 4.336163752255e-03 5.853840064084e-02
1.131875000000e+01 4.342543516125e-03 5.864994473785e-02
1.132187500000e+01 4.348769908843e-03 5.875927103354e-02
1.132500000000e+01 4.354840116817e-03 5.886633692408e-02
1.132812500000e+01 4.360751368980e-03 5.897110037716e-02
1.133125000000e+01 4.366500939808e-03 5.907351997622e-02
1.133437500000e+01 4.372086152350e-03 5.917355496470e-02
1.133750000000e+01 4.377504381242e-03 5.927116529025e-02
1.134062500000e+01 4.382753055694e-03 5.936631164877e-02
1.134375000000e+01 4.387829662490e-03 5.945895552825e-02
1.134687500000e+01 4.392731748912e-03 5.954905925223e-02
1.135000000000e+01 4.397456925678e-03 5.963658602289e-02
1.135312500000e+01 4.402002869815e-03 5.972149996364e-02
1.135625000000e+01 4.406367327471e-03 5.980376616109e-02
1.135937500000e+01 4.410548116717e-03 5.988335070635e-02
1.136250000000e+01 4.414543130246e-03 5.996022073555e-02
1.136562500000e+01 4.418350338040e-03 6.003434446947e-02
1.136875000000e+01 4.421967789947e-03 6.010569125228e-02
1.137187500000e+01 4.425393618181e-03 6.017423158911e-02
1.137500000000e+01 4.428626039754e-03 6.023993718262e-02
1.137812500000e+01 4.431663358791e-03 6.030278096825e-02
1.138125000000e+01 4.434503968790e-03 6.036273714820e-02
1.138437500000e+01 4.437146354739e-03 6.041978122400e-02
1.138750000000e+01 4.439589095146e-03 6.047389002764e-02
1.139062500000e+01 4.441830863975e-03 6.052504175111e-02
1.139375000000e+01 4.443870432426e-03 6.057321597436e-02
1.139687500000e+01 4.445706670635e-03 6.061839369154e-02
1.140000000000e+01 4.447338549228e-03 6.066055733549e-02
1.140312500000e+01 4.448765140734e-03 6.069969080042e-02
1.140625000000e+01 4.449985620898e-03 6.073577946268e-02
1.140937500000e+01 4.450999269824e-03 6.076881019965e-02
1.141250000000e+01 4.451805473007e-03 6.079877140660e-02
1.141562500000e+01 4.452403722200e-03 6.082565301154e-02
1.141875000000e+01 4.452793616145e-03 6.084944648802e-02
1.142187500000e+01 4.452974861166e-03 6.087014486585e-02
1.142500000000e+01 4.452947271591e-03 6.088774273962e-02
1.142812500000e+01 4.452710770059e-03 6.090223627521e-02
1.143125000000e+01 4.452265387642e-03 6.091362321399e-02
1.143437500000e+01 4.451611263828e-03 6.092190287494e-02
1.143750000000e+01 4.450748646370e-03 6.092707615461e-02
1.144062500000e+01 4.449677890959e-03 6.092914552483e-02
1.144375000000e+01 4.448399460768e-03 6.092811502830e-02
1.144687500000e+01 4.446913925833e-03 6.092399027207e-02
1.145000000000e+01 4.445221962297e-03 6.091677841877e-02
1.145312500000e+01 4.443324351507e-03 6.090648817585e-02
1.145625000000e+01 4.441221978958e-03 6.089312978268e-02
1.145937500000e+01 4.438915833123e-03 6.087671499559e-02
1.146250000000e+01 4.436407004121e-03 6.085725707099e-02
1.146562500000e+01 4.433696682260e-03 6.083477074642e-02
1.146875000000e+01 4.430786156462e-03 6.080927221978e-02
1.147187500000e+01 4.427676812540e-03 6.078077912669e-02
1.147500000000e+01 4.424370131389e-03 6.074931051603e-02
1.147812500000e+01 4.420867687022e-03 6.071488682375e-02
1.148125000000e+01 4.417171144514e-03 6.067752984513e-02
1.148437500000e+01 4.413282257855e-03 6.063726270525e-02
1.148750000000e+01 4.409202867669e-03 6.059410982817e-02
1.149062500000e+01 4.404934898869e-03 6.054809690450e-02
1.149375000000e+01 4.400480358208e-03 6.049925085770e-02
1.149687500000e+01 4.395841331735e-03 6.044759980912e-02
1.150000000000e+01 4.391019982219e-03 6.039317304179e-02
1.150312500000e+01 4.386018546432e-03 6.033600096317e-02
1.150625000000e+01 4.380839332440e-03 6.027611506686e-02
1.150937500000e+01 4.375484716782e-03 6.021354789339e-02
1.151250000000e+01 4.369957141620e-03 6.014833299019e-02
1.151562500000e+01 4.364259111848e-03 6.008050487077e-02
1.151875000000e+01 4.358393192138e-03 6.001009897334e-02
1.152187500000e+01 4.352362003989e-03 5.993715161879e-02
1.152500000000e+01 4.346168222712e-03 5.986169996818e-02
1.152812500000e+01 4.339814574408e-03 5.978378197995e-02
1.153125000000e+01 4.333303832951e-03 5.970343636676e-02
1.153437500000e+01 4.326638816924e-03 5.962070255208e-02
1.153750000000e+01 4.319822386592e-03 5.953562062678e-02
1.154062500000e+01 4.312857440848e-03 5.944823130557e-02
1.154375000000e+01 4.305746914176e-03 5.935857588351e-02
1.154687500000e+01 4.298493773645e-03 5.926669619267e-02
1.155000000000e+01 4.291101015890e-03 5.917263455897e-02
1.155312500000e+01 4.283571664143e-03 5.907643375926e-02
1.155625000000e+01 4.275908765291e-03 5.897813697878e-02
1.155937500000e+01 4.268115386942e-03 5.887778776901e-02
1.156250000000e+01 4.260194614573e-03 5.877543000601e-02
1.156562500000e+01 4.252149548672e-03 5.867110784926e-02
1.156875000000e+01 4.243983301964e-03 5.856486570115e-02
1.157187500000e+01 4.235698996676e-03 5.845674816708e-02
1.157500000000e+01 4.227299761828e-03 5.834680001627e-02
1.157812500000e+01 4.218788730635e-03 5.823506614334e-02
1.158125000000e+01 4.210169037910e-03 5.812159153069e-02
1.158437500000e+01 4.201443817579e-03 5.800642121167e-02
1.158750000000e+01 4.192616200228e-03 5.788960023470e-02
1.159062500000e+01 4.183689310721e-03 5.777117362826e-02
1.159375000000e+01 4.174666265916e-03 5.765118636683e-02
1.159687500000e+01 4.165550172405e-03 5.752968333786e-02
1.160000000000e+01 4.156344124367e-03 5.740670930959e-02
1.160312500000e+01 4.147051201478e-03 5.728230890012e-02
1.160625000000e+01 4.137674466886e-03 5.715652654730e-02
1.160937500000e+01 4.128216965291e-03 5.702940647982e-02
1.161250000000e+01 4.118681721066e-03 5.690099268932e-02
1.161562500000e+01 4.109071736485e-03 5.677132890354e-02
1.161875000000e+01 4.099389990017e-03 5.664045856068e-02
1.162187500000e+01 4.089639434682e-03 5.650842478470e-02
1.162500000000e+01 4.079822996518e-03 5.637527036180e-02
1.162812500000e+01 4.069943573090e-03 5.624103771799e-02
1.163125000000e+01 4.060004032108e-03 5.610576889775e-02
1.163437500000e+01 4.050007210097e-03 5.596950554370e-02
1.163750000000e+01 4.039955911146e-03 5.583228887748e-02
1.164062500000e+01 4.029852905756e-03 5.569415968156e-02
1.164375000000e+01 4.019700929720e-03 5.555515828221e-02
1.164687500000e+01 4.009502683119e-03 5.541532453346e-02
1.165000000000e+01 3.999260829361e-03 5.527469780211e-02
1.165312500000e+01 3.988977994296e-03 5.513331695370e-02
1.165625000000e+01 3.978656765416e-03 5.499122033958e-02
1.165937500000e+01 3.968299691094e-03 5.484844578485e-02
1.166250000000e+01 3.957909279920e-03 5.470503057733e-02
1.166562500000e+01 3.947488000086e-03 5.456101145738e-02
1.166875000000e+01 3.937038278818e-03 5.441642460874e-02
1.167187500000e+01 3.926562501913e-03 5.427130565021e-02
1.167500000000e+01 3.916063013282e-03 5.412568962812e-02
1.167812500000e+01 3.905542114601e-03 5.397961100980e-02
1.168125000000e+01 3.895002064983e-03 5.383310367773e-02
1.168437500000e+01 3.884445080710e-03 5.368620092454e-02
1.168750000000e+01 3.873873335042e-03 5.353893544878e-02
1.169062500000e+01 3.863288958032e-03 5.339133935141e-02
1.169375000000e+01 3.852694036443e-03 5.324344413304e-02
1.169687500000e+01 3.842090613665e-03 5.309528069180e-02
1.170000000000e+01 3.831480689693e-03 5.294687932190e-02
1.170312500000e+01 3.820866221170e-03 5.279826971289e-02
1.170625000000e+01 3.810249121428e-03 5.264948094941e-02
1.170937500000e+01 3.799631260609e-03 5.250054151160e-02
1.171250000000e+01 3.789014465803e-03 5.235147927611e-02
1.171562500000e+01 3.778400521213e-03 5.220232151749e-02
1.171875000000e+01 3.767791168383e-03 5.205309491028e-02
1.172187500000e+01 3.757188106424e-03 5.190382553143e-02
1.172500000000e+01 3.746592992300e-03 5.175453886326e-02
1.172812500000e+01 3.736007441125e-03 5.160525979685e-02
1.173125000000e+01 3.725433026485e-03 5.145601263576e-02
1.173437500000e+01 3.714871280805e-03 5.130682110030e-02
1.173750000000e+01 3.704323695709e-03 5.115770833198e-02
1.174062500000e+01 3.693791722444e-03 5.100869689843e-02
1.174375000000e+01 3.683276772280e-03 5.085980879859e-02
1.174687500000e+01 3.672780216952e-03 5.071106546823e-02
1.175000000000e+01 3.662303389133e-03 5.056248778570e-02
1.175312500000e+01 3.651847582888e-03 5.041409607803e-02
1.175625000000e+01 3.641414054183e-03 5.026591012713e-02
1.175937500000e+01 3.631004021373e-03 5.011794917638e-02
1.176250000000e+01 3.620618665727e-03 4.997023193730e-02
1.176562500000e+01 3.610259131955e-03 4.982277659644e-02
1.176875000000e+01 3.599926528735e-03 4.967560082248e-02
1.177187500000e+01 3.589621929277e-03 4.952872177342e-02
1.177500000000e+01 3.579346371869e-03 4.938215610396e-02
1.177812500000e+01 3.569100860432e-03 4.923591997300e-02
1.178125000000e+01 3.558886365106e-03 4.909002905119e-02
1.178437500000e+01 3.548703822801e-03 4.894449852866e-02
1.178750000000e+01 3.538554137801e-03 4.879934312277e-02
1.179062500000e+01 3.528438182324e-03 4.865457708594e-02
1.179375000000e+01 3.518356797109e-03 4.851021421359e-02
1.179687500000e+01 3.508310792014e-03 4.836626785203e-02
1.180000000000e+01 3.498300946584e-03 4.822275090647e-02
1.180312500000e+01 3.488328010653e-03 4.807967584903e-02
1.180625000000e+01 3.478392704930e-03 4.793705472673e-02
1.180937500000e+01 3.468495721568e-03 4.779489916952e-02
1.181250000000e+01 3.458637724775e-03 4.765322039830e-02
1.181562500000e+01 3.448819351370e-03 4.751202923295e-02
1.181875000000e+01 3.439041211379e-03 4.737133610025e-02
1.182187500000e+01 3.429303888608e-03 4.723115104193e-02
1.182500000000e+01 3.419607941212e-03 4.709148372250e-02
1.182812500000e+01 3.409953902269e-03 4.695234343720e-02
1.183125000000e+01 3.400342280337e-03 4.681373911978e-02
1.183437500000e+01 3.390773560030e-03 4.667567935034e-02
1.183750000000e+01 3.381248202556e-03 4.653817236299e-02
1.184062500000e+01 3.371766646268e-03 4.640122605355e-02
1.184375000000e+01 3.362329307221e-03 4.626484798711e-02
1.184687500000e+01 3.352936579693e-03 4.612904540556e-02
1.185000000000e+01 3.343588836729e-03 4.599382523505e-02
1.185312500000e+01 3.334286430661e-03 4.585919409329e-02
1.185625000000e+01 3.325029693621e-03 4.572515829687e-02
1.185937500000e+01 3.315818938068e-03 4.559172386844e-02
1.186250000000e+01 3.306654457269e-03 4.545889654381e-02
1.186562500000e+01 3.297536525818e-03 4.532668177892e-02
1.186875000000e+01 3.288465400115e-03 4.519508475679e-02
1.187187500000e+01 3.279441318845e-03 4.506411039431e-02
1.187500000000e+01 3.270464503466e-03 4.493376334898e-02
1.187812500000e+01 3.261535158658e-03 4.480404802547e-02
1.188125000000e+01 3.252653472800e-03 4.467496858220e-02
1.188437500000e+01 3.243819618412e-03 4.454652893770e-02
1.188750000000e+01 3.235033752599e-03 4.441873277692e-02
1.189062500000e+01 3.226296017487e-03 4.429158355747e-02
1.189375000000e+01 3.217606540656e-03 4.416508451567e-02
1.189687500000e+01 3.208965435553e-03 4.403923867257e-02
1.190000000000e+01 3.200372801912e-03 4.391404883980e-02
1.190312500000e+01 3.191828726150e-03 4.378951762540e-02
1.190625000000e+01 3.183333281773e-03 4.366564743946e-02
1.190937500000e+01 3.174886529754e-03 4.354244049967e-02
1.191250000000e+01 3.166488518923e-03 4.341989883681e-02
1.191562500000e+01 3.158139286336e-03 4.329802430011e-02
1.191875000000e+01 3.149838857639e-03 4.317681856246e-02
1.192187500000e+01 3.141587247432e-03 4.305628312560e-02
1.192500000000e+01 3.133384459609e-03 4.293641932512e-02
1.192812500000e+01 3.125230487708e-03 4.281722833544e-02
1.193125000000e+01 3.117125315252e-03 4.269871117460e-02
1.193437500000e+01 3.109068916057e-03 4.258086870904e-02
1.193750000000e+01 3.101061254574e-03 4.246370165817e-02
1.194062500000e+01 3.093102286186e-03 4.234721059899e-02
1.194375000000e+01 3.085191957525e-03 4.223139597044e-02
1.194687500000e+01 3.077330206768e-03 4.211625807777e-02
1.195000000000e+01 3.069516963917e-03 4.200179709681e-02
1.195312500000e+01 3.061752151110e-03 4.188801307804e-02
1.195625000000e+01 3.054035682871e-03 4.177490595072e-02
1.195937500000e+01 3.046367466400e-03 4.166247552681e-02
1.196250000000e+01 3.038747401831e-03 4.155072150480e-02
1.196562500000e+01 3.031175382490e-03 4.143964347355e-02
1.196875000000e+01 3.023651295152e-03 4.132924091595e-02
1.197187500000e+01 3.016175020280e-03 4.121951321249e-02
1.197500000000e+01 3.008746432267e-03 4.111045964481e-02
1.197812500000e+01 3.001365399680e-03 4.100207939910e-02
1.198125000000e+01 2.994031785465e-03 4.089437156947e-02
1.198437500000e+01 2.986745447193e-03 4.078733516117e-02
1.198750000000e+01 2.979506237254e-03 4.068096909381e-02
1.199062500000e+01 2.972314003087e-03 4.057527220444e-02
1.199375000000e+01 2.965168587374e-03 4.047024325057e-02
1.199687500000e+01 2.958069828236e-03 4.036588091312e-02
1.200000000000e+01 2.951017559438e-03 4.026218379929e-02
1.200312500000e+01 2.944011610569e-03 4.015915044537e-02
1.200625000000e+01 2.937051807227e-03 4.005677931941e-02
1.200937500000e+01 2.930137971205e-03 3.995506882396e-02
1.201250000000e+01 2.923269920648e-03 3.985401729858e-02
1.201562500000e+01 2.916447470245e-03 3.975362302239e-02
1.201875000000e+01 2.909670431369e-03 3.965388421649e-02
1.202187500000e+01 2.902938612254e-03 3.955479904639e-02
1.202500000000e+01 2.896251818148e-03 3.945636562429e-02
1.202812500000e+01 2.889609851451e-03 3.935858201133e-02
1.203125000000e+01 2.883012511877e-03 3.926144621982e-02
1.203437500000e+01 2.876459596583e-03 3.916495621535e-02
1.203750000000e+01 2.869950900319e-03 3.906910991885e-02
1.204062500000e+01 2.863486215555e-03 3.897390520866e-02
1.204375000000e+01 2.857065332605e-03 3.887933992244e-02
1.204687500000e+01 2.850688039771e-03 3.878541185908e-02
1.205000000000e+01 2.844354123443e-03 3.869211878061e-02
1.205312500000e+01 2.838063368239e-03 3.859945841391e-02
1.205625000000e+01 2.831815557105e-03 3.850742845255e-02
1.205937500000e+01 2.825610471431e-03 3.841602655840e-02
1.206250000000e+01 2.819447891164e-03 3.832525036336e-02
1.206562500000e+01 2.813327594903e-03 3.823509747090e-02
1.206875000000e+01 2.807249360011e-03 3.814556545767e-02
1.207187500000e+01 2.801212962708e-03 3.805665187495e-02
1.207500000000e+01 2.795218178166e-03 3.796835425016e-02
1.207812500000e+01 2.789264780606e-03 3.788067008825e-02
1.208125000000e+01 2.783352543377e-03 3.779359687312e-02
1.208437500000e+01 2.777481239055e-03 3.770713206890e-02
1.208750000000e+01 2.771650639523e-03 3.762127312130e-02
1.209062500000e+01 2.765860516042e-03 3.753601745883e-02
1.209375000000e+01 2.760110639348e-03 3.745136249405e-02
1.209687500000e+01 2.754400779706e-03 3.736730562472e-02
1.210000000000e+01 2.748730707005e-03 3.728384423497e-02
1.210312500000e+01 2.743100190815e-03 3.720097569640e-02
1.210625000000e+01 2.737509000456e-03 3.711869736915e-02
1.210937500000e+01 2.731956905072e-03 3.703700660296e-02
1.211250000000e+01 2.726443673684e-03 3.695590073814e-02
1.211562500000e+01 2.720969075263e-03 3.687537710661e-02
1.211875000000e+01 2.715532878783e-03 3.679543303275e-02
1.212187500000e+01 2.710134853276e-03 3.671606583443e-02
1.212500000000e+01 2.704774767898e-03 3.663727282380e-02
1.212812500000e+01 2.699452391968e-03 3.655905130818e-02
1.213125000000e+01 2.694167495031e-03 3.648139859090e-02
1.213437500000e+01 2.688919846906e-03 3.640431197210e-02
1.213750000000e+01 2.683709217726e-03 3.632778874947e-02
1.214062500000e+01 2.678535377994e-03 3.625182621903e-02
1.214375000000e+01 2.673398098620e-03 3.617642167586e-02
1.214687500000e+01 2.668297150970e-03 3.610157241476e-02
1.215000000000e+01 2.663232306904e-03 3.602727573097e-02
1.215312500000e+01 2.658203338811e-03 3.595352892078e-02
1.215625000000e+01 2.653210019658e-03 3.588032928218e-02
1.215937500000e+01 2.648252123013e-03 3.580767411547e-02
1.216250000000e+01 2.643329423092e-03 3.573556072385e-02
1.216562500000e+01 2.638441694788e-03 3.566398641396e-02
1.216875000000e+01 2.633588713700e-03 3.559294849644e-02
1.217187500000e+01 2.628770256172e-03 3.552244428646e-02
1.217500000000e+01 2.623986099311e-03 3.545247110422e-02
1.217812500000e+01 2.619236021029e-03 3.538302627543e-02
1.218125000000e+01 2.614519800063e-03 3.531410713180e-02
1.218437500000e+01 2.609837215995e-03 3.524571101147e-02
1.218750000000e+01 2.605188049295e-03 3.517783525946e-02
1.219062500000e+01 2.600572081322e-03 3.511047722807e-02
1.219375000000e+01 2.595989094365e-03 3.504363427731e-02
1.219687500000e+01 2.591438871663e-03 3.497730377527e-02
1.220000000000e+01 2.586921197409e-03 3.491148309847e-02
1.220312500000e+01 2.582435856794e-03 3.484616963227e-02
1.220625000000e+01 2.577982636003e-03 3.478136077117e-02
1.220937500000e+01 2.573561322252e-03 3.471705391915e-02
1.221250000000e+01 2.569171703793e-03 3.465324649000e-02
1.221562500000e+01 2.564813569933e-03 3.458993590759e-02
1.221875000000e+01 2.560486711055e-03 3.452711960619e-02
1.222187500000e+01 2.556190918622e-03 3.446479503076e-02
1.222500000000e+01 2.551925985199e-03 3.440295963715e-02
1.222812500000e+01 2.547691704466e-03 3.434161089242e-02
1.223125000000e+01 2.543487871223e-03 3.428074627508e-02
1.223437500000e+01 2.539314281411e-03 3.422036327526e-02
1.223750000000e+01 2.535170732113e-03 3.416045939500e-02
1.224062500000e+01 2.531057021574e-03 3.410103214844e-02
1.224375000000e+01 2.526972949208e-03 3.404207906201e-02
1.224687500000e+01 2.522918315597e-03 3.398359767461e-02
1.225000000000e+01 2.518892922515e-03 3.392558553784e-02
1.225312500000e+01 2.514896572924e-03 3.386804021614e-02
1.225625000000e+01 2.510929070985e-03 3.381095928693e-02
1.225937500000e+01 2.506990222069e-03 3.375434034083e-02
1.226250000000e+01 2.503079832752e-03 3.369818098177e-02
1.226562500000e+01 2.499197710837e-03 3.364247882710e-02
1.226875000000e+01 2.495343665340e-03 3.358723150781e-02
1.227187500000e+01 2.491517506511e-03 3.353243666856e-02
1.227500000000e+01 2.487719045831e-03 3.347809196785e-02
1.227812500000e+01 2.483948096011e-03 3.342419507812e-02
1.228125000000e+01 2.480204471008e-03 3.337074368587e-02
1.228437500000e+01 2.476487986013e-03 3.331773549173e-02
1.228750000000e+01 2.472798457467e-03 3.326516821055e-02
1.229062500000e+01 2.469135703055e-03 3.321303957152e-02
1.229375000000e+01 2.465499541709e-03 3.316134731821e-02
1.229687500000e+01 2.461889793612e-03 3.311008920869e-02
1.230000000000e+01 2.458306280194e-03 3.305926301553e-02
1.230312500000e+01 2.454748824140e-03 3.300886652592e-02
1.230625000000e+01 2.451217249383e-03 3.295889754173e-02
1.230937500000e+01 2.447711381109e-03 3.290935387951e-02
1.231250000000e+01 2.444231045755e-03 3.286023337059e-02
1.231562500000e+01 2.440776071008e-03 3.281153386109e-02
1.231875000000e+01 2.437346285806e-03 3.276325321198e-02
1.232187500000e+01 2.433941520337e-03 3.271538929909e-02
1.232500000000e+01 2.430561606030e-03 3.266794001319e-02
1.232812500000e+01 2.427206375570e-03 3.262090325994e-02
1.233125000000e+01 2.423875662876e-03 3.257427695998e-02
1.233437500000e+01 2.420569303116e-03 3.252805904891e-02
1.233750000000e+01 2.417287132697e-03 3.248224747734e-02
1.234062500000e+01 2.414028989261e-03 3.243684021083e-02
1.234375000000e+01 2.410794711688e-03 3.239183522999e-02
1.234687500000e+01 2.407584140085e-03 3.234723053043e-02
1.235000000000e+01 2.404397115793e-03 3.230302412275e-02
1.235312500000e+01 2.401233481378e-03 3.225921403259e-02
1.235625000000e+01 2.398093080625e-03 3.221579830058e-02
1.235937500000e+01 2.394975758543e-03 3.217277498234e-02
1.236250000000e+01 2.391881361351e-03 3.213014214850e-02
1.236562500000e+01 2.388809736484e-03 3.208789788465e-02
1.236875000000e+01 2.385760732583e-03 3.204604029135e-02
1.237187500000e+01 2.382734199491e-03 3.200456748409e-02
1.237500000000e+01 2.379729988252e-03 3.196347759330e-02
1.237812500000e+01 2.376747951102e-03 3.192276876431e-02
1.238125000000e+01 2.373787941471e-03 3.188243915731e-02
1.238437500000e+01 2.370849813973e-03 3.184248694736e-02
1.238750000000e+01 2.367933424402e-03 3.180291032435e-02
1.239062500000e+01 2.365038629733e-03 3.176370749295e-02
1.239375000000e+01 2.362165288105e-03 3.172487667260e-02
1.239687500000e+01 2.359313258829e-03 3.168641609745e-02
1.240000000000e+01 2.356482402379e-03 3.164832401639e-02
1.240312500000e+01 2.353672580377e-03 3.161059869293e-02
1.240625000000e+01 2.350883655606e-03 3.157323840520e-02
1.240937500000e+01 2.348115491988e-03 3.153624144595e-02
1.241250000000e+01 2.345367954589e-03 3.149960612242e-02
1.241562500000e+01 2.342640909611e-03 3.146333075638e-02
1.241875000000e+01 2.339934224381e-03 3.142741368406e-02
1.242187500000e+01 2.337247767356e-03 3.139185325608e-02
1.242500000000e+01 2.334581408106e-03 3.135664783744e-02
1.242812500000e+01 2.331935017318e-03 3.132179580745e-02
1.243125000000e+01 2.329308466786e-03 3.128729555970e-02
1.243437500000e+01 2.326701629403e-03 3.125314550200e-02
1.243750000000e+01 2.324114379163e-03 3.121934405635e-02
1.244062500000e+01 2.321546591144e-03 3.118588965883e-02
1.244375000000e+01 2.318998141512e-03 3.115278075965e-02
1.244687500000e+01 2.316468907514e-03 3.112001582300e-02
1.245000000000e+01 2.313958767463e-03 3.108759332705e-02
1.245312500000e+01 2.311467600746e-03 3.105551176388e-02
1.245625000000e+01 2.308995287804e-03 3.102376963946e-02
1.245937500000e+01 2.306541710139e-03 3.099236547353e-02
1.246250000000e+01 2.304106750301e-03 3.096129779961e-02
1.246562500000e+01 2.301690291880e-03 3.093056516490e-02
1.246875000000e+01 2.299292219508e-03 3.090016613025e-02
1.247187500000e+01 2.296912418842e-03 3.087009927009e-02
1.247500000000e+01 2.294550776572e-03 3.084036317238e-02
1.247812500000e+01 2.292207180402e-03 3.081095643857e-02
1.248125000000e+01 2.289881519048e-03 3.078187768349e-02
1.248437500000e+01 2.287573682243e-03 3.075312553536e-02
1.248750000000e+01 2.285283560710e-03 3.072469863567e-02
1.249062500000e+01 2.283011046174e-03 3.069659563917e-02
1.249375000000e+01 2.280756031350e-03 3.066881521378e-02
1.249687500000e+01 2.278518409932e-03 3.064135604055e-02
1.250000000000e+01 2.276298076598e-03 3.061421681361e-02
1.250312500000e+01 2.274094926990e-03 3.058739624006e-02
1.250625000000e+01 2.271908857725e-03 3.056089303997e-02
1.250937500000e+01 2.269739766376e-03 3.053470594631e-02
1.251250000000e+01 2.267587551466e-03 3.050883370485e-02
1.251562500000e+01 2.265452112474e-03 3.048327507414e-02
1.251875000000e+01 2.263333349814e-03 3.045802882546e-02
1.252187500000e+01 2.261231164842e-03 3.043309374271e-02
1.252500000000e+01 2.259145459844e-03 3.040846862241e-02
1.252812500000e+01 2.257076138027e-03 3.038415227359e-02
1.253125000000e+01 2.255023103524e-03 3.036014351777e-02
1.253437500000e+01 2.252986261375e-03 3.033644118888e-02
1.253750000000e+01 2.250965517531e-03 3.031304413320e-02
1.254062500000e+01 2.248960778847e-03 3.028995120931e-02
1.254375000000e+01 2.246971953070e-03 3.026716128805e-02
1.254687500000e+01 2.244998948841e-03 3.024467325240e-02
1.255000000000e+01 2.243041675684e-03 3.022248599750e-02
1.255312500000e+01 2.241100044005e-03 3.020059843052e-02
1.255625000000e+01 2.239173965084e-03 3.017900947067e-02
1.255937500000e+01 2.237263351066e-03 3.015771804908e-02
1.256250000000e+01 2.235368114965e-03 3.013672310878e-02
1.256562500000e+01 2.233488170645e-03 3.011602360464e-02
1.256875000000e+01 2.231623432828e-03 3.009561850330e-02
1.257187500000e+01 2.229773817084e-03 3.007550678311e-02
1.257500000000e+01 2.227939239816e-03 3.005568743409e-02
1.257812500000e+01 2.226119618274e-03 3.003615945786e-02
1.258125000000e+01 2.224314870530e-03 3.001692186762e-02
1.258437500000e+01 2.222524915486e-03 2.999797368801e-02
1.258750000000e+01 2.220749672864e-03 2.997931395515e-02
1.259062500000e+01 2.218989063199e-03 2.996094171653e-02
1.259375000000e+01 2.217243007838e-03 2.994285603096e-02
1.259687500000e+01 2.215511428932e-03 2.992505596855e-02
1.260000000000e+01 2.213794249431e-03 2.990754061059e-02
1.260312500000e+01 2.212091393084e-03 2.989030904956e-02
1.260625000000e+01 2.210402784423e-03 2.987336038906e-02
1.260937500000e+01 2.208728348770e-03 2.985669374372e-02
1.261250000000e+01 2.207068012224e-03 2.984030823920e-02
1.261562500000e+01 2.205421701661e-03 2.982420301209e-02
1.261875000000e+01 2.203789344726e-03 2.980837720992e-02
1.262187500000e+01 2.202170869829e-03 2.979282999102e-02
1.262500000000e+01 2.200566206141e-03 2.977756052455e-02
1.262812500000e+01 2.198975283588e-03 2.976256799040e-02
1.263125000000e+01 2.197398032850e-03 2.974785157918e-02
1.263437500000e+01 2.195834385350e-03 2.973341049210e-02
1.263750000000e+01 2.194284273254e-03 2.971924394102e-02
1.264062500000e+01 2.192747629467e-03 2.970535114830e-02
1.264375000000e+01 2.191224387624e-03 2.969173134683e-02
1.264687500000e+01 2.189714482088e-03 2.967838377992e-02
1.265000000000e+01 2.188217847951e-03 2.966530770130e-02
1.265312500000e+01 2.186734421017e-03 2.965250237504e-02
1.265625000000e+01 2.185264137813e-03 2.963996707553e-02
1.265937500000e+01 2.183806935568e-03 2.962770108740e-02
1.266250000000e+01 2.182362752225e-03 2.961570370549e-02
1.266562500000e+01 2.180931526426e-03 2.960397423483e-02
1.266875000000e+01 2.179513197509e-03 2.959251199053e-02
1.267187500000e+01 2.178107705511e-03 2.958131629781e-02
1.267500000000e+01 2.176714991152e-03 2.957038649188e-02
1.267812500000e+01 2.175334995844e-03 2.955972191798e-02
1.268125000000e+01 2.173967661679e-03 2.954932193125e-02
1.268437500000e+01 2.172612931423e-03 2.953918589674e-02
1.268750000000e+01 2.171270748520e-03 2.952931318936e-02
1.269062500000e+01 2.169941057081e-03 2.951970319381e-02
1.269375000000e+01 2.168623801883e-03 2.951035530458e-02
1.269687500000e+01 2.167318928367e-03 2.950126892587e-02
1.270000000000e+01 2.166026382631e-03 2.949244347157e-02
1.270312500000e+01 2.164746111429e-03 2.948387836521e-02
1.270625000000e+01 2.163478062162e-03 2.947557303992e-02
1.270937500000e+01 2.162222182881e-03 2.946752693840e-02
1.271250000000e+01 2.160978422281e-03 2.945973951287e-02
1.271562500000e+01 2.159746729696e-03 2.945221022502e-02
1.271875000000e+01 2.158527055096e-03 2.944493854599e-02
1.272187500000e+01 2.157319349082e-03 2.943792395633e-02
1.272500000000e+01 2.156123562890e-03 2.943116594596e-02
1.272812500000e+01 2.154939648378e-03 2.942466401412e-02
1.273125000000e+01 2.153767558026e-03 2.941841766934e-02
1.273437500000e+01 2.152607244936e-03 2.941242642941e-02
1.273750000000e+01 2.151458662822e-03 2.940668982136e-02
1.274062500000e+01 2.150321766015e-03 2.940120738135e-02
1.274375000000e+01 2.149196509454e-03 2.939597865474e-02
1.274687500000e+01 2.148082848682e-03 2.939100319598e-02
1.275000000000e+01 2.146980739850e-03 2.938628056859e-02
1.275312500000e+01 2.145890139704e-03 2.938181034515e-02
1.275625000000e+01 2.144811005590e-03 2.937759210724e-02
1.275937500000e+01 2.143743295448e-03 2.937362544541e-02
1.276250000000e+01 2.142686967807e-03 2.936990995917e-02
1.276562500000e+01 2.141641981786e-03 2.936644525693e-02
1.276875000000e+01 2.140608297087e-03 2.936323095598e-02
1.277187500000e+01 2.139585873997e-03 2.936026668244e-02
1.277500000000e+01 2.138574673383e-03 2.935755207129e-02
1.277812500000e+01 2.137574656683e-03 2.935508676624e-02
1.278125000000e+01 2.136585785917e-03 2.935287041979e-02
1.278437500000e+01 2.135608023668e-03 2.935090269315e-02
1.278750000000e+01 2.134641333094e-03 2.934918325623e-02
1.279062500000e+01 2.133685677917e-03 2.934771178759e-02
1.279375000000e+01 2.132741022419e-03 2.934648797445e-02
1.279687500000e+01 2.131807331450e-03 2.934551151262e-02
1.280000000000e+01 2.130884570409e-03 2.934478210648e-02
1.280312500000e+01 2.129972705259e-03 2.934429946899e-02
1.280625000000e+01 2.129071702512e-03 2.934406332162e-02
1.280937500000e+01 2.128181529231e-03 2.934407339432e-02
1.281250000000e+01 2.127302153030e-03 2.934432942553e-02
1.281562500000e+01 2.126433542064e-03 2.934483116213e-02
1.281875000000e+01 2.125575665038e-03 2.934557835942e-02
1.282187500000e+01 2.124728491198e-03 2.934657078109e-02
1.282500000000e+01 2.123891990323e-03 2.934780819920e-02
1.282812500000e+01 2.123066132738e-03 2.934929039415e-02
1.283125000000e+01 2.122250889294e-03 2.935101715466e-02
1.283437500000e+01 2.121446231383e-03 2.935298827774e-02
1.283750000000e+01 2.120652130924e-03 2.935520356869e-02
1.284062500000e+01 2.119868560362e-03 2.935766284103e-02
1.284375000000e+01 2.119095492677e-03 2.936036591653e-02
1.284687500000e+01 2.118332901366e-03 2.936331262515e-02
1.285000000000e+01 2.117580760451e-03 2.936650280504e-02
1.285312500000e+01 2.116839044478e-03 2.936993630249e-02
1.285625000000e+01 2.116107728508e-03 2.937361297194e-02
1.285937500000e+01 2.115386788122e-03 2.937753267595e-02
1.286250000000e+01 2.114676199414e-03 2.938169528518e-02
1.286562500000e+01 2.113975938992e-03 2.938610067833e-02
1.286875000000e+01 2.113285983981e-03 2.939074874221e-02
1.287187500000e+01 2.112606312009e-03 2.939563937161e-02
1.287500000000e+01 2.111936901218e-03 2.940077246937e-02
1.287812500000e+01 2.111277730252e-03 2.940614794631e-02
1.288125000000e+01 2.110628778263e-03 2.941176572124e-02
1.288437500000e+01 2.109990024909e-03 2.941762572092e-02
1.288750000000e+01 2.109361450345e-03 2.942372788005e-02
1.289062500000e+01 2.108743035233e-03 2.943007214126e-02
1.289375000000e+01 2.108134760727e-03 2.943665845507e-02
1.289687500000e+01 2.107536608484e-03 2.944348677990e-02
1.290000000000e+01 2.106948560657e-03 2.945055708204e-02
1.290312500000e+01 2.106370599890e-03 2.945786933563e-02
1.290625000000e+01 2.105802709325e-03 2.946542352265e-02
1.290937500000e+01 2.105244872594e-03 2.947321963290e-02
1.291250000000e+01 2.104697073820e-03 2.948125766397e-02
1.291562500000e+01 2.104159297619e-03 2.948953762127e-02
1.291875000000e+01 2.103631529089e-03 2.949805951796e-02
1.292187500000e+01 2.103113753823e-03 2.950682337497e-02
1.292500000000e+01 2.102605957892e-03 2.951582922096e-02
1.292812500000e+01 2.102108127860e-03 2.952507709233e-02
1.293125000000e+01 2.101620250770e-03 2.953456703321e-02
1.293437500000e+01 2.101142314147e-03 2.954429909539e-02
1.293750000000e+01 2.100674306003e-03 2.955427333839e-02
1.294062500000e+01 2.100216214825e-03 2.956448982937e-02
1.294375000000e+01 2.099768029584e-03 2.957494864318e-02
1.294687500000e+01 2.099329739728e-03 2.958564986229e-02
1.295000000000e+01 2.098901335181e-03 2.959659357681e-02
1.295312500000e+01 2.098482806349e-03 2.960777988448e-02
1.295625000000e+01 2.098074144108e-03 2.961920889065e-02
1.295937500000e+01 2.097675339812e-03 2.963088070824e-02
1.296250000000e+01 2.097286385294e-03 2.964279545778e-02
1.296562500000e+01 2.096907272852e-03 2.965495326736e-02
1.296875000000e+01 2.096537995263e-03 2.966735427264e-02
1.297187500000e+01 2.096178545772e-03 2.967999861681e-02
1.297500000000e+01 2.095828918100e-03 2.969288645061e-02
1.297812500000e+01 2.095489106437e-03 2.970601793229e-02
1.298125000000e+01 2.095159105439e-03 2.971939322765e-02
1.298437500000e+01 2.094838910237e-03 2.973301250994e-02
1.298750000000e+01 2.094528516426e-03 2.974687595995e-02
1.299062500000e+01 2.094227920075e-03 2.976098376592e-02
1.299375000000e+01 2.093937117716e-03 2.977533612358e-02
1.299687500000e+01 2.093656106348e-03 2.978993323611e-02
1.300000000000e+01 2.093384883439e-03 2.980477531413e-02
1.300312500000e+01 2.093123446922e-03 2.981986257573e-02
1.300625000000e+01 2.092871795193e-03 2.983519524640e-02
1.300937500000e+01 2.092629927121e-03 2.985077355906e-02
1.301250000000e+01 2.092397842030e-03 2.986659775404e-02
1.301562500000e+01 2.092175539716e-03 2.988266807908e-02
1.301875000000e+01 2.091963020433e-03 2.989898478930e-02
1.302187500000e+01 2.091760284902e-03 2.991554814718e-02
1.302500000000e+01 2.091567334309e-03 2.993235842262e-02
1.302812500000e+01 2.091384170298e-03 2.994941589283e-02
1.303125000000e+01 2.091210794981e-03 2.996672084240e-02
1.303437500000e+01 2.091047210926e-03 2.998427356326e-02
1.303750000000e+01 2.090893421170e-03 3.000207435467e-02
1.304062500000e+01 2.090749429211e-03 3.002012352320e-02
1.304375000000e+01 2.090615239002e-03 3.003842138276e-02
1.304687500000e+01 2.090490854966e-03 3.005696825455e-02
1.305000000000e+01 2.090376281982e-03 3.007576446705e-02
1.305312500000e+01 2.090271525392e-03 3.009481035605e-02
1.305625000000e+01 2.090176591000e-03 3.011410626461e-02
1.305937500000e+01 2.090091485069e-03 3.013365254304e-02
1.306250000000e+01 2.090016214327e-03 3.015344954893e-02
1.306562500000e+01 2.089950785957e-03 3.017349764711e-02
1.306875000000e+01 2.089895207607e-03 3.019379720964e-02
1.307187500000e+01 2.089849487386e-03 3.021434861581e-02
1.307500000000e+01 2.089813633860e-03 3.023515225214e-02
1.307812500000e+01 2.089787656060e-03 3.025620851233e-02
1.308125000000e+01 2.089771563473e-03 3.027751779732e-02
1.308437500000e+01 2.089765366053e-03 3.029908051521e-02
1.308750000000e+01 2.089769074211e-03 3.032089708127e-02
1.309062500000e+01 2.089782698818e-03 3.034296791797e-02
1.309375000000e+01 2.089806251209e-03 3.036529345490e-02
1.309687500000e+01 2.089839743177e-03 3.038787412883e-02
1.310000000000e+01 2.089883186977e-03 3.041071038364e-02
1.310312500000e+01 2.089936595328e-03 3.043380267034e-02
1.310625000000e+01 2.089999981405e-03 3.045715144707e-02
1.310937500000e+01 2.090073358851e-03 3.048075717905e-02
1.311250000000e+01 2.090156741764e-03 3.050462033860e-02
1.311562500000e+01 2.090250144709e-03 3.052874140512e-02
1.311875000000e+01 2.090353582711e-03 3.055312086507e-02
1.312187500000e+01 2.090467071256e-03 3.057775921196e-02
1.312500000000e+01 2.090590626294e-03 3.060265694635e-02
1.312812500000e+01 2.090724264235e-03 3.062781457583e-02
1.313125000000e+01 2.090868001955e-03 3.065323261499e-02
1.313437500000e+01 2.091021856793e-03 3.067891158544e-02
1.313750000000e+01 2.091185846547e-03 3.070485201575e-02
1.314062500000e+01 2.091359989483e-03 3.073105444149e-02
1.314375000000e+01 2.091544304325e-03 3.075751940517e-02
1.314687500000e+01 2.091738810267e-03 3.078424745626e-02
1.315000000000e+01 2.091943526965e-03 3.081123915113e-02
1.315312500000e+01 2.092158474534e-03 3.083849505309e-02
1.315625000000e+01 2.092383673563e-03 3.086601573232e-02
1.315937500000e+01 2.092619145098e-03 3.089380176590e-02
1.316250000000e+01 2.092864910652e-03 3.092185373775e-02
1.316562500000e+01 2.093120992206e-03 3.095017223866e-02
1.316875000000e+01 2.093387412203e-03 3.097875786622e-02
1.317187500000e+01 2.093664193554e-03 3.100761122483e-02
1.317500000000e+01 2.093951359633e-03 3.103673292569e-02
1.317812500000e+01 2.094248934283e-03 3.106612358675e-02
1.318125000000e+01 2.094556941814e-03 3.109578383273e-02
1.318437500000e+01 2.094875407001e-03 3.112571429505e-02
1.318750000000e+01 2.095204355086e-03 3.115591561185e-02
1.319062500000e+01 2.095543811777e-03 3.118638842793e-02
1.319375000000e+01 2.095893803252e-03 3.121713339479e-02
1.319687500000e+01 2.096254356156e-03 3.124815117051e-02
1.320000000000e+01 2.096625497598e-03 3.127944241983e-02
1.320312500000e+01 2.097007255163e-03 3.131100781405e-02
1.320625000000e+01 2.097399656895e-03 3.134284803103e-02
1.320937500000e+01 2.097802731312e-03 3.137496375517e-02
1.321250000000e+01 2.098216507400e-03 3.140735567736e-02
1.321562500000e+01 2.098641014611e-03 3.144002449499e-02
1.321875000000e+01 2.099076282869e-03 3.147297091187e-02
1.322187500000e+01 2.099522342563e-03 3.150619563826e-02
1.322500000000e+01 2.099979224554e-03 3.153969939078e-02
1.322812500000e+01 2.100446960174e-03 3.157348289241e-02
1.323125000000e+01 2.100925581219e-03 3.160754687246e-02
1.323437500000e+01 2.101415119958e-03 3.164189206652e-02
1.323750000000e+01 2.101915609127e-03 3.167651921643e-02
1.324062500000e+01 2.102427081934e-03 3.171142907026e-02
1.324375000000e+01 2.102949572054e-03 3.174662238226e-02
1.324687500000e+01 2.103483113630e-03 3.178209991280e-02
1.325000000000e+01 2.104027741278e-03 3.181786242837e-02
1.325312500000e+01 2.104583490080e-03 3.185391070152e-02
1.325625000000e+01 2.105150395589e-03 3.189024551082e-02
1.325937500000e+01 2.105728493826e-03 3.192686764082e-02
1.326250000000e+01 2.106317821278e-03 3.196377788200e-02
1.326562500000e+01 2.106918414906e-03 3.200097703072e-02
1.326875000000e+01 2.107530312132e-03 3.203846588920e-02
1.327187500000e+01 2.108153550852e-03 3.207624526544e-02
1.327500000000e+01 2.108788169429e-03 3.211431597319e-02
1.327812500000e+01 2.109434206689e-03 3.215267883188e-02
1.328125000000e+01 2.110091701930e-03 3.219133466660e-02
1.328437500000e+01 2.110760694911e-03 3.223028430801e-02
1.328750000000e+01 2.111441225861e-03 3.226952859231e-02
1.329062500000e+01 2.112133335474e-03 3.230906836116e-02
1.329375000000e+01 2.112837064906e-03 3.234890446165e-02
1.329687500000e+01 2.113552455782e-03 3.238903774622e-02
1.330000000000e+01 2.114279550184e-03 3.242946907260e-02
1.330312500000e+01 2.115018390663e-03 3.247019930375e-02
1.330625000000e+01 2.115769020230e-03 3.251122930778e-02
1.330937500000e+01 2.116531482355e-03 3.255255995791e-02
1.331250000000e+01 2.117305820972e-03 3.259419213239e-02
1.331562500000e+01 2.118092080470e-03 3.263612671440e-02
1.331875000000e+01 2.118890305700e-03 3.267836459201e-02
1.332187500000e+01 2.119700541972e-03 3.272090665812e-02
1.332500000000e+01 2.120522835045e-03 3.276375381031e-02
1.332812500000e+01 2.121357231141e-03 3.280690695084e-02
1.333125000000e+01 2.122203776929e-03 3.285036698654e-02
1.333437500000e+01 2.123062519534e-03 3.289413482869e-02
1.333750000000e+01 2.123933506534e-03 3.293821139300e-02
1.334062500000e+01 2.124816785950e-03 3.298259759946e-02
1.334375000000e+01 2.125712406257e-03 3.302729437230e-02
1.334687500000e+01 2.126620416372e-03 3.307230263983e-02
1.335000000000e+01 2.127540865659e-03 3.311762333443e-02
1.335312500000e+01 2.128473803925e-03 3.316325739239e-02
1.335625000000e+01 2.129419281414e-03 3.320920575381e-02
1.335937500000e+01 2.130377348813e-03 3.325546936253e-02
1.336250000000e+01 2.131348057242e-03 3.330204916601e-02
1.336562500000e+01 2.132331458259e-03 3.334894611518e-02
1.336875000000e+01 2.133327603849e-03 3.339616116441e-02
1.337187500000e+01 2.134336546432e-03 3.344369527130e-02
1.337500000000e+01 2.135358338854e-03 3.349154939665e-02
1.337812500000e+01 2.136393034380e-03 3.353972450427e-02
1.338125000000e+01 2.137440686703e-03 3.358822156089e-02
1.338437500000e+01 2.138501349934e-03 3.363704153603e-02
1.338750000000e+01 2.139575078596e-03 3.368618540185e-02
1.339062500000e+01 2.140661927629e-03 3.373565413306e-02
1.339375000000e+01 2.141761952379e-03 3.378544870671e-02
1.339687500000e+01 2.142875208602e-03 3.383557010212e-02
1.340000000000e+01 2.144001752455e-03 3.388601930070e-02
1.340312500000e+01 2.145141640492e-03 3.393679728580e-02
1.340625000000e+01 2.146294929667e-03 3.398790504257e-02
1.340937500000e+01 2.147461677319e-03 3.403934355781e-02
1.341250000000e+01 2.148641941179e-03 3.409111381976e-02
1.341562500000e+01 2.149835779362e-03 3.414321681803e-02
1.341875000000e+01 2.151043250356e-03 3.419565354333e-02
1.342187500000e+01 2.152264413032e-03 3.424842498738e-02
1.342500000000e+01 2.153499326621e-03 3.430153214268e-02
1.342812500000e+01 2.154748050726e-03 3.435497600235e-02
1.343125000000e+01 2.156010645307e-03 3.440875755995e-02
1.343437500000e+01 2.157287170677e-03 3.446287780928e-02
1.343750000000e+01 2.158577687501e-03 3.451733774420e-02
1.344062500000e+01 2.159882256785e-03 3.457213835841e-02
1.344375000000e+01 2.161200939875e-03 3.462728064526e-02
1.344687500000e+01 2.162533798450e-03 3.468276559756e-02
1.345000000000e+01 2.163880894509e-03 3.473859420731e-02
1.345312500000e+01 2.165242290378e-03 3.479476746557e-02
1.345625000000e+01 2.166618048688e-03 3.485128636214e-02
1.345937500000e+01 2.168008232383e-03 3.490815188541e-02
1.346250000000e+01 2.169412904703e-03 3.496536502207e-02
1.346562500000e+01 2.170832129178e-03 3.502292675691e-02
1.346875000000e+01 2.172265969628e-03 3.508083807256e-02
1.347187500000e+01 2.173714490145e-03 3.513909994925e-02
1.347500000000e+01 2.175177755091e-03 3.519771336451e-02
1.347812500000e+01 2.176655829092e-03 3.525667929297e-02
1.348125000000e+01 2.178148777020e-03 3.531599870605e-02
1.348437500000e+01 2.179656663999e-03 3.537567257172e-02
1.348750000000e+01 2.181179555379e-03 3.543570185418e-02
1.349062500000e+01 2.182717516742e-03 3.549608751359e-02
1.349375000000e+01 2.184270613888e-03 3.555683050578e-02
1.349687500000e+01 2.185838912816e-03 3.561793178197e-02
1.350000000000e+01 2.187422479729e-03 3.567939228842e-02
1.350312500000e+01 2.189021381009e-03 3.574121296615e-02
1.350625000000e+01 2.190635683222e-03 3.580339475060e-02
1.350937500000e+01 2.192265453094e-03 3.586593857133e-02
1.351250000000e+01 2.193910757503e-03 3.592884535166e-02
1.351562500000e+01 2.195571663475e-03 3.599211600832e-02
1.351875000000e+01 2.197248238160e-03 3.605575145114e-02
1.352187500000e+01 2.198940548831e-03 3.611975258266e-02
1.352500000000e+01 2.200648662866e-03 3.618412029779e-02
1.352812500000e+01 2.202372647731e-03 3.624885548339e-02
1.353125000000e+01 2.204112570980e-03 3.631395901796e-02
1.353437500000e+01 2.205868500224e-03 3.637943177119e-02
1.353750000000e+01 2.207640503134e-03 3.644527460362e-02
1.354062500000e+01 2.209428647416e-03 3.651148836616e-02
1.354375000000e+01 2.211233000798e-03 3.657807389976e-02
1.354687500000e+01 2.213053631020e-03 3.664503203492e-02
1.355000000000e+01 2.214890605809e-03 3.671236359130e-02
1.355312500000e+01 2.216743992876e-03 3.678006937727e-02
1.355625000000e+01 2.218613859890e-03 3.684815018945e-02
1.355937500000e+01 2.220500274461e-03 3.691660681227e-02
1.356250000000e+01 2.222403304130e-03 3.698544001747e-02
1.356562500000e+01 2.224323016350e-03 3.705465056367e-02
1.356875000000e+01 2.226259478459e-03 3.712423919585e-02
1.357187500000e+01 2.228212757677e-03 3.719420664486e-02
1.357500000000e+01 2.230182921069e-03 3.726455362690e-02
1.357812500000e+01 2.232170035543e-03 3.733528084304e-02
1.358125000000e+01 2.234174167819e-03 3.740638897867e-02
1.358437500000e+01 2.236195384412e-03 3.747787870293e-02
1.358750000000e+01 2.238233751617e-03 3.754975066823e-02
1.359062500000e+01 2.240289335475e-03 3.762200550965e-02
1.359375000000e+01 2.242362201762e-03 3.769464384435e-02
1.359687500000e+01 2.244452415964e-03 3.776766627105e-02
1.360000000000e+01 2.246560043254e-03 3.784107336937e-02
1.360312500000e+01 2.248685148467e-03 3.791486569928e-02
1.360625000000e+01 2.250827796078e-03 3.798904380045e-02
1.360937500000e+01 2.252988050178e-03 3.806360819165e-02
1.361250000000e+01 2.255165974445e-03 3.813855937007e-02
1.361562500000e+01 2.257361632128e-03 3.821389781074e-02
1.361875000000e+01 2.259575086012e-03 3.828962396578e-02
1.362187500000e+01 2.261806398390e-03 3.836573826380e-02
1.362500000000e+01 2.264055631047e-03 3.844224110917e-02
1.362812500000e+01 2.266322845219e-03 3.851913288133e-02
1.363125000000e+01 2.268608101572e-03 3.859641393408e-02
1.363437500000e+01 2.270911460176e-03 3.867408459485e-02
1.363750000000e+01 2.273232980465e-03 3.875214516396e-02
1.364062500000e+01 2.275572721216e-03 3.883059591389e-02
1.364375000000e+01 2.277930740513e-03 3.890943708847e-02
1.364687500000e+01 2.280307095716e-03 3.898866890214e-02
1.365000000000e+01 2.282701843434e-03 3.906829153914e-02
1.365312500000e+01 2.285115039481e-03 3.914830515272e-02
1.365625000000e+01 2.287546738857e-03 3.922870986429e-02
1.365937500000e+01 2.289996995696e-03 3.930950576262e-02
1.366250000000e+01 2.292465863249e-03 3.939069290295e-02
1.366562500000e+01 2.294953393840e-03 3.947227130619e-02
1.366875000000e+01 2.297459638821e-03 3.955424095796e-02
1.367187500000e+01 2.299984648553e-03 3.963660180777e-02
1.367500000000e+01 2.302528472351e-03 3.971935376809e-02
1.367812500000e+01 2.305091158458e-03 3.980249671341e-02
1.368125000000e+01 2.307672753998e-03 3.988603047933e-02
1.368437500000e+01 2.310273304939e-03 3.996995486159e-02
1.368750000000e+01 2.312892856053e-03 4.005426961513e-02
1.369062500000e+01 2.315531450868e-03 4.013897445306e-02
1.369375000000e+01 2.318189131634e-03 4.022406904572e-02
1.369687500000e+01 2.320865939277e-03 4.030955301964e-02
1.370000000000e+01 2.323561913349e-03 4.039542595651e-02
1.370312500000e+01 2.326277091996e-03 4.048168739214e-02
1.370625000000e+01 2.329011511895e-03 4.056833681541e-02
1.370937500000e+01 2.331765208226e-03 4.065537366719e-02
1.371250000000e+01 2.334538214613e-03 4.074279733925e-02
1.371562500000e+01 2.337330563076e-03 4.083060717317e-02
1.371875000000e+01 2.340142283989e-03 4.091880245919e-02
1.372187500000e+01 2.342973406022e-03 4.100738243508e-02
1.372500000000e+01 2.345823956100e-03 4.109634628503e-02
1.372812500000e+01 2.348693959342e-03 4.118569313842e-02
1.373125000000e+01 2.351583439014e-03 4.127542206868e-02
1.373437500000e+01 2.354492416479e-03 4.136553209208e-02
1.373750000000e+01 2.357420911133e-03 4.145602216650e-02
1.374062500000e+01 2.360368940359e-03 4.154689119022e-02
1.374375000000e+01 2.363336519471e-03 4.163813800066e-02
1.374687500000e+01 2.366323661652e-03 4.172976137313e-02
1.375000000000e+01 2.369330377901e-03 4.182176001956e-02
1.375312500000e+01 2.372356676971e-03 4.191413258716e-02
1.375625000000e+01 2.375402565319e-03 4.200687765719e-02
1.375937500000e+01 2.378468047035e-03 4.209999374357e-02
1.376250000000e+01 2.381553123785e-03 4.219347929157e-02
1.376562500000e+01 2.384657794755e-03 4.228733267648e-02
1.376875000000e+01 2.387782056578e-03 4.238155220220e-02
1.377187500000e+01 2.390925903280e-03 4.247613609989e-02
1.377500000000e+01 2.394089326214e-03 4.257108252657e-02
1.377812500000e+01 2.397272313987e-03 4.266638956369e-02
1.378125000000e+01 2.400474852411e-03 4.276205521575e-02
1.378437500000e+01 2.403696924415e-03 4.285807740883e-02
1.378750000000e+01 2.406938509995e-03 4.295445398915e-02
1.379062500000e+01 2.410199586140e-03 4.305118272162e-02
1.379375000000e+01 2.413480126756e-03 4.314826128835e-02
1.379687500000e+01 2.416780102609e-03 4.324568728716e-02
1.380000000000e+01 2.420099481245e-03 4.334345823013e-02
1.380312500000e+01 2.423438226919e-03 4.344157154203e-02
1.380625000000e+01 2.426796300533e-03 4.354002455883e-02
1.380937500000e+01 2.430173659547e-03 4.363881452617e-02
1.381250000000e+01 2.433570257919e-03 4.373793859783e-02
1.381562500000e+01 2.436986046024e-03 4.383739383415e-02
1.381875000000e+01 2.440420970581e-03 4.393717720052e-02
1.382187500000e+01 2.443874974579e-03 4.403728556576e-02
1.382500000000e+01 2.447347997192e-03 4.413771570060e-02
1.382812500000e+01 2.450839973721e-03 4.423846427606e-02
1.383125000000e+01 2.454350835495e-03 4.433952786189e-02
1.383437500000e+01 2.457880509805e-03 4.444090292496e-02
1.383750000000e+01 2.461428919826e-03 4.454258582768e-02
1.384062500000e+01 2.464995984530e-03 4.464457282638e-02
1.384375000000e+01 2.468581618618e-03 4.474686006974e-02
1.384687500000e+01 2.472185732427e-03 4.484944359714e-02
1.385000000000e+01 2.475808231859e-03 4.495231933709e-02
1.385312500000e+01 2.479449018301e-03 4.505548310560e-02
1.385625000000e+01 2.483107988534e-03 4.515893060459e-02
1.385937500000e+01 2.486785034662e-03 4.526265742026e-02
1.386250000000e+01 2.490480044022e-03 4.536665902152e-02
1.386562500000e+01 2.494192899111e-03 4.547093075834e-02
1.386875000000e+01 2.497923477497e-03 4.557546786022e-02
1.387187500000e+01 2.501671651736e-03 4.568026543454e-02
1.387500000000e+01 2.505437289297e-03 4.578531846502e-02
1.387812500000e+01 2.509220252472e-03 4.589062181012e-02
1.388125000000e+01 2.513020398297e-03 4.599617020147e-02
1.388437500000e+01 2.516837578471e-03 4.610195824234e-02
1.388750000000e+01 2.520671639270e-03 4.620798040610e-02
1.389062500000e+01 2.524522421468e-03 4.631423103464e-02
1.389375000000e+01 2.528389760253e-03 4.642070433693e-02
1.389687500000e+01 2.532273485148e-03 4.652739438746e-02
1.390000000000e+01 2.536173419932e-03 4.663429512481e-02
1.390312500000e+01 2.540089382550e-03 4.674140035013e-02
1.390625000000e+01 2.544021185045e-03 4.684870372578e-02
1.390937500000e+01 2.547968633461e-03 4.695619877385e-02
1.391250000000e+01 2.551931527790e-03 4.706387887479e-02
1.391562500000e+01 2.555909661874e-03 4.717173726606e-02
1.391875000000e+01 2.559902823324e-03 4.727976704078e-02
1.392187500000e+01 2.563910793461e-03 4.738796114642e-02
1.392500000000e+01 2.567933347228e-03 4.749631238353e-02
1.392812500000e+01 2.571970253121e-03 4.760481340452e-02
1.393125000000e+01 2.576021273113e-03 4.771345671241e-02
1.393437500000e+01 2.580086162573e-03 4.782223465973e-02
1.393750000000e+01 2.584164670220e-03 4.793113944733e-02
1.394062500000e+01 2.588256538023e-03 4.804016312334e-02
1.394375000000e+01 2.592361501153e-03 4.814929758210e-02
1.394687500000e+01 2.596479287913e-03 4.825853456320e-02
1.395000000000e+01 2.600609619667e-03 4.836786565052e-02
1.395312500000e+01 2.604752210785e-03 4.847728227132e-02
1.395625000000e+01 2.608906768570e-03 4.858677569545e-02
1.395937500000e+01 2.613072993214e-03 4.869633703450e-02
1.396250000000e+01 2.617250577738e-03 4.880595724115e-02
1.396562500000e+01 2.621439207920e-03 4.891562710846e-02
1.396875000000e+01 2.625638562264e-03 4.902533726927e-02
1.397187500000e+01 2.629848311941e-03 4.913507819569e-02
1.397500000000e+01 2.634068120741e-03 4.924484019861e-02
1.397812500000e+01 2.638297645032e-03 4.935461342731e-02
1.398125000000e+01 2.642536533705e-03 4.946438786918e-02
1.398437500000e+01 2.646784428164e-03 4.957415334940e-02
1.398750000000e+01 2.651040962253e-03 4.968389953082e-02
1.399062500000e+01 2.655305762250e-03 4.979361591388e-02
1.399375000000e+01 2.659578446830e-03 4.990329183660e-02
1.399687500000e+01 2.663858627035e-03 5.001291647464e-02
1.400000000000e+01 2.668145906257e-03 5.012247884151e-02
1.400312500000e+01 2.672439880210e-03 5.023196778883e-02
1.400625000000e+01 2.676740136924e-03 5.034137200666e-02
1.400937500000e+01 2.681046256741e-03 5.045068002400e-02
1.401250000000e+01 2.685357812280e-03 5.055988020935e-02
1.401562500000e+01 2.689674368462e-03 5.066896077133e-02
1.401875000000e+01 2.693995482501e-03 5.077790975947e-02
1.402187500000e+01 2.698320703905e-03 5.088671506511e-02
1.402500000000e+01 2.702649574498e-03 5.099536442236e-02
1.402812500000e+01 2.706981628415e-03 5.110384540918e-02
1.403125000000e+01 2.711316392153e-03 5.121214544865e-02
1.403437500000e+01 2.715653384559e-03 5.132025181025e-02
1.403750000000e+01 2.719992116889e-03 5.142815161136e-02
1.404062500000e+01 2.724332092829e-03 5.153583181879e-02
1.404375000000e+01 2.728672808540e-03 5.164327925053e-02
1.404687500000e+01 2.733013752702e-03 5.175048057753e-02
1.405000000000e+01 2.737354406559e-03 5.185742232572e-02
1.405312500000e+01 2.741694243988e-03 5.196409087807e-02
1.405625000000e+01 2.746032731563e-03 5.207047247680e-02
1.405937500000e+01 2.750369328600e-03 5.217655322579e-02
1.406250000000e+01 2.754703487261e-03 5.228231909303e-02
1.406562500000e+01 2.759034652618e-03 5.238775591333e-02
1.406875000000e+01 2.763362262742e-03 5.249284939103e-02
1.407187500000e+01 2.767685748804e-03 5.259758510299e-02
1.407500000000e+01 2.772004535157e-03 5.270194850162e-02
1.407812500000e+01 2.776318039463e-03 5.280592491812e-02
1.408125000000e+01 2.780625672794e-03 5.290949956584e-02
1.408437500000e+01 2.784926839752e-03 5.301265754383e-02
1.408750000000e+01 2.789220938595e-03 5.311538384043e-02
1.409062500000e+01 2.793507361373e-03 5.321766333716e-02
1.409375000000e+01 2.797785494067e-03 5.331948081267e-02
1.409687500000e+01 2.802054716724e-03 5.342082094682e-02
1.410000000000e+01 2.806314403627e-03 5.352166832500e-02
1.410312500000e+01 2.810563923454e-03 5.362200744254e-02
1.410625000000e+01 2.814802639425e-03 5.372182270926e-02
1.410937500000e+01 2.819029909498e-03 5.382109845425e-02
1.411250000000e+01 2.823245086542e-03 5.391981893071e-02
1.411562500000e+01 2.827447518525e-03 5.401796832098e-02
1.411875000000e+01 2.831636548714e-03 5.411553074176e-02
1.412187500000e+01 2.835811515861e-03 5.421249024940e-02
1.412500000000e+01 2.839971754438e-03 5.430883084542e-02
1.412812500000e+01 2.844116594832e-03 5.440453648209e-02
1.413125000000e+01 2.848245363579e-03 5.449959106825e-02
1.413437500000e+01 2.852357383590e-03 5.459397847520e-02
1.413750000000e+01 2.856451974390e-03 5.468768254276e-02
1.414062500000e+01 2.860528452361e-03 5.478068708547e-02
1.414375000000e+01 2.864586130987e-03 5.487297589895e-02
1.414687500000e+01 2.868624321120e-03 5.496453276630e-02
1.415000000000e+01 2.872642331240e-03 5.505534146477e-02
1.415312500000e+01 2.876639467724e-03 5.514538577245e-02
1.415625000000e+01 2.880615035120e-03 5.523464947513e-02
1.415937500000e+01 2.884568336433e-03 5.532311637325e-02
1.416250000000e+01 2.888498673411e-03 5.541077028902e-02
1.416562500000e+01 2.892405346844e-03 5.549759507360e-02
1.416875000000e+01 2.896287656850e-03 5.558357461438e-02
1.417187500000e+01 2.900144903196e-03 5.566869284246e-02
1.417500000000e+01 2.903976385604e-03 5.575293374006e-02
1.417812500000e+01 2.907781404061e-03 5.583628134821e-02
1.418125000000e+01 2.911559259144e-03 5.591871977437e-02
1.418437500000e+01 2.915309252345e-03 5.600023320023e-02
1.418750000000e+01 2.919030686402e-03 5.608080588953e-02
1.419062500000e+01 2.922722865623e-03 5.616042219600e-02
1.419375000000e+01 2.926385096238e-03 5.623906657129e-02
1.419687500000e+01 2.930016686733e-03 5.631672357306e-02
1.420000000000e+01 2.933616948193e-03 5.639337787298e-02
1.420312500000e+01 2.937185194656e-03 5.646901426492e-02
1.420625000000e+01 2.940720743455e-03 5.654361767308e-02
1.420937500000e+01 2.944222915579e-03 5.661717316014e-02
1.421250000000e+01 2.947691036028e-03 5.668966593551e-02
1.421562500000e+01 2.951124434158e-03 5.676108136353e-02
1.421875000000e+01 2.954522444057e-03 5.683140497167e-02
1.422187500000e+01 2.957884404894e-03 5.690062245876e-02
1.422500000000e+01 2.961209661285e-03 5.696871970317e-02
1.422812500000e+01 2.964497563650e-03 5.703568277102e-02
1.423125000000e+01 2.967747468575e-03 5.710149792430e-02
1.423437500000e+01 2.970958739178e-03 5.716615162901e-02
1.423750000000e+01 2.974130745457e-03 5.722963056319e-02
1.424062500000e+01 2.977262864667e-03 5.729192162498e-02
1.424375000000e+01 2.980354481663e-03 5.735301194050e-02
1.424687500000e+01 2.983404989266e-03 5.741288887177e-02
1.425000000000e+01 2.986413788609e-03 5.747154002450e-02
1.425312500000e+01 2.989380289496e-03 5.752895325574e-02
1.425625000000e+01 2.992303910745e-03 5.758511668154e-02
1.425937500000e+01 2.995184080538e-03 5.764001868440e-02
1.426250000000e+01 2.998020236751e-03 5.769364792065e-02
1.426562500000e+01 3.000811827311e-03 5.774599332768e-02
1.426875000000e+01 3.003558310510e-03 5.779704413109e-02
1.427187500000e+01 3.006259155344e-03 5.784678985162e-02
1.427500000000e+01 3.008913841830e-03 5.789522031193e-02
1.427812500000e+01 3.011521861325e-03 5.794232564334e-02
1.428125000000e+01 3.014082716840e-03 5.798809629223e-02
1.428437500000e+01 3.016595923330e-03 5.803252302636e-02
1.428750000000e+01 3.019061008011e-03 5.807559694101e-02
1.429062500000e+01 3.021477510637e-03 5.811730946487e-02
1.429375000000e+01 3.023844983789e-03 5.815765236580e-02
1.429687500000e+01 3.026162993142e-03 5.819661775630e-02
1.430000000000e+01 3.028431117741e-03 5.823419809880e-02
1.430312500000e+01 3.030648950251e-03 5.827038621081e-02
1.430625000000e+01 3.032816097213e-03 5.830517526964e-02
1.430937500000e+01 3.034932179268e-03 5.833855881713e-02
1.431250000000e+01 3.036996831409e-03 5.837053076392e-02
1.431562500000e+01 3.039009703187e-03 5.840108539359e-02
1.431875000000e+01 3.040970458924e-03 5.843021736658e-02
1.432187500000e+01 3.042878777912e-03 5.845792172368e-02
1.432500000000e+01 3.044734354604e-03 5.848419388949e-02
1.432812500000e+01 3.046536898793e-03 5.850902967539e-02
1.433125000000e+01 3.048286135769e-03 5.853242528240e-02
1.433437500000e+01 3.049981806492e-03 5.855437730369e-02
1.433750000000e+01 3.051623667721e-03 5.857488272678e-02
1.434062500000e+01 3.053211492156e-03 5.859393893557e-02
1.434375000000e+01 3.054745068553e-03 5.861154371197e-02
1.434687500000e+01 3.056224201837e-03 5.862769523727e-02
1.435000000000e+01 3.057648713195e-03 5.864239209331e-02
1.435312500000e+01 3.059018440164e-03 5.865563326321e-02
1.435625000000e+01 3.060333236695e-03 5.866741813193e-02
1.435937500000e+01 3.061592973225e-03 5.867774648646e-02
1.436250000000e+01 3.062797536719e-03 5.868661851582e-02
1.436562500000e+01 3.063946830701e-03 5.869403481063e-02
1.436875000000e+01 3.065040775281e-03 5.869999636247e-02
1.437187500000e+01 3.066079307164e-03 5.870450456299e-02
1.437500000000e+01 3.067062379649e-03 5.870756120261e-02
1.437812500000e+01 3.067989962604e-03 5.870916846906e-02
1.438125000000e+01 3.068862042456e-03 5.870932894557e-02
1.438437500000e+01 3.069678622138e-03 5.870804560874e-02
1.438750000000e+01 3.070439721042e-03 5.870532182624e-02
1.439062500000e+01 3.071145374955e-03 5.870116135415e-02
1.439375000000e+01 3.071795635983e-03 5.869556833405e-02
1.439687500000e+01 3.072390572460e-03 5.868854728985e-02
1.440000000000e+01 3.072930268857e-03 5.868010312436e-02
1.440312500000e+01 3.073414825654e-03 5.867024111557e-02
1.440625000000e+01 3.073844359238e-03 5.865896691273e-02
1.440937500000e+01 3.074219001760e-03 5.864628653218e-02
1.441250000000e+01 3.074538900986e-03 5.863220635284e-02
1.441562500000e+01 3.074804220152e-03 5.861673311163e-02
1.441875000000e+01 3.075015137788e-03 5.859987389851e-02
1.442187500000e+01 3.075171847554e-03 5.858163615138e-02
1.442500000000e+01 3.075274558036e-03 5.856202765077e-02
1.442812500000e+01 3.075323492573e-03 5.854105651427e-02
1.443125000000e+01 3.075318889037e-03 5.851873119081e-02
1.443437500000e+01 3.075260999625e-03 5.849506045471e-02
1.443750000000e+01 3.075150090636e-03 5.847005339957e-02
1.444062500000e+01 3.074986442229e-03 5.844371943200e-02
1.444375000000e+01 3.074770348211e-03 5.841606826512e-02
1.444687500000e+01 3.074502115764e-03 5.838710991198e-02
1.445000000000e+01 3.074182065193e-03 5.835685467873e-02
1.445312500000e+01 3.073810529682e-03 5.832531315777e-02
1.445625000000e+01 3.073387855010e-03 5.829249622065e-02
1.445937500000e+01 3.072914399282e-03 5.825841501091e-02
1.446250000000e+01 3.072390532649e-03 5.822308093680e-02
1.446562500000e+01 3.071816637021e-03 5.818650566385e-02
1.446875000000e+01 3.071193105777e-03 5.814870110739e-02
1.447187500000e+01 3.070520343457e-03 5.810967942495e-02
1.447500000000e+01 3.069798765483e-03 5.806945300857e-02
1.447812500000e+01 3.069028797836e-03 5.802803447709e-02
1.448125000000e+01 3.068210876755e-03 5.798543666830e-02
1.448437500000e+01 3.067345448423e-03 5.794167263109e-02
1.448750000000e+01 3.066432968641e-03 5.789675561752e-02
1.449062500000e+01 3.065473902537e-03 5.785069907489e-02
1.449375000000e+01 3.064468724220e-03 5.780351663772e-02
1.449687500000e+01 3.063417916459e-03 5.775522211979e-02
1.450000000000e+01 3.062321970376e-03 5.770582950608e-02
1.450312500000e+01 3.061181385106e-03 5.765535294475e-02
1.450625000000e+01 3.059996667477e-03 5.760380673912e-02
1.450937500000e+01 3.058768331682e-03 5.755120533968e-02
1.451250000000e+01 3.057496898941e-03 5.749756333603e-02
1.451562500000e+01 3.056182897203e-03 5.744289544900e-02
1.451875000000e+01 3.054826860782e-03 5.738721652261e-02
1.452187500000e+01 3.053429330059e-03 5.733054151624e-02
1.452500000000e+01 3.051990851146e-03 5.727288549676e-02
1.452812500000e+01 3.050511975563e-03 5.721426363072e-02
1.453125000000e+01 3.048993259919e-03 5.715469117658e-02
1.453437500000e+01 3.047435265581e-03 5.709418347710e-02
1.453750000000e+01 3.045838558378e-03 5.703275595168e-02
1.454062500000e+01 3.044203708268e-03 5.697042408885e-02
1.454375000000e+01 3.042531289019e-03 5.690720343881e-02
1.454687500000e+01 3.040821877922e-03 5.684310960611e-02
1.455000000000e+01 3.039076055466e-03 5.677815824233e-02
1.455312500000e+01 3.037294405042e-03 5.671236503897e-02
1.455625000000e+01 3.035477512645e-03 5.664574572036e-02
1.455937500000e+01 3.033625966561e-03 5.657831603667e-02
1.456250000000e+01 3.031740357111e-03 5.651009175714e-02
1.456562500000e+01 3.029821276320e-03 5.644108866327e-02
1.456875000000e+01 3.027869317665e-03 5.637132254229e-02
1.457187500000e+01 3.025885075786e-03 5.630080918057e-02
1.457500000000e+01 3.023869146210e-03 5.622956435734e-02
1.457812500000e+01 3.021822125086e-03 5.615760383844e-02
1.458125000000e+01 3.019744608909e-03 5.608494337015e-02
1.458437500000e+01 3.017637194284e-03 5.601159867331e-02
1.458750000000e+01 3.015500477653e-03 5.593758543740e-02
1.459062500000e+01 3.013335055044e-03 5.586291931490e-02
1.459375000000e+01 3.011141521845e-03 5.578761591570e-02
1.459687500000e+01 3.008920472555e-03 5.571169080168e-02
1.460000000000e+01 3.006672500550e-03 5.563515948145e-02
1.460312500000e+01 3.004398197868e-03 5.555803740520e-02
1.460625000000e+01 3.002098154967e-03 5.548033995970e-02
1.460937500000e+01 2.999772960544e-03 5.540208246350e-02
1.461250000000e+01 2.997423201286e-03 5.532328016217e-02
1.461562500000e+01 2.995049461700e-03 5.524394822379e-02
1.461875000000e+01 2.992652323897e-03 5.516410173455e-02
1.462187500000e+01 2.990232367408e-03 5.508375569443e-02
1.462500000000e+01 2.987790168998e-03 5.500292501316e-02
1.462812500000e+01 2.985326302479e-03 5.492162450619e-02
1.463125000000e+01 2.982841338547e-03 5.483986889091e-02
1.463437500000e+01 2.980335844617e-03 5.475767278293e-02
1.463750000000e+01 2.977810384641e-03 5.467505069260e-02
1.464062500000e+01 2.975265518972e-03 5.459201702155e-02
1.464375000000e+01 2.972701804209e-03 5.450858605948e-02
1.464687500000e+01 2.970119793048e-03 5.442477198106e-02
1.465000000000e+01 2.967520034151e-03 5.434058884292e-02
1.465312500000e+01 2.964903071997e-03 5.425605058085e-02
1.465625000000e+01 2.962269446787e-03 5.417117100709e-02
1.465937500000e+01 2.959619694282e-03 5.408596380776e-02
1.466250000000e+01 2.956954345722e-03 5.400044254046e-02
1.466562500000e+01 2.954273927694e-03 5.391462063193e-02
1.466875000000e+01 2.951578962039e-03 5.382851137592e-02
1.467187500000e+01 2.948869965748e-03 5.374212793114e-02
1.467500000000e+01 2.946147450861e-03 5.365548331933e-02
1.467812500000e+01 2.943411924390e-03 5.356859042347e-02
1.468125000000e+01 2.940663888238e-03 5.348146198614e-02
1.468437500000e+01 2.937903839097e-03 5.339411060793e-02
1.468750000000e+01 2.935132268398e-03 5.330654874602e-02
1.469062500000e+01 2.932349662235e-03 5.321878871284e-02
1.469375000000e+01 2.929556501294e-03 5.313084267493e-02
1.469687500000e+01 2.926753260807e-03 5.304272265172e-02
1.470000000000e+01 2.923940410475e-03 5.295444051467e-02
1.470312500000e+01 2.921118414445e-03 5.286600798628e-02
1.470625000000e+01 2.918287731244e-03 5.277743663934e-02
1.470937500000e+01 2.915448813746e-03 5.268873789627e-02
1.471250000000e+01 2.912602109132e-03 5.259992302849e-02
1.471562500000e+01 2.909748058857e-03 5.251100315594e-02
1.471875000000e+01 2.906887098622e-03 5.242198924668e-02
1.472187500000e+01 2.904019658341e-03 5.233289211657e-02
1.472500000000e+01 2.901146162130e-03 5.224372242907e-02
1.472812500000e+01 2.898267028293e-03 5.215449069504e-02
1.473125000000e+01 2.895382669282e-03 5.206520727276e-02
1.473437500000e+01 2.892493491714e-03 5.197588236787e-02
1.473750000000e+01 2.889599896351e-03 5.188652603353e-02
1.474062500000e+01 2.886702278097e-03 5.179714817053e-02
1.474375000000e+01 2.883801025999e-03 5.170775852760e-02
1.474687500000e+01 2.880896523240e-03 5.161836670168e-02
1.475000000000e+01 2.877989147160e-03 5.152898213829e-02
1.475312500000e+01 2.875079269252e-03 5.143961413201e-02
1.475625000000e+01 2.872167255176e-03 5.135027182695e-02
1.475937500000e+01 2.869253464771e-03 5.126096421737e-02
1.476250000000e+01 2.866338252076e-03 5.117170014822e-02
1.476562500000e+01 2.863421965342e-03 5.108248831590e-02
1.476875000000e+01 2.860504947052e-03 5.099333726896e-02
1.477187500000e+01 2.857587533951e-03 5.090425540885e-02
1.477500000000e+01 2.854670057077e-03 5.081525099082e-02
1.477812500000e+01 2.851752841761e-03 5.072633212475e-02
1.478125000000e+01 2.848836207689e-03 5.063750677609e-02
1.478437500000e+01 2.845920468915e-03 5.054878276680e-02
1.478750000000e+01 2.843005933899e-03 5.046016777640e-02
1.479062500000e+01 2.840092905546e-03 5.037166934299e-02
1.479375000000e+01 2.837181681228e-03 5.028329486432e-02
1.479687500000e+01 2.834272552845e-03 5.019505159891e-02
1.480000000000e+01 2.831365806846e-03 5.010694666723e-02
1.480312500000e+01 2.828461724282e-03 5.001898705283e-02
1.480625000000e+01 2.825560580842e-03 4.993117960357e-02
1.480937500000e+01 2.822662646899e-03 4.984353103285e-02
1.481250000000e+01 2.819768187560e-03 4.975604792091e-02
1.481562500000e+01 2.816877462701e-03 4.966873671602e-02
1.481875000000e+01 2.813990727027e-03 4.958160373591e-02
1.482187500000e+01 2.811108230115e-03 4.949465516897e-02
1.482500000000e+01 2.808230216465e-03 4.940789707571e-02
1.482812500000e+01 2.805356925547e-03 4.932133539005e-02
1.483125000000e+01 2.802488591857e-03 4.923497592073e-02
1.483437500000e+01 2.799625444966e-03 4.914882435270e-02
1.483750000000e+01 2.796767709578e-03 4.906288624854e-02
1.484062500000e+01 2.793915605569e-03 4.897716704986e-02
1.484375000000e+01 2.791069348060e-03 4.889167207875e-02
1.484687500000e+01 2.788229147463e-03 4.880640653922e-02
1.485000000000e+01 2.785395209532e-03 4.872137551864e-02
1.485312500000e+01 2.782567735424e-03 4.863658398923e-02
1.485625000000e+01 2.779746921755e-03 4.855203680949e-02
1.485937500000e+01 2.776932960655e-03 4.846773872566e-02
1.486250000000e+01 2.774126039818e-03 4.838369437326e-02
1.486562500000e+01 2.771326342573e-03 4.829990827850e-02
1.486875000000e+01 2.768534047930e-03 4.821638485979e-02
1.487187500000e+01 2.765749330641e-03 4.813312842921e-02
1.487500000000e+01 2.762972361256e-03 4.805014319401e-02
1.487812500000e+01 2.760203306181e-03 4.796743325806e-02
1.488125000000e+01 2.757442327738e-03 4.788500262338e-02
1.488437500000e+01 2.754689584221e-03 4.780285519155e-02
1.488750000000e+01 2.751945229944e-03 4.772099476526e-02
1.489062500000e+01 2.749209415318e-03 4.763942504972e-02
1.489375000000e+01 2.746482286893e-03 4.755814965414e-02
1.489687500000e+01 2.743763987419e-03 4.747717209324e-02
1.490000000000e+01 2.741054655908e-03 4.739649578863e-02
1.490312500000e+01 2.738354427682e-03 4.731612407035e-02
1.490625000000e+01 2.735663434441e-03 4.723606017821e-02
1.490937500000e+01 2.732981804305e-03 4.715630726332e-02
1.491250000000e+01 2.730309661887e-03 4.707686838949e-02
1.491562500000e+01 2.727647128336e-03 4.699774653460e-02
1.491875000000e+01 2.724994321401e-03 4.691894459209e-02
1.492187500000e+01 2.722351355481e-03 4.684046537232e-02
1.492500000000e+01 2.719718341683e-03 4.676231160398e-02
1.492812500000e+01 2.717095387877e-03 4.668448593544e-02
1.493125000000e+01 2.714482598750e-03 4.660699093617e-02
1.493437500000e+01 2.711880075855e-03 4.652982909807e-02
1.493750000000e+01 2.709287917676e-03 4.645300283684e-02
1.494062500000e+01 2.706706219672e-03 4.637651449331e-02
1.494375000000e+01 2.704135074333e-03 4.630036633477e-02
1.494687500000e+01 2.701574571233e-03 4.622456055627e-02
1.495000000000e+01 2.699024797080e-03 4.614909928197e-02
1.495312500000e+01 2.696485835771e-03 4.607398456638e-02
1.495625000000e+01 2.693957768435e-03 4.599921839567e-02
1.495937500000e+01 2.691440673495e-03 4.592480268892e-02
1.496250000000e+01 2.688934626712e-03 4.585073929940e-02
1.496562500000e+01 2.686439701234e-03 4.577703001577e-02
1.496875000000e+01 2.683955967647e-03 4.570367656334e-02
1.497187500000e+01 2.681483494021e-03 4.563068060527e-02
1.497500000000e+01 2.679022345962e-03 4.555804374377e-02
1.497812500000e+01 2.676572586659e-03 4.548576752129e-02
1.498125000000e+01 2.674134276923e-03 4.541385342169e-02
1.498437500000e+01 2.671707475248e-03 4.534230287140e-02
1.498750000000e+01 2.669292237844e-03 4.527111724056e-02
1.499062500000e+01 2.666888618689e-03 4.520029784415e-02
1.499375000000e+01 2.664496669574e-03 4.512984594313e-02
1.499687500000e+01 2.662116440143e-03 4.505976274550e-02
1.500000000000e+01 2.659747977943e-03 4.499004940743e-02
1.500312500000e+01 2.657391328456e-03 4.492070703429e-02
1.500625000000e+01 2.655046535159e-03 4.485173668178e-02
1.500937500000e+01 2.652713639549e-03 4.478313935688e-02
1.501250000000e+01 2.650392681198e-03 4.471491601898e-02
1.501562500000e+01 2.648083697784e-03 4.464706758082e-02
1.501875000000e+01 2.645786725137e-03 4.457959490955e-02
1.502187500000e+01 2.643501797276e-03 4.451249882768e-02
1.502500000000e+01 2.641228946456e-03 4.444578011407e-02
1.502812500000e+01 2.638968203188e-03 4.437943950492e-02
1.503125000000e+01 2.636719596302e-03 4.431347769466e-02
1.503437500000e+01 2.634483152966e-03 4.424789533693e-02
1.503750000000e+01 2.632258898733e-03 4.418269304550e-02
1.504062500000e+01 2.630046857573e-03 4.411787139513e-02
1.504375000000e+01 2.627847051910e-03 4.405343092254e-02
1.504687500000e+01 2.625659502659e-03 4.398937212720e-02
1.505000000000e+01 2.623484229257e-03 4.392569547229e-02
1.505312500000e+01 2.621321249703e-03 4.386240138548e-02
1.505625000000e+01 2.619170580589e-03 4.379949025979e-02
1.505937500000e+01 2.617032237133e-03 4.373696245444e-02
1.506250000000e+01 2.614906233215e-03 4.367481829563e-02
1.506562500000e+01 2.612792581399e-03 4.361305807739e-02
1.506875000000e+01 2.610691292983e-03 4.355168206229e-02
1.507187500000e+01 2.608602378017e-03 4.349069048229e-02
1.507500000000e+01 2.606525845329e-03 4.343008353947e-02
1.507812500000e+01 2.604461702574e-03 4.336986140677e-02
1.508125000000e+01 2.602409956247e-03 4.331002422876e-02
1.508437500000e+01 2.600370611719e-03 4.325057212233e-02
1.508750000000e+01 2.598343673266e-03 4.319150517742e-02
1.509062500000e+01 2.596329144097e-03 4.313282345774e-02
1.509375000000e+01 2.594327026383e-03 4.307452700143e-02
1.509687500000e+01 2.592337321275e-03 4.301661582174e-02
1.510000000000e+01 2.590360028946e-03 4.295908990772e-02
1.510312500000e+01 2.588395148610e-03 4.290194922486e-02
1.510625000000e+01 2.586442678544e-03 4.284519371572e-02
1.510937500000e+01 2.584502616124e-03 4.278882330061e-02
1.511250000000e+01 2.582574957832e-03 4.273283787814e-02
1.511562500000e+01 2.580659699308e-03 4.267723732589e-02
1.511875000000e+01 2.578756835350e-03 4.262202150100e-02
1.512187500000e+01 2.576866359944e-03 4.256719024071e-02
1.512500000000e+01 2.574988266294e-03 4.251274336302e-02
1.512812500000e+01 2.573122546840e-03 4.245868066719e-02
1.513125000000e+01 2.571269193283e-03 4.240500193433e-02
1.513437500000e+01 2.569428196605e-03 4.235170692794e-02
1.513750000000e+01 2.567599547082e-03 4.229879539445e-02
1.514062500000e+01 2.565783234332e-03 4.224626706376e-02
1.514375000000e+01 2.563979247302e-03 4.219412164972e-02
1.514687500000e+01 2.562187574312e-03 4.214235885068e-02
1.515000000000e+01 2.560408203069e-03 4.209097834998e-02
1.515312500000e+01 2.558641120682e-03 4.203997981643e-02
1.515625000000e+01 2.556886313690e-03 4.198936290480e-02
1.515937500000e+01 2.555143768067e-03 4.193912725627e-02
1.516250000000e+01 2.553413469261e-03 4.188927249894e-02
1.516562500000e+01 2.551695402197e-03 4.183979824823e-02
1.516875000000e+01 2.549989551292e-03 4.179070410738e-02
1.517187500000e+01 2.548295900489e-03 4.174198966784e-02
1.517500000000e+01 2.546614433260e-03 4.169365450971e-02
1.517812500000e+01 2.544945132630e-03 4.164569820221e-02
1.518125000000e+01 2.543287981191e-03 4.159812030400e-02
1.518437500000e+01 2.541642961113e-03 4.155092036369e-02
1.518750000000e+01 2.540010054177e-03 4.150409792014e-02
1.519062500000e+01 2.538389241768e-03 4.145765250293e-02
1.519375000000e+01 2.536780504907e-03 4.141158363268e-02
1.519687500000e+01 2.535183824259e-03 4.136589082147e-02
1.520000000000e+01 2.533599180151e-03 4.132057357317e-02
1.520312500000e+01 2.532026552584e-03 4.127563138384e-02
1.520625000000e+01 2.530465921241e-03 4.123106374203e-02
1.520937500000e+01 2.528917265520e-03 4.118687012919e-02
1.521250000000e+01 2.527380564529e-03 4.114305001994e-02
1.521562500000e+01 2.525855797099e-03 4.109960288246e-02
1.521875000000e+01 2.524342941814e-03 4.105652817879e-02
1.522187500000e+01 2.522841977006e-03 4.101382536515e-02
1.522500000000e+01 2.521352880777e-03 4.097149389224e-02
1.522812500000e+01 2.519875631013e-03 4.092953320558e-02
1.523125000000e+01 2.518410205380e-03 4.088794274578e-02
1.523437500000e+01 2.516956581363e-03 4.084672194884e-02
1.523750000000e+01 2.515514736248e-03 4.080587024646e-02
1.524062500000e+01 2.514084647155e-03 4.076538706629e-02
1.524375000000e+01 2.512666291040e-03 4.072527183222e-02
1.524687500000e+01 2.511259644705e-03 4.068552396466e-02
1.525000000000e+01 2.509864684815e-03 4.064614288079e-02
1.525312500000e+01 2.508481387896e-03 4.060712799483e-02
1.525625000000e+01 2.507109730357e-03 4.056847871830e-02
1.525937500000e+01 2.505749688502e-03 4.053019446024e-02
1.526250000000e+01 2.504401238521e-03 4.049227462749e-02
1.526562500000e+01 2.503064356521e-03 4.045471862492e-02
1.526875000000e+01 2.501739018523e-03 4.041752585564e-02
1.527187500000e+01 2.500425200474e-03 4.038069572125e-02
1.527500000000e+01 2.499122878258e-03 4.034422762207e-02
1.527812500000e+01 2.497832027697e-03 4.030812095734e-02
1.528125000000e+01 2.496552624575e-03 4.027237512547e-02
1.528437500000e+01 2.495284644625e-03 4.023698952419e-02
1.528750000000e+01 2.494028063556e-03 4.020196355082e-02
1.529062500000e+01 2.492782857052e-03 4.016729660243e-02
1.529375000000e+01 2.491549000780e-03 4.013298807606e-02
1.529687500000e+01 2.490326470402e-03 4.009903736890e-02
1.530000000000e+01 2.489115241572e-03 4.006544387848e-02
1.530312500000e+01 2.487915289955e-03 4.003220700287e-02
1.530625000000e+01 2.486726591236e-03 3.999932614085e-02
1.530937500000e+01 2.485549121107e-03 3.996680069207e-02
1.531250000000e+01 2.484382855296e-03 3.993463005726e-02
1.531562500000e+01 2.483227769564e-03 3.990281363838e-02
1.531875000000e+01 2.482083839709e-03 3.987135083877e-02
1.532187500000e+01 2.480951041582e-03 3.984024106337e-02
1.532500000000e+01 2.479829351077e-03 3.980948371878e-02
1.532812500000e+01 2.478718744155e-03 3.977907821353e-02
1.533125000000e+01 2.477619196839e-03 3.974902395815e-02
1.533437500000e+01 2.476530685221e-03 3.971932036535e-02
1.533750000000e+01 2.475453185473e-03 3.968996685017e-02
1.534062500000e+01 2.474386673844e-03 3.966096283010e-02
1.534375000000e+01 2.473331126675e-03 3.963230772524e-02
1.534687500000e+01 2.472286520393e-03 3.960400095846e-02
1.535000000000e+01 2.471252831525e-03 3.957604195546e-02
1.535312500000e+01 2.470230036707e-03 3.954843014497e-02
1.535625000000e+01 2.469218112671e-03 3.952116495886e-02
1.535937500000e+01 2.468217036268e-03 3.949424583223e-02
1.536250000000e+01 2.467226784466e-03 3.946767220360e-02
1.536562500000e+01 2.466247334350e-03 3.944144351496e-02
1.536875000000e+01 2.465278663138e-03 3.941555921194e-02
1.537187500000e+01 2.464320748167e-03 3.939001874387e-02
1.537500000000e+01 2.463373566919e-03 3.936482156397e-02
1.537812500000e+01 2.462437097009e-03 3.933996712938e-02
1.538125000000e+01 2.461511316196e-03 3.931545490130e-02
1.538437500000e+01 2.460596202387e-03 3.929128434512e-02
1.538750000000e+01 2.459691733635e-03 3.926745493049e-02
1.539062500000e+01 2.458797888155e-03 3.924396613142e-02
1.539375000000e+01 2.457914644309e-03 3.922081742639e-02
1.539687500000e+01 2.457041980627e-03 3.919800829844e-02
1.540000000000e+01 2.456179875809e-03 3.917553823528e-02
1.540312500000e+01 2.455328308712e-03 3.915340672937e-02
1.540625000000e+01 2.454487258372e-03 3.913161327798e-02
1.540937500000e+01 2.453656703997e-03 3.911015738334e-02
1.541250000000e+01 2.452836624976e-03 3.908903855267e-02
1.541562500000e+01 2.452027000879e-03 3.906825629831e-02
1.541875000000e+01 2.451227811455e-03 3.904781013775e-02
1.542187500000e+01 2.450439036646e-03 3.902769959375e-02
1.542500000000e+01 2.449660656583e-03 3.900792419442e-02
1.542812500000e+01 2.448892651588e-03 3.898848347327e-02
1.543125000000e+01 2.448135002181e-03 3.896937696931e-02
1.543437500000e+01 2.447387689079e-03 3.895060422711e-02
1.543750000000e+01 2.446650693202e-03 3.893216479686e-02
1.544062500000e+01 2.445923995669e-03 3.891405823449e-02
1.544375000000e+01 2.445207577808e-03 3.889628410167e-02
1.544687500000e+01 2.444501421157e-03 3.887884196593e-02
1.545000000000e+01 2.443805507462e-03 3.886173140072e-02
1.545312500000e+01 2.443119818685e-03 3.884495198545e-02
1.545625000000e+01 2.442444337001e-03 3.882850330555e-02
1.545937500000e+01 2.441779044803e-03 3.881238495257e-02
1.546250000000e+01 2.441123924708e-03 3.879659652423e-02
1.546562500000e+01 2.440478959545e-03 3.878113762444e-02
1.546875000000e+01 2.439844132377e-03 3.876600786339e-02
1.547187500000e+01 2.439219426487e-03 3.875120685763e-02
1.547500000000e+01 2.438604825389e-03 3.873673423007e-02
1.547812500000e+01 2.438000312826e-03 3.872258961008e-02
1.548125000000e+01 2.437405872772e-03 3.870877263351e-02
1.548437500000e+01 2.436821489438e-03 3.869528294277e-02
1.548750000000e+01 2.436247147260e-03 3.868212018688e-02
1.549062500000e+01 2.435682830922e-03 3.866928402148e-02
1.549375000000e+01 2.435128525343e-03 3.865677410893e-02
1.549687500000e+01 2.434584215680e-03 3.864459011834e-02
1.550000000000e+01 2.434049887335e-03 3.863273172560e-02
1.550312500000e+01 2.433525525951e-03 3.862119861344e-02
1.550625000000e+01 2.433011117417e-03 3.860999047149e-02
1.550937500000e+01 2.432506647872e-03 3.859910699629e-02
1.551250000000e+01 2.432012103694e-03 3.858854789136e-02
1.551562500000e+01 2.431527471518e-03 3.857831286725e-02
1.551875000000e+01 2.431052738227e-03 3.856840164153e-02
1.552187500000e+01 2.430587890957e-03 3.855881393891e-02
1.552500000000e+01 2.430132917095e-03 3.854954949120e-02
1.552812500000e+01 2.429687804287e-03 3.854060803740e-02
1.553125000000e+01 2.429252540432e-03 3.853198932375e-02
1.553437500000e+01 2.428827113683e-03 3.852369310370e-02
1.553750000000e+01 2.428411512457e-03 3.851571913801e-02
1.554062500000e+01 2.428005725428e-03 3.850806719478e-02
1.554375000000e+01 2.427609741530e-03 3.850073704944e-02
1.554687500000e+01 2.427223549962e-03 3.849372848485e-02
1.555000000000e+01 2.426847140181e-03 3.848704129128e-02
1.555312500000e+01 2.426480501911e-03 3.848067526646e-02
1.555625000000e+01 2.426123625143e-03 3.847463021565e-02
1.555937500000e+01 2.425776500126e-03 3.846890595159e-02
1.556250000000e+01 2.425439117385e-03 3.846350229464e-02
1.556562500000e+01 2.425111467708e-03 3.845841907270e-02
1.556875000000e+01 2.424793542152e-03 3.845365612134e-02
1.557187500000e+01 2.424485332048e-03 3.844921328375e-02
1.557500000000e+01 2.424186828992e-03 3.844509041084e-02
1.557812500000e+01 2.423898024857e-03 3.844128736119e-02
1.558125000000e+01 2.423618911781e-03 3.843780400117e-02
1.558437500000e+01 2.423349482183e-03 3.843464020489e-02
1.558750000000e+01 2.423089728754e-03 3.843179585427e-02
1.559062500000e+01 2.422839644457e-03 3.842927083906e-02
1.559375000000e+01 2.422599222534e-03 3.842706505685e-02
1.559687500000e+01 2.422368456502e-03 3.842517841314e-02
1.560000000000e+01 2.422147340157e-03 3.842361082130e-02
1.560312500000e+01 2.421935867573e-03 3.842236220267e-02
1.560625000000e+01 2.421734033098e-03 3.842143248652e-02
1.560937500000e+01 2.421541831365e-03 3.842082161012e-02
1.561250000000e+01 2.421359257285e-03 3.842052951873e-02
1.561562500000e+01 2.421186306050e-03 3.842055616567e-02
1.561875000000e+01 2.421022973135e-03 3.842090151229e-02
1.562187500000e+01 2.420869254295e-03 3.842156552804e-02
1.562500000000e+01 2.420725145572e-03 3.842254819047e-02
1.562812500000e+01 2.420590643283e-03 3.842384948524e-02
1.563125000000e+01 2.420465744038e-03 3.842546940619e-02
1.563437500000e+01 2.420350444728e-03 3.842740795530e-02
1.563750000000e+01 2.420244742529e-03 3.842966514277e-02
1.564062500000e+01 2.420148634905e-03 3.843224098700e-02
1.564375000000e+01 2.420062119603e-03 3.843513551464e-02
1.564687500000e+01 2.419985194661e-03 3.843834876059e-02
1.565000000000e+01 2.419917858405e-03 3.844188076803e-02
1.565312500000e+01 2.419860109441e-03 3.844573158846e-02
1.565625000000e+01 2.419811946674e-03 3.844990128168e-02
1.565937500000e+01 2.419773369292e-03 3.845438991584e-02
1.566250000000e+01 2.419744376777e-03 3.845919756745e-02
1.566562500000e+01 2.419724968897e-03 3.846432432142e-02
1.566875000000e+01 2.419715145714e-03 3.846977027104e-02
1.567187500000e+01 2.419714907582e-03 3.847553551803e-02
1.567500000000e+01 2.419724255139e-03 3.848162017256e-02
1.567812500000e+01 2.419743189325e-03 3.848802435324e-02
1.568125000000e+01 2.419771711369e-03 3.849474818719e-02
1.568437500000e+01 2.419809822791e-03 3.850179181000e-02
1.568750000000e+01 2.419857525409e-03 3.850915536579e-02
1.569062500000e+01 2.419914821327e-03 3.851683900722e-02
1.569375000000e+01 2.419981712955e-03 3.852484289549e-02
1.569687500000e+01 2.420058202990e-03 3.853316720039e-02
1.570000000000e+01 2.420144294425e-03 3.854181210027e-02
1.570312500000e+01 2.420239990549e-03 3.855077778211e-02
1.570625000000e+01 2.420345294949e-03 3.856006444151e-02
1.570937500000e+01 2.420460211508e-03 3.856967228272e-02
1.571250000000e+01 2.420584744405e-03 3.857960151863e-02
1.571562500000e+01 2.420718898116e-03 3.858985237083e-02
1.571875000000e+01 2.420862677419e-03 3.860042506956e-02
1.572187500000e+01 2.421016087380e-03 3.861131985383e-02
1.572500000000e+01 2.421179133374e-03 3.862253697133e-02
1.572812500000e+01 2.421351821069e-03 3.863407667850e-02
1.573125000000e+01 2.421534156435e-03 3.864593924056e-02
1.573437500000e+01 2.421726145742e-03 3.865812493148e-02
1.573750000000e+01 2.421927795551e-03 3.867063403404e-02
1.574062500000e+01 2.422139112737e-03 3.868346683981e-02
1.574375000000e+01 2.422360104468e-03 3.869662364919e-02
1.574687500000e+01 2.422590778210e-03 3.871010477142e-02
1.575000000000e+01 2.422831141736e-03 3.872391052459e-02
1.575312500000e+01 2.423081203117e-03 3.873804123565e-02
1.575625000000e+01 2.423340970726e-03 3.875249724044e-02
1.575937500000e+01 2.423610453240e-03 3.876727888371e-02
1.576250000000e+01 2.423889659636e-03 3.878238651909e-02
1.576562500000e+01 2.424178599196e-03 3.879782050917e-02
1.576875000000e+01 2.424477281500e-03 3.881358122546e-02
1.577187500000e+01 2.424785716436e-03 3.882966904843e-02
1.577500000000e+01 2.425103914193e-03 3.884608436753e-02
1.577812500000e+01 2.425431885265e-03 3.886282758117e-02
1.578125000000e+01 2.425769640450e-03 3.887989909677e-02
1.578437500000e+01 2.426117190844e-03 3.889729933076e-02
1.578750000000e+01 2.426474547857e-03 3.891502870859e-02
1.579062500000e+01 2.426841723200e-03 3.893308766475e-02
1.579375000000e+01 2.427218728882e-03 3.895147664276e-02
1.579687500000e+01 2.427605577225e-03 3.897019609523e-02
1.580000000000e+01 2.428002280854e-03 3.898924648382e-02
1.580312500000e+01 2.428408852697e-03 3.900862827928e-02
1.580625000000e+01 2.428825305992e-03 3.902834196147e-02
1.580937500000e+01 2.429251654273e-03 3.904838801934e-02
1.581250000000e+01 2.429687911394e-03 3.906876695097e-02
1.581562500000e+01 2.430134091501e-03 3.908947926357e-02
1.581875000000e+01 2.430590209055e-03 3.911052547350e-02
1.582187500000e+01 2.431056278819e-03 3.913190610625e-02
1.582500000000e+01 2.431532315863e-03 3.915362169651e-02
1.582812500000e+01 2.432018335566e-03 3.917567278811e-02
1.583125000000e+01 2.432514353605e-03 3.919805993408e-02
1.583437500000e+01 2.433020385975e-03 3.922078369663e-02
1.583750000000e+01 2.433536448972e-03 3.924384464719e-02
1.584062500000e+01 2.434062559193e-03 3.926724336639e-02
1.584375000000e+01 2.434598733551e-03 3.929098044408e-02
1.584687500000e+01 2.435144989259e-03 3.931505647934e-02
1.585000000000e+01 2.435701343840e-03 3.933947208048e-02
1.585312500000e+01 2.436267815125e-03 3.936422786507e-02
1.585625000000e+01 2.436844421243e-03 3.938932445991e-02
1.585937500000e+01 2.437431180642e-03 3.941476250107e-02
1.586250000000e+01 2.438028112064e-03 3.944054263389e-02
1.586562500000e+01 2.438635234567e-03 3.946666551295e-02
1.586875000000e+01 2.439252567510e-03 3.949313180213e-02
1.587187500000e+01 2.439880130560e-03 3.951994217460e-02
1.587500000000e+01 2.440517943690e-03 3.954709731280e-02
1.587812500000e+01 2.441166027176e-03 3.957459790844e-02
1.588125000000e+01 2.441824401601e-03 3.960244466257e-02
1.588437500000e+01 2.442493087862e-03 3.963063828550e-02
1.588750000000e+01 2.443172107145e-03 3.965917949684e-02
1.589062500000e+01 2.443861480954e-03 3.968806902553e-02
1.589375000000e+01 2.444561231092e-03 3.971730760980e-02
1.589687500000e+01 2.445271379668e-03 3.974689599716e-02
1.590000000000e+01 2.445991949098e-03 3.977683494446e-02
1.590312500000e+01 2.446722962092e-03 3.980712521783e-02
1.590625000000e+01 2.447464441680e-03 3.983776759273e-02
1.590937500000e+01 2.448216411177e-03 3.986876285391e-02
1.591250000000e+01 2.448978894214e-03 3.990011179541e-02
1.591562500000e+01 2.449751914718e-03 3.993181522058e-02
1.591875000000e+01 2.450535496919e-03 3.996387394208e-02
1.592187500000e+01 2.451329665352e-03 3.999628878183e-02
1.592500000000e+01 2.452134444844e-03 4.002906057107e-02
1.592812500000e+01 2.452949860529e-03 4.006219015031e-02
1.593125000000e+01 2.453775937846e-03 4.009567836932e-02
1.593437500000e+01 2.454612702519e-03 4.012952608716e-02
1.593750000000e+01 2.455460180582e-03 4.016373417213e-02
1.594062500000e+01 2.456318398360e-03 4.019830350182e-02
1.594375000000e+01 2.457187382480e-03 4.023323496301e-02
1.594687500000e+01 2.458067159865e-03 4.026852945176e-02
1.595000000000e+01 2.458957757725e-03 4.030418787332e-02
1.595312500000e+01 2.459859203579e-03 4.034021114216e-02
1.595625000000e+01 2.460771525226e-03 4.037660018194e-02
1.595937500000e+01 2.461694750766e-03 4.041335592552e-02
1.596250000000e+01 2.462628908590e-03 4.045047931489e-02
1.596562500000e+01 2.463574027378e-03 4.048797130122e-02
1.596875000000e+01 2.464530136102e-03 4.052583284479e-02
1.597187500000e+01 2.465497264018e-03 4.056406491501e-02
1.597500000000e+01 2.466475440674e-03 4.060266849038e-02
1.597812500000e+01 2.467464695908e-03 4.064164455847e-02
1.598125000000e+01 2.468465059834e-03 4.068099411588e-02
1.598437500000e+01 2.469476562858e-03 4.072071816826e-02
1.598750000000e+01 2.470499235664e-03 4.076081773025e-02
1.599062500000e+01 2.471533109220e-03 4.080129382548e-02
1.599375000000e+01 2.472578214774e-03 4.084214748651e-02
1.599687500000e+01 2.473634583848e-03 4.088337975481e-02
1.600000000000e+01 2.474702248245e-03 4.092499168077e-02
1.600312500000e+01 2.475781240043e-03 4.096698432361e-02
1.600625000000e+01 2.476871591592e-03 4.100935875137e-02
1.600937500000e+01 2.477973335515e-03 4.105211604090e-02
1.601250000000e+01 2.479086504706e-03 4.109525727778e-02
1.601562500000e+01 2.480211132321e-03 4.113878355631e-02
1.601875000000e+01 2.481347251790e-03 4.118269597946e-02
1.602187500000e+01 2.482494896800e-03 4.122699565883e-02
1.602500000000e+01 2.483654101309e-03 4.127168371461e-02
1.602812500000e+01 2.484824899529e-03 4.131676127552e-02
1.603125000000e+01 2.486007325928e-03 4.136222947878e-02
1.603437500000e+01 2.487201415232e-03 4.140808947007e-02
1.603750000000e+01 2.488407202421e-03 4.145434240344e-02
1.604062500000e+01 2.489624722724e-03 4.150098944128e-02
1.604375000000e+01 2.490854011621e-03 4.154803175428e-02
1.604687500000e+01 2.492095104830e-03 4.159547052136e-02
1.605000000000e+01 2.493348038320e-03 4.164330692957e-02
1.605312500000e+01 2.494612848294e-03 4.169154217410e-02
1.605625000000e+01 2.495889571196e-03 4.174017745817e-02
1.605937500000e+01 2.497178243705e-03 4.178921399298e-02
1.606250000000e+01 2.498478902722e-03 4.183865299760e-02
1.606562500000e+01 2.499791585385e-03 4.188849569897e-02
1.606875000000e+01 2.501116329053e-03 4.193874333177e-02
1.607187500000e+01 2.502453171304e-03 4.198939713837e-02
1.607500000000e+01 2.503802149944e-03 4.204045836873e-02
1.607812500000e+01 2.505163302974e-03 4.209192828032e-02
1.608125000000e+01 2.506536668622e-03 4.214380813806e-02
1.608437500000e+01 2.507922285314e-03 4.219609921420e-02
1.608750000000e+01 2.509320191680e-03 4.224880278826e-02
1.609062500000e+01 2.510730426554e-03 4.230192014690e-02
1.609375000000e+01 2.512153028951e-03 4.235545258385e-02
1.609687500000e+01 2.513588038088e-03 4.240940139979e-02
1.610000000000e+01 2.515035493362e-03 4.246376790227e-02
1.610312500000e+01 2.516495434353e-03 4.251855340558e-02
1.610625000000e+01 2.517967900818e-03 4.257375923063e-02
1.610937500000e+01 2.519452932678e-03 4.262938670489e-02
1.611250000000e+01 2.520950570028e-03 4.268543716221e-02
1.611562500000e+01 2.522460853122e-03 4.274191194273e-02
1.611875000000e+01 2.523983822366e-03 4.279881239273e-02
1.612187500000e+01 2.525519518328e-03 4.285613986456e-02
1.612500000000e+01 2.527067981704e-03 4.291389571641e-02
1.612812500000e+01 2.528629253342e-03 4.297208131226e-02
1.613125000000e+01 2.530203374216e-03 4.303069802171e-02
1.613437500000e+01 2.531790385433e-03 4.308974721981e-02
1.613750000000e+01 2.533390328218e-03 4.314923028695e-02
1.614062500000e+01 2.535003243905e-03 4.320914860865e-02
1.614375000000e+01 2.536629173945e-03 4.326950357546e-02
1.614687500000e+01 2.538268159884e-03 4.333029658278e-02
1.615000000000e+01 2.539920243366e-03 4.339152903066e-02
1.615312500000e+01 2.541585466123e-03 4.345320232365e-02
1.615625000000e+01 2.543263869956e-03 4.351531787062e-02
1.615937500000e+01 2.544955496751e-03 4.357787708459e-02
1.616250000000e+01 2.546660388452e-03 4.364088138252e-02
1.616562500000e+01 2.548378587058e-03 4.370433218510e-02
1.616875000000e+01 2.550110134630e-03 4.376823091659e-02
1.617187500000e+01 2.551855073243e-03 4.383257900460e-02
1.617500000000e+01 2.553613445026e-03 4.389737787986e-02
1.617812500000e+01 2.555385292122e-03 4.396262897603e-02
1.618125000000e+01 2.557170656689e-03 4.402833372946e-02
1.618437500000e+01 2.558969580890e-03 4.409449357895e-02
1.618750000000e+01 2.560782106875e-03 4.416110996555e-02
1.619062500000e+01 2.562608276790e-03 4.422818433229e-02
1.619375000000e+01 2.564448132750e-03 4.429571812393e-02
1.619687500000e+01 2.566301716835e-03 4.436371278672e-02
1.620000000000e+01 2.568169071084e-03 4.443216976813e-02
1.620312500000e+01 2.570050237469e-03 4.450109051658e-02
1.620625000000e+01 2.571945257904e-03 4.457047648118e-02
1.620937500000e+01 2.573854174220e-03 4.464032911141e-02
1.621250000000e+01 2.575777028157e-03 4.471064985686e-02
1.621562500000e+01 2.577713861362e-03 4.478144016693e-02
1.621875000000e+01 2.579664715345e-03 4.485270149050e-02
1.622187500000e+01 2.581629631512e-03 4.492443527566e-02
1.622500000000e+01 2.583608651117e-03 4.499664296934e-02
1.622812500000e+01 2.585601815264e-03 4.506932601700e-02
1.623125000000e+01 2.587609164892e-03 4.514248586229e-02
1.623437500000e+01 2.589630740753e-03 4.521612394672e-02
1.623750000000e+01 2.591666583412e-03 4.529024170927e-02
1.624062500000e+01 2.593716733222e-03 4.536484058606e-02
1.624375000000e+01 2.595781230313e-03 4.543992200992e-02
1.624687500000e+01 2.597860114579e-03 4.551548741010e-02
1.625000000000e+01 2.599953425651e-03 4.559153821176e-02
1.625312500000e+01 2.602061202899e-03 4.566807583568e-02
1.625625000000e+01 2.604183485403e-03 4.574510169776e-02
1.625937500000e+01 2.606320311942e-03 4.582261720865e-02
1.626250000000e+01 2.608471720975e-03 4.590062377329e-02
1.626562500000e+01 2.610637750617e-03 4.597912279047e-02
1.626875000000e+01 2.612818438638e-03 4.605811565239e-02
1.627187500000e+01 2.615013822431e-03 4.613760374418e-02
1.627500000000e+01 2.617223938995e-03 4.621758844343e-02
1.627812500000e+01 2.619448824922e-03 4.629807111969e-02
1.628125000000e+01 2.621688516368e-03 4.637905313400e-02
1.628437500000e+01 2.623943049043e-03 4.646053583833e-02
1.628750000000e+01 2.626212458187e-03 4.654252057512e-02
1.629062500000e+01 2.628496778546e-03 4.662500867666e-02
1.629375000000e+01 2.630796044359e-03 4.670800146465e-02
1.629687500000e+01 2.633110289320e-03 4.679150024953e-02
1.630000000000e+01 2.635439546576e-03 4.687550632998e-02
1.630312500000e+01 2.637783848690e-03 4.696002099231e-02
1.630625000000e+01 2.640143227625e-03 4.704504550985e-02
1.630937500000e+01 2.642517714720e-03 4.713058114235e-02
1.631250000000e+01 2.644907340651e-03 4.721662913533e-02
1.631562500000e+01 2.647312135435e-03 4.730319071946e-02
1.631875000000e+01 2.649732128380e-03 4.739026710992e-02
1.632187500000e+01 2.652167348069e-03 4.747785950567e-02
1.632500000000e+01 2.654617822334e-03 4.756596908882e-02
1.632812500000e+01 2.657083578220e-03 4.765459702388e-02
1.633125000000e+01 2.659564641973e-03 4.774374445710e-02
1.633437500000e+01 2.662061039002e-03 4.783341251567e-02
1.633750000000e+01 2.664572793850e-03 4.792360230704e-02
1.634062500000e+01 2.667099930170e-03 4.801431491810e-02
1.634375000000e+01 2.669642470684e-03 4.810555141442e-02
1.634687500000e+01 2.672200437170e-03 4.819731283944e-02
1.635000000000e+01 2.674773850415e-03 4.828960021368e-02
1.635312500000e+01 2.677362730193e-03 4.838241453388e-02
1.635625000000e+01 2.679967095229e-03 4.847575677216e-02
1.635937500000e+01 2.682586963160e-03 4.856962787513e-02
1.636250000000e+01 2.685222350512e-03 4.866402876305e-02
1.636562500000e+01 2.687873272665e-03 4.875896032888e-02
1.636875000000e+01 2.690539743808e-03 4.885442343736e-02
1.637187500000e+01 2.693221776912e-03 4.895041892408e-02
1.637500000000e+01 2.695919383685e-03 4.904694759453e-02
1.637812500000e+01 2.698632574547e-03 4.914401022306e-02
1.638125000000e+01 2.701361358583e-03 4.924160755196e-02
1.638437500000e+01 2.704105743508e-03 4.933974029035e-02
1.638750000000e+01 2.706865735627e-03 4.943840911320e-02
1.639062500000e+01 2.709641339789e-03 4.953761466024e-02
1.639375000000e+01 2.712432559357e-03 4.963735753486e-02
1.639687500000e+01 2.715239396161e-03 4.973763830303e-02
1.640000000000e+01 2.718061850454e-03 4.983845749217e-02
1.640312500000e+01 2.720899920873e-03 4.993981558996e-02
1.640625000000e+01 2.723753604385e-03 5.004171304321e-02
1.640937500000e+01 2.726622896256e-03 5.014415025665e-02
1.641250000000e+01 2.729507790001e-03 5.024712759169e-02
1.641562500000e+01 2.732408277331e-03 5.035064536520e-02
1.641875000000e+01 2.735324348115e-03 5.045470384825e-02
1.642187500000e+01 2.738255990319e-03 5.055930326480e-02
1.642500000000e+01 2.741203189972e-03 5.066444379040e-02
1.642812500000e+01 2.744165931110e-03 5.077012555085e-02
1.643125000000e+01 2.747144195723e-03 5.087634862081e-02
1.643437500000e+01 2.750137963710e-03 5.098311302249e-02
1.643750000000e+01 2.753147212813e-03 5.109041872413e-02
1.644062500000e+01 2.756171918580e-03 5.119826563866e-02
1.644375000000e+01 2.759212054305e-03 5.130665362218e-02
1.644687500000e+01 2.762267590969e-03 5.141558247248e-02
1.645000000000e+01 2.765338497191e-03 5.152505192756e-02
1.645312500000e+01 2.768424739158e-03 5.163506166403e-02
1.645625000000e+01 2.771526280586e-03 5.174561129561e-02
1.645937500000e+01 2.774643082651e-03 5.185670037147e-02
1.646250000000e+01 2.777775103929e-03 5.196832837466e-02
1.646562500000e+01 2.780922300339e-03 5.208049472045e-02
1.646875000000e+01 2.784084625074e-03 5.219319875464e-02
1.647187500000e+01 2.787262028551e-03 5.230643975189e-02
1.647500000000e+01 2.790454458339e-03 5.242021691393e-02
1.647812500000e+01 2.793661859098e-03 5.253452936789e-02
1.648125000000e+01 2.796884172517e-03 5.264937616445e-02
1.648437500000e+01 2.800121337236e-03 5.276475627604e-02
1.648750000000e+01 2.803373288795e-03 5.288066859503e-02
1.649062500000e+01 2.806639959556e-03 5.299711193184e-02
1.649375000000e+01 2.809921278639e-03 5.311408501303e-02
1.649687500000e+01 2.813217171853e-03 5.323158647941e-02
1.650000000000e+01 2.816527561612e-03 5.334961488407e-02
1.650312500000e+01 2.819852366886e-03 5.346816869040e-02
1.650625000000e+01 2.823191503117e-03 5.358724627010e-02
1.650937500000e+01 2.826544882143e-03 5.370684590112e-02
1.651250000000e+01 2.829912412129e-03 5.382696576561e-02
1.651562500000e+01 2.833293997484e-03 5.394760394784e-02
1.651875000000e+01 2.836689538799e-03 5.406875843205e-02
1.652187500000e+01 2.840098932761e-03 5.419042710036e-02
1.652500000000e+01 2.843522072077e-03 5.431260773054e-02
1.652812500000e+01 2.846958845398e-03 5.443529799383e-02
1.653125000000e+01 2.850409137229e-03 5.455849545274e-02
1.653437500000e+01 2.853872827869e-03 5.468219755876e-02
1.653750000000e+01 2.857349793314e-03 5.480640165009e-02
1.654062500000e+01 2.860839905179e-03 5.493110494937e-02
1.654375000000e+01 2.864343030625e-03 5.505630456130e-02
1.654687500000e+01 2.867859032256e-03 5.518199747029e-02
1.655000000000e+01 2.871387768059e-03 5.530818053813e-02
1.655312500000e+01 2.874929091300e-03 5.543485050152e-02
1.655625000000e+01 2.878482850458e-03 5.556200396971e-02
1.655937500000e+01 2.882048889123e-03 5.568963742196e-02
1.656250000000e+01 2.885627045909e-03 5.581774720517e-02
1.656562500000e+01 2.889217154384e-03 5.594632953130e-02
1.656875000000e+01 2.892819042967e-03 5.607538047490e-02
1.657187500000e+01 2.896432534851e-03 5.620489597055e-02
1.657500000000e+01 2.900057447908e-03 5.633487181034e-02
1.657812500000e+01 2.903693594595e-03 5.646530364123e-02
1.658125000000e+01 2.907340781880e-03 5.659618696253e-02
1.658437500000e+01 2.910998811144e-03 5.672751712323e-02
1.658750000000e+01 2.914667478091e-03 5.685928931944e-02
1.659062500000e+01 2.918346572661e-03 5.699149859166e-02
1.659375000000e+01 2.922035878931e-03 5.712413982223e-02
1.659687500000e+01 2.925735175039e-03 5.725720773257e-02
1.660000000000e+01 2.929444233085e-03 5.739069688058e-02
1.660312500000e+01 2.933162819047e-03 5.752460165790e-02
1.660625000000e+01 2.936890692683e-03 5.765891628724e-02
1.660937500000e+01 2.940627607436e-03 5.779363481967e-02
1.661250000000e+01 2.944373310364e-03 5.792875113192e-02
1.661562500000e+01 2.948127542034e-03 5.806425892366e-02
1.661875000000e+01 2.951890036438e-03 5.820015171480e-02
1.662187500000e+01 2.955660520904e-03 5.833642284275e-02
1.662500000000e+01 2.959438716000e-03 5.847306545976e-02
1.662812500000e+01 2.963224335460e-03 5.861007253014e-02
1.663125000000e+01 2.967017086087e-03 5.874743682762e-02
1.663437500000e+01 2.970816667666e-03 5.888515093262e-02
1.663750000000e+01 2.974622772886e-03 5.902320722958e-02
1.664062500000e+01 2.978435087240e-03 5.916159790429e-02
1.664375000000e+01 2.982253288956e-03 5.930031494119e-02
1.664687500000e+01 2.986077048906e-03 5.943935012079e-02
1.665000000000e+01 2.989906030532e-03 5.957869501700e-02
1.665312500000e+01 2.993739889757e-03 5.971834099454e-02
1.665625000000e+01 2.997578274898e-03 5.985827920636e-02
1.665937500000e+01 3.001420826612e-03 5.999850059111e-02
1.666250000000e+01 3.005267177802e-03 6.013899587058e-02
1.666562500000e+01 3.009116953546e-03 6.027975554725e-02
1.666875000000e+01 3.012969771030e-03 6.042076990182e-02
1.667187500000e+01 3.016825239464e-03 6.056202899078e-02
1.667500000000e+01 3.020682960031e-03 6.070352264407e-02
1.667812500000e+01 3.024542525809e-03 6.084524046275e-02
1.668125000000e+01 3.028403521711e-03 6.098717181671e-02
1.668437500000e+01 3.032265524427e-03 6.112930584245e-02
1.668750000000e+01 3.036128102349e-03 6.127163144092e-02
1.669062500000e+01 3.039990815538e-03 6.141413727540e-02
1.669375000000e+01 3.043853215656e-03 6.155681176947e-02
1.669687500000e+01 3.047714845919e-03 6.169964310501e-02
1.670000000000e+01 3.051575241058e-03 6.184261922034e-02
1.670312500000e+01 3.055433927255e-03 6.198572780834e-02
1.670625000000e+01 3.059290422126e-03 6.212895631471e-02
1.670937500000e+01 3.063144234672e-03 6.227229193635e-02
1.671250000000e+01 3.066994865249e-03 6.241572161972e-02
1.671562500000e+01 3.070841805545e-03 6.255923205937e-02
1.671875000000e+01 3.074684538538e-03 6.270280969658e-02
1.672187500000e+01 3.078522538501e-03 6.284644071805e-02
1.672500000000e+01 3.082355270970e-03 6.299011105471e-02
1.672812500000e+01 3.086182192734e-03 6.313380638067e-02
1.673125000000e+01 3.090002751842e-03 6.327751211227e-02
1.673437500000e+01 3.093816387576e-03 6.342121340720e-02
1.673750000000e+01 3.097622530484e-03 6.356489516384e-02
1.674062500000e+01 3.101420602376e-03 6.370854202066e-02
1.674375000000e+01 3.105210016335e-03 6.385213835579e-02
1.674687500000e+01 3.108990176755e-03 6.399566828669e-02
1.675000000000e+01 3.112760479338e-03 6.413911567002e-02
1.675312500000e+01 3.116520311160e-03 6.428246410161e-02
1.675625000000e+01 3.120269050690e-03 6.442569691661e-02
1.675937500000e+01 3.124006067842e-03 6.456879718983e-02
1.676250000000e+01 3.127730724029e-03 6.471174773617e-02
1.676562500000e+01 3.131442372211e-03 6.485453111127e-02
1.676875000000e+01 3.135140356979e-03 6.499712961239e-02
1.677187500000e+01 3.138824014616e-03 6.513952527931e-02
1.677500000000e+01 3.142492673181e-03 6.528169989563e-02
1.677812500000e+01 3.146145652600e-03 6.542363499006e-02
1.678125000000e+01 3.149782264750e-03 6.556531183804e-02
1.678437500000e+01 3.153401813582e-03 6.570671146352e-02
1.678750000000e+01 3.157003595218e-03 6.584781464093e-02
1.679062500000e+01 3.160586898072e-03 6.598860189738e-02
1.679375000000e+01 3.164151002999e-03 6.612905351510e-02
1.679687500000e+01 3.167695183385e-03 6.626914953400e-02
1.680000000000e+01 3.171218705348e-03 6.640886975464e-02
1.680312500000e+01 3.174720827856e-03 6.654819374120e-02
1.680625000000e+01 3.178200802900e-03 6.668710082491e-02
1.680937500000e+01 3.181657875670e-03 6.682557010754e-02
1.681250000000e+01 3.185091284725e-03 6.696358046524e-02
1.681562500000e+01 3.188500262199e-03 6.710111055257e-02
1.681875000000e+01 3.191884033989e-03 6.723813880684e-02
1.682187500000e+01 3.195241819970e-03 6.737464345265e-02
1.682500000000e+01 3.198572834215e-03 6.751060250666e-02
1.682812500000e+01 3.201876285209e-03 6.764599378276e-02
1.683125000000e+01 3.205151376110e-03 6.778079489733e-02
1.683437500000e+01 3.208397304983e-03 6.791498327487e-02
1.683750000000e+01 3.211613265055e-03 6.804853615388e-02
1.684062500000e+01 3.214798445006e-03 6.818143059304e-02
1.684375000000e+01 3.217952029194e-03 6.831364347754e-02
1.684687500000e+01 3.221073198011e-03 6.844515152588e-02
1.685000000000e+01 3.224161128127e-03 6.857593129675e-02
1.685312500000e+01 3.227214992820e-03 6.870595919633e-02
1.685625000000e+01 3.230233962290e-03 6.883521148581e-02
1.685937500000e+01 3.233217203976e-03 6.896366428916e-02
1.686250000000e+01 3.236163882907e-03 6.909129360123e-02
1.686562500000e+01 3.239073162039e-03 6.921807529612e-02
1.686875000000e+01 3.241944202611e-03 6.934398513577e-02
1.687187500000e+01 3.244776164513e-03 6.946899877890e-02
1.687500000000e+01 3.247568206650e-03 6.959309179019e-02
1.687812500000e+01 3.250319487340e-03 6.971623964971e-02
1.688125000000e+01 3.253029164697e-03 6.983841776263e-02
1.688437500000e+01 3.255696397033e-03 6.995960146925e-02
1.688750000000e+01 3.258320343274e-03 7.007976605518e-02
1.689062500000e+01 3.260900163357e-03 7.019888676191e-02
1.689375000000e+01 3.263435018691e-03 7.031693879750e-02
1.689687500000e+01 3.265924072562e-03 7.043389734761e-02
1.690000000000e+01 3.268366490586e-03 7.054973758677e-02
1.690312500000e+01 3.270761441160e-03 7.066443468983e-02
1.690625000000e+01 3.273108095905e-03 7.077796384368e-02
1.690937500000e+01 3.275405630151e-03 7.089030025917e-02
1.691250000000e+01 3.277653223391e-03 7.100141918330e-02
1.691562500000e+01 3.279850059758e-03 7.111129591154e-02
1.691875000000e+01 3.281995328515e-03 7.121990580042e-02
1.692187500000e+01 3.284088224523e-03 7.132722428024e-02
1.692500000000e+01 3.286127948753e-03 7.143322686804e-02
1.692812500000e+01 3.288113708773e-03 7.153788918065e-02
1.693125000000e+01 3.290044719244e-03 7.164118694800e-02
1.693437500000e+01 3.291920202433e-03 7.174309602649e-02
1.693750000000e+01 3.293739388697e-03 7.184359241255e-02
1.694062500000e+01 3.295501517030e-03 7.194265225633e-02
1.694375000000e+01 3.297205835536e-03 7.204025187543e-02
1.694687500000e+01 3.298851601962e-03 7.213636776883e-02
1.695000000000e+01 3.300438084207e-03 7.223097663085e-02
1.695312500000e+01 3.301964560826e-03 7.232405536518e-02
1.695625000000e+01 3.303430321562e-03 7.241558109900e-02
1.695937500000e+01 3.304834667842e-03 7.250553119709e-02
1.696250000000e+01 3.306176913296e-03 7.259388327607e-02
1.696562500000e+01 3.307456384268e-03 7.268061521850e-02
1.696875000000e+01 3.308672420307e-03 7.276570518715e-02
1.697187500000e+01 3.309824374693e-03 7.284913163911e-02
1.697500000000e+01 3.310911614921e-03 7.293087333995e-02
1.697812500000e+01 3.311933523201e-03 7.301090937779e-02
1.698125000000e+01 3.312889496950e-03 7.308921917735e-02
1.698437500000e+01 3.313778949263e-03 7.316578251382e-02
1.698750000000e+01 3.314601309406e-03 7.324057952676e-02
1.699062500000e+01 3.315356023287e-03 7.331359073374e-02
1.699375000000e+01 3.316042553903e-03 7.338479704397e-02
1.699687500000e+01 3.316660381812e-03 7.345417977173e-02
1.700000000000e+01 3.317209005555e-03 7.352172064954e-02
1.700312500000e+01 3.317687942119e-03 7.358740184132e-02
1.700625000000e+01 3.318096727347e-03 7.365120595519e-02
1.700937500000e+01 3.318434916354e-03 7.371311605613e-02
1.701250000000e+01 3.318702083931e-03 7.377311567835e-02
1.701562500000e+01 3.318897824928e-03 7.383118883744e-02
1.701875000000e+01 3.319021754648e-03 7.388732004225e-02
1.702187500000e+01 3.319073509197e-03 7.394149430642e-02
1.702500000000e+01 3.319052745842e-03 7.399369715967e-02
1.702812500000e+01 3.318959143345e-03 7.404391465877e-02
1.703125000000e+01 3.318792402274e-03 7.409213339806e-02
1.703437500000e+01 3.318552245327e-03 7.413834051977e-02
1.703750000000e+01 3.318238417615e-03 7.418252372387e-02
1.704062500000e+01 3.317850686923e-03 7.422467127757e-02
1.704375000000e+01 3.317388843981e-03 7.426477202437e-02
1.704687500000e+01 3.316852702686e-03 7.430281539281e-02
1.705000000000e+01 3.316242100342e-03 7.433879140467e-02
1.705312500000e+01 3.315556897849e-03 7.437269068281e-02
1.705625000000e+01 3.314796979889e-03 7.440450445854e-02
1.705937500000e+01 3.313962255095e-03 7.443422457851e-02
1.706250000000e+01 3.313052656185e-03 7.446184351117e-02
1.706562500000e+01 3.312068140102e-03 7.448735435269e-02
1.706875000000e+01 3.311008688114e-03 7.451075083243e-02
1.707187500000e+01 3.309874305898e-03 7.453202731795e-02
1.707500000000e+01 3.308665023610e-03 7.455117881938e-02
1.707812500000e+01 3.307380895920e-03 7.456820099342e-02
1.708125000000e+01 3.306022002051e-03 7.458309014677e-02
1.708437500000e+01 3.304588445786e-03 7.459584323897e-02
1.708750000000e+01 3.303080355432e-03 7.460645788482e-02
1.709062500000e+01 3.301497883803e-03 7.461493235618e-02
1.709375000000e+01 3.299841208143e-03 7.462126558326e-02
1.709687500000e+01 3.298110530072e-03 7.462545715540e-02
1.710000000000e+01 3.296306075473e-03 7.462750732130e-02
1.710312500000e+01 3.294428094372e-03 7.462741698863e-02
1.710625000000e+01 3.292476860811e-03 7.462518772325e-02
1.710937500000e+01 3.290452672668e-03 7.462082174773e-02
1.711250000000e+01 3.288355851500e-03 7.461432193949e-02
1.711562500000e+01 3.286186742336e-03 7.460569182828e-02
1.711875000000e+01 3.283945713455e-03 7.459493559321e-02
1.712187500000e+01 3.281633156157e-03 7.458205805921e-02
1.712500000000e+01 3.279249484495e-03 7.456706469300e-02
1.712812500000e+01 3.276795135013e-03 7.454996159858e-02
1.713125000000e+01 3.274270566459e-03 7.453075551210e-02
1.713437500000e+01 3.271676259454e-03 7.450945379640e-02
1.713750000000e+01 3.269012716189e-03 7.448606443489e-02
1.714062500000e+01 3.266280460059e-03 7.446059602511e-02
1.714375000000e+01 3.263480035324e-03 7.443305777172e-02
1.714687500000e+01 3.260612006725e-03 7.440345947905e-02
1.715000000000e+01 3.257676959092e-03 7.437181154324e-02
1.715312500000e+01 3.254675496948e-03 7.433812494394e-02
1.715625000000e+01 3.251608244073e-03 7.430241123552e-02
1.715937500000e+01 3.248475843094e-03 7.426468253800e-02
1.716250000000e+01 3.245278955026e-03 7.422495152749e-02
1.716562500000e+01 3.242018258818e-03 7.418323142625e-02
1.716875000000e+01 3.238694450891e-03 7.413953599245e-02
1.717187500000e+01 3.235308244642e-03 7.409387950954e-02
1.717500000000e+01 3.231860369975e-03 7.404627677529e-02
1.717812500000e+01 3.228351572789e-03 7.399674309053e-02
1.718125000000e+01 3.224782614482e-03 7.394529424753e-02
1.718437500000e+01 3.221154271421e-03 7.389194651821e-02
1.718750000000e+01 3.217467334417e-03 7.383671664196e-02
1.719062500000e+01 3.213722608216e-03 7.377962181327e-02
1.719375000000e+01 3.209920910942e-03 7.372067966916e-02
1.719687500000e+01 3.206063073564e-03 7.365990827629e-02
1.720000000000e+01 3.202149939350e-03 7.359732611800e-02
1.720312500000e+01 3.198182363307e-03 7.353295208105e-02
1.720625000000e+01 3.194161211642e-03 7.346680544225e-02
1.720937500000e+01 3.190087361194e-03 7.339890585500e-02
1.721250000000e+01 3.185961698880e-03 7.332927333555e-02
1.721562500000e+01 3.181785121139e-03 7.325792824932e-02
1.721875000000e+01 3.177558533354e-03 7.318489129698e-02
1.722187500000e+01 3.173282849315e-03 7.311018350056e-02
1.722500000000e+01 3.168958990641e-03 7.303382618942e-02
1.722812500000e+01 3.164587886238e-03 7.295584098623e-02
1.723125000000e+01 3.160170471723e-03 7.287624979286e-02
1.723437500000e+01 3.155707688875e-03 7.279507477633e-02
1.723750000000e+01 3.151200485093e-03 7.271233835474e-02
1.724062500000e+01 3.146649812839e-03 7.262806318315e-02
1.724375000000e+01 3.142056629096e-03 7.254227213957e-02
1.724687500000e+01 3.137421894830e-03 7.245498831101e-02
1.725000000000e+01 3.132746574447e-03 7.236623497951e-02
1.725312500000e+01 3.128031635280e-03 7.227603560832e-02
1.725625000000e+01 3.123278047055e-03 7.218441382814e-02
1.725937500000e+01 3.118486781376e-03 7.209139342345e-02
1.726250000000e+01 3.113658811222e-03 7.199699831901e-02
1.726562500000e+01 3.108795110433e-03 7.190125256639e-02
1.726875000000e+01 3.103896653230e-03 7.180418033076e-02
1.727187500000e+01 3.098964413721e-03 7.170580587773e-02
1.727500000000e+01 3.093999365433e-03 7.160615356038e-02
1.727812500000e+01 3.089002480832e-03 7.150524780652e-02
1.728125000000e+01 3.083974730863e-03 7.140311310605e-02
1.728437500000e+01 3.078917084514e-03 7.129977399854e-02
1.728750000000e+01 3.073830508366e-03 7.119525506101e-02
1.729062500000e+01 3.068715966165e-03 7.108958089595e-02
1.729375000000e+01 3.063574418406e-03 7.098277611951e-02
1.729687500000e+01 3.058406821910e-03 7.087486534989e-02
1.730000000000e+01 3.053214129447e-03 7.076587319607e-02
1.730312500000e+01 3.047997289331e-03 7.065582424664e-02
1.730625000000e+01 3.042757245049e-03 7.054474305897e-02
1.730937500000e+01 3.037494934899e-03 7.043265414857e-02
1.731250000000e+01 3.032211291620e-03 7.031958197875e-02
1.731562500000e+01 3.026907242069e-03 7.020555095045e-02
1.731875000000e+01 3.021583706874e-03 7.009058539246e-02
1.732187500000e+01 3.016241600127e-03 6.997470955177e-02
1.732500000000e+01 3.010881829058e-03 6.985794758428e-02
1.732812500000e+01 3.005505293741e-03 6.974032354573e-02
1.733125000000e+01 3.000112886820e-03 6.962186138290e-02
1.733437500000e+01 2.994705493222e-03 6.950258492511e-02
1.733750000000e+01 2.989283989897e-03 6.938251787597e-02
1.734062500000e+01 2.983849245570e-03 6.926168380543e-02
1.734375000000e+01 2.978402120486e-03 6.914010614205e-02
1.734687500000e+01 2.972943466197e-03 6.901780816558e-02
1.735000000000e+01 2.967474125337e-03 6.889481299985e-02
1.735312500000e+01 2.961994931413e-03 6.877114360587e-02
1.735625000000e+01 2.956506708613e-03 6.864682277519e-02
1.735937500000e+01 2.951010271609e-03 6.852187312365e-02
1.736250000000e+01 2.945506425401e-03 6.839631708523e-02
1.736562500000e+01 2.939995965139e-03 6.827017690630e-02
1.736875000000e+01 2.934479675969e-03 6.814347464007e-02
1.737187500000e+01 2.928958332907e-03 6.801623214135e-02
1.737500000000e+01 2.923432700677e-03 6.788847106148e-02
1.737812500000e+01 2.917903533614e-03 6.776021284362e-02
1.738125000000e+01 2.912371575537e-03 6.763147871824e-02
1.738437500000e+01 2.906837559649e-03 6.750228969887e-02
1.738750000000e+01 2.901302208448e-03 6.737266657808e-02
1.739062500000e+01 2.895766233626e-03 6.724262992372e-02
1.739375000000e+01 2.890230336014e-03 6.711220007542e-02
1.739687500000e+01 2.884695205500e-03 6.698139714128e-02
1.740000000000e+01 2.879161520978e-03 6.685024099480e-02
1.740312500000e+01 2.873629950298e-03 6.671875127208e-02
1.740625000000e+01 2.868101150214e-03 6.658694736918e-02
1.740937500000e+01 2.862575766366e-03 6.645484843975e-02
1.741250000000e+01 2.857054433245e-03 6.632247339280e-02
1.741562500000e+01 2.851537774173e-03 6.618984089080e-02
1.741875000000e+01 2.846026401312e-03 6.605696934784e-02
1.742187500000e+01 2.840520915614e-03 6.592387692810e-02
1.742500000000e+01 2.835021906881e-03 6.579058154443e-02
1.742812500000e+01 2.829529953738e-03 6.565710085721e-02
1.743125000000e+01 2.824045623659e-03 6.552345227328e-02
1.743437500000e+01 2.818569472997e-03 6.538965294515e-02
1.743750000000e+01 2.813102046993e-03 6.525571977031e-02
1.744062500000e+01 2.807643879837e-03 6.512166939078e-02
1.744375000000e+01 2.802195494690e-03 6.498751819272e-02
1.744687500000e+01 2.796757403734e-03 6.485328230632e-02
1.745000000000e+01 2.791330108228e-03 6.471897760574e-02
1.745312500000e+01 2.785914098550e-03 6.458461970925e-02
1.745625000000e+01 2.780509854275e-03 6.445022397949e-02
1.745937500000e+01 2.775117844230e-03 6.431580552391e-02
1.746250000000e+01 2.769738526562e-03 6.418137919526e-02
1.746562500000e+01 2.764372348831e-03 6.404695959230e-02
1.746875000000e+01 2.759019748042e-03 6.391256106060e-02
1.747187500000e+01 2.753681150784e-03 6.377819769338e-02
1.747500000000e+01 2.748356973275e-03 6.364388333261e-02
1.747812500000e+01 2.743047621464e-03 6.350963157010e-02
1.748125000000e+01 2.737753491125e-03 6.337545574876e-02
1.748437500000e+01 2.732474967940e-03 6.324136896390e-02
1.748750000000e+01 2.727212427611e-03 6.310738406469e-02
1.749062500000e+01 2.721966235952e-03 6.297351365567e-02
1.749375000000e+01 2.716736748994e-03 6.283977009837e-02
1.749687500000e+01 2.711524313092e-03 6.270616551298e-02
1.750000000000e+01 2.706329265020e-03 6.257271178012e-02
1.750312500000e+01 2.701151932100e-03 6.243942054271e-02
1.750625000000e+01 2.695992632299e-03 6.230630320784e-02
1.750937500000e+01 2.690851674345e-03 6.217337094880e-02
1.751250000000e+01 2.685729357856e-03 6.204063470707e-02
1.751562500000e+01 2.680625973414e-03 6.190810519446e-02
1.751875000000e+01 2.675541802741e-03 6.177579289522e-02
1.752187500000e+01 2.670477118771e-03 6.164370806832e-02
1.752500000000e+01 2.665432185790e-03 6.151186074963e-02
1.752812500000e+01 2.660407259556e-03 6.138026075426e-02
1.753125000000e+01 2.655402587409e-03 6.124891767891e-02
1.753437500000e+01 2.650418408407e-03 6.111784090421e-02
1.753750000000e+01 2.645454953443e-03 6.098703959720e-02
1.754062500000e+01 2.640512445365e-03 6.085652271371e-02
1.754375000000e+01 2.635591099106e-03 6.072629900090e-02
1.754687500000e+01 2.630691121797e-03 6.059637699970e-02
1.755000000000e+01 2.625812712904e-03 6.046676504743e-02
1.755312500000e+01 2.620956064346e-03 6.033747128025e-02
1.755625000000e+01 2.616121360617e-03 6.020850363583e-02
1.755937500000e+01 2.611308778915e-03 6.007986985585e-02
1.756250000000e+01 2.606518489253e-03 5.995157748867e-02
1.756562500000e+01 2.601750654610e-03 5.982363389190e-02
1.756875000000e+01 2.597005431023e-03 5.969604623504e-02
1.757187500000e+01 2.592282967729e-03 5.956882150214e-02
1.757500000000e+01 2.587583407283e-03 5.944196649438e-02
1.757812500000e+01 2.582906885674e-03 5.931548783276e-02
1.758125000000e+01 2.578253532457e-03 5.918939196071e-02
1.758437500000e+01 2.573623470865e-03 5.906368514678e-02
1.758750000000e+01 2.569016817936e-03 5.893837348722e-02
1.759062500000e+01 2.564433684626e-03 5.881346290867e-02
1.759375000000e+01 2.559874175928e-03 5.868895917078e-02
1.759687500000e+01 2.555338390994e-03 5.856486786884e-02
1.760000000000e+01 2.550826423250e-03 5.844119443636e-02
1.760312500000e+01 2.546338360511e-03 5.831794414777e-02
1.760625000000e+01 2.541874285097e-03 5.819512212093e-02
1.760937500000e+01 2.537434273940e-03 5.807273331977e-02
1.761250000000e+01 2.533018398708e-03 5.795078255686e-02
1.761562500000e+01 2.528626725914e-03 5.782927449597e-02
1.761875000000e+01 2.524259317019e-03 5.770821365461e-02
1.762187500000e+01 2.519916228550e-03 5.758760440656e-02
1.762500000000e+01 2.515597512199e-03 5.746745098443e-02
1.762812500000e+01 2.511303214941e-03 5.734775748207e-02
1.763125000000e+01 2.507033379136e-03 5.722852785715e-02
1.763437500000e+01 2.502788042629e-03 5.710976593354e-02
1.763750000000e+01 2.498567238862e-03 5.699147540380e-02
1.764062500000e+01 2.494370996964e-03 5.687365983155e-02
1.764375000000e+01 2.490199341864e-03 5.675632265392e-02
1.764687500000e+01 2.486052294387e-03 5.663946718390e-02
1.765000000000e+01 2.481929871348e-03 5.652309661268e-02
1.765312500000e+01 2.477832085658e-03 5.640721401199e-02
1.765625000000e+01 2.473758946404e-03 5.629182233643e-02
1.765937500000e+01 2.469710458960e-03 5.617692442570e-02
1.766250000000e+01 2.465686625078e-03 5.606252300691e-02
1.766562500000e+01 2.461687442968e-03 5.594862069676e-02
1.766875000000e+01 2.457712907399e-03 5.583522000380e-02
1.767187500000e+01 2.453763009780e-03 5.572232333057e-02
1.767500000000e+01 2.449837738257e-03 5.560993297577e-02
1.767812500000e+01 2.445937077794e-03 5.549805113639e-02
1.768125000000e+01 2.442061010258e-03 5.538667990982e-02
1.768437500000e+01 2.438209514507e-03 5.527582129590e-02
1.768750000000e+01 2.434382566460e-03 5.516547719902e-02
1.769062500000e+01 2.430580139193e-03 5.505564943009e-02
1.769375000000e+01 2.426802203014e-03 5.494633970855e-02
1.769687500000e+01 2.423048725534e-03 5.483754966437e-02
1.770000000000e+01 2.419319671758e-03 5.472928083995e-02
1.770312500000e+01 2.415615004140e-03 5.462153469207e-02
1.770625000000e+01 2.411934682677e-03 5.451431259377e-02
1.770937500000e+01 2.408278664981e-03 5.440761583618e-02
1.771250000000e+01 2.404646906335e-03 5.430144563040e-02
1.771562500000e+01 2.401039359779e-03 5.419580310929e-02
1.771875000000e+01 2.397455976166e-03 5.409068932924e-02
1.772187500000e+01 2.393896704244e-03 5.398610527194e-02
1.772500000000e+01 2.390361490715e-03 5.388205184608e-02
1.772812500000e+01 2.386850280301e-03 5.377852988910e-02
1.773125000000e+01 2.383363015811e-03 5.367554016881e-02
1.773437500000e+01 2.379899638194e-03 5.357308338507e-02
1.773750000000e+01 2.376460086617e-03 5.347116017141e-02
1.774062500000e+01 2.373044298515e-03 5.336977109661e-02
1.774375000000e+01 2.369652209652e-03 5.326891666627e-02
1.774687500000e+01 2.366283754183e-03 5.316859732437e-02
1.775000000000e+01 2.362938864700e-03 5.306881345479e-02
1.775312500000e+01 2.359617472301e-03 5.296956538278e-02
1.775625000000e+01 2.356319506647e-03 5.287085337643e-02
1.775937500000e+01 2.353044895998e-03 5.277267764814e-02
1.776250000000e+01 2.349793567285e-03 5.267503835602e-02
1.776562500000e+01 2.346565446141e-03 5.257793560526e-02
1.776875000000e+01 2.343360456976e-03 5.248136944954e-02
1.777187500000e+01 2.340178523006e-03 5.238533989237e-02
1.777500000000e+01 2.337019566312e-03 5.228984688838e-02
1.777812500000e+01 2.333883507888e-03 5.219489034464e-02
1.778125000000e+01 2.330770267674e-03 5.210047012193e-02
1.778437500000e+01 2.327679764619e-03 5.200658603599e-02
1.778750000000e+01 2.324611916715e-03 5.191323785877e-02
1.779062500000e+01 2.321566641044e-03 5.182042531960e-02
1.779375000000e+01 2.318543853819e-03 5.172814810639e-02
1.779687500000e+01 2.315543470421e-03 5.163640586681e-02
1.780000000000e+01 2.312565405450e-03 5.154519820938e-02
1.780312500000e+01 2.309609572754e-03 5.145452470466e-02
1.780625000000e+01 2.306675885479e-03 5.136438488629e-02
1.780937500000e+01 2.303764256096e-03 5.127477825209e-02
1.781250000000e+01 2.300874596437e-03 5.118570426512e-02
1.781562500000e+01 2.298006817745e-03 5.109716235468e-02
1.781875000000e+01 2.295160830696e-03 5.100915191740e-02
1.782187500000e+01 2.292336545439e-03 5.092167231815e-02
1.782500000000e+01 2.289533871631e-03 5.083472289108e-02
1.782812500000e+01 2.286752718459e-03 5.074830294054e-02
1.783125000000e+01 2.283992994688e-03 5.066241174205e-02
1.783437500000e+01 2.281254608683e-03 5.057704854318e-02
1.783750000000e+01 2.278537468440e-03 5.049221256449e-02
1.784062500000e+01 2.275841481619e-03 5.040790300039e-02
1.784375000000e+01 2.273166555565e-03 5.032411902002e-02
1.784687500000e+01 2.270512597348e-03 5.024085976808e-02
1.785000000000e+01 2.267879513779e-03 5.015812436568e-02
1.785312500000e+01 2.265267211451e-03 5.007591191114e-02
1.785625000000e+01 2.262675596751e-03 4.999422148078e-02
1.785937500000e+01 2.260104575888e-03 4.991305212974e-02
1.786250000000e+01 2.257554054926e-03 4.983240289268e-02
1.786562500000e+01 2.255023939802e-03 4.975227278460e-02
1.786875000000e+01 2.252514136352e-03 4.967266080152e-02
1.787187500000e+01 2.250024550332e-03 4.959356592121e-02
1.787500000000e+01 2.247555087437e-03 4.951498710390e-02
1.787812500000e+01 2.245105653334e-03 4.943692329297e-02
1.788125000000e+01 2.242676153673e-03 4.935937341560e-02
1.788437500000e+01 2.240266494110e-03 4.928233638347e-02
1.788750000000e+01 2.237876580332e-03 4.920581109336e-02
1.789062500000e+01 2.235506318064e-03 4.912979642780e-02
1.789375000000e+01 2.233155613105e-03 4.905429125568e-02
1.789687500000e+01 2.230824371332e-03 4.897929443288e-02
1.790000000000e+01 2.228512498731e-03 4.890480480281e-02
1.790312500000e+01 2.226219901403e-03 4.883082119705e-02
1.790625000000e+01 2.223946485581e-03 4.875734243583e-02
1.790937500000e+01 2.221692157656e-03 4.868436732869e-02
1.791250000000e+01 2.219456824187e-03 4.861189467491e-02
1.791562500000e+01 2.217240391917e-03 4.853992326412e-02
1.791875000000e+01 2.215042767790e-03 4.846845187677e-02
1.792187500000e+01 2.212863858957e-03 4.839747928465e-02
1.792500000000e+01 2.210703572806e-03 4.832700425140e-02
1.792812500000e+01 2.208561816962e-03 4.825702553296e-02
1.793125000000e+01 2.206438499305e-03 4.818754187803e-02
1.793437500000e+01 2.204333527989e-03 4.811855202861e-02
1.793750000000e+01 2.202246811440e-03 4.805005472035e-02
1.794062500000e+01 2.200178258382e-03 4.798204868304e-02
1.794375000000e+01 2.198127777842e-03 4.791453264106e-02
1.794687500000e+01 2.196095279168e-03 4.784750531374e-02
1.795000000000e+01 2.194080672033e-03 4.778096541582e-02
1.795312500000e+01 2.192083866442e-03 4.771491165783e-02
1.795625000000e+01 2.190104772754e-03 4.764934274648e-02
1.795937500000e+01 2.188143301686e-03 4.758425738506e-02
1.796250000000e+01 2.186199364324e-03 4.751965427377e-02
1.796562500000e+01 2.184272872129e-03 4.745553211013e-02
1.796875000000e+01 2.182363736948e-03 4.739188958932e-02
1.797187500000e+01 2.180471871025e-03 4.732872540452e-02
1.797500000000e+01 2.178597187008e-03 4.726603824723e-02
1.797812500000e+01 2.176739597956e-03 4.720382680767e-02
1.798125000000e+01 2.174899017350e-03 4.714208977500e-02
1.798437500000e+01 2.173075359093e-03 4.708082583775e-02
1.798750000000e+01 2.171268537527e-03 4.702003368401e-02
1.799062500000e+01 2.169478467435e-03 4.695971200183e-02
1.799375000000e+01 2.167705064045e-03 4.689985947944e-02
1.799687500000e+01 2.165948243052e-03 4.684047480559e-02
1.800000000000e+01 2.164207920596e-03 4.678155666979e-02
1.800312500000e+01 2.162484013293e-03 4.672310376259e-02
1.800625000000e+01 2.160776438234e-03 4.666511477586e-02
1.800937500000e+01 2.159085112983e-03 4.660758840304e-02
1.801250000000e+01 2.157409955596e-03 4.655052333937e-02
1.801562500000e+01 2.155750884609e-03 4.649391828219e-02
1.801875000000e+01 2.154107819059e-03 4.643777193112e-02
1.802187500000e+01 2.152480678480e-03 4.638208298832e-02
1.802500000000e+01 2.150869382910e-03 4.632685015871e-02
1.802812500000e+01 2.149273852898e-03 4.627207215022e-02
1.803125000000e+01 2.147694009496e-03 4.621774767397e-02
1.803437500000e+01 2.146129774282e-03 4.616387544449e-02
1.803750000000e+01 2.144581069349e-03 4.611045417994e-02
1.804062500000e+01 2.143047817314e-03 4.605748260229e-02
1.804375000000e+01 2.141529941325e-03 4.600495943754e-02
1.804687500000e+01 2.140027365053e-03 4.595288341588e-02
1.805000000000e+01 2.138540012708e-03 4.590125327189e-02
1.805312500000e+01 2.137067809034e-03 4.585006774473e-02
1.805625000000e+01 2.135610679314e-03 4.579932557831e-02
1.805937500000e+01 2.134168549378e-03 4.574902552143e-02
1.806250000000e+01 2.132741345589e-03 4.569916632800e-02
1.806562500000e+01 2.131328994869e-03 4.564974675716e-02
1.806875000000e+01 2.129931424681e-03 4.560076557346e-02
1.807187500000e+01 2.128548563043e-03 4.555222154700e-02
1.807500000000e+01 2.127180338527e-03 4.550411345359e-02
1.807812500000e+01 2.125826680253e-03 4.545644007490e-02
1.808125000000e+01 2.124487517905e-03 4.540920019857e-02
1.808437500000e+01 2.123162781724e-03 4.536239261838e-02
1.808750000000e+01 2.121852402506e-03 4.531601613440e-02
1.809062500000e+01 2.120556311621e-03 4.527006955305e-02
1.809375000000e+01 2.119274440980e-03 4.522455168731e-02
1.809687500000e+01 2.118006723079e-03 4.517946135679e-02
1.810000000000e+01 2.116753090966e-03 4.513479738786e-02
1.810312500000e+01 2.115513478261e-03 4.509055861379e-02
1.810625000000e+01 2.114287819150e-03 4.504674387483e-02
1.810937500000e+01 2.113076048380e-03 4.500335201835e-02
1.811250000000e+01 2.111878101275e-03 4.496038189892e-02
1.811562500000e+01 2.110693913722e-03 4.491783237844e-02
1.811875000000e+01 2.109523422181e-03 4.487570232624e-02
1.812187500000e+01 2.108366563682e-03 4.483399061913e-02
1.812500000000e+01 2.107223275820e-03 4.479269614159e-02
1.812812500000e+01 2.106093496765e-03 4.475181778576e-02
1.813125000000e+01 2.104977165259e-03 4.471135445161e-02
1.813437500000e+01 2.103874220611e-03 4.467130504699e-02
1.813750000000e+01 2.102784602710e-03 4.463166848770e-02
1.814062500000e+01 2.101708251999e-03 4.459244369764e-02
1.814375000000e+01 2.100645109510e-03 4.455362960880e-02
1.814687500000e+01 2.099595116838e-03 4.451522516143e-02
1.815000000000e+01 2.098558216148e-03 4.447722930403e-02
1.815312500000e+01 2.097534350181e-03 4.443964099350e-02
1.815625000000e+01 2.096523462241e-03 4.440245919516e-02
1.815937500000e+01 2.095525496209e-03 4.436568288283e-02
1.816250000000e+01 2.094540396533e-03 4.432931103894e-02
1.816562500000e+01 2.093568108231e-03 4.429334265452e-02
1.816875000000e+01 2.092608576892e-03 4.425777672933e-02
1.817187500000e+01 2.091661748669e-03 4.422261227190e-02
1.817500000000e+01 2.090727570286e-03 4.418784829957e-02
1.817812500000e+01 2.089805989036e-03 4.415348383859e-02
1.818125000000e+01 2.088896952778e-03 4.411951792413e-02
1.818437500000e+01 2.088000409937e-03 4.408594960038e-02
1.818750000000e+01 2.087116309499e-03 4.405277792057e-02
1.819062500000e+01 2.086244601025e-03 4.402000194704e-02
1.819375000000e+01 2.085385234632e-03 4.398762075128e-02
1.819687500000e+01 2.084538161005e-03 4.395563341401e-02
1.820000000000e+01 2.083703331392e-03 4.392403902516e-02
1.820312500000e+01 2.082880697596e-03 4.389283668399e-02
1.820625000000e+01 2.082070211988e-03 4.386202549909e-02
1.820937500000e+01 2.081271827498e-03 4.383160458846e-02
1.821250000000e+01 2.080485497615e-03 4.380157307950e-02
1.821562500000e+01 2.079711176387e-03 4.377193010909e-02
1.821875000000e+01 2.078948818414e-03 4.374267482364e-02
1.822187500000e+01 2.078198378861e-03 4.371380637909e-02
1.822500000000e+01 2.077459813444e-03 4.368532394096e-02
1.822812500000e+01 2.076733078434e-03 4.365722668443e-02
1.823125000000e+01 2.076018130659e-03 4.362951379431e-02
1.823437500000e+01 2.075314927490e-03 4.360218446511e-02
1.823750000000e+01 2.074623426862e-03 4.357523790108e-02
1.824062500000e+01 2.073943587253e-03 4.354867331622e-02
1.824375000000e+01 2.073275367693e-03 4.352248993433e-02
1.824687500000e+01 2.072618727762e-03 4.349668698903e-02
1.825000000000e+01 2.071973627582e-03 4.347126372379e-02
1.825312500000e+01 2.071340027826e-03 4.344621939198e-02
1.825625000000e+01 2.070717889711e-03 4.342155325687e-02
1.825937500000e+01 2.070107175000e-03 4.339726459166e-02
1.826250000000e+01 2.069507845999e-03 4.337335267955e-02
1.826562500000e+01 2.068919865550e-03 4.334981681370e-02
1.826875000000e+01 2.068343197045e-03 4.332665629730e-02
1.827187500000e+01 2.067777804411e-03 4.330387044360e-02
1.827500000000e+01 2.067223652114e-03 4.328145857590e-02
1.827812500000e+01 2.066680705162e-03 4.325942002759e-02
1.828125000000e+01 2.066148929091e-03 4.323775414219e-02
1.828437500000e+01 2.065628289980e-03 4.321646027335e-02
1.828750000000e+01 2.065118754443e-03 4.319553778490e-02
1.829062500000e+01 2.064620289624e-03 4.317498605082e-02
1.829375000000e+01 2.064132863202e-03 4.315480445531e-02
1.829687500000e+01 2.063656443382e-03 4.313499239281e-02
1.830000000000e+01 2.063190998907e-03 4.311554926799e-02
1.830312500000e+01 2.062736499043e-03 4.309647449578e-02
1.830625000000e+01 2.062292913589e-03 4.307776750141e-02
1.830937500000e+01 2.061860212870e-03 4.305942772040e-02
1.831250000000e+01 2.061438367732e-03 4.304145459861e-02
1.831562500000e+01 2.061027349553e-03 4.302384759223e-02
1.831875000000e+01 2.060627130233e-03 4.300660616781e-02
1.832187500000e+01 2.060237682194e-03 4.298972980229e-02
1.832500000000e+01 2.059858978383e-03 4.297321798300e-02
1.832812500000e+01 2.059490992263e-03 4.295707020768e-02
1.833125000000e+01 2.059133697819e-03 4.294128598451e-02
1.833437500000e+01 2.058787069562e-03 4.292586483211e-02
1.833750000000e+01 2.058451082512e-03 4.291080627958e-02
1.834062500000e+01 2.058125712215e-03 4.289610986648e-02
1.834375000000e+01 2.057810934723e-03 4.288177514289e-02
1.834687500000e+01 2.057506726612e-03 4.286780166940e-02
1.835000000000e+01 2.057213064971e-03 4.285418901713e-02
1.835312500000e+01 2.056929927401e-03 4.284093676776e-02
1.835625000000e+01 2.056657292020e-03 4.282804451351e-02
1.835937500000e+01 2.056395137452e-03 4.281551185720e-02
1.836250000000e+01 2.056143442837e-03 4.280333841226e-02
1.836562500000e+01 2.055902187824e-03 4.279152380270e-02
1.836875000000e+01 2.055671352573e-03 4.278006766319e-02
1.837187500000e+01 2.055450917753e-03 4.276896963903e-02
1.837500000000e+01 2.055240864539e-03 4.275822938618e-02
1.837812500000e+01 2.055041174612e-03 4.274784657130e-02
1.838125000000e+01 2.054851830169e-03 4.273782087171e-02
1.838437500000e+01 2.054672813905e-03 4.272815197547e-02
1.838750000000e+01 2.054504109023e-03 4.271883958135e-02
1.839062500000e+01 2.054345699228e-03 4.270988339887e-02
1.839375000000e+01 2.054197568734e-03 4.270128314831e-02
1.839687500000e+01 2.054059702255e-03 4.269303856072e-02
1.840000000000e+01 2.053932085010e-03 4.268514937795e-02
1.840312500000e+01 2.053814702722e-03 4.267761535265e-02
1.840625000000e+01 2.053707541610e-03 4.267043624831e-02
1.840937500000e+01 2.053610588399e-03 4.266361183923e-02
1.841250000000e+01 2.053523830316e-03 4.265714191063e-02
1.841562500000e+01 2.053447255086e-03 4.265102625854e-02
1.841875000000e+01 2.053380850936e-03 4.264526468993e-02
1.842187500000e+01 2.053324606587e-03 4.263985702267e-02
1.842500000000e+01 2.053278511265e-03 4.263480308556e-02
1.842812500000e+01 2.053242554696e-03 4.263010271834e-02
1.843125000000e+01 2.053216727099e-03 4.262575577174e-02
1.843437500000e+01 2.053201019198e-03 4.262176210745e-02
1.843750000000e+01 2.053195422204e-03 4.261812159817e-02
1.844062500000e+01 2.053199927836e-03 4.261483412764e-02
1.844375000000e+01 2.053214528306e-03 4.261189959062e-02
1.844687500000e+01 2.053239216323e-03 4.260931789295e-02
1.845000000000e+01 2.053273985095e-03 4.260708895155e-02
1.845312500000e+01 2.053318828322e-03 4.260521269442e-02
1.845625000000e+01 2.053373740204e-03 4.260368906070e-02
1.845937500000e+01 2.053438715439e-03 4.260251800068e-02
1.846250000000e+01 2.053513749218e-03 4.260169947581e-02
1.846562500000e+01 2.053598837231e-03 4.260123345870e-02
1.846875000000e+01 2.053693975659e-03 4.260111993321e-02
1.847187500000e+01 2.053799161186e-03 4.260135889439e-02
1.847500000000e+01 2.053914390985e-03 4.260195034857e-02
1.847812500000e+01 2.054039662734e-03 4.260289431332e-02
1.848125000000e+01 2.054174974602e-03 4.260419081756e-02
1.848437500000e+01 2.054320325252e-03 4.260583990147e-02
1.848750000000e+01 2.054475713848e-03 4.260784161661e-02
1.849062500000e+01 2.054641140048e-03 4.261019602591e-02
1.849375000000e+01 2.054816604009e-03 4.261290320367e-02
1.849687500000e+01 2.055002106386e-03 4.261596323564e-02
1.850000000000e+01 2.055197648324e-03 4.261937621897e-02
1.850312500000e+01 2.055403231474e-03 4.262314226232e-02
1.850625000000e+01 2.055618857981e-03 4.262726148582e-02
1.850937500000e+01 2.055844530490e-03 4.263173402114e-02
1.851250000000e+01 2.056080252143e-03 4.263656001147e-02
1.851562500000e+01 2.056326026579e-03 4.264173961162e-02
1.851875000000e+01 2.056581857941e-03 4.264727298795e-02
1.852187500000e+01 2.056847750866e-03 4.265316031850e-02
1.852500000000e+01 2.057123710500e-03 4.265940179294e-02
1.852812500000e+01 2.057409742484e-03 4.266599761265e-02
1.853125000000e+01 2.057705852957e-03 4.267294799072e-02
1.853437500000e+01 2.058012048566e-03 4.268025315200e-02
1.853750000000e+01 2.058328336457e-03 4.268791333310e-02
1.854062500000e+01 2.058654724282e-03 4.269592878247e-02
1.854375000000e+01 2.058991220196e-03 4.270429976038e-02
1.854687500000e+01 2.059337832855e-03 4.271302653900e-02
1.855000000000e+01 2.059694571424e-03 4.272210940240e-02
1.855312500000e+01 2.060061445573e-03 4.273154864657e-02
1.855625000000e+01 2.060438465479e-03 4.274134457951e-02
1.855937500000e+01 2.060825641828e-03 4.275149752121e-02
1.856250000000e+01 2.061222985810e-03 4.276200780371e-02
1.856562500000e+01 2.061630509127e-03 4.277287577114e-02
1.856875000000e+01 2.062048223992e-03 4.278410177974e-02
1.857187500000e+01 2.062476143131e-03 4.279568619789e-02
1.857500000000e+01 2.062914279780e-03 4.280762940618e-02
1.857812500000e+01 2.063362647685e-03 4.281993179741e-02
1.858125000000e+01 2.063821261112e-03 4.283259377667e-02
1.858437500000e+01 2.064290134838e-03 4.284561576134e-02
1.858750000000e+01 2.064769284160e-03 4.285899818112e-02
1.859062500000e+01 2.065258724893e-03 4.287274147814e-02
1.859375000000e+01 2.065758473365e-03 4.288684610693e-02
1.859687500000e+01 2.066268546431e-03 4.290131253448e-02
1.860000000000e+01 2.066788961462e-03 4.291614124028e-02
1.860312500000e+01 2.067319736357e-03 4.293133271641e-02
1.860625000000e+01 2.067860889537e-03 4.294688746749e-02
1.860937500000e+01 2.068412439943e-03 4.296280601081e-02
1.861250000000e+01 2.068974407051e-03 4.297908887633e-02
1.861562500000e+01 2.069546810859e-03 4.299573660672e-02
1.861875000000e+01 2.070129671898e-03 4.301274975745e-02
1.862187500000e+01 2.070723011234e-03 4.303012889677e-02
1.862500000000e+01 2.071326850454e-03 4.304787460582e-02
1.862812500000e+01 2.071941211690e-03 4.306598747862e-02
1.863125000000e+01 2.072566117606e-03 4.308446812219e-02
1.863437500000e+01 2.073201591403e-03 4.310331715651e-02
1.863750000000e+01 2.073847656824e-03 4.312253521463e-02
1.864062500000e+01 2.074504338147e-03 4.314212294273e-02
1.864375000000e+01 2.075171660199e-03 4.316208100011e-02
1.864687500000e+01 2.075849648349e-03 4.318241005928e-02
1.865000000000e+01 2.076538328512e-03 4.320311080603e-02
1.865312500000e+01 2.077237727154e-03 4.322418393944e-02
1.865625000000e+01 2.077947871283e-03 4.324563017195e-02
1.865937500000e+01 2.078668788469e-03 4.326745022945e-02
1.866250000000e+01 2.079400506830e-03 4.328964485125e-02
1.866562500000e+01 2.080143055041e-03 4.331221479023e-02
1.866875000000e+01 2.080896462340e-03 4.333516081284e-02
1.867187500000e+01 2.081660758515e-03 4.335848369915e-02
1.867500000000e+01 2.082435973924e-03 4.338218424295e-02
1.867812500000e+01 2.083222139489e-03 4.340626325178e-02
1.868125000000e+01 2.084019286694e-03 4.343072154698e-02
1.868437500000e+01 2.084827447600e-03 4.345555996377e-02
1.868750000000e+01 2.085646654828e-03 4.348077935131e-02
1.869062500000e+01 2.086476941581e-03 4.350638057275e-02
1.869375000000e+01 2.087318341634e-03 4.353236450527e-02
1.869687500000e+01 2.088170889343e-03 4.355873204021e-02
1.870000000000e+01 2.089034619643e-03 4.358548408305e-02
1.870312500000e+01 2.089909568050e-03 4.361262155354e-02
1.870625000000e+01 2.090795770667e-03 4.364014538572e-02
1.870937500000e+01 2.091693264188e-03 4.366805652802e-02
1.871250000000e+01 2.092602085891e-03 4.369635594328e-02
1.871562500000e+01 2.093522273661e-03 4.372504460889e-02
1.871875000000e+01 2.094453865956e-03 4.375412351677e-02
1.872187500000e+01 2.095396901855e-03 4.378359367350e-02
1.872500000000e+01 2.096351421027e-03 4.381345610036e-02
1.872812500000e+01 2.097317463747e-03 4.384371183343e-02
1.873125000000e+01 2.098295070901e-03 4.387436192362e-02
1.873437500000e+01 2.099284283975e-03 4.390540743675e-02
1.873750000000e+01 2.100285145077e-03 4.393684945367e-02
1.874062500000e+01 2.101297696928e-03 4.396868907025e-02
1.874375000000e+01 2.102321982866e-03 4.400092739754e-02
1.874687500000e+01 2.103358046854e-03 4.403356556176e-02
1.875000000000e+01 2.104405933474e-03 4.406660470444e-02
1.875312500000e+01 2.105465687941e-03 4.410004598249e-02
1.875625000000e+01 2.106537356097e-03 4.413389056821e-02
1.875937500000e+01 2.107620984421e-03 4.416813964946e-02
1.876250000000e+01 2.108716620033e-03 4.420279442967e-02
1.876562500000e+01 2.109824310678e-03 4.423785612795e-02
1.876875000000e+01 2.110944104763e-03 4.427332597916e-02
1.877187500000e+01 2.112076051333e-03 4.430920523399e-02
1.877500000000e+01 2.113220200084e-03 4.434549515904e-02
1.877812500000e+01 2.114376601369e-03 4.438219703691e-02
1.878125000000e+01 2.115545306191e-03 4.441931216626e-02
1.878437500000e+01 2.116726366222e-03 4.445684186192e-02
1.878750000000e+01 2.117919833794e-03 4.449478745498e-02
1.879062500000e+01 2.119125761907e-03 4.453315029283e-02
1.879375000000e+01 2.120344204237e-03 4.457193173928e-02
1.879687500000e+01 2.121575215126e-03 4.461113317464e-02
1.880000000000e+01 2.122818849603e-03 4.465075599581e-02
1.880312500000e+01 2.124075163374e-03 4.469080161635e-02
1.880625000000e+01 2.125344212837e-03 4.473127146661e-02
1.880937500000e+01 2.126626055076e-03 4.477216699376e-02
1.881250000000e+01 2.127920747865e-03 4.481348966192e-02
1.881562500000e+01 2.129228349686e-03 4.485524095224e-02
1.881875000000e+01 2.130548919714e-03 4.489742236300e-02
1.882187500000e+01 2.131882517834e-03 4.494003540969e-02
1.882500000000e+01 2.133229204640e-03 4.498308162509e-02
1.882812500000e+01 2.134589041436e-03 4.502656255941e-02
1.883125000000e+01 2.135962090247e-03 4.507047978032e-02
1.883437500000e+01 2.137348413819e-03 4.511483487311e-02
1.883750000000e+01 2.138748075626e-03 4.515962944074e-02
1.884062500000e+01 2.140161139871e-03 4.520486510395e-02
1.884375000000e+01 2.141587671486e-03 4.525054350135e-02
1.884687500000e+01 2.143027736150e-03 4.529666628954e-02
1.885000000000e+01 2.144481400279e-03 4.534323514318e-02
1.885312500000e+01 2.145948731040e-03 4.539025175511e-02
1.885625000000e+01 2.147429796351e-03 4.543771783645e-02
1.885937500000e+01 2.148924664879e-03 4.548563511667e-02
1.886250000000e+01 2.150433406063e-03 4.553400534373e-02
1.886562500000e+01 2.151956090100e-03 4.558283028415e-02
1.886875000000e+01 2.153492787957e-03 4.563211172314e-02
1.887187500000e+01 2.155043571378e-03 4.568185146468e-02
1.887500000000e+01 2.156608512879e-03 4.573205133163e-02
1.887812500000e+01 2.158187685765e-03 4.578271316585e-02
1.888125000000e+01 2.159781164128e-03 4.583383882827e-02
1.888437500000e+01 2.161389022850e-03 4.588543019904e-02
1.888750000000e+01 2.163011337616e-03 4.593748917758e-02
1.889062500000e+01 2.164648184902e-03 4.599001768275e-02
1.889375000000e+01 2.166299642002e-03 4.604301765290e-02
1.889687500000e+01 2.167965787016e-03 4.609649104601e-02
1.890000000000e+01 2.169646698862e-03 4.615043983979e-02
1.890312500000e+01 2.171342457280e-03 4.620486603178e-02
1.890625000000e+01 2.173053142831e-03 4.625977163947e-02
1.890937500000e+01 2.174778836912e-03 4.631515870041e-02
1.891250000000e+01 2.176519621759e-03 4.637102927230e-02
1.891562500000e+01 2.178275580442e-03 4.642738543312e-02
1.891875000000e+01 2.180046796883e-03 4.648422928124e-02
1.892187500000e+01 2.181833355849e-03 4.654156293551e-02
1.892500000000e+01 2.183635342968e-03 4.659938853541e-02
1.892812500000e+01 2.185452844728e-03 4.665770824111e-02
1.893125000000e+01 2.187285948484e-03 4.671652423361e-02
1.893437500000e+01 2.189134742464e-03 4.677583871487e-02
1.893750000000e+01 2.190999315765e-03 4.683565390789e-02
1.894062500000e+01 2.192879758375e-03 4.689597205683e-02
1.894375000000e+01 2.194776161166e-03 4.695679542713e-02
1.894687500000e+01 2.196688615902e-03 4.701812630563e-02
1.895000000000e+01 2.198617215246e-03 4.707996700065e-02
1.895312500000e+01 2.200562052759e-03 4.714231984214e-02
1.895625000000e+01 2.202523222914e-03 4.720518718178e-02
1.895937500000e+01 2.204500821101e-03 4.726857139307e-02
1.896250000000e+01 2.206494943623e-03 4.733247487151e-02
1.896562500000e+01 2.208505687711e-03 4.739690003460e-02
1.896875000000e+01 2.210533151520e-03 4.746184932209e-02
1.897187500000e+01 2.212577434145e-03 4.752732519596e-02
1.897500000000e+01 2.214638635619e-03 4.759333014064e-02
1.897812500000e+01 2.216716856922e-03 4.765986666306e-02
1.898125000000e+01 2.218812199985e-03 4.772693729277e-02
1.898437500000e+01 2.220924767689e-03 4.779454458209e-02
1.898750000000e+01 2.223054663886e-03 4.786269110616e-02
1.899062500000e+01 2.225201993389e-03 4.793137946311e-02
1.899375000000e+01 2.227366861985e-03 4.800061227413e-02
1.899687500000e+01 2.229549376442e-03 4.807039218361e-02
1.900000000000e+01 2.231749644501e-03 4.814072185922e-02
1.900312500000e+01 2.233967774901e-03 4.821160399205e-02
1.900625000000e+01 2.236203877375e-03 4.828304129670e-02
1.900937500000e+01 2.238458062650e-03 4.835503651139e-02
1.901250000000e+01 2.240730442461e-03 4.842759239806e-02
1.901562500000e+01 2.243021129549e-03 4.850071174251e-02
1.901875000000e+01 2.245330237673e-03 4.857439735445e-02
1.902187500000e+01 2.247657881613e-03 4.864865206767e-02
1.902500000000e+01 2.250004177172e-03 4.872347874009e-02
1.902812500000e+01 2.252369241189e-03 4.879888025389e-02
1.903125000000e+01 2.254753191531e-03 4.887485951559e-02
1.903437500000e+01 2.257156147111e-03 4.895141945619e-02
1.903750000000e+01 2.259578227890e-03 4.902856303122e-02
1.904062500000e+01 2.262019554877e-03 4.910629322089e-02
1.904375000000e+01 2.264480250143e-03 4.918461303012e-02
1.904687500000e+01 2.266960436809e-03 4.926352548871e-02
1.905000000000e+01 2.269460239073e-03 4.934303365137e-02
1.905312500000e+01 2.271979782204e-03 4.942314059785e-02
1.905625000000e+01 2.274519192544e-03 4.950384943302e-02
1.905937500000e+01 2.277078597518e-03 4.958516328695e-02
1.906250000000e+01 2.279658125633e-03 4.966708531500e-02
1.906562500000e+01 2.282257906490e-03 4.974961869789e-02
1.906875000000e+01 2.284878070786e-03 4.983276664184e-02
1.907187500000e+01 2.287518750316e-03 4.991653237856e-02
1.907500000000e+01 2.290180077983e-03 5.000091916539e-02
1.907812500000e+01 2.292862187790e-03 5.008593028536e-02
1.908125000000e+01 2.295565214863e-03 5.017156904726e-02
1.908437500000e+01 2.298289295439e-03 5.025783878569e-02
1.908750000000e+01 2.301034566881e-03 5.034474286116e-02
1.909062500000e+01 2.303801167675e-03 5.043228466014e-02
1.909375000000e+01 2.306589237433e-03 5.052046759509e-02
1.909687500000e+01 2.309398916907e-03 5.060929510458e-02
1.910000000000e+01 2.312230347979e-03 5.069877065327e-02
1.910312500000e+01 2.315083673682e-03 5.078889773202e-02
1.910625000000e+01 2.317959038184e-03 5.087967985790e-02
1.910937500000e+01 2.320856586801e-03 5.097112057424e-02
1.911250000000e+01 2.323776466004e-03 5.106322345069e-02
1.911562500000e+01 2.326718823414e-03 5.115599208322e-02
1.911875000000e+01 2.329683807811e-03 5.124943009416e-02
1.912187500000e+01 2.332671569137e-03 5.134354113224e-02
1.912500000000e+01 2.335682258488e-03 5.143832887259e-02
1.912812500000e+01 2.338716028133e-03 5.153379701678e-02
1.913125000000e+01 2.341773031502e-03 5.162994929280e-02
1.913437500000e+01 2.344853423198e-03 5.172678945507e-02
1.913750000000e+01 2.347957358996e-03 5.182432128449e-02
1.914062500000e+01 2.351084995835e-03 5.192254858834e-02
1.914375000000e+01 2.354236491838e-03 5.202147520036e-02
1.914687500000e+01 2.357412006294e-03 5.212110498067e-02
1.915000000000e+01 2.360611699681e-03 5.222144181577e-02
1.915312500000e+01 2.363835733645e-03 5.232248961852e-02
1.915625000000e+01 2.367084271008e-03 5.242425232807e-02
1.915937500000e+01 2.370357475775e-03 5.252673390984e-02
1.916250000000e+01 2.373655513129e-03 5.262993835545e-02
1.916562500000e+01 2.376978549430e-03 5.273386968268e-02
1.916875000000e+01 2.380326752218e-03 5.283853193539e-02
1.917187500000e+01 2.383700290202e-03 5.294392918345e-02
1.917500000000e+01 2.387099333275e-03 5.305006552263e-02
1.917812500000e+01 2.390524052502e-03 5.315694507455e-02
1.918125000000e+01 2.393974620120e-03 5.326457198653e-02
1.918437500000e+01 2.397451209539e-03 5.337295043154e-02
1.918750000000e+01 2.400953995331e-03 5.348208460800e-02
1.919062500000e+01 2.404483153240e-03 5.359197873971e-02
1.919375000000e+01 2.408038860169e-03 5.370263707570e-02
1.919687500000e+01 2.411621294184e-03 5.381406389005e-02
1.920000000000e+01 2.415230634502e-03 5.392626348175e-02
1.920312500000e+01 2.418867061495e-03 5.403924017451e-02
1.920625000000e+01 2.422530756672e-03 5.415299831660e-02
1.920937500000e+01 2.426221902693e-03 5.426754228062e-02
1.921250000000e+01 2.429940683349e-03 5.438287646332e-02
1.921562500000e+01 2.433687283560e-03 5.449900528532e-02
1.921875000000e+01 2.437461889373e-03 5.461593319097e-02
1.922187500000e+01 2.441264687940e-03 5.473366464800e-02
1.922500000000e+01 2.445095867531e-03 5.485220414730e-02
1.922812500000e+01 2.448955617513e-03 5.497155620266e-02
1.923125000000e+01 2.452844128342e-03 5.509172535044e-02
1.923437500000e+01 2.456761591561e-03 5.521271614925e-02
1.923750000000e+01 2.460708199776e-03 5.533453317968e-02
1.924062500000e+01 2.464684146661e-03 5.545718104391e-02
1.924375000000e+01 2.468689626942e-03 5.558066436534e-02
1.924687500000e+01 2.472724836379e-03 5.570498778826e-02
1.925000000000e+01 2.476789971763e-03 5.583015597742e-02
1.925312500000e+01 2.480885230890e-03 5.595617361762e-02
1.925625000000e+01 2.485010812564e-03 5.608304541328e-02
1.925937500000e+01 2.489166916568e-03 5.621077608799e-02
1.926250000000e+01 2.493353743659e-03 5.633937038403e-02
1.926562500000e+01 2.497571495546e-03 5.646883306185e-02
1.926875000000e+01 2.501820374868e-03 5.659916889962e-02
1.927187500000e+01 2.506100585192e-03 5.673038269261e-02
1.927500000000e+01 2.510412330979e-03 5.686247925270e-02
1.927812500000e+01 2.514755817573e-03 5.699546340772e-02
1.928125000000e+01 2.519131251181e-03 5.712934000090e-02
1.928437500000e+01 2.523538838839e-03 5.726411389022e-02
1.928750000000e+01 2.527978788409e-03 5.739978994772e-02
1.929062500000e+01 2.532451308541e-03 5.753637305883e-02
1.929375000000e+01 2.536956608660e-03 5.767386812167e-02
1.929687500000e+01 2.541494898930e-03 5.781228004627e-02
1.930000000000e+01 2.546066390228e-03 5.795161375385e-02
1.930312500000e+01 2.550671294126e-03 5.809187417593e-02
1.930625000000e+01 2.555309822857e-03 5.823306625360e-02
1.930937500000e+01 2.559982189282e-03 5.837519493657e-02
1.931250000000e+01 2.564688606864e-03 5.851826518232e-02
1.931562500000e+01 2.569429289628e-03 5.866228195515e-02
1.931875000000e+01 2.574204452138e-03 5.880725022520e-02
1.932187500000e+01 2.579014309455e-03 5.895317496749e-02
1.932500000000e+01 2.583859077102e-03 5.910006116084e-02
1.932812500000e+01 2.588738971026e-03 5.924791378683e-02
1.933125000000e+01 2.593654207556e-03 5.939673782864e-02
1.933437500000e+01 2.598605003369e-03 5.954653826996e-02
1.933750000000e+01 2.603591575442e-03 5.969732009373e-02
1.934062500000e+01 2.608614141014e-03 5.984908828095e-02
1.934375000000e+01 2.613672917536e-03 6.000184780940e-02
1.934687500000e+01 2.618768122616e-03 6.015560365230e-02
1.935000000000e+01 2.623899973988e-03 6.031036077693e-02
1.935312500000e+01 2.629068689450e-03 6.046612414328e-02
1.935625000000e+01 2.634274486814e-03 6.062289870251e-02
1.935937500000e+01 2.639517583852e-03 6.078068939550e-02
1.936250000000e+01 2.644798198236e-03 6.093950115125e-02
1.936562500000e+01 2.650116547487e-03 6.109933888531e-02
1.936875000000e+01 2.655472848912e-03 6.126020749808e-02
1.937187500000e+01 2.660867319541e-03 6.142211187311e-02
1.937500000000e+01 2.666300176065e-03 6.158505687532e-02
1.937812500000e+01 2.671771634762e-03 6.174904734918e-02
1.938125000000e+01 2.677281911438e-03 6.191408811682e-02
1.938437500000e+01 2.682831221354e-03 6.208018397607e-02
1.938750000000e+01 2.688419779154e-03 6.224733969846e-02
1.939062500000e+01 2.694047798782e-03 6.241556002715e-02
1.939375000000e+01 2.699715493407e-03 6.258484967479e-02
1.939687500000e+01 2.705423075349e-03 6.275521332131e-02
1.940000000000e+01 2.711170755991e-03 6.292665561167e-02
1.940312500000e+01 2.716958745692e-03 6.309918115349e-02
1.940625000000e+01 2.722787253704e-03 6.327279451468e-02
1.940937500000e+01 2.728656488067e-03 6.344750022092e-02
1.941250000000e+01 2.734566655535e-03 6.362330275311e-02
1.941562500000e+01 2.740517961465e-03 6.380020654476e-02
1.941875000000e+01 2.746510609723e-03 6.397821597925e-02
1.942187500000e+01 2.752544802579e-03 6.415733538704e-02
1.942500000000e+01 2.758620740596e-03 6.433756904283e-02
1.942812500000e+01 2.764738622530e-03 6.451892116256e-02
1.943125000000e+01 2.770898645212e-03 6.470139590040e-02
1.943437500000e+01 2.777101003438e-03 6.488499734560e-02
1.943750000000e+01 2.783345889842e-03 6.506972951927e-02
1.944062500000e+01 2.789633494770e-03 6.525559637111e-02
1.944375000000e+01 2.795964006167e-03 6.544260177595e-02
1.944687500000e+01 2.802337609438e-03 6.563074953028e-02
1.945000000000e+01 2.808754487318e-03 6.582004334865e-02
1.945312500000e+01 2.815214819732e-03 6.601048686001e-02
1.945625000000e+01 2.821718783648e-03 6.620208360383e-02
1.945937500000e+01 2.828266552945e-03 6.639483702629e-02
1.946250000000e+01 2.834858298255e-03 6.658875047620e-02
1.946562500000e+01 2.841494186810e-03 6.678382720096e-02
1.946875000000e+01 2.848174382285e-03 6.698007034227e-02
1.947187500000e+01 2.854899044632e-03 6.717748293182e-02
1.947500000000e+01 2.861668329922e-03 6.737606788685e-02
1.947812500000e+01 2.868482390167e-03 6.757582800558e-02
1.948125000000e+01 2.875341373145e-03 6.777676596251e-02
1.948437500000e+01 2.882245422231e-03 6.797888430362e-02
1.948750000000e+01 2.889194676186e-03 6.818218544146e-02
1.949062500000e+01 2.896189268995e-03 6.838667165008e-02
1.949375000000e+01 2.903229329657e-03 6.859234505982e-02
1.949687500000e+01 2.910314981991e-03 6.879920765207e-02
1.950000000000e+01 2.917446344429e-03 6.900726125376e-02
1.950312500000e+01 2.924623529800e-03 6.921650753182e-02
1.950625000000e+01 2.931846645130e-03 6.942694798744e-02
1.950937500000e+01 2.939115791408e-03 6.963858395026e-02
1.951250000000e+01 2.946431063365e-03 6.985141657234e-02
1.951562500000e+01 2.953792549246e-03 7.006544682205e-02
1.951875000000e+01 2.961200330558e-03 7.028067547779e-02
1.952187500000e+01 2.968654481848e-03 7.049710312154e-02
1.952500000000e+01 2.976155070443e-03 7.071473013236e-02
1.952812500000e+01 2.983702156194e-03 7.093355667956e-02
1.953125000000e+01 2.991295791232e-03 7.115358271594e-02
1.953437500000e+01 2.998936019663e-03 7.137480797069e-02
1.953750000000e+01 3.006622877347e-03 7.159723194222e-02
1.954062500000e+01 3.014356391585e-03 7.182085389086e-02
1.954375000000e+01 3.022136580843e-03 7.204567283132e-02
1.954687500000e+01 3.029963454469e-03 7.227168752504e-02
1.955000000000e+01 3.037837012377e-03 7.249889647241e-02
1.955312500000e+01 3.045757244768e-03 7.272729790475e-02
1.955625000000e+01 3.053724131806e-03 7.295688977617e-02
1.955937500000e+01 3.061737643304e-03 7.318766975529e-02
1.956250000000e+01 3.069797738404e-03 7.341963521674e-02
1.956562500000e+01 3.077904365238e-03 7.365278323254e-02
1.956875000000e+01 3.086057460611e-03 7.388711056329e-02
1.957187500000e+01 3.094256949644e-03 7.412261364919e-02
1.957500000000e+01 3.102502745428e-03 7.435928860092e-02
1.957812500000e+01 3.110794748683e-03 7.459713119030e-02
1.958125000000e+01 3.119132847358e-03 7.483613684086e-02
1.958437500000e+01 3.127516916315e-03 7.507630061818e-02
1.958750000000e+01 3.135946816915e-03 7.531761722007e-02
1.959062500000e+01 3.144422396651e-03 7.556008096662e-02
1.959375000000e+01 3.152943488762e-03 7.580368579007e-02
1.959687500000e+01 3.161509911825e-03 7.604842522448e-02
1.960000000000e+01 3.170121469375e-03 7.629429239533e-02
1.960312500000e+01 3.178777949481e-03 7.654128000883e-02
1.960625000000e+01 3.187479124342e-03 7.678938034118e-02
1.960937500000e+01 3.196224749866e-03 7.703858522768e-02
1.961250000000e+01 3.205014565232e-03 7.728888605157e-02
1.961562500000e+01 3.213848292479e-03 7.754027373286e-02
1.961875000000e+01 3.222725636057e-03 7.779273871692e-02
1.962187500000e+01 3.231646282380e-03 7.804627096300e-02
1.962500000000e+01 3.240609899400e-03 7.830085993255e-02
1.962812500000e+01 3.249616136104e-03 7.855649457743e-02
1.963125000000e+01 3.258664622117e-03 7.881316332804e-02
1.963437500000e+01 3.267754967194e-03 7.907085408125e-02
1.963750000000e+01 3.276886760766e-03 7.932955418825e-02
1.964062500000e+01 3.286059571468e-03 7.958925044235e-02
1.964375000000e+01 3.295272946650e-03 7.984992906655e-02
1.964687500000e+01 3.304526411914e-03 8.011157570117e-02
1.965000000000e+01 3.313819470615e-03 8.037417539126e-02
1.965312500000e+01 3.323151603376e-03 8.063771257400e-02
1.965625000000e+01 3.332522267600e-03 8.090217106605e-02
1.965937500000e+01 3.341930896963e-03 8.116753405081e-02
1.966250000000e+01 3.351376900938e-03 8.143378406563e-02
1.966562500000e+01 3.360859664281e-03 8.170090298902e-02
1.966875000000e+01 3.370378546538e-03 8.196887202779e-02
1.967187500000e+01 3.379932881547e-03 8.223767170424e-02
1.967500000000e+01 3.389521976922e-03 8.250728184329e-02
1.967812500000e+01 3.399145113581e-03 8.277768155968e-02
1.968125000000e+01 3.408801545218e-03 8.304884924518e-02
1.968437500000e+01 3.418490497821e-03 8.332076255584e-02
1.968750000000e+01 3.428211169172e-03 8.359339839933e-02
1.969062500000e+01 3.437962728343e-03 8.386673292233e-02
1.969375000000e+01 3.447744315224e-03 8.414074149807e-02
1.969687500000e+01 3.457555040024e-03 8.441539871394e-02
1.970000000000e+01 3.467393982791e-03 8.469067835924e-02
1.970312500000e+01 3.477260192939e-03 8.496655341315e-02
1.970625000000e+01 3.487152688764e-03 8.524299603279e-02
1.970937500000e+01 3.497070457006e-03 8.551997754160e-02
1.971250000000e+01 3.507012452373e-03 8.579746841779e-02
1.971562500000e+01 3.516977597103e-03 8.607543828322e-02
1.971875000000e+01 3.526964780530e-03 8.635385589240e-02
1.972187500000e+01 3.536972858645e-03 8.663268912190e-02
1.972500000000e+01 3.547000653699e-03 8.691190496003e-02
1.972812500000e+01 3.557046953805e-03 8.719146949689e-02
1.973125000000e+01 3.567110512529e-03 8.747134791480e-02
1.973437500000e+01 3.577190048542e-03 8.775150447919e-02
1.973750000000e+01 3.587284245241e-03 8.803190252985e-02
1.974062500000e+01 3.597391750440e-03 8.831250447273e-02
1.974375000000e+01 3.607511176028e-03 8.859327177220e-02
1.974687500000e+01 3.617641097678e-03 8.887416494390e-02
1.975000000000e+01 3.627780054572e-03 8.915514354807e-02
1.975312500000e+01 3.637926549132e-03 8.943616618361e-02
1.975625000000e+01 3.648079046805e-03 8.971719048270e-02
1.975937500000e+01 3.658235975848e-03 8.999817310611e-02
1.976250000000e+01 3.668395727145e-03 9.027906973922e-02
1.976562500000e+01 3.678556654064e-03 9.055983508883e-02
1.976875000000e+01 3.688717072315e-03 9.084042288072e-02
1.977187500000e+01 3.698875259877e-03 9.112078585803e-02
1.977500000000e+01 3.709029456939e-03 9.140087578052e-02
1.977812500000e+01 3.719177865854e-03 9.168064342475e-02
1.978125000000e+01 3.729318651167e-03 9.196003858515e-02
1.978437500000e+01 3.739449939640e-03 9.223901007612e-02
1.978750000000e+01 3.749569820359e-03 9.251750573509e-02
1.979062500000e+01 3.759676344845e-03 9.279547242670e-02
1.979375000000e+01 3.769767527217e-03 9.307285604804e-02
1.979687500000e+01 3.779841344403e-03 9.334960153501e-02
1.980000000000e+01 3.789895736379e-03 9.362565286988e-02
1.980312500000e+01 3.799928606488e-03 9.390095309004e-02
1.980625000000e+01 3.809937821764e-03 9.417544429801e-02
1.980937500000e+01 3.819921213332e-03 9.444906767271e-02
1.981250000000e+01 3.829876576849e-03 9.472176348206e-02
1.981562500000e+01 3.839801672985e-03 9.499347109697e-02
1.981875000000e+01 3.849694227986e-03 9.526412900662e-02
1.982187500000e+01 3.859551934270e-03 9.553367483526e-02
1.982500000000e+01 3.869372451064e-03 9.580204536040e-02
1.982812500000e+01 3.879153405133e-03 9.606917653249e-02
1.983125000000e+01 3.888892391525e-03 9.633500349612e-02
1.983437500000e+01 3.898586974419e-03 9.659946061272e-02
1.983750000000e+01 3.908234687995e-03 9.686248148486e-02
1.984062500000e+01 3.917833037380e-03 9.712399898208e-02
1.984375000000e+01 3.927379499655e-03 9.738394526836e-02
1.984687500000e+01 3.936871524911e-03 9.764225183114e-02
1.985000000000e+01 3.946306537391e-03 9.789884951205e-02
1.985312500000e+01 3.955681936671e-03 9.815366853922e-02
1.985625000000e+01 3.964995098914e-03 9.840663856123e-02
1.985937500000e+01 3.974243378192e-03 9.865768868272e-02
1.986250000000e+01 3.983424107845e-03 9.890674750173e-02
1.986562500000e+01 3.992534601948e-03 9.915374314852e-02
1.986875000000e+01 4.001572156812e-03 9.939860332620e-02
1.987187500000e+01 4.010534052532e-03 9.964125535292e-02
1.987500000000e+01 4.019417554639e-03 9.988162620565e-02
1.987812500000e+01 4.028219915770e-03 1.001196425657e-01
1.988125000000e+01 4.036938377445e-03 1.003552308654e-01
1.988437500000e+01 4.045570171858e-03 1.005883173373e-01
1.988750000000e+01 4.054112523759e-03 1.008188280636e-01
1.989062500000e+01 4.062562652382e-03 1.010466890278e-01
1.989375000000e+01 4.070917773412e-03 1.012718261684e-01
1.989687500000e+01 4.079175101050e-03 1.014941654322e-01
1.990000000000e+01 4.087331850086e-03 1.017136328312e-01
1.990312500000e+01 4.095385238047e-03 1.019301544987e-01
1.990625000000e+01 4.103332487386e-03 1.021436567485e-01
1.990937500000e+01 4.111170827706e-03 1.023540661336e-01
1.991250000000e+01 4.118897498062e-03 1.025613095074e-01
1.991562500000e+01 4.126509749261e-03 1.027653140850e-01
1.991875000000e+01 4.134004846234e-03 1.029660075060e-01
1.992187500000e+01 4.141380070419e-03 1.031633178976e-01
1.992500000000e+01 4.148632722174e-03 1.033571739393e-01
1.992812500000e+01 4.155760123257e-03 1.035475049279e-01
1.993125000000e+01 4.162759619277e-03 1.037342408423e-01
1.993437500000e+01 4.169628582199e-03 1.039173124104e-01
1.993750000000e+01 4.176364412864e-03 1.040966511751e-01
1.994062500000e+01 4.182964543490e-03 1.042721895611e-01
1.994375000000e+01 4.189426440236e-03 1.044438609419e-01
1.994687500000e+01 4.195747605722e-03 1.046115997065e-01
1.995000000000e+01 4.201925581568e-03 1.047753413265e-01
1.995312500000e+01 4.207957950935e-03 1.049350224229e-01
1.995625000000e+01 4.213842341023e-03 1.050905808321e-01
1.995937500000e+01 4.219576425611e-03 1.052419556725e-01
1.996250000000e+01 4.225157927520e-03 1.053890874093e-01
1.996562500000e+01 4.230584621100e-03 1.055319179196e-01
1.996875000000e+01 4.235854334645e-03 1.056703905561e-01
1.997187500000e+01 4.240964952790e-03 1.058044502105e-01
1.997500000000e+01 4.245914418900e-03 1.059340433749e-01
1.997812500000e+01 4.250700737367e-03 1.060591182027e-01
1.998125000000e+01 4.255321975886e-03 1.061796245681e-01
1.998437500000e+01 4.259776267669e-03 1.062955141235e-01
1.998750000000e+01 4.264061813595e-03 1.064067403567e-01
1.999062500000e+01 4.268176884318e-03 1.065132586444e-01
1.999375000000e+01 4.272119822284e-03 1.066150263060e-01
1.999687500000e+01 4.275889043680e-03 1.067120026534e-01
2.000000000000e+01 4.279483040321e-03 1.068041490406e-01
2.000312500000e+01 4.282900381421e-03 1.068914289096e-01
2.000625000000e+01 4.286139715331e-03 1.069738078349e-01
2.000937500000e+01 4.289199771132e-03 1.070512535654e-01
2.001250000000e+01 4.292079360185e-03 1.071237360633e-01
2.001562500000e+01 4.294777377534e-03 1.071912275415e-01
2.001875000000e+01 4.297292803240e-03 1.072537024971e-01
2.002187500000e+01 4.299624703614e-03 1.073111377427e-01
2.002500000000e+01 4.301772232331e-03 1.073635124353e-01
2.002812500000e+01 4.303734631430e-03 1.074108081014e-01
2.003125000000e+01 4.305511232221e-03 1.074530086596e-01
2.003437500000e+01 4.307101456046e-03 1.074901004402e-01
2.003750000000e+01 4.308504814973e-03 1.075220722019e-01
2.004062500000e+01 4.309720912325e-03 1.075489151446e-01
2.004375000000e+01 4.310749443117e-03 1.075706229200e-01
2.004687500000e+01 4.311590194365e-03 1.075871916384e-01
2.005000000000e+01 4.312243045264e-03 1.075986198728e-01
2.005312500000e+01 4.312707967281e-03 1.076049086591e-01
2.005625000000e+01 4.312985024078e-03 1.076060614939e-01
2.005937500000e+01 4.313074371363e-03 1.076020843285e-01
2.006250000000e+01 4.312976256578e-03 1.075929855602e-01
2.006562500000e+01 4.312691018482e-03 1.075787760200e-01
2.006875000000e+01 4.312219086644e-03 1.075594689574e-01
2.007187500000e+01 4.311560980779e-03 1.075350800224e-01
2.007500000000e+01 4.310717309991e-03 1.075056272438e-01
2.007812500000e+01 4.309688771897e-03 1.074711310053e-01
2.008125000000e+01 4.308476151631e-03 1.074316140178e-01
2.008437500000e+01 4.307080320769e-03 1.073871012901e-01
2.008750000000e+01 4.305502236120e-03 1.073376200953e-01
2.009062500000e+01 4.303742938416e-03 1.072831999358e-01
2.009375000000e+01 4.301803550930e-03 1.072238725051e-01
2.009687500000e+01 4.299685277952e-03 1.071596716471e-01
2.010000000000e+01 4.297389403228e-03 1.070906333131e-01
2.010312500000e+01 4.294917288270e-03 1.070167955166e-01
2.010625000000e+01 4.292270370594e-03 1.069381982857e-01
2.010937500000e+01 4.289450161897e-03 1.068548836135e-01
2.011250000000e+01 4.286458246104e-03 1.067668954066e-01
2.011562500000e+01 4.283296277420e-03 1.066742794315e-01
2.011875000000e+01 4.279965978260e-03 1.065770832597e-01
2.012187500000e+01 4.276469137133e-03 1.064753562108e-01
2.012500000000e+01 4.272807606481e-03 1.063691492944e-01
2.012812500000e+01 4.268983300430e-03 1.062585151504e-01
2.013125000000e+01 4.264998192552e-03 1.061435079882e-01
2.013437500000e+01 4.260854313530e-03 1.060241835249e-01
2.013750000000e+01 4.256553748812e-03 1.059005989224e-01
2.014062500000e+01 4.252098636233e-03 1.057728127238e-01
2.014375000000e+01 4.247491163583e-03 1.056408847886e-01
2.014687500000e+01 4.242733566201e-03 1.055048762286e-01
2.015000000000e+01 4.237828124502e-03 1.053648493414e-01
2.015312500000e+01 4.232777161514e-03 1.052208675454e-01
2.015625000000e+01 4.227583040419e-03 1.050729953136e-01
2.015937500000e+01 4.222248162037e-03 1.049212981075e-01
2.016250000000e+01 4.216774962384e-03 1.047658423111e-01
2.016562500000e+01 4.211165910177e-03 1.046066951651e-01
2.016875000000e+01 4.205423504368e-03 1.044439247012e-01
2.017187500000e+01 4.199550271702e-03 1.042775996769e-01
2.017500000000e+01 4.193548764254e-03 1.041077895104e-01
2.017812500000e+01 4.187421557044e-03 1.039345642168e-01
2.018125000000e+01 4.181171245620e-03 1.037579943443e-01
2.018437500000e+01 4.174800443702e-03 1.035781509115e-01
2.018750000000e+01 4.168311780849e-03 1.033951053449e-01
2.019062500000e+01 4.161707900143e-03 1.032089294186e-01
2.019375000000e+01 4.154991455945e-03 1.030196951937e-01
2.019687500000e+01 4.148165111659e-03 1.028274749593e-01
2.020000000000e+01 4.141231537546e-03 1.026323411748e-01
2.020312500000e+01 4.134193408615e-03 1.024343664131e-01
2.020625000000e+01 4.127053402464e-03 1.022336233054e-01
2.020937500000e+01 4.119814197328e-03 1.020301844867e-01
2.021250000000e+01 4.112478470021e-03 1.018241225433e-01
2.021562500000e+01 4.105048894024e-03 1.016155099616e-01
2.021875000000e+01 4.097528137603e-03 1.014044190779e-01
2.022187500000e+01 4.089918861960e-03 1.011909220300e-01
2.022500000000e+01 4.082223719488e-03 1.009750907106e-01
2.022812500000e+01 4.074445352039e-03 1.007569967217e-01
2.023125000000e+01 4.066586389277e-03 1.005367113308e-01
2.023437500000e+01 4.058649447077e-03 1.003143054289e-01
2.023750000000e+01 4.050637125981e-03 1.000898494895e-01
2.024062500000e+01 4.042552009742e-03 9.986341352985e-02
2.024375000000e+01 4.034396663892e-03 9.963506707344e-02
2.024687500000e+01 4.026173634390e-03 9.940487911423e-02
2.025000000000e+01 4.017885446345e-03 9.917291808243e-02
2.025312500000e+01 4.009534602732e-03 9.893925181192e-02
2.025625000000e+01 4.001123583291e-03 9.870394750928e-02
2.025937500000e+01 3.992654843356e-03 9.846707172435e-02
2.026250000000e+01 3.984130812824e-03 9.822869032247e-02
2.026562500000e+01 3.975553895164e-03 9.798886845821e-02
2.026875000000e+01 3.966926466459e-03 9.774767055060e-02
2.027187500000e+01 3.958250874551e-03 9.750516026005e-02
2.027500000000e+01 3.949529438207e-03 9.726140046654e-02
2.027812500000e+01 3.940764446349e-03 9.701645324953e-02
2.028125000000e+01 3.931958157354e-03 9.677037986911e-02
2.028437500000e+01 3.923112798371e-03 9.652324074869e-02
2.028750000000e+01 3.914230564744e-03 9.627509545907e-02
2.029062500000e+01 3.905313619441e-03 9.602600270384e-02
2.029375000000e+01 3.896364092555e-03 9.577602030611e-02
2.029687500000e+01 3.887384080847e-03 9.552520519659e-02
2.030000000000e+01 3.878375647325e-03 9.527361340286e-02
2.030312500000e+01 3.869340820919e-03 9.502130003991e-02
2.030625000000e+01 3.860281596127e-03 9.476831930185e-02
2.030937500000e+01 3.851199932759e-03 9.451472445482e-02
2.031250000000e+01 3.842097755714e-03 9.426056783092e-02
2.031562500000e+01 3.832976954765e-03 9.400590082337e-02
2.031875000000e+01 3.823839384442e-03 9.375077388254e-02
2.032187500000e+01 3.814686863898e-03 9.349523651313e-02
2.032500000000e+01 3.805521176844e-03 9.323933727225e-02
2.032812500000e+01 3.796344071506e-03 9.298312376843e-02
2.033125000000e+01 3.787157260609e-03 9.272664266157e-02
2.033437500000e+01 3.777962421427e-03 9.246993966366e-02
2.033750000000e+01 3.768761195821e-03 9.221305954043e-02
2.034062500000e+01 3.759555190331e-03 9.195604611370e-02
2.034375000000e+01 3.750345976300e-03 9.169894226452e-02
2.034687500000e+01 3.741135089999e-03 9.144178993698e-02
2.035000000000e+01 3.731924032811e-03 9.118463014276e-02
2.035312500000e+01 3.722714271425e-03 9.092750296625e-02
2.035625000000e+01 3.713507238037e-03 9.067044757035e-02
2.035937500000e+01 3.704304330601e-03 9.041350220278e-02
2.036250000000e+01 3.695106913073e-03 9.015670420299e-02
2.036562500000e+01 3.685916315705e-03 8.990009000951e-02
2.036875000000e+01 3.676733835331e-03 8.964369516790e-02
2.037187500000e+01 3.667560735680e-03 8.938755433899e-02
2.037500000000e+01 3.658398247713e-03 8.913170130767e-02
2.037812500000e+01 3.649247569944e-03 8.887616899201e-02
2.038125000000e+01 3.640109868828e-03 8.862098945277e-02
2.038437500000e+01 3.630986279109e-03 8.836619390322e-02
2.038750000000e+01 3.621877904210e-03 8.811181271931e-02
2.039062500000e+01 3.612785816628e-03 8.785787545008e-02
2.039375000000e+01 3.603711058323e-03 8.760441082833e-02
2.039687500000e+01 3.594654641147e-03 8.735144678161e-02
2.040000000000e+01 3.585617547261e-03 8.709901044330e-02
2.040312500000e+01 3.576600729549e-03 8.684712816400e-02
2.040625000000e+01 3.567605112065e-03 8.659582552299e-02
2.040937500000e+01 3.558631590460e-03 8.634512733991e-02
2.041250000000e+01 3.549681032441e-03 8.609505768655e-02
2.041562500000e+01 3.540754278211e-03 8.584563989874e-02
2.041875000000e+01 3.531852140920e-03 8.559689658838e-02
2.042187500000e+01 3.522975407127e-03 8.534884965545e-02
2.042500000000e+01 3.514124837245e-03 8.510152030023e-02
2.042812500000e+01 3.505301166016e-03 8.485492903542e-02
2.043125000000e+01 3.496505102961e-03 8.460909569836e-02
2.043437500000e+01 3.487737332845e-03 8.436403946332e-02
2.043750000000e+01 3.478998516142e-03 8.411977885365e-02
2.044062500000e+01 3.470289289481e-03 8.387633175407e-02
2.044375000000e+01 3.461610266122e-03 8.363371542288e-02
2.044687500000e+01 3.452962036419e-03 8.339194650407e-02
2.045000000000e+01 3.444345168257e-03 8.315104103953e-02
2.045312500000e+01 3.435760207528e-03 8.291101448108e-02
2.045625000000e+01 3.427207678563e-03 8.267188170251e-02
2.045937500000e+01 3.418688084607e-03 8.243365701152e-02
2.046250000000e+01 3.410201908249e-03 8.219635416157e-02
2.046562500000e+01 3.401749611873e-03 8.195998636370e-02
2.046875000000e+01 3.393331638100e-03 8.172456629818e-02
2.047187500000e+01 3.384948410211e-03 8.149010612610e-02
2.047500000000e+01 3.376600332602e-03 8.125661750086e-02
2.047812500000e+01 3.368287791197e-03 8.102411157952e-02
2.048125000000e+01 3.360011153876e-03 8.079259903405e-02
2.048437500000e+01 3.351770770897e-03 8.056209006246e-02
2.048750000000e+01 3.343566975298e-03 8.033259439975e-02
2.049062500000e+01 3.335400083323e-03 8.010412132884e-02
2.049375000000e+01 3.327270394824e-03 7.987667969122e-02
2.049687500000e+01 3.319178193648e-03 7.965027789759e-02
2.050000000000e+01 3.311123748040e-03 7.942492393827e-02
2.050312500000e+01 3.303107311022e-03 7.920062539352e-02
2.050625000000e+01 3.295129120791e-03 7.897738944365e-02
2.050937500000e+01 3.287189401083e-03 7.875522287906e-02
2.051250000000e+01 3.279288361546e-03 7.853413211007e-02
2.051562500000e+01 3.271426198113e-03 7.831412317661e-02
2.051875000000e+01 3.263603093343e-03 7.809520175777e-02
2.052187500000e+01 3.255819216798e-03 7.787737318116e-02
2.052500000000e+01 3.248074725375e-03 7.766064243217e-02
2.052812500000e+01 3.240369763650e-03 7.744501416304e-02
2.053125000000e+01 3.232704464223e-03 7.723049270173e-02
2.053437500000e+01 3.225078948024e-03 7.701708206072e-02
2.053750000000e+01 3.217493324668e-03 7.680478594560e-02
2.054062500000e+01 3.209947692748e-03 7.659360776352e-02
2.054375000000e+01 3.202442140164e-03 7.638355063142e-02
2.054687500000e+01 3.194976744418e-03 7.617461738425e-02
2.055000000000e+01 3.187551572908e-03 7.596681058287e-02
2.055312500000e+01 3.180166683242e-03 7.576013252188e-02
2.055625000000e+01 3.172822123511e-03 7.555458523732e-02
2.055937500000e+01 3.165517932575e-03 7.535017051415e-02
2.056250000000e+01 3.158254140345e-03 7.514688989359e-02
2.056562500000e+01 3.151030768037e-03 7.494474468039e-02
2.056875000000e+01 3.143847828461e-03 7.474373594982e-02
2.057187500000e+01 3.136705326266e-03 7.454386455463e-02
2.057500000000e+01 3.129603258196e-03 7.434513113179e-02
2.057812500000e+01 3.122541613343e-03 7.414753610912e-02
2.058125000000e+01 3.115520373377e-03 7.395107971174e-02
2.058437500000e+01 3.108539512806e-03 7.375576196845e-02
2.058750000000e+01 3.101598999186e-03 7.356158271789e-02
2.059062500000e+01 3.094698793371e-03 7.336854161459e-02
2.059375000000e+01 3.087838849713e-03 7.317663813492e-02
2.059687500000e+01 3.081019116287e-03 7.298587158285e-02
2.060000000000e+01 3.074239535110e-03 7.279624109561e-02
2.060312500000e+01 3.067500042342e-03 7.260774564921e-02
2.060625000000e+01 3.060800568485e-03 7.242038406384e-02
2.060937500000e+01 3.054141038592e-03 7.223415500913e-02
2.061250000000e+01 3.047521372440e-03 7.204905700928e-02
2.061562500000e+01 3.040941484738e-03 7.186508844810e-02
2.061875000000e+01 3.034401285300e-03 7.168224757389e-02
2.062187500000e+01 3.027900679226e-03 7.150053250424e-02
2.062500000000e+01 3.021439567078e-03 7.131994123067e-02
2.062812500000e+01 3.015017845042e-03 7.114047162317e-02
2.063125000000e+01 3.008635405106e-03 7.096212143469e-02
2.063437500000e+01 3.002292135212e-03 7.078488830538e-02
2.063750000000e+01 2.995987919427e-03 7.060876976689e-02
2.064062500000e+01 2.989722638079e-03 7.043376324640e-02
2.064375000000e+01 2.983496167909e-03 7.025986607071e-02
2.064687500000e+01 2.977308382233e-03 7.008707547007e-02
2.065000000000e+01 2.971159151068e-03 6.991538858200e-02
2.065312500000e+01 2.965048341277e-03 6.974480245503e-02
2.065625000000e+01 2.958975816703e-03 6.957531405225e-02
2.065937500000e+01 2.952941438290e-03 6.940692025487e-02
2.066250000000e+01 2.946945064228e-03 6.923961786561e-02
2.066562500000e+01 2.940986550065e-03 6.907340361204e-02
2.066875000000e+01 2.935065748832e-03 6.890827414981e-02
2.067187500000e+01 2.929182511159e-03 6.874422606582e-02
2.067500000000e+01 2.923336685380e-03 6.858125588127e-02
2.067812500000e+01 2.917528117665e-03 6.841936005464e-02
2.068125000000e+01 2.911756652107e-03 6.825853498463e-02
2.068437500000e+01 2.906022130843e-03 6.809877701292e-02
2.068750000000e+01 2.900324394144e-03 6.794008242698e-02
2.069062500000e+01 2.894663280514e-03 6.778244746269e-02
2.069375000000e+01 2.889038626796e-03 6.762586830694e-02
2.069687500000e+01 2.883450268258e-03 6.747034110020e-02
2.070000000000e+01 2.877898038685e-03 6.731586193888e-02
2.070312500000e+01 2.872381770473e-03 6.716242687781e-02
2.070625000000e+01 2.866901294695e-03 6.701003193247e-02
2.070937500000e+01 2.861456441213e-03 6.685867308127e-02
2.071250000000e+01 2.856047038736e-03 6.670834626776e-02
2.071562500000e+01 2.850672914906e-03 6.655904740267e-02
2.071875000000e+01 2.845333896380e-03 6.641077236604e-02
2.072187500000e+01 2.840029808884e-03 6.626351700918e-02
2.072500000000e+01 2.834760477308e-03 6.611727715663e-02
2.072812500000e+01 2.829525725762e-03 6.597204860798e-02
2.073125000000e+01 2.824325377642e-03 6.582782713977e-02
2.073437500000e+01 2.819159255710e-03 6.568460850721e-02
2.073750000000e+01 2.814027182127e-03 6.554238844590e-02
2.074062500000e+01 2.808928978546e-03 6.540116267351e-02
2.074375000000e+01 2.803864466153e-03 6.526092689137e-02
2.074687500000e+01 2.798833465729e-03 6.512167678606e-02
2.075000000000e+01 2.793835797708e-03 6.498340803087e-02
2.075312500000e+01 2.788871282219e-03 6.484611628735e-02
2.075625000000e+01 2.783939739155e-03 6.470979720664e-02
2.075937500000e+01 2.779040988212e-03 6.457444643091e-02
2.076250000000e+01 2.774174848939e-03 6.444005959468e-02
2.076562500000e+01 2.769341140789e-03 6.430663232609e-02
2.076875000000e+01 2.764539683155e-03 6.417416024817e-02
2.077187500000e+01 2.759770295428e-03 6.404263898003e-02
2.077500000000e+01 2.755032797029e-03 6.391206413804e-02
2.077812500000e+01 2.750327007448e-03 6.378243133698e-02
2.078125000000e+01 2.745652746300e-03 6.365373619109e-02
2.078437500000e+01 2.741009833339e-03 6.352597431517e-02
2.078750000000e+01 2.736398088513e-03 6.339914132557e-02
2.079062500000e+01 2.731817331994e-03 6.327323284120e-02
2.079375000000e+01 2.727267384211e-03 6.314824448449e-02
2.079687500000e+01 2.722748065888e-03 6.302417188227e-02
2.080000000000e+01 2.718259198064e-03 6.290101066672e-02
2.080312500000e+01 2.713800602140e-03 6.277875647618e-02
2.080625000000e+01 2.709372099897e-03 6.265740495602e-02
2.080937500000e+01 2.704973513530e-03 6.253695175940e-02
2.081250000000e+01 2.700604665675e-03 6.241739254807e-02
2.081562500000e+01 2.696265379427e-03 6.229872299311e-02
2.081875000000e+01 2.691955478378e-03 6.218093877565e-02
2.082187500000e+01 2.687674786638e-03 6.206403558754e-02
2.082500000000e+01 2.683423128850e-03 6.194800913205e-02
2.082812500000e+01 2.679200330233e-03 6.183285512450e-02
2.083125000000e+01 2.675006216565e-03 6.171856929285e-02
2.083437500000e+01 2.670840614252e-03 6.160514737834e-02
2.083750000000e+01 2.666703350314e-03 6.149258513604e-02
2.084062500000e+01 2.662594252416e-03 6.138087833537e-02
2.084375000000e+01 2.658513148888e-03 6.127002276071e-02
2.084687500000e+01 2.654459868732e-03 6.116001421180e-02
2.085000000000e+01 2.650434241655e-03 6.105084850433e-02
2.085312500000e+01 2.646436098072e-03 6.094252147034e-02
2.085625000000e+01 2.642465269126e-03 6.083502895870e-02
2.085937500000e+01 2.638521586708e-03 6.072836683551e-02
2.086250000000e+01 2.634604883455e-03 6.062253098458e-02
2.086562500000e+01 2.630714992782e-03 6.051751730772e-02
2.086875000000e+01 2.626851748885e-03 6.041332172524e-02
2.087187500000e+01 2.623014986752e-03 6.030994017620e-02
2.087500000000e+01 2.619204542190e-03 6.020736861884e-02
2.087812500000e+01 2.615420251799e-03 6.010560303085e-02
2.088125000000e+01 2.611661953028e-03 6.000463940973e-02
2.088437500000e+01 2.607929484157e-03 5.990447377307e-02
2.088750000000e+01 2.604222684311e-03 5.980510215884e-02
2.089062500000e+01 2.600541393475e-03 5.970652062565e-02
2.089375000000e+01 2.596885452490e-03 5.960872525305e-02
2.089687500000e+01 2.593254703077e-03 5.951171214172e-02
2.090000000000e+01 2.589648987834e-03 5.941547741376e-02
2.090312500000e+01 2.586068150244e-03 5.932001721286e-02
2.090625000000e+01 2.582512034687e-03 5.922532770457e-02
2.090937500000e+01 2.578980486432e-03 5.913140507643e-02
2.091250000000e+01 2.575473351664e-03 5.903824553823e-02
2.091562500000e+01 2.571990477472e-03 5.894584532213e-02
2.091875000000e+01 2.568531711861e-03 5.885420068286e-02
2.092187500000e+01 2.565096903758e-03 5.876330789786e-02
2.092500000000e+01 2.561685903003e-03 5.867316326745e-02
2.092812500000e+01 2.558298560379e-03 5.858376311492e-02
2.093125000000e+01 2.554934727590e-03 5.849510378673e-02
2.093437500000e+01 2.551594257276e-03 5.840718165256e-02
2.093750000000e+01 2.548277003016e-03 5.831999310549e-02
2.094062500000e+01 2.544982819324e-03 5.823353456203e-02
2.094375000000e+01 2.541711561659e-03 5.814780246228e-02
2.094687500000e+01 2.538463086424e-03 5.806279326996e-02
2.095000000000e+01 2.535237250967e-03 5.797850347256e-02
2.095312500000e+01 2.532033913586e-03 5.789492958135e-02
2.095625000000e+01 2.528852933518e-03 5.781206813147e-02
2.095937500000e+01 2.525694170958e-03 5.772991568199e-02
2.096250000000e+01 2.522557487049e-03 5.764846881597e-02
2.096562500000e+01 2.519442743884e-03 5.756772414049e-02
2.096875000000e+01 2.516349804508e-03 5.748767828671e-02
2.097187500000e+01 2.513278532908e-03 5.740832790988e-02
2.097500000000e+01 2.510228794035e-03 5.732966968939e-02
2.097812500000e+01 2.507200453782e-03 5.725170032879e-02
2.098125000000e+01 2.504193378994e-03 5.717441655580e-02
2.098437500000e+01 2.501207437467e-03 5.709781512232e-02
2.098750000000e+01 2.498242497936e-03 5.702189280446e-02
2.099062500000e+01 2.495298430095e-03 5.694664640253e-02
2.099375000000e+01 2.492375104576e-03 5.687207274101e-02
2.099687500000e+01 2.489472392960e-03 5.679816866860e-02
2.100000000000e+01 2.486590167771e-03 5.672493105818e-02
2.100312500000e+01 2.483728302466e-03 5.665235680679e-02
2.100625000000e+01 2.480886671452e-03 5.658044283562e-02
2.100937500000e+01 2.478065150068e-03 5.650918609000e-02
2.101250000000e+01 2.475263614589e-03 5.643858353935e-02
2.101562500000e+01 2.472481942227e-03 5.636863217718e-02
2.101875000000e+01 2.469720011117e-03 5.629932902102e-02
2.102187500000e+01 2.466977700327e-03 5.623067111245e-02
2.102500000000e+01 2.464254889855e-03 5.616265551697e-02
2.102812500000e+01 2.461551460616e-03 5.609527932404e-02
2.103125000000e+01 2.458867294451e-03 5.602853964700e-02
2.103437500000e+01 2.456202274110e-03 5.596243362301e-02
2.103750000000e+01 2.453556283266e-03 5.589695841303e-02
2.104062500000e+01 2.450929206500e-03 5.583211120176e-02
2.104375000000e+01 2.448320929304e-03 5.576788919758e-02
2.104687500000e+01 2.445731338075e-03 5.570428963247e-02
2.105000000000e+01 2.443160320108e-03 5.564130976200e-02
2.105312500000e+01 2.440607763600e-03 5.557894686524e-02
2.105625000000e+01 2.438073557646e-03 5.551719824469e-02
2.105937500000e+01 2.435557592229e-03 5.545606122622e-02
2.106250000000e+01 2.433059758226e-03 5.539553315904e-02
2.106562500000e+01 2.430579947389e-03 5.533561141556e-02
2.106875000000e+01 2.428118052358e-03 5.527629339138e-02
2.107187500000e+01 2.425673966653e-03 5.521757650519e-02
2.107500000000e+01 2.423247584665e-03 5.515945819870e-02
2.107812500000e+01 2.420838801656e-03 5.510193593659e-02
2.108125000000e+01 2.418447513748e-03 5.504500720638e-02
2.108437500000e+01 2.416073617933e-03 5.498866951841e-02
2.108750000000e+01 2.413717012060e-03 5.493292040572e-02
2.109062500000e+01 2.411377594832e-03 5.487775742400e-02
2.109375000000e+01 2.409055265804e-03 5.482317815147e-02
2.109687500000e+01 2.406749925371e-03 5.476918018886e-02
2.110000000000e+01 2.404461474779e-03 5.471576115925e-02
2.110312500000e+01 2.402189816109e-03 5.466291870805e-02
2.110625000000e+01 2.399934852276e-03 5.461065050290e-02
2.110937500000e+01 2.397696487028e-03 5.455895423354e-02
2.111250000000e+01 2.395474624934e-03 5.450782761181e-02
2.111562500000e+01 2.393269171388e-03 5.445726837146e-02
2.111875000000e+01 2.391080032606e-03 5.440727426814e-02
2.112187500000e+01 2.388907115613e-03 5.435784307931e-02
2.112500000000e+01 2.386750328247e-03 5.430897260408e-02
2.112812500000e+01 2.384609579144e-03 5.426066066321e-02
2.113125000000e+01 2.382484777750e-03 5.421290509896e-02
2.113437500000e+01 2.380375834303e-03 5.416570377503e-02
2.113750000000e+01 2.378282659837e-03 5.411905457644e-02
2.114062500000e+01 2.376205166175e-03 5.407295540949e-02
2.114375000000e+01 2.374143265916e-03 5.402740420161e-02
2.114687500000e+01 2.372096872451e-03 5.398239890131e-02
2.115000000000e+01 2.370065899939e-03 5.393793747807e-02
2.115312500000e+01 2.368050263315e-03 5.389401792227e-02
2.115625000000e+01 2.366049878281e-03 5.385063824506e-02
2.115937500000e+01 2.364064661296e-03 5.380779647830e-02
2.116250000000e+01 2.362094529585e-03 5.376549067446e-02
2.116562500000e+01 2.360139401128e-03 5.372371890653e-02
2.116875000000e+01 2.358199194654e-03 5.368247926793e-02
2.117187500000e+01 2.356273829640e-03 5.364176987239e-02
2.117500000000e+01 2.354363226297e-03 5.360158885390e-02
2.117812500000e+01 2.352467305584e-03 5.356193436659e-02
2.118125000000e+01 2.350585989192e-03 5.352280458467e-02
2.118437500000e+01 2.348719199539e-03 5.348419770229e-02
2.118750000000e+01 2.346866859771e-03 5.344611193348e-02
2.119062500000e+01 2.345028893753e-03 5.340854551207e-02
2.119375000000e+01 2.343205226070e-03 5.337149669157e-02
2.119687500000e+01 2.341395782018e-03 5.333496374508e-02
2.120000000000e+01 2.339600487606e-03 5.329894496524e-02
2.120312500000e+01 2.337819269547e-03 5.326343866409e-02
2.120625000000e+01 2.336052055249e-03 5.322844317300e-02
2.120937500000e+01 2.334298772825e-03 5.319395684259e-02
2.121250000000e+01 2.332559351076e-03 5.315997804263e-02
2.121562500000e+01 2.330833719498e-03 5.312650516195e-02
2.121875000000e+01 2.329121808269e-03 5.309353660836e-02
2.122187500000e+01 2.327423548243e-03 5.306107080853e-02
2.122500000000e+01 2.325738870957e-03 5.302910620796e-02
2.122812500000e+01 2.324067708621e-03 5.299764127083e-02
2.123125000000e+01 2.322409994113e-03 5.296667447996e-02
2.123437500000e+01 2.320765660980e-03 5.293620433669e-02
2.123750000000e+01 2.319134643422e-03 5.290622936083e-02
2.124062500000e+01 2.317516876305e-03 5.287674809052e-02
2.124375000000e+01 2.315912295148e-03 5.284775908220e-02
2.124687500000e+01 2.314320836117e-03 5.281926091048e-02
2.125000000000e+01 2.312742436029e-03 5.279125216809e-02
2.125312500000e+01 2.311177032337e-03 5.276373146579e-02
2.125625000000e+01 2.309624563139e-03 5.273669743224e-02
2.125937500000e+01 2.308084967166e-03 5.271014871398e-02
2.126250000000e+01 2.306558183783e-03 5.268408397533e-02
2.126562500000e+01 2.305044152982e-03 5.265850189827e-02
2.126875000000e+01 2.303542815375e-03 5.263340118240e-02
2.127187500000e+01 2.302054112201e-03 5.260878054483e-02
2.127500000000e+01 2.300577985313e-03 5.258463872015e-02
2.127812500000e+01 2.299114377179e-03 5.256097446027e-02
2.128125000000e+01 2.297663230880e-03 5.253778653439e-02
2.128437500000e+01 2.296224490095e-03 5.251507372894e-02
2.128750000000e+01 2.294798099116e-03 5.249283484744e-02
2.129062500000e+01 2.293384002829e-03 5.247106871048e-02
2.129375000000e+01 2.291982146720e-03 5.244977415561e-02
2.129687500000e+01 2.290592476868e-03 5.242895003725e-02
2.130000000000e+01 2.289214939937e-03 5.240859522667e-02
2.130312500000e+01 2.287849483182e-03 5.238870861184e-02
2.130625000000e+01 2.286496054439e-03 5.236928909743e-02
2.130937500000e+01 2.285154602128e-03 5.235033560466e-02
2.131250000000e+01 2.283825075244e-03 5.233184707128e-02
2.131562500000e+01 2.282507423348e-03 5.231382245147e-02
2.131875000000e+01 2.281201596582e-03 5.229626071578e-02
2.132187500000e+01 2.279907545648e-03 5.227916085106e-02
2.132500000000e+01 2.278625221817e-03 5.226252186036e-02
2.132812500000e+01 2.277354576919e-03 5.224634276288e-02
2.133125000000e+01 2.276095563338e-03 5.223062259390e-02
2.133437500000e+01 2.274848134016e-03 5.221536040470e-02
2.133750000000e+01 2.273612242450e-03 5.220055526252e-02
2.134062500000e+01 2.272387842681e-03 5.218620625042e-02
2.134375000000e+01 2.271174889300e-03 5.217231246730e-02
2.134687500000e+01 2.269973337433e-03 5.215887302775e-02
2.135000000000e+01 2.268783142756e-03 5.214588706204e-02
2.135312500000e+01 2.267604261473e-03 5.213335371603e-02
2.135625000000e+01 2.266436650333e-03 5.212127215111e-02
2.135937500000e+01 2.265280266609e-03 5.210964154412e-02
2.136250000000e+01 2.264135068100e-03 5.209846108728e-02
2.136562500000e+01 2.263001013138e-03 5.208772998817e-02
2.136875000000e+01 2.261878060574e-03 5.207744746961e-02
2.137187500000e+01 2.260766169781e-03 5.206761276963e-02
2.137500000000e+01 2.259665300652e-03 5.205822514138e-02
2.137812500000e+01 2.258575413588e-03 5.204928385310e-02
2.138125000000e+01 2.257496469509e-03 5.204078818803e-02
2.138437500000e+01 2.256428429843e-03 5.203273744435e-02
2.138750000000e+01 2.255371256526e-03 5.202513093515e-02
2.139062500000e+01 2.254324912000e-03 5.201796798832e-02
2.139375000000e+01 2.253289359203e-03 5.201124794652e-02
2.139687500000e+01 2.252264561579e-03 5.200497016713e-02
2.140000000000e+01 2.251250483069e-03 5.199913402216e-02
2.140312500000e+01 2.250247088105e-03 5.199373889820e-02
2.140625000000e+01 2.249254341619e-03 5.198878419638e-02
2.140937500000e+01 2.248272209024e-03 5.198426933231e-02
2.141250000000e+01 2.247300656226e-03 5.198019373598e-02
2.141562500000e+01 2.246339649616e-03 5.197655685175e-02
2.141875000000e+01 2.245389156067e-03 5.197335813830e-02
2.142187500000e+01 2.244449142936e-03 5.197059706850e-02
2.142500000000e+01 2.243519578052e-03 5.196827312947e-02
2.142812500000e+01 2.242600429726e-03 5.196638582240e-02
2.143125000000e+01 2.241691666742e-03 5.196493466261e-02
2.143437500000e+01 2.240793258356e-03 5.196391917939e-02
2.143750000000e+01 2.239905174296e-03 5.196333891604e-02
2.144062500000e+01 2.239027384751e-03 5.196319342975e-02
2.144375000000e+01 2.238159860381e-03 5.196348229158e-02
2.144687500000e+01 2.237302572311e-03 5.196420508640e-02
2.145000000000e+01 2.236455492121e-03 5.196536141282e-02
2.145312500000e+01 2.235618591864e-03 5.196695088318e-02
2.145625000000e+01 2.234791844028e-03 5.196897312346e-02
2.145937500000e+01 2.233975221579e-03 5.197142777323e-02
2.146250000000e+01 2.233168697925e-03 5.197431448563e-02
2.146562500000e+01 2.232372246928e-03 5.197763292729e-02
2.146875000000e+01 2.231585842903e-03 5.198138277830e-02
2.147187500000e+01 2.230809460603e-03 5.198556373212e-02
2.147500000000e+01 2.230043075238e-03 5.199017549561e-02
2.147812500000e+01 2.229286662457e-03 5.199521778890e-02
2.148125000000e+01 2.228540198353e-03 5.200069034537e-02
2.148437500000e+01 2.227803659462e-03 5.200659291163e-02
2.148750000000e+01 2.227077022749e-03 5.201292524743e-02
2.149062500000e+01 2.226360265626e-03 5.201968712562e-02
2.149375000000e+01 2.225653365939e-03 5.202687833214e-02
2.149687500000e+01 2.224956301963e-03 5.203449866593e-02
2.150000000000e+01 2.224269052415e-03 5.204254793889e-02
2.150312500000e+01 2.223591596424e-03 5.205102597585e-02
2.150625000000e+01 2.222923913568e-03 5.205993261451e-02
2.150937500000e+01 2.222265983839e-03 5.206926770541e-02
2.151250000000e+01 2.221617787661e-03 5.207903111186e-02
2.151562500000e+01 2.220979305881e-03 5.208922270992e-02
2.151875000000e+01 2.220350519762e-03 5.209984238832e-02
2.152187500000e+01 2.219731410996e-03 5.211089004846e-02
2.152500000000e+01 2.219121961691e-03 5.212236560432e-02
2.152812500000e+01 2.218522154372e-03 5.213426898245e-02
2.153125000000e+01 2.217931971985e-03 5.214660012191e-02
2.153437500000e+01 2.217351397883e-03 5.215935897421e-02
2.153750000000e+01 2.216780415838e-03 5.217254550331e-02
2.154062500000e+01 2.216219010034e-03 5.218615968552e-02
2.154375000000e+01 2.215667165062e-03 5.220020150949e-02
2.154687500000e+01 2.215124865933e-03 5.221467097617e-02
2.155000000000e+01 2.214592098046e-03 5.222956809875e-02
2.155312500000e+01 2.214068847227e-03 5.224489290261e-02
2.155625000000e+01 2.213555099695e-03 5.226064542530e-02
2.155937500000e+01 2.213050842079e-03 5.227682571647e-02
2.156250000000e+01 2.212556061408e-03 5.229343383784e-02
2.156562500000e+01 2.212070745110e-03 5.231046986316e-02
2.156875000000e+01 2.211594881018e-03 5.232793387816e-02
2.157187500000e+01 2.211128457361e-03 5.234582598051e-02
2.157500000000e+01 2.210671462767e-03 5.236414627976e-02
2.157812500000e+01 2.210223886261e-03 5.238289489732e-02
2.158125000000e+01 2.209785717258e-03 5.240207196639e-02
2.158437500000e+01 2.209356945573e-03 5.242167763195e-02
2.158750000000e+01 2.208937561411e-03 5.244171205068e-02
2.159062500000e+01 2.208527555372e-03 5.246217539094e-02
2.159375000000e+01 2.208126918443e-03 5.248306783272e-02
2.159687500000e+01 2.207735641998e-03 5.250438956757e-02
2.160000000000e+01 2.207353717807e-03 5.252614079861e-02
2.160312500000e+01 2.206981138021e-03 5.254832174043e-02
2.160625000000e+01 2.206617895179e-03 5.257093261908e-02
2.160937500000e+01 2.206263982209e-03 5.259397367200e-02
2.161250000000e+01 2.205919392412e-03 5.261744514799e-02
2.161562500000e+01 2.205584119482e-03 5.264134730718e-02
2.161875000000e+01 2.205258157492e-03 5.266568042093e-02
2.162187500000e+01 2.204941500895e-03 5.269044477186e-02
2.162500000000e+01 2.204634144526e-03 5.271564065371e-02
2.162812500000e+01 2.204336083593e-03 5.274126837140e-02
2.163125000000e+01 2.204047313687e-03 5.276732824089e-02
2.163437500000e+01 2.203767830775e-03 5.279382058918e-02
2.163750000000e+01 2.203497631198e-03 5.282074575426e-02
2.164062500000e+01 2.203236711675e-03 5.284810408505e-02
2.164375000000e+01 2.202985069291e-03 5.287589594133e-02
2.164687500000e+01 2.202742701511e-03 5.290412169376e-02
2.165000000000e+01 2.202509606173e-03 5.293278172375e-02
2.165312500000e+01 2.202285781479e-03 5.296187642346e-02
2.165625000000e+01 2.202071226009e-03 5.299140619573e-02
2.165937500000e+01 2.201865938701e-03 5.302137145404e-02
2.166250000000e+01 2.201669918871e-03 5.305177262244e-02
2.166562500000e+01 2.201483166196e-03 5.308261013551e-02
2.166875000000e+01 2.201305680724e-03 5.311388443832e-02
2.167187500000e+01 2.201137462865e-03 5.314559598635e-02
2.167500000000e+01 2.200978513390e-03 5.317774524545e-02
2.167812500000e+01 2.200828833439e-03 5.321033269177e-02
2.168125000000e+01 2.200688424513e-03 5.324335881175e-02
2.168437500000e+01 2.200557288471e-03 5.327682410200e-02
2.168750000000e+01 2.200435427538e-03 5.331072906929e-02
2.169062500000e+01 2.200322844292e-03 5.334507423046e-02
2.169375000000e+01 2.200219541672e-03 5.337986011239e-02
2.169687500000e+01 2.200125522979e-03 5.341508725192e-02
2.170000000000e+01 2.200040791866e-03 5.345075619581e-02
2.170312500000e+01 2.199965352344e-03 5.348686750065e-02
2.170625000000e+01 2.199899208774e-03 5.352342173281e-02
2.170937500000e+01 2.199842365876e-03 5.356041946838e-02
2.171250000000e+01 2.199794828722e-03 5.359786129314e-02
2.171562500000e+01 2.199756602734e-03 5.363574780240e-02
2.171875000000e+01 2.199727693689e-03 5.367407960104e-02
2.172187500000e+01 2.199708107708e-03 5.371285730338e-02
2.172500000000e+01 2.199697851264e-03 5.375208153313e-02
2.172812500000e+01 2.199696931180e-03 5.379175292330e-02
2.173125000000e+01 2.199705354623e-03 5.383187211618e-02
2.173437500000e+01 2.199723129109e-03 5.387243976322e-02
2.173750000000e+01 2.199750262494e-03 5.391345652494e-02
2.174062500000e+01 2.199786762982e-03 5.395492307095e-02
2.174375000000e+01 2.199832639120e-03 5.399684007975e-02
2.174687500000e+01 2.199887899796e-03 5.403920823874e-02
2.175000000000e+01 2.199952554241e-03 5.408202824412e-02
2.175312500000e+01 2.200026612018e-03 5.412530080080e-02
2.175625000000e+01 2.200110083038e-03 5.416902662230e-02
2.175937500000e+01 2.200202977543e-03 5.421320643073e-02
2.176250000000e+01 2.200305306115e-03 5.425784095663e-02
2.176562500000e+01 2.200417079673e-03 5.430293093892e-02
2.176875000000e+01 2.200538309462e-03 5.434847712484e-02
2.177187500000e+01 2.200669007068e-03 5.439448026980e-02
2.177500000000e+01 2.200809184406e-03 5.444094113733e-02
2.177812500000e+01 2.200958853720e-03 5.448786049897e-02
2.178125000000e+01 2.201118027588e-03 5.453523913418e-02
2.178437500000e+01 2.201286718908e-03 5.458307783026e-02
2.178750000000e+01 2.201464940908e-03 5.463137738221e-02
2.179062500000e+01 2.201652707148e-03 5.468013859268e-02
2.179375000000e+01 2.201850031504e-03 5.472936227181e-02
2.179687500000e+01 2.202056928179e-03 5.477904923719e-02
2.180000000000e+01 2.202273411691e-03 5.482920031369e-02
2.180312500000e+01 2.202499496884e-03 5.487981633339e-02
2.180625000000e+01 2.202735198918e-03 5.493089813547e-02
2.180937500000e+01 2.202980533271e-03 5.498244656608e-02
2.181250000000e+01 2.203235515738e-03 5.503446247822e-02
2.181562500000e+01 2.203500162420e-03 5.508694673163e-02
2.181875000000e+01 2.203774489738e-03 5.513990019268e-02
2.182187500000e+01 2.204058514421e-03 5.519332373425e-02
2.182500000000e+01 2.204352253505e-03 5.524721823555e-02
2.182812500000e+01 2.204655724340e-03 5.530158458208e-02
2.183125000000e+01 2.204968944569e-03 5.535642366543e-02
2.183437500000e+01 2.205291932150e-03 5.541173638316e-02
2.183750000000e+01 2.205624705336e-03 5.546752363870e-02
2.184062500000e+01 2.205967282685e-03 5.552378634115e-02
2.184375000000e+01 2.206319683053e-03 5.558052540519e-02
2.184687500000e+01 2.206681925583e-03 5.563774175093e-02
2.185000000000e+01 2.207054029721e-03 5.569543630371e-02
2.185312500000e+01 2.207436015202e-03 5.575360999403e-02
2.185625000000e+01 2.207827902051e-03 5.581226375732e-02
2.185937500000e+01 2.208229710583e-03 5.587139853383e-02
2.186250000000e+01 2.208641461392e-03 5.593101526845e-02
2.186562500000e+01 2.209063175360e-03 5.599111491056e-02
2.186875000000e+01 2.209494873648e-03 5.605169841383e-02
2.187187500000e+01 2.209936577698e-03 5.611276673611e-02
2.187500000000e+01 2.210388309227e-03 5.617432083917e-02
2.187812500000e+01 2.210850090219e-03 5.623636168861e-02
2.188125000000e+01 2.211321942937e-03 5.629889025361e-02
2.188437500000e+01 2.211803889906e-03 5.636190750678e-02
2.188750000000e+01 2.212295953924e-03 5.642541442397e-02
2.189062500000e+01 2.212798158047e-03 5.648941198406e-02
2.189375000000e+01 2.213310525586e-03 5.655390116876e-02
2.189687500000e+01 2.213833080115e-03 5.661888296243e-02
2.190000000000e+01 2.214365845461e-03 5.668435835188e-02
2.190312500000e+01 2.214908845699e-03 5.675032832611e-02
2.190625000000e+01 2.215462105156e-03 5.681679387614e-02
2.190937500000e+01 2.216025648395e-03 5.688375599479e-02
2.191250000000e+01 2.216599500229e-03 5.695121567642e-02
2.191562500000e+01 2.217183685703e-03 5.701917391677e-02
2.191875000000e+01 2.217778230098e-03 5.708763171264e-02
2.192187500000e+01 2.218383158926e-03 5.715659006171e-02
2.192500000000e+01 2.218998497921e-03 5.722604996231e-02
2.192812500000e+01 2.219624273045e-03 5.729601241311e-02
2.193125000000e+01 2.220260510474e-03 5.736647841292e-02
2.193437500000e+01 2.220907236608e-03 5.743744896042e-02
2.193750000000e+01 2.221564478051e-03 5.750892505389e-02
2.194062500000e+01 2.222232261610e-03 5.758090769094e-02
2.194375000000e+01 2.222910614301e-03 5.765339786825e-02
2.194687500000e+01 2.223599563336e-03 5.772639658127e-02
2.195000000000e+01 2.224299136121e-03 5.779990482396e-02
2.195312500000e+01 2.225009360252e-03 5.787392358847e-02
2.195625000000e+01 2.225730263503e-03 5.794845386486e-02
2.195937500000e+01 2.226461873834e-03 5.802349664082e-02
2.196250000000e+01 2.227204219377e-03 5.809905290130e-02
2.196562500000e+01 2.227957328432e-03 5.817512362826e-02
2.196875000000e+01 2.228721229467e-03 5.825170980029e-02
2.197187500000e+01 2.229495951100e-03 5.832881239236e-02
2.197500000000e+01 2.230281522111e-03 5.840643237538e-02
2.197812500000e+01 2.231077971421e-03 5.848457071595e-02
2.198125000000e+01 2.231885328100e-03 5.856322837599e-02
2.198437500000e+01 2.232703621350e-03 5.864240631234e-02
2.198750000000e+01 2.233532880496e-03 5.872210547645e-02
2.199062500000e+01 2.234373134996e-03 5.880232681399e-02
2.199375000000e+01 2.235224414421e-03 5.888307126448e-02
2.199687500000e+01 2.236086748454e-03 5.896433976090e-02
2.200000000000e+01 2.236960166883e-03 5.904613322930e-02
2.200312500000e+01 2.237844699588e-03 5.912845258841e-02
2.200625000000e+01 2.238740376544e-03 5.921129874921e-02
2.200937500000e+01 2.239647227808e-03 5.929467261456e-02
2.201250000000e+01 2.240565283512e-03 5.937857507872e-02
2.201562500000e+01 2.241494573860e-03 5.946300702697e-02
2.201875000000e+01 2.242435129108e-03 5.954796933514e-02
2.202187500000e+01 2.243386979574e-03 5.963346286917e-02
2.202500000000e+01 2.244350155615e-03 5.971948848468e-02
2.202812500000e+01 2.245324687625e-03 5.980604702645e-02
2.203125000000e+01 2.246310606034e-03 5.989313932800e-02
2.203437500000e+01 2.247307941280e-03 5.998076621109e-02
2.203750000000e+01 2.248316723817e-03 6.006892848522e-02
2.204062500000e+01 2.249336984101e-03 6.015762694712e-02
2.204375000000e+01 2.250368752582e-03 6.024686238029e-02
2.204687500000e+01 2.251412059692e-03 6.033663555441e-02
2.205000000000e+01 2.252466935832e-03 6.042694722488e-02
2.205312500000e+01 2.253533411374e-03 6.051779813221e-02
2.205625000000e+01 2.254611516640e-03 6.060918900155e-02
2.205937500000e+01 2.255701281896e-03 6.070112054206e-02
2.206250000000e+01 2.256802737343e-03 6.079359344639e-02
2.206562500000e+01 2.257915913097e-03 6.088660839006e-02
2.206875000000e+01 2.259040839195e-03 6.098016603093e-02
2.207187500000e+01 2.260177545568e-03 6.107426700851e-02
2.207500000000e+01 2.261326062036e-03 6.116891194344e-02
2.207812500000e+01 2.262486418303e-03 6.126410143681e-02
2.208125000000e+01 2.263658643926e-03 6.135983606954e-02
2.208437500000e+01 2.264842768323e-03 6.145611640175e-02
2.208750000000e+01 2.266038820751e-03 6.155294297208e-02
2.209062500000e+01 2.267246830294e-03 6.165031629704e-02
2.209375000000e+01 2.268466825853e-03 6.174823687033e-02
2.209687500000e+01 2.269698836125e-03 6.184670516214e-02
2.210000000000e+01 2.270942889598e-03 6.194572161843e-02
2.210312500000e+01 2.272199014537e-03 6.204528666025e-02
2.210625000000e+01 2.273467238962e-03 6.214540068302e-02
2.210937500000e+01 2.274747590645e-03 6.224606405571e-02
2.211250000000e+01 2.276040097080e-03 6.234727712020e-02
2.211562500000e+01 2.277344785484e-03 6.244904019042e-02
2.211875000000e+01 2.278661682772e-03 6.255135355162e-02
2.212187500000e+01 2.279990815543e-03 6.265421745956e-02
2.212500000000e+01 2.281332210076e-03 6.275763213973e-02
2.212812500000e+01 2.282685892281e-03 6.286159778649e-02
2.213125000000e+01 2.284051887726e-03 6.296611456228e-02
2.213437500000e+01 2.285430221588e-03 6.307118259675e-02
2.213750000000e+01 2.286820918649e-03 6.317680198591e-02
2.214062500000e+01 2.288224003278e-03 6.328297279125e-02
2.214375000000e+01 2.289639499403e-03 6.338969503886e-02
2.214687500000e+01 2.291067430511e-03 6.349696871853e-02
2.215000000000e+01 2.292507819614e-03 6.360479378284e-02
2.215312500000e+01 2.293960689237e-03 6.371317014620e-02
2.215625000000e+01 2.295426061401e-03 6.382209768394e-02
2.215937500000e+01 2.296903957589e-03 6.393157623136e-02
2.216250000000e+01 2.298394398748e-03 6.404160558271e-02
2.216562500000e+01 2.299897405252e-03 6.415218549022e-02
2.216875000000e+01 2.301412996887e-03 6.426331566314e-02
2.217187500000e+01 2.302941192840e-03 6.437499576666e-02
2.217500000000e+01 2.304482011644e-03 6.448722542090e-02
2.217812500000e+01 2.306035471203e-03 6.460000419988e-02
2.218125000000e+01 2.307601588736e-03 6.471333163042e-02
2.218437500000e+01 2.309180380766e-03 6.482720719109e-02
2.218750000000e+01 2.310771863098e-03 6.494163031111e-02
2.219062500000e+01 2.312376050786e-03 6.505660036921e-02
2.219375000000e+01 2.313992958127e-03 6.517211669256e-02
2.219687500000e+01 2.315622598620e-03 6.528817855556e-02
2.220000000000e+01 2.317264984951e-03 6.540478517873e-02
2.220312500000e+01 2.318920128964e-03 6.552193572752e-02
2.220625000000e+01 2.320588041635e-03 6.563962931112e-02
2.220937500000e+01 2.322268733051e-03 6.575786498126e-02
2.221250000000e+01 2.323962212378e-03 6.587664173098e-02
2.221562500000e+01 2.325668487839e-03 6.599595849338e-02
2.221875000000e+01 2.327387566687e-03 6.611581414040e-02
2.222187500000e+01 2.329119455166e-03 6.623620748152e-02
2.222500000000e+01 2.330864158506e-03 6.635713726248e-02
2.222812500000e+01 2.332621680873e-03 6.647860216399e-02
2.223125000000e+01 2.334392025350e-03 6.660060080039e-02
2.223437500000e+01 2.336175193909e-03 6.672313171835e-02
2.223750000000e+01 2.337971187374e-03 6.684619339547e-02
2.224062500000e+01 2.339780005399e-03 6.696978423896e-02
2.224375000000e+01 2.341601646436e-03 6.709390258424e-02
2.224687500000e+01 2.343436107698e-03 6.721854669353e-02
2.225000000000e+01 2.345283385139e-03 6.734371475445e-02
2.225312500000e+01 2.347143473405e-03 6.746940487859e-02
2.225625000000e+01 2.349016365822e-03 6.759561510008e-02
2.225937500000e+01 2.350902054348e-03 6.772234337409e-02
2.226250000000e+01 2.352800529549e-03 6.784958757539e-02
2.226562500000e+01 2.354711780561e-03 6.797734549684e-02
2.226875000000e+01 2.356635795053e-03 6.810561484792e-02
2.227187500000e+01 2.358572559200e-03 6.823439325315e-02
2.227500000000e+01 2.360522057650e-03 6.836367825061e-02
2.227812500000e+01 2.362484273476e-03 6.849346729038e-02
2.228125000000e+01 2.364459188154e-03 6.862375773293e-02
2.228437500000e+01 2.366446781515e-03 6.875454684764e-02
2.228750000000e+01 2.368447031719e-03 6.888583181111e-02
2.229062500000e+01 2.370459915215e-03 6.901760970561e-02
2.229375000000e+01 2.372485406700e-03 6.914987751747e-02
2.229687500000e+01 2.374523479089e-03 6.928263213542e-02
2.230000000000e+01 2.376574103462e-03 6.941587034899e-02
2.230312500000e+01 2.378637249046e-03 6.954958884680e-02
2.230625000000e+01 2.380712883161e-03 6.968378421497e-02
2.230937500000e+01 2.382800971188e-03 6.981845293539e-02
2.231250000000e+01 2.384901476527e-03 6.995359138404e-02
2.231562500000e+01 2.387014360552e-03 7.008919582933e-02
2.231875000000e+01 2.389139582581e-03 7.022526243036e-02
2.232187500000e+01 2.391277099835e-03 7.036178723523e-02
2.232500000000e+01 2.393426867384e-03 7.049876617931e-02
2.232812500000e+01 2.395588838122e-03 7.063619508349e-02
2.233125000000e+01 2.397762962708e-03 7.077406965248e-02
2.233437500000e+01 2.399949189544e-03 7.091238547304e-02
2.233750000000e+01 2.402147464718e-03 7.105113801226e-02
2.234062500000e+01 2.404357731968e-03 7.119032261575e-02
2.234375000000e+01 2.406579932641e-03 7.132993450594e-02
2.234687500000e+01 2.408814005638e-03 7.146996878028e-02
2.235000000000e+01 2.411059887389e-03 7.161042040951e-02
2.235312500000e+01 2.413317511798e-03 7.175128423583e-02
2.235625000000e+01 2.415586810201e-03 7.189255497119e-02
2.235937500000e+01 2.417867711327e-03 7.203422719550e-02
2.236250000000e+01 2.420160141243e-03 7.217629535485e-02
2.236562500000e+01 2.422464023324e-03 7.231875375975e-02
2.236875000000e+01 2.424779278204e-03 7.246159658338e-02
2.237187500000e+01 2.427105823726e-03 7.260481785978e-02
2.237500000000e+01 2.429443574907e-03 7.274841148216e-02
2.237812500000e+01 2.431792443879e-03 7.289237120109e-02
2.238125000000e+01 2.434152339864e-03 7.303669062277e-02
2.238437500000e+01 2.436523169116e-03 7.318136320731e-02
2.238750000000e+01 2.438904834882e-03 7.332638226698e-02
2.239062500000e+01 2.441297237356e-03 7.347174096451e-02
2.239375000000e+01 2.443700273632e-03 7.361743231137e-02
2.239687500000e+01 2.446113837665e-03 7.376344916607e-02
2.240000000000e+01 2.448537820226e-03 7.390978423250e-02
2.240312500000e+01 2.450972108856e-03 7.405643005824e-02
2.240625000000e+01 2.453416587824e-03 7.420337903294e-02
2.240937500000e+01 2.455871138077e-03 7.435062338668e-02
2.241250000000e+01 2.458335637208e-03 7.449815518836e-02
2.241562500000e+01 2.460809959410e-03 7.464596634412e-02
2.241875000000e+01 2.463293975424e-03 7.479404859576e-02
2.242187500000e+01 2.465787552511e-03 7.494239351922e-02
2.242500000000e+01 2.468290554391e-03 7.509099252306e-02
2.242812500000e+01 2.470802841225e-03 7.523983684699e-02
2.243125000000e+01 2.473324269556e-03 7.538891756040e-02
2.243437500000e+01 2.475854692277e-03 7.553822556094e-02
2.243750000000e+01 2.478393958590e-03 7.568775157315e-02
2.244062500000e+01 2.480941913959e-03 7.583748614710e-02
2.244375000000e+01 2.483498400084e-03 7.598741965707e-02
2.244687500000e+01 2.486063254854e-03 7.613754230027e-02
2.245000000000e+01 2.488636312314e-03 7.628784409563e-02
2.245312500000e+01 2.491217402628e-03 7.643831488261e-02
2.245625000000e+01 2.493806352035e-03 7.658894432004e-02
2.245937500000e+01 2.496402982827e-03 7.673972188503e-02
2.246250000000e+01 2.499007113307e-03 7.689063687194e-02
2.246562500000e+01 2.501618557765e-03 7.704167839138e-02
2.246875000000e+01 2.504237126432e-03 7.719283536926e-02
2.247187500000e+01 2.506862625454e-03 7.734409654594e-02
2.247500000000e+01 2.509494856871e-03 7.749545047537e-02
2.247812500000e+01 2.512133618579e-03 7.764688552437e-02
2.248125000000e+01 2.514778704307e-03 7.779838987191e-02
2.248437500000e+01 2.517429903591e-03 7.794995150849e-02
2.248750000000e+01 2.520087001740e-03 7.810155823559e-02
2.249062500000e+01 2.522749779829e-03 7.825319766515e-02
2.249375000000e+01 2.525418014664e-03 7.840485721919e-02
2.249687500000e+01 2.528091478768e-03 7.855652412944e-02
2.250000000000e+01 2.530769940363e-03 7.870818543712e-02
2.250312500000e+01 2.533453163340e-03 7.885982799271e-02
2.250625000000e+01 2.536140907264e-03 7.901143845591e-02
2.250937500000e+01 2.538832927342e-03 7.916300329560e-02
2.251250000000e+01 2.541528974430e-03 7.931450878991e-02
2.251562500000e+01 2.544228795004e-03 7.946594102641e-02
2.251875000000e+01 2.546932131155e-03 7.961728590241e-02
2.252187500000e+01 2.549638720597e-03 7.976852912524e-02
2.252500000000e+01 2.552348296650e-03 7.991965621279e-02
2.252812500000e+01 2.555060588240e-03 8.007065249405e-02
2.253125000000e+01 2.557775319907e-03 8.022150310977e-02
2.253437500000e+01 2.560492211793e-03 8.037219301324e-02
2.253750000000e+01 2.563210979660e-03 8.052270697117e-02
2.254062500000e+01 2.565931334893e-03 8.067302956474e-02
2.254375000000e+01 2.568652984510e-03 8.082314519063e-02
2.254687500000e+01 2.571375631173e-03 8.097303806231e-02
2.255000000000e+01 2.574098973198e-03 8.112269221138e-02
2.255312500000e+01 2.576822704584e-03 8.127209148903e-02
2.255625000000e+01 2.579546515021e-03 8.142121956766e-02
2.255937500000e+01 2.582270089929e-03 8.157005994257e-02
2.256250000000e+01 2.584993110464e-03 8.171859593386e-02
2.256562500000e+01 2.587715253552e-03 8.186681068838e-02
2.256875000000e+01 2.590436191933e-03 8.201468718184e-02
2.257187500000e+01 2.593155594182e-03 8.216220822113e-02
2.257500000000e+01 2.595873124749e-03 8.230935644662e-02
2.257812500000e+01 2.598588444007e-03 8.245611433479e-02
2.258125000000e+01 2.601301208279e-03 8.260246420082e-02
2.258437500000e+01 2.604011069905e-03 8.274838820147e-02
2.258750000000e+01 2.606717677278e-03 8.289386833802e-02
2.259062500000e+01 2.609420674905e-03 8.303888645936e-02
2.259375000000e+01 2.612119703458e-03 8.318342426531e-02
2.259687500000e+01 2.614814399833e-03 8.332746330996e-02
2.260000000000e+01 2.617504397223e-03 8.347098500530e-02
2.260312500000e+01 2.620189325171e-03 8.361397062488e-02
2.260625000000e+01 2.622868809660e-03 8.375640130771e-02
2.260937500000e+01 2.625542473166e-03 8.389825806227e-02
2.261250000000e+01 2.628209934739e-03 8.403952177070e-02
2.261562500000e+01 2.630870810101e-03 8.418017319312e-02
2.261875000000e+01 2.633524711709e-03 8.432019297217e-02
2.262187500000e+01 2.636171248859e-03 8.445956163758e-02
2.262500000000e+01 2.638810027771e-03 8.459825961106e-02
2.262812500000e+01 2.641440651677e-03 8.473626721122e-02
2.263125000000e+01 2.644062720936e-03 8.487356465870e-02
2.263437500000e+01 2.646675833127e-03 8.501013208149e-02
2.263750000000e+01 2.649279583156e-03 8.514594952030e-02
2.264062500000e+01 2.651873563372e-03 8.528099693423e-02
2.264375000000e+01 2.654457363664e-03 8.541525420648e-02
2.264687500000e+01 2.657030571603e-03 8.554870115026e-02
2.265000000000e+01 2.659592772543e-03 8.568131751488e-02
2.265312500000e+01 2.662143549754e-03 8.581308299193e-02
2.265625000000e+01 2.664682484557e-03 8.594397722167e-02
2.265937500000e+01 2.667209156435e-03 8.607397979956e-02
2.266250000000e+01 2.669723143190e-03 8.620307028286e-02
2.266562500000e+01 2.672224021070e-03 8.633122819752e-02
2.266875000000e+01 2.674711364916e-03 8.645843304508e-02
2.267187500000e+01 2.677184748308e-03 8.658466430978e-02
2.267500000000e+01 2.679643743705e-03 8.670990146578e-02
2.267812500000e+01 2.682087922611e-03 8.683412398454e-02
2.268125000000e+01 2.684516855724e-03 8.695731134233e-02
2.268437500000e+01 2.686930113093e-03 8.707944302779e-02
2.268750000000e+01 2.689327264285e-03 8.720049854977e-02
2.269062500000e+01 2.691707878540e-03 8.732045744512e-02
2.269375000000e+01 2.694071524954e-03 8.743929928674e-02
2.269687500000e+01 2.696417772636e-03 8.755700369163e-02
2.270000000000e+01 2.698746190888e-03 8.767355032912e-02
2.270312500000e+01 2.701056349390e-03 8.778891892917e-02
2.270625000000e+01 2.703347818351e-03 8.790308929079e-02
2.270937500000e+01 2.705620168720e-03 8.801604129052e-02
2.271250000000e+01 2.707872972356e-03 8.812775489102e-02
2.271562500000e+01 2.710105802214e-03 8.823821014974e-02
2.271875000000e+01 2.712318232539e-03 8.834738722766e-02
2.272187500000e+01 2.714509839040e-03 8.845526639810e-02
2.272500000000e+01 2.716680199104e-03 8.856182805561e-02
2.272812500000e+01 2.718828891972e-03 8.866705272484e-02
2.273125000000e+01 2.720955498944e-03 8.877092106961e-02
2.273437500000e+01 2.723059603570e-03 8.887341390186e-02
2.273750000000e+01 2.725140791844e-03 8.897451219074e-02
2.274062500000e+01 2.727198652414e-03 8.907419707168e-02
2.274375000000e+01 2.729232776773e-03 8.917244985550e-02
2.274687500000e+01 2.731242759457e-03 8.926925203755e-02
2.275000000000e+01 2.733228198267e-03 8.936458530681e-02
2.275312500000e+01 2.735188694423e-03 8.945843155502e-02
2.275625000000e+01 2.737123852826e-03 8.955077288581e-02
2.275937500000e+01 2.739033282215e-03 8.964159162377e-02
2.276250000000e+01 2.740916595388e-03 8.973087032353e-02
2.276562500000e+01 2.742773409399e-03 8.981859177879e-02
2.276875000000e+01 2.744603345752e-03 8.990473903131e-02
2.277187500000e+01 2.746406030614e-03 8.998929537986e-02
2.277500000000e+01 2.748181095008e-03 9.007224438908e-02
2.277812500000e+01 2.749928175009e-03 9.015356989829e-02
2.278125000000e+01 2.751646911944e-03 9.023325603021e-02
2.278437500000e+01 2.753336952582e-03 9.031128719966e-02
2.278750000000e+01 2.754997949337e-03 9.038764812202e-02
2.279062500000e+01 2.756629560453e-03 9.046232382174e-02
2.279375000000e+01 2.758231450195e-03 9.053529964064e-02
2.279687500000e+01 2.759803289048e-03 9.060656124615e-02
2.280000000000e+01 2.761344753866e-03 9.067609463936e-02
2.280312500000e+01 2.762855528107e-03 9.074388616295e-02
2.280625000000e+01 2.764335301974e-03 9.080992250905e-02
2.280937500000e+01 2.765783772603e-03 9.087419072678e-02
2.281250000000e+01 2.767200644242e-03 9.093667822983e-02
2.281562500000e+01 2.768585628408e-03 9.099737280368e-02
2.281875000000e+01 2.769938444069e-03 9.105626261275e-02
2.282187500000e+01 2.771258817795e-03 9.111333620736e-02
2.282500000000e+01 2.772546483922e-03 9.116858253041e-02
2.282812500000e+01 2.773801184709e-03 9.122199092399e-02
2.283125000000e+01 2.775022670474e-03 9.127355113561e-02
2.283437500000e+01 2.776210699761e-03 9.132325332439e-02
2.283750000000e+01 2.777365039463e-03 9.137108806689e-02
2.284062500000e+01 2.778485464970e-03 9.141704636277e-02
2.284375000000e+01 2.779571760295e-03 9.146111964020e-02
2.284687500000e+01 2.780623718192e-03 9.150329976101e-02
2.285000000000e+01 2.781641140299e-03 9.154357902561e-02
2.285312500000e+01 2.782623837231e-03 9.158195017766e-02
2.285625000000e+01 2.783571628700e-03 9.161840640843e-02
2.285937500000e+01 2.784484343621e-03 9.165294136093e-02
2.286250000000e+01 2.785361820198e-03 9.168554913378e-02
2.286562500000e+01 2.786203906033e-03 9.171622428478e-02
2.286875000000e+01 2.787010458204e-03 9.174496183419e-02
2.287187500000e+01 2.787781343343e-03 9.177175726771e-02
2.287500000000e+01 2.788516437717e-03 9.179660653927e-02
2.287812500000e+01 2.789215627283e-03 9.181950607339e-02
2.288125000000e+01 2.789878807766e-03 9.184045276732e-02
2.288437500000e+01 2.790505884702e-03 9.185944399291e-02
2.288750000000e+01 2.791096773491e-03 9.187647759808e-02
2.289062500000e+01 2.791651399439e-03 9.189155190812e-02
2.289375000000e+01 2.792169697781e-03 9.190466572655e-02
2.289687500000e+01 2.792651613739e-03 9.191581833577e-02
2.290000000000e+01 2.793097102511e-03 9.192500949741e-02
2.290312500000e+01 2.793506129304e-03 9.193223945228e-02
2.290625000000e+01 2.793878669340e-03 9.193750892013e-02
2.290937500000e+01 2.794214707850e-03 9.194081909900e-02
2.291250000000e+01 2.794514240081e-03 9.194217166438e-02
2.291562500000e+01 2.794777271277e-03 9.194156876795e-02
2.291875000000e+01 2.795003816662e-03 9.193901303612e-02
2.292187500000e+01 2.795193901416e-03 9.193450756820e-02
2.292500000000e+01 2.795347560636e-03 9.192805593427e-02
2.292812500000e+01 2.795464839312e-03 9.191966217288e-02
2.293125000000e+01 2.795545792270e-03 9.190933078824e-02
2.293437500000e+01 2.795590484127e-03 9.189706674735e-02
2.293750000000e+01 2.795598989234e-03 9.188287547668e-02
2.294062500000e+01 2.795571391602e-03 9.186676285867e-02
2.294375000000e+01 2.795507784848e-03 9.184873522790e-02
2.294687500000e+01 2.795408272112e-03 9.182879936700e-02
2.295000000000e+01 2.795272965971e-03 9.180696250232e-02
2.295312500000e+01 2.795101988357e-03 9.178323229930e-02
2.295625000000e+01 2.794895470455e-03 9.175761685763e-02
2.295937500000e+01 2.794653552616e-03 9.173012470613e-02
2.296250000000e+01 2.794376384245e-03 9.170076479739e-02
2.296562500000e+01 2.794064123691e-03 9.166954650218e-02
2.296875000000e+01 2.793716938135e-03 9.163647960363e-02
2.297187500000e+01 2.793335003460e-03 9.160157429119e-02
2.297500000000e+01 2.792918504140e-03 9.156484115438e-02
2.297812500000e+01 2.792467633102e-03 9.152629117630e-02
2.298125000000e+01 2.791982591589e-03 9.148593572700e-02
2.298437500000e+01 2.791463589030e-03 9.144378655657e-02
2.298750000000e+01 2.790910842879e-03 9.139985578816e-02
2.299062500000e+01 2.790324578486e-03 9.135415591068e-02
2.299375000000e+01 2.789705028944e-03 9.130669977147e-02
2.299687500000e+01 2.789052434920e-03 9.125750056874e-02
2.300000000000e+01 2.788367044507e-03 9.120657184382e-02
2.300312500000e+01 2.787649113054e-03 9.115392747337e-02
2.300625000000e+01 2.786898903013e-03 9.109958166134e-02
2.300937500000e+01 2.786116683759e-03 9.104354893091e-02
2.301250000000e+01 2.785302731425e-03 9.098584411623e-02
2.301562500000e+01 2.784457328725e-03 9.092648235406e-02
2.301875000000e+01 2.783580764775e-03 9.086547907538e-02
2.302187500000e+01 2.782673334924e-03 9.080284999681e-02
2.302500000000e+01 2.781735340564e-03 9.073861111200e-02
2.302812500000e+01 2.780767088952e-03 9.067277868296e-02
2.303125000000e+01 2.779768893025e-03 9.060536923127e-02
2.303437500000e+01 2.778741071209e-03 9.053639952928e-02
2.303750000000e+01 2.777683947239e-03 9.046588659121e-02
2.304062500000e+01 2.776597849977e-03 9.039384766429e-02
2.304375000000e+01 2.775483113204e-03 9.032030021975e-02
2.304687500000e+01 2.774340075447e-03 9.024526194391e-02
2.305000000000e+01 2.773169079773e-03 9.016875072916e-02
2.305312500000e+01 2.771970473617e-03 9.009078466498e-02
2.305625000000e+01 2.770744608579e-03 9.001138202891e-02
2.305937500000e+01 2.769491840233e-03 8.993056127762e-02
2.306250000000e+01 2.768212527943e-03 8.984834103788e-02
2.306562500000e+01 2.766907034659e-03 8.976474009761e-02
2.306875000000e+01 2.765575726743e-03 8.967977739699e-02
2.307187500000e+01 2.764218973771e-03 8.959347201953e-02
2.307500000000e+01 2.762837148341e-03 8.950584318326e-02
2.307812500000e+01 2.761430625896e-03 8.941691023190e-02
2.308125000000e+01 2.759999784522e-03 8.932669262613e-02
2.308437500000e+01 2.758545004771e-03 8.923520993491e-02
2.308750000000e+01 2.757066669489e-03 8.914248182688e-02
2.309062500000e+01 2.755565163607e-03 8.904852806179e-02
2.309375000000e+01 2.754040873983e-03 8.895336848210e-02
2.309687500000e+01 2.752494189200e-03 8.885702300456e-02
2.310000000000e+01 2.750925499415e-03 8.875951161194e-02
2.310312500000e+01 2.749335196164e-03 8.866085434488e-02
2.310625000000e+01 2.747723672195e-03 8.856107129375e-02
2.310937500000e+01 2.746091321300e-03 8.846018259074e-02
2.311250000000e+01 2.744438538133e-03 8.835820840193e-02
2.311562500000e+01 2.742765718061e-03 8.825516891960e-02
2.311875000000e+01 2.741073256989e-03 8.815108435453e-02
2.312187500000e+01 2.739361551202e-03 8.804597492854e-02
2.312500000000e+01 2.737630997206e-03 8.793986086710e-02
2.312812500000e+01 2.735881991566e-03 8.783276239203e-02
2.313125000000e+01 2.734114930763e-03 8.772469971442e-02
2.313437500000e+01 2.732330211034e-03 8.761569302763e-02
2.313750000000e+01 2.730528228238e-03 8.750576250043e-02
2.314062500000e+01 2.728709377696e-03 8.739492827027e-02
2.314375000000e+01 2.726874054051e-03 8.728321043676e-02
2.314687500000e+01 2.725022651142e-03 8.717062905519e-02
2.315000000000e+01 2.723155561860e-03 8.705720413030e-02
2.315312500000e+01 2.721273178015e-03 8.694295561008e-02
2.315625000000e+01 2.719375890216e-03 8.682790337988e-02
2.315937500000e+01 2.717464087728e-03 8.671206725649e-02
2.316250000000e+01 2.715538158368e-03 8.659546698251e-02
2.316562500000e+01 2.713598488378e-03 8.647812222083e-02
2.316875000000e+01 2.711645462310e-03 8.636005254920e-02
2.317187500000e+01 2.709679462914e-03 8.624127745506e-02
2.317500000000e+01 2.707700871021e-03 8.612181633046e-02
2.317812500000e+01 2.705710065454e-03 8.600168846714e-02
2.318125000000e+01 2.703707422910e-03 8.588091305176e-02
2.318437500000e+01 2.701693317874e-03 8.575950916133e-02
2.318750000000e+01 2.699668122513e-03 8.563749575872e-02
2.319062500000e+01 2.697632206580e-03 8.551489168837e-02
2.319375000000e+01 2.695585937342e-03 8.539171567216e-02
2.319687500000e+01 2.693529679478e-03 8.526798630542e-02
2.320000000000e+01 2.691463795005e-03 8.514372205304e-02
2.320312500000e+01 2.689388643199e-03 8.501894124584e-02
2.320625000000e+01 2.687304580508e-03 8.489366207698e-02
2.320937500000e+01 2.685211960493e-03 8.476790259858e-02
2.321250000000e+01 2.683111133753e-03 8.464168071847e-02
2.321562500000e+01 2.681002447857e-03 8.451501419706e-02
2.321875000000e+01 2.678886247285e-03 8.438792064444e-02
2.322187500000e+01 2.676762873357e-03 8.426041751748e-02
2.322500000000e+01 2.674632664188e-03 8.413252211721e-02
2.322812500000e+01 2.672495954628e-03 8.400425158624e-02
2.323125000000e+01 2.670353076218e-03 8.387562290638e-02
2.323437500000e+01 2.668204357131e-03 8.374665289635e-02
2.323750000000e+01 2.666050122123e-03 8.361735820965e-02
2.324062500000e+01 2.663890692509e-03 8.348775533254e-02
2.324375000000e+01 2.661726386109e-03 8.335786058217e-02
2.324687500000e+01 2.659557517214e-03 8.322769010484e-02
2.325000000000e+01 2.657384396556e-03 8.309725987431e-02
2.325312500000e+01 2.655207331263e-03 8.296658569037e-02
2.325625000000e+01 2.653026624846e-03 8.283568317738e-02
2.325937500000e+01 2.650842577166e-03 8.270456778304e-02
2.326250000000e+01 2.648655484405e-03 8.257325477721e-02
2.326562500000e+01 2.646465639055e-03 8.244175925087e-02
2.326875000000e+01 2.644273329882e-03 8.231009611516e-02
2.327187500000e+01 2.642078841929e-03 8.217828010059e-02
2.327500000000e+01 2.639882456483e-03 8.204632575628e-02
2.327812500000e+01 2.637684451081e-03 8.191424744933e-02
2.328125000000e+01 2.635485099485e-03 8.178205936434e-02
2.328437500000e+01 2.633284671671e-03 8.164977550291e-02
2.328750000000e+01 2.631083433840e-03 8.151740968339e-02
2.329062500000e+01 2.628881648398e-03 8.138497554056e-02
2.329375000000e+01 2.626679573964e-03 8.125248652552e-02
2.329687500000e+01 2.624477465364e-03 8.111995590564e-02
2.330000000000e+01 2.622275573627e-03 8.098739676454e-02
2.330312500000e+01 2.620074146004e-03 8.085482200219e-02
2.330625000000e+01 2.617873425959e-03 8.072224433513e-02
2.330937500000e+01 2.615673653181e-03 8.058967629671e-02
2.331250000000e+01 2.613475063595e-03 8.045713023741e-02
2.331562500000e+01 2.611277889360e-03 8.032461832526e-02
2.331875000000e+01 2.609082358897e-03 8.019215254629e-02
2.332187500000e+01 2.606888696888e-03 8.005974470511e-02
2.332500000000e+01 2.604697124297e-03 7.992740642550e-02
2.332812500000e+01 2.602507858390e-03 7.979514915107e-02
2.333125000000e+01 2.600321112734e-03 7.966298414601e-02
2.333437500000e+01 2.598137097235e-03 7.953092249584e-02
2.333750000000e+01 2.595956018147e-03 7.939897510831e-02
2.334062500000e+01 2.593778078093e-03 7.926715271428e-02
2.334375000000e+01 2.591603476091e-03 7.913546586864e-02
2.334687500000e+01 2.589432407568e-03 7.900392495133e-02
2.335000000000e+01 2.587265064393e-03 7.887254016842e-02
2.335312500000e+01 2.585101634897e-03 7.874132155316e-02
2.335625000000e+01 2.582942303897e-03 7.861027896711e-02
2.335937500000e+01 2.580787252730e-03 7.847942210136e-02
2.336250000000e+01 2.578636659263e-03 7.834876047772e-02
2.336562500000e+01 2.576490697942e-03 7.821830344997e-02
2.336875000000e+01 2.574349539808e-03 7.808806020518e-02
2.337187500000e+01 2.572213352525e-03 7.795803976499e-02
2.337500000000e+01 2.570082300430e-03 7.782825098701e-02
2.337812500000e+01 2.567956544520e-03 7.769870256616e-02
2.338125000000e+01 2.565836242539e-03 7.756940303614e-02
2.338437500000e+01 2.563721548967e-03 7.744036077082e-02
2.338750000000e+01 2.561612615072e-03 7.731158398574e-02
2.339062500000e+01 2.559509588940e-03 7.718308073957e-02
2.339375000000e+01 2.557412615499e-03 7.705485893568e-02
2.339687500000e+01 2.555321836569e-03 7.692692632359e-02
2.340000000000e+01 2.553237390883e-03 7.679929050059e-02
2.340312500000e+01 2.551159414128e-03 7.667195891330e-02
2.340625000000e+01 2.549088038979e-03 7.654493885920e-02
2.340937500000e+01 2.547023395126e-03 7.641823748831e-02
2.341250000000e+01 2.544965609323e-03 7.629186180475e-02
2.341562500000e+01 2.542914805414e-03 7.616581866839e-02
2.341875000000e+01 2.540871104370e-03 7.604011479648e-02
2.342187500000e+01 2.538834624337e-03 7.591475676528e-02
2.342500000000e+01 2.536805480640e-03 7.578975101176e-02
2.342812500000e+01 2.534783785862e-03 7.566510383522e-02
2.343125000000e+01 2.532769649848e-03 7.554082139899e-02
2.343437500000e+01 2.530763179757e-03 7.541690973207e-02
2.343750000000e+01 2.528764480093e-03 7.529337473084e-02
2.344062500000e+01 2.526773652740e-03 7.517022216075e-02
2.344375000000e+01 2.524790797003e-03 7.504745765797e-02
2.344687500000e+01 2.522816009645e-03 7.492508673109e-02
2.345000000000e+01 2.520849384920e-03 7.480311476283e-02
2.345312500000e+01 2.518891014611e-03 7.468154701170e-02
2.345625000000e+01 2.516940988063e-03 7.456038861368e-02
2.345937500000e+01 2.514999392227e-03 7.443964458394e-02
2.346250000000e+01 2.513066311691e-03 7.431931981847e-02
2.346562500000e+01 2.511141828716e-03 7.419941909580e-02
2.346875000000e+01 2.509226023279e-03 7.407994707866e-02
2.347187500000e+01 2.507318973088e-03 7.396090831564e-02
2.347500000000e+01 2.505420753654e-03 7.384230724286e-02
2.347812500000e+01 2.503531438291e-03 7.372414818561e-02
2.348125000000e+01 2.501651098170e-03 7.360643536004e-02
2.348437500000e+01 2.499779802354e-03 7.348917287474e-02
2.348750000000e+01 2.497917617822e-03 7.337236473245e-02
2.349062500000e+01 2.496064609517e-03 7.325601483162e-02
2.349375000000e+01 2.494220840374e-03 7.314012696807e-02
2.349687500000e+01 2.492386371356e-03 7.302470483657e-02
2.350000000000e+01 2.490561261488e-03 7.290975203245e-02
2.350312500000e+01 2.488745567885e-03 7.279527205320e-02
2.350625000000e+01 2.486939345798e-03 7.268126830003e-02
2.350937500000e+01 2.485142648638e-03 7.256774407945e-02
2.351250000000e+01 2.483355528012e-03 7.245470260481e-02
2.351562500000e+01 2.481578033759e-03 7.234214699784e-02
2.351875000000e+01 2.479810213969e-03 7.223008029023e-02
2.352187500000e+01 2.478052115039e-03 7.211850542508e-02
2.352500000000e+01 2.476303781682e-03 7.200742525844e-02
2.352812500000e+01 2.474565256974e-03 7.189684256083e-02
2.353125000000e+01 2.472836582378e-03 7.178676001867e-02
2.353437500000e+01 2.471117797771e-03 7.167718023579e-02
2.353750000000e+01 2.469408941489e-03 7.156810573485e-02
2.354062500000e+01 2.467710050345e-03 7.145953895880e-02
2.354375000000e+01 2.466021159664e-03 7.135148227232e-02
2.354687500000e+01 2.464342303315e-03 7.124393796319e-02
2.355000000000e+01 2.462673513727e-03 7.113690824374e-02
2.355312500000e+01 2.461014821941e-03 7.103039525220e-02
2.355625000000e+01 2.459366257620e-03 7.092440105407e-02
2.355937500000e+01 2.457727849086e-03 7.081892764348e-02
2.356250000000e+01 2.456099623347e-03 7.071397694456e-02
2.356562500000e+01 2.454481606117e-03 7.060955081271e-02
2.356875000000e+01 2.452873821857e-03 7.050565103596e-02
2.357187500000e+01 2.451276293798e-03 7.040227933623e-02
2.357500000000e+01 2.449689043959e-03 7.029943737064e-02
2.357812500000e+01 2.448112093186e-03 7.019712673276e-02
2.358125000000e+01 2.446545461161e-03 7.009534895386e-02
2.358437500000e+01 2.444989166451e-03 6.999410550416e-02
2.358750000000e+01 2.443443226515e-03 6.989339779404e-02
2.359062500000e+01 2.441907657736e-03 6.979322717522e-02
2.359375000000e+01 2.440382475449e-03 6.969359494203e-02
2.359687500000e+01 2.438867693952e-03 6.959450233248e-02
2.360000000000e+01 2.437363326547e-03 6.949595052952e-02
2.360312500000e+01 2.435869385557e-03 6.939794066212e-02
2.360625000000e+01 2.434385882344e-03 6.930047380642e-02
2.360937500000e+01 2.432912827344e-03 6.920355098685e-02
2.361250000000e+01 2.431450230071e-03 6.910717317724e-02
2.361562500000e+01 2.429998099158e-03 6.901134130189e-02
2.361875000000e+01 2.428556442378e-03 6.891605623665e-02
2.362187500000e+01 2.427125266650e-03 6.882131880997e-02
2.362500000000e+01 2.425704578077e-03 6.872712980395e-02
2.362812500000e+01 2.424294381952e-03 6.863348995537e-02
2.363125000000e+01 2.422894682795e-03 6.854039995670e-02
2.363437500000e+01 2.421505484363e-03 6.844786045709e-02
2.363750000000e+01 2.420126789675e-03 6.835587206338e-02
2.364062500000e+01 2.418758601028e-03 6.826443534102e-02
2.364375000000e+01 2.417400920014e-03 6.817355081511e-02
2.364687500000e+01 2.416053747550e-03 6.808321897126e-02
2.365000000000e+01 2.414717083888e-03 6.799344025656e-02
2.365312500000e+01 2.413390928636e-03 6.790421508050e-02
2.365625000000e+01 2.412075280779e-03 6.781554381583e-02
2.365937500000e+01 2.410770138686e-03 6.772742679952e-02
2.366250000000e+01 2.409475500143e-03 6.763986433356e-02
2.366562500000e+01 2.408191362366e-03 6.755285668587e-02
2.366875000000e+01 2.406917722010e-03 6.746640409111e-02
2.367187500000e+01 2.405654575197e-03 6.738050675157e-02
2.367500000000e+01 2.404401917517e-03 6.729516483793e-02
2.367812500000e+01 2.403159744066e-03 6.721037849012e-02
2.368125000000e+01 2.401928049444e-03 6.712614781808e-02
2.368437500000e+01 2.400706827779e-03 6.704247290256e-02
2.368750000000e+01 2.399496072744e-03 6.695935379591e-02
2.369062500000e+01 2.398295777560e-03 6.687679052279e-02
2.369375000000e+01 2.397105935030e-03 6.679478308097e-02
2.369687500000e+01 2.395926537536e-03 6.671333144204e-02
2.370000000000e+01 2.394757577066e-03 6.663243555214e-02
2.370312500000e+01 2.393599045224e-03 6.655209533265e-02
2.370625000000e+01 2.392450933235e-03 6.647231068093e-02
2.370937500000e+01 2.391313231973e-03 6.639308147098e-02
2.371250000000e+01 2.390185931971e-03 6.631440755412e-02
2.371562500000e+01 2.389069023427e-03 6.623628875967e-02
2.371875000000e+01 2.387962496225e-03 6.615872489558e-02
2.372187500000e+01 2.386866339937e-03 6.608171574912e-02
2.372500000000e+01 2.385780543849e-03 6.600526108746e-02
2.372812500000e+01 2.384705096966e-03 6.592936065832e-02
2.373125000000e+01 2.383639988024e-03 6.585401419059e-02
2.373437500000e+01 2.382585205507e-03 6.577922139490e-02
2.373750000000e+01 2.381540737643e-03 6.570498196426e-02
2.374062500000e+01 2.380506572439e-03 6.563129557460e-02
2.374375000000e+01 2.379482697675e-03 6.555816188536e-02
2.374687500000e+01 2.378469100920e-03 6.548558054004e-02
2.375000000000e+01 2.377465769545e-03 6.541355116677e-02
2.375312500000e+01 2.376472690726e-03 6.534207337886e-02
2.375625000000e+01 2.375489851463e-03 6.527114677527e-02
2.375937500000e+01 2.374517238588e-03 6.520077094124e-02
2.376250000000e+01 2.373554838775e-03 6.513094544870e-02
2.376562500000e+01 2.372602638546e-03 6.506166985684e-02
2.376875000000e+01 2.371660624280e-03 6.499294371261e-02
2.377187500000e+01 2.370728782231e-03 6.492476655114e-02
2.377500000000e+01 2.369807098529e-03 6.485713789632e-02
2.377812500000e+01 2.368895559194e-03 6.479005726118e-02
2.378125000000e+01 2.367994150144e-03 6.472352414841e-02
2.378437500000e+01 2.367102857194e-03 6.465753805080e-02
2.378750000000e+01 2.366221666083e-03 6.459209845167e-02
2.379062500000e+01 2.365350562467e-03 6.452720482533e-02
2.379375000000e+01 2.364489531936e-03 6.446285663752e-02
2.379687500000e+01 2.363638560017e-03 6.439905334578e-02
2.380000000000e+01 2.362797632180e-03 6.433579439993e-02
2.380312500000e+01 2.361966733854e-03 6.427307924245e-02
2.380625000000e+01 2.361145850427e-03 6.421090730886e-02
2.380937500000e+01 2.360334967262e-03 6.414927802816e-02
2.381250000000e+01 2.359534069695e-03 6.408819082317e-02
2.381562500000e+01 2.358743143039e-03 6.402764511094e-02
2.381875000000e+01 2.357962172609e-03 6.396764030312e-02
2.382187500000e+01 2.357191143709e-03 6.390817580630e-02
2.382500000000e+01 2.356430041654e-03 6.384925102241e-02
2.382812500000e+01 2.355678851767e-03 6.379086534902e-02
2.383125000000e+01 2.354937559385e-03 6.373301817975e-02
2.383437500000e+01 2.354206149873e-03 6.367570890455e-02
2.383750000000e+01 2.353484608625e-03 6.361893691008e-02
2.384062500000e+01 2.352772921072e-03 6.356270158000e-02
2.384375000000e+01 2.352071072686e-03 6.350700229532e-02
2.384687500000e+01 2.351379048983e-03 6.345183843470e-02
2.385000000000e+01 2.350696835539e-03 6.339720937475e-02
2.385312500000e+01 2.350024417984e-03 6.334311449037e-02
2.385625000000e+01 2.349361782018e-03 6.328955315502e-02
2.385937500000e+01 2.348708913408e-03 6.323652474102e-02
2.386250000000e+01 2.348065797992e-03 6.318402861982e-02
2.386562500000e+01 2.347432421696e-03 6.313206416231e-02
2.386875000000e+01 2.346808770525e-03 6.308063073911e-02
2.387187500000e+01 2.346194830581e-03 6.302972772077e-02
2.387500000000e+01 2.345590588057e-03 6.297935447812e-02
2.387812500000e+01 2.344996029244e-03 6.292951038249e-02
2.388125000000e+01 2.344411140542e-03 6.288019480598e-02
2.388437500000e+01 2.343835908460e-03 6.283140712168e-02
2.388750000000e+01 2.343270319618e-03 6.278314670397e-02
2.389062500000e+01 2.342714360760e-03 6.273541292873e-02
2.389375000000e+01 2.342168018743e-03 6.268820517358e-02
2.389687500000e+01 2.341631280558e-03 6.264152281813e-02
2.390000000000e+01 2.341104133323e-03 6.259536524420e-02
2.390312500000e+01 2.340586564297e-03 6.254973183603e-02
2.390625000000e+01 2.340078560874e-03 6.250462198054e-02
2.390937500000e+01 2.339580110586e-03 6.246003506751e-02
2.391250000000e+01 2.339091201117e-03 6.241597048981e-02
2.391562500000e+01 2.338611820301e-03 6.237242764362e-02
2.391875000000e+01 2.338141956126e-03 6.232940592862e-02
2.392187500000e+01 2.337681596737e-03 6.228690474817e-02
2.392500000000e+01 2.337230730436e-03 6.224492350958e-02
2.392812500000e+01 2.336789345696e-03 6.220346162422e-02
2.393125000000e+01 2.336357431154e-03 6.216251850777e-02
2.393437500000e+01 2.335934975619e-03 6.212209358038e-02
2.393750000000e+01 2.335521968077e-03 6.208218626688e-02
2.394062500000e+01 2.335118397685e-03 6.204279599692e-02
2.394375000000e+01 2.334724253788e-03 6.200392220518e-02
2.394687500000e+01 2.334339525909e-03 6.196556433153e-02
2.395000000000e+01 2.333964203761e-03 6.192772182123e-02
2.395312500000e+01 2.333598277251e-03 6.189039412505e-02
2.395625000000e+01 2.333241736468e-03 6.185358069947e-02
2.395937500000e+01 2.332894571704e-03 6.181728100682e-02
2.396250000000e+01 2.332556773447e-03 6.178149451548e-02
2.396562500000e+01 2.332228332388e-03 6.174622069999e-02
2.396875000000e+01 2.331909239422e-03 6.171145904123e-02
2.397187500000e+01 2.331599485642e-03 6.167720902655e-02
2.397500000000e+01 2.331299062361e-03 6.164347014996e-02
2.397812500000e+01 2.331007961097e-03 6.161024191222e-02
2.398125000000e+01 2.330726173584e-03 6.157752382103e-02
2.398437500000e+01 2.330453691774e-03 6.154531539116e-02
2.398750000000e+01 2.330190507832e-03 6.151361614455e-02
2.399062500000e+01 2.329936614148e-03 6.148242561052e-02
2.399375000000e+01 2.329692003337e-03 6.145174332584e-02
2.399687500000e+01 2.329456668234e-03 6.142156883488e-02
2.400000000000e+01 2.329230601914e-03 6.139190168976e-02
2.400312500000e+01 2.329013797666e-03 6.136274145044e-02
2.400625000000e+01 2.328806249021e-03 6.133408768489e-02
2.400937500000e+01 2.328607949742e-03 6.130593996918e-02
2.401250000000e+01 2.328418893831e-03 6.127829788760e-02
2.401562500000e+01 2.328239075527e-03 6.125116103280e-02
2.401875000000e+01 2.328068489305e-03 6.122452900590e-02
2.402187500000e+01 2.327907129889e-03 6.119840141660e-02
2.402500000000e+01 2.327754992245e-03 6.117277788330e-02
2.402812500000e+01 2.327612071586e-03 6.114765803320e-02
2.403125000000e+01 2.327478363375e-03 6.112304150243e-02
2.403437500000e+01 2.327353863319e-03 6.109892793613e-02
2.403750000000e+01 2.327238567384e-03 6.107531698859e-02
2.404062500000e+01 2.327132471786e-03 6.105220832334e-02
2.404375000000e+01 2.327035572997e-03 6.102960161323e-02
2.404687500000e+01 2.326947867755e-03 6.100749654060e-02
2.405000000000e+01 2.326869353038e-03 6.098589279728e-02
2.405312500000e+01 2.326800026105e-03 6.096479008479e-02
2.405625000000e+01 2.326739884466e-03 6.094418811436e-02
2.405937500000e+01 2.326688925900e-03 6.092408660709e-02
2.406250000000e+01 2.326647148452e-03 6.090448529399e-02
2.406562500000e+01 2.326614550430e-03 6.088538391611e-02
2.406875000000e+01 2.326591130415e-03 6.086678222461e-02
2.407187500000e+01 2.326576887259e-03 6.084867998088e-02
2.407500000000e+01 2.326571820086e-03 6.083107695659e-02
2.407812500000e+01 2.326575928297e-03 6.081397293382e-02
2.408125000000e+01 2.326589211559e-03 6.079736770511e-02
2.408437500000e+01 2.326611669826e-03 6.078126107358e-02
2.408750000000e+01 2.326643303327e-03 6.076565285300e-02
2.409062500000e+01 2.326684112568e-03 6.075054286788e-02
2.409375000000e+01 2.326734098349e-03 6.073593095352e-02
2.409687500000e+01 2.326793261731e-03 6.072181695616e-02
2.410000000000e+01 2.326861604079e-03 6.070820073300e-02
2.410312500000e+01 2.326939127038e-03 6.069508215231e-02
2.410625000000e+01 2.327025832539e-03 6.068246109352e-02
2.410937500000e+01 2.327121722803e-03 6.067033744726e-02
2.411250000000e+01 2.327226800338e-03 6.065871111547e-02
2.411562500000e+01 2.327341067948e-03 6.064758201148e-02
2.411875000000e+01 2.327464528729e-03 6.063695006007e-02
2.412187500000e+01 2.327597186070e-03 6.062681519753e-02
2.412500000000e+01 2.327739043661e-03 6.061717737180e-02
2.412812500000e+01 2.327890105478e-03 6.060803654247e-02
2.413125000000e+01 2.328050375808e-03 6.059939268089e-02
2.413437500000e+01 2.328219859229e-03 6.059124577024e-02
2.413750000000e+01 2.328398560627e-03 6.058359580562e-02
2.414062500000e+01 2.328586485188e-03 6.057644279407e-02
2.414375000000e+01 2.328783638397e-03 6.056978675471e-02
2.414687500000e+01 2.328990026052e-03 6.056362771875e-02
2.415000000000e+01 2.329205654254e-03 6.055796572960e-02
2.415312500000e+01 2.329430529413e-03 6.055280084292e-02
2.415625000000e+01 2.329664658250e-03 6.054813312670e-02
2.415937500000e+01 2.329908047789e-03 6.054396266131e-02
2.416250000000e+01 2.330160705374e-03 6.054028953961e-02
2.416562500000e+01 2.330422638660e-03 6.053711386697e-02
2.416875000000e+01 2.330693855616e-03 6.053443576136e-02
2.417187500000e+01 2.330974364529e-03 6.053225535342e-02
2.417500000000e+01 2.331264173997e-03 6.053057278653e-02
2.417812500000e+01 2.331563292943e-03 6.052938821685e-02
2.418125000000e+01 2.331871730609e-03 6.052870181344e-02
2.418437500000e+01 2.332189496554e-03 6.052851375824e-02
2.418750000000e+01 2.332516600667e-03 6.052882424624e-02
2.419062500000e+01 2.332853053150e-03 6.052963348546e-02
2.419375000000e+01 2.333198864537e-03 6.053094169706e-02
2.419687500000e+01 2.333554045691e-03 6.053274911538e-02
2.420000000000e+01 2.333918607797e-03 6.053505598804e-02
2.420312500000e+01 2.334292562374e-03 6.053786257597e-02
2.420625000000e+01 2.334675921264e-03 6.054116915346e-02
2.420937500000e+01 2.335068696646e-03 6.054497600830e-02
2.421250000000e+01 2.335470901033e-03 6.054928344176e-02
2.421562500000e+01 2.335882547269e-03 6.055409176869e-02
2.421875000000e+01 2.336303648538e-03 6.055940131760e-02
2.422187500000e+01 2.336734218353e-03 6.056521243068e-02
2.422500000000e+01 2.337174270573e-03 6.057152546390e-02
2.422812500000e+01 2.337623819393e-03 6.057834078707e-02
2.423125000000e+01 2.338082879351e-03 6.058565878389e-02
2.423437500000e+01 2.338551465328e-03 6.059347985201e-02
2.423750000000e+01 2.339029592542e-03 6.060180440310e-02
2.424062500000e+01 2.339517276562e-03 6.061063286293e-02
2.424375000000e+01 2.340014533304e-03 6.061996567141e-02
2.424687500000e+01 2.340521379032e-03 6.062980328265e-02
2.425000000000e+01 2.341037830356e-03 6.064014616504e-02
2.425312500000e+01 2.341563904236e-03 6.065099480133e-02
2.425625000000e+01 2.342099617985e-03 6.066234968863e-02
2.425937500000e+01 2.342644989272e-03 6.067421133853e-02
2.426250000000e+01 2.343200036119e-03 6.068658027716e-02
2.426562500000e+01 2.343764776904e-03 6.069945704522e-02
2.426875000000e+01 2.344339230358e-03 6.071284219807e-02
2.427187500000e+01 2.344923415580e-03 6.072673630579e-02
2.427500000000e+01 2.345517352022e-03 6.074113995322e-02
2.427812500000e+01 2.346121059500e-03 6.075605374007e-02
2.428125000000e+01 2.346734558198e-03 6.077147828094e-02
2.428437500000e+01 2.347357868654e-03 6.078741420539e-02
2.428750000000e+01 2.347991011779e-03 6.080386215804e-02
2.429062500000e+01 2.348634008854e-03 6.082082279859e-02
2.429375000000e+01 2.349286881526e-03 6.083829680191e-02
2.429687500000e+01 2.349949651812e-03 6.085628485807e-02
2.430000000000e+01 2.350622342098e-03 6.087478767248e-02
2.430312500000e+01 2.351304975149e-03 6.089380596584e-02
2.430625000000e+01 2.351997574103e-03 6.091334047433e-02
2.430937500000e+01 2.352700162473e-03 6.093339194958e-02
2.431250000000e+01 2.353412764156e-03 6.095396115876e-02
2.431562500000e+01 2.354135403417e-03 6.097504888468e-02
2.431875000000e+01 2.354868104912e-03 6.099665592582e-02
2.432187500000e+01 2.355610893675e-03 6.101878309640e-02
2.432500000000e+01 2.356363795128e-03 6.104143122643e-02
2.432812500000e+01 2.357126835076e-03 6.106460116184e-02
2.433125000000e+01 2.357900039708e-03 6.108829376446e-02
2.433437500000e+01 2.358683435605e-03 6.111250991215e-02
2.433750000000e+01 2.359477049743e-03 6.113725049883e-02
2.434062500000e+01 2.360280909483e-03 6.116251643456e-02
2.434375000000e+01 2.361095042583e-03 6.118830864563e-02
2.434687500000e+01 2.361919477193e-03 6.121462807457e-02
2.435000000000e+01 2.362754241863e-03 6.124147568028e-02
2.435312500000e+01 2.363599365540e-03 6.126885243804e-02
2.435625000000e+01 2.364454877571e-03 6.129675933962e-02
2.435937500000e+01 2.365320807708e-03 6.132519739334e-02
2.436250000000e+01 2.366197186098e-03 6.135416762411e-02
2.436562500000e+01 2.367084043301e-03 6.138367107353e-02
2.436875000000e+01 2.367981410280e-03 6.141370879996e-02
2.437187500000e+01 2.368889318407e-03 6.144428187855e-02
2.437500000000e+01 2.369807799465e-03 6.147539140134e-02
2.437812500000e+01 2.370736885645e-03 6.150703847735e-02
2.438125000000e+01 2.371676609553e-03 6.153922423258e-02
2.438437500000e+01 2.372627004212e-03 6.157194981015e-02
2.438750000000e+01 2.373588103060e-03 6.160521637033e-02
2.439062500000e+01 2.374559939957e-03 6.163902509062e-02
2.439375000000e+01 2.375542549173e-03 6.167337716582e-02
2.439687500000e+01 2.376535965410e-03 6.170827380811e-02
2.440000000000e+01 2.377540223789e-03 6.174371624708e-02
2.440312500000e+01 2.378555359857e-03 6.177970572987e-02
2.440625000000e+01 2.379581409589e-03 6.181624352117e-02
2.440937500000e+01 2.380618409386e-03 6.185333090333e-02
2.441250000000e+01 2.381666396081e-03 6.189096917643e-02
2.441562500000e+01 2.382725406940e-03 6.192915965833e-02
2.441875000000e+01 2.383795479662e-03 6.196790368476e-02
2.442187500000e+01 2.384876652385e-03 6.200720260938e-02
2.442500000000e+01 2.385968963676e-03 6.204705780388e-02
2.442812500000e+01 2.387072452549e-03 6.208747065798e-02
2.443125000000e+01 2.388187158453e-03 6.212844257960e-02
2.443437500000e+01 2.389313121290e-03 6.216997499485e-02
2.443750000000e+01 2.390450381399e-03 6.221206934813e-02
2.444062500000e+01 2.391598979561e-03 6.225472710222e-02
2.444375000000e+01 2.392758957013e-03 6.229794973834e-02
2.444687500000e+01 2.393930355440e-03 6.234173875619e-02
2.445000000000e+01 2.395113216976e-03 6.238609567408e-02
2.445312500000e+01 2.396307584214e-03 6.243102202895e-02
2.445625000000e+01 2.397513500193e-03 6.247651937648e-02
2.445937500000e+01 2.398731008417e-03 6.252258929112e-02
2.446250000000e+01 2.399960152847e-03 6.256923336622e-02
2.446562500000e+01 2.401200977902e-03 6.261645321405e-02
2.446875000000e+01 2.402453528470e-03 6.266425046588e-02
2.447187500000e+01 2.403717849891e-03 6.271262677210e-02
2.447500000000e+01 2.404993987983e-03 6.276158380221e-02
2.447812500000e+01 2.406281989022e-03 6.281112324496e-02
2.448125000000e+01 2.407581899766e-03 6.286124680840e-02
2.448437500000e+01 2.408893767433e-03 6.291195621994e-02
2.448750000000e+01 2.410217639716e-03 6.296325322643e-02
2.449062500000e+01 2.411553564783e-03 6.301513959423e-02
2.449375000000e+01 2.412901591283e-03 6.306761710928e-02
2.449687500000e+01 2.414261768338e-03 6.312068757719e-02
2.450000000000e+01 2.415634145556e-03 6.317435282327e-02
2.450312500000e+01 2.417018773014e-03 6.322861469263e-02
2.450625000000e+01 2.418415701287e-03 6.328347505024e-02
2.450937500000e+01 2.419824981427e-03 6.333893578100e-02
2.451250000000e+01 2.421246664975e-03 6.339499878982e-02
2.451562500000e+01 2.422680803961e-03 6.345166600167e-02
2.451875000000e+01 2.424127450902e-03 6.350893936166e-02
2.452187500000e+01 2.425586658809e-03 6.356682083510e-02
2.452500000000e+01 2.427058481185e-03 6.362531240758e-02
2.452812500000e+01 2.428542972034e-03 6.368441608502e-02
2.453125000000e+01 2.430040185851e-03 6.374413389375e-02
2.453437500000e+01 2.431550177625e-03 6.380446788058e-02
2.453750000000e+01 2.433073002855e-03 6.386542011284e-02
2.454062500000e+01 2.434608717534e-03 6.392699267846e-02
2.454375000000e+01 2.436157378160e-03 6.398918768606e-02
2.454687500000e+01 2.437719041739e-03 6.405200726496e-02
2.455000000000e+01 2.439293765774e-03 6.411545356527e-02
2.455312500000e+01 2.440881608284e-03 6.417952875797e-02
2.455625000000e+01 2.442482627791e-03 6.424423503493e-02
2.455937500000e+01 2.444096883332e-03 6.430957460902e-02
2.456250000000e+01 2.445724434455e-03 6.437554971411e-02
2.456562500000e+01 2.447365341214e-03 6.444216260516e-02
2.456875000000e+01 2.449019664184e-03 6.450941555831e-02
2.457187500000e+01 2.450687464456e-03 6.457731087086e-02
2.457500000000e+01 2.452368803631e-03 6.464585086138e-02
2.457812500000e+01 2.454063743842e-03 6.471503786976e-02
2.458125000000e+01 2.455772347721e-03 6.478487425723e-02
2.458437500000e+01 2.457494678438e-03 6.485536240644e-02
2.458750000000e+01 2.459230799674e-03 6.492650472152e-02
2.459062500000e+01 2.460980775637e-03 6.499830362807e-02
2.459375000000e+01 2.462744671061e-03 6.507076157329e-02
2.459687500000e+01 2.464522551196e-03 6.514388102595e-02
2.460000000000e+01 2.466314481823e-03 6.521766447648e-02
2.460312500000e+01 2.468120529252e-03 6.529211443698e-02
2.460625000000e+01 2.469940760314e-03 6.536723344131e-02
2.460937500000e+01 2.471775242374e-03 6.544302404506e-02
2.461250000000e+01 2.473624043318e-03 6.551948882564e-02
2.461562500000e+01 2.475487231569e-03 6.559663038229e-02
2.461875000000e+01 2.477364876075e-03 6.567445133614e-02
2.462187500000e+01 2.479257046314e-03 6.575295433018e-02
2.462500000000e+01 2.481163812305e-03 6.583214202937e-02
2.462812500000e+01 2.483085244583e-03 6.591201712059e-02
2.463125000000e+01 2.485021414223e-03 6.599258231272e-02
2.463437500000e+01 2.486972392832e-03 6.607384033664e-02
2.463750000000e+01 2.488938252548e-03 6.615579394523e-02
2.464062500000e+01 2.490919066044e-03 6.623844591342e-02
2.464375000000e+01 2.492914906517e-03 6.632179903818e-02
2.464687500000e+01 2.494925847705e-03 6.640585613855e-02
2.465000000000e+01 2.496951963875e-03 6.649062005561e-02
2.465312500000e+01 2.498993329826e-03 6.657609365255e-02
2.465625000000e+01 2.501050020892e-03 6.666227981460e-02
2.465937500000e+01 2.503122112929e-03 6.674918144908e-02
2.466250000000e+01 2.505209682333e-03 6.683680148537e-02
2.466562500000e+01 2.507312806026e-03 6.692514287491e-02
2.466875000000e+01 2.509431561460e-03 6.701420859117e-02
2.467187500000e+01 2.511566026623e-03 6.710400162969e-02
2.467500000000e+01 2.513716280013e-03 6.719452500798e-02
2.467812500000e+01 2.515882400673e-03 6.728578176557e-02
2.468125000000e+01 2.518064468163e-03 6.737777496393e-02
2.468437500000e+01 2.520262562569e-03 6.747050768647e-02
2.468750000000e+01 2.522476764502e-03 6.756398303850e-02
2.469062500000e+01 2.524707155088e-03 6.765820414718e-02
2.469375000000e+01 2.526953815980e-03 6.775317416147e-02
2.469687500000e+01 2.529216829347e-03 6.784889625210e-02
2.470000000000e+01 2.531496277872e-03 6.794537361150e-02
2.470312500000e+01 2.533792244757e-03 6.804260945376e-02
2.470625000000e+01 2.536104813709e-03 6.814060701453e-02
2.470937500000e+01 2.538434068950e-03 6.823936955099e-02
2.471250000000e+01 2.540780095206e-03 6.833890034174e-02
2.471562500000e+01 2.543142977708e-03 6.843920268675e-02
2.471875000000e+01 2.545522802198e-03 6.854027990725e-02
2.472187500000e+01 2.547919654894e-03 6.864213534564e-02
2.472500000000e+01 2.550333622531e-03 6.874477236540e-02
2.472812500000e+01 2.552764792328e-03 6.884819435099e-02
2.473125000000e+01 2.555213251988e-03 6.895240470770e-02
2.473437500000e+01 2.557679089710e-03 6.905740686158e-02
2.473750000000e+01 2.560162394157e-03 6.916320425928e-02
2.474062500000e+01 2.562663254482e-03 6.926980036792e-02
2.474375000000e+01 2.565181760304e-03 6.937719867498e-02
2.474687500000e+01 2.567718001712e-03 6.948540268810e-02
2.475000000000e+01 2.570272069259e-03 6.959441593496e-02
2.475312500000e+01 2.572844053947e-03 6.970424196311e-02
2.475625000000e+01 2.575434047238e-03 6.981488433978e-02
2.475937500000e+01 2.578042141040e-03 6.992634665172e-02
2.476250000000e+01 2.580668427698e-03 7.003863250500e-02
2.476562500000e+01 2.583312999999e-03 7.015174552480e-02
2.476875000000e+01 2.585975951145e-03 7.026568935522e-02
2.477187500000e+01 2.588657374774e-03 7.038046765904e-02
2.477500000000e+01 2.591357364933e-03 7.049608411751e-02
2.477812500000e+01 2.594076016074e-03 7.061254243010e-02
2.478125000000e+01 2.596813423058e-03 7.072984631426e-02
2.478437500000e+01 2.599569681126e-03 7.084799950514e-02
2.478750000000e+01 2.602344885912e-03 7.096700575535e-02
2.479062500000e+01 2.605139133425e-03 7.108686883464e-02
2.479375000000e+01 2.607952520042e-03 7.120759252963e-02
2.479687500000e+01 2.610785142497e-03 7.132918064351e-02
2.480000000000e+01 2.613637097869e-03 7.145163699570e-02
2.480312500000e+01 2.616508483581e-03 7.157496542151e-02
2.480625000000e+01 2.619399397386e-03 7.169916977185e-02
2.480937500000e+01 2.622309937350e-03 7.182425391280e-02
2.481250000000e+01 2.625240201855e-03 7.195022172529e-02
2.481562500000e+01 2.628190289565e-03 7.207707710469e-02
2.481875000000e+01 2.631160299445e-03 7.220482396043e-02
2.482187500000e+01 2.634150330721e-03 7.233346621555e-02
2.482500000000e+01 2.637160482884e-03 7.246300780631e-02
2.482812500000e+01 2.640190855673e-03 7.259345268170e-02
2.483125000000e+01 2.643241549053e-03 7.272480480301e-02
2.483437500000e+01 2.646312663214e-03 7.285706814336e-02
2.483750000000e+01 2.649404298553e-03 7.299024668717e-02
2.484062500000e+01 2.652516555652e-03 7.312434442965e-02
2.484375000000e+01 2.655649535277e-03 7.325936537630e-02
2.484687500000e+01 2.658803338338e-03 7.339531354234e-02
2.485000000000e+01 2.661978065901e-03 7.353219295212e-02
2.485312500000e+01 2.665173819152e-03 7.367000763858e-02
2.485625000000e+01 2.668390699387e-03 7.380876164261e-02
2.485937500000e+01 2.671628807994e-03 7.394845901241e-02
2.486250000000e+01 2.674888246424e-03 7.408910380289e-02
2.486562500000e+01 2.678169116187e-03 7.423070007494e-02
2.486875000000e+01 2.681471518831e-03 7.437325189477e-02
2.487187500000e+01 2.684795555905e-03 7.451676333321e-02
2.487500000000e+01 2.688141328958e-03 7.466123846495e-02
2.487812500000e+01 2.691508939498e-03 7.480668136776e-02
2.488125000000e+01 2.694898488989e-03 7.495309612175e-02
2.488437500000e+01 2.698310078815e-03 7.510048680854e-02
2.488750000000e+01 2.701743810260e-03 7.524885751039e-02
2.489062500000e+01 2.705199784489e-03 7.539821230940e-02
2.489375000000e+01 2.708678102503e-03 7.554855528658e-02
2.489687500000e+01 2.712178865140e-03 7.569989052094e-02
2.490000000000e+01 2.715702173032e-03 7.585222208857e-02
2.490312500000e+01 2.719248126579e-03 7.600555406161e-02
2.490625000000e+01 2.722816825927e-03 7.615989050734e-02
2.490937500000e+01 2.726408370924e-03 7.631523548704e-02
2.491250000000e+01 2.730022861108e-03 7.647159305502e-02
2.491562500000e+01 2.733660395671e-03 7.662896725748e-02
2.491875000000e+01 2.737321073418e-03 7.678736213138e-02
2.492187500000e+01 2.741004992747e-03 7.694678170330e-02
2.492500000000e+01 2.744712251596e-03 7.710722998825e-02
2.492812500000e+01 2.748442947437e-03 7.726871098840e-02
2.493125000000e+01 2.752197177216e-03 7.743122869188e-02
2.493437500000e+01 2.755975037329e-03 7.759478707144e-02
2.493750000000e+01 2.759776623581e-03 7.775939008311e-02
2.494062500000e+01 2.763602031142e-03 7.792504166484e-02
2.494375000000e+01 2.767451354516e-03 7.809174573510e-02
2.494687500000e+01 2.771324687500e-03 7.825950619139e-02
2.495000000000e+01 2.775222123135e-03 7.842832690879e-02
2.495312500000e+01 2.779143753670e-03 7.859821173839e-02
2.495625000000e+01 2.783089670509e-03 7.876916450572e-02
2.495937500000e+01 2.787059964175e-03 7.894118900915e-02
2.496250000000e+01 2.791054724267e-03 7.911428901822e-02
2.496562500000e+01 2.795074039393e-03 7.928846827189e-02
2.496875000000e+01 2.799117997147e-03 7.946373047685e-02
2.497187500000e+01 2.803186684029e-03 7.964007930567e-02
2.497500000000e+01 2.807280185423e-03 7.981751839494e-02
2.497812500000e+01 2.811398585524e-03 7.999605134342e-02
2.498125000000e+01 2.815541967294e-03 8.017568171006e-02
2.498437500000e+01 2.819710412403e-03 8.035641301199e-02
2.498750000000e+01 2.823904001166e-03 8.053824872246e-02
2.499062500000e+01 2.828122812494e-03 8.072119226876e-02
2.499375000000e+01 2.832366923833e-03 8.090524703005e-02
2.499687500000e+01 2.836636411095e-03 8.109041633512e-02
2.500000000000e+01 2.840931348608e-03 8.127670346014e-02
2.500312500000e+01 2.845251809027e-03 8.146411162632e-02
2.500625000000e+01 2.849597863298e-03 8.165264399750e-02
2.500937500000e+01 2.853969580575e-03 8.184230367773e-02
2.501250000000e+01 2.858367028149e-03 8.203309370873e-02
2.501562500000e+01 2.862790271382e-03 8.222501706733e-02
2.501875000000e+01 2.867239373624e-03 8.241807666281e-02
2.502187500000e+01 2.871714396154e-03 8.261227533423e-02
2.502500000000e+01 2.876215398097e-03 8.280761584762e-02
2.502812500000e+01 2.880742436341e-03 8.300410089316e-02
2.503125000000e+01 2.885295565465e-03 8.320173308228e-02
2.503437500000e+01 2.889874837646e-03 8.340051494468e-02
2.503750000000e+01 2.894480302591e-03 8.360044892526e-02
2.504062500000e+01 2.899112007437e-03 8.380153738102e-02
2.504375000000e+01 2.903769996673e-03 8.400378257787e-02
2.504687500000e+01 2.908454312048e-03 8.420718668735e-02
2.505000000000e+01 2.913164992469e-03 8.441175178328e-02
2.505312500000e+01 2.917902073928e-03 8.461747983836e-02
2.505625000000e+01 2.922665589385e-03 8.482437272064e-02
2.505937500000e+01 2.927455568691e-03 8.503243218995e-02
2.506250000000e+01 2.932272038471e-03 8.524165989426e-02
2.506562500000e+01 2.937115022023e-03 8.545205736590e-02
2.506875000000e+01 2.941984539224e-03 8.566362601773e-02
2.507187500000e+01 2.946880606419e-03 8.587636713929e-02
2.507500000000e+01 2.951803236308e-03 8.609028189270e-02
2.507812500000e+01 2.956752437844e-03 8.630537130867e-02
2.508125000000e+01 2.961728216100e-03 8.652163628225e-02
2.508437500000e+01 2.966730572182e-03 8.673907756861e-02
2.508750000000e+01 2.971759503085e-03 8.695769577868e-02
2.509062500000e+01 2.976815001591e-03 8.717749137465e-02
2.509375000000e+01 2.981897056133e-03 8.739846466552e-02
2.509687500000e+01 2.987005650673e-03 8.762061580238e-02
2.510000000000e+01 2.992140764577e-03 8.784394477371e-02
2.510312500000e+01 2.997302372484e-03 8.806845140056e-02
2.510625000000e+01 3.002490444177e-03 8.829413533163e-02
2.510937500000e+01 3.007704944437e-03 8.852099603820e-02
2.511250000000e+01 3.012945832905e-03 8.874903280906e-02
2.511562500000e+01 3.018213063957e-03 8.897824474526e-02
2.511875000000e+01 3.023506586547e-03 8.920863075478e-02
2.512187500000e+01 3.028826344063e-03 8.944018954711e-02
2.512500000000e+01 3.034172274186e-03 8.967291962773e-02
2.512812500000e+01 3.039544308723e-03 8.990681929243e-02
2.513125000000e+01 3.044942373471e-03 9.014188662165e-02
2.513437500000e+01 3.050366388050e-03 9.037811947454e-02
2.513750000000e+01 3.055816265751e-03 9.061551548311e-02
2.514062500000e+01 3.061291913366e-03 9.085407204607e-02
2.514375000000e+01 3.066793231025e-03 9.109378632277e-02
2.514687500000e+01 3.072320112034e-03 9.133465522685e-02
2.515000000000e+01 3.077872442703e-03 9.157667541991e-02
2.515312500000e+01 3.083450102175e-03 9.181984330502e-02
2.515625000000e+01 3.089052962250e-03 9.206415502010e-02
2.515937500000e+01 3.094680887192e-03 9.230960643128e-02
2.516250000000e+01 3.100333733579e-03 9.255619312604e-02
2.516562500000e+01 3.106011350095e-03 9.280391040634e-02
2.516875000000e+01 3.111713577355e-03 9.305275328157e-02
2.517187500000e+01 3.117440247718e-03 9.330271646146e-02
2.517500000000e+01 3.123191185082e-03 9.355379434883e-02
2.517812500000e+01 3.128966204710e-03 9.380598103226e-02
2.518125000000e+01 3.134765113026e-03 9.405927027866e-02
2.518437500000e+01 3.140587707413e-03 9.431365552576e-02
2.518750000000e+01 3.146433776020e-03 9.456912987442e-02
2.519062500000e+01 3.152303097544e-03 9.482568608093e-02
2.519375000000e+01 3.158195441048e-03 9.508331654915e-02
2.519687500000e+01 3.164110565733e-03 9.534201332260e-02
2.520000000000e+01 3.170048220745e-03 9.560176807644e-02
2.520312500000e+01 3.176008144950e-03 9.586257210932e-02
2.520625000000e+01 3.181990066719e-03 9.612441633519e-02
2.520937500000e+01 3.187993703727e-03 9.638729127501e-02
2.521250000000e+01 3.194018762722e-03 9.665118704837e-02
2.521562500000e+01 3.200064939316e-03 9.691609336502e-02
2.521875000000e+01 3.206131917757e-03 9.718199951633e-02
2.522187500000e+01 3.212219370701e-03 9.744889436671e-02
2.522500000000e+01 3.218326959005e-03 9.771676634487e-02
2.522812500000e+01 3.224454331490e-03 9.798560343511e-02
2.523125000000e+01 3.230601124714e-03 9.825539316849e-02
2.523437500000e+01 3.236766962757e-03 9.852612261399e-02
2.523750000000e+01 3.242951456969e-03 9.879777836953e-02
2.524062500000e+01 3.249154205769e-03 9.907034655304e-02
2.524375000000e+01 3.255374794396e-03 9.934381279344e-02
2.524687500000e+01 3.261612794687e-03 9.961816222158e-02
2.525000000000e+01 3.267867764853e-03 9.989337946116e-02
2.525312500000e+01 3.274139249228e-03 1.001694486196e-01
2.525625000000e+01 3.280426778061e-03 1.004463532791e-01
2.525937500000e+01 3.286729867279e-03 1.007240764871e-01
2.526250000000e+01 3.293048018255e-03 1.010026007476e-01
2.526562500000e+01 3.299380717590e-03 1.012819080118e-01
2.526875000000e+01 3.305727436861e-03 1.015619796690e-01
2.527187500000e+01 3.312087632434e-03 1.018427965376e-01
2.527500000000e+01 3.318460745207e-03 1.021243388558e-01
2.527812500000e+01 3.324846200407e-03 1.024065862729e-01
2.528125000000e+01 3.331243407364e-03 1.026895178403e-01
2.528437500000e+01 3.337651759284e-03 1.029731120022e-01
2.528750000000e+01 3.344070633054e-03 1.032573465874e-01
2.529062500000e+01 3.350499389019e-03 1.035421988000e-01
2.529375000000e+01 3.356937370771e-03 1.038276452110e-01
2.529687500000e+01 3.363383904961e-03 1.041136617498e-01
2.530000000000e+01 3.369838301063e-03 1.044002236956e-01
2.530312500000e+01 3.376299851229e-03 1.046873056695e-01
2.530625000000e+01 3.382767830058e-03 1.049748816257e-01
2.530937500000e+01 3.389241494426e-03 1.052629248442e-01
2.531250000000e+01 3.395720083309e-03 1.055514079225e-01
2.531562500000e+01 3.402202817592e-03 1.058403027685e-01
2.531875000000e+01 3.408688899929e-03 1.061295805924e-01
2.532187500000e+01 3.415177514560e-03 1.064192119003e-01
2.532500000000e+01 3.421667827169e-03 1.067091664866e-01
2.532812500000e+01 3.428158984737e-03 1.069994134276e-01
2.533125000000e+01 3.434650115397e-03 1.072899210753e-01
2.533437500000e+01 3.441140328320e-03 1.075806570508e-01
2.533750000000e+01 3.447628713590e-03 1.078715882388e-01
2.534062500000e+01 3.454114342088e-03 1.081626807820e-01
2.534375000000e+01 3.460596265419e-03 1.084539000761e-01
2.534687500000e+01 3.467073515770e-03 1.087452107649e-01
2.535000000000e+01 3.473545105906e-03 1.090365767358e-01
2.535312500000e+01 3.480010029049e-03 1.093279611160e-01
2.535625000000e+01 3.486467258851e-03 1.096193262690e-01
2.535937500000e+01 3.492915749351e-03 1.099106337911e-01
2.536250000000e+01 3.499354434942e-03 1.102018445092e-01
2.536562500000e+01 3.505782230373e-03 1.104929184785e-01
2.536875000000e+01 3.512198030746e-03 1.107838149807e-01
2.537187500000e+01 3.518600711532e-03 1.110744925229e-01
2.537500000000e+01 3.524989128611e-03 1.113649088373e-01
2.537812500000e+01 3.531362118315e-03 1.116550208811e-01
2.538125000000e+01 3.537718497508e-03 1.119447848368e-01
2.538437500000e+01 3.544057063665e-03 1.122341561140e-01
2.538750000000e+01 3.550376594974e-03 1.125230893508e-01
2.539062500000e+01 3.556675850468e-03 1.128115384167e-01
2.539375000000e+01 3.562953570147e-03 1.130994564156e-01
2.539687500000e+01 3.569208475175e-03 1.133867956899e-01
2.540000000000e+01 3.575439268027e-03 1.136735078251e-01
2.540312500000e+01 3.581644632714e-03 1.139595436553e-01
2.540625000000e+01 3.587823235005e-03 1.142448532696e-01
2.540937500000e+01 3.593973722663e-03 1.145293860187e-01
2.541250000000e+01 3.600094725735e-03 1.148130905232e-01
2.541562500000e+01 3.606184856833e-03 1.150959146820e-01
2.541875000000e+01 3.612242711452e-03 1.153778056819e-01
2.542187500000e+01 3.618266868323e-03 1.156587100084e-01
2.542500000000e+01 3.624255889753e-03 1.159385734565e-01
2.542812500000e+01 3.630208322049e-03 1.162173411434e-01
2.543125000000e+01 3.636122695915e-03 1.164949575215e-01
2.543437500000e+01 3.641997526901e-03 1.167713663925e-01
2.543750000000e+01 3.647831315872e-03 1.170465109229e-01
2.544062500000e+01 3.653622549494e-03 1.173203336597e-01
2.544375000000e+01 3.659369700779e-03 1.175927765478e-01
2.544687500000e+01 3.665071229617e-03 1.178637809481e-01
2.545000000000e+01 3.670725583356e-03 1.181332876567e-01
2.545312500000e+01 3.676331197414e-03 1.184012369251e-01
2.545625000000e+01 3.681886495898e-03 1.186675684812e-01
2.545937500000e+01 3.687389892285e-03 1.189322215521e-01
2.546250000000e+01 3.692839790096e-03 1.191951348872e-01
2.546562500000e+01 3.698234583614e-03 1.194562467828e-01
2.546875000000e+01 3.703572658640e-03 1.197154951072e-01
2.547187500000e+01 3.708852393244e-03 1.199728173280e-01
2.547500000000e+01 3.714072158589e-03 1.202281505390e-01
2.547812500000e+01 3.719230319743e-03 1.204814314895e-01
2.548125000000e+01 3.724325236544e-03 1.207325966138e-01
2.548437500000e+01 3.729355264478e-03 1.209815820621e-01
2.548750000000e+01 3.734318755580e-03 1.212283237324e-01
2.549062500000e+01 3.739214059381e-03 1.214727573034e-01
2.549375000000e+01 3.744039523876e-03 1.217148182685e-01
2.549687500000e+01 3.748793496485e-03 1.219544419708e-01
2.550000000000e+01 3.753474325091e-03 1.221915636387e-01
2.550312500000e+01 3.758080359046e-03 1.224261184232e-01
2.550625000000e+01 3.762609950260e-03 1.226580414358e-01
2.550937500000e+01 3.767061454261e-03 1.228872677868e-01
2.551250000000e+01 3.771433231306e-03 1.231137326255e-01
2.551562500000e+01 3.775723647499e-03 1.233373711801e-01
2.551875000000e+01 3.779931075928e-03 1.235581187999e-01
2.552187500000e+01 3.784053897839e-03 1.237759109966e-01
2.552500000000e+01 3.788090503809e-03 1.239906834878e-01
2.552812500000e+01 3.792039294932e-03 1.242023722404e-01
2.553125000000e+01 3.795898684040e-03 1.244109135148e-01
2.553437500000e+01 3.799667096909e-03 1.246162439098e-01
2.553750000000e+01 3.803342973511e-03 1.248183004083e-01
2.554062500000e+01 3.806924769257e-03 1.250170204232e-01
2.554375000000e+01 3.810410956234e-03 1.252123418440e-01
2.554687500000e+01 3.813800024488e-03 1.254042030832e-01
2.555000000000e+01 3.817090483270e-03 1.255925431244e-01
2.555312500000e+01 3.820280862326e-03 1.257773015690e-01
2.555625000000e+01 3.823369713163e-03 1.259584186847e-01
2.555937500000e+01 3.826355610323e-03 1.261358354531e-01
2.556250000000e+01 3.829237152658e-03 1.263094936179e-01
2.556562500000e+01 3.832012964590e-03 1.264793357328e-01
2.556875000000e+01 3.834681697392e-03 1.266453052100e-01
2.557187500000e+01 3.837242030434e-03 1.268073463680e-01
2.557500000000e+01 3.839692672435e-03 1.269654044792e-01
2.557812500000e+01 3.842032362703e-03 1.271194258178e-01
2.558125000000e+01 3.844259872341e-03 1.272693577070e-01
2.558437500000e+01 3.846374005485e-03 1.274151485656e-01
2.558750000000e+01 3.848373600480e-03 1.275567479549e-01
2.559062500000e+01 3.850257531047e-03 1.276941066239e-01
2.559375000000e+01 3.852024707447e-03 1.278271765551e-01
2.559687500000e+01 3.853674077587e-03 1.279559110088e-01
2.560000000000e+01 3.855204628149e-03 1.280802645668e-01
2.560312500000e+01 3.856615385650e-03 1.282001931751e-01
2.560625000000e+01 3.857905417483e-03 1.283156541865e-01
2.560937500000e+01 3.859073832944e-03 1.284266064008e-01
2.561250000000e+01 3.860119784188e-03 1.285330101052e-01
2.561562500000e+01 3.861042467203e-03 1.286348271128e-01
2.561875000000e+01 3.861841122694e-03 1.287320208003e-01
2.562187500000e+01 3.862515036966e-03 1.288245561439e-01
2.562500000000e+01 3.863063542744e-03 1.289123997543e-01
2.562812500000e+01 3.863486019949e-03 1.289955199103e-01
2.563125000000e+01 3.863781896455e-03 1.290738865903e-01
2.563437500000e+01 3.863950648787e-03 1.291474715033e-01
2.563750000000e+01 3.863991802748e-03 1.292162481168e-01
2.564062500000e+01 3.863904934036e-03 1.292801916848e-01
2.564375000000e+01 3.863689668781e-03 1.293392792725e-01
2.564687500000e+01 3.863345684056e-03 1.293934897799e-01
2.565000000000e+01 3.862872708323e-03 1.294428039641e-01
2.565312500000e+01 3.862270521814e-03 1.294872044587e-01
2.565625000000e+01 3.861538956891e-03 1.295266757917e-01
2.565937500000e+01 3.860677898300e-03 1.295612044020e-01
2.566250000000e+01 3.859687283440e-03 1.295907786533e-01
2.566562500000e+01 3.858567102504e-03 1.296153888457e-01
2.566875000000e+01 3.857317398616e-03 1.296350272264e-01
2.567187500000e+01 3.855938267882e-03 1.296496879973e-01
2.567500000000e+01 3.854429859389e-03 1.296593673210e-01
2.567812500000e+01 3.852792375165e-03 1.296640633246e-01
2.568125000000e+01 3.851026070057e-03 1.296637761015e-01
2.568437500000e+01 3.849131251574e-03 1.296585077109e-01
2.568750000000e+01 3.847108279653e-03 1.296482621758e-01
2.569062500000e+01 3.844957566368e-03 1.296330454778e-01
2.569375000000e+01 3.842679575624e-03 1.296128655512e-01
2.569687500000e+01 3.840274822738e-03 1.295877322740e-01
2.570000000000e+01 3.837743874006e-03 1.295576574572e-01
2.570312500000e+01 3.835087346202e-03 1.295226548323e-01
2.570625000000e+01 3.832305906013e-03 1.294827400363e-01
2.570937500000e+01 3.829400269452e-03 1.294379305952e-01
2.571250000000e+01 3.826371201197e-03 1.293882459057e-01
2.571562500000e+01 3.823219513884e-03 1.293337072142e-01
2.571875000000e+01 3.819946067359e-03 1.292743375948e-01
2.572187500000e+01 3.816551767867e-03 1.292101619249e-01
2.572500000000e+01 3.813037567233e-03 1.291412068600e-01
2.572812500000e+01 3.809404461951e-03 1.290675008050e-01
2.573125000000e+01 3.805653492278e-03 1.289890738860e-01
2.573437500000e+01 3.801785741245e-03 1.289059579191e-01
2.573750000000e+01 3.797802333655e-03 1.288181863777e-01
2.574062500000e+01 3.793704435052e-03 1.287257943593e-01
2.574375000000e+01 3.789493250633e-03 1.286288185499e-01
2.574687500000e+01 3.785170024145e-03 1.285272971874e-01
2.575000000000e+01 3.780736036742e-03 1.284212700241e-01
2.575312500000e+01 3.776192605807e-03 1.283107782874e-01
2.575625000000e+01 3.771541083779e-03 1.281958646398e-01
2.575937500000e+01 3.766782856921e-03 1.280765731377e-01
2.576250000000e+01 3.761919344078e-03 1.279529491892e-01
2.576562500000e+01 3.756951995432e-03 1.278250395112e-01
2.576875000000e+01 3.751882291190e-03 1.276928920853e-01
2.577187500000e+01 3.746711740336e-03 1.275565561133e-01
2.577500000000e+01 3.741441879287e-03 1.274160819720e-01
2.577812500000e+01 3.736074270604e-03 1.272715211672e-01
2.578125000000e+01 3.730610501639e-03 1.271229262873e-01
2.578437500000e+01 3.725052183207e-03 1.269703509565e-01
2.578750000000e+01 3.719400948259e-03 1.268138497876e-01
2.579062500000e+01 3.713658450533e-03 1.266534783346e-01
2.579375000000e+01 3.707826363204e-03 1.264892930447e-01
2.579687500000e+01 3.701906377551e-03 1.263213512109e-01
2.580000000000e+01 3.695900201602e-03 1.261497109235e-01
2.580312500000e+01 3.689809558825e-03 1.259744310229e-01
2.580625000000e+01 3.683636186777e-03 1.257955710509e-01
2.580937500000e+01 3.677381835792e-03 1.256131912038e-01
2.581250000000e+01 3.671048267677e-03 1.254273522843e-01
2.581562500000e+01 3.664637254399e-03 1.252381156543e-01
2.581875000000e+01 3.658150576816e-03 1.250455431881e-01
2.582187500000e+01 3.651590023394e-03 1.248496972259e-01
2.582500000000e+01 3.644957388976e-03 1.246506405275e-01
2.582812500000e+01 3.638254473514e-03 1.244484362265e-01
2.583125000000e+01 3.631483080869e-03 1.242431477855e-01
2.583437500000e+01 3.624645017618e-03 1.240348389517e-01
2.583750000000e+01 3.617742091874e-03 1.238235737123e-01
2.584062500000e+01 3.610776112129e-03 1.236094162523e-01
2.584375000000e+01 3.603748886136e-03 1.233924309111e-01
2.584687500000e+01 3.596662219781e-03 1.231726821416e-01
2.585000000000e+01 3.589517916036e-03 1.229502344686e-01
2.585312500000e+01 3.582317773881e-03 1.227251524493e-01
2.585625000000e+01 3.575063587287e-03 1.224975006337e-01
2.585937500000e+01 3.567757144219e-03 1.222673435266e-01
2.586250000000e+01 3.560400225654e-03 1.220347455498e-01
2.586562500000e+01 3.552994604653e-03 1.217997710062e-01
2.586875000000e+01 3.545542045446e-03 1.215624840440e-01
2.587187500000e+01 3.538044302540e-03 1.213229486223e-01
2.587500000000e+01 3.530503119884e-03 1.210812284775e-01
2.587812500000e+01 3.522920230015e-03 1.208373870911e-01
2.588125000000e+01 3.515297353300e-03 1.205914876582e-01
2.588437500000e+01 3.507636197154e-03 1.203435930570e-01
2.588750000000e+01 3.499938455312e-03 1.200937658196e-01
2.589062500000e+01 3.492205807135e-03 1.198420681037e-01
2.589375000000e+01 3.484439916925e-03 1.195885616653e-01
2.589687500000e+01 3.476642433302e-03 1.193333078329e-01
2.590000000000e+01 3.468814988586e-03 1.190763674818e-01
2.590312500000e+01 3.460959198222e-03 1.188178010107e-01
2.590625000000e+01 3.453076660230e-03 1.185576683185e-01
2.590937500000e+01 3.445168954675e-03 1.182960287822e-01
2.591250000000e+01 3.437237643196e-03 1.180329412363e-01
2.591562500000e+01 3.429284268539e-03 1.177684639529e-01
2.591875000000e+01 3.421310354112e-03 1.175026546229e-01
2.592187500000e+01 3.413317403615e-03 1.172355703380e-01
2.592500000000e+01 3.405306900604e-03 1.169672675742e-01
2.592812500000e+01 3.397280308217e-03 1.166978021761e-01
2.593125000000e+01 3.389239068797e-03 1.164272293416e-01
2.593437500000e+01 3.381184603624e-03 1.161556036085e-01
2.593750000000e+01 3.373118312637e-03 1.158829788414e-01
2.594062500000e+01 3.365041574185e-03 1.156094082199e-01
2.594375000000e+01 3.356955744822e-03 1.153349442271e-01
2.594687500000e+01 3.348862159106e-03 1.150596386398e-01
2.595000000000e+01 3.340762129423e-03 1.147835425193e-01
2.595312500000e+01 3.332656945846e-03 1.145067062025e-01
2.595625000000e+01 3.324547875997e-03 1.142291792944e-01
2.595937500000e+01 3.316436164960e-03 1.139510106617e-01
2.596250000000e+01 3.308323035184e-03 1.136722484261e-01
2.596562500000e+01 3.300209686421e-03 1.133929399597e-01
2.596875000000e+01 3.292097295700e-03 1.131131318798e-01
2.597187500000e+01 3.283987017258e-03 1.128328700458e-01
2.597500000000e+01 3.275879982592e-03 1.125521995555e-01
2.597812500000e+01 3.267777300429e-03 1.122711647431e-01
2.598125000000e+01 3.259680056768e-03 1.119898091771e-01
2.598437500000e+01 3.251589314928e-03 1.117081756594e-01
2.598750000000e+01 3.243506115595e-03 1.114263062249e-01
2.599062500000e+01 3.235431476914e-03 1.111442421411e-01
2.599375000000e+01 3.227366394573e-03 1.108620239092e-01
2.599687500000e+01 3.219311841901e-03 1.105796912650e-01
2.600000000000e+01 3.211268769997e-03 1.102972831808e-01
2.600312500000e+01 3.203238107838e-03 1.100148378672e-01
2.600625000000e+01 3.195220762448e-03 1.097323927765e-01
2.600937500000e+01 3.187217619029e-03 1.094499846051e-01
2.601250000000e+01 3.179229541135e-03 1.091676492974e-01
2.601562500000e+01 3.171257370854e-03 1.088854220499e-01
2.601875000000e+01 3.163301928952e-03 1.086033373154e-01
2.602187500000e+01 3.155364015122e-03 1.083214288078e-01
2.602500000000e+01 3.147444408142e-03 1.080397295073e-01
2.602812500000e+01 3.139543866102e-03 1.077582716658e-01
2.603125000000e+01 3.131663126618e-03 1.074770868125e-01
2.603437500000e+01 3.123802907044e-03 1.071962057604e-01
2.603750000000e+01 3.115963904722e-03 1.069156586123e-01
2.604062500000e+01 3.108146797200e-03 1.066354747676e-01
2.604375000000e+01 3.100352242483e-03 1.063556829292e-01
2.604687500000e+01 3.092580879278e-03 1.060763111104e-01
2.605000000000e+01 3.084833327233e-03 1.057973866425e-01
2.605312500000e+01 3.077110187210e-03 1.055189361820e-01
2.605625000000e+01 3.069412041535e-03 1.052409857189e-01
2.605937500000e+01 3.061739454261e-03 1.049635605838e-01
2.606250000000e+01 3.054092971434e-03 1.046866854565e-01
2.606562500000e+01 3.046473121352e-03 1.044103843743e-01
2.606875000000e+01 3.038880414857e-03 1.041346807395e-01
2.607187500000e+01 3.031315345588e-03 1.038595973289e-01
2.607500000000e+01 3.023778390260e-03 1.035851563016e-01
2.607812500000e+01 3.016270008947e-03 1.033113792079e-01
2.608125000000e+01 3.008790645339e-03 1.030382869979e-01
2.608437500000e+01 3.001340727048e-03 1.027659000305e-01
2.608750000000e+01 2.993920665860e-03 1.024942380819e-01
2.609062500000e+01 2.986530858027e-03 1.022233203548e-01
2.609375000000e+01 2.979171684544e-03 1.019531654875e-01
2.609687500000e+01 2.971843511413e-03 1.016837915620e-01
2.610000000000e+01 2.964546689941e-03 1.014152161142e-01
2.610312500000e+01 2.957281557002e-03 1.011474561418e-01
2.610625000000e+01 2.950048435319e-03 1.008805281141e-01
2.610937500000e+01 2.942847633737e-03 1.006144479805e-01
2.611250000000e+01 2.935679447486e-03 1.003492311798e-01
2.611562500000e+01 2.928544158470e-03 1.000848926490e-01
2.611875000000e+01 2.921442035534e-03 9.982144683220e-02
2.612187500000e+01 2.914373334719e-03 9.955890768979e-02
2.612500000000e+01 2.907338299541e-03 9.929728870707e-02
2.612812500000e+01 2.900337161243e-03 9.903660290320e-02
2.613125000000e+01 2.893370139075e-03 9.877686283996e-02
2.613437500000e+01 2.886437440540e-03 9.851808063055e-02
2.613750000000e+01 2.879539261653e-03 9.826026794819e-02
2.614062500000e+01 2.872675787204e-03 9.800343603480e-02
2.614375000000e+01 2.865847190995e-03 9.774759570955e-02
2.614687500000e+01 2.859053636105e-03 9.749275737733e-02
2.615000000000e+01 2.852295275130e-03 9.723893103717e-02
2.615312500000e+01 2.845572250425e-03 9.698612629056e-02
2.615625000000e+01 2.838884694351e-03 9.673435234975e-02
2.615937500000e+01 2.832232729501e-03 9.648361804588e-02
2.616250000000e+01 2.825616468948e-03 9.623393183708e-02
2.616562500000e+01 2.819036016474e-03 9.598530181646e-02
2.616875000000e+01 2.812491466793e-03 9.573773572004e-02
2.617187500000e+01 2.805982905780e-03 9.549124093454e-02
2.617500000000e+01 2.799510410687e-03 9.524582450513e-02
2.617812500000e+01 2.793074050375e-03 9.500149314302e-02
2.618125000000e+01 2.786673885520e-03 9.475825323300e-02
2.618437500000e+01 2.780309968825e-03 9.451611084087e-02
2.618750000000e+01 2.773982345238e-03 9.427507172079e-02
2.619062500000e+01 2.767691052137e-03 9.403514132244e-02
2.619375000000e+01 2.761436119561e-03 9.379632479820e-02
2.619687500000e+01 2.755217570386e-03 9.355862701017e-02
2.620000000000e+01 2.749035420534e-03 9.332205253704e-02
2.620312500000e+01 2.742889679160e-03 9.308660568095e-02
2.620625000000e+01 2.736780348832e-03 9.285229047416e-02
2.620937500000e+01 2.730707425735e-03 9.261911068566e-02
2.621250000000e+01 2.724670899846e-03 9.238706982770e-02
2.621562500000e+01 2.718670755106e-03 9.215617116214e-02
2.621875000000e+01 2.712706969603e-03 9.192641770673e-02
2.622187500000e+01 2.706779515737e-03 9.169781224135e-02
2.622500000000e+01 2.700888360402e-03 9.147035731401e-02
2.622812500000e+01 2.695033465140e-03 9.124405524690e-02
2.623125000000e+01 2.689214786309e-03 9.101890814217e-02
2.623437500000e+01 2.683432275246e-03 9.079491788778e-02
2.623750000000e+01 2.677685878409e-03 9.057208616309e-02
2.624062500000e+01 2.671975537548e-03 9.035041444449e-02
2.624375000000e+01 2.666301189846e-03 9.012990401079e-02
2.624687500000e+01 2.660662768066e-03 8.991055594860e-02
2.625000000000e+01 2.655060200701e-03 8.969237115761e-02
2.625312500000e+01 2.649493412100e-03 8.947535035570e-02
2.625625000000e+01 2.643962322623e-03 8.925949408405e-02
2.625937500000e+01 2.638466848775e-03 8.904480271204e-02
2.626250000000e+01 2.633006903324e-03 8.883127644218e-02
2.626562500000e+01 2.627582395446e-03 8.861891531480e-02
2.626875000000e+01 2.622193230834e-03 8.840771921279e-02
2.627187500000e+01 2.616839311842e-03 8.819768786616e-02
2.627500000000e+01 2.611520537592e-03 8.798882085647e-02
2.627812500000e+01 2.606236804099e-03 8.778111762133e-02
2.628125000000e+01 2.600988004383e-03 8.757457745860e-02
2.628437500000e+01 2.595774028578e-03 8.736919953065e-02
2.628750000000e+01 2.590594764052e-03 8.716498286852e-02
2.629062500000e+01 2.585450095511e-03 8.696192637588e-02
2.629375000000e+01 2.580339905100e-03 8.676002883306e-02
2.629687500000e+01 2.575264072512e-03 8.655928890084e-02
2.630000000000e+01 2.570222475079e-03 8.635970512433e-02
2.630312500000e+01 2.565214987882e-03 8.616127593658e-02
2.630625000000e+01 2.560241483838e-03 8.596399966227e-02
2.630937500000e+01 2.555301833801e-03 8.576787452121e-02
2.631250000000e+01 2.550395906644e-03 8.557289863183e-02
2.631562500000e+01 2.545523569347e-03 8.537907001454e-02
2.631875000000e+01 2.540684687094e-03 8.518638659507e-02
2.632187500000e+01 2.535879123351e-03 8.499484620769e-02
2.632500000000e+01 2.531106739950e-03 8.480444659836e-02
2.632812500000e+01 2.526367397166e-03 8.461518542783e-02
2.633125000000e+01 2.521660953795e-03 8.442706027469e-02
2.633437500000e+01 2.516987267237e-03 8.424006863826e-02
2.633750000000e+01 2.512346193562e-03 8.405420794149e-02
2.634062500000e+01 2.507737587588e-03 8.386947553382e-02
2.634375000000e+01 2.503161302953e-03 8.368586869385e-02
2.634687500000e+01 2.498617192167e-03 8.350338463206e-02
2.635000000000e+01 2.494105106704e-03 8.332202049346e-02
2.635312500000e+01 2.489624897047e-03 8.314177336006e-02
2.635625000000e+01 2.485176412767e-03 8.296264025344e-02
2.635937500000e+01 2.480759502569e-03 8.278461813716e-02
2.636250000000e+01 2.476374014357e-03 8.260770391911e-02
2.636562500000e+01 2.472019795298e-03 8.243189445384e-02
2.636875000000e+01 2.467696691875e-03 8.225718654484e-02
2.637187500000e+01 2.463404549940e-03 8.208357694671e-02
2.637500000000e+01 2.459143214771e-03 8.191106236731e-02
2.637812500000e+01 2.454912531117e-03 8.173963946989e-02
2.638125000000e+01 2.450712343258e-03 8.156930487509e-02
2.638437500000e+01 2.446542495049e-03 8.140005516295e-02
2.638750000000e+01 2.442402829968e-03 8.123188687483e-02
2.639062500000e+01 2.438293191164e-03 8.106479651533e-02
2.639375000000e+01 2.434213421493e-03 8.089878055412e-02
2.639687500000e+01 2.430163363579e-03 8.073383542772e-02
2.640000000000e+01 2.426142859837e-03 8.056995754124e-02
2.640312500000e+01 2.422151752536e-03 8.040714327015e-02
2.640625000000e+01 2.418189883816e-03 8.024538896183e-02
2.640937500000e+01 2.414257095737e-03 8.008469093727e-02
2.641250000000e+01 2.410353230321e-03 7.992504549261e-02
2.641562500000e+01 2.406478129582e-03 7.976644890067e-02
2.641875000000e+01 2.402631635563e-03 7.960889741244e-02
2.642187500000e+01 2.398813590372e-03 7.945238725853e-02
2.642500000000e+01 2.395023836208e-03 7.929691465058e-02
2.642812500000e+01 2.391262215402e-03 7.914247578263e-02
2.643125000000e+01 2.387528570446e-03 7.898906683245e-02
2.643437500000e+01 2.383822744018e-03 7.883668396287e-02
2.643750000000e+01 2.380144579018e-03 7.868532332298e-02
2.644062500000e+01 2.376493918585e-03 7.853498104941e-02
2.644375000000e+01 2.372870606140e-03 7.838565326753e-02
2.644687500000e+01 2.369274485396e-03 7.823733609253e-02
2.645000000000e+01 2.365705400403e-03 7.809002563067e-02
2.645312500000e+01 2.362163195551e-03 7.794371798027e-02
2.645625000000e+01 2.358647715603e-03 7.779840923282e-02
2.645937500000e+01 2.355158805724e-03 7.765409547401e-02
2.646250000000e+01 2.351696311494e-03 7.751077278475e-02
2.646562500000e+01 2.348260078936e-03 7.736843724211e-02
2.646875000000e+01 2.344849954533e-03 7.722708492028e-02
2.647187500000e+01 2.341465785243e-03 7.708671189154e-02
2.647500000000e+01 2.338107418530e-03 7.694731422705e-02
2.647812500000e+01 2.334774702373e-03 7.680888799782e-02
2.648125000000e+01 2.331467485289e-03 7.667142927550e-02
2.648437500000e+01 2.328185616347e-03 7.653493413317e-02
2.648750000000e+01 2.324928945181e-03 7.639939864621e-02
2.649062500000e+01 2.321697322016e-03 7.626481889299e-02
2.649375000000e+01 2.318490597675e-03 7.613119095566e-02
2.649687500000e+01 2.315308623594e-03 7.599851092085e-02
2.650000000000e+01 2.312151251847e-03 7.586677488037e-02
2.650312500000e+01 2.309018335138e-03 7.573597893192e-02
2.650625000000e+01 2.305909726833e-03 7.560611917968e-02
2.650937500000e+01 2.302825280967e-03 7.547719173503e-02
2.651250000000e+01 2.299764852252e-03 7.534919271709e-02
2.651562500000e+01 2.296728296095e-03 7.522211825335e-02
2.651875000000e+01 2.293715468598e-03 7.509596448026e-02
2.652187500000e+01 2.290726226581e-03 7.497072754377e-02
2.652500000000e+01 2.287760427586e-03 7.484640359988e-02
2.652812500000e+01 2.284817929886e-03 7.472298881513e-02
2.653125000000e+01 2.281898592498e-03 7.460047936716e-02
2.653437500000e+01 2.279002275180e-03 7.447887144517e-02
2.653750000000e+01 2.276128838456e-03 7.435816125039e-02
2.654062500000e+01 2.273278143615e-03 7.423834499653e-02
2.654375000000e+01 2.270450052713e-03 7.411941891024e-02
2.654687500000e+01 2.267644428598e-03 7.400137923153e-02
2.655000000000e+01 2.264861134891e-03 7.388422221418e-02
2.655312500000e+01 2.262100036013e-03 7.376794412612e-02
2.655625000000e+01 2.259360997185e-03 7.365254124986e-02
2.655937500000e+01 2.256643884431e-03 7.353800988279e-02
2.656250000000e+01 2.253948564585e-03 7.342434633759e-02
2.656562500000e+01 2.251274905295e-03 7.331154694256e-02
2.656875000000e+01 2.248622775029e-03 7.319960804195e-02
2.657187500000e+01 2.245992043081e-03 7.308852599625e-02
2.657500000000e+01 2.243382579571e-03 7.297829718256e-02
2.657812500000e+01 2.240794255455e-03 7.286891799481e-02
2.658125000000e+01 2.238226942516e-03 7.276038484410e-02
2.658437500000e+01 2.235680513383e-03 7.265269415895e-02
2.658750000000e+01 2.233154841523e-03 7.254584238556e-02
2.659062500000e+01 2.230649801249e-03 7.243982598806e-02
2.659375000000e+01 2.228165267727e-03 7.233464144876e-02
2.659687500000e+01 2.225701116955e-03 7.223028526839e-02
2.660000000000e+01 2.223257225800e-03 7.212675396631e-02
2.660312500000e+01 2.220833471974e-03 7.202404408070e-02
2.660625000000e+01 2.218429734045e-03 7.192215216881e-02
2.660937500000e+01 2.216045891439e-03 7.182107480712e-02
2.661250000000e+01 2.213681824432e-03 7.172080859156e-02
2.661562500000e+01 2.211337414167e-03 7.162135013764e-02
2.661875000000e+01 2.209012542643e-03 7.152269608066e-02
2.662187500000e+01 2.206707092718e-03 7.142484307586e-02
2.662500000000e+01 2.204420948113e-03 7.132778779857e-02
2.662812500000e+01 2.202153993403e-03 7.123152694436e-02
2.663125000000e+01 2.199906114032e-03 7.113605722920e-02
2.663437500000e+01 2.197677196299e-03 7.104137538956e-02
2.663750000000e+01 2.195467127366e-03 7.094747818255e-02
2.664062500000e+01 2.193275795262e-03 7.085436238604e-02
2.664375000000e+01 2.191103088856e-03 7.076202479880e-02
2.664687500000e+01 2.188948897898e-03 7.067046224055e-02
2.665000000000e+01 2.186813112986e-03 7.057967155213e-02
2.665312500000e+01 2.184695625577e-03 7.048964959552e-02
2.665625000000e+01 2.182596327987e-03 7.040039325400e-02
2.665937500000e+01 2.180515113383e-03 7.031189943220e-02
2.666250000000e+01 2.178451875790e-03 7.022416505618e-02
2.666562500000e+01 2.176406510087e-03 7.013718707352e-02
2.666875000000e+01 2.174378912002e-03 7.005096245335e-02
2.667187500000e+01 2.172368978119e-03 6.996548818649e-02
2.667500000000e+01 2.170376605860e-03 6.988076128541e-02
2.667812500000e+01 2.168401693504e-03 6.979677878437e-02
2.668125000000e+01 2.166444140172e-03 6.971353773943e-02
2.668437500000e+01 2.164503845827e-03 6.963103522852e-02
2.668750000000e+01 2.162580711278e-03 6.954926835143e-02
2.669062500000e+01 2.160674638163e-03 6.946823422993e-02
2.669375000000e+01 2.158785528971e-03 6.938793000774e-02
2.669687500000e+01 2.156913287017e-03 6.930835285057e-02
2.670000000000e+01 2.155057816452e-03 6.922949994619e-02
2.670312500000e+01 2.153219022259e-03 6.915136850440e-02
2.670625000000e+01 2.151396810243e-03 6.907395575708e-02
2.670937500000e+01 2.149591087041e-03 6.899725895821e-02
2.671250000000e+01 2.147801760113e-03 6.892127538387e-02
2.671562500000e+01 2.146028737736e-03 6.884600233226e-02
2.671875000000e+01 2.144271929012e-03 6.877143712369e-02
2.672187500000e+01 2.142531243850e-03 6.869757710063e-02
2.672500000000e+01 2.140806592977e-03 6.862441962767e-02
2.672812500000e+01 2.139097887930e-03 6.855196209152e-02
2.673125000000e+01 2.137405041053e-03 6.848020190106e-02
2.673437500000e+01 2.135727965497e-03 6.840913648725e-02
2.673750000000e+01 2.134066575206e-03 6.833876330321e-02
2.674062500000e+01 2.132420784936e-03 6.826907982415e-02
2.674375000000e+01 2.130790510231e-03 6.820008354740e-02
2.674687500000e+01 2.129175667428e-03 6.813177199235e-02
2.675000000000e+01 2.127576173660e-03 6.806414270048e-02
2.675312500000e+01 2.125991946837e-03 6.799719323532e-02
2.675625000000e+01 2.124422905663e-03 6.793092118243e-02
2.675937500000e+01 2.122868969619e-03 6.786532414940e-02
2.676250000000e+01 2.121330058964e-03 6.780039976579e-02
2.676562500000e+01 2.119806094736e-03 6.773614568314e-02
2.676875000000e+01 2.118296998738e-03 6.767255957492e-02
2.677187500000e+01 2.116802693546e-03 6.760963913653e-02
2.677500000000e+01 2.115323102502e-03 6.754738208524e-02
2.677812500000e+01 2.113858149711e-03 6.748578616020e-02
2.678125000000e+01 2.112407760038e-03 6.742484912234e-02
2.678437500000e+01 2.110971859100e-03 6.736456875443e-02
2.678750000000e+01 2.109550373269e-03 6.730494286096e-02
2.679062500000e+01 2.108143229672e-03 6.724596926817e-02
2.679375000000e+01 2.106750356179e-03 6.718764582397e-02
2.679687500000e+01 2.105371681406e-03 6.712997039793e-02
2.680000000000e+01 2.104007134703e-03 6.707294088123e-02
2.680312500000e+01 2.102656646164e-03 6.701655518662e-02
2.680625000000e+01 2.101320146616e-03 6.696081124839e-02
2.680937500000e+01 2.099997567616e-03 6.690570702232e-02
2.681250000000e+01 2.098688841453e-03 6.685124048565e-02
2.681562500000e+01 2.097393901132e-03 6.679740963702e-02
2.681875000000e+01 2.096112680388e-03 6.674421249646e-02
2.682187500000e+01 2.094845113671e-03 6.669164710531e-02
2.682500000000e+01 2.093591136148e-03 6.663971152618e-02
2.682812500000e+01 2.092350683698e-03 6.658840384295e-02
2.683125000000e+01 2.091123692904e-03 6.653772216067e-02
2.683437500000e+01 2.089910101061e-03 6.648766460555e-02
2.683750000000e+01 2.088709846168e-03 6.643822932491e-02
2.684062500000e+01 2.087522866920e-03 6.638941448711e-02
2.684375000000e+01 2.086349102712e-03 6.634121828153e-02
2.684687500000e+01 2.085188493625e-03 6.629363891853e-02
2.685000000000e+01 2.084040980440e-03 6.624667462936e-02
2.685312500000e+01 2.082906504621e-03 6.620032366617e-02
2.685625000000e+01 2.081785008317e-03 6.615458430191e-02
2.685937500000e+01 2.080676434362e-03 6.610945483035e-02
2.686250000000e+01 2.079580726261e-03 6.606493356593e-02
2.686562500000e+01 2.078497828200e-03 6.602101884383e-02
2.686875000000e+01 2.077427685039e-03 6.597770901983e-02
2.687187500000e+01 2.076370242304e-03 6.593500247031e-02
2.687500000000e+01 2.075325446192e-03 6.589289759219e-02
2.687812500000e+01 2.074293243557e-03 6.585139280288e-02
2.688125000000e+01 2.073273581918e-03 6.581048654025e-02
2.688437500000e+01 2.072266409457e-03 6.577017726256e-02
2.688750000000e+01 2.071271675004e-03 6.573046344840e-02
2.689062500000e+01 2.070289328048e-03 6.569134359669e-02
2.689375000000e+01 2.069319318718e-03 6.565281622659e-02
2.689687500000e+01 2.068361597799e-03 6.561487987750e-02
2.690000000000e+01 2.067416116718e-03 6.557753310893e-02
2.690312500000e+01 2.066482827541e-03 6.554077450056e-02
2.690625000000e+01 2.065561682978e-03 6.550460265210e-02
2.690937500000e+01 2.064652636367e-03 6.546901618330e-02
2.691250000000e+01 2.063755641687e-03 6.543401373390e-02
2.691562500000e+01 2.062870653545e-03 6.539959396354e-02
2.691875000000e+01 2.061997627175e-03 6.536575555177e-02
2.692187500000e+01 2.061136518442e-03 6.533249719799e-02
2.692500000000e+01 2.060287283824e-03 6.529981762137e-02
2.692812500000e+01 2.059449880427e-03 6.526771556085e-02
2.693125000000e+01 2.058624265978e-03 6.523618977508e-02
2.693437500000e+01 2.057810398814e-03 6.520523904237e-02
2.693750000000e+01 2.057008237888e-03 6.517486216064e-02
2.694062500000e+01 2.056217742759e-03 6.514505794743e-02
2.694375000000e+01 2.055438873599e-03 6.511582523976e-02
2.694687500000e+01 2.054671591187e-03 6.508716289420e-02
2.695000000000e+01 2.053915856904e-03 6.505906978673e-02
2.695312500000e+01 2.053171632732e-03 6.503154481277e-02
2.695625000000e+01 2.052438881251e-03 6.500458688710e-02
2.695937500000e+01 2.051717565641e-03 6.497819494385e-02
2.696250000000e+01 2.051007649675e-03 6.495236793641e-02
2.696562500000e+01 2.050309097719e-03 6.492710483746e-02
2.696875000000e+01 2.049621874732e-03 6.490240463887e-02
2.697187500000e+01 2.048945946253e-03 6.487826635170e-02
2.697500000000e+01 2.048281278416e-03 6.485468900614e-02
2.697812500000e+01 2.047627837935e-03 6.483167165149e-02
2.698125000000e+01 2.046985592108e-03 6.480921335613e-02
2.698437500000e+01 2.046354508815e-03 6.478731320745e-02
2.698750000000e+01 2.045734556507e-03 6.476597031185e-02
2.699062500000e+01 2.045125704216e-03 6.474518379469e-02
2.699375000000e+01 2.044527921549e-03 6.472495280024e-02
2.699687500000e+01 2.043941178685e-03 6.470527649170e-02
2.700000000000e+01 2.043365446374e-03 6.468615405111e-02
2.700312500000e+01 2.042800695929e-03 6.466758467934e-02
2.700625000000e+01 2.042246899239e-03 6.464956759606e-02
2.700937500000e+01 2.041704028752e-03 6.463210203973e-02
2.701250000000e+01 2.041172057483e-03 6.461518726751e-02
2.701562500000e+01 2.040650959008e-03 6.459882255530e-02
2.701875000000e+01 2.040140707459e-03 6.458300719768e-02
2.702187500000e+01 2.039641277533e-03 6.456774050785e-02
2.702500000000e+01 2.039152644479e-03 6.455302181768e-02
2.702812500000e+01 2.038674784107e-03 6.453885047762e-02
2.703125000000e+01 2.038207672777e-03 6.452522585667e-02
2.703437500000e+01 2.037751287399e-03 6.451214734241e-02
2.703750000000e+01 2.037305605440e-03 6.449961434093e-02
2.704062500000e+01 2.036870604911e-03 6.448762627682e-02
2.704375000000e+01 2.036446264375e-03 6.447618259315e-02
2.704687500000e+01 2.036032562943e-03 6.446528275143e-02
2.705000000000e+01 2.035629480264e-03 6.445492623163e-02
2.705312500000e+01 2.035236996538e-03 6.444511253209e-02
2.705625000000e+01 2.034855092507e-03 6.443584116958e-02
2.705937500000e+01 2.034483749453e-03 6.442711167923e-02
2.706250000000e+01 2.034122949201e-03 6.441892361451e-02
2.706562500000e+01 2.033772674109e-03 6.441127654723e-02
2.706875000000e+01 2.033432907082e-03 6.440417006754e-02
2.707187500000e+01 2.033103631553e-03 6.439760378386e-02
2.707500000000e+01 2.032784831502e-03 6.439157732292e-02
2.707812500000e+01 2.032476491437e-03 6.438609032971e-02
2.708125000000e+01 2.032178596396e-03 6.438114246747e-02
2.708437500000e+01 2.031891131959e-03 6.437673341770e-02
2.708750000000e+01 2.031614084232e-03 6.437286288013e-02
2.709062500000e+01 2.031347439855e-03 6.436953057269e-02
2.709375000000e+01 2.031091186000e-03 6.436673623155e-02
2.709687500000e+01 2.030845310362e-03 6.436447961104e-02
2.710000000000e+01 2.030609801170e-03 6.436276048371e-02
2.710312500000e+01 2.030384647182e-03 6.436157864028e-02
2.710625000000e+01 2.030169837679e-03 6.436093388964e-02
2.710937500000e+01 2.029965362474e-03 6.436082605885e-02
2.711250000000e+01 2.029771211897e-03 6.436125499313e-02
2.711562500000e+01 2.029587376813e-03 6.436222055585e-02
2.711875000000e+01 2.029413848607e-03 6.436372262852e-02
2.712187500000e+01 2.029250619185e-03 6.436576111082e-02
2.712500000000e+01 2.029097680988e-03 6.436833592055e-02
2.712812500000e+01 2.028955026965e-03 6.437144699366e-02
2.713125000000e+01 2.028822650598e-03 6.437509428425e-02
2.713437500000e+01 2.028700545888e-03 6.437927776452e-02
2.713750000000e+01 2.028588707357e-03 6.438399742486e-02
2.714062500000e+01 2.028487130052e-03 6.438925327377e-02
2.714375000000e+01 2.028395809534e-03 6.439504533788e-02
2.714687500000e+01 2.028314741893e-03 6.440137366200e-02
2.715000000000e+01 2.028243923734e-03 6.440823830906e-02
2.715312500000e+01 2.028183352184e-03 6.441563936015e-02
2.715625000000e+01 2.028133024895e-03 6.442357691451e-02
2.715937500000e+01 2.028092940027e-03 6.443205108957e-02
2.716250000000e+01 2.028063096272e-03 6.444106202089e-02
2.716562500000e+01 2.028043492836e-03 6.445060986224e-02
2.716875000000e+01 2.028034129443e-03 6.446069478556e-02
2.717187500000e+01 2.028035006347e-03 6.447131698099e-02
2.717500000000e+01 2.028046124307e-03 6.448247665687e-02
2.717812500000e+01 2.028067484611e-03 6.449417403977e-02
2.718125000000e+01 2.028099089065e-03 6.450640937448e-02
2.718437500000e+01 2.028140939995e-03 6.451918292401e-02
2.718750000000e+01 2.028193040249e-03 6.453249496967e-02
2.719062500000e+01 2.028255393188e-03 6.454634581099e-02
2.719375000000e+01 2.028328002701e-03 6.456073576580e-02
2.719687500000e+01 2.028410873196e-03 6.457566517026e-02
2.720000000000e+01 2.028504009600e-03 6.459113437879e-02
2.720312500000e+01 2.028607417366e-03 6.460714376418e-02
2.720625000000e+01 2.028721102460e-03 6.462369371757e-02
2.720937500000e+01 2.028845071378e-03 6.464078464845e-02
2.721250000000e+01 2.028979331134e-03 6.465841698471e-02
2.721562500000e+01 2.029123889267e-03 6.467659117267e-02
2.721875000000e+01 2.029278753846e-03 6.469530767705e-02
2.722187500000e+01 2.029443933444e-03 6.471456698104e-02
2.722500000000e+01 2.029619437181e-03 6.473436958631e-02
2.722812500000e+01 2.029805274689e-03 6.475471601303e-02
2.723125000000e+01 2.030001456129e-03 6.477560679990e-02
2.723437500000e+01 2.030207992190e-03 6.479704250416e-02
2.723750000000e+01 2.030424894082e-03 6.481902370163e-02
2.724062500000e+01 2.030652173550e-03 6.484155098676e-02
2.724375000000e+01 2.030889842863e-03 6.486462497261e-02
2.724687500000e+01 2.031137914821e-03 6.488824629090e-02
2.725000000000e+01 2.031396402755e-03 6.491241559205e-02
2.725312500000e+01 2.031665320520e-03 6.493713354521e-02
2.725625000000e+01 2.031944682512e-03 6.496240083827e-02
2.725937500000e+01 2.032234503654e-03 6.498821817791e-02
2.726250000000e+01 2.032534799402e-03 6.501458628963e-02
2.726562500000e+01 2.032845585757e-03 6.504150591779e-02
2.726875000000e+01 2.033166879236e-03 6.506897782561e-02
2.727187500000e+01 2.033498696909e-03 6.509700279527e-02
2.727500000000e+01 2.033841056379e-03 6.512558162786e-02
2.727812500000e+01 2.034193975785e-03 6.515471514350e-02
2.728125000000e+01 2.034557473812e-03 6.518440418133e-02
2.728437500000e+01 2.034931569676e-03 6.521464959956e-02
2.728750000000e+01 2.035316283144e-03 6.524545227549e-02
2.729062500000e+01 2.035711634525e-03 6.527681310560e-02
2.729375000000e+01 2.036117644670e-03 6.530873300553e-02
2.729687500000e+01 2.036534334979e-03 6.534121291016e-02
2.730000000000e+01 2.036961727396e-03 6.537425377364e-02
2.730312500000e+01 2.037399844417e-03 6.540785656944e-02
2.730625000000e+01 2.037848709087e-03 6.544202229037e-02
2.730937500000e+01 2.038308345002e-03 6.547675194865e-02
2.731250000000e+01 2.038778776314e-03 6.551204657595e-02
2.731562500000e+01 2.039260027720e-03 6.554790722342e-02
2.731875000000e+01 2.039752124488e-03 6.558433496175e-02
2.732187500000e+01 2.040255092433e-03 6.562133088122e-02
2.732500000000e+01 2.040768957931e-03 6.565889609174e-02
2.732812500000e+01 2.041293747922e-03 6.569703172289e-02
2.733125000000e+01 2.041829489903e-03 6.573573892399e-02
2.733437500000e+01 2.042376211940e-03 6.577501886412e-02
2.733750000000e+01 2.042933942663e-03 6.581487273221e-02
2.734062500000e+01 2.043502711270e-03 6.585530173705e-02
2.734375000000e+01 2.044082547530e-03 6.589630710737e-02
2.734687500000e+01 2.044673481776e-03 6.593789009188e-02
2.735000000000e+01 2.045275544923e-03 6.598005195933e-02
2.735312500000e+01 2.045888768455e-03 6.602279399854e-02
2.735625000000e+01 2.046513184436e-03 6.606611751849e-02
2.735937500000e+01 2.047148825510e-03 6.611002384836e-02
2.736250000000e+01 2.047795724891e-03 6.615451433757e-02
2.736562500000e+01 2.048453916391e-03 6.619959035584e-02
2.736875000000e+01 2.049123434397e-03 6.624525329327e-02
2.737187500000e+01 2.049804313883e-03 6.629150456038e-02
2.737500000000e+01 2.050496590417e-03 6.633834558815e-02
2.737812500000e+01 2.051200300149e-03 6.638577782813e-02
2.738125000000e+01 2.051915479830e-03 6.643380275242e-02
2.738437500000e+01 2.052642166801e-03 6.648242185380e-02
2.738750000000e+01 2.053380399005e-03 6.653163664577e-02
2.739062500000e+01 2.054130214981e-03 6.658144866257e-02
2.739375000000e+01 2.054891653868e-03 6.663185945930e-02
2.739687500000e+01 2.055664755412e-03 6.668287061195e-02
2.740000000000e+01 2.056449559964e-03 6.673448371746e-02
2.740312500000e+01 2.057246108485e-03 6.678670039377e-02
2.740625000000e+01 2.058054442546e-03 6.683952227993e-02
2.740937500000e+01 2.058874604327e-03 6.689295103610e-02
2.741250000000e+01 2.059706636629e-03 6.694698834367e-02
2.741562500000e+01 2.060550582871e-03 6.700163590526e-02
2.741875000000e+01 2.061406487090e-03 6.705689544486e-02
2.742187500000e+01 2.062274393949e-03 6.711276870783e-02
2.742500000000e+01 2.063154348728e-03 6.716925746099e-02
2.742812500000e+01 2.064046397344e-03 6.722636349269e-02
2.743125000000e+01 2.064950586341e-03 6.728408861284e-02
2.743437500000e+01 2.065866962897e-03 6.734243465304e-02
2.743750000000e+01 2.066795574825e-03 6.740140346658e-02
2.744062500000e+01 2.067736470573e-03 6.746099692853e-02
2.744375000000e+01 2.068689699235e-03 6.752121693581e-02
2.744687500000e+01 2.069655310544e-03 6.758206540726e-02
2.745000000000e+01 2.070633354883e-03 6.764354428370e-02
2.745312500000e+01 2.071623883283e-03 6.770565552796e-02
2.745625000000e+01 2.072626947420e-03 6.776840112503e-02
2.745937500000e+01 2.073642599631e-03 6.783178308202e-02
2.746250000000e+01 2.074670892912e-03 6.789580342832e-02
2.746562500000e+01 2.075711880912e-03 6.796046421562e-02
2.746875000000e+01 2.076765617948e-03 6.802576751795e-02
2.747187500000e+01 2.077832158995e-03 6.809171543182e-02
2.747500000000e+01 2.078911559702e-03 6.815831007622e-02
2.747812500000e+01 2.080003876389e-03 6.822555359270e-02
2.748125000000e+01 2.081109166046e-03 6.829344814546e-02
2.748437500000e+01 2.082227486345e-03 6.836199592139e-02
2.748750000000e+01 2.083358895629e-03 6.843119913015e-02
2.749062500000e+01 2.084503452930e-03 6.850106000422e-02
2.749375000000e+01 2.085661217964e-03 6.857158079897e-02
2.749687500000e+01 2.086832251133e-03 6.864276379272e-02
2.750000000000e+01 2.088016613534e-03 6.871461128683e-02
2.750312500000e+01 2.089214366952e-03 6.878712560572e-02
2.750625000000e+01 2.090425573870e-03 6.886030909696e-02
2.750937500000e+01 2.091650297476e-03 6.893416413133e-02
2.751250000000e+01 2.092888601657e-03 6.900869310287e-02
2.751562500000e+01 2.094140551007e-03 6.908389842895e-02
2.751875000000e+01 2.095406210823e-03 6.915978255034e-02
2.752187500000e+01 2.096685647119e-03 6.923634793124e-02
2.752500000000e+01 2.097978926623e-03 6.931359705936e-02
2.752812500000e+01 2.099286116779e-03 6.939153244599e-02
2.753125000000e+01 2.100607285754e-03 6.947015662601e-02
2.753437500000e+01 2.101942502431e-03 6.954947215802e-02
2.753750000000e+01 2.103291836427e-03 6.962948162431e-02
2.754062500000e+01 2.104655358085e-03 6.971018763099e-02
2.754375000000e+01 2.106033138481e-03 6.979159280798e-02
2.754687500000e+01 2.107425249427e-03 6.987369980911e-02
2.755000000000e+01 2.108831763467e-03 6.995651131216e-02
2.755312500000e+01 2.110252753891e-03 7.004003001888e-02
2.755625000000e+01 2.111688294735e-03 7.012425865508e-02
2.755937500000e+01 2.113138460779e-03 7.020919997065e-02
2.756250000000e+01 2.114603327552e-03 7.029485673961e-02
2.756562500000e+01 2.116082971333e-03 7.038123176015e-02
2.756875000000e+01 2.117577469160e-03 7.046832785470e-02
2.757187500000e+01 2.119086898829e-03 7.055614786993e-02
2.757500000000e+01 2.120611338896e-03 7.064469467682e-02
2.757812500000e+01 2.122150868682e-03 7.073397117068e-02
2.758125000000e+01 2.123705568271e-03 7.082398027119e-02
2.758437500000e+01 2.125275518518e-03 7.091472492243e-02
2.758750000000e+01 2.126860801052e-03 7.100620809293e-02
2.759062500000e+01 2.128461498275e-03 7.109843277568e-02
2.759375000000e+01 2.130077693368e-03 7.119140198815e-02
2.759687500000e+01 2.131709470286e-03 7.128511877233e-02
2.760000000000e+01 2.133356913773e-03 7.137958619475e-02
2.760312500000e+01 2.135020109354e-03 7.147480734649e-02
2.760625000000e+01 2.136699143347e-03 7.157078534323e-02
2.760937500000e+01 2.138394102857e-03 7.166752332522e-02
2.761250000000e+01 2.140105075777e-03 7.176502445729e-02
2.761562500000e+01 2.141832150799e-03 7.186329192891e-02
2.761875000000e+01 2.143575417413e-03 7.196232895415e-02
2.762187500000e+01 2.145334965908e-03 7.206213877170e-02
2.762500000000e+01 2.147110887374e-03 7.216272464487e-02
2.762812500000e+01 2.148903273703e-03 7.226408986157e-02
2.763125000000e+01 2.150712217595e-03 7.236623773432e-02
2.763437500000e+01 2.152537812558e-03 7.246917160024e-02
2.763750000000e+01 2.154380152911e-03 7.257289482101e-02
2.764062500000e+01 2.156239333783e-03 7.267741078287e-02
2.764375000000e+01 2.158115451116e-03 7.278272289663e-02
2.764687500000e+01 2.160008601669e-03 7.288883459755e-02
2.765000000000e+01 2.161918883016e-03 7.299574934542e-02
2.765312500000e+01 2.163846393556e-03 7.310347062445e-02
2.765625000000e+01 2.165791232503e-03 7.321200194324e-02
2.765937500000e+01 2.167753499891e-03 7.332134683476e-02
2.766250000000e+01 2.169733296580e-03 7.343150885629e-02
2.766562500000e+01 2.171730724254e-03 7.354249158935e-02
2.766875000000e+01 2.173745885423e-03 7.365429863965e-02
2.767187500000e+01 2.175778883424e-03 7.376693363704e-02
2.767500000000e+01 2.177829822416e-03 7.388040023542e-02
2.767812500000e+01 2.179898807393e-03 7.399470211264e-02
2.768125000000e+01 2.181985944173e-03 7.410984297049e-02
2.768437500000e+01 2.184091339408e-03 7.422582653454e-02
2.768750000000e+01 2.186215100577e-03 7.434265655406e-02
2.769062500000e+01 2.188357335987e-03 7.446033680197e-02
2.769375000000e+01 2.190518154779e-03 7.457887107466e-02
2.769687500000e+01 2.192697666922e-03 7.469826319190e-02
2.770000000000e+01 2.194895983220e-03 7.481851699676e-02
2.770312500000e+01 2.197113215304e-03 7.493963635541e-02
2.770625000000e+01 2.199349475631e-03 7.506162515704e-02
2.770937500000e+01 2.201604877492e-03 7.518448731369e-02
2.771250000000e+01 2.203879535005e-03 7.530822676009e-02
2.771562500000e+01 2.206173563114e-03 7.543284745353e-02
2.771875000000e+01 2.208487077595e-03 7.555835337365e-02
2.772187500000e+01 2.210820195040e-03 7.568474852231e-02
2.772500000000e+01 2.213173032871e-03 7.581203692336e-02
2.772812500000e+01 2.215545709331e-03 7.594022262246e-02
2.773125000000e+01 2.217938343482e-03 7.606930968687e-02
2.773437500000e+01 2.220351055207e-03 7.619930220527e-02
2.773750000000e+01 2.222783965199e-03 7.633020428747e-02
2.774062500000e+01 2.225237194968e-03 7.646202006423e-02
2.774375000000e+01 2.227710866835e-03 7.659475368698e-02
2.774687500000e+01 2.230205103930e-03 7.672840932760e-02
2.775000000000e+01 2.232720030186e-03 7.686299117810e-02
2.775312500000e+01 2.235255770331e-03 7.699850345038e-02
2.775625000000e+01 2.237812449899e-03 7.713495037594e-02
2.775937500000e+01 2.240390195212e-03 7.727233620554e-02
2.776250000000e+01 2.242989133383e-03 7.741066520892e-02
2.776562500000e+01 2.245609392310e-03 7.754994167445e-02
2.776875000000e+01 2.248251100666e-03 7.769016990881e-02
2.777187500000e+01 2.250914387902e-03 7.783135423660e-02
2.777500000000e+01 2.253599384239e-03 7.797349900000e-02
2.777812500000e+01 2.256306220656e-03 7.811660855837e-02
2.778125000000e+01 2.259035028898e-03 7.826068728786e-02
2.778437500000e+01 2.261785941447e-03 7.840573958100e-02
2.778750000000e+01 2.264559091539e-03 7.855176984624e-02
2.779062500000e+01 2.267354613145e-03 7.869878250755e-02
2.779375000000e+01 2.270172640959e-03 7.884678200392e-02
2.779687500000e+01 2.273013310408e-03 7.899577278890e-02
2.780000000000e+01 2.275876757617e-03 7.914575933011e-02
2.780312500000e+01 2.278763119425e-03 7.929674610870e-02
2.780625000000e+01 2.281672533360e-03 7.944873761885e-02
2.780937500000e+01 2.284605137640e-03 7.960173836720e-02
2.781250000000e+01 2.287561071158e-03 7.975575287228e-02
2.781562500000e+01 2.290540473463e-03 7.991078566394e-02
2.781875000000e+01 2.293543484764e-03 8.006684128272e-02
2.782187500000e+01 2.296570245919e-03 8.022392427923e-02
2.782500000000e+01 2.299620898408e-03 8.038203921350e-02
2.782812500000e+01 2.302695584335e-03 8.054119065428e-02
2.783125000000e+01 2.305794446395e-03 8.070138317841e-02
2.783437500000e+01 2.308917627891e-03 8.086262137004e-02
2.783750000000e+01 2.312065272696e-03 8.102490981990e-02
2.784062500000e+01 2.315237525248e-03 8.118825312458e-02
2.784375000000e+01 2.318434530533e-03 8.135265588568e-02
2.784687500000e+01 2.321656434069e-03 8.151812270903e-02
2.785000000000e+01 2.324903381889e-03 8.168465820384e-02
2.785312500000e+01 2.328175520526e-03 8.185226698184e-02
2.785625000000e+01 2.331472996994e-03 8.202095365639e-02
2.785937500000e+01 2.334795958774e-03 8.219072284152e-02
2.786250000000e+01 2.338144553779e-03 8.236157915104e-02
2.786562500000e+01 2.341518930355e-03 8.253352719751e-02
2.786875000000e+01 2.344919237260e-03 8.270657159128e-02
2.787187500000e+01 2.348345623623e-03 8.288071693938e-02
2.787500000000e+01 2.351798238943e-03 8.305596784452e-02
2.787812500000e+01 2.355277233045e-03 8.323232890396e-02
2.788125000000e+01 2.358782756081e-03 8.340980470836e-02
2.788437500000e+01 2.362314958492e-03 8.358839984063e-02
2.788750000000e+01 2.365873990985e-03 8.376811887471e-02
2.789062500000e+01 2.369460004505e-03 8.394896637436e-02
2.789375000000e+01 2.373073150214e-03 8.413094689185e-02
2.789687500000e+01 2.376713579459e-03 8.431406496668e-02
2.790000000000e+01 2.380381443744e-03 8.449832512421e-02
2.790312500000e+01 2.384076894703e-03 8.468373187427e-02
2.790625000000e+01 2.387800084071e-03 8.487028970976e-02
2.790937500000e+01 2.391551163637e-03 8.505800310517e-02
2.791250000000e+01 2.395330285239e-03 8.524687651503e-02
2.791562500000e+01 2.399137600703e-03 8.543691437244e-02
2.791875000000e+01 2.402973261840e-03 8.562812108742e-02
2.792187500000e+01 2.406837420380e-03 8.582050104527e-02
2.792500000000e+01 2.410730227940e-03 8.601405860492e-02
2.792812500000e+01 2.414651836007e-03 8.620879809719e-02
2.793125000000e+01 2.418602395881e-03 8.640472382299e-02
2.793437500000e+01 2.422582058641e-03 8.660184005155e-02
2.793750000000e+01 2.426590975102e-03 8.680015101847e-02
2.794062500000e+01 2.430629295773e-03 8.699966092389e-02
2.794375000000e+01 2.434697170815e-03 8.720037393044e-02
2.794687500000e+01 2.438794749995e-03 8.740229416124e-02
2.795000000000e+01 2.442922182637e-03 8.760542569784e-02
2.795312500000e+01 2.447079617584e-03 8.780977257807e-02
2.795625000000e+01 2.451267203127e-03 8.801533879385e-02
2.795937500000e+01 2.455485086983e-03 8.822212828893e-02
2.796250000000e+01 2.459733416221e-03 8.843014495664e-02
2.796562500000e+01 2.464012337230e-03 8.863939263746e-02
2.796875000000e+01 2.468321995643e-03 8.884987511663e-02
2.797187500000e+01 2.472662536280e-03 8.906159612169e-02
2.797500000000e+01 2.477034103114e-03 8.927455931988e-02
2.797812500000e+01 2.481436839190e-03 8.948876831558e-02
2.798125000000e+01 2.485870886574e-03 8.970422664760e-02
2.798437500000e+01 2.490336386284e-03 8.992093778646e-02
2.798750000000e+01 2.494833478230e-03 9.013890513156e-02
2.799062500000e+01 2.499362301148e-03 9.035813200833e-02
2.799375000000e+01 2.503922992527e-03 9.057862166526e-02
2.799687500000e+01 2.508515688548e-03 9.080037727090e-02
2.800000000000e+01 2.513140524007e-03 9.102340191074e-02
2.800312500000e+01 2.517797632232e-03 9.124769858407e-02
2.800625000000e+01 2.522487145031e-03 9.147327020073e-02
2.800937500000e+01 2.527209192590e-03 9.170011957781e-02
2.801250000000e+01 2.531963903424e-03 9.192824943621e-02
2.801562500000e+01 2.536751404265e-03 9.215766239722e-02
2.801875000000e+01 2.541571819982e-03 9.238836097892e-02
2.802187500000e+01 2.546425273520e-03 9.262034759258e-02
2.802500000000e+01 2.551311885793e-03 9.285362453893e-02
2.802812500000e+01 2.556231775598e-03 9.308819400432e-02
2.803125000000e+01 2.561185059528e-03 9.332405805689e-02
2.803437500000e+01 2.566171851869e-03 9.356121864255e-02
2.803750000000e+01 2.571192264515e-03 9.379967758095e-02
2.804062500000e+01 2.576246406860e-03 9.403943656129e-02
2.804375000000e+01 2.581334385704e-03 9.428049713808e-02
2.804687500000e+01 2.586456305150e-03 9.452286072683e-02
2.805000000000e+01 2.591612266482e-03 9.476652859959e-02
2.805312500000e+01 2.596802368084e-03 9.501150188044e-02
2.805625000000e+01 2.602026705309e-03 9.525778154086e-02
2.805937500000e+01 2.607285370384e-03 9.550536839502e-02
2.806250000000e+01 2.612578452279e-03 9.575426309493e-02
2.806562500000e+01 2.617906036577e-03 9.600446612559e-02
2.806875000000e+01 2.623268205391e-03 9.625597779990e-02
2.807187500000e+01 2.628665037211e-03 9.650879825358e-02
2.807500000000e+01 2.634096606789e-03 9.676292743993e-02
2.807812500000e+01 2.639562985005e-03 9.701836512453e-02
2.808125000000e+01 2.645064238740e-03 9.727511087976e-02
2.808437500000e+01 2.650600430740e-03 9.753316407933e-02
2.808750000000e+01 2.656171619481e-03 9.779252389257e-02
2.809062500000e+01 2.661777859023e-03 9.805318927872e-02
2.809375000000e+01 2.667419198880e-03 9.831515898103e-02
2.809687500000e+01 2.673095683849e-03 9.857843152085e-02
2.810000000000e+01 2.678807353895e-03 9.884300519148e-02
2.810312500000e+01 2.684554243977e-03 9.910887805205e-02
2.810625000000e+01 2.690336383894e-03 9.937604792113e-02
2.810937500000e+01 2.696153798154e-03 9.964451237043e-02
2.811250000000e+01 2.702006505762e-03 9.991426871815e-02
2.811562500000e+01 2.707894520108e-03 1.001853140224e-01
2.811875000000e+01 2.713817848775e-03 1.004576450746e-01
2.812187500000e+01 2.719776493373e-03 1.007312583922e-01
2.812500000000e+01 2.725770449368e-03 1.010061502122e-01
2.812812500000e+01 2.731799705909e-03 1.012823164837e-01
2.813125000000e+01 2.737864245642e-03 1.015597528608e-01
2.813437500000e+01 2.743964044537e-03 1.018384546955e-01
2.813750000000e+01 2.750099071696e-03 1.021184170299e-01
2.814062500000e+01 2.756269289176e-03 1.023996345888e-01
2.814375000000e+01 2.762474651771e-03 1.026821017722e-01
2.814687500000e+01 2.768715106856e-03 1.029658126475e-01
2.815000000000e+01 2.774990594163e-03 1.032507609413e-01
2.815312500000e+01 2.781301045586e-03 1.035369400319e-01
2.815625000000e+01 2.787646384999e-03 1.038243429409e-01
2.815937500000e+01 2.794026528004e-03 1.041129623251e-01
2.816250000000e+01 2.800441381766e-03 1.044027904682e-01
2.816562500000e+01 2.806890844783e-03 1.046938192725e-01
2.816875000000e+01 2.813374806670e-03 1.049860402500e-01
2.817187500000e+01 2.819893147944e-03 1.052794445144e-01
2.817500000000e+01 2.826445739804e-03 1.055740227721e-01
2.817812500000e+01 2.833032443906e-03 1.058697653133e-01
2.818125000000e+01 2.839653112139e-03 1.061666620033e-01
2.818437500000e+01 2.846307586391e-03 1.064647022734e-01
2.818750000000e+01 2.852995698333e-03 1.067638751121e-01
2.819062500000e+01 2.859717269152e-03 1.070641690558e-01
2.819375000000e+01 2.866472109355e-03 1.073655721793e-01
2.819687500000e+01 2.873260018506e-03 1.076680720874e-01
2.820000000000e+01 2.880080784986e-03 1.079716559043e-01
2.820312500000e+01 2.886934185777e-03 1.082763102654e-01
2.820625000000e+01 2.893819986162e-03 1.085820213071e-01
2.820937500000e+01 2.900737939530e-03 1.088887746575e-01
2.821250000000e+01 2.907687787108e-03 1.091965554268e-01
2.821562500000e+01 2.914669257705e-03 1.095053481977e-01
2.821875000000e+01 2.921682067471e-03 1.098151370157e-01
2.822187500000e+01 2.928725919634e-03 1.101259053797e-01
2.822500000000e+01 2.935800504252e-03 1.104376362318e-01
2.822812500000e+01 2.942905497953e-03 1.107503119479e-01
2.823125000000e+01 2.950040563683e-03 1.110639143283e-01
2.823437500000e+01 2.957205350449e-03 1.113784245871e-01
2.823750000000e+01 2.964399493041e-03 1.116938233434e-01
2.824062500000e+01 2.971622611810e-03 1.120100906111e-01
2.824375000000e+01 2.978874312382e-03 1.123272057893e-01
2.824687500000e+01 2.986154185406e-03 1.126451476528e-01
2.825000000000e+01 2.993461806318e-03 1.129638943424e-01
2.825312500000e+01 3.000796735032e-03 1.132834233556e-01
2.825625000000e+01 3.008158515738e-03 1.136037115368e-01
2.825937500000e+01 3.015546676619e-03 1.139247350680e-01
2.826250000000e+01 3.022960729601e-03 1.142464694599e-01
2.826562500000e+01 3.030400170105e-03 1.145688895424e-01
2.826875000000e+01 3.037864476793e-03 1.148919694553e-01
2.827187500000e+01 3.045353111320e-03 1.152156826399e-01
2.827500000000e+01 3.052865518092e-03 1.155400018300e-01
2.827812500000e+01 3.060401124019e-03 1.158648990432e-01
2.828125000000e+01 3.067959338286e-03 1.161903455723e-01
2.828437500000e+01 3.075539552092e-03 1.165163119774e-01
2.828750000000e+01 3.083141138454e-03 1.168427680778e-01
2.829062500000e+01 3.090763451958e-03 1.171696829438e-01
2.829375000000e+01 3.098405828538e-03 1.174970248893e-01
2.829687500000e+01 3.106067585269e-03 1.178247614647e-01
2.830000000000e+01 3.113748020143e-03 1.181528594494e-01
2.830312500000e+01 3.121446411875e-03 1.184812848452e-01
2.830625000000e+01 3.129162019699e-03 1.188100028700e-01
2.830937500000e+01 3.136894083176e-03 1.191389779512e-01
2.831250000000e+01 3.144641822014e-03 1.194681737204e-01
2.831562500000e+01 3.152404435886e-03 1.197975530075e-01
2.831875000000e+01 3.160181104269e-03 1.201270778360e-01
2.832187500000e+01 3.167970986281e-03 1.204567094182e-01
2.832500000000e+01 3.175773220533e-03 1.207864081509e-01
2.832812500000e+01 3.183586924994e-03 1.211161336117e-01
2.833125000000e+01 3.191411196843e-03 1.214458445558e-01
2.833437500000e+01 3.199245112383e-03 1.217754989129e-01
2.833750000000e+01 3.207087726913e-03 1.221050537852e-01
2.834062500000e+01 3.214938074639e-03 1.224344654455e-01
2.834375000000e+01 3.222795168596e-03 1.227636893361e-01
2.834687500000e+01 3.230658000577e-03 1.230926800679e-01
2.835000000000e+01 3.238525541081e-03 1.234213914207e-01
2.835312500000e+01 3.246396739271e-03 1.237497763438e-01
2.835625000000e+01 3.254270522958e-03 1.240777869568e-01
2.835937500000e+01 3.262145798582e-03 1.244053745523e-01
2.836250000000e+01 3.270021451227e-03 1.247324895979e-01
2.836562500000e+01 3.277896344643e-03 1.250590817398e-01
2.836875000000e+01 3.285769321290e-03 1.253850998070e-01
2.837187500000e+01 3.293639202395e-03 1.257104918160e-01
2.837500000000e+01 3.301504788043e-03 1.260352049765e-01
2.837812500000e+01 3.309364857243e-03 1.263591856981e-01
2.838125000000e+01 3.317218168091e-03 1.266823795973e-01
2.838437500000e+01 3.325063457875e-03 1.270047315057e-01
2.838750000000e+01 3.332899443253e-03 1.273261854794e-01
2.839062500000e+01 3.340724820419e-03 1.276466848086e-01
2.839375000000e+01 3.348538265319e-03 1.279661720286e-01
2.839687500000e+01 3.356338433869e-03 1.282845889315e-01
2.840000000000e+01 3.364123962211e-03 1.286018765793e-01
2.840312500000e+01 3.371893466975e-03 1.289179753174e-01
2.840625000000e+01 3.379645545588e-03 1.292328247891e-01
2.840937500000e+01 3.387378776585e-03 1.295463639522e-01
2.841250000000e+01 3.395091719965e-03 1.298585310948e-01
2.841562500000e+01 3.402782917554e-03 1.301692638539e-01
2.841875000000e+01 3.410450893408e-03 1.304784992338e-01
2.842187500000e+01 3.418094154245e-03 1.307861736264e-01
2.842500000000e+01 3.425711189864e-03 1.310922228321e-01
2.842812500000e+01 3.433300473669e-03 1.313965820820e-01
2.843125000000e+01 3.440860463139e-03 1.316991860608e-01
2.843437500000e+01 3.448389600375e-03 1.319999689319e-01
2.843750000000e+01 3.455886312656e-03 1.322988643621e-01
2.844062500000e+01 3.463349013025e-03 1.325958055485e-01
2.844375000000e+01 3.470776100908e-03 1.328907252461e-01
2.844687500000e+01 3.478165962757e-03 1.331835557966e-01
2.845000000000e+01 3.485516972716e-03 1.334742291584e-01
2.845312500000e+01 3.492827493331e-03 1.337626769375e-01
2.845625000000e+01 3.500095876263e-03 1.340488304195e-01
2.845937500000e+01 3.507320463058e-03 1.343326206031e-01
2.846250000000e+01 3.514499585918e-03 1.346139782341e-01
2.846562500000e+01 3.521631568518e-03 1.348928338410e-01
2.846875000000e+01 3.528714726845e-03 1.351691177710e-01
2.847187500000e+01 3.535747370039e-03 1.354427602278e-01
2.847500000000e+01 3.542727801319e-03 1.357136913099e-01
2.847812500000e+01 3.549654318879e-03 1.359818410503e-01
2.848125000000e+01 3.556525216826e-03 1.362471394561e-01
2.848437500000e+01 3.563338786156e-03 1.365095165510e-01
2.848750000000e+01 3.570093315736e-03 1.367689024164e-01
2.849062500000e+01 3.576787093323e-03 1.370252272354e-01
2.849375000000e+01 3.583418406598e-03 1.372784213363e-01
2.849687500000e+01 3.589985544224e-03 1.375284152372e-01
2.850000000000e+01 3.596486796922e-03 1.377751396921e-01
2.850312500000e+01 3.602920458576e-03 1.380185257364e-01
2.850625000000e+01 3.609284827342e-03 1.382585047345e-01
2.850937500000e+01 3.615578206790e-03 1.384950084267e-01
2.851250000000e+01 3.621798907050e-03 1.387279689776e-01
2.851562500000e+01 3.627945245990e-03 1.389573190247e-01
2.851875000000e+01 3.634015550368e-03 1.391829917272e-01
2.852187500000e+01 3.640008157063e-03 1.394049208158e-01
2.852500000000e+01 3.645921414260e-03 1.396230406422e-01
2.852812500000e+01 3.651753682663e-03 1.398372862294e-01
2.853125000000e+01 3.657503336726e-03 1.400475933216e-01
2.853437500000e+01 3.663168765873e-03 1.402538984352e-01
2.853750000000e+01 3.668748375742e-03 1.404561389088e-01
2.854062500000e+01 3.674240589417e-03 1.406542529540e-01
2.854375000000e+01 3.679643848671e-03 1.408481797056e-01
2.854687500000e+01 3.684956615203e-03 1.410378592724e-01
2.855000000000e+01 3.690177371878e-03 1.412232327866e-01
2.855312500000e+01 3.695304623959e-03 1.414042424541e-01
2.855625000000e+01 3.700336900339e-03 1.415808316039e-01
2.855937500000e+01 3.705272754759e-03 1.417529447370e-01
2.856250000000e+01 3.710110767032e-03 1.419205275749e-01
2.856562500000e+01 3.714849544206e-03 1.420835271076e-01
2.856875000000e+01 3.719487721808e-03 1.422418916405e-01
2.857187500000e+01 3.724023964973e-03 1.423955708414e-01
2.857500000000e+01 3.728456969625e-03 1.425445157857e-01
2.857812500000e+01 3.732785463595e-03 1.426886790010e-01
2.858125000000e+01 3.737008207752e-03 1.428280145116e-01
2.858437500000e+01 3.741123997089e-03 1.429624778800e-01
2.858750000000e+01 3.745131661795e-03 1.430920262497e-01
2.859062500000e+01 3.749030068295e-03 1.432166183844e-01
2.859375000000e+01 3.752818120266e-03 1.433362147077e-01
2.859687500000e+01 3.756494759623e-03 1.434507773407e-01
2.860000000000e+01 3.760058967468e-03 1.435602701378e-01
2.860312500000e+01 3.763509765010e-03 1.436646587219e-01
2.860625000000e+01 3.766846214448e-03 1.437639105177e-01
2.860937500000e+01 3.770067419827e-03 1.438579947825e-01
2.861250000000e+01 3.773172527819e-03 1.439468826370e-01
2.861562500000e+01 3.776160728526e-03 1.440305470929e-01
2.861875000000e+01 3.779031256188e-03 1.441089630793e-01
2.862187500000e+01 3.781783389875e-03 1.441821074675e-01
2.862500000000e+01 3.784416454117e-03 1.442499590930e-01
2.862812500000e+01 3.786929819512e-03 1.443124987771e-01
2.863125000000e+01 3.789322903269e-03 1.443697093447e-01
2.863437500000e+01 3.791595169712e-03 1.444215756416e-01
2.863750000000e+01 3.793746130733e-03 1.444680845488e-01
2.864062500000e+01 3.795775346200e-03 1.445092249952e-01
2.864375000000e+01 3.797682424307e-03 1.445449879682e-01
2.864687500000e+01 3.799467021886e-03 1.445753665220e-01
2.865000000000e+01 3.801128844657e-03 1.446003557836e-01
2.865312500000e+01 3.802667647433e-03 1.446199529573e-01
2.865625000000e+01 3.804083234277e-03 1.446341573264e-01
2.865937500000e+01 3.805375458575e-03 1.446429702527e-01
2.866250000000e+01 3.806544223122e-03 1.446463951749e-01
2.866562500000e+01 3.807589480100e-03 1.446444376032e-01
2.866875000000e+01 3.808511231015e-03 1.446371051133e-01
2.867187500000e+01 3.809309526601e-03 1.446244073374e-01
2.867500000000e+01 3.809984466652e-03 1.446063559532e-01
2.867812500000e+01 3.810536199822e-03 1.445829646709e-01
2.868125000000e+01 3.810964923356e-03 1.445542492186e-01
2.868437500000e+01 3.811270882782e-03 1.445202273247e-01
2.868750000000e+01 3.811454371555e-03 1.444809186995e-01
2.869062500000e+01 3.811515730648e-03 1.444363450134e-01
2.869375000000e+01 3.811455348094e-03 1.443865298747e-01
2.869687500000e+01 3.811273658488e-03 1.443314988047e-01
2.870000000000e+01 3.810971142444e-03 1.442712792108e-01
2.870312500000e+01 3.810548326002e-03 1.442059003588e-01
2.870625000000e+01 3.810005779973e-03 1.441353933420e-01
2.870937500000e+01 3.809344119305e-03 1.440597910504e-01
2.871250000000e+01 3.808564002341e-03 1.439791281368e-01
2.871562500000e+01 3.807666130063e-03 1.438934409826e-01
2.871875000000e+01 3.806651245316e-03 1.438027676609e-01
2.872187500000e+01 3.805520131961e-03 1.437071478994e-01
2.872500000000e+01 3.804273614034e-03 1.436066230411e-01
2.872812500000e+01 3.802912554834e-03 1.435012360045e-01
2.873125000000e+01 3.801437856013e-03 1.433910312419e-01
2.873437500000e+01 3.799850456612e-03 1.432760546969e-01
2.873750000000e+01 3.798151332083e-03 1.431563537614e-01
2.874062500000e+01 3.796341493285e-03 1.430319772306e-01
2.874375000000e+01 3.794421985455e-03 1.429029752580e-01
2.874687500000e+01 3.792393887148e-03 1.427693993092e-01
2.875000000000e+01 3.790258309180e-03 1.426313021153e-01
2.875312500000e+01 3.788016393508e-03 1.424887376252e-01
2.875625000000e+01 3.785669312168e-03 1.423417609577e-01
2.875937500000e+01 3.783218266119e-03 1.421904283530e-01
2.876250000000e+01 3.780664484123e-03 1.420347971240e-01
2.876562500000e+01 3.778009221603e-03 1.418749256066e-01
2.876875000000e+01 3.775253759486e-03 1.417108731110e-01
2.877187500000e+01 3.772399403042e-03 1.415426998710e-01
2.877500000000e+01 3.769447480723e-03 1.413704669954e-01
2.877812500000e+01 3.766399342994e-03 1.411942364174e-01
2.878125000000e+01 3.763256361157e-03 1.410140708449e-01
2.878437500000e+01 3.760019926186e-03 1.408300337114e-01
2.878750000000e+01 3.756691447555e-03 1.406421891257e-01
2.879062500000e+01 3.753272352072e-03 1.404506018234e-01
2.879375000000e+01 3.749764082715e-03 1.402553371174e-01
2.879687500000e+01 3.746168097490e-03 1.400564608496e-01
2.880000000000e+01 3.742485868241e-03 1.398540393425e-01
2.880312500000e+01 3.738718879571e-03 1.396481393517e-01
2.880625000000e+01 3.734868627667e-03 1.394388280184e-01
2.880937500000e+01 3.730936619203e-03 1.392261728232e-01
2.881250000000e+01 3.726924370228e-03 1.390102415395e-01
2.881562500000e+01 3.722833405077e-03 1.387911021889e-01
2.881875000000e+01 3.718665255294e-03 1.385688229960e-01
2.882187500000e+01 3.714421458578e-03 1.383434723447e-01
2.882500000000e+01 3.710103557731e-03 1.381151187353e-01
2.882812500000e+01 3.705713099655e-03 1.378838307422e-01
2.883125000000e+01 3.701251634293e-03 1.376496769723e-01
2.883437500000e+01 3.696720713732e-03 1.374127260249e-01
2.883750000000e+01 3.692121891158e-03 1.371730464519e-01
2.884062500000e+01 3.687456719947e-03 1.369307067192e-01
2.884375000000e+01 3.682726752751e-03 1.366857751693e-01
2.884687500000e+01 3.677933540566e-03 1.364383199846e-01
2.885000000000e+01 3.673078631896e-03 1.361884091515e-01
2.885312500000e+01 3.668163571875e-03 1.359361104263e-01
2.885625000000e+01 3.663189901449e-03 1.356814913011e-01
2.885937500000e+01 3.658159156566e-03 1.354246189721e-01
2.886250000000e+01 3.653072867399e-03 1.351655603074e-01
2.886562500000e+01 3.647932557590e-03 1.349043818171e-01
2.886875000000e+01 3.642739743526e-03 1.346411496242e-01
2.887187500000e+01 3.637495933624e-03 1.343759294358e-01
2.887500000000e+01 3.632202627671e-03 1.341087865168e-01
2.887812500000e+01 3.626861316122e-03 1.338397856634e-01
2.888125000000e+01 3.621473479554e-03 1.335689911783e-01
2.888437500000e+01 3.616040587984e-03 1.332964668469e-01
2.888750000000e+01 3.610564100332e-03 1.330222759145e-01
2.889062500000e+01 3.605045463864e-03 1.327464810649e-01
2.889375000000e+01 3.599486113638e-03 1.324691443992e-01
2.889687500000e+01 3.593887472045e-03 1.321903274168e-01
2.890000000000e+01 3.588250948301e-03 1.319100909964e-01
2.890312500000e+01 3.582577937997e-03 1.316284953788e-01
2.890625000000e+01 3.576869822680e-03 1.313456001504e-01
2.890937500000e+01 3.571127969429e-03 1.310614642272e-01
2.891250000000e+01 3.565353730496e-03 1.307761458411e-01
2.891562500000e+01 3.559548442924e-03 1.304897025255e-01
2.891875000000e+01 3.553713428229e-03 1.302021911035e-01
2.892187500000e+01 3.547849992076e-03 1.299136676754e-01
2.892500000000e+01 3.541959423971e-03 1.296241876086e-01
2.892812500000e+01 3.536042997039e-03 1.293338055272e-01
2.893125000000e+01 3.530101967723e-03 1.290425753036e-01
2.893437500000e+01 3.524137575580e-03 1.287505500497e-01
2.893750000000e+01 3.518151043071e-03 1.284577821100e-01
2.894062500000e+01 3.512143575352e-03 1.281643230549e-01
2.894375000000e+01 3.506116360141e-03 1.278702236750e-01
2.894687500000e+01 3.500070567536e-03 1.275755339762e-01
2.895000000000e+01 3.494007349889e-03 1.272803031755e-01
2.895312500000e+01 3.487927841701e-03 1.269845796972e-01
2.895625000000e+01 3.481833159506e-03 1.266884111706e-01
2.895937500000e+01 3.475724401804e-03 1.263918444274e-01
2.896250000000e+01 3.469602648988e-03 1.260949255005e-01
2.896562500000e+01 3.463468963295e-03 1.257976996231e-01
2.896875000000e+01 3.457324388775e-03 1.255002112283e-01
2.897187500000e+01 3.451169951244e-03 1.252025039497e-01
2.897500000000e+01 3.445006658334e-03 1.249046206222e-01
2.897812500000e+01 3.438835499441e-03 1.246066032833e-01
2.898125000000e+01 3.432657445773e-03 1.243084931754e-01
2.898437500000e+01 3.426473450385e-03 1.240103307479e-01
2.898750000000e+01 3.420284448193e-03 1.237121556603e-01
2.899062500000e+01 3.414091356074e-03 1.234140067859e-01
2.899375000000e+01 3.407895072898e-03 1.231159222150e-01
2.899687500000e+01 3.401696479622e-03 1.228179392597e-01
2.900000000000e+01 3.395496439366e-03 1.225200944582e-01
2.900312500000e+01 3.389295797516e-03 1.222224235802e-01
2.900625000000e+01 3.383095381825e-03 1.219249616317e-01
2.900937500000e+01 3.376896002531e-03 1.216277428612e-01
2.901250000000e+01 3.370698452475e-03 1.213308007656e-01
2.901562500000e+01 3.364503507239e-03 1.210341680964e-01
2.901875000000e+01 3.358311925257e-03 1.207378768662e-01
2.902187500000e+01 3.352124447993e-03 1.204419583562e-01
2.902500000000e+01 3.345941800083e-03 1.201464431224e-01
2.902812500000e+01 3.339764689468e-03 1.198513610036e-01
2.903125000000e+01 3.333593807586e-03 1.195567411288e-01
2.903437500000e+01 3.327429829506e-03 1.192626119250e-01
2.903750000000e+01 3.321273414138e-03 1.189690011248e-01
2.904062500000e+01 3.315125204382e-03 1.186759357752e-01
2.904375000000e+01 3.308985827324e-03 1.183834422451e-01
2.904687500000e+01 3.302855894409e-03 1.180915462344e-01
2.905000000000e+01 3.296736001640e-03 1.178002727820e-01
2.905312500000e+01 3.290626729760e-03 1.175096462749e-01
2.905625000000e+01 3.284528644460e-03 1.172196904567e-01
2.905937500000e+01 3.278442296559e-03 1.169304284365e-01
2.906250000000e+01 3.272368222227e-03 1.166418826978e-01
2.906562500000e+01 3.266306943148e-03 1.163540751079e-01
2.906875000000e+01 3.260258966766e-03 1.160670269264e-01
2.907187500000e+01 3.254224786482e-03 1.157807588146e-01
2.907500000000e+01 3.248204881836e-03 1.154952908447e-01
2.907812500000e+01 3.242199718739e-03 1.152106425091e-01
2.908125000000e+01 3.236209749661e-03 1.149268327292e-01
2.908437500000e+01 3.230235413866e-03 1.146438798651e-01
2.908750000000e+01 3.224277137606e-03 1.143618017245e-01
2.909062500000e+01 3.218335334333e-03 1.140806155720e-01
2.909375000000e+01 3.212410404913e-03 1.138003381386e-01
2.909687500000e+01 3.206502737830e-03 1.135209856305e-01
2.910000000000e+01 3.200612709406e-03 1.132425737386e-01
2.910312500000e+01 3.194740684002e-03 1.129651176473e-01
2.910625000000e+01 3.188887014230e-03 1.126886320440e-01
2.910937500000e+01 3.183052041172e-03 1.124131311280e-01
2.911250000000e+01 3.177236094558e-03 1.121386286194e-01
2.911562500000e+01 3.171439493005e-03 1.118651377685e-01
2.911875000000e+01 3.165662544220e-03 1.115926713640e-01
2.912187500000e+01 3.159905545184e-03 1.113212417426e-01
2.912500000000e+01 3.154168782371e-03 1.110508607973e-01
2.912812500000e+01 3.148452531934e-03 1.107815399864e-01
2.913125000000e+01 3.142757059932e-03 1.105132903420e-01
2.913437500000e+01 3.137082622508e-03 1.102461224785e-01
2.913750000000e+01 3.131429466093e-03 1.099800466012e-01
2.914062500000e+01 3.125797827601e-03 1.097150725149e-01
2.914375000000e+01 3.120187934618e-03 1.094512096318e-01
2.914687500000e+01 3.114600005604e-03 1.091884669801e-01
2.915000000000e+01 3.109034250072e-03 1.089268532119e-01
2.915312500000e+01 3.103490868783e-03 1.086663766113e-01
2.915625000000e+01 3.097970053932e-03 1.084070451025e-01
2.915937500000e+01 3.092471989315e-03 1.081488662575e-01
2.916250000000e+01 3.086996850533e-03 1.078918473040e-01
2.916562500000e+01 3.081544805175e-03 1.076359951329e-01
2.916875000000e+01 3.076116012963e-03 1.073813163058e-01
2.917187500000e+01 3.070710625960e-03 1.071278170629e-01
2.917500000000e+01 3.065328788710e-03 1.068755033298e-01
2.917812500000e+01 3.059970638444e-03 1.066243807250e-01
2.918125000000e+01 3.054636305224e-03 1.063744545671e-01
2.918437500000e+01 3.049325912115e-03 1.061257298819e-01
2.918750000000e+01 3.044039575350e-03 1.058782114089e-01
2.919062500000e+01 3.038777404484e-03 1.056319036089e-01
2.919375000000e+01 3.033539502559e-03 1.053868106698e-01
2.919687500000e+01 3.028325966256e-03 1.051429365140e-01
2.920000000000e+01 3.023136886053e-03 1.049002848045e-01
2.920312500000e+01 3.017972346375e-03 1.046588589514e-01
2.920625000000e+01 3.012832425725e-03 1.044186621181e-01
2.920937500000e+01 3.007717196861e-03 1.041796972279e-01
2.921250000000e+01 3.002626726917e-03 1.039419669695e-01
2.921562500000e+01 2.997561077561e-03 1.037054738033e-01
2.921875000000e+01 2.992520305120e-03 1.034702199675e-01
2.922187500000e+01 2.987504460706e-03 1.032362074834e-01
2.922500000000e+01 2.982513590385e-03 1.030034381614e-01
2.922812500000e+01 2.977547735279e-03 1.027719136063e-01
2.923125000000e+01 2.972606931711e-03 1.025416352232e-01
2.923437500000e+01 2.967691211322e-03 1.023126042226e-01
2.923750000000e+01 2.962800601202e-03 1.020848216254e-01
2.924062500000e+01 2.957935124010e-03 1.018582882686e-01
2.924375000000e+01 2.953094798097e-03 1.016330048101e-01
2.924687500000e+01 2.948279637618e-03 1.014089717337e-01
2.925000000000e+01 2.943489652663e-03 1.011861893538e-01
2.925312500000e+01 2.938724849337e-03 1.009646578206e-01
2.925625000000e+01 2.933985229913e-03 1.007443771243e-01
2.925937500000e+01 2.929270792908e-03 1.005253471002e-01
2.926250000000e+01 2.924581533223e-03 1.003075674327e-01
2.926562500000e+01 2.919917442214e-03 1.000910376601e-01
2.926875000000e+01 2.915278507800e-03 9.987575717861e-02
2.927187500000e+01 2.910664714587e-03 9.966172524696e-02
2.927500000000e+01 2.906076043949e-03 9.944894099015e-02
2.927812500000e+01 2.901512474126e-03 9.923740340374e-02
2.928125000000e+01 2.896973980320e-03 9.902711135776e-02
2.928437500000e+01 2.892460534787e-03 9.881806360060e-02
2.928750000000e+01 2.887972106929e-03 9.861025876283e-02
2.929062500000e+01 2.883508663384e-03 9.840369536088e-02
2.929375000000e+01 2.879070168105e-03 9.819837180076e-02
2.929687500000e+01 2.874656582462e-03 9.799428638154e-02
2.930000000000e+01 2.870267865294e-03 9.779143729891e-02
2.930312500000e+01 2.865903973028e-03 9.758982264852e-02
2.930625000000e+01 2.861564859727e-03 9.738944042937e-02
2.930937500000e+01 2.857250477200e-03 9.719028854705e-02
2.931250000000e+01 2.852960775046e-03 9.699236481692e-02
2.931562500000e+01 2.848695700734e-03 9.679566696724e-02
2.931875000000e+01 2.844455199694e-03 9.660019264219e-02
2.932187500000e+01 2.840239215377e-03 9.640593940485e-02
2.932500000000e+01 2.836047689320e-03 9.621290474015e-02
2.932812500000e+01 2.831880561224e-03 9.602108605765e-02
2.933125000000e+01 2.827737769005e-03 9.583048069434e-02
2.933437500000e+01 2.823619248878e-03 9.564108591734e-02
2.933750000000e+01 2.819524935403e-03 9.545289892658e-02
2.934062500000e+01 2.815454761560e-03 9.526591685732e-02
2.934375000000e+01 2.811408658801e-03 9.508013678273e-02
2.934687500000e+01 2.807386557103e-03 9.489555571632e-02
2.935000000000e+01 2.803388385042e-03 9.471217061436e-02
2.935312500000e+01 2.799414069837e-03 9.452997837819e-02
2.935625000000e+01 2.795463537417e-03 9.434897585657e-02
2.935937500000e+01 2.791536712459e-03 9.416915984785e-02
2.936250000000e+01 2.787633518434e-03 9.399052710219e-02
2.936562500000e+01 2.783753877690e-03 9.381307432366e-02
2.936875000000e+01 2.779897711471e-03 9.363679817232e-02
2.937187500000e+01 2.776064939978e-03 9.346169526626e-02
2.937500000000e+01 2.772255482418e-03 9.328776218353e-02
2.937812500000e+01 2.768469257041e-03 9.311499546410e-02
2.938125000000e+01 2.764706181192e-03 9.294339161171e-02
2.938437500000e+01 2.760966171352e-03 9.277294709571e-02
2.938750000000e+01 2.757249143183e-03 9.260365835282e-02
2.939062500000e+01 2.753555011570e-03 9.243552178889e-02
2.939375000000e+01 2.749883690647e-03 9.226853378057e-02
2.939687500000e+01 2.746235093859e-03 9.210269067696e-02
2.940000000000e+01 2.742609133989e-03 9.193798880121e-02
2.940312500000e+01 2.739005723189e-03 9.177442445209e-02
2.940625000000e+01 2.735424773043e-03 9.161199390551e-02
2.940937500000e+01 2.731866194552e-03 9.145069341600e-02
2.941250000000e+01 2.728329898223e-03 9.129051921815e-02
2.941562500000e+01 2.724815794069e-03 9.113146752800e-02
2.941875000000e+01 2.721323791655e-03 9.097353454443e-02
2.942187500000e+01 2.717853800124e-03 9.081671645048e-02
2.942500000000e+01 2.714405728232e-03 9.066100941466e-02
2.942812500000e+01 2.710979484373e-03 9.050640959215e-02
2.943125000000e+01 2.707574976615e-03 9.035291312611e-02
2.943437500000e+01 2.704192112723e-03 9.020051614881e-02
2.943750000000e+01 2.700830800195e-03 9.004921478280e-02
2.944062500000e+01 2.697490946265e-03 8.989900514206e-02
2.944375000000e+01 2.694172457965e-03 8.974988333308e-02
2.944687500000e+01 2.690875242125e-03 8.960184545592e-02
2.945000000000e+01 2.687599205399e-03 8.945488760524e-02
2.945312500000e+01 2.684344254316e-03 8.930900587133e-02
2.945625000000e+01 2.681110295254e-03 8.916419634107e-02
2.945937500000e+01 2.677897234507e-03 8.902045509888e-02
2.946250000000e+01 2.674704978287e-03 8.887777822767e-02
2.946562500000e+01 2.671533432753e-03 8.873616180968e-02
2.946875000000e+01 2.668382504022e-03 8.859560192739e-02
2.947187500000e+01 2.665252098199e-03 8.845609466439e-02
2.947500000000e+01 2.662142121390e-03 8.831763610613e-02
2.947812500000e+01 2.659052479726e-03 8.818022234078e-02
2.948125000000e+01 2.655983079377e-03 8.804384945997e-02
2.948437500000e+01 2.652933826579e-03 8.790851355954e-02
2.948750000000e+01 2.649904627626e-03 8.777421074028e-02
2.949062500000e+01 2.646895388924e-03 8.764093710865e-02
2.949375000000e+01 2.643906016977e-03 8.750868877741e-02
2.949687500000e+01 2.640936418416e-03 8.737746186635e-02
2.950000000000e+01 2.637986500024e-03 8.724725250287e-02
2.950312500000e+01 2.635056168718e-03 8.711805682267e-02
2.950625000000e+01 2.632145331597e-03 8.698987097028e-02
2.950937500000e+01 2.629253895942e-03 8.686269109972e-02
2.951250000000e+01 2.626381769229e-03 8.673651337500e-02
2.951562500000e+01 2.623528859143e-03 8.661133397070e-02
2.951875000000e+01 2.620695073592e-03 8.648714907252e-02
2.952187500000e+01 2.617880320718e-03 8.636395487776e-02
2.952500000000e+01 2.615084508910e-03 8.624174759582e-02
2.952812500000e+01 2.612307546811e-03 8.612052344869e-02
2.953125000000e+01 2.609549343340e-03 8.600027867145e-02
2.953437500000e+01 2.606809807681e-03 8.588100951264e-02
2.953750000000e+01 2.604088849319e-03 8.576271223476e-02
2.954062500000e+01 2.601386378035e-03 8.564538311469e-02
2.954375000000e+01 2.598702303914e-03 8.552901844404e-02
2.954687500000e+01 2.596036537376e-03 8.541361452961e-02
2.955000000000e+01 2.593388989140e-03 8.529916769371e-02
2.955312500000e+01 2.590759570280e-03 8.518567427457e-02
2.955625000000e+01 2.588148192208e-03 8.507313062667e-02
2.955937500000e+01 2.585554766686e-03 8.496153312108e-02
2.956250000000e+01 2.582979205840e-03 8.485087814580e-02
2.956562500000e+01 2.580421422155e-03 8.474116210605e-02
2.956875000000e+01 2.577881328496e-03 8.463238142460e-02
2.957187500000e+01 2.575358838103e-03 8.452453254206e-02
2.957500000000e+01 2.572853864608e-03 8.441761191715e-02
2.957812500000e+01 2.570366322036e-03 8.431161602697e-02
2.958125000000e+01 2.567896124802e-03 8.420654136729e-02
2.958437500000e+01 2.565443187735e-03 8.410238445274e-02
2.958750000000e+01 2.563007426073e-03 8.399914181714e-02
2.959062500000e+01 2.560588755469e-03 8.389681001363e-02
2.959375000000e+01 2.558187091997e-03 8.379538561496e-02
2.959687500000e+01 2.555802352156e-03 8.369486521371e-02
2.960000000000e+01 2.553434452877e-03 8.359524542243e-02
2.960312500000e+01 2.551083311524e-03 8.349652287390e-02
2.960625000000e+01 2.548748845901e-03 8.339869422128e-02
2.960937500000e+01 2.546430974257e-03 8.330175613830e-02
2.961250000000e+01 2.544129615285e-03 8.320570531943e-02
2.961562500000e+01 2.541844688130e-03 8.311053848006e-02
2.961875000000e+01 2.539576112392e-03 8.301625235662e-02
2.962187500000e+01 2.537323808128e-03 8.292284370676e-02
2.962500000000e+01 2.535087695859e-03 8.283030930948e-02
2.962812500000e+01 2.532867696559e-03 8.273864596527e-02
2.963125000000e+01 2.530663731679e-03 8.264785049622e-02
2.963437500000e+01 2.528475723138e-03 8.255791974617e-02
2.963750000000e+01 2.526303593323e-03 8.246885058080e-02
2.964062500000e+01 2.524147265100e-03 8.238063988775e-02
2.964375000000e+01 2.522006661804e-03 8.229328457673e-02
2.964687500000e+01 2.519881707256e-03 8.220678157962e-02
2.965000000000e+01 2.517772325751e-03 8.212112785052e-02
2.965312500000e+01 2.515678442073e-03 8.203632036590e-02
2.965625000000e+01 2.513599981485e-03 8.195235612465e-02
2.965937500000e+01 2.511536869735e-03 8.186923214813e-02
2.966250000000e+01 2.509489033060e-03 8.178694548031e-02
2.966562500000e+01 2.507456398186e-03 8.170549318774e-02
2.966875000000e+01 2.505438892326e-03 8.162487235973e-02
2.967187500000e+01 2.503436443191e-03 8.154508010828e-02
2.967500000000e+01 2.501448978966e-03 8.146611356825e-02
2.967812500000e+01 2.499476428347e-03 8.138796989733e-02
2.968125000000e+01 2.497518720514e-03 8.131064627610e-02
2.968437500000e+01 2.495575785146e-03 8.123413990811e-02
2.968750000000e+01 2.493647552411e-03 8.115844801986e-02
2.969062500000e+01 2.491733952977e-03 8.108356786087e-02
2.969375000000e+01 2.489834918005e-03 8.100949670371e-02
2.969687500000e+01 2.487950379151e-03 8.093623184399e-02
2.970000000000e+01 2.486080268572e-03 8.086377060043e-02
2.970312500000e+01 2.484224518916e-03 8.079211031484e-02
2.970625000000e+01 2.482383063331e-03 8.072124835218e-02
2.970937500000e+01 2.480555835459e-03 8.065118210051e-02
2.971250000000e+01 2.478742769441e-03 8.058190897106e-02
2.971562500000e+01 2.476943799913e-03 8.051342639819e-02
2.971875000000e+01 2.475158862013e-03 8.044573183944e-02
2.972187500000e+01 2.473387891359e-03 8.037882277550e-02
2.972500000000e+01 2.471630824082e-03 8.031269671021e-02
2.972812500000e+01 2.469887596800e-03 8.024735117057e-02
2.973125000000e+01 2.468158146629e-03 8.018278370671e-02
2.973437500000e+01 2.466442411179e-03 8.011899189193e-02
2.973750000000e+01 2.464740328552e-03 8.005597332263e-02
2.974062500000e+01 2.463051837346e-03 7.999372561833e-02
2.974375000000e+01 2.461376876650e-03 7.993224642167e-02
2.974687500000e+01 2.459715386045e-03 7.987153339835e-02
2.975000000000e+01 2.458067305607e-03 7.981158423713e-02
2.975312500000e+01 2.456432575896e-03 7.975239664984e-02
2.975625000000e+01 2.454811137970e-03 7.969396837131e-02
2.975937500000e+01 2.453202933367e-03 7.963629715937e-02
2.976250000000e+01 2.451607904122e-03 7.957938079482e-02
2.976562500000e+01 2.450025992756e-03 7.952321708141e-02
2.976875000000e+01 2.448457142264e-03 7.946780384579e-02
2.977187500000e+01 2.446901296140e-03 7.941313893750e-02
2.977500000000e+01 2.445358398358e-03 7.935922022893e-02
2.977812500000e+01 2.443828393374e-03 7.930604561529e-02
2.978125000000e+01 2.442311226128e-03 7.925361301455e-02
2.978437500000e+01 2.440806842038e-03 7.920192036746e-02
2.978750000000e+01 2.439315187005e-03 7.915096563745e-02
2.979062500000e+01 2.437836207405e-03 7.910074681064e-02
2.979375000000e+01 2.436369850095e-03 7.905126189575e-02
2.979687500000e+01 2.434916062406e-03 7.900250892413e-02
2.980000000000e+01 2.433474792144e-03 7.895448594964e-02
2.980312500000e+01 2.432045987589e-03 7.890719104866e-02
2.980625000000e+01 2.430629597491e-03 7.886062232004e-02
2.980937500000e+01 2.429225571076e-03 7.881477788503e-02
2.981250000000e+01 2.427833858040e-03 7.876965588726e-02
2.981562500000e+01 2.426454408534e-03 7.872525449267e-02
2.981875000000e+01 2.425087173191e-03 7.868157188950e-02
2.982187500000e+01 2.423732103104e-03 7.863860628821e-02
2.982500000000e+01 2.422389149829e-03 7.859635592144e-02
2.982812500000e+01 2.421058265389e-03 7.855481904395e-02
2.983125000000e+01 2.419739402261e-03 7.851399393260e-02
2.983437500000e+01 2.418432513388e-03 7.847387888628e-02
2.983750000000e+01 2.417137552168e-03 7.843447222585e-02
2.984062500000e+01 2.415854472458e-03 7.839577229411e-02
2.984375000000e+01 2.414583228569e-03 7.835777745574e-02
2.984687500000e+01 2.413323775265e-03 7.832048609722e-02
2.985000000000e+01 2.412076067762e-03 7.828389662685e-02
2.985312500000e+01 2.410840061731e-03 7.824800747459e-02
2.985625000000e+01 2.409615713288e-03 7.821281709212e-02
2.985937500000e+01 2.408402979002e-03 7.817832395270e-02
2.986250000000e+01 2.407201815875e-03 7.814452655115e-02
2.986562500000e+01 2.406012181368e-03 7.811142340380e-02
2.986875000000e+01 2.404834033381e-03 7.807901304843e-02
2.987187500000e+01 2.403667330253e-03 7.804729404420e-02
2.987500000000e+01 2.402512030766e-03 7.801626497161e-02
2.987812500000e+01 2.401368094138e-03 7.798592443245e-02
2.988125000000e+01 2.400235480025e-03 7.795627104973e-02
2.988437500000e+01 2.399114148518e-03 7.792730346762e-02
2.988750000000e+01 2.398004060143e-03 7.789902035142e-02
2.989062500000e+01 2.396905175856e-03 7.787142038747e-02
2.989375000000e+01 2.395817457046e-03 7.784450228311e-02
2.989687500000e+01 2.394740865529e-03 7.781826476665e-02
2.990000000000e+01 2.393675363550e-03 7.779270658723e-02
2.990312500000e+01 2.392620913778e-03 7.776782651488e-02
2.990625000000e+01 2.391577479314e-03 7.774362334037e-02
2.990937500000e+01 2.390545023664e-03 7.772009587518e-02
2.991250000000e+01 2.389523510773e-03 7.769724295146e-02
2.991562500000e+01 2.388512904998e-03 7.767506342196e-02
2.991875000000e+01 2.387513171115e-03 7.765355615996e-02
2.992187500000e+01 2.386524274318e-03 7.763272005925e-02
2.992500000000e+01 2.385546180213e-03 7.761255403403e-02
2.992812500000e+01 2.384578854822e-03 7.759305701887e-02
2.993125000000e+01 2.383622264577e-03 7.757422796867e-02
2.993437500000e+01 2.382676376321e-03 7.755606585856e-02
2.993750000000e+01 2.381741157306e-03 7.753856968390e-02
2.994062500000e+01 2.380816575190e-03 7.752173846017e-02
2.994375000000e+01 2.379902598038e-03 7.750557122295e-02
2.994687500000e+01 2.378999194319e-03 7.749006702783e-02
2.995000000000e+01 2.378106332903e-03 7.747522495039e-02
2.995312500000e+01 2.377223983067e-03 7.746104408612e-02
2.995625000000e+01 2.376352114473e-03 7.744752355036e-02
2.995937500000e+01 2.375490697196e-03 7.743466247825e-02
2.996250000000e+01 2.374639701701e-03 7.742246002468e-02
2.996562500000e+01 2.373799098849e-03 7.741091536422e-02
2.996875000000e+01 2.372968859895e-03 7.740002769107e-02
2.997187500000e+01 2.372148956483e-03 7.738979621900e-02
2.997500000000e+01 2.371339360651e-03 7.738022018131e-02
2.997812500000e+01 2.370540044824e-03 7.737129883076e-02
2.998125000000e+01 2.369750981815e-03 7.736303143948e-02
2.998437500000e+01 2.368972144825e-03 7.735541729900e-02
2.998750000000e+01 2.368203507433e-03 7.734845572009e-02
2.999062500000e+01 2.367445043609e-03 7.734214603279e-02
2.999375000000e+01 2.366696727698e-03 7.733648758630e-02
2.999687500000e+01 2.365958534431e-03 7.733147974895e-02
3.000000000000e+01 2.365230438917e-03 7.732712190814e-02
3.000312500000e+01 2.364512416633e-03 7.732341347028e-02
3.000625000000e+01 2.363804443441e-03 7.732035386071e-02
3.000937500000e+01 2.363106495576e-03 7.731794252371e-02
3.001250000000e+01 2.362418549646e-03 7.731617892238e-02
3.001562500000e+01 2.361740582628e-03 7.731506253860e-02
3.001875000000e+01 2.361072571871e-03 7.731459287300e-02
3.002187500000e+01 2.360414495093e-03 7.731476944489e-02
3.002500000000e+01 2.359766330377e-03 7.731559179217e-02
3.002812500000e+01 2.359128056175e-03 7.731705947133e-02
3.003125000000e+01 2.358499651301e-03 7.731917205737e-02
3.003437500000e+01 2.357881094934e-03 7.732192914374e-02
3.003750000000e+01 2.357272366613e-03 7.732533034229e-02
3.004062500000e+01 2.356673446238e-03 7.732937528321e-02
3.004375000000e+01 2.356084314068e-03 7.733406361497e-02
3.004687500000e+01 2.355504950725e-03 7.733939500430e-02
3.005000000000e+01 2.354935337174e-03 7.734536913608e-02
3.005312500000e+01 2.354375454746e-03 7.735198571332e-02
3.005625000000e+01 2.353825285123e-03 7.735924445710e-02
3.005937500000e+01 2.353284810339e-03 7.736714510652e-02
3.006250000000e+01 2.352754012781e-03 7.737568741860e-02
3.006562500000e+01 2.352232875179e-03 7.738487116830e-02
3.006875000000e+01 2.351721380620e-03 7.739469614840e-02
3.007187500000e+01 2.351219512531e-03 7.740516216947e-02
3.007500000000e+01 2.350727254689e-03 7.741626905983e-02
3.007812500000e+01 2.350244591213e-03 7.742801666544e-02
3.008125000000e+01 2.349771506566e-03 7.744040484990e-02
3.008437500000e+01 2.349307985552e-03 7.745343349439e-02
3.008750000000e+01 2.348854013316e-03 7.746710249757e-02
3.009062500000e+01 2.348409575343e-03 7.748141177555e-02
3.009375000000e+01 2.347974657458e-03 7.749636126185e-02
3.009687500000e+01 2.347549245811e-03 7.751195090732e-02
3.010000000000e+01 2.347133326902e-03 7.752818068007e-02
3.010312500000e+01 2.346726887557e-03 7.754505056546e-02
3.010625000000e+01 2.346329914937e-03 7.756256056600e-02
3.010937500000e+01 2.345942396534e-03 7.758071070129e-02
3.011250000000e+01 2.345564320171e-03 7.759950100801e-02
3.011562500000e+01 2.345195673997e-03 7.761893153979e-02
3.011875000000e+01 2.344836446493e-03 7.763900236722e-02
3.012187500000e+01 2.344486626463e-03 7.765971357775e-02
3.012500000000e+01 2.344146203041e-03 7.768106527564e-02
3.012812500000e+01 2.343815165671e-03 7.770305758189e-02
3.013125000000e+01 2.343493504140e-03 7.772569063421e-02
3.013437500000e+01 2.343181208542e-03 7.774896458692e-02
3.013750000000e+01 2.342878269295e-03 7.777287961093e-02
3.014062500000e+01 2.342584677142e-03 7.779743589363e-02
3.014375000000e+01 2.342300423127e-03 7.782263363888e-02
3.014687500000e+01 2.342025498627e-03 7.784847306691e-02
3.015000000000e+01 2.341759895325e-03 7.787495441427e-02
3.015312500000e+01 2.341503605223e-03 7.790207793375e-02
3.015625000000e+01 2.341256620633e-03 7.792984389436e-02
3.015937500000e+01 2.341018934176e-03 7.795825258122e-02
3.016250000000e+01 2.340790538786e-03 7.798730429551e-02
3.016562500000e+01 2.340571427706e-03 7.801699935440e-02
3.016875000000e+01 2.340361594484e-03 7.804733809100e-02
3.017187500000e+01 2.340161032981e-03 7.807832085427e-02
3.017500000000e+01 2.339969737343e-03 7.810994800897e-02
3.017812500000e+01 2.339787702046e-03 7.814221993558e-02
3.018125000000e+01 2.339614921852e-03 7.817513703023e-02
3.018437500000e+01 2.339451391828e-03 7.820869970462e-02
3.018750000000e+01 2.339297107345e-03 7.824290838600e-02
3.019062500000e+01 2.339152064059e-03 7.827776351702e-02
3.019375000000e+01 2.339016257935e-03 7.831326555572e-02
3.019687500000e+01 2.338889685232e-03 7.834941497542e-02
3.020000000000e+01 2.338772342500e-03 7.838621226466e-02
3.020312500000e+01 2.338664226585e-03 7.842365792712e-02
3.020625000000e+01 2.338565334622e-03 7.846175248155e-02
3.020937500000e+01 2.338475664039e-03 7.850049646168e-02
3.021250000000e+01 2.338395212551e-03 7.853989041615e-02
3.021562500000e+01 2.338323978159e-03 7.857993490842e-02
3.021875000000e+01 2.338261959159e-03 7.862063051671e-02
3.022187500000e+01 2.338209154112e-03 7.866197783388e-02
3.022500000000e+01 2.338165561887e-03 7.870397746739e-02
3.022812500000e+01 2.338131181618e-03 7.874663003918e-02
3.023125000000e+01 2.338106012727e-03 7.878993618561e-02
3.023437500000e+01 2.338090054914e-03 7.883389655734e-02
3.023750000000e+01 2.338083308149e-03 7.887851181927e-02
3.024062500000e+01 2.338085772687e-03 7.892378265045e-02
3.024375000000e+01 2.338097449056e-03 7.896970974395e-02
3.024687500000e+01 2.338118338055e-03 7.901629380682e-02
3.025000000000e+01 2.338148440757e-03 7.906353555995e-02
3.025312500000e+01 2.338187758501e-03 7.911143573800e-02
3.025625000000e+01 2.338236292898e-03 7.915999508929e-02
3.025937500000e+01 2.338294045825e-03 7.920921437571e-02
3.026250000000e+01 2.338361019424e-03 7.925909437259e-02
3.026562500000e+01 2.338437216105e-03 7.930963586864e-02
3.026875000000e+01 2.338522638527e-03 7.936083966581e-02
3.027187500000e+01 2.338617289618e-03 7.941270657920e-02
3.027500000000e+01 2.338721172574e-03 7.946523743692e-02
3.027812500000e+01 2.338834290833e-03 7.951843308004e-02
3.028125000000e+01 2.338956648098e-03 7.957229436241e-02
3.028437500000e+01 2.339088248314e-03 7.962682215060e-02
3.028750000000e+01 2.339229095690e-03 7.968201732373e-02
3.029062500000e+01 2.339379194678e-03 7.973788077338e-02
3.029375000000e+01 2.339538549981e-03 7.979441340349e-02
3.029687500000e+01 2.339707166549e-03 7.985161613018e-02
3.030000000000e+01 2.339885049572e-03 7.990948988167e-02
3.030312500000e+01 2.340072204486e-03 7.996803559812e-02
3.030625000000e+01 2.340268636965e-03 8.002725423152e-02
3.030937500000e+01 2.340474352926e-03 8.008714674556e-02
3.031250000000e+01 2.340689358521e-03 8.014771411545e-02
3.031562500000e+01 2.340913660128e-03 8.020895732784e-02
3.031875000000e+01 2.341147264363e-03 8.027087738063e-02
3.032187500000e+01 2.341390178083e-03 8.033347528286e-02
3.032500000000e+01 2.341642408358e-03 8.039675205452e-02
3.032812500000e+01 2.341903962494e-03 8.046070872644e-02
3.033125000000e+01 2.342174848007e-03 8.052534634013e-02
3.033437500000e+01 2.342455072649e-03 8.059066594760e-02
3.033750000000e+01 2.342744644385e-03 8.065666861120e-02
3.034062500000e+01 2.343043571397e-03 8.072335540350e-02
3.034375000000e+01 2.343351862082e-03 8.079072740707e-02
3.034687500000e+01 2.343669525048e-03 8.085878571434e-02
3.035000000000e+01 2.343996569113e-03 8.092753142741e-02
3.035312500000e+01 2.344333003303e-03 8.099696565790e-02
3.035625000000e+01 2.344678836845e-03 8.106708952673e-02
3.035937500000e+01 2.345034079177e-03 8.113790416396e-02
3.036250000000e+01 2.345398739918e-03 8.120941070861e-02
3.036562500000e+01 2.345772828897e-03 8.128161030844e-02
3.036875000000e+01 2.346156356140e-03 8.135450411979e-02
3.037187500000e+01 2.346549331854e-03 8.142809330734e-02
3.037500000000e+01 2.346951766443e-03 8.150237904393e-02
3.037812500000e+01 2.347363670480e-03 8.157736251035e-02
3.038125000000e+01 2.347785054737e-03 8.165304489512e-02
3.038437500000e+01 2.348215930156e-03 8.172942739429e-02
3.038750000000e+01 2.348656307858e-03 8.180651121120e-02
3.039062500000e+01 2.349106199136e-03 8.188429755623e-02
3.039375000000e+01 2.349565615451e-03 8.196278764665e-02
3.039687500000e+01 2.350034568430e-03 8.204198270630e-02
3.040000000000e+01 2.350513069865e-03 8.212188396539e-02
3.040312500000e+01 2.351001131704e-03 8.220249266024e-02
3.040625000000e+01 2.351498766059e-03 8.228381003304e-02
3.040937500000e+01 2.352005985177e-03 8.236583733161e-02
3.041250000000e+01 2.352522801466e-03 8.244857580910e-02
3.041562500000e+01 2.353049227482e-03 8.253202672374e-02
3.041875000000e+01 2.353585275914e-03 8.261619133859e-02
3.042187500000e+01 2.354130959595e-03 8.270107092123e-02
3.042500000000e+01 2.354686291479e-03 8.278666674349e-02
3.042812500000e+01 2.355251284658e-03 8.287298008118e-02
3.043125000000e+01 2.355825952351e-03 8.296001221376e-02
3.043437500000e+01 2.356410307891e-03 8.304776442406e-02
3.043750000000e+01 2.357004364734e-03 8.313623799797e-02
3.044062500000e+01 2.357608136441e-03 8.322543422414e-02
3.044375000000e+01 2.358221636686e-03 8.331535439362e-02
3.044687500000e+01 2.358844879244e-03 8.340599979957e-02
3.045000000000e+01 2.359477877988e-03 8.349737173693e-02
3.045312500000e+01 2.360120646890e-03 8.358947150205e-02
3.045625000000e+01 2.360773199995e-03 8.368230039236e-02
3.045937500000e+01 2.361435551449e-03 8.377585970601e-02
3.046250000000e+01 2.362107715463e-03 8.387015074154e-02
3.046562500000e+01 2.362789706338e-03 8.396517479745e-02
3.046875000000e+01 2.363481538433e-03 8.406093317189e-02
3.047187500000e+01 2.364183226162e-03 8.415742716222e-02
3.047500000000e+01 2.364894784008e-03 8.425465806467e-02
3.047812500000e+01 2.365616226504e-03 8.435262717388e-02
3.048125000000e+01 2.366347568226e-03 8.445133578257e-02
3.048437500000e+01 2.367088823791e-03 8.455078518105e-02
3.048750000000e+01 2.367840007851e-03 8.465097665683e-02
3.049062500000e+01 2.368601135085e-03 8.475191149420e-02
3.049375000000e+01 2.369372220195e-03 8.485359097377e-02
3.049687500000e+01 2.370153277899e-03 8.495601637201e-02
3.050000000000e+01 2.370944322925e-03 8.505918896083e-02
3.050312500000e+01 2.371745369994e-03 8.516311000706e-02
3.050625000000e+01 2.372556433835e-03 8.526778077202e-02
3.050937500000e+01 2.373377529158e-03 8.537320251100e-02
3.051250000000e+01 2.374208670663e-03 8.547937647279e-02
3.051562500000e+01 2.375049873023e-03 8.558630389914e-02
3.051875000000e+01 2.375901150865e-03 8.569398602429e-02
3.052187500000e+01 2.376762518790e-03 8.580242407441e-02
3.052500000000e+01 2.377633991349e-03 8.591161926705e-02
3.052812500000e+01 2.378515583035e-03 8.602157281065e-02
3.053125000000e+01 2.379407308280e-03 8.613228590391e-02
3.053437500000e+01 2.380309181442e-03 8.624375973529e-02
3.053750000000e+01 2.381221216801e-03 8.635599548238e-02
3.054062500000e+01 2.382143428550e-03 8.646899431133e-02
3.054375000000e+01 2.383075830784e-03 8.658275737626e-02
3.054687500000e+01 2.384018437497e-03 8.669728581861e-02
3.055000000000e+01 2.384971262557e-03 8.681258076656e-02
3.055312500000e+01 2.385934319721e-03 8.692864333435e-02
3.055625000000e+01 2.386907622606e-03 8.704547462166e-02
3.055937500000e+01 2.387891184697e-03 8.716307571295e-02
3.056250000000e+01 2.388885019324e-03 8.728144767674e-02
3.056562500000e+01 2.389889139641e-03 8.740059156500e-02
3.056875000000e+01 2.390903558650e-03 8.752050841238e-02
3.057187500000e+01 2.391928289161e-03 8.764119923552e-02
3.057500000000e+01 2.392963343797e-03 8.776266503235e-02
3.057812500000e+01 2.394008734977e-03 8.788490678132e-02
3.058125000000e+01 2.395064474905e-03 8.800792544065e-02
3.058437500000e+01 2.396130575562e-03 8.813172194757e-02
3.058750000000e+01 2.397207048695e-03 8.825629721753e-02
3.059062500000e+01 2.398293905801e-03 8.838165214343e-02
3.059375000000e+01 2.399391158127e-03 8.850778759476e-02
3.059687500000e+01 2.400498816632e-03 8.863470441683e-02
3.060000000000e+01 2.401616892009e-03 8.876240342989e-02
3.060312500000e+01 2.402745394647e-03 8.889088542831e-02
3.060625000000e+01 2.403884334638e-03 8.902015117965e-02
3.060937500000e+01 2.405033721750e-03 8.915020142386e-02
3.061250000000e+01 2.406193565404e-03 8.928103687229e-02
3.061562500000e+01 2.407363874693e-03 8.941265820683e-02
3.061875000000e+01 2.408544658341e-03 8.954506607898e-02
3.062187500000e+01 2.409735924703e-03 8.967826110883e-02
3.062500000000e+01 2.410937681743e-03 8.981224388418e-02
3.062812500000e+01 2.412149937024e-03 8.994701495950e-02
3.063125000000e+01 2.413372697696e-03 9.008257485495e-02
3.063437500000e+01 2.414605970473e-03 9.021892405536e-02
3.063750000000e+01 2.415849761626e-03 9.035606300919e-02
3.064062500000e+01 2.417104076971e-03 9.049399212746e-02
3.064375000000e+01 2.418368921830e-03 9.063271178272e-02
3.064687500000e+01 2.419644301048e-03 9.077222230792e-02
3.065000000000e+01 2.420930218955e-03 9.091252399532e-02
3.065312500000e+01 2.422226679356e-03 9.105361709538e-02
3.065625000000e+01 2.423533685528e-03 9.119550181557e-02
3.065937500000e+01 2.424851240163e-03 9.133817831925e-02
3.066250000000e+01 2.426179345397e-03 9.148164672444e-02
3.066562500000e+01 2.427518002766e-03 9.162590710269e-02
3.066875000000e+01 2.428867213197e-03 9.177095947778e-02
3.067187500000e+01 2.430226976987e-03 9.191680382451e-02
3.067500000000e+01 2.431597293784e-03 9.206344006745e-02
3.067812500000e+01 2.432978162572e-03 9.221086807965e-02
3.068125000000e+01 2.434369581648e-03 9.235908768133e-02
3.068437500000e+01 2.435771548605e-03 9.250809863854e-02
3.068750000000e+01 2.437184060315e-03 9.265790066187e-02
3.069062500000e+01 2.438607112895e-03 9.280849340503e-02
3.069375000000e+01 2.440040701708e-03 9.295987646349e-02
3.069687500000e+01 2.441484821329e-03 9.311204937307e-02
3.070000000000e+01 2.442939465522e-03 9.326501160852e-02
3.070312500000e+01 2.444404627242e-03 9.341876258206e-02
3.070625000000e+01 2.445880298568e-03 9.357330164188e-02
3.070937500000e+01 2.447366470726e-03 9.372862807073e-02
3.071250000000e+01 2.448863134046e-03 9.388474108430e-02
3.071562500000e+01 2.450370277939e-03 9.404163982976e-02
3.071875000000e+01 2.451887890883e-03 9.419932338417e-02
3.072187500000e+01 2.453415960390e-03 9.435779075291e-02
3.072500000000e+01 2.454954472989e-03 9.451704086805e-02
3.072812500000e+01 2.456503414199e-03 9.467707258675e-02
3.073125000000e+01 2.458062768506e-03 9.483788468960e-02
3.073437500000e+01 2.459632519343e-03 9.499947587896e-02
3.073750000000e+01 2.461212649046e-03 9.516184477725e-02
3.074062500000e+01 2.462803138857e-03 9.532498992521e-02
3.074375000000e+01 2.464403968879e-03 9.548890978022e-02
3.074687500000e+01 2.466015118052e-03 9.565360271449e-02
3.075000000000e+01 2.467636564148e-03 9.581906701327e-02
3.075312500000e+01 2.469268283697e-03 9.598530087307e-02
3.075625000000e+01 2.470910252011e-03 9.615230239981e-02
3.075937500000e+01 2.472562443127e-03 9.632006960697e-02
3.076250000000e+01 2.474224829789e-03 9.648860041369e-02
3.076562500000e+01 2.475897383420e-03 9.665789264290e-02
3.076875000000e+01 2.477580074087e-03 9.682794401937e-02
3.077187500000e+01 2.479272870482e-03 9.699875216778e-02
3.077500000000e+01 2.480975739886e-03 9.717031461074e-02
3.077812500000e+01 2.482688648141e-03 9.734262876680e-02
3.078125000000e+01 2.484411559627e-03 9.751569194844e-02
3.078437500000e+01 2.486144437211e-03 9.768950136001e-02
3.078750000000e+01 2.487887242245e-03 9.786405409570e-02
3.079062500000e+01 2.489639934518e-03 9.803934713743e-02
3.079375000000e+01 2.491402472223e-03 9.821537735276e-02
3.079687500000e+01 2.493174811951e-03 9.839214149279e-02
3.080000000000e+01 2.494956908609e-03 9.856963618995e-02
3.080312500000e+01 2.496748715439e-03 9.874785795589e-02
3.080625000000e+01 2.498550183961e-03 9.892680317925e-02
3.080937500000e+01 2.500361263944e-03 9.910646812348e-02
3.081250000000e+01 2.502181903371e-03 9.928684892460e-02
3.081562500000e+01 2.504012048410e-03 9.946794158893e-02
3.081875000000e+01 2.505851643381e-03 9.964974199085e-02
3.082187500000e+01 2.507700630716e-03 9.983224587051e-02
3.082500000000e+01 2.509558950929e-03 1.000154488315e-01
3.082812500000e+01 2.511426542591e-03 1.001993463385e-01
3.083125000000e+01 2.513303342265e-03 1.003839337150e-01
3.083437500000e+01 2.515189284510e-03 1.005692061410e-01
3.083750000000e+01 2.517084301823e-03 1.007551586504e-01
3.084062500000e+01 2.518988324607e-03 1.009417861287e-01
3.084375000000e+01 2.520901281138e-03 1.011290833110e-01
3.084687500000e+01 2.522823097528e-03 1.013170447787e-01
3.085000000000e+01 2.524753697688e-03 1.015056649580e-01
3.085312500000e+01 2.526693003295e-03 1.016949381169e-01
3.085625000000e+01 2.528640933752e-03 1.018848583627e-01
3.085937500000e+01 2.530597406154e-03 1.020754196400e-01
3.086250000000e+01 2.532562335250e-03 1.022666157276e-01
3.086562500000e+01 2.534535633407e-03 1.024584402365e-01
3.086875000000e+01 2.536517210574e-03 1.026508866071e-01
3.087187500000e+01 2.538506974242e-03 1.028439481069e-01
3.087500000000e+01 2.540504829414e-03 1.030376178278e-01
3.087812500000e+01 2.542510678549e-03 1.032318886835e-01
3.088125000000e+01 2.544524421553e-03 1.034267534075e-01
3.088437500000e+01 2.546545955720e-03 1.036222045497e-01
3.088750000000e+01 2.548575175705e-03 1.038182344747e-01
3.089062500000e+01 2.550611973482e-03 1.040148353587e-01
3.089375000000e+01 2.552656238307e-03 1.042119991872e-01
3.089687500000e+01 2.554707856685e-03 1.044097177525e-01
3.090000000000e+01 2.556766712328e-03 1.046079826510e-01
3.090312500000e+01 2.558832686121e-03 1.048067852808e-01
3.090625000000e+01 2.560905656083e-03 1.050061168390e-01
3.090937500000e+01 2.562985497333e-03 1.052059683196e-01
3.091250000000e+01 2.565072082051e-03 1.054063305103e-01
3.091562500000e+01 2.567165279440e-03 1.056071939907e-01
3.091875000000e+01 2.569264955696e-03 1.058085491294e-01
3.092187500000e+01 2.571370973970e-03 1.060103860816e-01
3.092500000000e+01 2.573483194318e-03 1.062126947869e-01
3.092812500000e+01 2.575601473689e-03 1.064154649663e-01
3.093125000000e+01 2.577725665879e-03 1.066186861203e-01
3.093437500000e+01 2.579855621493e-03 1.068223475263e-01
3.093750000000e+01 2.581991187914e-03 1.070264382364e-01
3.094062500000e+01 2.584132209271e-03 1.072309470745e-01
3.094375000000e+01 2.586278526403e-03 1.074358626347e-01
3.094687500000e+01 2.588429976826e-03 1.076411732786e-01
3.095000000000e+01 2.590586394703e-03 1.078468671330e-01
3.095312500000e+01 2.592747610810e-03 1.080529320880e-01
3.095625000000e+01 2.594913452506e-03 1.082593557943e-01
3.095937500000e+01 2.597083743702e-03 1.084661256617e-01
3.096250000000e+01 2.599258304830e-03 1.086732288564e-01
3.096562500000e+01 2.601436952819e-03 1.088806522993e-01
3.096875000000e+01 2.603619501064e-03 1.090883826637e-01
3.097187500000e+01 2.605805759385e-03 1.092964063738e-01
3.097500000000e+01 2.607995534027e-03 1.095047096021e-01
3.097812500000e+01 2.610188627615e-03 1.097132782683e-01
3.098125000000e+01 2.612384839134e-03 1.099220980370e-01
3.098437500000e+01 2.614583963908e-03 1.101311543159e-01
3.098750000000e+01 2.616785793572e-03 1.103404322547e-01
3.099062500000e+01 2.618990116054e-03 1.105499167429e-01
3.099375000000e+01 2.621196715556e-03 1.107595924084e-01
3.099687500000e+01 2.623405372530e-03 1.109694436164e-01
3.100000000000e+01 2.625615863662e-03 1.111794544675e-01
3.100312500000e+01 2.627827961858e-03 1.113896087968e-01
3.100625000000e+01 2.630041436225e-03 1.115998901725e-01
3.100937500000e+01 2.632256052057e-03 1.118102818946e-01
3.101250000000e+01 2.634471570824e-03 1.120207669944e-01
3.101562500000e+01 2.636687750168e-03 1.122313282329e-01
3.101875000000e+01 2.638904343867e-03 1.124419481004e-01
3.102187500000e+01 2.641121101863e-03 1.126526088155e-01
3.102500000000e+01 2.643337770232e-03 1.128632923248e-01
3.102812500000e+01 2.645554091190e-03 1.130739803019e-01
3.103125000000e+01 2.647769803081e-03 1.132846541471e-01
3.103437500000e+01 2.649984640384e-03 1.134952949876e-01
3.103750000000e+01 2.652198333712e-03 1.137058836764e-01
3.104062500000e+01 2.654410609812e-03 1.139164007932e-01
3.104375000000e+01 2.656621191573e-03 1.141268266435e-01
3.104687500000e+01 2.658829798031e-03 1.143371412597e-01
3.105000000000e+01 2.661036144380e-03 1.145473244009e-01
3.105312500000e+01 2.663239941983e-03 1.147573555532e-01
3.105625000000e+01 2.665440898381e-03 1.149672139310e-01
3.105937500000e+01 2.667638717315e-03 1.151768784769e-01
3.106250000000e+01 2.669833098746e-03 1.153863278632e-01
3.106562500000e+01 2.672023738856e-03 1.155955404928e-01
3.106875000000e+01 2.674210330097e-03 1.158044945004e-01
3.107187500000e+01 2.676392561205e-03 1.160131677536e-01
3.107500000000e+01 2.678570117226e-03 1.162215378549e-01
3.107812500000e+01 2.680742679548e-03 1.164295821430e-01
3.108125000000e+01 2.682909925935e-03 1.166372776951e-01
3.108437500000e+01 2.685071530564e-03 1.168446013283e-01
3.108750000000e+01 2.687227164062e-03 1.170515296024e-01
3.109062500000e+01 2.689376493547e-03 1.172580388223e-01
3.109375000000e+01 2.691519182675e-03 1.174641050400e-01
3.109687500000e+01 2.693654891687e-03 1.176697040581e-01
3.110000000000e+01 2.695783277456e-03 1.178748114323e-01
3.110312500000e+01 2.697903993543e-03 1.180794024747e-01
3.110625000000e+01 2.700016690256e-03 1.182834522573e-01
3.110937500000e+01 2.702121014710e-03 1.184869356153e-01
3.111250000000e+01 2.704216610868e-03 1.186898271511e-01
3.111562500000e+01 2.706303119646e-03 1.188921012381e-01
3.111875000000e+01 2.708380178952e-03 1.190937320252e-01
3.112187500000e+01 2.710447423770e-03 1.192946934407e-01
3.112500000000e+01 2.712504486231e-03 1.194949591973e-01
3.112812500000e+01 2.714550995695e-03 1.196945027968e-01
3.113125000000e+01 2.716586578833e-03 1.198932975351e-01
3.113437500000e+01 2.718610859711e-03 1.200913165077e-01
3.113750000000e+01 2.720623459878e-03 1.202885326148e-01
3.114062500000e+01 2.722623998462e-03 1.204849185673e-01
3.114375000000e+01 2.724612092264e-03 1.206804468927e-01
3.114687500000e+01 2.726587355856e-03 1.208750899411e-01
3.115000000000e+01 2.728549401683e-03 1.210688198920e-01
3.115312500000e+01 2.730497840175e-03 1.212616087602e-01
3.115625000000e+01 2.732432279851e-03 1.214534284034e-01
3.115937500000e+01 2.734352327421e-03 1.216442505289e-01
3.116250000000e+01 2.736257587931e-03 1.218340467010e-01
3.116562500000e+01 2.738147664857e-03 1.220227883483e-01
3.116875000000e+01 2.740022160239e-03 1.222104467719e-01
3.117187500000e+01 2.741880674806e-03 1.223969931529e-01
3.117500000000e+01 2.743722808104e-03 1.225823985612e-01
3.117812500000e+01 2.745548158633e-03 1.227666339634e-01
3.118125000000e+01 2.747356323977e-03 1.229496702317e-01
3.118437500000e+01 2.749146900951e-03 1.231314781528e-01
3.118750000000e+01 2.750919485740e-03 1.233120284369e-01
3.119062500000e+01 2.752673674046e-03 1.234912917274e-01
3.119375000000e+01 2.754409061237e-03 1.236692386098e-01
3.119687500000e+01 2.756125242499e-03 1.238458396220e-01
3.120000000000e+01 2.757821812995e-03 1.240210652643e-01
3.120312500000e+01 2.759498368022e-03 1.241948860089e-01
3.120625000000e+01 2.761154503155e-03 1.243672723111e-01
3.120937500000e+01 2.762789814444e-03 1.245381946194e-01
3.121250000000e+01 2.764403898557e-03 1.247076233864e-01
3.121562500000e+01 2.765996352956e-03 1.248755290798e-01
3.121875000000e+01 2.767566776068e-03 1.250418821933e-01
3.122187500000e+01 2.769114767461e-03 1.252066532584e-01
3.122500000000e+01 2.770639928016e-03 1.253698128552e-01
3.122812500000e+01 2.772141860113e-03 1.255313316248e-01
3.123125000000e+01 2.773620167808e-03 1.256911802805e-01
3.123437500000e+01 2.775074457014e-03 1.258493296203e-01
3.123750000000e+01 2.776504335692e-03 1.260057505386e-01
3.124062500000e+01 2.777909414031e-03 1.261604140384e-01
3.124375000000e+01 2.779289304642e-03 1.263132912442e-01
3.124687500000e+01 2.780643622744e-03 1.264643534140e-01
3.125000000000e+01 2.781971986364e-03 1.266135719522e-01
3.125312500000e+01 2.783274016503e-03 1.267609184222e-01
3.125625000000e+01 2.784549337367e-03 1.269063645590e-01
3.125937500000e+01 2.785797576538e-03 1.270498822828e-01
3.126250000000e+01 2.787018365174e-03 1.271914437112e-01
3.126562500000e+01 2.788211338204e-03 1.273310211725e-01
3.126875000000e+01 2.789376134528e-03 1.274685872192e-01
3.127187500000e+01 2.790512397207e-03 1.276041146407e-01
3.127500000000e+01 2.791619773666e-03 1.277375764764e-01
3.127812500000e+01 2.792697915889e-03 1.278689460295e-01
3.128125000000e+01 2.793746480610e-03 1.279981968796e-01
3.128437500000e+01 2.794765129518e-03 1.281253028963e-01
3.128750000000e+01 2.795753529441e-03 1.282502382523e-01
3.129062500000e+01 2.796711352551e-03 1.283729774364e-01
3.129375000000e+01 2.797638276550e-03 1.284934952673e-01
3.129687500000e+01 2.798533984871e-03 1.286117669059e-01
3.130000000000e+01 2.799398166844e-03 1.287277678689e-01
3.130312500000e+01 2.800230517922e-03 1.288414740416e-01
3.130625000000e+01 2.801030739841e-03 1.289528616908e-01
3.130937500000e+01 2.801798540815e-03 1.290619074780e-01
3.131250000000e+01 2.802533635719e-03 1.291685884712e-01
3.131562500000e+01 2.803235746265e-03 1.292728821586e-01
3.131875000000e+01 2.803904601187e-03 1.293747664601e-01
3.132187500000e+01 2.804539936410e-03 1.294742197403e-01
3.132500000000e+01 2.805141495227e-03 1.295712208202e-01
3.132812500000e+01 2.805709028463e-03 1.296657489895e-01
3.133125000000e+01 2.806242294648e-03 1.297577840181e-01
3.133437500000e+01 2.806741060172e-03 1.298473061679e-01
3.133750000000e+01 2.807205099449e-03 1.299342962041e-01
3.134062500000e+01 2.807634195067e-03 1.300187354065e-01
3.134375000000e+01 2.808028137948e-03 1.301006055801e-01
3.134687500000e+01 2.808386727470e-03 1.301798890662e-01
3.135000000000e+01 2.808709771639e-03 1.302565687527e-01
3.135312500000e+01 2.808997087211e-03 1.303306280840e-01
3.135625000000e+01 2.809248499823e-03 1.304020510712e-01
3.135937500000e+01 2.809463844123e-03 1.304708223017e-01
3.136250000000e+01 2.809642963894e-03 1.305369269480e-01
3.136562500000e+01 2.809785712165e-03 1.306003507775e-01
3.136875000000e+01 2.809891951327e-03 1.306610801603e-01
3.137187500000e+01 2.809961553239e-03 1.307191020780e-01
3.137500000000e+01 2.809994399331e-03 1.307744041316e-01
3.137812500000e+01 2.809990380669e-03 1.308269745490e-01
3.138125000000e+01 2.809949398103e-03 1.308768021923e-01
3.138437500000e+01 2.809871362292e-03 1.309238765647e-01
3.138750000000e+01 2.809756193804e-03 1.309681878171e-01
3.139062500000e+01 2.809603823191e-03 1.310097267539e-01
3.139375000000e+01 2.809414191024e-03 1.310484848390e-01
3.139687500000e+01 2.809187247988e-03 1.310844542010e-01
3.140000000000e+01 2.808922954906e-03 1.311176276382e-01
3.140312500000e+01 2.808621282789e-03 1.311479986229e-01
3.140625000000e+01 2.808282212872e-03 1.311755613057e-01
3.140937500000e+01 2.807905736646e-03 1.312003105188e-01
3.141250000000e+01 2.807491855877e-03 1.312222417798e-01
3.141562500000e+01 2.807040582624e-03 1.312413512937e-01
3.141875000000e+01 2.806551939251e-03 1.312576359560e-01
3.142187500000e+01 2.806025958426e-03 1.312710933541e-01
3.142500000000e+01 2.805462683098e-03 1.312817217690e-01
3.142812500000e+01 2.804862166536e-03 1.312895201761e-01
3.143125000000e+01 2.804224472256e-03 1.312944882462e-01
3.143437500000e+01 2.803549674020e-03 1.312966263451e-01
3.143750000000e+01 2.802837855809e-03 1.312959355335e-01
3.144062500000e+01 2.802089111757e-03 1.312924175666e-01
3.144375000000e+01 2.801303546138e-03 1.312860748921e-01
3.144687500000e+01 2.800481273295e-03 1.312769106495e-01
3.145000000000e+01 2.799622417581e-03 1.312649286670e-01
3.145312500000e+01 2.798727113295e-03 1.312501334598e-01
3.145625000000e+01 2.797795504609e-03 1.312325302269e-01
3.145937500000e+01 2.796827745487e-03 1.312121248474e-01
3.146250000000e+01 2.795823999601e-03 1.311889238770e-01
3.146562500000e+01 2.794784440238e-03 1.311629345436e-01
3.146875000000e+01 2.793709250206e-03 1.311341647428e-01
3.147187500000e+01 2.792598621702e-03 1.311026230328e-01
3.147500000000e+01 2.791452756262e-03 1.310683186286e-01
3.147812500000e+01 2.790271864579e-03 1.310312613966e-01
3.148125000000e+01 2.789056166420e-03 1.309914618480e-01
3.148437500000e+01 2.787805890489e-03 1.309489311324e-01
3.148750000000e+01 2.786521274278e-03 1.309036810305e-01
3.149062500000e+01 2.785202563959e-03 1.308557239470e-01
3.149375000000e+01 2.783850014222e-03 1.308050729026e-01
3.149687500000e+01 2.782463888126e-03 1.307517415262e-01
3.150000000000e+01 2.781044456953e-03 1.306957440461e-01
3.150312500000e+01 2.779592000045e-03 1.306370952815e-01
3.150625000000e+01 2.778106804645e-03 1.305758106335e-01
3.150937500000e+01 2.776589165731e-03 1.305119060754e-01
3.151250000000e+01 2.775039385842e-03 1.304453981433e-01
3.151562500000e+01 2.773457774916e-03 1.303763039259e-01
3.151875000000e+01 2.771844650077e-03 1.303046410545e-01
3.152187500000e+01 2.770200335516e-03 1.302304276925e-01
3.152500000000e+01 2.768525162246e-03 1.301536825243e-01
3.152812500000e+01 2.766819467945e-03 1.300744247447e-01
3.153125000000e+01 2.765083596767e-03 1.299926740474e-01
3.153437500000e+01 2.763317899122e-03 1.299084506139e-01
3.153750000000e+01 2.761522731519e-03 1.298217751013e-01
3.154062500000e+01 2.759698456343e-03 1.297326686313e-01
3.154375000000e+01 2.757845441662e-03 1.296411527775e-01
3.154687500000e+01 2.755964061028e-03 1.295472495533e-01
3.155000000000e+01 2.754054693267e-03 1.294509814002e-01
3.155312500000e+01 2.752117722283e-03 1.293523711745e-01
3.155625000000e+01 2.750153536846e-03 1.292514421353e-01
3.155937500000e+01 2.748162530390e-03 1.291482179319e-01
3.156250000000e+01 2.746145100806e-03 1.290427225902e-01
3.156562500000e+01 2.744101650216e-03 1.289349805010e-01
3.156875000000e+01 2.742032584790e-03 1.288250164060e-01
3.157187500000e+01 2.739938314540e-03 1.287128553853e-01
3.157500000000e+01 2.737819253081e-03 1.285985228444e-01
3.157812500000e+01 2.735675817448e-03 1.284820445008e-01
3.158125000000e+01 2.733508427867e-03 1.283634463709e-01
3.158437500000e+01 2.731317507575e-03 1.282427547573e-01
3.158750000000e+01 2.729103482591e-03 1.281199962349e-01
3.159062500000e+01 2.726866781520e-03 1.279951976385e-01
3.159375000000e+01 2.724607835342e-03 1.278683860492e-01
3.159687500000e+01 2.722327077215e-03 1.277395887813e-01
3.160000000000e+01 2.720024942266e-03 1.276088333697e-01
3.160312500000e+01 2.717701867393e-03 1.274761475563e-01
3.160625000000e+01 2.715358291070e-03 1.273415592776e-01
3.160937500000e+01 2.712994653146e-03 1.272050966515e-01
3.161250000000e+01 2.710611394637e-03 1.270667879643e-01
3.161562500000e+01 2.708208957554e-03 1.269266616588e-01
3.161875000000e+01 2.705787784717e-03 1.267847463209e-01
3.162187500000e+01 2.703348319534e-03 1.266410706675e-01
3.162500000000e+01 2.700891005847e-03 1.264956635340e-01
3.162812500000e+01 2.698416287718e-03 1.263485538620e-01
3.163125000000e+01 2.695924609282e-03 1.261997706876e-01
3.163437500000e+01 2.693416414548e-03 1.260493431287e-01
3.163750000000e+01 2.690892147230e-03 1.258973003739e-01
3.164062500000e+01 2.688352250573e-03 1.257436716705e-01
3.164375000000e+01 2.685797167187e-03 1.255884863127e-01
3.164687500000e+01 2.683227338878e-03 1.254317736310e-01
3.165000000000e+01 2.680643206489e-03 1.252735629803e-01
3.165312500000e+01 2.678045209740e-03 1.251138837292e-01
3.165625000000e+01 2.675433787077e-03 1.249527652494e-01
3.165937500000e+01 2.672809375499e-03 1.247902369048e-01
3.166250000000e+01 2.670172410436e-03 1.246263280411e-01
3.166562500000e+01 2.667523325606e-03 1.244610679757e-01
3.166875000000e+01 2.664862552844e-03 1.242944859877e-01
3.167187500000e+01 2.662190521992e-03 1.241266113080e-01
3.167500000000e+01 2.659507660739e-03 1.239574731094e-01
3.167812500000e+01 2.656814394524e-03 1.237871004981e-01
3.168125000000e+01 2.654111146385e-03 1.236155225033e-01
3.168437500000e+01 2.651398336843e-03 1.234427680694e-01
3.168750000000e+01 2.648676383786e-03 1.232688660464e-01
3.169062500000e+01 2.645945702349e-03 1.230938451818e-01
3.169375000000e+01 2.643206704807e-03 1.229177341122e-01
3.169687500000e+01 2.640459800462e-03 1.227405613553e-01
3.170000000000e+01 2.637705395548e-03 1.225623553021e-01
3.170312500000e+01 2.634943893127e-03 1.223831442088e-01
3.170625000000e+01 2.632175692979e-03 1.222029561901e-01
3.170937500000e+01 2.629401191530e-03 1.220218192116e-01
3.171250000000e+01 2.626620781770e-03 1.218397610829e-01
3.171562500000e+01 2.623834853139e-03 1.216568094510e-01
3.171875000000e+01 2.621043791468e-03 1.214729917939e-01
3.172187500000e+01 2.618247978883e-03 1.212883354138e-01
3.172500000000e+01 2.615447793756e-03 1.211028674319e-01
3.172812500000e+01 2.612643610620e-03 1.209166147818e-01
3.173125000000e+01 2.609835800103e-03 1.207296042044e-01
3.173437500000e+01 2.607024728865e-03 1.205418622422e-01
3.173750000000e+01 2.604210759546e-03 1.203534152345e-01
3.174062500000e+01 2.601394250697e-03 1.201642893122e-01
3.174375000000e+01 2.598575556743e-03 1.199745103931e-01
3.174687500000e+01 2.595755027918e-03 1.197841041773e-01
3.175000000000e+01 2.592933010238e-03 1.195930961434e-01
3.175312500000e+01 2.590109845430e-03 1.194015115436e-01
3.175625000000e+01 2.587285870924e-03 1.192093754007e-01
3.175937500000e+01 2.584461419796e-03 1.190167125035e-01
3.176250000000e+01 2.581636820755e-03 1.188235474043e-01
3.176562500000e+01 2.578812398091e-03 1.186299044146e-01
3.176875000000e+01 2.575988471645e-03 1.184358076028e-01
3.177187500000e+01 2.573165356816e-03 1.182412807911e-01
3.177500000000e+01 2.570343364512e-03 1.180463475524e-01
3.177812500000e+01 2.567522801142e-03 1.178510312085e-01
3.178125000000e+01 2.564703968598e-03 1.176553548268e-01
3.178437500000e+01 2.561887164245e-03 1.174593412193e-01
3.178750000000e+01 2.559072680906e-03 1.172630129394e-01
3.179062500000e+01 2.556260806859e-03 1.170663922810e-01
3.179375000000e+01 2.553451825828e-03 1.168695012764e-01
3.179687500000e+01 2.550646016987e-03 1.166723616951e-01
3.180000000000e+01 2.547843654938e-03 1.164749950420e-01
3.180312500000e+01 2.545045009747e-03 1.162774225568e-01
3.180625000000e+01 2.542250346916e-03 1.160796652126e-01
3.180937500000e+01 2.539459927423e-03 1.158817437151e-01
3.181250000000e+01 2.536674007696e-03 1.156836785020e-01
3.181562500000e+01 2.533892839630e-03 1.154854897423e-01
3.181875000000e+01 2.531116670621e-03 1.152871973360e-01
3.182187500000e+01 2.528345743561e-03 1.150888209136e-01
3.182500000000e+01 2.525580296861e-03 1.148903798361e-01
3.182812500000e+01 2.522820564464e-03 1.146918931948e-01
3.183125000000e+01 2.520066775871e-03 1.144933798117e-01
3.183437500000e+01 2.517319156156e-03 1.142948582391e-01
3.183750000000e+01 2.514577925991e-03 1.140963467606e-01
3.184062500000e+01 2.511843301674e-03 1.138978633910e-01
3.184375000000e+01 2.509115495152e-03 1.136994258770e-01
3.184687500000e+01 2.506394714035e-03 1.135010516981e-01
3.185000000000e+01 2.503681161651e-03 1.133027580668e-01
3.185312500000e+01 2.500975037051e-03 1.131045619302e-01
3.185625000000e+01 2.498276535068e-03 1.129064799700e-01
3.185937500000e+01 2.495585846319e-03 1.127085286044e-01
3.186250000000e+01 2.492903157243e-03 1.125107239886e-01
3.186562500000e+01 2.490228650156e-03 1.123130820165e-01
3.186875000000e+01 2.487562503272e-03 1.121156183214e-01
3.187187500000e+01 2.484904890738e-03 1.119183482779e-01
3.187500000000e+01 2.482255982674e-03 1.117212870031e-01
3.187812500000e+01 2.479615945215e-03 1.115244493581e-01
3.188125000000e+01 2.476984940542e-03 1.113278499496e-01
3.188437500000e+01 2.474363126927e-03 1.111315031315e-01
3.188750000000e+01 2.471750658773e-03 1.109354230068e-01
3.189062500000e+01 2.469147686658e-03 1.107396234291e-01
3.189375000000e+01 2.466554357357e-03 1.105441180045e-01
3.189687500000e+01 2.463970813917e-03 1.103489200937e-01
3.190000000000e+01 2.461397195671e-03 1.101540428136e-01
3.190312500000e+01 2.458833638306e-03 1.099594990394e-01
3.190625000000e+01 2.456280273887e-03 1.097653014068e-01
3.190937500000e+01 2.453737230895e-03 1.095714623139e-01
3.191250000000e+01 2.451204634299e-03 1.093779939231e-01
3.191562500000e+01 2.448682605582e-03 1.091849081637e-01
3.191875000000e+01 2.446171262787e-03 1.089922167338e-01
3.192187500000e+01 2.443670720567e-03 1.087999311026e-01
3.192500000000e+01 2.441181090229e-03 1.086080625124e-01
3.192812500000e+01 2.438702479777e-03 1.084166219815e-01
3.193125000000e+01 2.436234993962e-03 1.082256203056e-01
3.193437500000e+01 2.433778734325e-03 1.080350680611e-01
3.193750000000e+01 2.431333799249e-03 1.078449756066e-01
3.194062500000e+01 2.428900283988e-03 1.076553530860e-01
3.194375000000e+01 2.426478280737e-03 1.074662104302e-01
3.194687500000e+01 2.424067878663e-03 1.072775573601e-01
3.195000000000e+01 2.421669163953e-03 1.070894033887e-01
3.195312500000e+01 2.419282219878e-03 1.069017578236e-01
3.195625000000e+01 2.416907126798e-03 1.067146297694e-01
3.195937500000e+01 2.414543962248e-03 1.065280281305e-01
3.196250000000e+01 2.412192800970e-03 1.063419616129e-01
3.196562500000e+01 2.409853714954e-03 1.061564387273e-01
3.196875000000e+01 2.407526773491e-03 1.059714677914e-01
3.197187500000e+01 2.405212043214e-03 1.057870569322e-01
3.197500000000e+01 2.402909588144e-03 1.056032140887e-01
3.197812500000e+01 2.400619469738e-03 1.054199470141e-01
3.198125000000e+01 2.398341746930e-03 1.052372632790e-01
3.198437500000e+01 2.396076476182e-03 1.050551702727e-01
3.198750000000e+01 2.393823711511e-03 1.048736752070e-01
3.199062500000e+01 2.391583504559e-03 1.046927851177e-01
3.199375000000e+01 2.389355904619e-03 1.045125068675e-01
3.199687500000e+01 2.387140958678e-03 1.043328471483e-01
3.200000000000e+01 2.384938711486e-03 1.041538124841e-01
3.200312500000e+01 2.382749205544e-03 1.039754092326e-01
3.200625000000e+01 2.380572481219e-03 1.037976435887e-01
3.200937500000e+01 2.378408576715e-03 1.036205215860e-01
3.201250000000e+01 2.376257528166e-03 1.034440490997e-01
3.201562500000e+01 2.374119369656e-03 1.032682318492e-01
3.201875000000e+01 2.371994133264e-03 1.030930753999e-01
3.202187500000e+01 2.369881849102e-03 1.029185851661e-01
3.202500000000e+01 2.367782545364e-03 1.027447664133e-01
3.202812500000e+01 2.365696248340e-03 1.025716242602e-01
3.203125000000e+01 2.363622982510e-03 1.023991636816e-01
3.203437500000e+01 2.361562770508e-03 1.022273895104e-01
3.203750000000e+01 2.359515633240e-03 1.020563064397e-01
3.204062500000e+01 2.357481589851e-03 1.018859190256e-01
3.204375000000e+01 2.355460657806e-03 1.017162316894e-01
3.204687500000e+01 2.353452852935e-03 1.015472487193e-01
3.205000000000e+01 2.351458189416e-03 1.013789742733e-01
3.205312500000e+01 2.349476679885e-03 1.012114123812e-01
3.205625000000e+01 2.347508335401e-03 1.010445669468e-01
3.205937500000e+01 2.345553165536e-03 1.008784417498e-01
3.206250000000e+01 2.343611178381e-03 1.007130404486e-01
3.206562500000e+01 2.341682380592e-03 1.005483665820e-01
3.206875000000e+01 2.339766777419e-03 1.003844235712e-01
3.207187500000e+01 2.337864372748e-03 1.002212147224e-01
3.207500000000e+01 2.335975169109e-03 1.000587432286e-01
3.207812500000e+01 2.334099167763e-03 9.989701217140e-02
3.208125000000e+01 2.332236368660e-03 9.973602452370e-02
3.208437500000e+01 2.330386770551e-03 9.957578315112e-02
3.208750000000e+01 2.328550370945e-03 9.941629081431e-02
3.209062500000e+01 2.326727166190e-03 9.925755017083e-02
3.209375000000e+01 2.324917151504e-03 9.909956377715e-02
3.209687500000e+01 2.323120320954e-03 9.894233409054e-02
3.210000000000e+01 2.321336667561e-03 9.878586347105e-02
3.210312500000e+01 2.319566183257e-03 9.863015418333e-02
3.210625000000e+01 2.317808858966e-03 9.847520839855e-02
3.210937500000e+01 2.316064684609e-03 9.832102819621e-02
3.211250000000e+01 2.314333649135e-03 9.816761556602e-02
3.211562500000e+01 2.312615740553e-03 9.801497240963e-02
3.211875000000e+01 2.310910945956e-03 9.786310054245e-02
3.212187500000e+01 2.309219251536e-03 9.771200169544e-02
3.212500000000e+01 2.307540642649e-03 9.756167751675e-02
3.212812500000e+01 2.305875103780e-03 9.741212957356e-02
3.213125000000e+01 2.304222618640e-03 9.726335935364e-02
3.213437500000e+01 2.302583170118e-03 9.711536826712e-02
3.213750000000e+01 2.300956740365e-03 9.696815764808e-02
3.214062500000e+01 2.299343310784e-03 9.682172875621e-02
3.214375000000e+01 2.297742862064e-03 9.667608277836e-02
3.214687500000e+01 2.296155374220e-03 9.653122083020e-02
3.215000000000e+01 2.294580826573e-03 9.638714395769e-02
3.215312500000e+01 2.293019197815e-03 9.624385313867e-02
3.215625000000e+01 2.291470466015e-03 9.610134928439e-02
3.215937500000e+01 2.289934608637e-03 9.595963324094e-02
3.216250000000e+01 2.288411602568e-03 9.581870579078e-02
3.216562500000e+01 2.286901424138e-03 9.567856765417e-02
3.216875000000e+01 2.285404049125e-03 9.553921949059e-02
3.217187500000e+01 2.283919452817e-03 9.540066190017e-02
3.217500000000e+01 2.282447609971e-03 9.526289542505e-02
3.217812500000e+01 2.280988494901e-03 9.512592055079e-02
3.218125000000e+01 2.279542081429e-03 9.498973770768e-02
3.218437500000e+01 2.278108342954e-03 9.485434727207e-02
3.218750000000e+01 2.276687252453e-03 9.471974956768e-02
3.219062500000e+01 2.275278782490e-03 9.458594486692e-02
3.219375000000e+01 2.273882905262e-03 9.445293339210e-02
3.219687500000e+01 2.272499592570e-03 9.432071531672e-02
3.220000000000e+01 2.271128815884e-03 9.418929076668e-02
3.220312500000e+01 2.269770546330e-03 9.405865982148e-02
3.220625000000e+01 2.268424754719e-03 9.392882251544e-02
3.220937500000e+01 2.267091411557e-03 9.379977883884e-02
3.221250000000e+01 2.265770487069e-03 9.367152873909e-02
3.221562500000e+01 2.264461951191e-03 9.354407212184e-02
3.221875000000e+01 2.263165773633e-03 9.341740885214e-02
3.222187500000e+01 2.261881923829e-03 9.329153875549e-02
3.222500000000e+01 2.260610371020e-03 9.316646161894e-02
3.222812500000e+01 2.259351084205e-03 9.304217719216e-02
3.223125000000e+01 2.258104032201e-03 9.291868518847e-02
3.223437500000e+01 2.256869183637e-03 9.279598528586e-02
3.223750000000e+01 2.255646506962e-03 9.267407712804e-02
3.224062500000e+01 2.254435970488e-03 9.255296032537e-02
3.224375000000e+01 2.253237542354e-03 9.243263445591e-02
3.224687500000e+01 2.252051190581e-03 9.231309906630e-02
3.225000000000e+01 2.250876883067e-03 9.219435367277e-02
3.225312500000e+01 2.249714587600e-03 9.207639776205e-02
3.225625000000e+01 2.248564271871e-03 9.195923079225e-02
3.225937500000e+01 2.247425903488e-03 9.184285219380e-02
3.226250000000e+01 2.246299449970e-03 9.172726137031e-02
3.226562500000e+01 2.245184878801e-03 9.161245769944e-02
3.226875000000e+01 2.244082157378e-03 9.149844053374e-02
3.227187500000e+01 2.242991253090e-03 9.138520920150e-02
3.227500000000e+01 2.241912133265e-03 9.127276300757e-02
3.227812500000e+01 2.240844765225e-03 9.116110123417e-02
3.228125000000e+01 2.239789116277e-03 9.105022314165e-02
3.228437500000e+01 2.238745153720e-03 9.094012796934e-02
3.228750000000e+01 2.237712844879e-03 9.083081493623e-02
3.229062500000e+01 2.236692157073e-03 9.072228324178e-02
3.229375000000e+01 2.235683057645e-03 9.061453206666e-02
3.229687500000e+01 2.234685513996e-03 9.050756057343e-02
3.230000000000e+01 2.233699493551e-03 9.040136790728e-02
3.230312500000e+01 2.232724963790e-03 9.029595319675e-02
3.230625000000e+01 2.231761892258e-03 9.019131555439e-02
3.230937500000e+01 2.230810246549e-03 9.008745407742e-02
3.231250000000e+01 2.229869994362e-03 8.998436784843e-02
3.231562500000e+01 2.228941103446e-03 8.988205593601e-02
3.231875000000e+01 2.228023541672e-03 8.978051739540e-02
3.232187500000e+01 2.227117276981e-03 8.967975126909e-02
3.232500000000e+01 2.226222277434e-03 8.957975658747e-02
3.232812500000e+01 2.225338511202e-03 8.948053236941e-02
3.233125000000e+01 2.224465946565e-03 8.938207762286e-02
3.233437500000e+01 2.223604551951e-03 8.928439134545e-02
3.233750000000e+01 2.222754295894e-03 8.918747252501e-02
3.234062500000e+01 2.221915147067e-03 8.909132014021e-02
3.234375000000e+01 2.221087074309e-03 8.899593316103e-02
3.234687500000e+01 2.220270046590e-03 8.890131054936e-02
3.235000000000e+01 2.219464033043e-03 8.880745125949e-02
3.235312500000e+01 2.218669002965e-03 8.871435423866e-02
3.235625000000e+01 2.217884925802e-03 8.862201842755e-02
3.235937500000e+01 2.217111771204e-03 8.853044276080e-02
3.236250000000e+01 2.216349508965e-03 8.843962616747e-02
3.236562500000e+01 2.215598109094e-03 8.834956757157e-02
3.236875000000e+01 2.214857541761e-03 8.826026589250e-02
3.237187500000e+01 2.214127777345e-03 8.817172004551e-02
3.237500000000e+01 2.213408786417e-03 8.808392894218e-02
3.237812500000e+01 2.212700539749e-03 8.799689149085e-02
3.238125000000e+01 2.212003008334e-03 8.791060659706e-02
3.238437500000e+01 2.211316163359e-03 8.782507316400e-02
3.238750000000e+01 2.210639976223e-03 8.774029009291e-02
3.239062500000e+01 2.209974418569e-03 8.765625628350e-02
3.239375000000e+01 2.209319462246e-03 8.757297063436e-02
3.239687500000e+01 2.208675079336e-03 8.749043204336e-02
3.240000000000e+01 2.208041242157e-03 8.740863940804e-02
3.240312500000e+01 2.207417923246e-03 8.732759162599e-02
3.240625000000e+01 2.206805095410e-03 8.724728759523e-02
3.240937500000e+01 2.206202731664e-03 8.716772621458e-02
3.241250000000e+01 2.205610805305e-03 8.708890638404e-02
3.241562500000e+01 2.205029289851e-03 8.701082700510e-02
3.241875000000e+01 2.204458159088e-03 8.693348698113e-02
3.242187500000e+01 2.203897387058e-03 8.685688521772e-02
3.242500000000e+01 2.203346948056e-03 8.678102062299e-02
3.242812500000e+01 2.202806816659e-03 8.670589210795e-02
3.243125000000e+01 2.202276967688e-03 8.663149858679e-02
3.243437500000e+01 2.201757376233e-03 8.655783897723e-02
3.243750000000e+01 2.201248017678e-03 8.648491220081e-02
3.244062500000e+01 2.200748867663e-03 8.641271718320e-02
3.244375000000e+01 2.200259902113e-03 8.634125285452e-02
3.244687500000e+01 2.199781097233e-03 8.627051814959e-02
3.245000000000e+01 2.199312429498e-03 8.620051200826e-02
3.245312500000e+01 2.198853875695e-03 8.613123337567e-02
3.245625000000e+01 2.198405412866e-03 8.606268120254e-02
3.245937500000e+01 2.197967018376e-03 8.599485444541e-02
3.246250000000e+01 2.197538669853e-03 8.592775206698e-02
3.246562500000e+01 2.197120345238e-03 8.586137303630e-02
3.246875000000e+01 2.196712022763e-03 8.579571632903e-02
3.247187500000e+01 2.196313680956e-03 8.573078092777e-02
3.247500000000e+01 2.195925298659e-03 8.566656582220e-02
3.247812500000e+01 2.195546855002e-03 8.560307000941e-02
3.248125000000e+01 2.195178329416e-03 8.554029249409e-02
3.248437500000e+01 2.194819701662e-03 8.547823228879e-02
3.248750000000e+01 2.194470951791e-03 8.541688841413e-02
3.249062500000e+01 2.194132060172e-03 8.535625989904e-02
3.249375000000e+01 2.193803007487e-03 8.529634578098e-02
3.249687500000e+01 2.193483774719e-03 8.523714510615e-02
3.250000000000e+01 2.193174343193e-03 8.517865692971e-02
3.250312500000e+01 2.192874694522e-03 8.512088031598e-02
3.250625000000e+01 2.192584810669e-03 8.506381433867e-02
3.250937500000e+01 2.192304673889e-03 8.500745808106e-02
3.251250000000e+01 2.192034266776e-03 8.495181063620e-02
3.251562500000e+01 2.191773572246e-03 8.489687110712e-02
3.251875000000e+01 2.191522573537e-03 8.484263860699e-02
3.252187500000e+01 2.191281254216e-03 8.478911225937e-02
3.252500000000e+01 2.191049598182e-03 8.473629119831e-02
3.252812500000e+01 2.190827589648e-03 8.468417456862e-02
3.253125000000e+01 2.190615213181e-03 8.463276152597e-02
3.253437500000e+01 2.190412453663e-03 8.458205123713e-02
3.253750000000e+01 2.190219296319e-03 8.453204288009e-02
3.254062500000e+01 2.190035726706e-03 8.448273564428e-02
3.254375000000e+01 2.189861730706e-03 8.443412873070e-02
3.254687500000e+01 2.189697294564e-03 8.438622135208e-02
3.255000000000e+01 2.189542404833e-03 8.433901273309e-02
3.255312500000e+01 2.189397048437e-03 8.429250211043e-02
3.255625000000e+01 2.189261212612e-03 8.424668873305e-02
3.255937500000e+01 2.189134884952e-03 8.420157186225e-02
3.256250000000e+01 2.189018053393e-03 8.415715077190e-02
3.256562500000e+01 2.188910706211e-03 8.411342474849e-02
3.256875000000e+01 2.188812832031e-03 8.407039309137e-02
3.257187500000e+01 2.188724419825e-03 8.402805511285e-02
3.257500000000e+01 2.188645458897e-03 8.398641013834e-02
3.257812500000e+01 2.188575938926e-03 8.394545750652e-02
3.258125000000e+01 2.188515849920e-03 8.390519656942e-02
3.258437500000e+01 2.188465182247e-03 8.386562669263e-02
3.258750000000e+01 2.188423926624e-03 8.382674725537e-02
3.259062500000e+01 2.188392074108e-03 8.378855765067e-02
3.259375000000e+01 2.188369616136e-03 8.375105728547e-02
3.259687500000e+01 2.188356544469e-03 8.371424558075e-02
3.260000000000e+01 2.188352851252e-03 8.367812197167e-02
3.260312500000e+01 2.188358528961e-03 8.364268590769e-02
3.260625000000e+01 2.188373570442e-03 8.360793685269e-02
3.260937500000e+01 2.188397968898e-03 8.357387428510e-02
3.261250000000e+01 2.188431717887e-03 8.354049769800e-02
3.261562500000e+01 2.188474811331e-03 8.350780659926e-02
3.261875000000e+01 2.188527243513e-03 8.347580051166e-02
3.262187500000e+01 2.188589009063e-03 8.344447897298e-02
3.262500000000e+01 2.188660102997e-03 8.341384153614e-02
3.262812500000e+01 2.188740520677e-03 8.338388776929e-02
3.263125000000e+01 2.188830257836e-03 8.335461725596e-02
3.263437500000e+01 2.188929310572e-03 8.332602959512e-02
3.263750000000e+01 2.189037675336e-03 8.329812440132e-02
3.264062500000e+01 2.189155348972e-03 8.327090130480e-02
3.264375000000e+01 2.189282328660e-03 8.324435995160e-02
3.264687500000e+01 2.189418611980e-03 8.321850000364e-02
3.265000000000e+01 2.189564196855e-03 8.319332113884e-02
3.265312500000e+01 2.189719081591e-03 8.316882305124e-02
3.265625000000e+01 2.189883264863e-03 8.314500545110e-02
3.265937500000e+01 2.190056745718e-03 8.312186806495e-02
3.266250000000e+01 2.190239523576e-03 8.309941063577e-02
3.266562500000e+01 2.190431598232e-03 8.307763292306e-02
3.266875000000e+01 2.190632969843e-03 8.305653470290e-02
3.267187500000e+01 2.190843638967e-03 8.303611576811e-02
3.267500000000e+01 2.191063606508e-03 8.301637592831e-02
3.267812500000e+01 2.191292873775e-03 8.299731501005e-02
3.268125000000e+01 2.191531442440e-03 8.297893285685e-02
3.268437500000e+01 2.191779314546e-03 8.296122932938e-02
3.268750000000e+01 2.192036492542e-03 8.294420430548e-02
3.269062500000e+01 2.192302979227e-03 8.292785768029e-02
3.269375000000e+01 2.192578777813e-03 8.291218936635e-02
3.269687500000e+01 2.192863891867e-03 8.289719929367e-02
3.270000000000e+01 2.193158325355e-03 8.288288740986e-02
3.270312500000e+01 2.193462082625e-03 8.286925368019e-02
3.270625000000e+01 2.193775168408e-03 8.285629808770e-02
3.270937500000e+01 2.194097587826e-03 8.284402063329e-02
3.271250000000e+01 2.194429346389e-03 8.283242133582e-02
3.271562500000e+01 2.194770449980e-03 8.282150023218e-02
3.271875000000e+01 2.195120904902e-03 8.281125737741e-02
3.272187500000e+01 2.195480717813e-03 8.280169284477e-02
3.272500000000e+01 2.195849895795e-03 8.279280672586e-02
3.272812500000e+01 2.196228446306e-03 8.278459913068e-02
3.273125000000e+01 2.196616377190e-03 8.277707018772e-02
3.273437500000e+01 2.197013696710e-03 8.277022004410e-02
3.273750000000e+01 2.197420413497e-03 8.276404886559e-02
3.274062500000e+01 2.197836536608e-03 8.275855683678e-02
3.274375000000e+01 2.198262075472e-03 8.275374416110e-02
3.274687500000e+01 2.198697039931e-03 8.274961106095e-02
3.275000000000e+01 2.199141440228e-03 8.274615777777e-02
3.275312500000e+01 2.199595287000e-03 8.274338457218e-02
3.275625000000e+01 2.200058591296e-03 8.274129172399e-02
3.275937500000e+01 2.200531364565e-03 8.273987953237e-02
3.276250000000e+01 2.201013618650e-03 8.273914831590e-02
3.276562500000e+01 2.201505365826e-03 8.273909841266e-02
3.276875000000e+01 2.202006618746e-03 8.273973018034e-02
3.277187500000e+01 2.202517390497e-03 8.274104399633e-02
3.277500000000e+01 2.203037694566e-03 8.274304025779e-02
3.277812500000e+01 2.203567544838e-03 8.274571938179e-02
3.278125000000e+01 2.204106955642e-03 8.274908180533e-02
3.278437500000e+01 2.204655941686e-03 8.275312798551e-02
3.278750000000e+01 2.205214518125e-03 8.275785839956e-02
3.279062500000e+01 2.205782700506e-03 8.276327354500e-02
3.279375000000e+01 2.206360504807e-03 8.276937393966e-02
3.279687500000e+01 2.206947947424e-03 8.277616012182e-02
3.280000000000e+01 2.207545045171e-03 8.278363265030e-02
3.280312500000e+01 2.208151815290e-03 8.279179210456e-02
3.280625000000e+01 2.208768275444e-03 8.280063908477e-02
3.280937500000e+01 2.209394443710e-03 8.281017421192e-02
3.281250000000e+01 2.210030338619e-03 8.282039812794e-02
3.281562500000e+01 2.210675979098e-03 8.283131149575e-02
3.281875000000e+01 2.211331384531e-03 8.284291499941e-02
3.282187500000e+01 2.211996574724e-03 8.285520934415e-02
3.282500000000e+01 2.212671569902e-03 8.286819525656e-02
3.282812500000e+01 2.213356390754e-03 8.288187348460e-02
3.283125000000e+01 2.214051058373e-03 8.289624479776e-02
3.283437500000e+01 2.214755594322e-03 8.291130998712e-02
3.283750000000e+01 2.215470020574e-03 8.292706986549e-02
3.284062500000e+01 2.216194359563e-03 8.294352526747e-02
3.284375000000e+01 2.216928634160e-03 8.296067704959e-02
3.284687500000e+01 2.217672867679e-03 8.297852609038e-02
3.285000000000e+01 2.218427083886e-03 8.299707329050e-02
3.285312500000e+01 2.219191306994e-03 8.301631957283e-02
3.285625000000e+01 2.219965561653e-03 8.303626588257e-02
3.285937500000e+01 2.220749872993e-03 8.305691318737e-02
3.286250000000e+01 2.221544266564e-03 8.307826247740e-02
3.286562500000e+01 2.222348768404e-03 8.310031476548e-02
3.286875000000e+01 2.223163404992e-03 8.312307108720e-02
3.287187500000e+01 2.223988203257e-03 8.314653250099e-02
3.287500000000e+01 2.224823190619e-03 8.317070008827e-02
3.287812500000e+01 2.225668394927e-03 8.319557495353e-02
3.288125000000e+01 2.226523844530e-03 8.322115822445e-02
3.288437500000e+01 2.227389568216e-03 8.324745105203e-02
3.288750000000e+01 2.228265595255e-03 8.327445461066e-02
3.289062500000e+01 2.229151955394e-03 8.330217009830e-02
3.289375000000e+01 2.230048678843e-03 8.333059873651e-02
3.289687500000e+01 2.230955796297e-03 8.335974177064e-02
3.290000000000e+01 2.231873338928e-03 8.338960046990e-02
3.290312500000e+01 2.232801338376e-03 8.342017612750e-02
3.290625000000e+01 2.233739826790e-03 8.345147006077e-02
3.290937500000e+01 2.234688836771e-03 8.348348361125e-02
3.291250000000e+01 2.235648401437e-03 8.351621814483e-02
3.291562500000e+01 2.236618554384e-03 8.354967505189e-02
3.291875000000e+01 2.237599329685e-03 8.358385574738e-02
3.292187500000e+01 2.238590761939e-03 8.361876167098e-02
3.292500000000e+01 2.239592886208e-03 8.365439428719e-02
3.292812500000e+01 2.240605738084e-03 8.369075508550e-02
3.293125000000e+01 2.241629353635e-03 8.372784558045e-02
3.293437500000e+01 2.242663769445e-03 8.376566731183e-02
3.293750000000e+01 2.243709022608e-03 8.380422184475e-02
3.294062500000e+01 2.244765150717e-03 8.384351076981e-02
3.294375000000e+01 2.245832191886e-03 8.388353570319e-02
3.294687500000e+01 2.246910184741e-03 8.392429828682e-02
3.295000000000e+01 2.247999168412e-03 8.396580018849e-02
3.295312500000e+01 2.249099182575e-03 8.400804310197e-02
3.295625000000e+01 2.250210267396e-03 8.405102874719e-02
3.295937500000e+01 2.251332463595e-03 8.409475887032e-02
3.296250000000e+01 2.252465812408e-03 8.413923524395e-02
3.296562500000e+01 2.253610355586e-03 8.418445966721e-02
3.296875000000e+01 2.254766135446e-03 8.423043396588e-02
3.297187500000e+01 2.255933194805e-03 8.427715999260e-02
3.297500000000e+01 2.257111577053e-03 8.432463962694e-02
3.297812500000e+01 2.258301326093e-03 8.437287477558e-02
3.298125000000e+01 2.259502486389e-03 8.442186737244e-02
3.298437500000e+01 2.260715102948e-03 8.447161937884e-02
3.298750000000e+01 2.261939221327e-03 8.452213278362e-02
3.299062500000e+01 2.263174887639e-03 8.457340960331e-02
3.299375000000e+01 2.264422148555e-03 8.462545188226e-02
3.299687500000e+01 2.265681051289e-03 8.467826169279e-02
3.300000000000e+01 2.266951643650e-03 8.473184113536e-02
3.300312500000e+01 2.268233973975e-03 8.478619233871e-02
3.300625000000e+01 2.269528091205e-03 8.484131745999e-02
3.300937500000e+01 2.270834044833e-03 8.489721868496e-02
3.301250000000e+01 2.272151884922e-03 8.495389822809e-02
3.301562500000e+01 2.273481662139e-03 8.501135833277e-02
3.301875000000e+01 2.274823427700e-03 8.506960127142e-02
3.302187500000e+01 2.276177233441e-03 8.512862934570e-02
3.302500000000e+01 2.277543131756e-03 8.518844488659e-02
3.302812500000e+01 2.278921175646e-03 8.524905025465e-02
3.303125000000e+01 2.280311418707e-03 8.531044784011e-02
3.303437500000e+01 2.281713915131e-03 8.537264006304e-02
3.303750000000e+01 2.283128719714e-03 8.543562937356e-02
3.304062500000e+01 2.284555887858e-03 8.549941825195e-02
3.304375000000e+01 2.285995475562e-03 8.556400920885e-02
3.304687500000e+01 2.287447539464e-03 8.562940478543e-02
3.305000000000e+01 2.288912136786e-03 8.569560755352e-02
3.305312500000e+01 2.290389325403e-03 8.576262011584e-02
3.305625000000e+01 2.291879163784e-03 8.583044510612e-02
3.305937500000e+01 2.293381711038e-03 8.589908518930e-02
3.306250000000e+01 2.294897026917e-03 8.596854306169e-02
3.306562500000e+01 2.296425171779e-03 8.603882145116e-02
3.306875000000e+01 2.297966206651e-03 8.610992311729e-02
3.307187500000e+01 2.299520193179e-03 8.618185085159e-02
3.307500000000e+01 2.301087193663e-03 8.625460747763e-02
3.307812500000e+01 2.302667271055e-03 8.632819585124e-02
3.308125000000e+01 2.304260488958e-03 8.640261886071e-02
3.308437500000e+01 2.305866911633e-03 8.647787942695e-02
3.308750000000e+01 2.307486604006e-03 8.655398050366e-02
3.309062500000e+01 2.309119631651e-03 8.663092507756e-02
3.309375000000e+01 2.310766060842e-03 8.670871616851e-02
3.309687500000e+01 2.312425958491e-03 8.678735682975e-02
3.310000000000e+01 2.314099392223e-03 8.686685014809e-02
3.310312500000e+01 2.315786430312e-03 8.694719924403e-02
3.310625000000e+01 2.317487141731e-03 8.702840727204e-02
3.310937500000e+01 2.319201596156e-03 8.711047742067e-02
3.311250000000e+01 2.320929863925e-03 8.719341291281e-02
3.311562500000e+01 2.322672016110e-03 8.727721700582e-02
3.311875000000e+01 2.324428124453e-03 8.736189299176e-02
3.312187500000e+01 2.326198261418e-03 8.744744419760e-02
3.312500000000e+01 2.327982500180e-03 8.753387398535e-02
3.312812500000e+01 2.329780914622e-03 8.762118575234e-02
3.313125000000e+01 2.331593579349e-03 8.770938293132e-02
3.313437500000e+01 2.333420569693e-03 8.779846899077e-02
3.313750000000e+01 2.335261961696e-03 8.788844743499e-02
3.314062500000e+01 2.337117832160e-03 8.797932180438e-02
3.314375000000e+01 2.338988258591e-03 8.807109567558e-02
3.314687500000e+01 2.340873319267e-03 8.816377266172e-02
3.315000000000e+01 2.342773093183e-03 8.825735641259e-02
3.315312500000e+01 2.344687660093e-03 8.835185061485e-02
3.315625000000e+01 2.346617100519e-03 8.844725899223e-02
3.315937500000e+01 2.348561495711e-03 8.854358530574e-02
3.316250000000e+01 2.350520927713e-03 8.864083335387e-02
3.316562500000e+01 2.352495479309e-03 8.873900697279e-02
3.316875000000e+01 2.354485234067e-03 8.883811003655e-02
3.317187500000e+01 2.356490276332e-03 8.893814645732e-02
3.317500000000e+01 2.358510691222e-03 8.903912018554e-02
3.317812500000e+01 2.360546564646e-03 8.914103521016e-02
3.318125000000e+01 2.362597983301e-03 8.924389555885e-02
3.318437500000e+01 2.364665034663e-03 8.934770529817e-02
3.318750000000e+01 2.366747807035e-03 8.945246853384e-02
3.319062500000e+01 2.368846389489e-03 8.955818941087e-02
3.319375000000e+01 2.370960871938e-03 8.966487211382e-02
3.319687500000e+01 2.373091345076e-03 8.977252086700e-02
3.320000000000e+01 2.375237900425e-03 8.988113993466e-02
3.320312500000e+01 2.377400630343e-03 8.999073362119e-02
3.320625000000e+01 2.379579627979e-03 9.010130627137e-02
3.320937500000e+01 2.381774987352e-03 9.021286227050e-02
3.321250000000e+01 2.383986803278e-03 9.032540604470e-02
3.321562500000e+01 2.386215171432e-03 9.043894206104e-02
3.321875000000e+01 2.388460188330e-03 9.055347482776e-02
3.322187500000e+01 2.390721951331e-03 9.066900889451e-02
3.322500000000e+01 2.393000558649e-03 9.078554885252e-02
3.322812500000e+01 2.395296109359e-03 9.090309933480e-02
3.323125000000e+01 2.397608703377e-03 9.102166501636e-02
3.323437500000e+01 2.399938441517e-03 9.114125061442e-02
3.323750000000e+01 2.402285425428e-03 9.126186088856e-02
3.324062500000e+01 2.404649757666e-03 9.138350064100e-02
3.324375000000e+01 2.407031541637e-03 9.150617471670e-02
3.324687500000e+01 2.409430881643e-03 9.162988800364e-02
3.325000000000e+01 2.411847882883e-03 9.175464543298e-02
3.325312500000e+01 2.414282651422e-03 9.188045197925e-02
3.325625000000e+01 2.416735294253e-03 9.200731266056e-02
3.325937500000e+01 2.419205919238e-03 9.213523253876e-02
3.326250000000e+01 2.421694635159e-03 9.226421671967e-02
3.326562500000e+01 2.424201551708e-03 9.239427035323e-02
3.326875000000e+01 2.426726779482e-03 9.252539863371e-02
3.327187500000e+01 2.429270430000e-03 9.265760679987e-02
3.327500000000e+01 2.431832615702e-03 9.279090013516e-02
3.327812500000e+01 2.434413449938e-03 9.292528396788e-02
3.328125000000e+01 2.437013047016e-03 9.306076367139e-02
3.328437500000e+01 2.439631522139e-03 9.319734466422e-02
3.328750000000e+01 2.442268991484e-03 9.333503241030e-02
3.329062500000e+01 2.444925572135e-03 9.347383241909e-02
3.329375000000e+01 2.447601382133e-03 9.361375024576e-02
3.329687500000e+01 2.450296540479e-03 9.375479149133e-02
3.330000000000e+01 2.453011167096e-03 9.389696180285e-02
3.330312500000e+01 2.455745382891e-03 9.404026687354e-02
3.330625000000e+01 2.458499309704e-03 9.418471244293e-02
3.330937500000e+01 2.461273070344e-03 9.433030429702e-02
3.331250000000e+01 2.464066788590e-03 9.447704826839e-02
3.331562500000e+01 2.466880589178e-03 9.462495023639e-02
3.331875000000e+01 2.469714597820e-03 9.477401612719e-02
3.332187500000e+01 2.472568941201e-03 9.492425191399e-02
3.332500000000e+01 2.475443746968e-03 9.507566361706e-02
3.332812500000e+01 2.478339143771e-03 9.522825730392e-02
3.333125000000e+01 2.481255261210e-03 9.538203908941e-02
3.333437500000e+01 2.484192229901e-03 9.553701513579e-02
3.333750000000e+01 2.487150181415e-03 9.569319165287e-02
3.334062500000e+01 2.490129248320e-03 9.585057489805e-02
3.334375000000e+01 2.493129564191e-03 9.600917117645e-02
3.334687500000e+01 2.496151263561e-03 9.616898684095e-02
3.335000000000e+01 2.499194481990e-03 9.633002829227e-02
3.335312500000e+01 2.502259356004e-03 9.649230197905e-02
3.335625000000e+01 2.505346023139e-03 9.665581439787e-02
3.335937500000e+01 2.508454621927e-03 9.682057209331e-02
3.336250000000e+01 2.511585291891e-03 9.698658165798e-02
3.336562500000e+01 2.514738173561e-03 9.715384973256e-02
3.336875000000e+01 2.517913408463e-03 9.732238300579e-02
3.337187500000e+01 2.521111139110e-03 9.749218821451e-02
3.337500000000e+01 2.524331509042e-03 9.766327214364e-02
3.337812500000e+01 2.527574662767e-03 9.783564162617e-02
3.338125000000e+01 2.530840745823e-03 9.800930354311e-02
3.338437500000e+01 2.534129904721e-03 9.818426482352e-02
3.338750000000e+01 2.537442286981e-03 9.836053244440e-02
3.339062500000e+01 2.540778041126e-03 9.853811343064e-02
3.339375000000e+01 2.544137316659e-03 9.871701485500e-02
3.339687500000e+01 2.547520264102e-03 9.889724383797e-02
3.340000000000e+01 2.550927034943e-03 9.907880754769e-02
3.340312500000e+01 2.554357781674e-03 9.926171319983e-02
3.340625000000e+01 2.557812657776e-03 9.944596805751e-02
3.340937500000e+01 2.561291817710e-03 9.963157943110e-02
3.341250000000e+01 2.564795416924e-03 9.981855467808e-02
3.341562500000e+01 2.568323611846e-03 1.000069012029e-01
3.341875000000e+01 2.571876559863e-03 1.001966264568e-01
3.342187500000e+01 2.575454419363e-03 1.003877379374e-01
3.342500000000e+01 2.579057349667e-03 1.005802431890e-01
3.342812500000e+01 2.582685511091e-03 1.007741498016e-01
3.343125000000e+01 2.586339064881e-03 1.009694654112e-01
3.343437500000e+01 2.590018173245e-03 1.011661976995e-01
3.343750000000e+01 2.593722999337e-03 1.013643543933e-01
3.344062500000e+01 2.597453707243e-03 1.015639432642e-01
3.344375000000e+01 2.601210461999e-03 1.017649721286e-01
3.344687500000e+01 2.604993429537e-03 1.019674488471e-01
3.345000000000e+01 2.608802776723e-03 1.021713813241e-01
3.345312500000e+01 2.612638671328e-03 1.023767775075e-01
3.345625000000e+01 2.616501282020e-03 1.025836453880e-01
3.345937500000e+01 2.620390778359e-03 1.027919929991e-01
3.346250000000e+01 2.624307330787e-03 1.030018284161e-01
3.346562500000e+01 2.628251110594e-03 1.032131597561e-01
3.346875000000e+01 2.632222289967e-03 1.034259951770e-01
3.347187500000e+01 2.636221041896e-03 1.036403428772e-01
3.347500000000e+01 2.640247540242e-03 1.038562110950e-01
3.347812500000e+01 2.644301959659e-03 1.040736081078e-01
3.348125000000e+01 2.648384475621e-03 1.042925422316e-01
3.348437500000e+01 2.652495264395e-03 1.045130218203e-01
3.348750000000e+01 2.656634503016e-03 1.047350552649e-01
3.349062500000e+01 2.660802369304e-03 1.049586509927e-01
3.349375000000e+01 2.664999041795e-03 1.051838174667e-01
3.349687500000e+01 2.669224699770e-03 1.054105631845e-01
3.350000000000e+01 2.673479523218e-03 1.056388966778e-01
3.350312500000e+01 2.677763692818e-03 1.058688265111e-01
3.350625000000e+01 2.682077389921e-03 1.061003612810e-01
3.350937500000e+01 2.686420796535e-03 1.063335096151e-01
3.351250000000e+01 2.690794095276e-03 1.065682801710e-01
3.351562500000e+01 2.695197469402e-03 1.068046816354e-01
3.351875000000e+01 2.699631102718e-03 1.070427227227e-01
3.352187500000e+01 2.704095179626e-03 1.072824121738e-01
3.352500000000e+01 2.708589885027e-03 1.075237587554e-01
3.352812500000e+01 2.713115404351e-03 1.077667712580e-01
3.353125000000e+01 2.717671923506e-03 1.080114584954e-01
3.353437500000e+01 2.722259628843e-03 1.082578293025e-01
3.353750000000e+01 2.726878707160e-03 1.085058925346e-01
3.354062500000e+01 2.731529345614e-03 1.087556570655e-01
3.354375000000e+01 2.736211731744e-03 1.090071317862e-01
3.354687500000e+01 2.740926053412e-03 1.092603256030e-01
3.355000000000e+01 2.745672498769e-03 1.095152474363e-01
3.355312500000e+01 2.750451256227e-03 1.097719062186e-01
3.355625000000e+01 2.755262514420e-03 1.100303108928e-01
3.355937500000e+01 2.760106462147e-03 1.102904704104e-01
3.356250000000e+01 2.764983288383e-03 1.105523937296e-01
3.356562500000e+01 2.769893182163e-03 1.108160898131e-01
3.356875000000e+01 2.774836332621e-03 1.110815676266e-01
3.357187500000e+01 2.779812928871e-03 1.113488361361e-01
3.357500000000e+01 2.784823160013e-03 1.116179043060e-01
3.357812500000e+01 2.789867215067e-03 1.118887810969e-01
3.358125000000e+01 2.794945282917e-03 1.121614754632e-01
3.358437500000e+01 2.800057552289e-03 1.124359963505e-01
3.358750000000e+01 2.805204211656e-03 1.127123526934e-01
3.359062500000e+01 2.810385449203e-03 1.129905534128e-01
3.359375000000e+01 2.815601452802e-03 1.132706074129e-01
3.359687500000e+01 2.820852409902e-03 1.135525235790e-01
3.360000000000e+01 2.826138507505e-03 1.138363107742e-01
3.360312500000e+01 2.831459932090e-03 1.141219778369e-01
3.360625000000e+01 2.836816869538e-03 1.144095335772e-01
3.360937500000e+01 2.842209505114e-03 1.146989867740e-01
3.361250000000e+01 2.847638023323e-03 1.149903461719e-01
3.361562500000e+01 2.853102607925e-03 1.152836204778e-01
3.361875000000e+01 2.858603441783e-03 1.155788183572e-01
3.362187500000e+01 2.864140706845e-03 1.158759484308e-01
3.362500000000e+01 2.869714584043e-03 1.161750192709e-01
3.362812500000e+01 2.875325253209e-03 1.164760393975e-01
3.363125000000e+01 2.880972893028e-03 1.167790172743e-01
3.363437500000e+01 2.886657680895e-03 1.170839613050e-01
3.363750000000e+01 2.892379792865e-03 1.173908798285e-01
3.364062500000e+01 2.898139403581e-03 1.176997811152e-01
3.364375000000e+01 2.903936686138e-03 1.180106733626e-01
3.364687500000e+01 2.909771812017e-03 1.183235646902e-01
3.365000000000e+01 2.915644950980e-03 1.186384631353e-01
3.365312500000e+01 2.921556270947e-03 1.189553766479e-01
3.365625000000e+01 2.927505937951e-03 1.192743130859e-01
3.365937500000e+01 2.933494115949e-03 1.195952802099e-01
3.366250000000e+01 2.939520966797e-03 1.199182856779e-01
3.366562500000e+01 2.945586650059e-03 1.202433370399e-01
3.366875000000e+01 2.951691322945e-03 1.205704417324e-01
3.367187500000e+01 2.957835140169e-03 1.208996070724e-01
3.367500000000e+01 2.964018253822e-03 1.212308402517e-01
3.367812500000e+01 2.970240813273e-03 1.215641483310e-01
3.368125000000e+01 2.976502964989e-03 1.218995382332e-01
3.368437500000e+01 2.982804852430e-03 1.222370167372e-01
3.368750000000e+01 2.989146615939e-03 1.225765904714e-01
3.369062500000e+01 2.995528392543e-03 1.229182659067e-01
3.369375000000e+01 3.001950315849e-03 1.232620493497e-01
3.369687500000e+01 3.008412515881e-03 1.236079469355e-01
3.370000000000e+01 3.014915118905e-03 1.239559646201e-01
3.370312500000e+01 3.021458247333e-03 1.243061081732e-01
3.370625000000e+01 3.028042019473e-03 1.246583831702e-01
3.370937500000e+01 3.034666549460e-03 1.250127949842e-01
3.371250000000e+01 3.041331946990e-03 1.253693487780e-01
3.371562500000e+01 3.048038317217e-03 1.257280494956e-01
3.371875000000e+01 3.054785760542e-03 1.260889018535e-01
3.372187500000e+01 3.061574372423e-03 1.264519103319e-01
3.372500000000e+01 3.068404243225e-03 1.268170791657e-01
3.372812500000e+01 3.075275457965e-03 1.271844123351e-01
3.373125000000e+01 3.082188096147e-03 1.275539135562e-01
3.373437500000e+01 3.089142231590e-03 1.279255862709e-01
3.373750000000e+01 3.096137932157e-03 1.282994336373e-01
3.374062500000e+01 3.103175259582e-03 1.286754585192e-01
3.374375000000e+01 3.110254269243e-03 1.290536634753e-01
3.374687500000e+01 3.117375009915e-03 1.294340507491e-01
3.375000000000e+01 3.124537523598e-03 1.298166222572e-01
3.375312500000e+01 3.131741845199e-03 1.302013795783e-01
3.375625000000e+01 3.138988002381e-03 1.305883239415e-01
3.375937500000e+01 3.146276015237e-03 1.309774562146e-01
3.376250000000e+01 3.153605896091e-03 1.313687768919e-01
3.376562500000e+01 3.160977649222e-03 1.317622860817e-01
3.376875000000e+01 3.168391270598e-03 1.321579834937e-01
3.377187500000e+01 3.175846747616e-03 1.325558684262e-01
3.377500000000e+01 3.183344058823e-03 1.329559397524e-01
3.377812500000e+01 3.190883173614e-03 1.333581959072e-01
3.378125000000e+01 3.198464051998e-03 1.337626348733e-01
3.378437500000e+01 3.206086644245e-03 1.341692541670e-01
3.378750000000e+01 3.213750890628e-03 1.345780508237e-01
3.379062500000e+01 3.221456721098e-03 1.349890213832e-01
3.379375000000e+01 3.229204054960e-03 1.354021618746e-01
3.379687500000e+01 3.236992800613e-03 1.358174678012e-01
3.380000000000e+01 3.244822855137e-03 1.362349341242e-01
3.380312500000e+01 3.252694104056e-03 1.366545552474e-01
3.380625000000e+01 3.260606420918e-03 1.370763250006e-01
3.380937500000e+01 3.268559667005e-03 1.375002366228e-01
3.381250000000e+01 3.276553690975e-03 1.379262827457e-01
3.381562500000e+01 3.284588328484e-03 1.383544553761e-01
3.381875000000e+01 3.292663401851e-03 1.387847458783e-01
3.382187500000e+01 3.300778719676e-03 1.392171449568e-01
3.382500000000e+01 3.308934076444e-03 1.396516426373e-01
3.382812500000e+01 3.317129252204e-03 1.400882282489e-01
3.383125000000e+01 3.325364012117e-03 1.405268904050e-01
3.383437500000e+01 3.333638106100e-03 1.409676169841e-01
3.383750000000e+01 3.341951268419e-03 1.414103951106e-01
3.384062500000e+01 3.350303217255e-03 1.418552111348e-01
3.384375000000e+01 3.358693654365e-03 1.423020506133e-01
3.384687500000e+01 3.367122264566e-03 1.427508982884e-01
3.385000000000e+01 3.375588715415e-03 1.432017380673e-01
3.385312500000e+01 3.384092656687e-03 1.436545530019e-01
3.385625000000e+01 3.392633720007e-03 1.441093252670e-01
3.385937500000e+01 3.401211518383e-03 1.445660361390e-01
3.386250000000e+01 3.409825645766e-03 1.450246659745e-01
3.386562500000e+01 3.418475676603e-03 1.454851941882e-01
3.386875000000e+01 3.427161165384e-03 1.459475992304e-01
3.387187500000e+01 3.435881646161e-03 1.464118585653e-01
3.387500000000e+01 3.444636632143e-03 1.468779486476e-01
3.387812500000e+01 3.453425615164e-03 1.473458449002e-01
3.388125000000e+01 3.462248065254e-03 1.478155216907e-01
3.388437500000e+01 3.471103430157e-03 1.482869523088e-01
3.388750000000e+01 3.479991134821e-03 1.487601089423e-01
3.389062500000e+01 3.488910581004e-03 1.492349626536e-01
3.389375000000e+01 3.497861146677e-03 1.497114833567e-01
3.389687500000e+01 3.506842185657e-03 1.501896397924e-01
3.390000000000e+01 3.515853027023e-03 1.506693995052e-01
3.390312500000e+01 3.524892974698e-03 1.511507288191e-01
3.390625000000e+01 3.533961306933e-03 1.516335928134e-01
3.390937500000e+01 3.543057275826e-03 1.521179552987e-01
3.391250000000e+01 3.552180106839e-03 1.526037787931e-01
3.391562500000e+01 3.561328998316e-03 1.530910244980e-01
3.391875000000e+01 3.570503120968e-03 1.535796522741e-01
3.392187500000e+01 3.579701617467e-03 1.540696206174e-01
3.392500000000e+01 3.588923601867e-03 1.545608866356e-01
3.392812500000e+01 3.598168159230e-03 1.550534060245e-01
3.393125000000e+01 3.607434345086e-03 1.555471330442e-01
3.393437500000e+01 3.616721184975e-03 1.560420204961e-01
3.393750000000e+01 3.626027674047e-03 1.565380196998e-01
3.394062500000e+01 3.635352776515e-03 1.570350804702e-01
3.394375000000e+01 3.644695425316e-03 1.575331510955e-01
3.394687500000e+01 3.654054521567e-03 1.580321783146e-01
3.395000000000e+01 3.663428934222e-03 1.585321072961e-01
3.395312500000e+01 3.672817499614e-03 1.590328816164e-01
3.395625000000e+01 3.682219021058e-03 1.595344432397e-01
3.395937500000e+01 3.691632268457e-03 1.600367324972e-01
3.396250000000e+01 3.701055977929e-03 1.605396880683e-01
3.396562500000e+01 3.710488851405e-03 1.610432469610e-01
3.396875000000e+01 3.719929556354e-03 1.615473444943e-01
3.397187500000e+01 3.729376725347e-03 1.620519142804e-01
3.397500000000e+01 3.738828955843e-03 1.625568882083e-01
3.397812500000e+01 3.748284809824e-03 1.630621964280e-01
3.398125000000e+01 3.757742813516e-03 1.635677673357e-01
3.398437500000e+01 3.767201457205e-03 1.640735275601e-01
3.398750000000e+01 3.776659194897e-03 1.645794019496e-01
3.399062500000e+01 3.786114444226e-03 1.650853135608e-01
3.399375000000e+01 3.795565586163e-03 1.655911836477e-01
3.399687500000e+01 3.805010964932e-03 1.660969316532e-01
3.400000000000e+01 3.814448887862e-03 1.666024752006e-01
3.400312500000e+01 3.823877625280e-03 1.671077300877e-01
3.400625000000e+01 3.833295410457e-03 1.676126102814e-01
3.400937500000e+01 3.842700439572e-03 1.681170279146e-01
3.401250000000e+01 3.852090871683e-03 1.686208932842e-01
3.401562500000e+01 3.861464828837e-03 1.691241148511e-01
3.401875000000e+01 3.870820396044e-03 1.696265992414e-01
3.402187500000e+01 3.880155621485e-03 1.701282512506e-01
3.402500000000e+01 3.889468516598e-03 1.706289738482e-01
3.402812500000e+01 3.898757056277e-03 1.711286681853e-01
3.403125000000e+01 3.908019179172e-03 1.716272336043e-01
3.403437500000e+01 3.917252787870e-03 1.721245676499e-01
3.403750000000e+01 3.926455749332e-03 1.726205660830e-01
3.404062500000e+01 3.935625895167e-03 1.731151228968e-01
3.404375000000e+01 3.944761022129e-03 1.736081303348e-01
3.404687500000e+01 3.953858892566e-03 1.740994789121e-01
3.405000000000e+01 3.962917234939e-03 1.745890574378e-01
3.405312500000e+01 3.971933744422e-03 1.750767530415e-01
3.405625000000e+01 3.980906083523e-03 1.755624512010e-01
3.405937500000e+01 3.989831882757e-03 1.760460357741e-01
3.406250000000e+01 3.998708741459e-03 1.765273890317e-01
3.406562500000e+01 4.007534228489e-03 1.770063916946e-01
3.406875000000e+01 4.016305883201e-03 1.774829229730e-01
3.407187500000e+01 4.025021216298e-03 1.779568606087e-01
3.407500000000e+01 4.033677710810e-03 1.784280809206e-01
3.407812500000e+01 4.042272823224e-03 1.788964588525e-01
3.408125000000e+01 4.050803984478e-03 1.793618680245e-01
3.408437500000e+01 4.059268601250e-03 1.798241807877e-01
3.408750000000e+01 4.067664057087e-03 1.802832682812e-01
3.409062500000e+01 4.075987713779e-03 1.807390004925e-01
3.409375000000e+01 4.084236912698e-03 1.811912463218e-01
3.409687500000e+01 4.092408976220e-03 1.816398736480e-01
3.410000000000e+01 4.100501209229e-03 1.820847493991e-01
3.410312500000e+01 4.108510900668e-03 1.825257396251e-01
3.410625000000e+01 4.116435325135e-03 1.829627095741e-01
3.410937500000e+01 4.124271744642e-03 1.833955237718e-01
3.411250000000e+01 4.132017410249e-03 1.838240461040e-01
3.411562500000e+01 4.139669563985e-03 1.842481399015e-01
3.411875000000e+01 4.147225440642e-03 1.846676680291e-01
3.412187500000e+01 4.154682269707e-03 1.850824929769e-01
3.412500000000e+01 4.162037277419e-03 1.854924769546e-01
3.412812500000e+01 4.169287688701e-03 1.858974819887e-01
3.413125000000e+01 4.176430729391e-03 1.862973700225e-01
3.413437500000e+01 4.183463628264e-03 1.866920030189e-01
3.413750000000e+01 4.190383619334e-03 1.870812430653e-01
3.414062500000e+01 4.197187944068e-03 1.874649524819e-01
3.414375000000e+01 4.203873853689e-03 1.878429939313e-01
3.414687500000e+01 4.210438611523e-03 1.882152305313e-01
3.415000000000e+01 4.216879495398e-03 1.885815259693e-01
3.415312500000e+01 4.223193800017e-03 1.889417446189e-01
3.415625000000e+01 4.229378839522e-03 1.892957516579e-01
3.415937500000e+01 4.235431949849e-03 1.896434131892e-01
3.416250000000e+01 4.241350491375e-03 1.899845963614e-01
3.416562500000e+01 4.247131851384e-03 1.903191694926e-01
3.416875000000e+01 4.252773446625e-03 1.906470021938e-01
3.417187500000e+01 4.258272725976e-03 1.909679654946e-01
3.417500000000e+01 4.263627172918e-03 1.912819319685e-01
3.417812500000e+01 4.268834308261e-03 1.915887758597e-01
3.418125000000e+01 4.273891692628e-03 1.918883732096e-01
3.418437500000e+01 4.278796929142e-03 1.921806019837e-01
3.418750000000e+01 4.283547665995e-03 1.924653421987e-01
3.419062500000e+01 4.288141599023e-03 1.927424760486e-01
3.419375000000e+01 4.292576474292e-03 1.930118880308e-01
3.419687500000e+01 4.296850090641e-03 1.932734650708e-01
3.420000000000e+01 4.300960302176e-03 1.935270966470e-01
3.420312500000e+01 4.304905020839e-03 1.937726749128e-01
3.420625000000e+01 4.308682218744e-03 1.940100948179e-01
3.420937500000e+01 4.312289930721e-03 1.942392542279e-01
3.421250000000e+01 4.315726256585e-03 1.944600540415e-01
3.421562500000e+01 4.318989363464e-03 1.946723983056e-01
3.421875000000e+01 4.322077488129e-03 1.948761943276e-01
3.422187500000e+01 4.324988939071e-03 1.950713527856e-01
3.422500000000e+01 4.327722098757e-03 1.952577878345e-01
3.422812500000e+01 4.330275425567e-03 1.954354172096e-01
3.423125000000e+01 4.332647455847e-03 1.956041623265e-01
3.423437500000e+01 4.334836805795e-03 1.957639483772e-01
3.423750000000e+01 4.336842173245e-03 1.959147044222e-01
3.424062500000e+01 4.338662339412e-03 1.960563634784e-01
3.424375000000e+01 4.340296170513e-03 1.961888626025e-01
3.424687500000e+01 4.341742619258e-03 1.963121429703e-01
3.425000000000e+01 4.343000726357e-03 1.964261499503e-01
3.425312500000e+01 4.344069621722e-03 1.965308331733e-01
3.425625000000e+01 4.344948525791e-03 1.966261465963e-01
3.425937500000e+01 4.345636750543e-03 1.967120485609e-01
3.426250000000e+01 4.346133700474e-03 1.967885018468e-01
3.426562500000e+01 4.346438873546e-03 1.968554737194e-01
3.426875000000e+01 4.346551861799e-03 1.969129359717e-01
3.427187500000e+01 4.346472352102e-03 1.969608649605e-01
3.427500000000e+01 4.346200126521e-03 1.969992416363e-01
3.427812500000e+01 4.345735062783e-03 1.970280515681e-01
3.428125000000e+01 4.345077134470e-03 1.970472849612e-01
3.428437500000e+01 4.344226411146e-03 1.970569366692e-01
3.428750000000e+01 4.343183058347e-03 1.970570062006e-01
3.429062500000e+01 4.341947337437e-03 1.970474977178e-01
3.429375000000e+01 4.340519605313e-03 1.970284200316e-01
3.429687500000e+01 4.338900314091e-03 1.969997865885e-01
3.430000000000e+01 4.337090010469e-03 1.969616154520e-01
3.430312500000e+01 4.335089335205e-03 1.969139292785e-01
3.430625000000e+01 4.332899022236e-03 1.968567552868e-01
3.430937500000e+01 4.330519897862e-03 1.967901252214e-01
3.431250000000e+01 4.327952879743e-03 1.967140753108e-01
3.431562500000e+01 4.325198975690e-03 1.966286462192e-01
3.431875000000e+01 4.322259282551e-03 1.965338829936e-01
3.432187500000e+01 4.319134984742e-03 1.964298350044e-01
3.432500000000e+01 4.315827352878e-03 1.963165558818e-01
3.432812500000e+01 4.312337742170e-03 1.961941034462e-01
3.433125000000e+01 4.308667590780e-03 1.960625396343e-01
3.433437500000e+01 4.304818418059e-03 1.959219304199e-01
3.433750000000e+01 4.300791822715e-03 1.957723457304e-01
3.434062500000e+01 4.296589480824e-03 1.956138593589e-01
3.434375000000e+01 4.292213143919e-03 1.954465488724e-01
3.434687500000e+01 4.287664636761e-03 1.952704955152e-01
3.435000000000e+01 4.282945855303e-03 1.950857841099e-01
3.435312500000e+01 4.278058764330e-03 1.948925029536e-01
3.435625000000e+01 4.273005395241e-03 1.946907437115e-01
3.435937500000e+01 4.267787843688e-03 1.944806013079e-01
3.436250000000e+01 4.262408267087e-03 1.942621738133e-01
3.436562500000e+01 4.256868882274e-03 1.940355623302e-01
3.436875000000e+01 4.251171962886e-03 1.938008708757e-01
3.437187500000e+01 4.245319836911e-03 1.935582062628e-01
3.437500000000e+01 4.239314884075e-03 1.933076779791e-01
3.437812500000e+01 4.233159533251e-03 1.930493980652e-01
3.438125000000e+01 4.226856259843e-03 1.927834809905e-01
3.438437500000e+01 4.220407583156e-03 1.925100435286e-01
3.438750000000e+01 4.213816063710e-03 1.922292046326e-01
3.439062500000e+01 4.207084300674e-03 1.919410853082e-01
3.439375000000e+01 4.200214929090e-03 1.916458084884e-01
3.439687500000e+01 4.193210617352e-03 1.913434989063e-01
3.440000000000e+01 4.186074064442e-03 1.910342829698e-01
3.440312500000e+01 4.178807997378e-03 1.907182886352e-01
3.440625000000e+01 4.171415168596e-03 1.903956452823e-01
3.440937500000e+01 4.163898353286e-03 1.900664835897e-01
3.441250000000e+01 4.156260346932e-03 1.897309354118e-01
3.441562500000e+01 4.148503962663e-03 1.893891336561e-01
3.441875000000e+01 4.140632028819e-03 1.890412121624e-01
3.442187500000e+01 4.132647386462e-03 1.886873055836e-01
3.442500000000e+01 4.124552886928e-03 1.883275492679e-01
3.442812500000e+01 4.116351389459e-03 1.879620791428e-01
3.443125000000e+01 4.108045758848e-03 1.875910316015e-01
3.443437500000e+01 4.099638863120e-03 1.872145433908e-01
3.443750000000e+01 4.091133571360e-03 1.868327515023e-01
3.444062500000e+01 4.082532751415e-03 1.864457930645e-01
3.444375000000e+01 4.073839267871e-03 1.860538052387e-01
3.444687500000e+01 4.065055979862e-03 1.856569251171e-01
3.445000000000e+01 4.056185739129e-03 1.852552896229e-01
3.445312500000e+01 4.047231388050e-03 1.848490354142e-01
3.445625000000e+01 4.038195757675e-03 1.844382987903e-01
3.445937500000e+01 4.029081665995e-03 1.840232156005e-01
3.446250000000e+01 4.019891916062e-03 1.836039211563e-01
3.446562500000e+01 4.010629294361e-03 1.831805501467e-01
3.446875000000e+01 4.001296569136e-03 1.827532365564e-01
3.447187500000e+01 3.991896488806e-03 1.823221135865e-01
3.447500000000e+01 3.982431780481e-03 1.818873135794e-01
3.447812500000e+01 3.972905148498e-03 1.814489679459e-01
3.448125000000e+01 3.963319273027e-03 1.810072070958e-01
3.448437500000e+01 3.953676808832e-03 1.805621603715e-01
3.448750000000e+01 3.943980383917e-03 1.801139559847e-01
3.449062500000e+01 3.934232598466e-03 1.796627209565e-01
3.449375000000e+01 3.924436023619e-03 1.792085810602e-01
3.449687500000e+01 3.914593200493e-03 1.787516607670e-01
3.450000000000e+01 3.904706639203e-03 1.782920831954e-01
3.450312500000e+01 3.894778817855e-03 1.778299700633e-01
3.450625000000e+01 3.884812181808e-03 1.773654416424e-01
3.450937500000e+01 3.874809142758e-03 1.768986167168e-01
3.451250000000e+01 3.864772078078e-03 1.764296125433e-01
3.451562500000e+01 3.854703330105e-03 1.759585448151e-01
3.451875000000e+01 3.844605205522e-03 1.754855276280e-01
3.452187500000e+01 3.834479974793e-03 1.750106734499e-01
3.452500000000e+01 3.824329871652e-03 1.745340930919e-01
3.452812500000e+01 3.814157092623e-03 1.740558956831e-01
3.453125000000e+01 3.803963796677e-03 1.735761886470e-01
3.453437500000e+01 3.793752104782e-03 1.730950776811e-01
3.453750000000e+01 3.783524099704e-03 1.726126667382e-01
3.454062500000e+01 3.773281825644e-03 1.721290580107e-01
3.454375000000e+01 3.763027288098e-03 1.716443519167e-01
3.454687500000e+01 3.752762453689e-03 1.711586470882e-01
3.455000000000e+01 3.742489249968e-03 1.706720403617e-01
3.455312500000e+01 3.732209565447e-03 1.701846267711e-01
3.455625000000e+01 3.721925249435e-03 1.696964995415e-01
3.455937500000e+01 3.711638112123e-03 1.692077500860e-01
3.456250000000e+01 3.701349924577e-03 1.687184680038e-01
3.456562500000e+01 3.691062418809e-03 1.682287410800e-01
3.456875000000e+01 3.680777287879e-03 1.677386552874e-01
3.457187500000e+01 3.670496186039e-03 1.672482947895e-01
3.457500000000e+01 3.660220728852e-03 1.667577419451e-01
3.457812500000e+01 3.649952493472e-03 1.662670773146e-01
3.458125000000e+01 3.639693018748e-03 1.657763796676e-01
3.458437500000e+01 3.629443805589e-03 1.652857259914e-01
3.458750000000e+01 3.619206317128e-03 1.647951915017e-01
3.459062500000e+01 3.608981979086e-03 1.643048496530e-01
3.459375000000e+01 3.598772180083e-03 1.638147721518e-01
3.459687500000e+01 3.588578271912e-03 1.633250289695e-01
3.460000000000e+01 3.578401569994e-03 1.628356883570e-01
3.460312500000e+01 3.568243353651e-03 1.623468168601e-01
3.460625000000e+01 3.558104866564e-03 1.618584793356e-01
3.460937500000e+01 3.547987317157e-03 1.613707389685e-01
3.461250000000e+01 3.537891879016e-03 1.608836572895e-01
3.461562500000e+01 3.527819691323e-03 1.603972941936e-01
3.461875000000e+01 3.517771859312e-03 1.599117079595e-01
3.462187500000e+01 3.507749454688e-03 1.594269552689e-01
3.462500000000e+01 3.497753516172e-03 1.589430912269e-01
3.462812500000e+01 3.487785049870e-03 1.584601693831e-01
3.463125000000e+01 3.477845029875e-03 1.579782417522e-01
3.463437500000e+01 3.467934398646e-03 1.574973588363e-01
3.463750000000e+01 3.458054067580e-03 1.570175696464e-01
3.464062500000e+01 3.448204917515e-03 1.565389217250e-01
3.464375000000e+01 3.438387799168e-03 1.560614611687e-01
3.464687500000e+01 3.428603533748e-03 1.555852326506e-01
3.465000000000e+01 3.418852913375e-03 1.551102794443e-01
3.465312500000e+01 3.409136701661e-03 1.546366434462e-01
3.465625000000e+01 3.399455634211e-03 1.541643651993e-01
3.465937500000e+01 3.389810419134e-03 1.536934839169e-01
3.466250000000e+01 3.380201737577e-03 1.532240375057e-01
3.466562500000e+01 3.370630244244e-03 1.527560625900e-01
3.466875000000e+01 3.361096567891e-03 1.522895945347e-01
3.467187500000e+01 3.351601311909e-03 1.518246674696e-01
3.467500000000e+01 3.342145054753e-03 1.513613143127e-01
3.467812500000e+01 3.332728350553e-03 1.508995667936e-01
3.468125000000e+01 3.323351729540e-03 1.504394554776e-01
3.468437500000e+01 3.314015698616e-03 1.499810097886e-01
3.468750000000e+01 3.304720741839e-03 1.495242580326e-01
3.469062500000e+01 3.295467320922e-03 1.490692274209e-01
3.469375000000e+01 3.286255875764e-03 1.486159440931e-01
3.469687500000e+01 3.277086824885e-03 1.481644331401e-01
3.470000000000e+01 3.267960565977e-03 1.477147186268e-01
3.470312500000e+01 3.258877476358e-03 1.472668236142e-01
3.470625000000e+01 3.249837913465e-03 1.468207701823e-01
3.470937500000e+01 3.240842215322e-03 1.463765794520e-01
3.471250000000e+01 3.231890701019e-03 1.459342716067e-01
3.471562500000e+01 3.222983671149e-03 1.454938659143e-01
3.471875000000e+01 3.214121408330e-03 1.450553807484e-01
3.472187500000e+01 3.205304177567e-03 1.446188336094e-01
3.472500000000e+01 3.196532226795e-03 1.441842411456e-01
3.472812500000e+01 3.187805787231e-03 1.437516191733e-01
3.473125000000e+01 3.179125073869e-03 1.433209826979e-01
3.473437500000e+01 3.170490285884e-03 1.428923459331e-01
3.473750000000e+01 3.161901607042e-03 1.424657223214e-01
3.474062500000e+01 3.153359206155e-03 1.420411245530e-01
3.474375000000e+01 3.144863237423e-03 1.416185645853e-01
3.474687500000e+01 3.136413840891e-03 1.411980536616e-01
3.475000000000e+01 3.128011142820e-03 1.407796023299e-01
3.475312500000e+01 3.119655256073e-03 1.403632204608e-01
3.475625000000e+01 3.111346280497e-03 1.399489172658e-01
3.475937500000e+01 3.103084303304e-03 1.395367013149e-01
3.476250000000e+01 3.094869399403e-03 1.391265805536e-01
3.476562500000e+01 3.086701631829e-03 1.387185623206e-01
3.476875000000e+01 3.078581052001e-03 1.383126533640e-01
3.477187500000e+01 3.070507700168e-03 1.379088598578e-01
3.477500000000e+01 3.062481605656e-03 1.375071874182e-01
3.477812500000e+01 3.054502787262e-03 1.371076411194e-01
3.478125000000e+01 3.046571253556e-03 1.367102255088e-01
3.478437500000e+01 3.038687003193e-03 1.363149446228e-01
3.478750000000e+01 3.030850025258e-03 1.359218020010e-01
3.479062500000e+01 3.023060299511e-03 1.355308007014e-01
3.479375000000e+01 3.015317796743e-03 1.351419433143e-01
3.479687500000e+01 3.007622479044e-03 1.347552319764e-01
3.480000000000e+01 2.999974300087e-03 1.343706683849e-01
3.480312500000e+01 2.992373205413e-03 1.339882538103e-01
3.480625000000e+01 2.984819132708e-03 1.336079891100e-01
3.480937500000e+01 2.977312012042e-03 1.332298747410e-01
3.481250000000e+01 2.969851766190e-03 1.328539107724e-01
3.481562500000e+01 2.962438310802e-03 1.324800968978e-01
3.481875000000e+01 2.955071554749e-03 1.321084324473e-01
3.482187500000e+01 2.947751400271e-03 1.317389163994e-01
3.482500000000e+01 2.940477743282e-03 1.313715473921e-01
3.482812500000e+01 2.933250473575e-03 1.310063237346e-01
3.483125000000e+01 2.926069475041e-03 1.306432434177e-01
3.483437500000e+01 2.918934625923e-03 1.302823041251e-01
3.483750000000e+01 2.911845798981e-03 1.299235032435e-01
3.484062500000e+01 2.904802861723e-03 1.295668378727e-01
3.484375000000e+01 2.897805676645e-03 1.292123048359e-01
3.484687500000e+01 2.890854101374e-03 1.288599006892e-01
3.485000000000e+01 2.883947988894e-03 1.285096217312e-01
3.485312500000e+01 2.877087187732e-03 1.281614640120e-01
3.485625000000e+01 2.870271542115e-03 1.278154233425e-01
3.485937500000e+01 2.863500892211e-03 1.274714953031e-01
3.486250000000e+01 2.856775074222e-03 1.271296752523e-01
3.486562500000e+01 2.850093920639e-03 1.267899583348e-01
3.486875000000e+01 2.843457260325e-03 1.264523394901e-01
3.487187500000e+01 2.836864918740e-03 1.261168134600e-01
3.487500000000e+01 2.830316718068e-03 1.257833747968e-01
3.487812500000e+01 2.823812477370e-03 1.254520178704e-01
3.488125000000e+01 2.817352012756e-03 1.251227368756e-01
3.488437500000e+01 2.810935137485e-03 1.247955258398e-01
3.488750000000e+01 2.804561662132e-03 1.244703786293e-01
3.489062500000e+01 2.798231394747e-03 1.241472889566e-01
3.489375000000e+01 2.791944140941e-03 1.238262503865e-01
3.489687500000e+01 2.785699704044e-03 1.235072563429e-01
3.490000000000e+01 2.779497885225e-03 1.231903001148e-01
3.490312500000e+01 2.773338483592e-03 1.228753748626e-01
3.490625000000e+01 2.767221296364e-03 1.225624736237e-01
3.490937500000e+01 2.761146118908e-03 1.222515893185e-01
3.491250000000e+01 2.755112744932e-03 1.219427147557e-01
3.491562500000e+01 2.749120966522e-03 1.216358426381e-01
3.491875000000e+01 2.743170574288e-03 1.213309655674e-01
3.492187500000e+01 2.737261357461e-03 1.210280760498e-01
3.492500000000e+01 2.731393103970e-03 1.207271665007e-01
3.492812500000e+01 2.725565600578e-03 1.204282292495e-01
3.493125000000e+01 2.719778632924e-03 1.201312565444e-01
3.493437500000e+01 2.714031985633e-03 1.198362405570e-01
3.493750000000e+01 2.708325442439e-03 1.195431733866e-01
3.494062500000e+01 2.702658786211e-03 1.192520470646e-01
3.494375000000e+01 2.697031799072e-03 1.189628535586e-01
3.494687500000e+01 2.691444262468e-03 1.186755847764e-01
3.495000000000e+01 2.685895957225e-03 1.183902325701e-01
3.495312500000e+01 2.680386663678e-03 1.181067887398e-01
3.495625000000e+01 2.674916161664e-03 1.178252450374e-01
3.495937500000e+01 2.669484230676e-03 1.175455931699e-01
3.496250000000e+01 2.664090649851e-03 1.172678248032e-01
3.496562500000e+01 2.658735198092e-03 1.169919315652e-01
3.496875000000e+01 2.653417654107e-03 1.167179050494e-01
3.497187500000e+01 2.648137796464e-03 1.164457368178e-01
3.497500000000e+01 2.642895403683e-03 1.161754184038e-01
3.497812500000e+01 2.637690254241e-03 1.159069413157e-01
3.498125000000e+01 2.632522126653e-03 1.156402970391e-01
3.498437500000e+01 2.627390799552e-03 1.153754770400e-01
3.498750000000e+01 2.622296051693e-03 1.151124727672e-01
3.499062500000e+01 2.617237662028e-03 1.148512756552e-01
3.499375000000e+01 2.612215409752e-03 1.145918771264e-01
3.499687500000e+01 2.607229074326e-03 1.143342685939e-01
3.500000000000e+01 2.602278435576e-03 1.140784414637e-01
3.500312500000e+01 2.597363273657e-03 1.138243871368e-01
3.500625000000e+01 2.592483369178e-03 1.135720970119e-01
3.500937500000e+01 2.587638503164e-03 1.133215624868e-01
3.501250000000e+01 2.582828457151e-03 1.130727749613e-01
3.501562500000e+01 2.578053013196e-03 1.128257258385e-01
3.501875000000e+01 2.573311953912e-03 1.125804065272e-01
3.502187500000e+01 2.568605062528e-03 1.123368084434e-01
3.502500000000e+01 2.563932122877e-03 1.120949230123e-01
3.502812500000e+01 2.559292919448e-03 1.118547416701e-01
3.503125000000e+01 2.554687237447e-03 1.116162558655e-01
3.503437500000e+01 2.550114862775e-03 1.113794570612e-01
3.503750000000e+01 2.545575582088e-03 1.111443367360e-01
3.504062500000e+01 2.541069182813e-03 1.109108863857e-01
3.504375000000e+01 2.536595453161e-03 1.106790975247e-01
3.504687500000e+01 2.532154182193e-03 1.104489616876e-01
3.505000000000e+01 2.527745159781e-03 1.102204704303e-01
3.505312500000e+01 2.523368176698e-03 1.099936153316e-01
3.505625000000e+01 2.519023024575e-03 1.097683879940e-01
3.505937500000e+01 2.514709495970e-03 1.095447800452e-01
3.506250000000e+01 2.510427384364e-03 1.093227831393e-01
3.506562500000e+01 2.506176484185e-03 1.091023889576e-01
3.506875000000e+01 2.501956590826e-03 1.088835892098e-01
3.507187500000e+01 2.497767500663e-03 1.086663756354e-01
3.507500000000e+01 2.493609011053e-03 1.084507400038e-01
3.507812500000e+01 2.489480920394e-03 1.082366741163e-01
3.508125000000e+01 2.485383028087e-03 1.080241698061e-01
3.508437500000e+01 2.481315134584e-03 1.078132189396e-01
3.508750000000e+01 2.477277041391e-03 1.076038134173e-01
3.509062500000e+01 2.473268551061e-03 1.073959451743e-01
3.509375000000e+01 2.469289467259e-03 1.071896061812e-01
3.509687500000e+01 2.465339594700e-03 1.069847884448e-01
3.510000000000e+01 2.461418739231e-03 1.067814840090e-01
3.510312500000e+01 2.457526707780e-03 1.065796849550e-01
3.510625000000e+01 2.453663308406e-03 1.063793834023e-01
3.510937500000e+01 2.449828350291e-03 1.061805715093e-01
3.511250000000e+01 2.446021643750e-03 1.059832414734e-01
3.511562500000e+01 2.442243000238e-03 1.057873855325e-01
3.511875000000e+01 2.438492232364e-03 1.055929959643e-01
3.512187500000e+01 2.434769153870e-03 1.054000650877e-01
3.512500000000e+01 2.431073579689e-03 1.052085852631e-01
3.512812500000e+01 2.427405325898e-03 1.050185488924e-01
3.513125000000e+01 2.423764209750e-03 1.048299484200e-01
3.513437500000e+01 2.420150049676e-03 1.046427763327e-01
3.513750000000e+01 2.416562665269e-03 1.044570251604e-01
3.514062500000e+01 2.413001877337e-03 1.042726874765e-01
3.514375000000e+01 2.409467507835e-03 1.040897558977e-01
3.514687500000e+01 2.405959379945e-03 1.039082230850e-01
3.515000000000e+01 2.402477318006e-03 1.037280817434e-01
3.515312500000e+01 2.399021147572e-03 1.035493246228e-01
3.515625000000e+01 2.395590695384e-03 1.033719445175e-01
3.515937500000e+01 2.392185789380e-03 1.031959342671e-01
3.516250000000e+01 2.388806258698e-03 1.030212867563e-01
3.516562500000e+01 2.385451933675e-03 1.028479949152e-01
3.516875000000e+01 2.382122645833e-03 1.026760517196e-01
3.517187500000e+01 2.378818227918e-03 1.025054501913e-01
3.517500000000e+01 2.375538513856e-03 1.023361833976e-01
3.517812500000e+01 2.372283338779e-03 1.021682444522e-01
3.518125000000e+01 2.369052539020e-03 1.020016265149e-01
3.518437500000e+01 2.365845952092e-03 1.018363227920e-01
3.518750000000e+01 2.362663416735e-03 1.016723265359e-01
3.519062500000e+01 2.359504772848e-03 1.015096310459e-01
3.519375000000e+01 2.356369861561e-03 1.013482296675e-01
3.519687500000e+01 2.353258525164e-03 1.011881157931e-01
3.520000000000e+01 2.350170607152e-03 1.010292828617e-01
3.520312500000e+01 2.347105952208e-03 1.008717243591e-01
3.520625000000e+01 2.344064406195e-03 1.007154338179e-01
3.520937500000e+01 2.341045816164e-03 1.005604048172e-01
3.521250000000e+01 2.338050030346e-03 1.004066309833e-01
3.521562500000e+01 2.335076898136e-03 1.002541059891e-01
3.521875000000e+01 2.332126270130e-03 1.001028235542e-01
3.522187500000e+01 2.329197998063e-03 9.995277744518e-02
3.522500000000e+01 2.326291934868e-03 9.980396147521e-02
3.522812500000e+01 2.323407934628e-03 9.965636950422e-02
3.523125000000e+01 2.320545852575e-03 9.950999543884e-02
3.523437500000e+01 2.317705545128e-03 9.936483323227e-02
3.523750000000e+01 2.314886869825e-03 9.922087688432e-02
3.524062500000e+01 2.312089685389e-03 9.907812044126e-02
3.524375000000e+01 2.309313851654e-03 9.893655799582e-02
3.524687500000e+01 2.306559229618e-03 9.879618368708e-02
3.525000000000e+01 2.303825681407e-03 9.865699170038e-02
3.525312500000e+01 2.301113070282e-03 9.851897626725e-02
3.525625000000e+01 2.298421260632e-03 9.838213166531e-02
3.525937500000e+01 2.295750117972e-03 9.824645221819e-02
3.526250000000e+01 2.293099508921e-03 9.811193229536e-02
3.526562500000e+01 2.290469301240e-03 9.797856631210e-02
3.526875000000e+01 2.287859363768e-03 9.784634872936e-02
3.527187500000e+01 2.285269566476e-03 9.771527405359e-02
3.527500000000e+01 2.282699780422e-03 9.758533683671e-02
3.527812500000e+01 2.280149877749e-03 9.745653167590e-02
3.528125000000e+01 2.277619731715e-03 9.732885321350e-02
3.528437500000e+01 2.275109216633e-03 9.720229613691e-02
3.528750000000e+01 2.272618207926e-03 9.707685517837e-02
3.529062500000e+01 2.270146582065e-03 9.695252511490e-02
3.529375000000e+01 2.267694216603e-03 9.682930076812e-02
3.529687500000e+01 2.265260990157e-03 9.670717700408e-02
3.530000000000e+01 2.262846782400e-03 9.658614873314e-02
3.530312500000e+01 2.260451474059e-03 9.646621090983e-02
3.530625000000e+01 2.258074946913e-03 9.634735853265e-02
3.530937500000e+01 2.255717083767e-03 9.622958664393e-02
3.531250000000e+01 2.253377768494e-03 9.611289032969e-02
3.531562500000e+01 2.251056885961e-03 9.599726471943e-02
3.531875000000e+01 2.248754322096e-03 9.588270498602e-02
3.532187500000e+01 2.246469963830e-03 9.576920634549e-02
3.532500000000e+01 2.244203699102e-03 9.565676405688e-02
3.532812500000e+01 2.241955416886e-03 9.554537342207e-02
3.533125000000e+01 2.239725007128e-03 9.543502978559e-02
3.533437500000e+01 2.237512360809e-03 9.532572853449e-02
3.533750000000e+01 2.235317369870e-03 9.521746509808e-02
3.534062500000e+01 2.233139927259e-03 9.511023494787e-02
3.534375000000e+01 2.230979926902e-03 9.500403359729e-02
3.534687500000e+01 2.228837263699e-03 9.489885660156e-02
3.535000000000e+01 2.226711833527e-03 9.479469955752e-02
3.535312500000e+01 2.224603533226e-03 9.469155810340e-02
3.535625000000e+01 2.222512260584e-03 9.458942791869e-02
3.535937500000e+01 2.220437914372e-03 9.448830472396e-02
3.536250000000e+01 2.218380394276e-03 9.438818428062e-02
3.536562500000e+01 2.216339600955e-03 9.428906239079e-02
3.536875000000e+01 2.214315435994e-03 9.419093489711e-02
3.537187500000e+01 2.212307801898e-03 9.409379768254e-02
3.537500000000e+01 2.210316602128e-03 9.399764667018e-02
3.537812500000e+01 2.208341741035e-03 9.390247782309e-02
3.538125000000e+01 2.206383123917e-03 9.380828714412e-02
3.538437500000e+01 2.204440656957e-03 9.371507067569e-02
3.538750000000e+01 2.202514247256e-03 9.362282449965e-02
3.539062500000e+01 2.200603802815e-03 9.353154473705e-02
3.539375000000e+01 2.198709232528e-03 9.344122754800e-02
3.539687500000e+01 2.196830446179e-03 9.335186913144e-02
3.540000000000e+01 2.194967354439e-03 9.326346572501e-02
3.540312500000e+01 2.193119868842e-03 9.317601360481e-02
3.540625000000e+01 2.191287901825e-03 9.308950908527e-02
3.540937500000e+01 2.189471366660e-03 9.300394851892e-02
3.541250000000e+01 2.187670177510e-03 9.291932829624e-02
3.541562500000e+01 2.185884249386e-03 9.283564484547e-02
3.541875000000e+01 2.184113498136e-03 9.275289463242e-02
3.542187500000e+01 2.182357840486e-03 9.267107416029e-02
3.542500000000e+01 2.180617193973e-03 9.259017996950e-02
3.542812500000e+01 2.178891477003e-03 9.251020863752e-02
3.543125000000e+01 2.177180608785e-03 9.243115677866e-02
3.543437500000e+01 2.175484509371e-03 9.235302104390e-02
3.543750000000e+01 2.173803099635e-03 9.227579812074e-02
3.544062500000e+01 2.172136301265e-03 9.219948473300e-02
3.544375000000e+01 2.170484036762e-03 9.212407764064e-02
3.544687500000e+01 2.168846229440e-03 9.204957363960e-02
3.545000000000e+01 2.167222803398e-03 9.197596956162e-02
3.545312500000e+01 2.165613683562e-03 9.190326227405e-02
3.545625000000e+01 2.164018795619e-03 9.183144867971e-02
3.545937500000e+01 2.162438066071e-03 9.176052571671e-02
3.546250000000e+01 2.160871422195e-03 9.169049035824e-02
3.546562500000e+01 2.159318792030e-03 9.162133961246e-02
3.546875000000e+01 2.157780104422e-03 9.155307052229e-02
3.547187500000e+01 2.156255288953e-03 9.148568016526e-02
3.547500000000e+01 2.154744276000e-03 9.141916565335e-02
3.547812500000e+01 2.153246996677e-03 9.135352413280e-02
3.548125000000e+01 2.151763382865e-03 9.128875278395e-02
3.548437500000e+01 2.150293367198e-03 9.122484882113e-02
3.548750000000e+01 2.148836883052e-03 9.116180949241e-02
3.549062500000e+01 2.147393864549e-03 9.109963207950e-02
3.549375000000e+01 2.145964246554e-03 9.103831389760e-02
3.549687500000e+01 2.144547964647e-03 9.097785229518e-02
3.550000000000e+01 2.143144955169e-03 9.091824465388e-02
3.550312500000e+01 2.141755155153e-03 9.085948838833e-02
3.550625000000e+01 2.140378502383e-03 9.080158094601e-02
3.550937500000e+01 2.139014935345e-03 9.074451980706e-02
3.551250000000e+01 2.137664393230e-03 9.068830248419e-02
3.551562500000e+01 2.136326815963e-03 9.063292652247e-02
3.551875000000e+01 2.135002144145e-03 9.057838949920e-02
3.552187500000e+01 2.133690319109e-03 9.052468902377e-02
3.552500000000e+01 2.132391282856e-03 9.047182273752e-02
3.552812500000e+01 2.131104978096e-03 9.041978831357e-02
3.553125000000e+01 2.129831348227e-03 9.036858345670e-02
3.553437500000e+01 2.128570337329e-03 9.031820590316e-02
3.553750000000e+01 2.127321890167e-03 9.026865342062e-02
3.554062500000e+01 2.126085952186e-03 9.021992380793e-02
3.554375000000e+01 2.124862469489e-03 9.017201489502e-02
3.554687500000e+01 2.123651388879e-03 9.012492454280e-02
3.555000000000e+01 2.122452657792e-03 9.007865064297e-02
3.555312500000e+01 2.121266224358e-03 9.003319111789e-02
3.555625000000e+01 2.120092037351e-03 8.998854392048e-02
3.555937500000e+01 2.118930046192e-03 8.994470703407e-02
3.556250000000e+01 2.117780200982e-03 8.990167847224e-02
3.556562500000e+01 2.116642452440e-03 8.985945627876e-02
3.556875000000e+01 2.115516751961e-03 8.981803852738e-02
3.557187500000e+01 2.114403051557e-03 8.977742332176e-02
3.557500000000e+01 2.113301303892e-03 8.973760879533e-02
3.557812500000e+01 2.112211462267e-03 8.969859311115e-02
3.558125000000e+01 2.111133480610e-03 8.966037446181e-02
3.558437500000e+01 2.110067313483e-03 8.962295106928e-02
3.558750000000e+01 2.109012916074e-03 8.958632118484e-02
3.559062500000e+01 2.107970244184e-03 8.955048308890e-02
3.559375000000e+01 2.106939254257e-03 8.951543509093e-02
3.559687500000e+01 2.105919903324e-03 8.948117552932e-02
3.560000000000e+01 2.104912149063e-03 8.944770277125e-02
3.560312500000e+01 2.103915949735e-03 8.941501521265e-02
3.560625000000e+01 2.102931264219e-03 8.938311127798e-02
3.560937500000e+01 2.101958052014e-03 8.935198942021e-02
3.561250000000e+01 2.100996273192e-03 8.932164812066e-02
3.561562500000e+01 2.100045888458e-03 8.929208588893e-02
3.561875000000e+01 2.099106859086e-03 8.926330126275e-02
3.562187500000e+01 2.098179146957e-03 8.923529280791e-02
3.562500000000e+01 2.097262714545e-03 8.920805911813e-02
3.562812500000e+01 2.096357524909e-03 8.918159881499e-02
3.563125000000e+01 2.095463541695e-03 8.915591054781e-02
3.563437500000e+01 2.094580729137e-03 8.913099299352e-02
3.563750000000e+01 2.093709052035e-03 8.910684485664e-02
3.564062500000e+01 2.092848475795e-03 8.908346486910e-02
3.564375000000e+01 2.091998966368e-03 8.906085179019e-02
3.564687500000e+01 2.091160490309e-03 8.903900440645e-02
3.565000000000e+01 2.090333014718e-03 8.901792153160e-02
3.565312500000e+01 2.089516507277e-03 8.899760200642e-02
3.565625000000e+01 2.088710936245e-03 8.897804469866e-02
3.565937500000e+01 2.087916270419e-03 8.895924850298e-02
3.566250000000e+01 2.087132479190e-03 8.894121234083e-02
3.566562500000e+01 2.086359532480e-03 8.892393516039e-02
3.566875000000e+01 2.085597400787e-03 8.890741593646e-02
3.567187500000e+01 2.084846055160e-03 8.889165367039e-02
3.567500000000e+01 2.084105467201e-03 8.887664739000e-02
3.567812500000e+01 2.083375609066e-03 8.886239614949e-02
3.568125000000e+01 2.082656453463e-03 8.884889902937e-02
3.568437500000e+01 2.081947973633e-03 8.883615513637e-02
3.568750000000e+01 2.081250143390e-03 8.882416360338e-02
3.569062500000e+01 2.080562937060e-03 8.881292358934e-02
3.569375000000e+01 2.079886329545e-03 8.880243427919e-02
3.569687500000e+01 2.079220296258e-03 8.879269488382e-02
3.570000000000e+01 2.078564813162e-03 8.878370463994e-02
3.570312500000e+01 2.077919856769e-03 8.877546281005e-02
3.570625000000e+01 2.077285404100e-03 8.876796868235e-02
3.570937500000e+01 2.076661432740e-03 8.876122157070e-02
3.571250000000e+01 2.076047920779e-03 8.875522081451e-02
3.571562500000e+01 2.075444846851e-03 8.874996577871e-02
3.571875000000e+01 2.074852190117e-03 8.874545585366e-02
3.572187500000e+01 2.074269930263e-03 8.874169045509e-02
3.572500000000e+01 2.073698047504e-03 8.873866902407e-02
3.572812500000e+01 2.073136522580e-03 8.873639102688e-02
3.573125000000e+01 2.072585336739e-03 8.873485595503e-02
3.573437500000e+01 2.072044471778e-03 8.873406332514e-02
3.573750000000e+01 2.071513909983e-03 8.873401267890e-02
3.574062500000e+01 2.070993634190e-03 8.873470358302e-02
3.574375000000e+01 2.070483627725e-03 8.873613562916e-02
3.574687500000e+01 2.069983874441e-03 8.873830843390e-02
3.575000000000e+01 2.069494358718e-03 8.874122163865e-02
3.575312500000e+01 2.069015065424e-03 8.874487490963e-02
3.575625000000e+01 2.068545979970e-03 8.874926793780e-02
3.575937500000e+01 2.068087088249e-03 8.875440043880e-02
3.576250000000e+01 2.067638376683e-03 8.876027215295e-02
3.576562500000e+01 2.067199832199e-03 8.876688284511e-02
3.576875000000e+01 2.066771442230e-03 8.877423230475e-02
3.577187500000e+01 2.066353194720e-03 8.878232034578e-02
3.577500000000e+01 2.065945078119e-03 8.879114680661e-02
3.577812500000e+01 2.065547081372e-03 8.880071155005e-02
3.578125000000e+01 2.065159193950e-03 8.881101446325e-02
3.578437500000e+01 2.064781405803e-03 8.882205545772e-02
3.578750000000e+01 2.064413707408e-03 8.883383446923e-02
3.579062500000e+01 2.064056089724e-03 8.884635145781e-02
3.579375000000e+01 2.063708544217e-03 8.885960640767e-02
3.579687500000e+01 2.063371062870e-03 8.887359932720e-02
3.580000000000e+01 2.063043638134e-03 8.888833024890e-02
3.580312500000e+01 2.062726262996e-03 8.890379922938e-02
3.580625000000e+01 2.062418930909e-03 8.892000634929e-02
3.580937500000e+01 2.062121635842e-03 8.893695171329e-02
3.581250000000e+01 2.061834372258e-03 8.895463545003e-02
3.581562500000e+01 2.061557135117e-03 8.897305771212e-02
3.581875000000e+01 2.061289919873e-03 8.899221867606e-02
3.582187500000e+01 2.061032722483e-03 8.901211854226e-02
3.582500000000e+01 2.060785539381e-03 8.903275753497e-02
3.582812500000e+01 2.060548367525e-03 8.905413590228e-02
3.583125000000e+01 2.060321204336e-03 8.907625391605e-02
3.583437500000e+01 2.060104047760e-03 8.909911187193e-02
3.583750000000e+01 2.059896896211e-03 8.912271008930e-02
3.584062500000e+01 2.059699748607e-03 8.914704891124e-02
3.584375000000e+01 2.059512604370e-03 8.917212870453e-02
3.584687500000e+01 2.059335463390e-03 8.919794985960e-02
3.585000000000e+01 2.059168326080e-03 8.922451279053e-02
3.585312500000e+01 2.059011193319e-03 8.925181793499e-02
3.585625000000e+01 2.058864066492e-03 8.927986575425e-02
3.585937500000e+01 2.058726947475e-03 8.930865673315e-02
3.586250000000e+01 2.058599838634e-03 8.933819138005e-02
3.586562500000e+01 2.058482742830e-03 8.936847022686e-02
3.586875000000e+01 2.058375663416e-03 8.939949382896e-02
3.587187500000e+01 2.058278604225e-03 8.943126276523e-02
3.587500000000e+01 2.058191569608e-03 8.946377763801e-02
3.587812500000e+01 2.058114564376e-03 8.949703907308e-02
3.588125000000e+01 2.058047593865e-03 8.953104771963e-02
3.588437500000e+01 2.057990663874e-03 8.956580425026e-02
3.588750000000e+01 2.057943780708e-03 8.960130936097e-02
3.589062500000e+01 2.057906951174e-03 8.963756377111e-02
3.589375000000e+01 2.057880182546e-03 8.967456822339e-02
3.589687500000e+01 2.057863482620e-03 8.971232348387e-02
3.590000000000e+01 2.057856859661e-03 8.975083034191e-02
3.590312500000e+01 2.057860322439e-03 8.979008961019e-02
3.590625000000e+01 2.057873880215e-03 8.983010212468e-02
3.590937500000e+01 2.057897542745e-03 8.987086874462e-02
3.591250000000e+01 2.057931320276e-03 8.991239035252e-02
3.591562500000e+01 2.057975223556e-03 8.995466785413e-02
3.591875000000e+01 2.058029263810e-03 8.999770217845e-02
3.592187500000e+01 2.058093452786e-03 9.004149427767e-02
3.592500000000e+01 2.058167802697e-03 9.008604512723e-02
3.592812500000e+01 2.058252326283e-03 9.013135572573e-02
3.593125000000e+01 2.058347036751e-03 9.017742709498e-02
3.593437500000e+01 2.058451947817e-03 9.022426027994e-02
3.593750000000e+01 2.058567073707e-03 9.027185634874e-02
3.594062500000e+01 2.058692429117e-03 9.032021639266e-02
3.594375000000e+01 2.058828029272e-03 9.036934152610e-02
3.594687500000e+01 2.058973889867e-03 9.041923288659e-02
3.595000000000e+01 2.059130027114e-03 9.046989163478e-02
3.595312500000e+01 2.059296457720e-03 9.052131895440e-02
3.595625000000e+01 2.059473198893e-03 9.057351605228e-02
3.595937500000e+01 2.059660268340e-03 9.062648415833e-02
3.596250000000e+01 2.059857684276e-03 9.068022452549e-02
3.596562500000e+01 2.060065465401e-03 9.073473842980e-02
3.596875000000e+01 2.060283630946e-03 9.079002717031e-02
3.597187500000e+01 2.060512200614e-03 9.084609206909e-02
3.597500000000e+01 2.060751194644e-03 9.090293447124e-02
3.597812500000e+01 2.061000633752e-03 9.096055574485e-02
3.598125000000e+01 2.061260539175e-03 9.101895728100e-02
3.598437500000e+01 2.061530932655e-03 9.107814049376e-02
3.598750000000e+01 2.061811836434e-03 9.113810682015e-02
3.599062500000e+01 2.062103273280e-03 9.119885772012e-02
3.599375000000e+01 2.062405266446e-03 9.126039467659e-02
3.599687500000e+01 2.062717839708e-03 9.132271919536e-02
3.600000000000e+01 2.063041017353e-03 9.138583280516e-02
3.600312500000e+01 2.063374824174e-03 9.144973705759e-02
3.600625000000e+01 2.063719285480e-03 9.151443352714e-02
3.600937500000e+01 2.064074427096e-03 9.157992381113e-02
3.601250000000e+01 2.064440275343e-03 9.164620952974e-02
3.601562500000e+01 2.064816857087e-03 9.171329232595e-02
3.601875000000e+01 2.065204199677e-03 9.178117386555e-02
3.602187500000e+01 2.065602331008e-03 9.184985583710e-02
3.602500000000e+01 2.066011279468e-03 9.191933995193e-02
3.602812500000e+01 2.066431073976e-03 9.198962794411e-02
3.603125000000e+01 2.066861743968e-03 9.206072157041e-02
3.603437500000e+01 2.067303319396e-03 9.213262261030e-02
3.603750000000e+01 2.067755830748e-03 9.220533286592e-02
3.604062500000e+01 2.068219309012e-03 9.227885416207e-02
3.604375000000e+01 2.068693785710e-03 9.235318834613e-02
3.604687500000e+01 2.069179292890e-03 9.242833728810e-02
3.605000000000e+01 2.069675863120e-03 9.250430288054e-02
3.605312500000e+01 2.070183529496e-03 9.258108703852e-02
3.605625000000e+01 2.070702325643e-03 9.265869169963e-02
3.605937500000e+01 2.071232285698e-03 9.273711882392e-02
3.606250000000e+01 2.071773444356e-03 9.281637039387e-02
3.606562500000e+01 2.072325836807e-03 9.289644841437e-02
3.606875000000e+01 2.072889498805e-03 9.297735491267e-02
3.607187500000e+01 2.073464466607e-03 9.305909193833e-02
3.607500000000e+01 2.074050777017e-03 9.314166156321e-02
3.607812500000e+01 2.074648467369e-03 9.322506588139e-02
3.608125000000e+01 2.075257575527e-03 9.330930700916e-02
3.608437500000e+01 2.075878139906e-03 9.339438708498e-02
3.608750000000e+01 2.076510199433e-03 9.348030826938e-02
3.609062500000e+01 2.077153793586e-03 9.356707274496e-02
3.609375000000e+01 2.077808962380e-03 9.365468271634e-02
3.609687500000e+01 2.078475746366e-03 9.374314041005e-02
3.610000000000e+01 2.079154186634e-03 9.383244807457e-02
3.610312500000e+01 2.079844324819e-03 9.392260798016e-02
3.610625000000e+01 2.080546203082e-03 9.401362241888e-02
3.610937500000e+01 2.081259864153e-03 9.410549370452e-02
3.611250000000e+01 2.081985351273e-03 9.419822417249e-02
3.611562500000e+01 2.082722708256e-03 9.429181617978e-02
3.611875000000e+01 2.083471979437e-03 9.438627210491e-02
3.612187500000e+01 2.084233209707e-03 9.448159434782e-02
3.612500000000e+01 2.085006444503e-03 9.457778532981e-02
3.612812500000e+01 2.085791729801e-03 9.467484749345e-02
3.613125000000e+01 2.086589112141e-03 9.477278330252e-02
3.613437500000e+01 2.087398638593e-03 9.487159524191e-02
3.613750000000e+01 2.088220356772e-03 9.497128581753e-02
3.614062500000e+01 2.089054314864e-03 9.507185755622e-02
3.614375000000e+01 2.089900561587e-03 9.517331300564e-02
3.614687500000e+01 2.090759146216e-03 9.527565473423e-02
3.615000000000e+01 2.091630118576e-03 9.537888533100e-02
3.615312500000e+01 2.092513529032e-03 9.548300740555e-02
3.615625000000e+01 2.093409428524e-03 9.558802358784e-02
3.615937500000e+01 2.094317868515e-03 9.569393652818e-02
3.616250000000e+01 2.095238901050e-03 9.580074889704e-02
3.616562500000e+01 2.096172578701e-03 9.590846338494e-02
3.616875000000e+01 2.097118954605e-03 9.601708270237e-02
3.617187500000e+01 2.098078082451e-03 9.612660957959e-02
3.617500000000e+01 2.099050016477e-03 9.623704676654e-02
3.617812500000e+01 2.100034811489e-03 9.634839703269e-02
3.618125000000e+01 2.101032522826e-03 9.646066316690e-02
3.618437500000e+01 2.102043206382e-03 9.657384797723e-02
3.618750000000e+01 2.103066918624e-03 9.668795429087e-02
3.619062500000e+01 2.104103716555e-03 9.680298495387e-02
3.619375000000e+01 2.105153657735e-03 9.691894283106e-02
3.619687500000e+01 2.106216800282e-03 9.703583080586e-02
3.620000000000e+01 2.107293202851e-03 9.715365178006e-02
3.620312500000e+01 2.108382924675e-03 9.727240867370e-02
3.620625000000e+01 2.109486025508e-03 9.739210442483e-02
3.620937500000e+01 2.110602565687e-03 9.751274198936e-02
3.621250000000e+01 2.111732606073e-03 9.763432434080e-02
3.621562500000e+01 2.112876208091e-03 9.775685447012e-02
3.621875000000e+01 2.114033433713e-03 9.788033538550e-02
3.622187500000e+01 2.115204345453e-03 9.800477011210e-02
3.622500000000e+01 2.116389006393e-03 9.813016169186e-02
3.622812500000e+01 2.117587480137e-03 9.825651318325e-02
3.623125000000e+01 2.118799830837e-03 9.838382766102e-02
3.623437500000e+01 2.120026123209e-03 9.851210821597e-02
3.623750000000e+01 2.121266422496e-03 9.864135795468e-02
3.624062500000e+01 2.122520794487e-03 9.877157999927e-02
3.624375000000e+01 2.123789305516e-03 9.890277748706e-02
3.624687500000e+01 2.125072022437e-03 9.903495357040e-02
3.625000000000e+01 2.126369012672e-03 9.916811141626e-02
3.625312500000e+01 2.127680344145e-03 9.930225420602e-02
3.625625000000e+01 2.129006085346e-03 9.943738513513e-02
3.625937500000e+01 2.130346305267e-03 9.957350741279e-02
3.626250000000e+01 2.131701073446e-03 9.971062426164e-02
3.626562500000e+01 2.133070459945e-03 9.984873891741e-02
3.626875000000e+01 2.134454535344e-03 9.998785462860e-02
3.627187500000e+01 2.135853370762e-03 1.001279746561e-01
3.627500000000e+01 2.137267037819e-03 1.002691022728e-01
3.627812500000e+01 2.138695608648e-03 1.004112407634e-01
3.628125000000e+01 2.140139155919e-03 1.005543934236e-01
3.628437500000e+01 2.141597752793e-03 1.006985635603e-01
3.628750000000e+01 2.143071472945e-03 1.008437544907e-01
3.629062500000e+01 2.144560390555e-03 1.009899695421e-01
3.629375000000e+01 2.146064580287e-03 1.011372120513e-01
3.629687500000e+01 2.147584117333e-03 1.012854853645e-01
3.630000000000e+01 2.149119077341e-03 1.014347928365e-01
3.630312500000e+01 2.150669536481e-03 1.015851378304e-01
3.630625000000e+01 2.152235571378e-03 1.017365237171e-01
3.630937500000e+01 2.153817259153e-03 1.018889538748e-01
3.631250000000e+01 2.155414677398e-03 1.020424316885e-01
3.631562500000e+01 2.157027904169e-03 1.021969605494e-01
3.631875000000e+01 2.158657018005e-03 1.023525438544e-01
3.632187500000e+01 2.160302097883e-03 1.025091850058e-01
3.632500000000e+01 2.161963223234e-03 1.026668874104e-01
3.632812500000e+01 2.163640473957e-03 1.028256544791e-01
3.633125000000e+01 2.165333930378e-03 1.029854896261e-01
3.633437500000e+01 2.167043673263e-03 1.031463962687e-01
3.633750000000e+01 2.168769783809e-03 1.033083778262e-01
3.634062500000e+01 2.170512343624e-03 1.034714377198e-01
3.634375000000e+01 2.172271434758e-03 1.036355793713e-01
3.634687500000e+01 2.174047139637e-03 1.038008062031e-01
3.635000000000e+01 2.175839541123e-03 1.039671216368e-01
3.635312500000e+01 2.177648722441e-03 1.041345290932e-01
3.635625000000e+01 2.179474767219e-03 1.043030319911e-01
3.635937500000e+01 2.181317759459e-03 1.044726337468e-01
3.636250000000e+01 2.183177783532e-03 1.046433377732e-01
3.636562500000e+01 2.185054924168e-03 1.048151474789e-01
3.636875000000e+01 2.186949266454e-03 1.049880662678e-01
3.637187500000e+01 2.188860895802e-03 1.051620975381e-01
3.637500000000e+01 2.190789897978e-03 1.053372446810e-01
3.637812500000e+01 2.192736359058e-03 1.055135110807e-01
3.638125000000e+01 2.194700365429e-03 1.056909001127e-01
3.638437500000e+01 2.196682003786e-03 1.058694151436e-01
3.638750000000e+01 2.198681361095e-03 1.060490595296e-01
3.639062500000e+01 2.200698524632e-03 1.062298366158e-01
3.639375000000e+01 2.202733581903e-03 1.064117497353e-01
3.639687500000e+01 2.204786620704e-03 1.065948022079e-01
3.640000000000e+01 2.206857729043e-03 1.067789973397e-01
3.640312500000e+01 2.208946995171e-03 1.069643384214e-01
3.640625000000e+01 2.211054507555e-03 1.071508287273e-01
3.640937500000e+01 2.213180354860e-03 1.073384715149e-01
3.641250000000e+01 2.215324625940e-03 1.075272700228e-01
3.641562500000e+01 2.217487409827e-03 1.077172274704e-01
3.641875000000e+01 2.219668795692e-03 1.079083470561e-01
3.642187500000e+01 2.221868872875e-03 1.081006319565e-01
3.642500000000e+01 2.224087730828e-03 1.082940853250e-01
3.642812500000e+01 2.226325459115e-03 1.084887102907e-01
3.643125000000e+01 2.228582147398e-03 1.086845099569e-01
3.643437500000e+01 2.230857885399e-03 1.088814873998e-01
3.643750000000e+01 2.233152762930e-03 1.090796456675e-01
3.644062500000e+01 2.235466869805e-03 1.092789877782e-01
3.644375000000e+01 2.237800295898e-03 1.094795167191e-01
3.644687500000e+01 2.240153131052e-03 1.096812354447e-01
3.645000000000e+01 2.242525465111e-03 1.098841468756e-01
3.645312500000e+01 2.244917387877e-03 1.100882538970e-01
3.645625000000e+01 2.247328989092e-03 1.102935593566e-01
3.645937500000e+01 2.249760358419e-03 1.105000660640e-01
3.646250000000e+01 2.252211585420e-03 1.107077767884e-01
3.646562500000e+01 2.254682759517e-03 1.109166942570e-01
3.646875000000e+01 2.257173970009e-03 1.111268211536e-01
3.647187500000e+01 2.259685306004e-03 1.113381601168e-01
3.647500000000e+01 2.262216856421e-03 1.115507137383e-01
3.647812500000e+01 2.264768709957e-03 1.117644845609e-01
3.648125000000e+01 2.267340955047e-03 1.119794750769e-01
3.648437500000e+01 2.269933679882e-03 1.121956877261e-01
3.648750000000e+01 2.272546972315e-03 1.124131248941e-01
3.649062500000e+01 2.275180919908e-03 1.126317889102e-01
3.649375000000e+01 2.277835609833e-03 1.128516820455e-01
3.649687500000e+01 2.280511128894e-03 1.130728065108e-01
3.650000000000e+01 2.283207563474e-03 1.132951644545e-01
3.650312500000e+01 2.285924999508e-03 1.135187579608e-01
3.650625000000e+01 2.288663522455e-03 1.137435890473e-01
3.650937500000e+01 2.291423217267e-03 1.139696596627e-01
3.651250000000e+01 2.294204168332e-03 1.141969716849e-01
3.651562500000e+01 2.297006459498e-03 1.144255269184e-01
3.651875000000e+01 2.299830173961e-03 1.146553270924e-01
3.652187500000e+01 2.302675394304e-03 1.148863738579e-01
3.652500000000e+01 2.305542202414e-03 1.151186687856e-01
3.652812500000e+01 2.308430679444e-03 1.153522133635e-01
3.653125000000e+01 2.311340905822e-03 1.155870089941e-01
3.653437500000e+01 2.314272961143e-03 1.158230569922e-01
3.653750000000e+01 2.317226924203e-03 1.160603585821e-01
3.654062500000e+01 2.320202872891e-03 1.162989148947e-01
3.654375000000e+01 2.323200884197e-03 1.165387269653e-01
3.654687500000e+01 2.326221034147e-03 1.167797957305e-01
3.655000000000e+01 2.329263397764e-03 1.170221220255e-01
3.655312500000e+01 2.332328049026e-03 1.172657065813e-01
3.655625000000e+01 2.335415060822e-03 1.175105500213e-01
3.655937500000e+01 2.338524504888e-03 1.177566528593e-01
3.656250000000e+01 2.341656451806e-03 1.180040154954e-01
3.656562500000e+01 2.344810970888e-03 1.182526382137e-01
3.656875000000e+01 2.347988130198e-03 1.185025211788e-01
3.657187500000e+01 2.351187996456e-03 1.187536644327e-01
3.657500000000e+01 2.354410634984e-03 1.190060678915e-01
3.657812500000e+01 2.357656109703e-03 1.192597313423e-01
3.658125000000e+01 2.360924483010e-03 1.195146544395e-01
3.658437500000e+01 2.364215815796e-03 1.197708367016e-01
3.658750000000e+01 2.367530167324e-03 1.200282775080e-01
3.659062500000e+01 2.370867595222e-03 1.202869760946e-01
3.659375000000e+01 2.374228155401e-03 1.205469315513e-01
3.659687500000e+01 2.377611902007e-03 1.208081428174e-01
3.660000000000e+01 2.381018887353e-03 1.210706086786e-01
3.660312500000e+01 2.384449161868e-03 1.213343277628e-01
3.660625000000e+01 2.387902774012e-03 1.215992985364e-01
3.660937500000e+01 2.391379770261e-03 1.218655193004e-01
3.661250000000e+01 2.394880194976e-03 1.221329881864e-01
3.661562500000e+01 2.398404090406e-03 1.224017031527e-01
3.661875000000e+01 2.401951496574e-03 1.226716619801e-01
3.662187500000e+01 2.405522451210e-03 1.229428622679e-01
3.662500000000e+01 2.409116989729e-03 1.232153014295e-01
3.662812500000e+01 2.412735145089e-03 1.234889766881e-01
3.663125000000e+01 2.416376947798e-03 1.237638850730e-01
3.663437500000e+01 2.420042425767e-03 1.240400234142e-01
3.663750000000e+01 2.423731604290e-03 1.243173883387e-01
3.664062500000e+01 2.427444505943e-03 1.245959762659e-01
3.664375000000e+01 2.431181150517e-03 1.248757834027e-01
3.664687500000e+01 2.434941554934e-03 1.251568057391e-01
3.665000000000e+01 2.438725733180e-03 1.254390390436e-01
3.665312500000e+01 2.442533696196e-03 1.257224788581e-01
3.665625000000e+01 2.446365451848e-03 1.260071204934e-01
3.665937500000e+01 2.450221004780e-03 1.262929590242e-01
3.666250000000e+01 2.454100356394e-03 1.265799892844e-01
3.666562500000e+01 2.458003504721e-03 1.268682058614e-01
3.666875000000e+01 2.461930444335e-03 1.271576030920e-01
3.667187500000e+01 2.465881166311e-03 1.274481750566e-01
3.667500000000e+01 2.469855658068e-03 1.277399155742e-01
3.667812500000e+01 2.473853903352e-03 1.280328181973e-01
3.668125000000e+01 2.477875882074e-03 1.283268762067e-01
3.668437500000e+01 2.481921570273e-03 1.286220826056e-01
3.668750000000e+01 2.485990939993e-03 1.289184301151e-01
3.669062500000e+01 2.490083959200e-03 1.292159111679e-01
3.669375000000e+01 2.494200591680e-03 1.295145179034e-01
3.669687500000e+01 2.498340796950e-03 1.298142421618e-01
3.670000000000e+01 2.502504530134e-03 1.301150754789e-01
3.670312500000e+01 2.506691741919e-03 1.304170090798e-01
3.670625000000e+01 2.510902378380e-03 1.307200338742e-01
3.670937500000e+01 2.515136380951e-03 1.310241404497e-01
3.671250000000e+01 2.519393686277e-03 1.313293190665e-01
3.671562500000e+01 2.523674226104e-03 1.316355596518e-01
3.671875000000e+01 2.527977927233e-03 1.319428517936e-01
3.672187500000e+01 2.532304711328e-03 1.322511847349e-01
3.672500000000e+01 2.536654494904e-03 1.325605473678e-01
3.672812500000e+01 2.541027189129e-03 1.328709282277e-01
3.673125000000e+01 2.545422699783e-03 1.331823154874e-01
3.673437500000e+01 2.549840927117e-03 1.334946969506e-01
3.673750000000e+01 2.554281765752e-03 1.338080600466e-01
3.674062500000e+01 2.558745104565e-03 1.341223918237e-01
3.674375000000e+01 2.563230826585e-03 1.344376789437e-01
3.674687500000e+01 2.567738808853e-03 1.347539076751e-01
3.675000000000e+01 2.572268922369e-03 1.350710638878e-01
3.675312500000e+01 2.576821031900e-03 1.353891330468e-01
3.675625000000e+01 2.581394995941e-03 1.357081002057e-01
3.675937500000e+01 2.585990666555e-03 1.360279500014e-01
3.676250000000e+01 2.590607889254e-03 1.363486666474e-01
3.676562500000e+01 2.595246502934e-03 1.366702339280e-01
3.676875000000e+01 2.599906339689e-03 1.369926351925e-01
3.677187500000e+01 2.604587224772e-03 1.373158533489e-01
3.677500000000e+01 2.609288976405e-03 1.376398708578e-01
3.677812500000e+01 2.614011405720e-03 1.379646697270e-01
3.678125000000e+01 2.618754316616e-03 1.382902315051e-01
3.678437500000e+01 2.623517505653e-03 1.386165372758e-01
3.678750000000e+01 2.628300761931e-03 1.389435676521e-01
3.679062500000e+01 2.633103866985e-03 1.392713027705e-01
3.679375000000e+01 2.637926594642e-03 1.395997222855e-01
3.679687500000e+01 2.642768710966e-03 1.399288053634e-01
3.680000000000e+01 2.647629974064e-03 1.402585306776e-01
3.680312500000e+01 2.652510134056e-03 1.405888764023e-01
3.680625000000e+01 2.657408932903e-03 1.409198202075e-01
3.680937500000e+01 2.662326104305e-03 1.412513392538e-01
3.681250000000e+01 2.667261373638e-03 1.415834101867e-01
3.681562500000e+01 2.672214457767e-03 1.419160091322e-01
3.681875000000e+01 2.677185065022e-03 1.422491116912e-01
3.682187500000e+01 2.682172895016e-03 1.425826929350e-01
3.682500000000e+01 2.687177638594e-03 1.429167274003e-01
3.682812500000e+01 2.692198977706e-03 1.432511890849e-01
3.683125000000e+01 2.697236585311e-03 1.435860514432e-01
3.683437500000e+01 2.702290125274e-03 1.439212873815e-01
3.683750000000e+01 2.707359252282e-03 1.442568692547e-01
3.684062500000e+01 2.712443611712e-03 1.445927688614e-01
3.684375000000e+01 2.717542839604e-03 1.449289574410e-01
3.684687500000e+01 2.722656562487e-03 1.452654056694e-01
3.685000000000e+01 2.727784397374e-03 1.456020836562e-01
3.685312500000e+01 2.732925951622e-03 1.459389609411e-01
3.685625000000e+01 2.738080822850e-03 1.462760064915e-01
3.685937500000e+01 2.743248598915e-03 1.466131886992e-01
3.686250000000e+01 2.748428857756e-03 1.469504753782e-01
3.686562500000e+01 2.753621167405e-03 1.472878337627e-01
3.686875000000e+01 2.758825085844e-03 1.476252305049e-01
3.687187500000e+01 2.764040160993e-03 1.479626316732e-01
3.687500000000e+01 2.769265930629e-03 1.483000027513e-01
3.687812500000e+01 2.774501922330e-03 1.486373086366e-01
3.688125000000e+01 2.779747653428e-03 1.489745136396e-01
3.688437500000e+01 2.785002630962e-03 1.493115814836e-01
3.688750000000e+01 2.790266351614e-03 1.496484753044e-01
3.689062500000e+01 2.795538301727e-03 1.499851576504e-01
3.689375000000e+01 2.800817957193e-03 1.503215904833e-01
3.689687500000e+01 2.806104783516e-03 1.506577351791e-01
3.690000000000e+01 2.811398235702e-03 1.509935525289e-01
3.690312500000e+01 2.816697758304e-03 1.513290027414e-01
3.690625000000e+01 2.822002785412e-03 1.516640454440e-01
3.690937500000e+01 2.827312740591e-03 1.519986396862e-01
3.691250000000e+01 2.832627036972e-03 1.523327439416e-01
3.691562500000e+01 2.837945077172e-03 1.526663161120e-01
3.691875000000e+01 2.843266253380e-03 1.529993135305e-01
3.692187500000e+01 2.848589947341e-03 1.533316929663e-01
3.692500000000e+01 2.853915530404e-03 1.536634106288e-01
3.692812500000e+01 2.859242363551e-03 1.539944221732e-01
3.693125000000e+01 2.864569797452e-03 1.543246827058e-01
3.693437500000e+01 2.869897172491e-03 1.546541467903e-01
3.693750000000e+01 2.875223818884e-03 1.549827684543e-01
3.694062500000e+01 2.880549056668e-03 1.553105011965e-01
3.694375000000e+01 2.885872195868e-03 1.556372979942e-01
3.694687500000e+01 2.891192536497e-03 1.559631113118e-01
3.695000000000e+01 2.896509368707e-03 1.562878931091e-01
3.695312500000e+01 2.901821972894e-03 1.566115948509e-01
3.695625000000e+01 2.907129619752e-03 1.569341675166e-01
3.695937500000e+01 2.912431570481e-03 1.572555616106e-01
3.696250000000e+01 2.917727076831e-03 1.575757271734e-01
3.696562500000e+01 2.923015381306e-03 1.578946137930e-01
3.696875000000e+01 2.928295717286e-03 1.582121706169e-01
3.697187500000e+01 2.933567309190e-03 1.585283463651e-01
3.697500000000e+01 2.938829372649e-03 1.588430893430e-01
3.697812500000e+01 2.944081114686e-03 1.591563474557e-01
3.698125000000e+01 2.949321733881e-03 1.594680682221e-01
3.698437500000e+01 2.954550420633e-03 1.597781987903e-01
3.698750000000e+01 2.959766357280e-03 1.600866859529e-01
3.699062500000e+01 2.964968718419e-03 1.603934761638e-01
3.699375000000e+01 2.970156671038e-03 1.606985155547e-01
3.699687500000e+01 2.975329374829e-03 1.610017499529e-01
3.700000000000e+01 2.980485982427e-03 1.613031248991e-01
3.700312500000e+01 2.985625639620e-03 1.616025856665e-01
3.700625000000e+01 2.990747485708e-03 1.619000772799e-01
3.700937500000e+01 2.995850653696e-03 1.621955445358e-01
3.701250000000e+01 3.000934270656e-03 1.624889320226e-01
3.701562500000e+01 3.005997457994e-03 1.627801841422e-01
3.701875000000e+01 3.011039331780e-03 1.630692451314e-01
3.702187500000e+01 3.016059003062e-03 1.633560590842e-01
3.702500000000e+01 3.021055578216e-03 1.636405699748e-01
3.702812500000e+01 3.026028159253e-03 1.639227216808e-01
3.703125000000e+01 3.030975844246e-03 1.642024580076e-01
3.703437500000e+01 3.035897727600e-03 1.644797227123e-01
3.703750000000e+01 3.040792900526e-03 1.647544595294e-01
3.704062500000e+01 3.045660451334e-03 1.650266121957e-01
3.704375000000e+01 3.050499465887e-03 1.652961244768e-01
3.704687500000e+01 3.055309028002e-03 1.655629401936e-01
3.705000000000e+01 3.060088219804e-03 1.658270032491e-01
3.705312500000e+01 3.064836122235e-03 1.660882576561e-01
3.705625000000e+01 3.069551815396e-03 1.663466475648e-01
3.705937500000e+01 3.074234379046e-03 1.666021172914e-01
3.706250000000e+01 3.078882893020e-03 1.668546113466e-01
3.706562500000e+01 3.083496437688e-03 1.671040744647e-01
3.706875000000e+01 3.088074094415e-03 1.673504516329e-01
3.707187500000e+01 3.092614946032e-03 1.675936881214e-01
3.707500000000e+01 3.097118077283e-03 1.678337295130e-01
3.707812500000e+01 3.101582575369e-03 1.680705217335e-01
3.708125000000e+01 3.106007530344e-03 1.683040110823e-01
3.708437500000e+01 3.110392035702e-03 1.685341442633e-01
3.708750000000e+01 3.114735188783e-03 1.687608684155e-01
3.709062500000e+01 3.119036091336e-03 1.689841311441e-01
3.709375000000e+01 3.123293850018e-03 1.692038805522e-01
3.709687500000e+01 3.127507576847e-03 1.694200652715e-01
3.710000000000e+01 3.131676389802e-03 1.696326344941e-01
3.710312500000e+01 3.135799413244e-03 1.698415380036e-01
3.710625000000e+01 3.139875778502e-03 1.700467262065e-01
3.710937500000e+01 3.143904624355e-03 1.702481501639e-01
3.711250000000e+01 3.147885097561e-03 1.704457616224e-01
3.711562500000e+01 3.151816353370e-03 1.706395130453e-01
3.711875000000e+01 3.155697556052e-03 1.708293576436e-01
3.712187500000e+01 3.159527879383e-03 1.710152494070e-01
3.712500000000e+01 3.163306507225e-03 1.711971431345e-01
3.712812500000e+01 3.167032633951e-03 1.713749944643e-01
3.713125000000e+01 3.170705465053e-03 1.715487599043e-01
3.713437500000e+01 3.174324217559e-03 1.717183968617e-01
3.713750000000e+01 3.177888120591e-03 1.718838636722e-01
3.714062500000e+01 3.181396415879e-03 1.720451196291e-01
3.714375000000e+01 3.184848358176e-03 1.722021250115e-01
3.714687500000e+01 3.188243215854e-03 1.723548411126e-01
3.715000000000e+01 3.191580271283e-03 1.725032302669e-01
3.715312500000e+01 3.194858821381e-03 1.726472558775e-01
3.715625000000e+01 3.198078178045e-03 1.727868824418e-01
3.715937500000e+01 3.201237668622e-03 1.729220755778e-01
3.716250000000e+01 3.204336636354e-03 1.730528020485e-01
3.716562500000e+01 3.207374440827e-03 1.731790297868e-01
3.716875000000e+01 3.210350458375e-03 1.733007279188e-01
3.717187500000e+01 3.213264082563e-03 1.734178667864e-01
3.717500000000e+01 3.216114724503e-03 1.735304179697e-01
3.717812500000e+01 3.218901813356e-03 1.736383543078e-01
3.718125000000e+01 3.221624796619e-03 1.737416499194e-01
3.718437500000e+01 3.224283140564e-03 1.738402802219e-01
3.718750000000e+01 3.226876330589e-03 1.739342219503e-01
3.719062500000e+01 3.229403871510e-03 1.740234531741e-01
3.719375000000e+01 3.231865287979e-03 1.741079533146e-01
3.719687500000e+01 3.234260124709e-03 1.741877031598e-01
3.720000000000e+01 3.236587946844e-03 1.742626848793e-01
3.720312500000e+01 3.238848340209e-03 1.743328820378e-01
3.720625000000e+01 3.241040911593e-03 1.743982796072e-01
3.720937500000e+01 3.243165288990e-03 1.744588639782e-01
3.721250000000e+01 3.245221121856e-03 1.745146229706e-01
3.721562500000e+01 3.247208081280e-03 1.745655458422e-01
3.721875000000e+01 3.249125860268e-03 1.746116232969e-01
3.722187500000e+01 3.250974173828e-03 1.746528474913e-01
3.722500000000e+01 3.252752759231e-03 1.746892120409e-01
3.722812500000e+01 3.254461376075e-03 1.747207120242e-01
3.723125000000e+01 3.256099806473e-03 1.747473439862e-01
3.723437500000e+01 3.257667855140e-03 1.747691059405e-01
3.723750000000e+01 3.259165349484e-03 1.747859973705e-01
3.724062500000e+01 3.260592139706e-03 1.747980192290e-01
3.724375000000e+01 3.261948098799e-03 1.748051739372e-01
3.724687500000e+01 3.263233122644e-03 1.748074653818e-01
3.725000000000e+01 3.264447129994e-03 1.748048989115e-01
3.725312500000e+01 3.265590062483e-03 1.747974813322e-01
3.725625000000e+01 3.266661884602e-03 1.747852209009e-01
3.725937500000e+01 3.267662583668e-03 1.747681273186e-01
3.726250000000e+01 3.268592169738e-03 1.747462117221e-01
3.726562500000e+01 3.269450675595e-03 1.747194866746e-01
3.726875000000e+01 3.270238156564e-03 1.746879661548e-01
3.727187500000e+01 3.270954690506e-03 1.746516655460e-01
3.727500000000e+01 3.271600377582e-03 1.746106016229e-01
3.727812500000e+01 3.272175340182e-03 1.745647925381e-01
3.728125000000e+01 3.272679722728e-03 1.745142578074e-01
3.728437500000e+01 3.273113691490e-03 1.744590182938e-01
3.728750000000e+01 3.273477434421e-03 1.743990961911e-01
3.729062500000e+01 3.273771160876e-03 1.743345150061e-01
3.729375000000e+01 3.273995101446e-03 1.742652995397e-01
3.729687500000e+01 3.274149507678e-03 1.741914758680e-01
3.730000000000e+01 3.274234651824e-03 1.741130713214e-01
3.730312500000e+01 3.274250826557e-03 1.740301144633e-01
3.730625000000e+01 3.274198344693e-03 1.739426350685e-01
3.730937500000e+01 3.274077538850e-03 1.738506641001e-01
3.731250000000e+01 3.273888761203e-03 1.737542336861e-01
3.731562500000e+01 3.273632383052e-03 1.736533770946e-01
3.731875000000e+01 3.273308794591e-03 1.735481287097e-01
3.732187500000e+01 3.272918404442e-03 1.734385240052e-01
3.732500000000e+01 3.272461639373e-03 1.733245995186e-01
3.732812500000e+01 3.271938943881e-03 1.732063928244e-01
3.733125000000e+01 3.271350779805e-03 1.730839425068e-01
3.733437500000e+01 3.270697625964e-03 1.729572881316e-01
3.733750000000e+01 3.269979977682e-03 1.728264702183e-01
3.734062500000e+01 3.269198346445e-03 1.726915302113e-01
3.734375000000e+01 3.268353259437e-03 1.725525104506e-01
3.734687500000e+01 3.267445259122e-03 1.724094541426e-01
3.735000000000e+01 3.266474902809e-03 1.722624053302e-01
3.735312500000e+01 3.265442762210e-03 1.721114088630e-01
3.735625000000e+01 3.264349422966e-03 1.719565103668e-01
3.735937500000e+01 3.263195484259e-03 1.717977562132e-01
3.736250000000e+01 3.261981558260e-03 1.716351934892e-01
3.736562500000e+01 3.260708269773e-03 1.714688699660e-01
3.736875000000e+01 3.259376255669e-03 1.712988340686e-01
3.737187500000e+01 3.257986164491e-03 1.711251348448e-01
3.737500000000e+01 3.256538655958e-03 1.709478219339e-01
3.737812500000e+01 3.255034400483e-03 1.707669455362e-01
3.738125000000e+01 3.253474078742e-03 1.705825563820e-01
3.738437500000e+01 3.251858381135e-03 1.703947057008e-01
3.738750000000e+01 3.250188007373e-03 1.702034451906e-01
3.739062500000e+01 3.248463665983e-03 1.700088269871e-01
3.739375000000e+01 3.246686073832e-03 1.698109036337e-01
3.739687500000e+01 3.244855955669e-03 1.696097280511e-01
3.740000000000e+01 3.242974043655e-03 1.694053535074e-01
3.740312500000e+01 3.241041076871e-03 1.691978335881e-01
3.740625000000e+01 3.239057800923e-03 1.689872221671e-01
3.740937500000e+01 3.237024967392e-03 1.687735733771e-01
3.741250000000e+01 3.234943333474e-03 1.685569415811e-01
3.741562500000e+01 3.232813661443e-03 1.683373813439e-01
3.741875000000e+01 3.230636718264e-03 1.681149474037e-01
3.742187500000e+01 3.228413275129e-03 1.678896946447e-01
3.742500000000e+01 3.226144107013e-03 1.676616780697e-01
3.742812500000e+01 3.223829992283e-03 1.674309527733e-01
3.743125000000e+01 3.221471712210e-03 1.671975739153e-01
3.743437500000e+01 3.219070050586e-03 1.669615966947e-01
3.743750000000e+01 3.216625793340e-03 1.667230763247e-01
3.744062500000e+01 3.214139728081e-03 1.664820680072e-01
3.744375000000e+01 3.211612643726e-03 1.662386269084e-01
3.744687500000e+01 3.209045330115e-03 1.659928081352e-01
3.745000000000e+01 3.206438577589e-03 1.657446667113e-01
3.745312500000e+01 3.203793176692e-03 1.654942575547e-01
3.745625000000e+01 3.201109917700e-03 1.652416354552e-01
3.745937500000e+01 3.198389590369e-03 1.649868550527e-01
3.746250000000e+01 3.195632983485e-03 1.647299708158e-01
3.746562500000e+01 3.192840884594e-03 1.644710370215e-01
3.746875000000e+01 3.190014079629e-03 1.642101077349e-01
3.747187500000e+01 3.187153352592e-03 1.639472367898e-01
3.747500000000e+01 3.184259485261e-03 1.636824777700e-01
3.747812500000e+01 3.181333256831e-03 1.634158839908e-01
3.748125000000e+01 3.178375443639e-03 1.631475084811e-01
3.748437500000e+01 3.175386818910e-03 1.628774039670e-01
3.748750000000e+01 3.172368152416e-03 1.626056228545e-01
3.749062500000e+01 3.169320210234e-03 1.623322172142e-01
3.749375000000e+01 3.166243754482e-03 1.620572387654e-01
3.749687500000e+01 3.163139543036e-03 1.617807388620e-01
3.750000000000e+01 3.160008329343e-03 1.615027684779e-01
3.750312500000e+01 3.156850862104e-03 1.612233781935e-01
3.750625000000e+01 3.153667885132e-03 1.609426181828e-01
3.750937500000e+01 3.150460137047e-03 1.606605382010e-01
3.751250000000e+01 3.147228351133e-03 1.603771875726e-01
3.751562500000e+01 3.143973255100e-03 1.600926151803e-01
3.751875000000e+01 3.140695570899e-03 1.598068694539e-01
3.752187500000e+01 3.137396014560e-03 1.595199983603e-01
3.752500000000e+01 3.134075295964e-03 1.592320493943e-01
3.752812500000e+01 3.130734118708e-03 1.589430695689e-01
3.753125000000e+01 3.127373179974e-03 1.586531054069e-01
3.753437500000e+01 3.123993170320e-03 1.583622029332e-01
3.753750000000e+01 3.120594773573e-03 1.580704076670e-01
3.754062500000e+01 3.117178666691e-03 1.577777646145e-01
3.754375000000e+01 3.113745519607e-03 1.574843182631e-01
3.754687500000e+01 3.110295995172e-03 1.571901125747e-01
3.755000000000e+01 3.106830748957e-03 1.568951909805e-01
3.755312500000e+01 3.103350429244e-03 1.565995963757e-01
3.755625000000e+01 3.099855676839e-03 1.563033711150e-01
3.755937500000e+01 3.096347125042e-03 1.560065570082e-01
3.756250000000e+01 3.092825399547e-03 1.557091953168e-01
3.756562500000e+01 3.089291118351e-03 1.554113267501e-01
3.756875000000e+01 3.085744891728e-03 1.551129914630e-01
3.757187500000e+01 3.082187322103e-03 1.548142290526e-01
3.757500000000e+01 3.078619004031e-03 1.545150785570e-01
3.757812500000e+01 3.075040524172e-03 1.542155784527e-01
3.758125000000e+01 3.071452461198e-03 1.539157666538e-01
3.758437500000e+01 3.067855385783e-03 1.536156805108e-01
3.758750000000e+01 3.064249860569e-03 1.533153568097e-01
3.759062500000e+01 3.060636440112e-03 1.530148317721e-01
3.759375000000e+01 3.057015670925e-03 1.527141410548e-01
3.759687500000e+01 3.053388091372e-03 1.524133197502e-01
3.760000000000e+01 3.049754231755e-03 1.521124023873e-01
3.760312500000e+01 3.046114614216e-03 1.518114229319e-01
3.760625000000e+01 3.042469752802e-03 1.515104147884e-01
3.760937500000e+01 3.038820153440e-03 1.512094108009e-01
3.761250000000e+01 3.035166313949e-03 1.509084432551e-01
3.761562500000e+01 3.031508724054e-03 1.506075438805e-01
3.761875000000e+01 3.027847865406e-03 1.503067438520e-01
3.762187500000e+01 3.024184211579e-03 1.500060737930e-01
3.762500000000e+01 3.020518228143e-03 1.497055637777e-01
3.762812500000e+01 3.016850372644e-03 1.494052433344e-01
3.763125000000e+01 3.013181094657e-03 1.491051414479e-01
3.763437500000e+01 3.009510835825e-03 1.488052865636e-01
3.763750000000e+01 3.005840029868e-03 1.485057065906e-01
3.764062500000e+01 3.002169102684e-03 1.482064289052e-01
3.764375000000e+01 2.998498472315e-03 1.479074803551e-01
3.764687500000e+01 2.994828549077e-03 1.476088872632e-01
3.765000000000e+01 2.991159735531e-03 1.473106754318e-01
3.765312500000e+01 2.987492426592e-03 1.470128701468e-01
3.765625000000e+01 2.983827009566e-03 1.467154961822e-01
3.765937500000e+01 2.980163864197e-03 1.464185778048e-01
3.766250000000e+01 2.976503362745e-03 1.461221387786e-01
3.766562500000e+01 2.972845870036e-03 1.458262023697e-01
3.766875000000e+01 2.969191743510e-03 1.455307913512e-01
3.767187500000e+01 2.965541333336e-03 1.452359280083e-01
3.767500000000e+01 2.961894982426e-03 1.449416341432e-01
3.767812500000e+01 2.958253026531e-03 1.446479310803e-01
3.768125000000e+01 2.954615794309e-03 1.443548396716e-01
3.768437500000e+01 2.950983607374e-03 1.440623803018e-01
3.768750000000e+01 2.947356780427e-03 1.437705728939e-01
3.769062500000e+01 2.943735621244e-03 1.434794369144e-01
3.769375000000e+01 2.940120430847e-03 1.431889913790e-01
3.769687500000e+01 2.936511503493e-03 1.428992548580e-01
3.770000000000e+01 2.932909126812e-03 1.426102454819e-01
3.770312500000e+01 2.929313581860e-03 1.423219809474e-01
3.770625000000e+01 2.925725143202e-03 1.420344785222e-01
3.770937500000e+01 2.922144078993e-03 1.417477550516e-01
3.771250000000e+01 2.918570651062e-03 1.414618269638e-01
3.771562500000e+01 2.915005114965e-03 1.411767102754e-01
3.771875000000e+01 2.911447720126e-03 1.408924205975e-01
3.772187500000e+01 2.907898709858e-03 1.406089731414e-01
3.772500000000e+01 2.904358321478e-03 1.403263827242e-01
3.772812500000e+01 2.900826786382e-03 1.400446637746e-01
3.773125000000e+01 2.897304330111e-03 1.397638303388e-01
3.773437500000e+01 2.893791172483e-03 1.394838960860e-01
3.773750000000e+01 2.890287527601e-03 1.392048743144e-01
3.774062500000e+01 2.886793604019e-03 1.389267779567e-01
3.774375000000e+01 2.883309604746e-03 1.386496195861e-01
3.774687500000e+01 2.879835727386e-03 1.383734114215e-01
3.775000000000e+01 2.876372164198e-03 1.380981653339e-01
3.775312500000e+01 2.872919102178e-03 1.378238928512e-01
3.775625000000e+01 2.869476723146e-03 1.375506051647e-01
3.775937500000e+01 2.866045203828e-03 1.372783131339e-01
3.776250000000e+01 2.862624715919e-03 1.370070272927e-01
3.776562500000e+01 2.859215426216e-03 1.367367578544e-01
3.776875000000e+01 2.855817496618e-03 1.364675147178e-01
3.777187500000e+01 2.852431084299e-03 1.361993074719e-01
3.777500000000e+01 2.849056341714e-03 1.359321454022e-01
3.777812500000e+01 2.845693416700e-03 1.356660374953e-01
3.778125000000e+01 2.842342452594e-03 1.354009924446e-01
3.778437500000e+01 2.839003588238e-03 1.351370186557e-01
3.778750000000e+01 2.835676958138e-03 1.348741242514e-01
3.779062500000e+01 2.832362692470e-03 1.346123170770e-01
3.779375000000e+01 2.829060917201e-03 1.343516047056e-01
3.779687500000e+01 2.825771754157e-03 1.340919944430e-01
3.780000000000e+01 2.822495321086e-03 1.338334933326e-01
3.780312500000e+01 2.819231731746e-03 1.335761081611e-01
3.780625000000e+01 2.815981095977e-03 1.333198454626e-01
3.780937500000e+01 2.812743519752e-03 1.330647115241e-01
3.781250000000e+01 2.809519105305e-03 1.328107123900e-01
3.781562500000e+01 2.806307951127e-03 1.325578538672e-01
3.781875000000e+01 2.803110152112e-03 1.323061415294e-01
3.782187500000e+01 2.799925799581e-03 1.320555807224e-01
3.782500000000e+01 2.796754981344e-03 1.318061765680e-01
3.782812500000e+01 2.793597781830e-03 1.315579339694e-01
3.783125000000e+01 2.790454282069e-03 1.313108576147e-01
3.783437500000e+01 2.787324559848e-03 1.310649519825e-01
3.783750000000e+01 2.784208689698e-03 1.308202213452e-01
3.784062500000e+01 2.781106743014e-03 1.305766697741e-01
3.784375000000e+01 2.778018788101e-03 1.303343011436e-01
3.784687500000e+01 2.774944890232e-03 1.300931191349e-01
3.785000000000e+01 2.771885111728e-03 1.298531272408e-01
3.785312500000e+01 2.768839512004e-03 1.296143287695e-01
3.785625000000e+01 2.765808147627e-03 1.293767268485e-01
3.785937500000e+01 2.762791072417e-03 1.291403244290e-01
3.786250000000e+01 2.759788337438e-03 1.289051242897e-01
3.786562500000e+01 2.756799991132e-03 1.286711290402e-01
3.786875000000e+01 2.753826079325e-03 1.284383411256e-01
3.787187500000e+01 2.750866645284e-03 1.282067628298e-01
3.787500000000e+01 2.747921729831e-03 1.279763962791e-01
3.787812500000e+01 2.744991371313e-03 1.277472434464e-01
3.788125000000e+01 2.742075605744e-03 1.275193061540e-01
3.788437500000e+01 2.739174466782e-03 1.272925860779e-01
3.788750000000e+01 2.736287985838e-03 1.270670847507e-01
3.789062500000e+01 2.733416192103e-03 1.268428035656e-01
3.789375000000e+01 2.730559112602e-03 1.266197437791e-01
3.789687500000e+01 2.727716772253e-03 1.263979065148e-01
3.790000000000e+01 2.724889193912e-03 1.261772927665e-01
3.790312500000e+01 2.722076398402e-03 1.259579034015e-01
3.790625000000e+01 2.719278404617e-03 1.257397391636e-01
3.790937500000e+01 2.716495229497e-03 1.255228006762e-01
3.791250000000e+01 2.713726888141e-03 1.253070884456e-01
3.791562500000e+01 2.710973393812e-03 1.250926028636e-01
3.791875000000e+01 2.708234757981e-03 1.248793442108e-01
3.792187500000e+01 2.705510990414e-03 1.246673126594e-01
3.792500000000e+01 2.702802099153e-03 1.244565082758e-01
3.792812500000e+01 2.700108090629e-03 1.242469310238e-01
3.793125000000e+01 2.697428969632e-03 1.240385807669e-01
3.793437500000e+01 2.694764739409e-03 1.238314572713e-01
3.793750000000e+01 2.692115401681e-03 1.236255602086e-01
3.794062500000e+01 2.689480956684e-03 1.234208891581e-01
3.794375000000e+01 2.686861403213e-03 1.232174436095e-01
3.794687500000e+01 2.684256738661e-03 1.230152229655e-01
3.795000000000e+01 2.681666959033e-03 1.228142265439e-01
3.795312500000e+01 2.679092059045e-03 1.226144535808e-01
3.795625000000e+01 2.676532032075e-03 1.224159032318e-01
3.795937500000e+01 2.673986870281e-03 1.222185745754e-01
3.796250000000e+01 2.671456564584e-03 1.220224666147e-01
3.796562500000e+01 2.668941104704e-03 1.218275782798e-01
3.796875000000e+01 2.666440479240e-03 1.216339084298e-01
3.797187500000e+01 2.663954675635e-03 1.214414558552e-01
3.797500000000e+01 2.661483680282e-03 1.212502192801e-01
3.797812500000e+01 2.659027478488e-03 1.210601973638e-01
3.798125000000e+01 2.656586054548e-03 1.208713887032e-01
3.798437500000e+01 2.654159391769e-03 1.206837918347e-01
3.798750000000e+01 2.651747472488e-03 1.204974052363e-01
3.799062500000e+01 2.649350278115e-03 1.203122273290e-01
3.799375000000e+01 2.646967789155e-03 1.201282564794e-01
3.799687500000e+01 2.644599985223e-03 1.199454910008e-01
3.800000000000e+01 2.642246845118e-03 1.197639291556e-01
3.800312500000e+01 2.639908346781e-03 1.195835691567e-01
3.800625000000e+01 2.637584467394e-03 1.194044091693e-01
3.800937500000e+01 2.635275183355e-03 1.192264473128e-01
3.801250000000e+01 2.632980470309e-03 1.190496816620e-01
3.801562500000e+01 2.630700303218e-03 1.188741102494e-01
3.801875000000e+01 2.628434656313e-03 1.186997310659e-01
3.802187500000e+01 2.626183503198e-03 1.185265420631e-01
3.802500000000e+01 2.623946816799e-03 1.183545411547e-01
3.802812500000e+01 2.621724569440e-03 1.181837262176e-01
3.803125000000e+01 2.619516732845e-03 1.180140950937e-01
3.803437500000e+01 2.617323278160e-03 1.178456455913e-01
3.803750000000e+01 2.615144175980e-03 1.176783754863e-01
3.804062500000e+01 2.612979396370e-03 1.175122825240e-01
3.804375000000e+01 2.610828908867e-03 1.173473644197e-01
3.804687500000e+01 2.608692682549e-03 1.171836188609e-01
3.805000000000e+01 2.606570685987e-03 1.170210435080e-01
3.805312500000e+01 2.604462887331e-03 1.168596359954e-01
3.805625000000e+01 2.602369254287e-03 1.166993939336e-01
3.805937500000e+01 2.600289754131e-03 1.165403149092e-01
3.806250000000e+01 2.598224353779e-03 1.163823964873e-01
3.806562500000e+01 2.596173019733e-03 1.162256362115e-01
3.806875000000e+01 2.594135718169e-03 1.160700316061e-01
3.807187500000e+01 2.592112414893e-03 1.159155801762e-01
3.807500000000e+01 2.590103075398e-03 1.157622794096e-01
3.807812500000e+01 2.588107664867e-03 1.156101267773e-01
3.808125000000e+01 2.586126148189e-03 1.154591197348e-01
3.808437500000e+01 2.584158489976e-03 1.153092557231e-01
3.808750000000e+01 2.582204654580e-03 1.151605321696e-01
3.809062500000e+01 2.580264606088e-03 1.150129464889e-01
3.809375000000e+01 2.578338308387e-03 1.148664960841e-01
3.809687500000e+01 2.576425725110e-03 1.147211783475e-01
3.810000000000e+01 2.574526819715e-03 1.145769906616e-01
3.810312500000e+01 2.572641555458e-03 1.144339303996e-01
3.810625000000e+01 2.570769895403e-03 1.142919949270e-01
3.810937500000e+01 2.568911802481e-03 1.141511816018e-01
3.811250000000e+01 2.567067239433e-03 1.140114877753e-01
3.811562500000e+01 2.565236168903e-03 1.138729107934e-01
3.811875000000e+01 2.563418553371e-03 1.137354479971e-01
3.812187500000e+01 2.561614355220e-03 1.135990967231e-01
3.812500000000e+01 2.559823536729e-03 1.134638543047e-01
3.812812500000e+01 2.558046060080e-03 1.133297180726e-01
3.813125000000e+01 2.556281887377e-03 1.131966853556e-01
3.813437500000e+01 2.554530980658e-03 1.130647534811e-01
3.813750000000e+01 2.552793301878e-03 1.129339197758e-01
3.814062500000e+01 2.551068812983e-03 1.128041815668e-01
3.814375000000e+01 2.549357475835e-03 1.126755361816e-01
3.814687500000e+01 2.547659252305e-03 1.125479809492e-01
3.815000000000e+01 2.545974104215e-03 1.124215132004e-01
3.815312500000e+01 2.544301993385e-03 1.122961302686e-01
3.815625000000e+01 2.542642881649e-03 1.121718294904e-01
3.815937500000e+01 2.540996730818e-03 1.120486082061e-01
3.816250000000e+01 2.539363502751e-03 1.119264637601e-01
3.816562500000e+01 2.537743159303e-03 1.118053935018e-01
3.816875000000e+01 2.536135662375e-03 1.116853947858e-01
3.817187500000e+01 2.534540973910e-03 1.115664649725e-01
3.817500000000e+01 2.532959055894e-03 1.114486014288e-01
3.817812500000e+01 2.531389870370e-03 1.113318015282e-01
3.818125000000e+01 2.529833379450e-03 1.112160626518e-01
3.818437500000e+01 2.528289545298e-03 1.111013821883e-01
3.818750000000e+01 2.526758330185e-03 1.109877575346e-01
3.819062500000e+01 2.525239696433e-03 1.108751860965e-01
3.819375000000e+01 2.523733606490e-03 1.107636652886e-01
3.819687500000e+01 2.522240022871e-03 1.106531925352e-01
3.820000000000e+01 2.520758908205e-03 1.105437652707e-01
3.820312500000e+01 2.519290225250e-03 1.104353809395e-01
3.820625000000e+01 2.517833936844e-03 1.103280369970e-01
3.820937500000e+01 2.516390005985e-03 1.102217309095e-01
3.821250000000e+01 2.514958395769e-03 1.101164601550e-01
3.821562500000e+01 2.513539069439e-03 1.100122222233e-01
3.821875000000e+01 2.512131990378e-03 1.099090146161e-01
3.822187500000e+01 2.510737122106e-03 1.098068348481e-01
3.822500000000e+01 2.509354428299e-03 1.097056804465e-01
3.822812500000e+01 2.507983872788e-03 1.096055489519e-01
3.823125000000e+01 2.506625419545e-03 1.095064379182e-01
3.823437500000e+01 2.505279032739e-03 1.094083449134e-01
3.823750000000e+01 2.503944676669e-03 1.093112675193e-01
3.824062500000e+01 2.502622315846e-03 1.092152033323e-01
3.824375000000e+01 2.501311914924e-03 1.091201499635e-01
3.824687500000e+01 2.500013438753e-03 1.090261050388e-01
3.825000000000e+01 2.498726852380e-03 1.089330661995e-01
3.825312500000e+01 2.497452121013e-03 1.088410311023e-01
3.825625000000e+01 2.496189210089e-03 1.087499974197e-01
3.825937500000e+01 2.494938085209e-03 1.086599628401e-01
3.826250000000e+01 2.493698712194e-03 1.085709250681e-01
3.826562500000e+01 2.492471057065e-03 1.084828818250e-01
3.826875000000e+01 2.491255086048e-03 1.083958308485e-01
3.827187500000e+01 2.490050765586e-03 1.083097698935e-01
3.827500000000e+01 2.488858062336e-03 1.082246967316e-01
3.827812500000e+01 2.487676943155e-03 1.081406091523e-01
3.828125000000e+01 2.486507375155e-03 1.080575049621e-01
3.828437500000e+01 2.485349325634e-03 1.079753819856e-01
3.828750000000e+01 2.484202762151e-03 1.078942380652e-01
3.829062500000e+01 2.483067652468e-03 1.078140710613e-01
3.829375000000e+01 2.481943964585e-03 1.077348788527e-01
3.829687500000e+01 2.480831666758e-03 1.076566593366e-01
3.830000000000e+01 2.479730727442e-03 1.075794104290e-01
3.830312500000e+01 2.478641115373e-03 1.075031300644e-01
3.830625000000e+01 2.477562799495e-03 1.074278161967e-01
3.830937500000e+01 2.476495749015e-03 1.073534667983e-01
3.831250000000e+01 2.475439933383e-03 1.072800798615e-01
3.831562500000e+01 2.474395322297e-03 1.072076533976e-01
3.831875000000e+01 2.473361885706e-03 1.071361854375e-01
3.832187500000e+01 2.472339593817e-03 1.070656740320e-01
3.832500000000e+01 2.471328417075e-03 1.069961172515e-01
3.832812500000e+01 2.470328326211e-03 1.069275131864e-01
3.833125000000e+01 2.469339292181e-03 1.068598599473e-01
3.833437500000e+01 2.468361286238e-03 1.067931556648e-01
3.833750000000e+01 2.467394279864e-03 1.067273984900e-01
3.834062500000e+01 2.466438244820e-03 1.066625865944e-01
3.834375000000e+01 2.465493153144e-03 1.065987181700e-01
3.834687500000e+01 2.464558977114e-03 1.065357914293e-01
3.835000000000e+01 2.463635689308e-03 1.064738046059e-01
3.835312500000e+01 2.462723262546e-03 1.064127559539e-01
3.835625000000e+01 2.461821669934e-03 1.063526437486e-01
3.835937500000e+01 2.460930884852e-03 1.062934662863e-01
3.836250000000e+01 2.460050880948e-03 1.062352218843e-01
3.836562500000e+01 2.459181632153e-03 1.061779088812e-01
3.836875000000e+01 2.458323112670e-03 1.061215256370e-01
3.837187500000e+01 2.457475296969e-03 1.060660705330e-01
3.837500000000e+01 2.456638159829e-03 1.060115419721e-01
3.837812500000e+01 2.455811676271e-03 1.059579383784e-01
3.838125000000e+01 2.454995821635e-03 1.059052581981e-01
3.838437500000e+01 2.454190571511e-03 1.058534998987e-01
3.838750000000e+01 2.453395901786e-03 1.058026619697e-01
3.839062500000e+01 2.452611788644e-03 1.057527429224e-01
3.839375000000e+01 2.451838208524e-03 1.057037412900e-01
3.839687500000e+01 2.451075138184e-03 1.056556556274e-01
3.840000000000e+01 2.450322554636e-03 1.056084845120e-01
3.840312500000e+01 2.449580435211e-03 1.055622265429e-01
3.840625000000e+01 2.448848757502e-03 1.055168803414e-01
3.840937500000e+01 2.448127499403e-03 1.054724445512e-01
3.841250000000e+01 2.447416639100e-03 1.054289178380e-01
3.841562500000e+01 2.446716155061e-03 1.053862988900e-01
3.841875000000e+01 2.446026026054e-03 1.053445864174e-01
3.842187500000e+01 2.445346231134e-03 1.053037791532e-01
3.842500000000e+01 2.444676749636e-03 1.052638758526e-01
3.842812500000e+01 2.444017561217e-03 1.052248752933e-01
3.843125000000e+01 2.443368645791e-03 1.051867762755e-01
3.843437500000e+01 2.442729983598e-03 1.051495776221e-01
3.843750000000e+01 2.442101555156e-03 1.051132781785e-01
3.844062500000e+01 2.441483341268e-03 1.050778768127e-01
3.844375000000e+01 2.440875323059e-03 1.050433724154e-01
3.844687500000e+01 2.440277481918e-03 1.050097639000e-01
3.845000000000e+01 2.439689799561e-03 1.049770502026e-01
3.845312500000e+01 2.439112257973e-03 1.049452302822e-01
3.845625000000e+01 2.438544839448e-03 1.049143031205e-01
3.845937500000e+01 2.437987526577e-03 1.048842677219e-01
3.846250000000e+01 2.437440302246e-03 1.048551231140e-01
3.846562500000e+01 2.436903149639e-03 1.048268683469e-01
3.846875000000e+01 2.436376052240e-03 1.047995024939e-01
3.847187500000e+01 2.435858993815e-03 1.047730246511e-01
3.847500000000e+01 2.435351958458e-03 1.047474339374e-01
3.847812500000e+01 2.434854930528e-03 1.047227294950e-01
3.848125000000e+01 2.434367894709e-03 1.046989104889e-01
3.848437500000e+01 2.433890835973e-03 1.046759761072e-01
3.848750000000e+01 2.433423739577e-03 1.046539255609e-01
3.849062500000e+01 2.432966591108e-03 1.046327580842e-01
3.849375000000e+01 2.432519376416e-03 1.046124729342e-01
3.849687500000e+01 2.432082081687e-03 1.045930693914e-01
3.850000000000e+01 2.431654693373e-03 1.045745467590e-01
3.850312500000e+01 2.431237198243e-03 1.045569043637e-01
3.850625000000e+01 2.430829583365e-03 1.045401415550e-01
3.850937500000e+01 2.430431836098e-03 1.045242577059e-01
3.851250000000e+01 2.430043944111e-03 1.045092522121e-01
3.851562500000e+01 2.429665895368e-03 1.044951244928e-01
3.851875000000e+01 2.429297678119e-03 1.044818739904e-01
3.852187500000e+01 2.428939280944e-03 1.044695001704e-01
3.852500000000e+01 2.428590692686e-03 1.044580025213e-01
3.852812500000e+01 2.428251902524e-03 1.044473805552e-01
3.853125000000e+01 2.427922899907e-03 1.044376338070e-01
3.853437500000e+01 2.427603674592e-03 1.044287618352e-01
3.853750000000e+01 2.427294216653e-03 1.044207642213e-01
3.854062500000e+01 2.426994516430e-03 1.044136405701e-01
3.854375000000e+01 2.426704564599e-03 1.044073905097e-01
3.854687500000e+01 2.426424352104e-03 1.044020136912e-01
3.855000000000e+01 2.426153870206e-03 1.043975097892e-01
3.855312500000e+01 2.425893110460e-03 1.043938785016e-01
3.855625000000e+01 2.425642064719e-03 1.043911195493e-01
3.855937500000e+01 2.425400725138e-03 1.043892326767e-01
3.856250000000e+01 2.425169084173e-03 1.043882176513e-01
3.856562500000e+01 2.424947134560e-03 1.043880742639e-01
3.856875000000e+01 2.424734869367e-03 1.043888023286e-01
3.857187500000e+01 2.424532281922e-03 1.043904016827e-01
3.857500000000e+01 2.424339365890e-03 1.043928721870e-01
3.857812500000e+01 2.424156115201e-03 1.043962137251e-01
3.858125000000e+01 2.423982524096e-03 1.044004262044e-01
3.858437500000e+01 2.423818587127e-03 1.044055095552e-01
3.858750000000e+01 2.423664299115e-03 1.044114637311e-01
3.859062500000e+01 2.423519655210e-03 1.044182887091e-01
3.859375000000e+01 2.423384650833e-03 1.044259844893e-01
3.859687500000e+01 2.423259281713e-03 1.044345510952e-01
3.860000000000e+01 2.423143543880e-03 1.044439885734e-01
3.860312500000e+01 2.423037433651e-03 1.044542969940e-01
3.860625000000e+01 2.422940947649e-03 1.044654764499e-01
3.860937500000e+01 2.422854082790e-03 1.044775270576e-01
3.861250000000e+01 2.422776836271e-03 1.044904489568e-01
3.861562500000e+01 2.422709205618e-03 1.045042423101e-01
3.861875000000e+01 2.422651188614e-03 1.045189073038e-01
3.862187500000e+01 2.422602783372e-03 1.045344441471e-01
3.862500000000e+01 2.422563988273e-03 1.045508530723e-01
3.862812500000e+01 2.422534802001e-03 1.045681343352e-01
3.863125000000e+01 2.422515223552e-03 1.045862882145e-01
3.863437500000e+01 2.422505252182e-03 1.046053150123e-01
3.863750000000e+01 2.422504887478e-03 1.046252150538e-01
3.864062500000e+01 2.422514129290e-03 1.046459886871e-01
3.864375000000e+01 2.422532977775e-03 1.046676362839e-01
3.864687500000e+01 2.422561433386e-03 1.046901582386e-01
3.865000000000e+01 2.422599496859e-03 1.047135549689e-01
3.865312500000e+01 2.422647169231e-03 1.047378269158e-01
3.865625000000e+01 2.422704451829e-03 1.047629745430e-01
3.865937500000e+01 2.422771346260e-03 1.047889983375e-01
3.866250000000e+01 2.422847854446e-03 1.048158988093e-01
3.866562500000e+01 2.422933978571e-03 1.048436764916e-01
3.866875000000e+01 2.423029721141e-03 1.048723319404e-01
3.867187500000e+01 2.423135084922e-03 1.049018657349e-01
3.867500000000e+01 2.423250072984e-03 1.049322784771e-01
3.867812500000e+01 2.423374688697e-03 1.049635707923e-01
3.868125000000e+01 2.423508935693e-03 1.049957433284e-01
3.868437500000e+01 2.423652817924e-03 1.050287967564e-01
3.868750000000e+01 2.423806339602e-03 1.050627317703e-01
3.869062500000e+01 2.423969505241e-03 1.050975490869e-01
3.869375000000e+01 2.424142319643e-03 1.051332494459e-01
3.869687500000e+01 2.424324787890e-03 1.051698336099e-01
3.870000000000e+01 2.424516915355e-03 1.052073023642e-01
3.870312500000e+01 2.424718707700e-03 1.052456565171e-01
3.870625000000e+01 2.424930170854e-03 1.052848968995e-01
3.870937500000e+01 2.425151311062e-03 1.053250243651e-01
3.871250000000e+01 2.425382134817e-03 1.053660397905e-01
3.871562500000e+01 2.425622648933e-03 1.054079440749e-01
3.871875000000e+01 2.425872860475e-03 1.054507381399e-01
3.872187500000e+01 2.426132776802e-03 1.054944229302e-01
3.872500000000e+01 2.426402405570e-03 1.055389994129e-01
3.872812500000e+01 2.426681754686e-03 1.055844685775e-01
3.873125000000e+01 2.426970832372e-03 1.056308314364e-01
3.873437500000e+01 2.427269647100e-03 1.056780890243e-01
3.873750000000e+01 2.427578207637e-03 1.057262423983e-01
3.874062500000e+01 2.427896523028e-03 1.057752926381e-01
3.874375000000e+01 2.428224602591e-03 1.058252408458e-01
3.874687500000e+01 2.428562455928e-03 1.058760881457e-01
3.875000000000e+01 2.428910092916e-03 1.059278356847e-01
3.875312500000e+01 2.429267523692e-03 1.059804846316e-01
3.875625000000e+01 2.429634758701e-03 1.060340361777e-01
3.875937500000e+01 2.430011808626e-03 1.060884915364e-01
3.876250000000e+01 2.430398684459e-03 1.061438519434e-01
3.876562500000e+01 2.430795397432e-03 1.062001186561e-01
3.876875000000e+01 2.431201959066e-03 1.062572929544e-01
3.877187500000e+01 2.431618381163e-03 1.063153761400e-01
3.877500000000e+01 2.432044675765e-03 1.063743695363e-01
3.877812500000e+01 2.432480855220e-03 1.064342744890e-01
3.878125000000e+01 2.432926932112e-03 1.064950923654e-01
3.878437500000e+01 2.433382919310e-03 1.065568245545e-01
3.878750000000e+01 2.433848829948e-03 1.066194724673e-01
3.879062500000e+01 2.434324677419e-03 1.066830375360e-01
3.879375000000e+01 2.434810475389e-03 1.067475212148e-01
3.879687500000e+01 2.435306237784e-03 1.068129249791e-01
3.880000000000e+01 2.435811978779e-03 1.068792503260e-01
3.880312500000e+01 2.436327712837e-03 1.069464987739e-01
3.880625000000e+01 2.436853454652e-03 1.070146718623e-01
3.880937500000e+01 2.437389219206e-03 1.070837711521e-01
3.881250000000e+01 2.437935021710e-03 1.071537982254e-01
3.881562500000e+01 2.438490877646e-03 1.072247546854e-01
3.881875000000e+01 2.439056802760e-03 1.072966421559e-01
3.882187500000e+01 2.439632813025e-03 1.073694622821e-01
3.882500000000e+01 2.440218924700e-03 1.074432167297e-01
3.882812500000e+01 2.440815154265e-03 1.075179071852e-01
3.883125000000e+01 2.441421518462e-03 1.075935353557e-01
3.883437500000e+01 2.442038034287e-03 1.076701029690e-01
3.883750000000e+01 2.442664718970e-03 1.077476117731e-01
3.884062500000e+01 2.443301589997e-03 1.078260635364e-01
3.884375000000e+01 2.443948665095e-03 1.079054600477e-01
3.884687500000e+01 2.444605962217e-03 1.079858031156e-01
3.885000000000e+01 2.445273499587e-03 1.080670945689e-01
3.885312500000e+01 2.445951295633e-03 1.081493362564e-01
3.885625000000e+01 2.446639369052e-03 1.082325300464e-01
3.885937500000e+01 2.447337738750e-03 1.083166778270e-01
3.886250000000e+01 2.448046423872e-03 1.084017815059e-01
3.886562500000e+01 2.448765443813e-03 1.084878430100e-01
3.886875000000e+01 2.449494818165e-03 1.085748642857e-01
3.887187500000e+01 2.450234566779e-03 1.086628472983e-01
3.887500000000e+01 2.450984709706e-03 1.087517940322e-01
3.887812500000e+01 2.451745267229e-03 1.088417064907e-01
3.888125000000e+01 2.452516259857e-03 1.089325866957e-01
3.888437500000e+01 2.453297708308e-03 1.090244366876e-01
3.888750000000e+01 2.454089633524e-03 1.091172585253e-01
3.889062500000e+01 2.454892056659e-03 1.092110542858e-01
3.889375000000e+01 2.455704999065e-03 1.093058260644e-01
3.889687500000e+01 2.456528482329e-03 1.094015759739e-01
3.890000000000e+01 2.457362528215e-03 1.094983061452e-01
3.890312500000e+01 2.458207158720e-03 1.095960187264e-01
3.890625000000e+01 2.459062396016e-03 1.096947158832e-01
3.890937500000e+01 2.459928262484e-03 1.097943997984e-01
3.891250000000e+01 2.460804780704e-03 1.098950726715e-01
3.891562500000e+01 2.461691973439e-03 1.099967367191e-01
3.891875000000e+01 2.462589863660e-03 1.100993941742e-01
3.892187500000e+01 2.463498474498e-03 1.102030472861e-01
3.892500000000e+01 2.464417829284e-03 1.103076983202e-01
3.892812500000e+01 2.465347951528e-03 1.104133495579e-01
3.893125000000e+01 2.466288864910e-03 1.105200032963e-01
3.893437500000e+01 2.467240593293e-03 1.106276618476e-01
3.893750000000e+01 2.468203160705e-03 1.107363275396e-01
3.894062500000e+01 2.469176591326e-03 1.108460027148e-01
3.894375000000e+01 2.470160909532e-03 1.109566897305e-01
3.894687500000e+01 2.471156139819e-03 1.110683909581e-01
3.895000000000e+01 2.472162306876e-03 1.111811087836e-01
3.895312500000e+01 2.473179435510e-03 1.112948456065e-01
3.895625000000e+01 2.474207550693e-03 1.114096038401e-01
3.895937500000e+01 2.475246677538e-03 1.115253859109e-01
3.896250000000e+01 2.476296841290e-03 1.116421942583e-01
3.896562500000e+01 2.477358067345e-03 1.117600313347e-01
3.896875000000e+01 2.478430381205e-03 1.118788996044e-01
3.897187500000e+01 2.479513808514e-03 1.119988015442e-01
3.897500000000e+01 2.480608375032e-03 1.121197396423e-01
3.897812500000e+01 2.481714106635e-03 1.122417163984e-01
3.898125000000e+01 2.482831029310e-03 1.123647343233e-01
3.898437500000e+01 2.483959169155e-03 1.124887959382e-01
3.898750000000e+01 2.485098552349e-03 1.126139037749e-01
3.899062500000e+01 2.486249205199e-03 1.127400603749e-01
3.899375000000e+01 2.487411154068e-03 1.128672682895e-01
3.899687500000e+01 2.488584425435e-03 1.129955300788e-01
3.900000000000e+01 2.489769045832e-03 1.131248483119e-01
3.900312500000e+01 2.490965041877e-03 1.132552255661e-01
3.900625000000e+01 2.492172440255e-03 1.133866644268e-01
3.900937500000e+01 2.493391267702e-03 1.135191674864e-01
3.901250000000e+01 2.494621551033e-03 1.136527373449e-01
3.901562500000e+01 2.495863317081e-03 1.137873766084e-01
3.901875000000e+01 2.497116592737e-03 1.139230878894e-01
3.902187500000e+01 2.498381404928e-03 1.140598738057e-01
3.902500000000e+01 2.499657780603e-03 1.141977369805e-01
3.902812500000e+01 2.500945746739e-03 1.143366800415e-01
3.903125000000e+01 2.502245330327e-03 1.144767056204e-01
3.903437500000e+01 2.503556558346e-03 1.146178163527e-01
3.903750000000e+01 2.504879457811e-03 1.147600148766e-01
3.904062500000e+01 2.506214055686e-03 1.149033038332e-01
3.904375000000e+01 2.507560378959e-03 1.150476858651e-01
3.904687500000e+01 2.508918454561e-03 1.151931636163e-01
3.905000000000e+01 2.510288309409e-03 1.153397397319e-01
3.905312500000e+01 2.511669970373e-03 1.154874168566e-01
3.905625000000e+01 2.513063464270e-03 1.156361976349e-01
3.905937500000e+01 2.514468817875e-03 1.157860847100e-01
3.906250000000e+01 2.515886057876e-03 1.159370807236e-01
3.906562500000e+01 2.517315210881e-03 1.160891883146e-01
3.906875000000e+01 2.518756303436e-03 1.162424101189e-01
3.907187500000e+01 2.520209361972e-03 1.163967487686e-01
3.907500000000e+01 2.521674412821e-03 1.165522068911e-01
3.907812500000e+01 2.523151482201e-03 1.167087871087e-01
3.908125000000e+01 2.524640596188e-03 1.168664920375e-01
3.908437500000e+01 2.526141780752e-03 1.170253242868e-01
3.908750000000e+01 2.527655061680e-03 1.171852864585e-01
3.909062500000e+01 2.529180464636e-03 1.173463811458e-01
3.909375000000e+01 2.530718015083e-03 1.175086109330e-01
3.909687500000e+01 2.532267738319e-03 1.176719783943e-01
3.910000000000e+01 2.533829659449e-03 1.178364860927e-01
3.910312500000e+01 2.535403803365e-03 1.180021365799e-01
3.910625000000e+01 2.536990194761e-03 1.181689323945e-01
3.910937500000e+01 2.538588858078e-03 1.183368760617e-01
3.911250000000e+01 2.540199817515e-03 1.185059700923e-01
3.911562500000e+01 2.541823097039e-03 1.186762169814e-01
3.911875000000e+01 2.543458720326e-03 1.188476192078e-01
3.912187500000e+01 2.545106710778e-03 1.190201792329e-01
3.912500000000e+01 2.546767091504e-03 1.191938994993e-01
3.912812500000e+01 2.548439885282e-03 1.193687824305e-01
3.913125000000e+01 2.550125114599e-03 1.195448304293e-01
3.913437500000e+01 2.551822801564e-03 1.197220458767e-01
3.913750000000e+01 2.553532967966e-03 1.199004311310e-01
3.914062500000e+01 2.555255635195e-03 1.200799885267e-01
3.914375000000e+01 2.556990824267e-03 1.202607203732e-01
3.914687500000e+01 2.558738555796e-03 1.204426289536e-01
3.915000000000e+01 2.560498849969e-03 1.206257165235e-01
3.915312500000e+01 2.562271726555e-03 1.208099853099e-01
3.915625000000e+01 2.564057204850e-03 1.209954375100e-01
3.915937500000e+01 2.565855303677e-03 1.211820752894e-01
3.916250000000e+01 2.567666041395e-03 1.213699007815e-01
3.916562500000e+01 2.569489435835e-03 1.215589160856e-01
3.916875000000e+01 2.571325504311e-03 1.217491232660e-01
3.917187500000e+01 2.573174263596e-03 1.219405243500e-01
3.917500000000e+01 2.575035729879e-03 1.221331213272e-01
3.917812500000e+01 2.576909918802e-03 1.223269161475e-01
3.918125000000e+01 2.578796845364e-03 1.225219107198e-01
3.918437500000e+01 2.580696523980e-03 1.227181069105e-01
3.918750000000e+01 2.582608968384e-03 1.229155065419e-01
3.919062500000e+01 2.584534191666e-03 1.231141113909e-01
3.919375000000e+01 2.586472206224e-03 1.233139231868e-01
3.919687500000e+01 2.588423023738e-03 1.235149436104e-01
3.920000000000e+01 2.590386655179e-03 1.237171742917e-01
3.920312500000e+01 2.592363110736e-03 1.239206168086e-01
3.920625000000e+01 2.594352399821e-03 1.241252726850e-01
3.920937500000e+01 2.596354531069e-03 1.243311433889e-01
3.921250000000e+01 2.598369512264e-03 1.245382303311e-01
3.921562500000e+01 2.600397350349e-03 1.247465348627e-01
3.921875000000e+01 2.602438051392e-03 1.249560582737e-01
3.922187500000e+01 2.604491620540e-03 1.251668017909e-01
3.922500000000e+01 2.606558062045e-03 1.253787665760e-01
3.922812500000e+01 2.608637379167e-03 1.255919537236e-01
3.923125000000e+01 2.610729574220e-03 1.258063642592e-01
3.923437500000e+01 2.612834648477e-03 1.260219991371e-01
3.923750000000e+01 2.614952602189e-03 1.262388592384e-01
3.924062500000e+01 2.617083434540e-03 1.264569453689e-01
3.924375000000e+01 2.619227143610e-03 1.266762582565e-01
3.924687500000e+01 2.621383726375e-03 1.268967985497e-01
3.925000000000e+01 2.623553178631e-03 1.271185668148e-01
3.925312500000e+01 2.625735494988e-03 1.273415635337e-01
3.925625000000e+01 2.627930668863e-03 1.275657891019e-01
3.925937500000e+01 2.630138692405e-03 1.277912438256e-01
3.926250000000e+01 2.632359556489e-03 1.280179279198e-01
3.926562500000e+01 2.634593250676e-03 1.282458415053e-01
3.926875000000e+01 2.636839763165e-03 1.284749846067e-01
3.927187500000e+01 2.639099080806e-03 1.287053571497e-01
3.927500000000e+01 2.641371188995e-03 1.289369589583e-01
3.927812500000e+01 2.643656071717e-03 1.291697897524e-01
3.928125000000e+01 2.645953711435e-03 1.294038491450e-01
3.928437500000e+01 2.648264089112e-03 1.296391366395e-01
3.928750000000e+01 2.650587184145e-03 1.298756516271e-01
3.929062500000e+01 2.652922974336e-03 1.301133933837e-01
3.929375000000e+01 2.655271435854e-03 1.303523610673e-01
3.929687500000e+01 2.657632543197e-03 1.305925537147e-01
3.930000000000e+01 2.660006269133e-03 1.308339702392e-01
3.930312500000e+01 2.662392584713e-03 1.310766094269e-01
3.930625000000e+01 2.664791459169e-03 1.313204699341e-01
3.930937500000e+01 2.667202859912e-03 1.315655502841e-01
3.931250000000e+01 2.669626752481e-03 1.318118488639e-01
3.931562500000e+01 2.672063100482e-03 1.320593639213e-01
3.931875000000e+01 2.674511865595e-03 1.323080935613e-01
3.932187500000e+01 2.676973007459e-03 1.325580357433e-01
3.932500000000e+01 2.679446483711e-03 1.328091882770e-01
3.932812500000e+01 2.681932249858e-03 1.330615488199e-01
3.933125000000e+01 2.684430259295e-03 1.333151148732e-01
3.933437500000e+01 2.686940463234e-03 1.335698837786e-01
3.933750000000e+01 2.689462810655e-03 1.338258527147e-01
3.934062500000e+01 2.691997248269e-03 1.340830186936e-01
3.934375000000e+01 2.694543720469e-03 1.343413785566e-01
3.934687500000e+01 2.697102169260e-03 1.346009289716e-01
3.935000000000e+01 2.699672534261e-03 1.348616664284e-01
3.935312500000e+01 2.702254752598e-03 1.351235872352e-01
3.935625000000e+01 2.704848758895e-03 1.353866875152e-01
3.935937500000e+01 2.707454485205e-03 1.356509632020e-01
3.936250000000e+01 2.710071860951e-03 1.359164100363e-01
3.936562500000e+01 2.712700812916e-03 1.361830235614e-01
3.936875000000e+01 2.715341265124e-03 1.364507991195e-01
3.937187500000e+01 2.717993138865e-03 1.367197318476e-01
3.937500000000e+01 2.720656352567e-03 1.369898166732e-01
3.937812500000e+01 2.723330821795e-03 1.372610483103e-01
3.938125000000e+01 2.726016459178e-03 1.375334212551e-01
3.938437500000e+01 2.728713174350e-03 1.378069297816e-01
3.938750000000e+01 2.731420873904e-03 1.380815679375e-01
3.939062500000e+01 2.734139461333e-03 1.383573295398e-01
3.939375000000e+01 2.736868836957e-03 1.386342081704e-01
3.939687500000e+01 2.739608897909e-03 1.389121971712e-01
3.940000000000e+01 2.742359538030e-03 1.391912896406e-01
3.940312500000e+01 2.745120647841e-03 1.394714784278e-01
3.940625000000e+01 2.747892114477e-03 1.397527561292e-01
3.940937500000e+01 2.750673821609e-03 1.400351150831e-01
3.941250000000e+01 2.753465649438e-03 1.403185473655e-01
3.941562500000e+01 2.756267474563e-03 1.406030447850e-01
3.941875000000e+01 2.759079169997e-03 1.408885988783e-01
3.942187500000e+01 2.761900605038e-03 1.411752009057e-01
3.942500000000e+01 2.764731645256e-03 1.414628418455e-01
3.942812500000e+01 2.767572152416e-03 1.417515123901e-01
3.943125000000e+01 2.770421984415e-03 1.420412029404e-01
3.943437500000e+01 2.773280995229e-03 1.423319036014e-01
3.943750000000e+01 2.776149034843e-03 1.426236041768e-01
3.944062500000e+01 2.779025949182e-03 1.429162941645e-01
3.944375000000e+01 2.781911580090e-03 1.432099627513e-01
3.944687500000e+01 2.784805765202e-03 1.435045988081e-01
3.945000000000e+01 2.787708337953e-03 1.438001908848e-01
3.945312500000e+01 2.790619127468e-03 1.440967272051e-01
3.945625000000e+01 2.793537958495e-03 1.443941956617e-01
3.945937500000e+01 2.796464651406e-03 1.446925838112e-01
3.946250000000e+01 2.799399022044e-03 1.449918788688e-01
3.946562500000e+01 2.802340881752e-03 1.452920677035e-01
3.946875000000e+01 2.805290037234e-03 1.455931368326e-01
3.947187500000e+01 2.808246290547e-03 1.458950724171e-01
3.947500000000e+01 2.811209439016e-03 1.461978602563e-01
3.947812500000e+01 2.814179275178e-03 1.465014857825e-01
3.948125000000e+01 2.817155586723e-03 1.468059340567e-01
3.948437500000e+01 2.820138156436e-03 1.471111897624e-01
3.948750000000e+01 2.823126762112e-03 1.474172372016e-01
3.949062500000e+01 2.826121176555e-03 1.477240602890e-01
3.949375000000e+01 2.829121167444e-03 1.480316425473e-01
3.949687500000e+01 2.832126497346e-03 1.483399671022e-01
3.950000000000e+01 2.835136923612e-03 1.486490166774e-01
3.950312500000e+01 2.838152198317e-03 1.489587735895e-01
3.950625000000e+01 2.841172068261e-03 1.492692197434e-01
3.950937500000e+01 2.844196274829e-03 1.495803366271e-01
3.951250000000e+01 2.847224554025e-03 1.498921053072e-01
3.951562500000e+01 2.850256636338e-03 1.502045064239e-01
3.951875000000e+01 2.853292246748e-03 1.505175201864e-01
3.952187500000e+01 2.856331104650e-03 1.508311263682e-01
3.952500000000e+01 2.859372923808e-03 1.511453043027e-01
3.952812500000e+01 2.862417412306e-03 1.514600328784e-01
3.953125000000e+01 2.865464272506e-03 1.517752905348e-01
3.953437500000e+01 2.868513200976e-03 1.520910552575e-01
3.953750000000e+01 2.871563888508e-03 1.524073045748e-01
3.954062500000e+01 2.874616019984e-03 1.527240155527e-01
3.954375000000e+01 2.877669274429e-03 1.530411647913e-01
3.954687500000e+01 2.880723324909e-03 1.533587284208e-01
3.955000000000e+01 2.883777838498e-03 1.536766820974e-01
3.955312500000e+01 2.886832476290e-03 1.539950010000e-01
3.955625000000e+01 2.889886893294e-03 1.543136598263e-01
3.955937500000e+01 2.892940738480e-03 1.546326327892e-01
3.956250000000e+01 2.895993654678e-03 1.549518936140e-01
3.956562500000e+01 2.899045278598e-03 1.552714155348e-01
3.956875000000e+01 2.902095240793e-03 1.555911712914e-01
3.957187500000e+01 2.905143165631e-03 1.559111331270e-01
3.957500000000e+01 2.908188671284e-03 1.562312727849e-01
3.957812500000e+01 2.911231369709e-03 1.565515615063e-01
3.958125000000e+01 2.914270866613e-03 1.568719700280e-01
3.958437500000e+01 2.917306761504e-03 1.571924685802e-01
3.958750000000e+01 2.920338647592e-03 1.575130268845e-01
3.959062500000e+01 2.923366111879e-03 1.578336141522e-01
3.959375000000e+01 2.926388735089e-03 1.581541990830e-01
3.959687500000e+01 2.929406091683e-03 1.584747498636e-01
3.960000000000e+01 2.932417749913e-03 1.587952341664e-01
3.960312500000e+01 2.935423271749e-03 1.591156191492e-01
3.960625000000e+01 2.938422212980e-03 1.594358714542e-01
3.960937500000e+01 2.941414123152e-03 1.597559572082e-01
3.961250000000e+01 2.944398545642e-03 1.600758420220e-01
3.961562500000e+01 2.947375017663e-03 1.603954909910e-01
3.961875000000e+01 2.950343070290e-03 1.607148686959e-01
3.962187500000e+01 2.953302228505e-03 1.610339392031e-01
3.962500000000e+01 2.956252011224e-03 1.613526660663e-01
3.962812500000e+01 2.959191931328e-03 1.616710123277e-01
3.963125000000e+01 2.962121495757e-03 1.619889405197e-01
3.963437500000e+01 2.965040205488e-03 1.623064126673e-01
3.963750000000e+01 2.967947555668e-03 1.626233902904e-01
3.964062500000e+01 2.970843035623e-03 1.629398344065e-01
3.964375000000e+01 2.973726128920e-03 1.632557055339e-01
3.964687500000e+01 2.976596313501e-03 1.635709636955e-01
3.965000000000e+01 2.979453061669e-03 1.638855684222e-01
3.965312500000e+01 2.982295840263e-03 1.641994787575e-01
3.965625000000e+01 2.985124110658e-03 1.645126532621e-01
3.965937500000e+01 2.987937328923e-03 1.648250500190e-01
3.966250000000e+01 2.990734945892e-03 1.651366266389e-01
3.966562500000e+01 2.993516407267e-03 1.654473402659e-01
3.966875000000e+01 2.996281153738e-03 1.657571475843e-01
3.967187500000e+01 2.999028621091e-03 1.660660048247e-01
3.967500000000e+01 3.001758240316e-03 1.663738677717e-01
3.967812500000e+01 3.004469437787e-03 1.666806917713e-01
3.968125000000e+01 3.007161635317e-03 1.669864317386e-01
3.968437500000e+01 3.009834250373e-03 1.672910421671e-01
3.968750000000e+01 3.012486696181e-03 1.675944771368e-01
3.969062500000e+01 3.015118381862e-03 1.678966903242e-01
3.969375000000e+01 3.017728712661e-03 1.681976350122e-01
3.969687500000e+01 3.020317090014e-03 1.684972641001e-01
3.970000000000e+01 3.022882911825e-03 1.687955301146e-01
3.970312500000e+01 3.025425572542e-03 1.690923852214e-01
3.970625000000e+01 3.027944463421e-03 1.693877812369e-01
3.970937500000e+01 3.030438972671e-03 1.696816696403e-01
3.971250000000e+01 3.032908485673e-03 1.699740015867e-01
3.971562500000e+01 3.035352385168e-03 1.702647279202e-01
3.971875000000e+01 3.037770051486e-03 1.705537991878e-01
3.972187500000e+01 3.040160862723e-03 1.708411656539e-01
3.972500000000e+01 3.042524195037e-03 1.711267773147e-01
3.972812500000e+01 3.044859422780e-03 1.714105839138e-01
3.973125000000e+01 3.047165918828e-03 1.716925349579e-01
3.973437500000e+01 3.049443054761e-03 1.719725797331e-01
3.973750000000e+01 3.051690201110e-03 1.722506673216e-01
3.974062500000e+01 3.053906727675e-03 1.725267466193e-01
3.974375000000e+01 3.056092003686e-03 1.728007663531e-01
3.974687500000e+01 3.058245398175e-03 1.730726750994e-01
3.975000000000e+01 3.060366280147e-03 1.733424213029e-01
3.975312500000e+01 3.062454018937e-03 1.736099532957e-01
3.975625000000e+01 3.064507984447e-03 1.738752193167e-01
3.975937500000e+01 3.066527547453e-03 1.741381675324e-01
3.976250000000e+01 3.068512079890e-03 1.743987460566e-01
3.976562500000e+01 3.070460955163e-03 1.746569029721e-01
3.976875000000e+01 3.072373548417e-03 1.749125863519e-01
3.977187500000e+01 3.074249236912e-03 1.751657442809e-01
3.977500000000e+01 3.076087400244e-03 1.754163248786e-01
3.977812500000e+01 3.077887420762e-03 1.756642763211e-01
3.978125000000e+01 3.079648683814e-03 1.759095468649e-01
3.978437500000e+01 3.081370578087e-03 1.761520848698e-01
3.978750000000e+01 3.083052495985e-03 1.763918388229e-01
3.979062500000e+01 3.084693833884e-03 1.766287573627e-01
3.979375000000e+01 3.086293992549e-03 1.768627893035e-01
3.979687500000e+01 3.087852377399e-03 1.770938836602e-01
3.980000000000e+01 3.089368398898e-03 1.773219896733e-01
3.980312500000e+01 3.090841472887e-03 1.775470568343e-01
3.980625000000e+01 3.092271020916e-03 1.777690349111e-01
3.980937500000e+01 3.093656470613e-03 1.779878739740e-01
3.981250000000e+01 3.094997256021e-03 1.782035244216e-01
3.981562500000e+01 3.096292817928e-03 1.784159370070e-01
3.981875000000e+01 3.097542604284e-03 1.786250628641e-01
3.982187500000e+01 3.098746070460e-03 1.788308535344e-01
3.982500000000e+01 3.099902679698e-03 1.790332609930e-01
3.982812500000e+01 3.101011903368e-03 1.792322376760e-01
3.983125000000e+01 3.102073221385e-03 1.794277365071e-01
3.983437500000e+01 3.103086122554e-03 1.796197109239e-01
3.983750000000e+01 3.104050104864e-03 1.798081149056e-01
3.984062500000e+01 3.104964675917e-03 1.799929029991e-01
3.984375000000e+01 3.105829353190e-03 1.801740303462e-01
3.984687500000e+01 3.106643664439e-03 1.803514527103e-01
3.985000000000e+01 3.107407148008e-03 1.805251265028e-01
3.985312500000e+01 3.108119353172e-03 1.806950088099e-01
3.985625000000e+01 3.108779840471e-03 1.808610574188e-01
3.985937500000e+01 3.109388182039e-03 1.810232308438e-01
3.986250000000e+01 3.109943961902e-03 1.811814883526e-01
3.986562500000e+01 3.110446776357e-03 1.813357899915e-01
3.986875000000e+01 3.110896234205e-03 1.814860966115e-01
3.987187500000e+01 3.111291957139e-03 1.816323698929e-01
3.987500000000e+01 3.111633579971e-03 1.817745723705e-01
3.987812500000e+01 3.111920750973e-03 1.819126674579e-01
3.988125000000e+01 3.112153132178e-03 1.820466194716e-01
3.988437500000e+01 3.112330399585e-03 1.821763936546e-01
3.988750000000e+01 3.112452243535e-03 1.823019561999e-01
3.989062500000e+01 3.112518368876e-03 1.824232742730e-01
3.989375000000e+01 3.112528495291e-03 1.825403160340e-01
3.989687500000e+01 3.112482357511e-03 1.826530506596e-01
3.990000000000e+01 3.112379705561e-03 1.827614483642e-01
3.990312500000e+01 3.112220304986e-03 1.828654804203e-01
3.990625000000e+01 3.112003937080e-03 1.829651191784e-01
3.990937500000e+01 3.111730399055e-03 1.830603380864e-01
3.991250000000e+01 3.111399504320e-03 1.831511117083e-01
3.991562500000e+01 3.111011082557e-03 1.832374157420e-01
3.991875000000e+01 3.110564980013e-03 1.833192270364e-01
3.992187500000e+01 3.110061059561e-03 1.833965236082e-01
3.992500000000e+01 3.109499200917e-03 1.834692846571e-01
3.992812500000e+01 3.108879300782e-03 1.835374905812e-01
3.993125000000e+01 3.108201272906e-03 1.836011229909e-01
3.993437500000e+01 3.107465048302e-03 1.836601647221e-01
3.993750000000e+01 3.106670575249e-03 1.837145998488e-01
3.994062500000e+01 3.105817819460e-03 1.837644136944e-01
3.994375000000e+01 3.104906764120e-03 1.838095928429e-01
3.994687500000e+01 3.103937409967e-03 1.838501251481e-01
3.995000000000e+01 3.102909775332e-03 1.838859997429e-01
3.995312500000e+01 3.101823896199e-03 1.839172070470e-01
3.995625000000e+01 3.100679826181e-03 1.839437387743e-01
3.995937500000e+01 3.099477636618e-03 1.839655879385e-01
3.996250000000e+01 3.098217416466e-03 1.839827488589e-01
3.996562500000e+01 3.096899272395e-03 1.839952171638e-01
3.996875000000e+01 3.095523328655e-03 1.840029897943e-01
3.997187500000e+01 3.094089727109e-03 1.840060650065e-01
3.997500000000e+01 3.092598627163e-03 1.840044423724e-01
3.997812500000e+01 3.091050205645e-03 1.839981227807e-01
3.998125000000e+01 3.089444656809e-03 1.839871084359e-01
3.998437500000e+01 3.087782192155e-03 1.839714028564e-01
3.998750000000e+01 3.086063040375e-03 1.839510108725e-01
3.999062500000e+01 3.084287447212e-03 1.839259386222e-01
3.999375000000e+01 3.082455675324e-03 1.838961935472e-01
3.999687500000e+01 3.080568004140e-03 1.838617843869e-01
4.000000000000e+01 3.078624729705e-03 1.838227211722e-01
4.000312500000e+01 3.076626164471e-03 1.837790152184e-01
4.000625000000e+01 3.074572637192e-03 1.837306791162e-01
4.000937500000e+01 3.072464492621e-03 1.836777267233e-01
4.001250000000e+01 3.070302091413e-03 1.836201731535e-01
4.001562500000e+01 3.068085809802e-03 1.835580347662e-01
4.001875000000e+01 3.065816039439e-03 1.834913291542e-01
4.002187500000e+01 3.063493187146e-03 1.834200751314e-01
4.002500000000e+01 3.061117674606e-03 1.833442927187e-01
4.002812500000e+01 3.058689938190e-03 1.832640031297e-01
4.003125000000e+01 3.056210428594e-03 1.831792287560e-01
4.003437500000e+01 3.053679610623e-03 1.830899931503e-01
4.003750000000e+01 3.051097962875e-03 1.829963210107e-01
4.004062500000e+01 3.048465977438e-03 1.828982381625e-01
4.004375000000e+01 3.045784159593e-03 1.827957715403e-01
4.004687500000e+01 3.043053027496e-03 1.826889491690e-01
4.005000000000e+01 3.040273111830e-03 1.825778001444e-01
4.005312500000e+01 3.037444955534e-03 1.824623546132e-01
4.005625000000e+01 3.034569113385e-03 1.823426437519e-01
4.005937500000e+01 3.031646151739e-03 1.822186997455e-01
4.006250000000e+01 3.028676648102e-03 1.820905557660e-01
4.006562500000e+01 3.025661190826e-03 1.819582459494e-01
4.006875000000e+01 3.022600378757e-03 1.818218053734e-01
4.007187500000e+01 3.019494820802e-03 1.816812700335e-01
4.007500000000e+01 3.016345135658e-03 1.815366768195e-01
4.007812500000e+01 3.013151951342e-03 1.813880634911e-01
4.008125000000e+01 3.009915904886e-03 1.812354686533e-01
4.008437500000e+01 3.006637641923e-03 1.810789317319e-01
4.008750000000e+01 3.003317816319e-03 1.809184929474e-01
4.009062500000e+01 2.999957089782e-03 1.807541932903e-01
4.009375000000e+01 2.996556131485e-03 1.805860744946e-01
4.009687500000e+01 2.993115617653e-03 1.804141790122e-01
4.010000000000e+01 2.989636231235e-03 1.802385499866e-01
4.010312500000e+01 2.986118661436e-03 1.800592312262e-01
4.010625000000e+01 2.982563603415e-03 1.798762671781e-01
4.010937500000e+01 2.978971757816e-03 1.796897029014e-01
4.011250000000e+01 2.975343830437e-03 1.794995840400e-01
4.011562500000e+01 2.971680531849e-03 1.793059567966e-01
4.011875000000e+01 2.967982576944e-03 1.791088679051e-01
4.012187500000e+01 2.964250684656e-03 1.789083646041e-01
4.012500000000e+01 2.960485577481e-03 1.787044946104e-01
4.012812500000e+01 2.956687981174e-03 1.784973060915e-01
4.013125000000e+01 2.952858624335e-03 1.782868476398e-01
4.013437500000e+01 2.948998238060e-03 1.780731682452e-01
4.013750000000e+01 2.945107555557e-03 1.778563172694e-01
4.014062500000e+01 2.941187311805e-03 1.776363444191e-01
4.014375000000e+01 2.937238243152e-03 1.774132997201e-01
4.014687500000e+01 2.933261087037e-03 1.771872334912e-01
4.015000000000e+01 2.929256581544e-03 1.769581963189e-01
4.015312500000e+01 2.925225465157e-03 1.767262390314e-01
4.015625000000e+01 2.921168476330e-03 1.764914126737e-01
4.015937500000e+01 2.917086353217e-03 1.762537684829e-01
4.016250000000e+01 2.912979833321e-03 1.760133578630e-01
4.016562500000e+01 2.908849653161e-03 1.757702323609e-01
4.016875000000e+01 2.904696547999e-03 1.755244436426e-01
4.017187500000e+01 2.900521251458e-03 1.752760434691e-01
4.017500000000e+01 2.896324495290e-03 1.750250836735e-01
4.017812500000e+01 2.892107009037e-03 1.747716161380e-01
4.018125000000e+01 2.887869519764e-03 1.745156927713e-01
4.018437500000e+01 2.883612751756e-03 1.742573654865e-01
4.018750000000e+01 2.879337426268e-03 1.739966861796e-01
4.019062500000e+01 2.875044261212e-03 1.737337067077e-01
4.019375000000e+01 2.870733970967e-03 1.734684788690e-01
4.019687500000e+01 2.866407266034e-03 1.732010543815e-01
4.020000000000e+01 2.862064852888e-03 1.729314848638e-01
4.020312500000e+01 2.857707433643e-03 1.726598218151e-01
4.020625000000e+01 2.853335705894e-03 1.723861165965e-01
4.020937500000e+01 2.848950362451e-03 1.721104204122e-01
4.021250000000e+01 2.844552091138e-03 1.718327842917e-01
4.021562500000e+01 2.840141574598e-03 1.715532590722e-01
4.021875000000e+01 2.835719490043e-03 1.712718953811e-01
4.022187500000e+01 2.831286509113e-03 1.709887436200e-01
4.022500000000e+01 2.826843297664e-03 1.707038539481e-01
4.022812500000e+01 2.822390515595e-03 1.704172762669e-01
4.023125000000e+01 2.817928816671e-03 1.701290602051e-01
4.023437500000e+01 2.813458848375e-03 1.698392551036e-01
4.023750000000e+01 2.808981251712e-03 1.695479100017e-01
4.024062500000e+01 2.804496661132e-03 1.692550736236e-01
4.024375000000e+01 2.800005704298e-03 1.689607943649e-01
4.024687500000e+01 2.795509002047e-03 1.686651202802e-01
4.025000000000e+01 2.791007168170e-03 1.683680990710e-01
4.025312500000e+01 2.786500809365e-03 1.680697780740e-01
4.025625000000e+01 2.781990525087e-03 1.677702042496e-01
4.025937500000e+01 2.777476907449e-03 1.674694241719e-01
4.026250000000e+01 2.772960541144e-03 1.671674840179e-01
4.026562500000e+01 2.768442003306e-03 1.668644295581e-01
4.026875000000e+01 2.763921863470e-03 1.665603061469e-01
4.027187500000e+01 2.759400683475e-03 1.662551587143e-01
4.027500000000e+01 2.754879017389e-03 1.659490317571e-01
4.027812500000e+01 2.750357411449e-03 1.656419693313e-01
4.028125000000e+01 2.745836404002e-03 1.653340150444e-01
4.028437500000e+01 2.741316525428e-03 1.650252120487e-01
4.028750000000e+01 2.736798298148e-03 1.647156030344e-01
4.029062500000e+01 2.732282236505e-03 1.644052302239e-01
4.029375000000e+01 2.727768846806e-03 1.640941353653e-01
4.029687500000e+01 2.723258627223e-03 1.637823597281e-01
4.030000000000e+01 2.718752067816e-03 1.634699440974e-01
4.030312500000e+01 2.714249650489e-03 1.631569287699e-01
4.030625000000e+01 2.709751848978e-03 1.628433535495e-01
4.030937500000e+01 2.705259128867e-03 1.625292577435e-01
4.031250000000e+01 2.700771947523e-03 1.622146801597e-01
4.031562500000e+01 2.696290754162e-03 1.618996591025e-01
4.031875000000e+01 2.691815989814e-03 1.615842323712e-01
4.032187500000e+01 2.687348087344e-03 1.612684372570e-01
4.032500000000e+01 2.682887471463e-03 1.609523105410e-01
4.032812500000e+01 2.678434558754e-03 1.606358884931e-01
4.033125000000e+01 2.673989757658e-03 1.603192068700e-01
4.033437500000e+01 2.669553468572e-03 1.600023009145e-01
4.033750000000e+01 2.665126083781e-03 1.596852053548e-01
4.034062500000e+01 2.660707987594e-03 1.593679544037e-01
4.034375000000e+01 2.656299556283e-03 1.590505817588e-01
4.034687500000e+01 2.651901158193e-03 1.587331206026e-01
4.035000000000e+01 2.647513153756e-03 1.584156036025e-01
4.035312500000e+01 2.643135895531e-03 1.580980629118e-01
4.035625000000e+01 2.638769728288e-03 1.577805301704e-01
4.035937500000e+01 2.634414989003e-03 1.574630365060e-01
4.036250000000e+01 2.630072006947e-03 1.571456125354e-01
4.036562500000e+01 2.625741103762e-03 1.568282883660e-01
4.036875000000e+01 2.621422593482e-03 1.565110935977e-01
4.037187500000e+01 2.617116782608e-03 1.561940573250e-01
4.037500000000e+01 2.612823970188e-03 1.558772081388e-01
4.037812500000e+01 2.608544447842e-03 1.555605741291e-01
4.038125000000e+01 2.604278499898e-03 1.552441828876e-01
4.038437500000e+01 2.600026403375e-03 1.549280615101e-01
4.038750000000e+01 2.595788428149e-03 1.546122365997e-01
4.039062500000e+01 2.591564836936e-03 1.542967342700e-01
4.039375000000e+01 2.587355885436e-03 1.539815801477e-01
4.039687500000e+01 2.583161822372e-03 1.536667993767e-01
4.040000000000e+01 2.578982889578e-03 1.533524166211e-01
4.040312500000e+01 2.574819322095e-03 1.530384560691e-01
4.040625000000e+01 2.570671348215e-03 1.527249414364e-01
4.040937500000e+01 2.566539189574e-03 1.524118959705e-01
4.041250000000e+01 2.562423061275e-03 1.520993424546e-01
4.041562500000e+01 2.558323171913e-03 1.517873032113e-01
4.041875000000e+01 2.554239723693e-03 1.514758001074e-01
4.042187500000e+01 2.550172912508e-03 1.511648545576e-01
4.042500000000e+01 2.546122928003e-03 1.508544875293e-01
4.042812500000e+01 2.542089953717e-03 1.505447195467e-01
4.043125000000e+01 2.538074167089e-03 1.502355706956e-01
4.043437500000e+01 2.534075739631e-03 1.499270606279e-01
4.043750000000e+01 2.530094836936e-03 1.496192085662e-01
4.044062500000e+01 2.526131618824e-03 1.493120333085e-01
4.044375000000e+01 2.522186239397e-03 1.490055532332e-01
4.044687500000e+01 2.518258847138e-03 1.486997863037e-01
4.045000000000e+01 2.514349585016e-03 1.483947500731e-01
4.045312500000e+01 2.510458590530e-03 1.480904616896e-01
4.045625000000e+01 2.506585995823e-03 1.477869379011e-01
4.045937500000e+01 2.502731927796e-03 1.474841950601e-01
4.046250000000e+01 2.498896508149e-03 1.471822491291e-01
4.046562500000e+01 2.495079853493e-03 1.468811156852e-01
4.046875000000e+01 2.491282075437e-03 1.465808099252e-01
4.047187500000e+01 2.487503280656e-03 1.462813466710e-01
4.047500000000e+01 2.483743571021e-03 1.459827403744e-01
4.047812500000e+01 2.480003043624e-03 1.456850051221e-01
4.048125000000e+01 2.476281790931e-03 1.453881546411e-01
4.048437500000e+01 2.472579900802e-03 1.450922023035e-01
4.048750000000e+01 2.468897456628e-03 1.447971611316e-01
4.049062500000e+01 2.465234537388e-03 1.445030438033e-01
4.049375000000e+01 2.461591217736e-03 1.442098626569e-01
4.049687500000e+01 2.457967568108e-03 1.439176296960e-01
4.050000000000e+01 2.454363654762e-03 1.436263565951e-01
4.050312500000e+01 2.450779539881e-03 1.433360547042e-01
4.050625000000e+01 2.447215281684e-03 1.430467350539e-01
4.050937500000e+01 2.443670934458e-03 1.427584083606e-01
4.051250000000e+01 2.440146548666e-03 1.424710850313e-01
4.051562500000e+01 2.436642171025e-03 1.421847751685e-01
4.051875000000e+01 2.433157844559e-03 1.418994885755e-01
4.052187500000e+01 2.429693608735e-03 1.416152347609e-01
4.052500000000e+01 2.426249499460e-03 1.413320229436e-01
4.052812500000e+01 2.422825549243e-03 1.410498620579e-01
4.053125000000e+01 2.419421787191e-03 1.407687607580e-01
4.053437500000e+01 2.416038239141e-03 1.404887274230e-01
4.053750000000e+01 2.412674927708e-03 1.402097701613e-01
4.054062500000e+01 2.409331872364e-03 1.399318968159e-01
4.054375000000e+01 2.406009089508e-03 1.396551149687e-01
4.054687500000e+01 2.402706592544e-03 1.393794319451e-01
4.055000000000e+01 2.399424391927e-03 1.391048548187e-01
4.055312500000e+01 2.396162495279e-03 1.388313904159e-01
4.055625000000e+01 2.392920907412e-03 1.385590453204e-01
4.055937500000e+01 2.389699630418e-03 1.382878258775e-01
4.056250000000e+01 2.386498663736e-03 1.380177381990e-01
4.056562500000e+01 2.383318004195e-03 1.377487881668e-01
4.056875000000e+01 2.380157646129e-03 1.374809814382e-01
4.057187500000e+01 2.377017581371e-03 1.372143234493e-01
4.057500000000e+01 2.373897799396e-03 1.369488194198e-01
4.057812500000e+01 2.370798287302e-03 1.366844743572e-01
4.058125000000e+01 2.367719029937e-03 1.364212930605e-01
4.058437500000e+01 2.364660009921e-03 1.361592801249e-01
4.058750000000e+01 2.361621207724e-03 1.358984399454e-01
4.059062500000e+01 2.358602601714e-03 1.356387767210e-01
4.059375000000e+01 2.355604168225e-03 1.353802944588e-01
4.059687500000e+01 2.352625881589e-03 1.351229969774e-01
4.060000000000e+01 2.349667714236e-03 1.348668879116e-01
4.060312500000e+01 2.346729636708e-03 1.346119707155e-01
4.060625000000e+01 2.343811617729e-03 1.343582486663e-01
4.060937500000e+01 2.340913624264e-03 1.341057248686e-01
4.061250000000e+01 2.338035621544e-03 1.338544022574e-01
4.061562500000e+01 2.335177573174e-03 1.336042836022e-01
4.061875000000e+01 2.332339441105e-03 1.333553715103e-01
4.062187500000e+01 2.329521185764e-03 1.331076684302e-01
4.062500000000e+01 2.326722766035e-03 1.328611766556e-01
4.062812500000e+01 2.323944139351e-03 1.326158983282e-01
4.063125000000e+01 2.321185261723e-03 1.323718354414e-01
4.063437500000e+01 2.318446087788e-03 1.321289898437e-01
4.063750000000e+01 2.315726570857e-03 1.318873632418e-01
4.064062500000e+01 2.313026662962e-03 1.316469572036e-01
4.064375000000e+01 2.310346314875e-03 1.314077731620e-01
4.064687500000e+01 2.307685476203e-03 1.311698124175e-01
4.065000000000e+01 2.305044095375e-03 1.309330761414e-01
4.065312500000e+01 2.302422119715e-03 1.306975653789e-01
4.065625000000e+01 2.299819495476e-03 1.304632810521e-01
4.065937500000e+01 2.297236167861e-03 1.302302239628e-01
4.066250000000e+01 2.294672081109e-03 1.299983947957e-01
4.066562500000e+01 2.292127178466e-03 1.297677941208e-01
4.066875000000e+01 2.289601402295e-03 1.295384223965e-01
4.067187500000e+01 2.287094694046e-03 1.293102799723e-01
4.067500000000e+01 2.284606994337e-03 1.290833670915e-01
4.067812500000e+01 2.282138242973e-03 1.288576838938e-01
4.068125000000e+01 2.279688378979e-03 1.286332304181e-01
4.068437500000e+01 2.277257340638e-03 1.284100066047e-01
4.068750000000e+01 2.274845065527e-03 1.281880122983e-01
4.069062500000e+01 2.272451490523e-03 1.279672472502e-01
4.069375000000e+01 2.270076551893e-03 1.277477111209e-01
4.069687500000e+01 2.267720185247e-03 1.275294034821e-01
4.070000000000e+01 2.265382325644e-03 1.273123238198e-01
4.070312500000e+01 2.263062907572e-03 1.270964715358e-01
4.070625000000e+01 2.260761864978e-03 1.268818459507e-01
4.070937500000e+01 2.258479131344e-03 1.266684463057e-01
4.071250000000e+01 2.256214639641e-03 1.264562717647e-01
4.071562500000e+01 2.253968322436e-03 1.262453214171e-01
4.071875000000e+01 2.251740111846e-03 1.260355942792e-01
4.072187500000e+01 2.249529939611e-03 1.258270892966e-01
4.072500000000e+01 2.247337737106e-03 1.256198053463e-01
4.072812500000e+01 2.245163435359e-03 1.254137412387e-01
4.073125000000e+01 2.243006965085e-03 1.252088957193e-01
4.073437500000e+01 2.240868256707e-03 1.250052674709e-01
4.073750000000e+01 2.238747240360e-03 1.248028551157e-01
4.074062500000e+01 2.236643845964e-03 1.246016572165e-01
4.074375000000e+01 2.234558003174e-03 1.244016722792e-01
4.074687500000e+01 2.232489641474e-03 1.242028987543e-01
4.075000000000e+01 2.230438690150e-03 1.240053350385e-01
4.075312500000e+01 2.228405078312e-03 1.238089794768e-01
4.075625000000e+01 2.226388734957e-03 1.236138303640e-01
4.075937500000e+01 2.224389588924e-03 1.234198859463e-01
4.076250000000e+01 2.222407568982e-03 1.232271444228e-01
4.076562500000e+01 2.220442603782e-03 1.230356039477e-01
4.076875000000e+01 2.218494621925e-03 1.228452626312e-01
4.077187500000e+01 2.216563551959e-03 1.226561185412e-01
4.077500000000e+01 2.214649322397e-03 1.224681697051e-01
4.077812500000e+01 2.212751861735e-03 1.222814141110e-01
4.078125000000e+01 2.210871098474e-03 1.220958497092e-01
4.078437500000e+01 2.209006961113e-03 1.219114744136e-01
4.078750000000e+01 2.207159378214e-03 1.217282861031e-01
4.079062500000e+01 2.205328278348e-03 1.215462826233e-01
4.079375000000e+01 2.203513590180e-03 1.213654617870e-01
4.079687500000e+01 2.201715242435e-03 1.211858213764e-01
4.080000000000e+01 2.199933163916e-03 1.210073591439e-01
4.080312500000e+01 2.198167283560e-03 1.208300728134e-01
4.080625000000e+01 2.196417530382e-03 1.206539600817e-01
4.080937500000e+01 2.194683833564e-03 1.204790186196e-01
4.081250000000e+01 2.192966122397e-03 1.203052460730e-01
4.081562500000e+01 2.191264326345e-03 1.201326400640e-01
4.081875000000e+01 2.189578375031e-03 1.199611981924e-01
4.082187500000e+01 2.187908198255e-03 1.197909180365e-01
4.082500000000e+01 2.186253726007e-03 1.196217971542e-01
4.082812500000e+01 2.184614888479e-03 1.194538330840e-01
4.083125000000e+01 2.182991616056e-03 1.192870233465e-01
4.083437500000e+01 2.181383839371e-03 1.191213654447e-01
4.083750000000e+01 2.179791489254e-03 1.189568568655e-01
4.084062500000e+01 2.178214496804e-03 1.187934950807e-01
4.084375000000e+01 2.176652793356e-03 1.186312775474e-01
4.084687500000e+01 2.175106310490e-03 1.184702017098e-01
4.085000000000e+01 2.173574980083e-03 1.183102649992e-01
4.085312500000e+01 2.172058734252e-03 1.181514648356e-01
4.085625000000e+01 2.170557505433e-03 1.179937986284e-01
4.085937500000e+01 2.169071226324e-03 1.178372637768e-01
4.086250000000e+01 2.167599829937e-03 1.176818576712e-01
4.086562500000e+01 2.166143249590e-03 1.175275776940e-01
4.086875000000e+01 2.164701418914e-03 1.173744212200e-01
4.087187500000e+01 2.163274271861e-03 1.172223856173e-01
4.087500000000e+01 2.161861742716e-03 1.170714682485e-01
4.087812500000e+01 2.160463766082e-03 1.169216664708e-01
4.088125000000e+01 2.159080276934e-03 1.167729776373e-01
4.088437500000e+01 2.157711210561e-03 1.166253990974e-01
4.088750000000e+01 2.156356502632e-03 1.164789281973e-01
4.089062500000e+01 2.155016089168e-03 1.163335622815e-01
4.089375000000e+01 2.153689906539e-03 1.161892986924e-01
4.089687500000e+01 2.152377891516e-03 1.160461347718e-01
4.090000000000e+01 2.151079981212e-03 1.159040678611e-01
4.090312500000e+01 2.149796113156e-03 1.157630953021e-01
4.090625000000e+01 2.148526225232e-03 1.156232144374e-01
4.090937500000e+01 2.147270255732e-03 1.154844226114e-01
4.091250000000e+01 2.146028143340e-03 1.153467171706e-01
4.091562500000e+01 2.144799827136e-03 1.152100954639e-01
4.091875000000e+01 2.143585246609e-03 1.150745548440e-01
4.092187500000e+01 2.142384341655e-03 1.149400926669e-01
4.092500000000e+01 2.141197052570e-03 1.148067062932e-01
4.092812500000e+01 2.140023320089e-03 1.146743930885e-01
4.093125000000e+01 2.138863085339e-03 1.145431504235e-01
4.093437500000e+01 2.137716289895e-03 1.144129756750e-01
4.093750000000e+01 2.136582875745e-03 1.142838662259e-01
4.094062500000e+01 2.135462785297e-03 1.141558194663e-01
4.094375000000e+01 2.134355961418e-03 1.140288327932e-01
4.094687500000e+01 2.133262347378e-03 1.139029036116e-01
4.095000000000e+01 2.132181886918e-03 1.137780293348e-01
4.095312500000e+01 2.131114524191e-03 1.136542073843e-01
4.095625000000e+01 2.130060203810e-03 1.135314351911e-01
4.095937500000e+01 2.129018870830e-03 1.134097101955e-01
4.096250000000e+01 2.127990470753e-03 1.132890298474e-01
4.096562500000e+01 2.126974949534e-03 1.131693916074e-01
4.096875000000e+01 2.125972253584e-03 1.130507929465e-01
4.097187500000e+01 2.124982329751e-03 1.129332313465e-01
4.097500000000e+01 2.124005125369e-03 1.128167043011e-01
4.097812500000e+01 2.123040588200e-03 1.127012093152e-01
4.098125000000e+01 2.122088666493e-03 1.125867439061e-01
4.098437500000e+01 2.121149308947e-03 1.124733056035e-01
4.098750000000e+01 2.120222464713e-03 1.123608919496e-01
4.099062500000e+01 2.119308083436e-03 1.122495005000e-01
4.099375000000e+01 2.118406115195e-03 1.121391288235e-01
4.099687500000e+01 2.117516510569e-03 1.120297745026e-01
4.100000000000e+01 2.116639220578e-03 1.119214351339e-01
4.100312500000e+01 2.115774196729e-03 1.118141083282e-01
4.100625000000e+01 2.114921390998e-03 1.117077917110e-01
4.100937500000e+01 2.114080755831e-03 1.116024829225e-01
4.101250000000e+01 2.113252244149e-03 1.114981796182e-01
4.101562500000e+01 2.112435809353e-03 1.113948794688e-01
4.101875000000e+01 2.111631405300e-03 1.112925801608e-01
4.102187500000e+01 2.110838986355e-03 1.111912793968e-01
4.102500000000e+01 2.110058507326e-03 1.110909748951e-01
4.102812500000e+01 2.109289923528e-03 1.109916643908e-01
4.103125000000e+01 2.108533190741e-03 1.108933456355e-01
4.103437500000e+01 2.107788265212e-03 1.107960163977e-01
4.103750000000e+01 2.107055103695e-03 1.106996744630e-01
4.104062500000e+01 2.106333663395e-03 1.106043176343e-01
4.104375000000e+01 2.105623902026e-03 1.105099437319e-01
4.104687500000e+01 2.104925777756e-03 1.104165505941e-01
4.105000000000e+01 2.104239249250e-03 1.103241360770e-01
4.105312500000e+01 2.103564275650e-03 1.102326980549e-01
4.105625000000e+01 2.102900816579e-03 1.101422344203e-01
4.105937500000e+01 2.102248832146e-03 1.100527430845e-01
4.106250000000e+01 2.101608282939e-03 1.099642219771e-01
4.106562500000e+01 2.100979130018e-03 1.098766690471e-01
4.106875000000e+01 2.100361334949e-03 1.097900822622e-01
4.107187500000e+01 2.099754859753e-03 1.097044596094e-01
4.107500000000e+01 2.099159666961e-03 1.096197990952e-01
4.107812500000e+01 2.098575719561e-03 1.095360987457e-01
4.108125000000e+01 2.098002981034e-03 1.094533566067e-01
4.108437500000e+01 2.097441415355e-03 1.093715707438e-01
4.108750000000e+01 2.096890986955e-03 1.092907392428e-01
4.109062500000e+01 2.096351660778e-03 1.092108602096e-01
4.109375000000e+01 2.095823402222e-03 1.091319317704e-01
4.109687500000e+01 2.095306177182e-03 1.090539520720e-01
4.110000000000e+01 2.094799952033e-03 1.089769192818e-01
4.110312500000e+01 2.094304693630e-03 1.089008315879e-01
4.110625000000e+01 2.093820369309e-03 1.088256871995e-01
4.110937500000e+01 2.093346946891e-03 1.087514843464e-01
4.111250000000e+01 2.092884394664e-03 1.086782212800e-01
4.111562500000e+01 2.092432681422e-03 1.086058962727e-01
4.111875000000e+01 2.091991776408e-03 1.085345076185e-01
4.112187500000e+01 2.091561649379e-03 1.084640536327e-01
4.112500000000e+01 2.091142270542e-03 1.083945326524e-01
4.112812500000e+01 2.090733610594e-03 1.083259430364e-01
4.113125000000e+01 2.090335640727e-03 1.082582831653e-01
4.113437500000e+01 2.089948332580e-03 1.081915514419e-01
4.113750000000e+01 2.089571658306e-03 1.081257462907e-01
4.114062500000e+01 2.089205590506e-03 1.080608661588e-01
4.114375000000e+01 2.088850102275e-03 1.079969095153e-01
4.114687500000e+01 2.088505167182e-03 1.079338748517e-01
4.115000000000e+01 2.088170759272e-03 1.078717606822e-01
4.115312500000e+01 2.087846853070e-03 1.078105655433e-01
4.115625000000e+01 2.087533423577e-03 1.077502879944e-01
4.115937500000e+01 2.087230446258e-03 1.076909266177e-01
4.116250000000e+01 2.086937897079e-03 1.076324800180e-01
4.116562500000e+01 2.086655752450e-03 1.075749468232e-01
4.116875000000e+01 2.086383989289e-03 1.075183256845e-01
4.117187500000e+01 2.086122584961e-03 1.074626152757e-01
4.117500000000e+01 2.085871517315e-03 1.074078142944e-01
4.117812500000e+01 2.085630764686e-03 1.073539214610e-01
4.118125000000e+01 2.085400305859e-03 1.073009355196e-01
4.118437500000e+01 2.085180120117e-03 1.072488552377e-01
4.118750000000e+01 2.084970187195e-03 1.071976794062e-01
4.119062500000e+01 2.084770487312e-03 1.071474068399e-01
4.119375000000e+01 2.084581001157e-03 1.070980363770e-01
4.119687500000e+01 2.084401709889e-03 1.070495668797e-01
4.120000000000e+01 2.084232595142e-03 1.070019972341e-01
4.120312500000e+01 2.084073639021e-03 1.069553263499e-01
4.120625000000e+01 2.083924824089e-03 1.069095531612e-01
4.120937500000e+01 2.083786133408e-03 1.068646766259e-01
4.121250000000e+01 2.083657550474e-03 1.068206957264e-01
4.121562500000e+01 2.083539059290e-03 1.067776094688e-01
4.121875000000e+01 2.083430644299e-03 1.067354168840e-01
4.122187500000e+01 2.083332290425e-03 1.066941170270e-01
4.122500000000e+01 2.083243983073e-03 1.066537089774e-01
4.122812500000e+01 2.083165708090e-03 1.066141918391e-01
4.123125000000e+01 2.083097451824e-03 1.065755647408e-01
4.123437500000e+01 2.083039201062e-03 1.065378268356e-01
4.123750000000e+01 2.082990943077e-03 1.065009773016e-01
4.124062500000e+01 2.082952665607e-03 1.064650153415e-01
4.124375000000e+01 2.082924356854e-03 1.064299401829e-01
4.124687500000e+01 2.082906005494e-03 1.063957510784e-01
4.125000000000e+01 2.082897600669e-03 1.063624473053e-01
4.125312500000e+01 2.082899131977e-03 1.063300281663e-01
4.125625000000e+01 2.082910589507e-03 1.062984929890e-01
4.125937500000e+01 2.082931963790e-03 1.062678411262e-01
4.126250000000e+01 2.082963245848e-03 1.062380719561e-01
4.126562500000e+01 2.083004427151e-03 1.062091848821e-01
4.126875000000e+01 2.083055499642e-03 1.061811793330e-01
4.127187500000e+01 2.083116455744e-03 1.061540547630e-01
4.127500000000e+01 2.083187288324e-03 1.061278106518e-01
4.127812500000e+01 2.083267990742e-03 1.061024465048e-01
4.128125000000e+01 2.083358556802e-03 1.060779618531e-01
4.128437500000e+01 2.083458980788e-03 1.060543562531e-01
4.128750000000e+01 2.083569257451e-03 1.060316292876e-01
4.129062500000e+01 2.083689382005e-03 1.060097805646e-01
4.129375000000e+01 2.083819350137e-03 1.059888097185e-01
4.129687500000e+01 2.083959158000e-03 1.059687164095e-01
4.130000000000e+01 2.084108802204e-03 1.059495003238e-01
4.130312500000e+01 2.084268279852e-03 1.059311611738e-01
4.130625000000e+01 2.084437588484e-03 1.059136986979e-01
4.130937500000e+01 2.084616726141e-03 1.058971126610e-01
4.131250000000e+01 2.084805691305e-03 1.058814028543e-01
4.131562500000e+01 2.085004482937e-03 1.058665690950e-01
4.131875000000e+01 2.085213100483e-03 1.058526112273e-01
4.132187500000e+01 2.085431543827e-03 1.058395291216e-01
4.132500000000e+01 2.085659813357e-03 1.058273226749e-01
4.132812500000e+01 2.085897909902e-03 1.058159918109e-01
4.133125000000e+01 2.086145834779e-03 1.058055364802e-01
4.133437500000e+01 2.086403589772e-03 1.057959566600e-01
4.133750000000e+01 2.086671177135e-03 1.057872523544e-01
4.134062500000e+01 2.086948599595e-03 1.057794235945e-01
4.134375000000e+01 2.087235860356e-03 1.057724704386e-01
4.134687500000e+01 2.087532963080e-03 1.057663929718e-01
4.135000000000e+01 2.087839911926e-03 1.057611913066e-01
4.135312500000e+01 2.088156711501e-03 1.057568655826e-01
4.135625000000e+01 2.088483366913e-03 1.057534159668e-01
4.135937500000e+01 2.088819883723e-03 1.057508426537e-01
4.136250000000e+01 2.089166267973e-03 1.057491458651e-01
4.136562500000e+01 2.089522526201e-03 1.057483258506e-01
4.136875000000e+01 2.089888665388e-03 1.057483828872e-01
4.137187500000e+01 2.090264693029e-03 1.057493172797e-01
4.137500000000e+01 2.090650617068e-03 1.057511293609e-01
4.137812500000e+01 2.091046445944e-03 1.057538194912e-01
4.138125000000e+01 2.091452188575e-03 1.057573880591e-01
4.138437500000e+01 2.091867854355e-03 1.057618354813e-01
4.138750000000e+01 2.092293453166e-03 1.057671622024e-01
4.139062500000e+01 2.092728995373e-03 1.057733686954e-01
4.139375000000e+01 2.093174491809e-03 1.057804554615e-01
4.139687500000e+01 2.093629953821e-03 1.057884230304e-01
4.140000000000e+01 2.094095393209e-03 1.057972719603e-01
4.140312500000e+01 2.094570822291e-03 1.058070028378e-01
4.140625000000e+01 2.095056253847e-03 1.058176162784e-01
4.140937500000e+01 2.095551701155e-03 1.058291129262e-01
4.141250000000e+01 2.096057177996e-03 1.058414934544e-01
4.141562500000e+01 2.096572698614e-03 1.058547585649e-01
4.141875000000e+01 2.097098277778e-03 1.058689089887e-01
4.142187500000e+01 2.097633930721e-03 1.058839454861e-01
4.142500000000e+01 2.098179673187e-03 1.058998688465e-01
4.142812500000e+01 2.098735521411e-03 1.059166798887e-01
4.143125000000e+01 2.099301492127e-03 1.059343794609e-01
4.143437500000e+01 2.099877602567e-03 1.059529684410e-01
4.143750000000e+01 2.100463870464e-03 1.059724477363e-01
4.144062500000e+01 2.101060314038e-03 1.059928182841e-01
4.144375000000e+01 2.101666952040e-03 1.060140810515e-01
4.144687500000e+01 2.102283803693e-03 1.060362370354e-01
4.145000000000e+01 2.102910888756e-03 1.060592872630e-01
4.145312500000e+01 2.103548227468e-03 1.060832327915e-01
4.145625000000e+01 2.104195840592e-03 1.061080747087e-01
4.145937500000e+01 2.104853749396e-03 1.061338141323e-01
4.146250000000e+01 2.105521975658e-03 1.061604522111e-01
4.146562500000e+01 2.106200541682e-03 1.061879901242e-01
4.146875000000e+01 2.106889470268e-03 1.062164290814e-01
4.147187500000e+01 2.107588784741e-03 1.062457703236e-01
4.147500000000e+01 2.108298508948e-03 1.062760151226e-01
4.147812500000e+01 2.109018667250e-03 1.063071647813e-01
4.148125000000e+01 2.109749284536e-03 1.063392206338e-01
4.148437500000e+01 2.110490386216e-03 1.063721840456e-01
4.148750000000e+01 2.111241998214e-03 1.064060564138e-01
4.149062500000e+01 2.112004147009e-03 1.064408391668e-01
4.149375000000e+01 2.112776859577e-03 1.064765337651e-01
4.149687500000e+01 2.113560163457e-03 1.065131417009e-01
4.150000000000e+01 2.114354086694e-03 1.065506644984e-01
4.150312500000e+01 2.115158657883e-03 1.065891037138e-01
4.150625000000e+01 2.115973906156e-03 1.066284609359e-01
4.150937500000e+01 2.116799861177e-03 1.066687377857e-01
4.151250000000e+01 2.117636553171e-03 1.067099359168e-01
4.151562500000e+01 2.118484012880e-03 1.067520570153e-01
4.151875000000e+01 2.119342271610e-03 1.067951028003e-01
4.152187500000e+01 2.120211361213e-03 1.068390750240e-01
4.152500000000e+01 2.121091314088e-03 1.068839754715e-01
4.152812500000e+01 2.121982163191e-03 1.069298059611e-01
4.153125000000e+01 2.122883942036e-03 1.069765683447e-01
4.153437500000e+01 2.123796684679e-03 1.070242645077e-01
4.153750000000e+01 2.124720425764e-03 1.070728963692e-01
4.154062500000e+01 2.125655200468e-03 1.071224658821e-01
4.154375000000e+01 2.126601044562e-03 1.071729750333e-01
4.154687500000e+01 2.127557994360e-03 1.072244258439e-01
4.155000000000e+01 2.128526086761e-03 1.072768203695e-01
4.155312500000e+01 2.129505359236e-03 1.073301607000e-01
4.155625000000e+01 2.130495849823e-03 1.073844489599e-01
4.155937500000e+01 2.131497597159e-03 1.074396873087e-01
4.156250000000e+01 2.132510640438e-03 1.074958779408e-01
4.156562500000e+01 2.133535019451e-03 1.075530230856e-01
4.156875000000e+01 2.134570774577e-03 1.076111250080e-01
4.157187500000e+01 2.135617946781e-03 1.076701860085e-01
4.157500000000e+01 2.136676577622e-03 1.077302084229e-01
4.157812500000e+01 2.137746709260e-03 1.077911946230e-01
4.158125000000e+01 2.138828384436e-03 1.078531470168e-01
4.158437500000e+01 2.139921646523e-03 1.079160680482e-01
4.158750000000e+01 2.141026539463e-03 1.079799601976e-01
4.159062500000e+01 2.142143107844e-03 1.080448259820e-01
4.159375000000e+01 2.143271396833e-03 1.081106679551e-01
4.159687500000e+01 2.144411452227e-03 1.081774887074e-01
4.160000000000e+01 2.145563320439e-03 1.082452908666e-01
4.160312500000e+01 2.146727048498e-03 1.083140770977e-01
4.160625000000e+01 2.147902684072e-03 1.083838501033e-01
4.160937500000e+01 2.149090275439e-03 1.084546126234e-01
4.161250000000e+01 2.150289871506e-03 1.085263674362e-01
4.161562500000e+01 2.151501521835e-03 1.085991173577e-01
4.161875000000e+01 2.152725276609e-03 1.086728652424e-01
4.162187500000e+01 2.153961186660e-03 1.087476139830e-01
4.162500000000e+01 2.155209303463e-03 1.088233665112e-01
4.162812500000e+01 2.156469679131e-03 1.089001257974e-01
4.163125000000e+01 2.157742366454e-03 1.089778948510e-01
4.163437500000e+01 2.159027418847e-03 1.090566767210e-01
4.163750000000e+01 2.160324890417e-03 1.091364744956e-01
4.164062500000e+01 2.161634835905e-03 1.092172913028e-01
4.164375000000e+01 2.162957310737e-03 1.092991303108e-01
4.164687500000e+01 2.164292371005e-03 1.093819947275e-01
4.165000000000e+01 2.165640073471e-03 1.094658878016e-01
4.165312500000e+01 2.167000475593e-03 1.095508128221e-01
4.165625000000e+01 2.168373635492e-03 1.096367731189e-01
4.165937500000e+01 2.169759611976e-03 1.097237720631e-01
4.166250000000e+01 2.171158464563e-03 1.098118130669e-01
4.166562500000e+01 2.172570253450e-03 1.099008995839e-01
4.166875000000e+01 2.173995039538e-03 1.099910351098e-01
4.167187500000e+01 2.175432884434e-03 1.100822231818e-01
4.167500000000e+01 2.176883850438e-03 1.101744673797e-01
4.167812500000e+01 2.178348000588e-03 1.102677713255e-01
4.168125000000e+01 2.179825398608e-03 1.103621386838e-01
4.168437500000e+01 2.181316108974e-03 1.104575731624e-01
4.168750000000e+01 2.182820196857e-03 1.105540785120e-01
4.169062500000e+01 2.184337728176e-03 1.106516585269e-01
4.169375000000e+01 2.185868769578e-03 1.107503170448e-01
4.169687500000e+01 2.187413388444e-03 1.108500579475e-01
4.170000000000e+01 2.188971652915e-03 1.109508851608e-01
4.170312500000e+01 2.190543631858e-03 1.110528026551e-01
4.170625000000e+01 2.192129394892e-03 1.111558144452e-01
4.170937500000e+01 2.193729012416e-03 1.112599245910e-01
4.171250000000e+01 2.195342555568e-03 1.113651371974e-01
4.171562500000e+01 2.196970096263e-03 1.114714564149e-01
4.171875000000e+01 2.198611707185e-03 1.115788864395e-01
4.172187500000e+01 2.200267461782e-03 1.116874315132e-01
4.172500000000e+01 2.201937434309e-03 1.117970959244e-01
4.172812500000e+01 2.203621699774e-03 1.119078840077e-01
4.173125000000e+01 2.205320334007e-03 1.120198001446e-01
4.173437500000e+01 2.207033413609e-03 1.121328487636e-01
4.173750000000e+01 2.208761015992e-03 1.122470343405e-01
4.174062500000e+01 2.210503219374e-03 1.123623613986e-01
4.174375000000e+01 2.212260102777e-03 1.124788345091e-01
4.174687500000e+01 2.214031746056e-03 1.125964582913e-01
4.175000000000e+01 2.215818229867e-03 1.127152374128e-01
4.175312500000e+01 2.217619635691e-03 1.128351765901e-01
4.175625000000e+01 2.219436045861e-03 1.129562805883e-01
4.175937500000e+01 2.221267543531e-03 1.130785542222e-01
4.176250000000e+01 2.223114212701e-03 1.132020023557e-01
4.176562500000e+01 2.224976138220e-03 1.133266299028e-01
4.176875000000e+01 2.226853405778e-03 1.134524418274e-01
4.177187500000e+01 2.228746101948e-03 1.135794431439e-01
4.177500000000e+01 2.230654314134e-03 1.137076389173e-01
4.177812500000e+01 2.232578130643e-03 1.138370342637e-01
4.178125000000e+01 2.234517640628e-03 1.139676343502e-01
4.178437500000e+01 2.236472934135e-03 1.140994443958e-01
4.178750000000e+01 2.238444102099e-03 1.142324696711e-01
4.179062500000e+01 2.240431236333e-03 1.143667154989e-01
4.179375000000e+01 2.242434429570e-03 1.145021872545e-01
4.179687500000e+01 2.244453775421e-03 1.146388903660e-01
4.180000000000e+01 2.246489368408e-03 1.147768303142e-01
4.180312500000e+01 2.248541303986e-03 1.149160126337e-01
4.180625000000e+01 2.250609678512e-03 1.150564429124e-01
4.180937500000e+01 2.252694589276e-03 1.151981267924e-01
4.181250000000e+01 2.254796134498e-03 1.153410699698e-01
4.181562500000e+01 2.256914413323e-03 1.154852781954e-01
4.181875000000e+01 2.259049525866e-03 1.156307572749e-01
4.182187500000e+01 2.261201573156e-03 1.157775130689e-01
4.182500000000e+01 2.263370657213e-03 1.159255514939e-01
4.182812500000e+01 2.265556880985e-03 1.160748785217e-01
4.183125000000e+01 2.267760348403e-03 1.162255001804e-01
4.183437500000e+01 2.269981164369e-03 1.163774225545e-01
4.183750000000e+01 2.272219434759e-03 1.165306517852e-01
4.184062500000e+01 2.274475266435e-03 1.166851940705e-01
4.184375000000e+01 2.276748767253e-03 1.168410556659e-01
4.184687500000e+01 2.279040046048e-03 1.169982428843e-01
4.185000000000e+01 2.281349212681e-03 1.171567620968e-01
4.185312500000e+01 2.283676378003e-03 1.173166197324e-01
4.185625000000e+01 2.286021653887e-03 1.174778222786e-01
4.185937500000e+01 2.288385153225e-03 1.176403762821e-01
4.186250000000e+01 2.290766989921e-03 1.178042883483e-01
4.186562500000e+01 2.293167278936e-03 1.179695651421e-01
4.186875000000e+01 2.295586136240e-03 1.181362133883e-01
4.187187500000e+01 2.298023678876e-03 1.183042398715e-01
4.187500000000e+01 2.300480024909e-03 1.184736514368e-01
4.187812500000e+01 2.302955293474e-03 1.186444549896e-01
4.188125000000e+01 2.305449604765e-03 1.188166574967e-01
4.188437500000e+01 2.307963080041e-03 1.189902659855e-01
4.188750000000e+01 2.310495841637e-03 1.191652875453e-01
4.189062500000e+01 2.313048012967e-03 1.193417293270e-01
4.189375000000e+01 2.315619718514e-03 1.195195985437e-01
4.189687500000e+01 2.318211083879e-03 1.196989024706e-01
4.190000000000e+01 2.320822235739e-03 1.198796484457e-01
4.190312500000e+01 2.323453301879e-03 1.200618438699e-01
4.190625000000e+01 2.326104411194e-03 1.202454962071e-01
4.190937500000e+01 2.328775693678e-03 1.204306129849e-01
4.191250000000e+01 2.331467280471e-03 1.206172017944e-01
4.191562500000e+01 2.334179303805e-03 1.208052702908e-01
4.191875000000e+01 2.336911897074e-03 1.209948261935e-01
4.192187500000e+01 2.339665194779e-03 1.211858772862e-01
4.192500000000e+01 2.342439332579e-03 1.213784314178e-01
4.192812500000e+01 2.345234447274e-03 1.215724965018e-01
4.193125000000e+01 2.348050676816e-03 1.217680805170e-01
4.193437500000e+01 2.350888160314e-03 1.219651915077e-01
4.193750000000e+01 2.353747038041e-03 1.221638375841e-01
4.194062500000e+01 2.356627451422e-03 1.223640269220e-01
4.194375000000e+01 2.359529543079e-03 1.225657677635e-01
4.194687500000e+01 2.362453456792e-03 1.227690684172e-01
4.195000000000e+01 2.365399337529e-03 1.229739372581e-01
4.195312500000e+01 2.368367331446e-03 1.231803827280e-01
4.195625000000e+01 2.371357585876e-03 1.233884133356e-01
4.195937500000e+01 2.374370249374e-03 1.235980376569e-01
4.196250000000e+01 2.377405471662e-03 1.238092643351e-01
4.196562500000e+01 2.380463403700e-03 1.240221020811e-01
4.196875000000e+01 2.383544197626e-03 1.242365596731e-01
4.197187500000e+01 2.386648006807e-03 1.244526459575e-01
4.197500000000e+01 2.389774985822e-03 1.246703698483e-01
4.197812500000e+01 2.392925290468e-03 1.248897403279e-01
4.198125000000e+01 2.396099077770e-03 1.251107664467e-01
4.198437500000e+01 2.399296505976e-03 1.253334573234e-01
4.198750000000e+01 2.402517734555e-03 1.255578221453e-01
4.199062500000e+01 2.405762924234e-03 1.257838701681e-01
4.199375000000e+01 2.409032236942e-03 1.260116107159e-01
4.199687500000e+01 2.412325835877e-03 1.262410531818e-01
4.200000000000e+01 2.415643885467e-03 1.264722070274e-01
4.200312500000e+01 2.418986551366e-03 1.267050817829e-01
4.200625000000e+01 2.422354000509e-03 1.269396870475e-01
4.200937500000e+01 2.425746401040e-03 1.271760324891e-01
4.201250000000e+01 2.429163922388e-03 1.274141278443e-01
4.201562500000e+01 2.432606735201e-03 1.276539829184e-01
4.201875000000e+01 2.436075011395e-03 1.278956075854e-01
4.202187500000e+01 2.439568924138e-03 1.281390117881e-01
4.202500000000e+01 2.443088647846e-03 1.283842055377e-01
4.202812500000e+01 2.446634358192e-03 1.286311989140e-01
4.203125000000e+01 2.450206232104e-03 1.288800020649e-01
4.203437500000e+01 2.453804447746e-03 1.291306252068e-01
4.203750000000e+01 2.457429184568e-03 1.293830786240e-01
4.204062500000e+01 2.461080623232e-03 1.296373726689e-01
4.204375000000e+01 2.464758945684e-03 1.298935177614e-01
4.204687500000e+01 2.468464335105e-03 1.301515243890e-01
4.205000000000e+01 2.472196975907e-03 1.304114031064e-01
4.205312500000e+01 2.475957053782e-03 1.306731645353e-01
4.205625000000e+01 2.479744755623e-03 1.309368193641e-01
4.205937500000e+01 2.483560269601e-03 1.312023783475e-01
4.206250000000e+01 2.487403785090e-03 1.314698523063e-01
4.206562500000e+01 2.491275492709e-03 1.317392521270e-01
4.206875000000e+01 2.495175584304e-03 1.320105887613e-01
4.207187500000e+01 2.499104252938e-03 1.322838732256e-01
4.207500000000e+01 2.503061692896e-03 1.325591166008e-01
4.207812500000e+01 2.507048099671e-03 1.328363300317e-01
4.208125000000e+01 2.511063669944e-03 1.331155247264e-01
4.208437500000e+01 2.515108601627e-03 1.333967119557e-01
4.208750000000e+01 2.519183093781e-03 1.336799030525e-01
4.209062500000e+01 2.523287346684e-03 1.339651094116e-01
4.209375000000e+01 2.527421561769e-03 1.342523424883e-01
4.209687500000e+01 2.531585941620e-03 1.345416137983e-01
4.210000000000e+01 2.535780690005e-03 1.348329349166e-01
4.210312500000e+01 2.540006011801e-03 1.351263174768e-01
4.210625000000e+01 2.544262113049e-03 1.354217731703e-01
4.210937500000e+01 2.548549200881e-03 1.357193137455e-01
4.211250000000e+01 2.552867483549e-03 1.360189510068e-01
4.211562500000e+01 2.557217170400e-03 1.363206968135e-01
4.211875000000e+01 2.561598471854e-03 1.366245630788e-01
4.212187500000e+01 2.566011599399e-03 1.369305617691e-01
4.212500000000e+01 2.570456765572e-03 1.372387049025e-01
4.212812500000e+01 2.574934183925e-03 1.375490045475e-01
4.213125000000e+01 2.579444069058e-03 1.378614728224e-01
4.213437500000e+01 2.583986636526e-03 1.381761218932e-01
4.213750000000e+01 2.588562102895e-03 1.384929639729e-01
4.214062500000e+01 2.593170685670e-03 1.388120113199e-01
4.214375000000e+01 2.597812603278e-03 1.391332762363e-01
4.214687500000e+01 2.602488075092e-03 1.394567710667e-01
4.215000000000e+01 2.607197321333e-03 1.397825081965e-01
4.215312500000e+01 2.611940563127e-03 1.401105000500e-01
4.215625000000e+01 2.616718022401e-03 1.404407590891e-01
4.215937500000e+01 2.621529921917e-03 1.407732978111e-01
4.216250000000e+01 2.626376485214e-03 1.411081287471e-01
4.216562500000e+01 2.631257936583e-03 1.414452644597e-01
4.216875000000e+01 2.636174501046e-03 1.417847175414e-01
4.217187500000e+01 2.641126404315e-03 1.421265006122e-01
4.217500000000e+01 2.646113872744e-03 1.424706263174e-01
4.217812500000e+01 2.651137133350e-03 1.428171073255e-01
4.218125000000e+01 2.656196413692e-03 1.431659563256e-01
4.218437500000e+01 2.661291941923e-03 1.435171860251e-01
4.218750000000e+01 2.666423946688e-03 1.438708091470e-01
4.219062500000e+01 2.671592657094e-03 1.442268384274e-01
4.219375000000e+01 2.676798302709e-03 1.445852866126e-01
4.219687500000e+01 2.682041113452e-03 1.449461664564e-01
4.220000000000e+01 2.687321319621e-03 1.453094907171e-01
4.220312500000e+01 2.692639151775e-03 1.456752721542e-01
4.220625000000e+01 2.697994840736e-03 1.460435235255e-01
4.220937500000e+01 2.703388617519e-03 1.464142575838e-01
4.221250000000e+01 2.708820713280e-03 1.467874870732e-01
4.221562500000e+01 2.714291359266e-03 1.471632247261e-01
4.221875000000e+01 2.719800786755e-03 1.475414832588e-01
4.222187500000e+01 2.725349226984e-03 1.479222753686e-01
4.222500000000e+01 2.730936911135e-03 1.483056137291e-01
4.222812500000e+01 2.736564070198e-03 1.486915109865e-01
4.223125000000e+01 2.742230934986e-03 1.490799797557e-01
4.223437500000e+01 2.747937736013e-03 1.494710326153e-01
4.223750000000e+01 2.753684703425e-03 1.498646821039e-01
4.224062500000e+01 2.759472066981e-03 1.502609407148e-01
4.224375000000e+01 2.765300055901e-03 1.506598208916e-01
4.224687500000e+01 2.771168898866e-03 1.510613350234e-01
4.225000000000e+01 2.777078823873e-03 1.514654954393e-01
4.225312500000e+01 2.783030058193e-03 1.518723144034e-01
4.225625000000e+01 2.789022828279e-03 1.522818041094e-01
4.225937500000e+01 2.795057359664e-03 1.526939766750e-01
4.226250000000e+01 2.801133876888e-03 1.531088441360e-01
4.226562500000e+01 2.807252603395e-03 1.535264184404e-01
4.226875000000e+01 2.813413761419e-03 1.539467114423e-01
4.227187500000e+01 2.819617571938e-03 1.543697348956e-01
4.227500000000e+01 2.825864254495e-03 1.547955004474e-01
4.227812500000e+01 2.832154027167e-03 1.552240196311e-01
4.228125000000e+01 2.838487106405e-03 1.556553038598e-01
4.228437500000e+01 2.844863706918e-03 1.560893644191e-01
4.228750000000e+01 2.851284041614e-03 1.565262124593e-01
4.229062500000e+01 2.857748321397e-03 1.569658589883e-01
4.229375000000e+01 2.864256755129e-03 1.574083148636e-01
4.229687500000e+01 2.870809549420e-03 1.578535907843e-01
4.230000000000e+01 2.877406908558e-03 1.583016972826e-01
4.230312500000e+01 2.884049034347e-03 1.587526447155e-01
4.230625000000e+01 2.890736125969e-03 1.592064432560e-01
4.230937500000e+01 2.897468379845e-03 1.596631028840e-01
4.231250000000e+01 2.904245989486e-03 1.601226333768e-01
4.231562500000e+01 2.911069145322e-03 1.605850443001e-01
4.231875000000e+01 2.917938034597e-03 1.610503449975e-01
4.232187500000e+01 2.924852841132e-03 1.615185445809e-01
4.232500000000e+01 2.931813745234e-03 1.619896519197e-01
4.232812500000e+01 2.938820923480e-03 1.624636756304e-01
4.233125000000e+01 2.945874548529e-03 1.629406240655e-01
4.233437500000e+01 2.952974789013e-03 1.634205053024e-01
4.233750000000e+01 2.960121809250e-03 1.639033271313e-01
4.234062500000e+01 2.967315769156e-03 1.643890970439e-01
4.234375000000e+01 2.974556823961e-03 1.648778222207e-01
4.234687500000e+01 2.981845124067e-03 1.653695095188e-01
4.235000000000e+01 2.989180814817e-03 1.658641654587e-01
4.235312500000e+01 2.996564036285e-03 1.663617962112e-01
4.235625000000e+01 3.003994923062e-03 1.668624075839e-01
4.235937500000e+01 3.011473604033e-03 1.673660050072e-01
4.236250000000e+01 3.019000202121e-03 1.678725935199e-01
4.236562500000e+01 3.026574834118e-03 1.683821777546e-01
4.236875000000e+01 3.034197610352e-03 1.688947619230e-01
4.237187500000e+01 3.041868634533e-03 1.694103497998e-01
4.237500000000e+01 3.049588003415e-03 1.699289447077e-01
4.237812500000e+01 3.057355806589e-03 1.704505495007e-01
4.238125000000e+01 3.065172126218e-03 1.709751665474e-01
4.238437500000e+01 3.073037036709e-03 1.715027977148e-01
4.238750000000e+01 3.080950604512e-03 1.720334443501e-01
4.239062500000e+01 3.088912887753e-03 1.725671072632e-01
4.239375000000e+01 3.096923936000e-03 1.731037867087e-01
4.239687500000e+01 3.104983789936e-03 1.736434823668e-01
4.240000000000e+01 3.113092481055e-03 1.741861933249e-01
4.240312500000e+01 3.121250031348e-03 1.747319180574e-01
4.240625000000e+01 3.129456452984e-03 1.752806544060e-01
4.240937500000e+01 3.137711747956e-03 1.758323995598e-01
4.241250000000e+01 3.146015907807e-03 1.763871500338e-01
4.241562500000e+01 3.154368913193e-03 1.769449016477e-01
4.241875000000e+01 3.162770733631e-03 1.775056495049e-01
4.242187500000e+01 3.171221327051e-03 1.780693879692e-01
4.242500000000e+01 3.179720639485e-03 1.786361106432e-01
4.242812500000e+01 3.188268604695e-03 1.792058103443e-01
4.243125000000e+01 3.196865143731e-03 1.797784790818e-01
4.243437500000e+01 3.205510164628e-03 1.803541080326e-01
4.243750000000e+01 3.214203561925e-03 1.809326875163e-01
4.244062500000e+01 3.222945216313e-03 1.815142069710e-01
4.244375000000e+01 3.231734994209e-03 1.820986549273e-01
4.244687500000e+01 3.240572747327e-03 1.826860189823e-01
4.245000000000e+01 3.249458312255e-03 1.832762857736e-01
4.245312500000e+01 3.258391510023e-03 1.838694409521e-01
4.245625000000e+01 3.267372145632e-03 1.844654691550e-01
4.245937500000e+01 3.276400007662e-03 1.850643539776e-01
4.246250000000e+01 3.285474867728e-03 1.856660779454e-01
4.246562500000e+01 3.294596480108e-03 1.862706224853e-01
4.246875000000e+01 3.303764581175e-03 1.868779678963e-01
4.247187500000e+01 3.312978888979e-03 1.874880933201e-01
4.247500000000e+01 3.322239102756e-03 1.881009767111e-01
4.247812500000e+01 3.331544902373e-03 1.887165948058e-01
4.248125000000e+01 3.340895947914e-03 1.893349230919e-01
4.248437500000e+01 3.350291879079e-03 1.899559357773e-01
4.248750000000e+01 3.359732314734e-03 1.905796057580e-01
4.249062500000e+01 3.369216852362e-03 1.912059045867e-01
4.249375000000e+01 3.378745067527e-03 1.918348024395e-01
4.249687500000e+01 3.388316513358e-03 1.924662680841e-01
4.250000000000e+01 3.397930719996e-03 1.931002688459e-01
4.250312500000e+01 3.407587194027e-03 1.937367705750e-01
4.250625000000e+01 3.417285417995e-03 1.943757376123e-01
4.250937500000e+01 3.427024849755e-03 1.950171327557e-01
4.251250000000e+01 3.436804922007e-03 1.956609172255e-01
4.251562500000e+01 3.446625041647e-03 1.963070506304e-01
4.251875000000e+01 3.456484589244e-03 1.969554909323e-01
4.252187500000e+01 3.466382918493e-03 1.976061944118e-01
4.252500000000e+01 3.476319355552e-03 1.982591156331e-01
4.252812500000e+01 3.486293198581e-03 1.989142074089e-01
4.253125000000e+01 3.496303717057e-03 1.995714207651e-01
4.253437500000e+01 3.506350151269e-03 2.002307049055e-01
4.253750000000e+01 3.516431711708e-03 2.008920071769e-01
4.254062500000e+01 3.526547578488e-03 2.015552730335e-01
4.254375000000e+01 3.536696900779e-03 2.022204460020e-01
4.254687500000e+01 3.546878796220e-03 2.028874676464e-01
4.255000000000e+01 3.557092350330e-03 2.035562775333e-01
4.255312500000e+01 3.567336615993e-03 2.042268131972e-01
4.255625000000e+01 3.577610612807e-03 2.048990101060e-01
4.255937500000e+01 3.587913326610e-03 2.055728016273e-01
4.256250000000e+01 3.598243708841e-03 2.062481189943e-01
4.256562500000e+01 3.608600676042e-03 2.069248912731e-01
4.256875000000e+01 3.618983109327e-03 2.076030453292e-01
4.257187500000e+01 3.629389853768e-03 2.082825057961e-01
4.257500000000e+01 3.639819717990e-03 2.089631950433e-01
4.257812500000e+01 3.650271473539e-03 2.096450331457e-01
4.258125000000e+01 3.660743854466e-03 2.103279378534e-01
4.258437500000e+01 3.671235556802e-03 2.110118245623e-01
4.258750000000e+01 3.681745238093e-03 2.116966062863e-01
4.259062500000e+01 3.692271516940e-03 2.123821936294e-01
4.259375000000e+01 3.702812972571e-03 2.130684947600e-01
4.259687500000e+01 3.713368144374e-03 2.137554153854e-01
4.260000000000e+01 3.723935531591e-03 2.144428587286e-01
4.260312500000e+01 3.734513592810e-03 2.151307255052e-01
4.260625000000e+01 3.745100745737e-03 2.158189139028e-01
4.260937500000e+01 3.755695366752e-03 2.165073195614e-01
4.261250000000e+01 3.766295790670e-03 2.171958355557e-01
4.261562500000e+01 3.776900310465e-03 2.178843523788e-01
4.261875000000e+01 3.787507176952e-03 2.185727579282e-01
4.262187500000e+01 3.798114598667e-03 2.192609374933e-01
4.262500000000e+01 3.808720741582e-03 2.199487737450e-01
4.262812500000e+01 3.819323729024e-03 2.206361467277e-01
4.263125000000e+01 3.829921641531e-03 2.213229338536e-01
4.263437500000e+01 3.840512516779e-03 2.220090098988e-01
4.263750000000e+01 3.851094349540e-03 2.226942470026e-01
4.264062500000e+01 3.861665091701e-03 2.233785146687e-01
4.264375000000e+01 3.872222652265e-03 2.240616797700e-01
4.264687500000e+01 3.882764897533e-03 2.247436065549e-01
4.265000000000e+01 3.893289651124e-03 2.254241566580e-01
4.265312500000e+01 3.903794694295e-03 2.261031891128e-01
4.265625000000e+01 3.914277766050e-03 2.267805603678e-01
4.265937500000e+01 3.924736563523e-03 2.274561243061e-01
4.266250000000e+01 3.935168742314e-03 2.281297322682e-01
4.266562500000e+01 3.945571916824e-03 2.288012330783e-01
4.266875000000e+01 3.955943660817e-03 2.294704730740e-01
4.267187500000e+01 3.966281507840e-03 2.301372961401e-01
4.267500000000e+01 3.976582951868e-03 2.308015437459e-01
4.267812500000e+01 3.986845447938e-03 2.314630549864e-01
4.268125000000e+01 3.997066412832e-03 2.321216666276e-01
4.268437500000e+01 4.007243225878e-03 2.327772131559e-01
4.268750000000e+01 4.017373229785e-03 2.334295268315e-01
4.269062500000e+01 4.027453731520e-03 2.340784377460e-01
4.269375000000e+01 4.037482003368e-03 2.347237738849e-01
4.269687500000e+01 4.047455283876e-03 2.353653611937e-01
4.270000000000e+01 4.057370779091e-03 2.360030236490e-01
4.270312500000e+01 4.067225663652e-03 2.366365833337e-01
4.270625000000e+01 4.077017082122e-03 2.372658605176e-01
4.270937500000e+01 4.086742150350e-03 2.378906737412e-01
4.271250000000e+01 4.096397956806e-03 2.385108399057e-01
4.271562500000e+01 4.105981564196e-03 2.391261743665e-01
4.271875000000e+01 4.115490010920e-03 2.397364910322e-01
4.272187500000e+01 4.124920312797e-03 2.403416024674e-01
4.272500000000e+01 4.134269464767e-03 2.409413200010e-01
4.272812500000e+01 4.143534442682e-03 2.415354538391e-01
4.273125000000e+01 4.152712205200e-03 2.421238131818e-01
4.273437500000e+01 4.161799695721e-03 2.427062063451e-01
4.273750000000e+01 4.170793844397e-03 2.432824408880e-01
4.274062500000e+01 4.179691570294e-03 2.438523237425e-01
4.274375000000e+01 4.188489783463e-03 2.444156613497e-01
4.274687500000e+01 4.197185387286e-03 2.449722597989e-01
4.275000000000e+01 4.205775280684e-03 2.455219249715e-01
4.275312500000e+01 4.214256360560e-03 2.460644626893e-01
4.275625000000e+01 4.222625524219e-03 2.465996788659e-01
4.275937500000e+01 4.230879671846e-03 2.471273796624e-01
4.276250000000e+01 4.239015709127e-03 2.476473716472e-01
4.276562500000e+01 4.247030549775e-03 2.481594619581e-01
4.276875000000e+01 4.254921118286e-03 2.486634584688e-01
4.277187500000e+01 4.262684352614e-03 2.491591699578e-01
4.277500000000e+01 4.270317206956e-03 2.496464062805e-01
4.277812500000e+01 4.277816654556e-03 2.501249785436e-01
4.278125000000e+01 4.285179690568e-03 2.505946992822e-01
4.278437500000e+01 4.292403334891e-03 2.510553826387e-01
4.278750000000e+01 4.299484635188e-03 2.515068445438e-01
4.279062500000e+01 4.306420669694e-03 2.519489028989e-01
4.279375000000e+01 4.313208550310e-03 2.523813777595e-01
4.279687500000e+01 4.319845425464e-03 2.528040915201e-01
4.280000000000e+01 4.326328483177e-03 2.532168690993e-01
4.280312500000e+01 4.332654954034e-03 2.536195381251e-01
4.280625000000e+01 4.338822114155e-03 2.540119291205e-01
4.280937500000e+01 4.344827288246e-03 2.543938756882e-01
4.281250000000e+01 4.350667852469e-03 2.547652146952e-01
4.281562500000e+01 4.356341237505e-03 2.551257864555e-01
4.281875000000e+01 4.361844931429e-03 2.554754349118e-01
4.282187500000e+01 4.367176482636e-03 2.558140078149e-01
4.282500000000e+01 4.372333502698e-03 2.561413569017e-01
4.282812500000e+01 4.377313669208e-03 2.564573380691e-01
4.283125000000e+01 4.382114728510e-03 2.567618115463e-01
4.283437500000e+01 4.386734498522e-03 2.570546420629e-01
4.283750000000e+01 4.391170871261e-03 2.573356990135e-01
4.284062500000e+01 4.395421815596e-03 2.576048566176e-01
4.284375000000e+01 4.399485379618e-03 2.578619940761e-01
4.284687500000e+01 4.403359693201e-03 2.581069957217e-01
4.285000000000e+01 4.407042970309e-03 2.583397511644e-01
4.285312500000e+01 4.410533511271e-03 2.585601554321e-01
4.285625000000e+01 4.413829704991e-03 2.587681091039e-01
4.285937500000e+01 4.416930030956e-03 2.589635184385e-01
4.286250000000e+01 4.419833061257e-03 2.591462954950e-01
4.286562500000e+01 4.422537462438e-03 2.593163582473e-01
4.286875000000e+01 4.425041997217e-03 2.594736306908e-01
4.287187500000e+01 4.427345526126e-03 2.596180429427e-01
4.287500000000e+01 4.429447009002e-03 2.597495313330e-01
4.287812500000e+01 4.431345506319e-03 2.598680384890e-01
4.288125000000e+01 4.433040180518e-03 2.599735134109e-01
4.288437500000e+01 4.434530296975e-03 2.600659115390e-01
4.288750000000e+01 4.435815225107e-03 2.601451948126e-01
4.289062500000e+01 4.436894439057e-03 2.602113317200e-01
4.289375000000e+01 4.437767518480e-03 2.602642973400e-01
4.289687500000e+01 4.438434149026e-03 2.603040733739e-01
4.290000000000e+01 4.438894122738e-03 2.603306481692e-01
4.290312500000e+01 4.439147338328e-03 2.603440167333e-01
4.290625000000e+01 4.439193801208e-03 2.603441807391e-01
4.290937500000e+01 4.439033623473e-03 2.603311485205e-01
4.291250000000e+01 4.438667023749e-03 2.603049350596e-01
4.291562500000e+01 4.438094326760e-03 2.602655619643e-01
4.291875000000e+01 4.437315962903e-03 2.602130574372e-01
4.292187500000e+01 4.436332467582e-03 2.601474562349e-01
4.292500000000e+01 4.435144480417e-03 2.600687996197e-01
4.292812500000e+01 4.433752744390e-03 2.599771353014e-01
4.293125000000e+01 4.432158104688e-03 2.598725173709e-01
4.293437500000e+01 4.430361507622e-03 2.597550062263e-01
4.293750000000e+01 4.428363999197e-03 2.596246684893e-01
4.294062500000e+01 4.426166723730e-03 2.594815769149e-01
4.294375000000e+01 4.423770922258e-03 2.593258102930e-01
4.294687500000e+01 4.421177930810e-03 2.591574533423e-01
4.295000000000e+01 4.418389178658e-03 2.589765965972e-01
4.295312500000e+01 4.415406186305e-03 2.587833362881e-01
4.295625000000e+01 4.412230563498e-03 2.585777742147e-01
4.295937500000e+01 4.408864007134e-03 2.583600176131e-01
4.296250000000e+01 4.405308298953e-03 2.581301790169e-01
4.296562500000e+01 4.401565303268e-03 2.578883761133e-01
4.296875000000e+01 4.397636964544e-03 2.576347315929e-01
4.297187500000e+01 4.393525304889e-03 2.573693729957e-01
4.297500000000e+01 4.389232421571e-03 2.570924325514e-01
4.297812500000e+01 4.384760484283e-03 2.568040470169e-01
4.298125000000e+01 4.380111732573e-03 2.565043575088e-01
4.298437500000e+01 4.375288472993e-03 2.561935093333e-01
4.298750000000e+01 4.370293076386e-03 2.558716518124e-01
4.299062500000e+01 4.365127975024e-03 2.555389381082e-01
4.299375000000e+01 4.359795659717e-03 2.551955250443e-01
4.299687500000e+01 4.354298676981e-03 2.548415729259e-01
4.300000000000e+01 4.348639626010e-03 2.544772453575e-01
4.300312500000e+01 4.342821155797e-03 2.541027090606e-01
4.300625000000e+01 4.336845962196e-03 2.537181336895e-01
4.300937500000e+01 4.330716784899e-03 2.533236916474e-01
4.301250000000e+01 4.324436404507e-03 2.529195579024e-01
4.301562500000e+01 4.318007639567e-03 2.525059098032e-01
4.301875000000e+01 4.311433343573e-03 2.520829268959e-01
4.302187500000e+01 4.304716402140e-03 2.516507907416e-01
4.302500000000e+01 4.297859729933e-03 2.512096847349e-01
4.302812500000e+01 4.290866267929e-03 2.507597939246e-01
4.303125000000e+01 4.283738980419e-03 2.503013048354e-01
4.303437500000e+01 4.276480852270e-03 2.498344052925e-01
4.303750000000e+01 4.269094886090e-03 2.493592842473e-01
4.304062500000e+01 4.261584099476e-03 2.488761316073e-01
4.304375000000e+01 4.253951522349e-03 2.483851380676e-01
4.304687500000e+01 4.246200194229e-03 2.478864949455e-01
4.305000000000e+01 4.238333161658e-03 2.473803940192e-01
4.305312500000e+01 4.230353475707e-03 2.468670273688e-01
4.305625000000e+01 4.222264189396e-03 2.463465872219e-01
4.305937500000e+01 4.214068355320e-03 2.458192658022e-01
4.306250000000e+01 4.205769023264e-03 2.452852551822e-01
4.306562500000e+01 4.197369237875e-03 2.447447471404e-01
4.306875000000e+01 4.188872036506e-03 2.441979330219e-01
4.307187500000e+01 4.180280446935e-03 2.436450036038e-01
4.307500000000e+01 4.171597485393e-03 2.430861489647e-01
4.307812500000e+01 4.162826154420e-03 2.425215583589e-01
4.308125000000e+01 4.153969441002e-03 2.419514200947e-01
4.308437500000e+01 4.145030314654e-03 2.413759214172e-01
4.308750000000e+01 4.136011725615e-03 2.407952483966e-01
4.309062500000e+01 4.126916603149e-03 2.402095858197e-01
4.309375000000e+01 4.117747853836e-03 2.396191170871e-01
4.309687500000e+01 4.108508360012e-03 2.390240241147e-01
4.310000000000e+01 4.099200978323e-03 2.384244872395e-01
4.310312500000e+01 4.089828538198e-03 2.378206851307e-01
4.310625000000e+01 4.080393840557e-03 2.372127947047e-01
4.310937500000e+01 4.070899656510e-03 2.366009910453e-01
4.311250000000e+01 4.061348726121e-03 2.359854473276e-01
4.311562500000e+01 4.051743757339e-03 2.353663347472e-01
4.311875000000e+01 4.042087424835e-03 2.347438224532e-01
4.312187500000e+01 4.032382369110e-03 2.341180774862e-01
4.312500000000e+01 4.022631195468e-03 2.334892647196e-01
4.312812500000e+01 4.012836473224e-03 2.328575468062e-01
4.313125000000e+01 4.003000734893e-03 2.322230841280e-01
4.313437500000e+01 3.993126475451e-03 2.315860347507e-01
4.313750000000e+01 3.983216151683e-03 2.309465543817e-01
4.314062500000e+01 3.973272181582e-03 2.303047963322e-01
4.314375000000e+01 3.963296943774e-03 2.296609114831e-01
4.314687500000e+01 3.953292777109e-03 2.290150482540e-01
4.315000000000e+01 3.943261980160e-03 2.283673525769e-01
4.315312500000e+01 3.933206810895e-03 2.277179678720e-01
4.315625000000e+01 3.923129486352e-03 2.270670350279e-01
4.315937500000e+01 3.913032182355e-03 2.264146923841e-01
4.316250000000e+01 3.902917033364e-03 2.257610757178e-01
4.316562500000e+01 3.892786132214e-03 2.251063182325e-01
4.316875000000e+01 3.882641530104e-03 2.244505505503e-01
4.317187500000e+01 3.872485236426e-03 2.237939007067e-01
4.317500000000e+01 3.862319218803e-03 2.231364941481e-01
4.317812500000e+01 3.852145403077e-03 2.224784537318e-01
4.318125000000e+01 3.841965673351e-03 2.218198997285e-01
4.318437500000e+01 3.831781872101e-03 2.211609498276e-01
4.318750000000e+01 3.821595800286e-03 2.205017191439e-01
4.319062500000e+01 3.811409217489e-03 2.198423202267e-01
4.319375000000e+01 3.801223842167e-03 2.191828630719e-01
4.319687500000e+01 3.791041351815e-03 2.185234551344e-01
4.320000000000e+01 3.780863383245e-03 2.178642013435e-01
4.320312500000e+01 3.770691532873e-03 2.172052041198e-01
4.320625000000e+01 3.760527356981e-03 2.165465633934e-01
4.320937500000e+01 3.750372372140e-03 2.158883766238e-01
4.321250000000e+01 3.740228055444e-03 2.152307388216e-01
4.321562500000e+01 3.730095845007e-03 2.145737425707e-01
4.321875000000e+01 3.719977140250e-03 2.139174780530e-01
4.322187500000e+01 3.709873302393e-03 2.132620330728e-01
4.322500000000e+01 3.699785654856e-03 2.126074930835e-01
4.322812500000e+01 3.689715483705e-03 2.119539412148e-01
4.323125000000e+01 3.679664038128e-03 2.113014583009e-01
4.323437500000e+01 3.669632530901e-03 2.106501229094e-01
4.323750000000e+01 3.659622138863e-03 2.100000113710e-01
4.324062500000e+01 3.649634003466e-03 2.093511978105e-01
4.324375000000e+01 3.639669231230e-03 2.087037541775e-01
4.324687500000e+01 3.629728894289e-03 2.080577502784e-01
4.325000000000e+01 3.619814030921e-03 2.074132538085e-01
4.325312500000e+01 3.609925646050e-03 2.067703303846e-01
4.325625000000e+01 3.600064711858e-03 2.061290435785e-01
4.325937500000e+01 3.590232168227e-03 2.054894549498e-01
4.326250000000e+01 3.580428923409e-03 2.048516240804e-01
4.326562500000e+01 3.570655854460e-03 2.042156086074e-01
4.326875000000e+01 3.560913807889e-03 2.035814642584e-01
4.327187500000e+01 3.551203600170e-03 2.029492448846e-01
4.327500000000e+01 3.541526018314e-03 2.023190024960e-01
4.327812500000e+01 3.531881820427e-03 2.016907872954e-01
4.328125000000e+01 3.522271736279e-03 2.010646477128e-01
4.328437500000e+01 3.512696467828e-03 2.004406304398e-01
4.328750000000e+01 3.503156689853e-03 1.998187804642e-01
4.329062500000e+01 3.493653050411e-03 1.991991411037e-01
4.329375000000e+01 3.484186171492e-03 1.985817540404e-01
4.329687500000e+01 3.474756649500e-03 1.979666593545e-01
4.330000000000e+01 3.465365055806e-03 1.973538955580e-01
4.330312500000e+01 3.456011937360e-03 1.967434996287e-01
4.330625000000e+01 3.446697817126e-03 1.961355070429e-01
4.330937500000e+01 3.437423194733e-03 1.955299518086e-01
4.331250000000e+01 3.428188546900e-03 1.949268664985e-01
4.331562500000e+01 3.418994328040e-03 1.943262822822e-01
4.331875000000e+01 3.409840970748e-03 1.937282289584e-01
4.332187500000e+01 3.400728886324e-03 1.931327349869e-01
4.332500000000e+01 3.391658465280e-03 1.925398275196e-01
4.332812500000e+01 3.382630077854e-03 1.919495324321e-01
4.333125000000e+01 3.373644074475e-03 1.913618743539e-01
4.333437500000e+01 3.364700786325e-03 1.907768766992e-01
4.333750000000e+01 3.355800525723e-03 1.901945616966e-01
4.334062500000e+01 3.346943586713e-03 1.896149504185e-01
4.334375000000e+01 3.338130245448e-03 1.890380628104e-01
4.334687500000e+01 3.329360760680e-03 1.884639177193e-01
4.335000000000e+01 3.320635374262e-03 1.878925329224e-01
4.335312500000e+01 3.311954311513e-03 1.873239251543e-01
4.335625000000e+01 3.303317781753e-03 1.867581101348e-01
4.335937500000e+01 3.294725978657e-03 1.861951025956e-01
4.336250000000e+01 3.286179080733e-03 1.856349163070e-01
4.336562500000e+01 3.277677251733e-03 1.850775641035e-01
4.336875000000e+01 3.269220641053e-03 1.845230579097e-01
4.337187500000e+01 3.260809384150e-03 1.839714087652e-01
4.337500000000e+01 3.252443602944e-03 1.834226268494e-01
4.337812500000e+01 3.244123406176e-03 1.828767215056e-01
4.338125000000e+01 3.235848889857e-03 1.823337012646e-01
4.338437500000e+01 3.227620137560e-03 1.817935738683e-01
4.338750000000e+01 3.219437220872e-03 1.812563462921e-01
4.339062500000e+01 3.211300199690e-03 1.807220247677e-01
4.339375000000e+01 3.203209122593e-03 1.801906148048e-01
4.339687500000e+01 3.195164027226e-03 1.796621212125e-01
4.340000000000e+01 3.187164940567e-03 1.791365481205e-01
4.340312500000e+01 3.179211879342e-03 1.786138989995e-01
4.340625000000e+01 3.171304850271e-03 1.780941766818e-01
4.340937500000e+01 3.163443850439e-03 1.775773833803e-01
4.341250000000e+01 3.155628867592e-03 1.770635207085e-01
4.341562500000e+01 3.147859880427e-03 1.765525896990e-01
4.341875000000e+01 3.140136858914e-03 1.760445908220e-01
4.342187500000e+01 3.132459764568e-03 1.755395240035e-01
4.342500000000e+01 3.124828550718e-03 1.750373886426e-01
4.342812500000e+01 3.117243162844e-03 1.745381836292e-01
4.343125000000e+01 3.109703538760e-03 1.740419073605e-01
4.343437500000e+01 3.102209608966e-03 1.735485577574e-01
4.343750000000e+01 3.094761296847e-03 1.730581322808e-01
4.344062500000e+01 3.087358518921e-03 1.725706279472e-01
4.344375000000e+01 3.080001185153e-03 1.720860413438e-01
4.344687500000e+01 3.072689199096e-03 1.716043686437e-01
4.345000000000e+01 3.065422458223e-03 1.711256056201e-01
4.345312500000e+01 3.058200854068e-03 1.706497476612e-01
4.345625000000e+01 3.051024272509e-03 1.701767897831e-01
4.345937500000e+01 3.043892593958e-03 1.697067266441e-01
4.346250000000e+01 3.036805693575e-03 1.692395525575e-01
4.346562500000e+01 3.029763441476e-03 1.687752615044e-01
4.346875000000e+01 3.022765702938e-03 1.683138471466e-01
4.347187500000e+01 3.015812338564e-03 1.678553028382e-01
4.347500000000e+01 3.008903204535e-03 1.673996216379e-01
4.347812500000e+01 3.002038152715e-03 1.669467963205e-01
4.348125000000e+01 2.995217030907e-03 1.664968193879e-01
4.348437500000e+01 2.988439682978e-03 1.660496830804e-01
4.348750000000e+01 2.981705949027e-03 1.656053793872e-01
4.349062500000e+01 2.975015665607e-03 1.651639000568e-01
4.349375000000e+01 2.968368665802e-03 1.647252366072e-01
4.349687500000e+01 2.961764779472e-03 1.642893803353e-01
4.350000000000e+01 2.955203833323e-03 1.638563223273e-01
4.350312500000e+01 2.948685651113e-03 1.634260534671e-01
4.350625000000e+01 2.942210053777e-03 1.629985644460e-01
4.350937500000e+01 2.935776859559e-03 1.625738457710e-01
4.351250000000e+01 2.929385884159e-03 1.621518877737e-01
4.351562500000e+01 2.923036940864e-03 1.617326806187e-01
4.351875000000e+01 2.916729840649e-03 1.613162143110e-01
4.352187500000e+01 2.910464392367e-03 1.609024787048e-01
4.352500000000e+01 2.904240402781e-03 1.604914635102e-01
4.352812500000e+01 2.898057676767e-03 1.600831583012e-01
4.353125000000e+01 2.891916017369e-03 1.596775525229e-01
4.353437500000e+01 2.885815225918e-03 1.592746354978e-01
4.353750000000e+01 2.879755102181e-03 1.588743964336e-01
4.354062500000e+01 2.873735444395e-03 1.584768244287e-01
4.354375000000e+01 2.867756049445e-03 1.580819084794e-01
4.354687500000e+01 2.861816712889e-03 1.576896374858e-01
4.355000000000e+01 2.855917229102e-03 1.573000002576e-01
4.355312500000e+01 2.850057391351e-03 1.569129855202e-01
4.355625000000e+01 2.844236991881e-03 1.565285819203e-01
4.355937500000e+01 2.838455822006e-03 1.561467780313e-01
4.356250000000e+01 2.832713672195e-03 1.557675623585e-01
4.356562500000e+01 2.827010332126e-03 1.553909233445e-01
4.356875000000e+01 2.821345590824e-03 1.550168493740e-01
4.357187500000e+01 2.815719236658e-03 1.546453287787e-01
4.357500000000e+01 2.810131057489e-03 1.542763498418e-01
4.357812500000e+01 2.804580840689e-03 1.539099008029e-01
4.358125000000e+01 2.799068373216e-03 1.535459698620e-01
4.358437500000e+01 2.793593441723e-03 1.531845451840e-01
4.358750000000e+01 2.788155832552e-03 1.528256149026e-01
4.359062500000e+01 2.782755331870e-03 1.524691671245e-01
4.359375000000e+01 2.777391725661e-03 1.521151899329e-01
4.359687500000e+01 2.772064799833e-03 1.517636713917e-01
4.360000000000e+01 2.766774340251e-03 1.514145995486e-01
4.360312500000e+01 2.761520132793e-03 1.510679624391e-01
4.360625000000e+01 2.756301963408e-03 1.507237480893e-01
4.360937500000e+01 2.751119618165e-03 1.503819445194e-01
4.361250000000e+01 2.745972883279e-03 1.500425397471e-01
4.361562500000e+01 2.740861545211e-03 1.497055217902e-01
4.361875000000e+01 2.735785390642e-03 1.493708786697e-01
4.362187500000e+01 2.730744206584e-03 1.490385984126e-01
4.362500000000e+01 2.725737780380e-03 1.487086690548e-01
4.362812500000e+01 2.720765899737e-03 1.483810786435e-01
4.363125000000e+01 2.715828352818e-03 1.480558152397e-01
4.363437500000e+01 2.710924928206e-03 1.477328669209e-01
4.363750000000e+01 2.706055415015e-03 1.474122217832e-01
4.364062500000e+01 2.701219602855e-03 1.470938679439e-01
4.364375000000e+01 2.696417281915e-03 1.467777935432e-01
4.364687500000e+01 2.691648242972e-03 1.464639867467e-01
4.365000000000e+01 2.686912277426e-03 1.461524357474e-01
4.365312500000e+01 2.682209177333e-03 1.458431287674e-01
4.365625000000e+01 2.677538735429e-03 1.455360540600e-01
4.365937500000e+01 2.672900745143e-03 1.452311999113e-01
4.366250000000e+01 2.668295000670e-03 1.449285546425e-01
4.366562500000e+01 2.663721296923e-03 1.446281066106e-01
4.366875000000e+01 2.659179429639e-03 1.443298442109e-01
4.367187500000e+01 2.654669195323e-03 1.440337558781e-01
4.367500000000e+01 2.650190391322e-03 1.437398300878e-01
4.367812500000e+01 2.645742815843e-03 1.434480553580e-01
4.368125000000e+01 2.641326267929e-03 1.431584202504e-01
4.368437500000e+01 2.636940547545e-03 1.428709133719e-01
4.368750000000e+01 2.632585455526e-03 1.425855233752e-01
4.369062500000e+01 2.628260793647e-03 1.423022389611e-01
4.369375000000e+01 2.623966364618e-03 1.420210488785e-01
4.369687500000e+01 2.619701972097e-03 1.417419419262e-01
4.370000000000e+01 2.615467420714e-03 1.414649069537e-01
4.370312500000e+01 2.611262516082e-03 1.411899328621e-01
4.370625000000e+01 2.607087064790e-03 1.409170086053e-01
4.370937500000e+01 2.602940874468e-03 1.406461231907e-01
4.371250000000e+01 2.598823753727e-03 1.403772656802e-01
4.371562500000e+01 2.594735512246e-03 1.401104251907e-01
4.371875000000e+01 2.590675960713e-03 1.398455908953e-01
4.372187500000e+01 2.586644910879e-03 1.395827520239e-01
4.372500000000e+01 2.582642175568e-03 1.393218978637e-01
4.372812500000e+01 2.578667568643e-03 1.390630177601e-01
4.373125000000e+01 2.574720905080e-03 1.388061011170e-01
4.373437500000e+01 2.570802000908e-03 1.385511373980e-01
4.373750000000e+01 2.566910673262e-03 1.382981161263e-01
4.374062500000e+01 2.563046740379e-03 1.380470268854e-01
4.374375000000e+01 2.559210021591e-03 1.377978593201e-01
4.374687500000e+01 2.555400337347e-03 1.375506031362e-01
4.375000000000e+01 2.551617509213e-03 1.373052481014e-01
4.375312500000e+01 2.547861359858e-03 1.370617840456e-01
4.375625000000e+01 2.544131713105e-03 1.368202008612e-01
4.375937500000e+01 2.540428393870e-03 1.365804885037e-01
4.376250000000e+01 2.536751228240e-03 1.363426369917e-01
4.376562500000e+01 2.533100043399e-03 1.361066364072e-01
4.376875000000e+01 2.529474667686e-03 1.358724768964e-01
4.377187500000e+01 2.525874930593e-03 1.356401486693e-01
4.377500000000e+01 2.522300662722e-03 1.354096420003e-01
4.377812500000e+01 2.518751695855e-03 1.351809472282e-01
4.378125000000e+01 2.515227862886e-03 1.349540547566e-01
4.378437500000e+01 2.511728997872e-03 1.347289550540e-01
4.378750000000e+01 2.508254936017e-03 1.345056386538e-01
4.379062500000e+01 2.504805513666e-03 1.342840961546e-01
4.379375000000e+01 2.501380568315e-03 1.340643182202e-01
4.379687500000e+01 2.497979938610e-03 1.338462955800e-01
4.380000000000e+01 2.494603464327e-03 1.336300190284e-01
4.380312500000e+01 2.491250986418e-03 1.334154794257e-01
4.380625000000e+01 2.487922346944e-03 1.332026676974e-01
4.380937500000e+01 2.484617389150e-03 1.329915748347e-01
4.381250000000e+01 2.481335957387e-03 1.327821918943e-01
4.381562500000e+01 2.478077897164e-03 1.325745099986e-01
4.381875000000e+01 2.474843055141e-03 1.323685203355e-01
4.382187500000e+01 2.471631279086e-03 1.321642141583e-01
4.382500000000e+01 2.468442417938e-03 1.319615827860e-01
4.382812500000e+01 2.465276321736e-03 1.317606176029e-01
4.383125000000e+01 2.462132841670e-03 1.315613100586e-01
4.383437500000e+01 2.459011830052e-03 1.313636516682e-01
4.383750000000e+01 2.455913140318e-03 1.311676340118e-01
4.384062500000e+01 2.452836627030e-03 1.309732487349e-01
4.384375000000e+01 2.449782145870e-03 1.307804875477e-01
4.384687500000e+01 2.446749553619e-03 1.305893422256e-01
4.385000000000e+01 2.443738708202e-03 1.303998046084e-01
4.385312500000e+01 2.440749468617e-03 1.302118666009e-01
4.385625000000e+01 2.437781695003e-03 1.300255201723e-01
4.385937500000e+01 2.434835248570e-03 1.298407573561e-01
4.386250000000e+01 2.431909991636e-03 1.296575702499e-01
4.386562500000e+01 2.429005787630e-03 1.294759510155e-01
4.386875000000e+01 2.426122501037e-03 1.292958918785e-01
4.387187500000e+01 2.423259997463e-03 1.291173851283e-01
4.387500000000e+01 2.420418143566e-03 1.289404231175e-01
4.387812500000e+01 2.417596807094e-03 1.287649982624e-01
4.388125000000e+01 2.414795856870e-03 1.285911030420e-01
4.388437500000e+01 2.412015162777e-03 1.284187299985e-01
4.388750000000e+01 2.409254595767e-03 1.282478717367e-01
4.389062500000e+01 2.406514027851e-03 1.280785209239e-01
4.389375000000e+01 2.403793332079e-03 1.279106702897e-01
4.389687500000e+01 2.401092382578e-03 1.277443126257e-01
4.390000000000e+01 2.398411054488e-03 1.275794407854e-01
4.390312500000e+01 2.395749224020e-03 1.274160476838e-01
4.390625000000e+01 2.393106768389e-03 1.272541262973e-01
4.390937500000e+01 2.390483565854e-03 1.270936696635e-01
4.391250000000e+01 2.387879495709e-03 1.269346708807e-01
4.391562500000e+01 2.385294438239e-03 1.267771231081e-01
4.391875000000e+01 2.382728274777e-03 1.266210195650e-01
4.392187500000e+01 2.380180887634e-03 1.264663535312e-01
4.392500000000e+01 2.377652160141e-03 1.263131183459e-01
4.392812500000e+01 2.375141976627e-03 1.261613074085e-01
4.393125000000e+01 2.372650222409e-03 1.260109141772e-01
4.393437500000e+01 2.370176783797e-03 1.258619321699e-01
4.393750000000e+01 2.367721548083e-03 1.257143549628e-01
4.394062500000e+01 2.365284403523e-03 1.255681761911e-01
4.394375000000e+01 2.362865239373e-03 1.254233895481e-01
4.394687500000e+01 2.360463945823e-03 1.252799887852e-01
4.395000000000e+01 2.358080414055e-03 1.251379677118e-01
4.395312500000e+01 2.355714536183e-03 1.249973201944e-01
4.395625000000e+01 2.353366205278e-03 1.248580401572e-01
4.395937500000e+01 2.351035315373e-03 1.247201215810e-01
4.396250000000e+01 2.348721761408e-03 1.245835585036e-01
4.396562500000e+01 2.346425439295e-03 1.244483450191e-01
4.396875000000e+01 2.344146245843e-03 1.243144752777e-01
4.397187500000e+01 2.341884078801e-03 1.241819434855e-01
4.397500000000e+01 2.339638836832e-03 1.240507439044e-01
4.397812500000e+01 2.337410419514e-03 1.239208708514e-01
4.398125000000e+01 2.335198727331e-03 1.237923186985e-01
4.398437500000e+01 2.333003661671e-03 1.236650818729e-01
4.398750000000e+01 2.330825124806e-03 1.235391548558e-01
4.399062500000e+01 2.328663019926e-03 1.234145321829e-01
4.399375000000e+01 2.326517251075e-03 1.232912084438e-01
4.399687500000e+01 2.324387723210e-03 1.231691782819e-01
4.400000000000e+01 2.322274342133e-03 1.230484363936e-01
4.400312500000e+01 2.320177014535e-03 1.229289775289e-01
4.400625000000e+01 2.318095647967e-03 1.228107964904e-01
4.400937500000e+01 2.316030150834e-03 1.226938881333e-01
4.401250000000e+01 2.313980432414e-03 1.225782473651e-01
4.401562500000e+01 2.311946402806e-03 1.224638691454e-01
4.401875000000e+01 2.309927972972e-03 1.223507484854e-01
4.402187500000e+01 2.307925054708e-03 1.222388804480e-01
4.402500000000e+01 2.305937560641e-03 1.221282601470e-01
4.402812500000e+01 2.303965404230e-03 1.220188827476e-01
4.403125000000e+01 2.302008499759e-03 1.219107434652e-01
4.403437500000e+01 2.300066762313e-03 1.218038375658e-01
4.403750000000e+01 2.298140107821e-03 1.216981603656e-01
4.404062500000e+01 2.296228452983e-03 1.215937072307e-01
4.404375000000e+01 2.294331715340e-03 1.214904735765e-01
4.404687500000e+01 2.292449813198e-03 1.213884548681e-01
4.405000000000e+01 2.290582665673e-03 1.212876466194e-01
4.405312500000e+01 2.288730192667e-03 1.211880443934e-01
4.405625000000e+01 2.286892314858e-03 1.210896438013e-01
4.405937500000e+01 2.285068953720e-03 1.209924405030e-01
4.406250000000e+01 2.283260031477e-03 1.208964302060e-01
4.406562500000e+01 2.281465471134e-03 1.208016086659e-01
4.406875000000e+01 2.279685196459e-03 1.207079716856e-01
4.407187500000e+01 2.277919131978e-03 1.206155151156e-01
4.407500000000e+01 2.276167202971e-03 1.205242348530e-01
4.407812500000e+01 2.274429335471e-03 1.204341268419e-01
4.408125000000e+01 2.272705456239e-03 1.203451870729e-01
4.408437500000e+01 2.270995492806e-03 1.202574115829e-01
4.408750000000e+01 2.269299373407e-03 1.201707964547e-01
4.409062500000e+01 2.267617027037e-03 1.200853378170e-01
4.409375000000e+01 2.265948383392e-03 1.200010318438e-01
4.409687500000e+01 2.264293372904e-03 1.199178747547e-01
4.410000000000e+01 2.262651926721e-03 1.198358628142e-01
4.410312500000e+01 2.261023976696e-03 1.197549923315e-01
4.410625000000e+01 2.259409455412e-03 1.196752596607e-01
4.410937500000e+01 2.257808296128e-03 1.195966611998e-01
4.411250000000e+01 2.256220432819e-03 1.195191933912e-01
4.411562500000e+01 2.254645800155e-03 1.194428527212e-01
4.411875000000e+01 2.253084333493e-03 1.193676357195e-01
4.412187500000e+01 2.251535968881e-03 1.192935389593e-01
4.412500000000e+01 2.250000643052e-03 1.192205590573e-01
4.412812500000e+01 2.248478293401e-03 1.191486926726e-01
4.413125000000e+01 2.246968858027e-03 1.190779365075e-01
4.413437500000e+01 2.245472275669e-03 1.190082873066e-01
4.413750000000e+01 2.243988485760e-03 1.189397418568e-01
4.414062500000e+01 2.242517428372e-03 1.188722969872e-01
4.414375000000e+01 2.241059044249e-03 1.188059495685e-01
4.414687500000e+01 2.239613274788e-03 1.187406965134e-01
4.415000000000e+01 2.238180062030e-03 1.186765347757e-01
4.415312500000e+01 2.236759348680e-03 1.186134613507e-01
4.415625000000e+01 2.235351078064e-03 1.185514732744e-01
4.415937500000e+01 2.233955194157e-03 1.184905676239e-01
4.416250000000e+01 2.232571641575e-03 1.184307415167e-01
4.416562500000e+01 2.231200365556e-03 1.183719921107e-01
4.416875000000e+01 2.229841311975e-03 1.183143166042e-01
4.417187500000e+01 2.228494427327e-03 1.182577122353e-01
4.417500000000e+01 2.227159658718e-03 1.182021762818e-01
4.417812500000e+01 2.225836953896e-03 1.181477060612e-01
4.418125000000e+01 2.224526261193e-03 1.180942989306e-01
4.418437500000e+01 2.223227529582e-03 1.180419522859e-01
4.418750000000e+01 2.221940708614e-03 1.179906635623e-01
4.419062500000e+01 2.220665748460e-03 1.179404302338e-01
4.419375000000e+01 2.219402599888e-03 1.178912498128e-01
4.419687500000e+01 2.218151214256e-03 1.178431198504e-01
4.420000000000e+01 2.216911543534e-03 1.177960379359e-01
4.420312500000e+01 2.215683540260e-03 1.177500016965e-01
4.420625000000e+01 2.214467157559e-03 1.177050087976e-01
4.420937500000e+01 2.213262349162e-03 1.176610569420e-01
4.421250000000e+01 2.212069069360e-03 1.176181438703e-01
4.421562500000e+01 2.210887273029e-03 1.175762673602e-01
4.421875000000e+01 2.209716915621e-03 1.175354252268e-01
4.422187500000e+01 2.208557953142e-03 1.174956153222e-01
4.422500000000e+01 2.207410342198e-03 1.174568355351e-01
4.422812500000e+01 2.206274039924e-03 1.174190837911e-01
4.423125000000e+01 2.205149004050e-03 1.173823580522e-01
4.423437500000e+01 2.204035192839e-03 1.173466563169e-01
4.423750000000e+01 2.202932565123e-03 1.173119766196e-01
4.424062500000e+01 2.201841080286e-03 1.172783170308e-01
4.424375000000e+01 2.200760698257e-03 1.172456756570e-01
4.424687500000e+01 2.199691379529e-03 1.172140506403e-01
4.425000000000e+01 2.198633085120e-03 1.171834401581e-01
4.425312500000e+01 2.197585776590e-03 1.171538424235e-01
4.425625000000e+01 2.196549416060e-03 1.171252556846e-01
4.425937500000e+01 2.195523966169e-03 1.170976782247e-01
4.426250000000e+01 2.194509390098e-03 1.170711083618e-01
4.426562500000e+01 2.193505651559e-03 1.170455444489e-01
4.426875000000e+01 2.192512714780e-03 1.170209848734e-01
4.427187500000e+01 2.191530544545e-03 1.169974280573e-01
4.427500000000e+01 2.190559106126e-03 1.169748724569e-01
4.427812500000e+01 2.189598365352e-03 1.169533165625e-01
4.428125000000e+01 2.188648288542e-03 1.169327588986e-01
4.428437500000e+01 2.187708842547e-03 1.169131980236e-01
4.428750000000e+01 2.186779994730e-03 1.168946325295e-01
4.429062500000e+01 2.185861712961e-03 1.168770610419e-01
4.429375000000e+01 2.184953965636e-03 1.168604822200e-01
4.429687500000e+01 2.184056721639e-03 1.168448947563e-01
4.430000000000e+01 2.183169950358e-03 1.168302973764e-01
4.430312500000e+01 2.182293621707e-03 1.168166888390e-01
4.430625000000e+01 2.181427706080e-03 1.168040679358e-01
4.430937500000e+01 2.180572174381e-03 1.167924334911e-01
4.431250000000e+01 2.179726998007e-03 1.167817843620e-01
4.431562500000e+01 2.178892148840e-03 1.167721194383e-01
4.431875000000e+01 2.178067599276e-03 1.167634376419e-01
4.432187500000e+01 2.177253322177e-03 1.167557379271e-01
4.432500000000e+01 2.176449290919e-03 1.167490192805e-01
4.432812500000e+01 2.175655479341e-03 1.167432807205e-01
4.433125000000e+01 2.174871861781e-03 1.167385212976e-01
4.433437500000e+01 2.174098413055e-03 1.167347400941e-01
4.433750000000e+01 2.173335108458e-03 1.167319362237e-01
4.434062500000e+01 2.172581923777e-03 1.167301088320e-01
4.434375000000e+01 2.171838835261e-03 1.167292570958e-01
4.434687500000e+01 2.171105819628e-03 1.167293802234e-01
4.435000000000e+01 2.170382854097e-03 1.167304774542e-01
4.435312500000e+01 2.169669916335e-03 1.167325480586e-01
4.435625000000e+01 2.168966984492e-03 1.167355913382e-01
4.435937500000e+01 2.168274037182e-03 1.167396066252e-01
4.436250000000e+01 2.167591053478e-03 1.167445932828e-01
4.436562500000e+01 2.166918012939e-03 1.167505507047e-01
4.436875000000e+01 2.166254895562e-03 1.167574783151e-01
4.437187500000e+01 2.165601681834e-03 1.167653755689e-01
4.437500000000e+01 2.164958352678e-03 1.167742419509e-01
4.437812500000e+01 2.164324889486e-03 1.167840769763e-01
4.438125000000e+01 2.163701274113e-03 1.167948801906e-01
4.438437500000e+01 2.163087488862e-03 1.168066511690e-01
4.438750000000e+01 2.162483516496e-03 1.168193895168e-01
4.439062500000e+01 2.161889340232e-03 1.168330948688e-01
4.439375000000e+01 2.161304943725e-03 1.168477668899e-01
4.439687500000e+01 2.160730311104e-03 1.168634052744e-01
4.440000000000e+01 2.160165426930e-03 1.168800097459e-01
4.440312500000e+01 2.159610276219e-03 1.168975800576e-01
4.440625000000e+01 2.159064844435e-03 1.169161159919e-01
4.440937500000e+01 2.158529117474e-03 1.169356173606e-01
4.441250000000e+01 2.158003081700e-03 1.169560840042e-01
4.441562500000e+01 2.157486723894e-03 1.169775157925e-01
4.441875000000e+01 2.156980031305e-03 1.169999126241e-01
4.442187500000e+01 2.156482991599e-03 1.170232744263e-01
4.442500000000e+01 2.155995592893e-03 1.170476011552e-01
4.442812500000e+01 2.155517823745e-03 1.170728927955e-01
4.443125000000e+01 2.155049673142e-03 1.170991493604e-01
4.443437500000e+01 2.154591130516e-03 1.171263708915e-01
4.443750000000e+01 2.154142185730e-03 1.171545574587e-01
4.444062500000e+01 2.153702829071e-03 1.171837091602e-01
4.444375000000e+01 2.153273051281e-03 1.172138261221e-01
4.444687500000e+01 2.152852843516e-03 1.172449084989e-01
4.445000000000e+01 2.152442197371e-03 1.172769564727e-01
4.445312500000e+01 2.152041104873e-03 1.173099702537e-01
4.445625000000e+01 2.151649558461e-03 1.173439500796e-01
4.445937500000e+01 2.151267551034e-03 1.173788962160e-01
4.446250000000e+01 2.150895075883e-03 1.174148089560e-01
4.446562500000e+01 2.150532126759e-03 1.174516886202e-01
4.446875000000e+01 2.150178697811e-03 1.174895355564e-01
4.447187500000e+01 2.149834783628e-03 1.175283501399e-01
4.447500000000e+01 2.149500379220e-03 1.175681327731e-01
4.447812500000e+01 2.149175480018e-03 1.176088838855e-01
4.448125000000e+01 2.148860081878e-03 1.176506039338e-01
4.448437500000e+01 2.148554181081e-03 1.176932934014e-01
4.448750000000e+01 2.148257774312e-03 1.177369527985e-01
4.449062500000e+01 2.147970858700e-03 1.177815826623e-01
4.449375000000e+01 2.147693431779e-03 1.178271835563e-01
4.449687500000e+01 2.147425491505e-03 1.178737560709e-01
4.450000000000e+01 2.147167036256e-03 1.179213008227e-01
4.450312500000e+01 2.146918064809e-03 1.179698184547e-01
4.450625000000e+01 2.146678576390e-03 1.180193096362e-01
4.450937500000e+01 2.146448570605e-03 1.180697750628e-01
4.451250000000e+01 2.146228047510e-03 1.181212154559e-01
4.451562500000e+01 2.146017007548e-03 1.181736315631e-01
4.451875000000e+01 2.145815451589e-03 1.182270241579e-01
4.452187500000e+01 2.145623380916e-03 1.182813940393e-01
4.452500000000e+01 2.145440797222e-03 1.183367420324e-01
4.452812500000e+01 2.145267702615e-03 1.183930689875e-01
4.453125000000e+01 2.145104099617e-03 1.184503757807e-01
4.453437500000e+01 2.144949991146e-03 1.185086633133e-01
4.453750000000e+01 2.144805380558e-03 1.185679325119e-01
4.454062500000e+01 2.144670271588e-03 1.186281843283e-01
4.454375000000e+01 2.144544668408e-03 1.186894197396e-01
4.454687500000e+01 2.144428575587e-03 1.187516397475e-01
4.455000000000e+01 2.144321998090e-03 1.188148453788e-01
4.455312500000e+01 2.144224941320e-03 1.188790376851e-01
4.455625000000e+01 2.144137411054e-03 1.189442177426e-01
4.455937500000e+01 2.144059413507e-03 1.190103866521e-01
4.456250000000e+01 2.143990955275e-03 1.190775455386e-01
4.456562500000e+01 2.143932043375e-03 1.191456955518e-01
4.456875000000e+01 2.143882685224e-03 1.192148378655e-01
4.457187500000e+01 2.143842888648e-03 1.192849736774e-01
4.457500000000e+01 2.143812661873e-03 1.193561042094e-01
4.457812500000e+01 2.143792013537e-03 1.194282307073e-01
4.458125000000e+01 2.143780952662e-03 1.195013544405e-01
4.458437500000e+01 2.143779488705e-03 1.195754767022e-01
4.458750000000e+01 2.143787631490e-03 1.196505988091e-01
4.459062500000e+01 2.143805391276e-03 1.197267221011e-01
4.459375000000e+01 2.143832778707e-03 1.198038479415e-01
4.459687500000e+01 2.143869804819e-03 1.198819777168e-01
4.460000000000e+01 2.143916481076e-03 1.199611128365e-01
4.460312500000e+01 2.143972819311e-03 1.200412547328e-01
4.460625000000e+01 2.144038831789e-03 1.201224048609e-01
4.460937500000e+01 2.144114531146e-03 1.202045646984e-01
4.461250000000e+01 2.144199930431e-03 1.202877357455e-01
4.461562500000e+01 2.144295043093e-03 1.203719195247e-01
4.461875000000e+01 2.144399882973e-03 1.204571175806e-01
4.462187500000e+01 2.144514464314e-03 1.205433314800e-01
4.462500000000e+01 2.144638801756e-03 1.206305628114e-01
4.462812500000e+01 2.144772910323e-03 1.207188131852e-01
4.463125000000e+01 2.144916805461e-03 1.208080842334e-01
4.463437500000e+01 2.145070502980e-03 1.208983776093e-01
4.463750000000e+01 2.145234019113e-03 1.209896949876e-01
4.464062500000e+01 2.145407370475e-03 1.210820380640e-01
4.464375000000e+01 2.145590574063e-03 1.211754085552e-01
4.464687500000e+01 2.145783647296e-03 1.212698081988e-01
4.465000000000e+01 2.145986607950e-03 1.213652387528e-01
4.465312500000e+01 2.146199474231e-03 1.214617019957e-01
4.465625000000e+01 2.146422264702e-03 1.215591997263e-01
4.465937500000e+01 2.146654998338e-03 1.216577337634e-01
4.466250000000e+01 2.146897694497e-03 1.217573059457e-01
4.466562500000e+01 2.147150372926e-03 1.218579181318e-01
4.466875000000e+01 2.147413053764e-03 1.219595721994e-01
4.467187500000e+01 2.147685757538e-03 1.220622700457e-01
4.467500000000e+01 2.147968505148e-03 1.221660135872e-01
4.467812500000e+01 2.148261317909e-03 1.222708047590e-01
4.468125000000e+01 2.148564217489e-03 1.223766455150e-01
4.468437500000e+01 2.148877225969e-03 1.224835378275e-01
4.468750000000e+01 2.149200365801e-03 1.225914836872e-01
4.469062500000e+01 2.149533659809e-03 1.227004851027e-01
4.469375000000e+01 2.149877131228e-03 1.228105441004e-01
4.469687500000e+01 2.150230803640e-03 1.229216627243e-01
4.470000000000e+01 2.150594701043e-03 1.230338430359e-01
4.470312500000e+01 2.150968847782e-03 1.231470871133e-01
4.470625000000e+01 2.151353268598e-03 1.232613970520e-01
4.470937500000e+01 2.151747988607e-03 1.233767749637e-01
4.471250000000e+01 2.152153033299e-03 1.234932229766e-01
4.471562500000e+01 2.152568428540e-03 1.236107432349e-01
4.471875000000e+01 2.152994200574e-03 1.237293378985e-01
4.472187500000e+01 2.153430375999e-03 1.238490091429e-01
4.472500000000e+01 2.153876981817e-03 1.239697591589e-01
4.472812500000e+01 2.154334045363e-03 1.240915901522e-01
4.473125000000e+01 2.154801594373e-03 1.242145043429e-01
4.473437500000e+01 2.155279656935e-03 1.243385039658e-01
4.473750000000e+01 2.155768261492e-03 1.244635912696e-01
4.474062500000e+01 2.156267436881e-03 1.245897685165e-01
4.474375000000e+01 2.156777212267e-03 1.247170379825e-01
4.474687500000e+01 2.157297617210e-03 1.248454019562e-01
4.475000000000e+01 2.157828681600e-03 1.249748627395e-01
4.475312500000e+01 2.158370435702e-03 1.251054226461e-01
4.475625000000e+01 2.158922910134e-03 1.252370840021e-01
4.475937500000e+01 2.159486135865e-03 1.253698491452e-01
4.476250000000e+01 2.160060144220e-03 1.255037204244e-01
4.476562500000e+01 2.160644966875e-03 1.256387001997e-01
4.476875000000e+01 2.161240635839e-03 1.257747908414e-01
4.477187500000e+01 2.161847183498e-03 1.259119947303e-01
4.477500000000e+01 2.162464642547e-03 1.260503142568e-01
4.477812500000e+01 2.163093046052e-03 1.261897518206e-01
4.478125000000e+01 2.163732427405e-03 1.263303098305e-01
4.478437500000e+01 2.164382820326e-03 1.264719907038e-01
4.478750000000e+01 2.165044258894e-03 1.266147968656e-01
4.479062500000e+01 2.165716777491e-03 1.267587307490e-01
4.479375000000e+01 2.166400410860e-03 1.269037947940e-01
4.479687500000e+01 2.167095194041e-03 1.270499914476e-01
4.480000000000e+01 2.167801162414e-03 1.271973231627e-01
4.480312500000e+01 2.168518351679e-03 1.273457923983e-01
4.480625000000e+01 2.169246797850e-03 1.274954016183e-01
4.480937500000e+01 2.169986537260e-03 1.276461532916e-01
4.481250000000e+01 2.170737606553e-03 1.277980498913e-01
4.481562500000e+01 2.171500042669e-03 1.279510938941e-01
4.481875000000e+01 2.172273882880e-03 1.281052877801e-01
4.482187500000e+01 2.173059164728e-03 1.282606340318e-01
4.482500000000e+01 2.173855926081e-03 1.284171351337e-01
4.482812500000e+01 2.174664205088e-03 1.285747935720e-01
4.483125000000e+01 2.175484040178e-03 1.287336118337e-01
4.483437500000e+01 2.176315470092e-03 1.288935924061e-01
4.483750000000e+01 2.177158533826e-03 1.290547377761e-01
4.484062500000e+01 2.178013270682e-03 1.292170504297e-01
4.484375000000e+01 2.178879720211e-03 1.293805328513e-01
4.484687500000e+01 2.179757922246e-03 1.295451875232e-01
4.485000000000e+01 2.180647916884e-03 1.297110169246e-01
4.485312500000e+01 2.181549744482e-03 1.298780235312e-01
4.485625000000e+01 2.182463445652e-03 1.300462098145e-01
4.485937500000e+01 2.183389061260e-03 1.302155782408e-01
4.486250000000e+01 2.184326632401e-03 1.303861312709e-01
4.486562500000e+01 2.185276200439e-03 1.305578713591e-01
4.486875000000e+01 2.186237806942e-03 1.307308009524e-01
4.487187500000e+01 2.187211493732e-03 1.309049224899e-01
4.487500000000e+01 2.188197302845e-03 1.310802384020e-01
4.487812500000e+01 2.189195276521e-03 1.312567511094e-01
4.488125000000e+01 2.190205457241e-03 1.314344630225e-01
4.488437500000e+01 2.191227887657e-03 1.316133765404e-01
4.488750000000e+01 2.192262610655e-03 1.317934940503e-01
4.489062500000e+01 2.193309669282e-03 1.319748179263e-01
4.489375000000e+01 2.194369106789e-03 1.321573505287e-01
4.489687500000e+01 2.195440966600e-03 1.323410942031e-01
4.490000000000e+01 2.196525292311e-03 1.325260512795e-01
4.490312500000e+01 2.197622127683e-03 1.327122240711e-01
4.490625000000e+01 2.198731516637e-03 1.328996148737e-01
4.490937500000e+01 2.199853503228e-03 1.330882259646e-01
4.491250000000e+01 2.200988131677e-03 1.332780596014e-01
4.491562500000e+01 2.202135446311e-03 1.334691180212e-01
4.491875000000e+01 2.203295491609e-03 1.336614034396e-01
4.492187500000e+01 2.204468312142e-03 1.338549180492e-01
4.492500000000e+01 2.205653952596e-03 1.340496640192e-01
4.492812500000e+01 2.206852457772e-03 1.342456434938e-01
4.493125000000e+01 2.208063872528e-03 1.344428585913e-01
4.493437500000e+01 2.209288241838e-03 1.346413114026e-01
4.493750000000e+01 2.210525610715e-03 1.348410039906e-01
4.494062500000e+01 2.211776024249e-03 1.350419383886e-01
4.494375000000e+01 2.213039527576e-03 1.352441165992e-01
4.494687500000e+01 2.214316165871e-03 1.354475405930e-01
4.495000000000e+01 2.215605984339e-03 1.356522123073e-01
4.495312500000e+01 2.216909028206e-03 1.358581336451e-01
4.495625000000e+01 2.218225342689e-03 1.360653064735e-01
4.495937500000e+01 2.219554973028e-03 1.362737326225e-01
4.496250000000e+01 2.220897964414e-03 1.364834138833e-01
4.496562500000e+01 2.222254362043e-03 1.366943520076e-01
4.496875000000e+01 2.223624211040e-03 1.369065487056e-01
4.497187500000e+01 2.225007556489e-03 1.371200056446e-01
4.497500000000e+01 2.226404443421e-03 1.373347244479e-01
4.497812500000e+01 2.227814916757e-03 1.375507066929e-01
4.498125000000e+01 2.229239021358e-03 1.377679539100e-01
4.498437500000e+01 2.230676801949e-03 1.379864675805e-01
4.498750000000e+01 2.232128303151e-03 1.382062491355e-01
4.499062500000e+01 2.233593569444e-03 1.384272999541e-01
4.499375000000e+01 2.235072645157e-03 1.386496213618e-01
4.499687500000e+01 2.236565574456e-03 1.388732146287e-01
4.500000000000e+01 2.238072401325e-03 1.390980809680e-01
4.500312500000e+01 2.239593169539e-03 1.393242215343e-01
4.500625000000e+01 2.241127922685e-03 1.395516374216e-01
4.500937500000e+01 2.242676704089e-03 1.397803296616e-01
4.501250000000e+01 2.244239556864e-03 1.400102992220e-01
4.501562500000e+01 2.245816523826e-03 1.402415470047e-01
4.501875000000e+01 2.247407647526e-03 1.404740738436e-01
4.502187500000e+01 2.249012970225e-03 1.407078805028e-01
4.502500000000e+01 2.250632533836e-03 1.409429676751e-01
4.502812500000e+01 2.252266379971e-03 1.411793359793e-01
4.503125000000e+01 2.253914549853e-03 1.414169859587e-01
4.503437500000e+01 2.255577084348e-03 1.416559180787e-01
4.503750000000e+01 2.257254023920e-03 1.418961327250e-01
4.504062500000e+01 2.258945408618e-03 1.421376302016e-01
4.504375000000e+01 2.260651278053e-03 1.423804107279e-01
4.504687500000e+01 2.262371671380e-03 1.426244744375e-01
4.505000000000e+01 2.264106627258e-03 1.428698213753e-01
4.505312500000e+01 2.265856183874e-03 1.431164514954e-01
4.505625000000e+01 2.267620378851e-03 1.433643646589e-01
4.505937500000e+01 2.269399249303e-03 1.436135606315e-01
4.506250000000e+01 2.271192831739e-03 1.438640390811e-01
4.506562500000e+01 2.273001162086e-03 1.441157995755e-01
4.506875000000e+01 2.274824275663e-03 1.443688415796e-01
4.507187500000e+01 2.276662207113e-03 1.446231644536e-01
4.507500000000e+01 2.278514990443e-03 1.448787674497e-01
4.507812500000e+01 2.280382658933e-03 1.451356497100e-01
4.508125000000e+01 2.282265245157e-03 1.453938102639e-01
4.508437500000e+01 2.284162780935e-03 1.456532480253e-01
4.508750000000e+01 2.286075297310e-03 1.459139617897e-01
4.509062500000e+01 2.288002824517e-03 1.461759502321e-01
4.509375000000e+01 2.289945391965e-03 1.464392119037e-01
4.509687500000e+01 2.291903028180e-03 1.467037452294e-01
4.510000000000e+01 2.293875760830e-03 1.469695485047e-01
4.510312500000e+01 2.295863616621e-03 1.472366198929e-01
4.510625000000e+01 2.297866621347e-03 1.475049574225e-01
4.510937500000e+01 2.299884799783e-03 1.477745589838e-01
4.511250000000e+01 2.301918175705e-03 1.480454223260e-01
4.511562500000e+01 2.303966771854e-03 1.483175450543e-01
4.511875000000e+01 2.306030609859e-03 1.485909246269e-01
4.512187500000e+01 2.308109710273e-03 1.488655583514e-01
4.512500000000e+01 2.310204092472e-03 1.491414433821e-01
4.512812500000e+01 2.312313774666e-03 1.494185767166e-01
4.513125000000e+01 2.314438773847e-03 1.496969551927e-01
4.513437500000e+01 2.316579105753e-03 1.499765754849e-01
4.513750000000e+01 2.318734784838e-03 1.502574341010e-01
4.514062500000e+01 2.320905824234e-03 1.505395273792e-01
4.514375000000e+01 2.323092235695e-03 1.508228514842e-01
4.514687500000e+01 2.325294029608e-03 1.511074024038e-01
4.515000000000e+01 2.327511214887e-03 1.513931759457e-01
4.515312500000e+01 2.329743799005e-03 1.516801677339e-01
4.515625000000e+01 2.331991787891e-03 1.519683732046e-01
4.515937500000e+01 2.334255185931e-03 1.522577876035e-01
4.516250000000e+01 2.336533995928e-03 1.525484059814e-01
4.516562500000e+01 2.338828219018e-03 1.528402231906e-01
4.516875000000e+01 2.341137854696e-03 1.531332338816e-01
4.517187500000e+01 2.343462900701e-03 1.534274324990e-01
4.517500000000e+01 2.345803353030e-03 1.537228132777e-01
4.517812500000e+01 2.348159205868e-03 1.540193702392e-01
4.518125000000e+01 2.350530451549e-03 1.543170971874e-01
4.518437500000e+01 2.352917080510e-03 1.546159877052e-01
4.518750000000e+01 2.355319081257e-03 1.549160351501e-01
4.519062500000e+01 2.357736440286e-03 1.552172326505e-01
4.519375000000e+01 2.360169142098e-03 1.555195731015e-01
4.519687500000e+01 2.362617169075e-03 1.558230491610e-01
4.520000000000e+01 2.365080501513e-03 1.561276532454e-01
4.520312500000e+01 2.367559117498e-03 1.564333775256e-01
4.520625000000e+01 2.370052992912e-03 1.567402139232e-01
4.520937500000e+01 2.372562101377e-03 1.570481541057e-01
4.521250000000e+01 2.375086414164e-03 1.573571894827e-01
4.521562500000e+01 2.377625900211e-03 1.576673112016e-01
4.521875000000e+01 2.380180526002e-03 1.579785101434e-01
4.522187500000e+01 2.382750255570e-03 1.582907769183e-01
4.522500000000e+01 2.385335050419e-03 1.586041018614e-01
4.522812500000e+01 2.387934869481e-03 1.589184750287e-01
4.523125000000e+01 2.390549669061e-03 1.592338861923e-01
4.523437500000e+01 2.393179402789e-03 1.595503248363e-01
4.523750000000e+01 2.395824021546e-03 1.598677801525e-01
4.524062500000e+01 2.398483473458e-03 1.601862410357e-01
4.524375000000e+01 2.401157703778e-03 1.605056960796e-01
4.524687500000e+01 2.403846654900e-03 1.608261335726e-01
4.525000000000e+01 2.406550266238e-03 1.611475414926e-01
4.525312500000e+01 2.409268474217e-03 1.614699075033e-01
4.525625000000e+01 2.412001212222e-03 1.617932189496e-01
4.525937500000e+01 2.414748410486e-03 1.621174628531e-01
4.526250000000e+01 2.417509996115e-03 1.624426259074e-01
4.526562500000e+01 2.420285892953e-03 1.627686944744e-01
4.526875000000e+01 2.423076021587e-03 1.630956545791e-01
4.527187500000e+01 2.425880299255e-03 1.634234919057e-01
4.527500000000e+01 2.428698639806e-03 1.637521917927e-01
4.527812500000e+01 2.431530953635e-03 1.640817392294e-01
4.528125000000e+01 2.434377147635e-03 1.644121188503e-01
4.528437500000e+01 2.437237125114e-03 1.647433149320e-01
4.528750000000e+01 2.440110785793e-03 1.650753113879e-01
4.529062500000e+01 2.442998025674e-03 1.654080917643e-01
4.529375000000e+01 2.445898737064e-03 1.657416392363e-01
4.529687500000e+01 2.448812808438e-03 1.660759366031e-01
4.530000000000e+01 2.451740124448e-03 1.664109662843e-01
4.530312500000e+01 2.454680565828e-03 1.667467103154e-01
4.530625000000e+01 2.457634009347e-03 1.670831503435e-01
4.530937500000e+01 2.460600327772e-03 1.674202676239e-01
4.531250000000e+01 2.463579389766e-03 1.677580430155e-01
4.531562500000e+01 2.466571059879e-03 1.680964569768e-01
4.531875000000e+01 2.469575198467e-03 1.684354895625e-01
4.532187500000e+01 2.472591661645e-03 1.687751204191e-01
4.532500000000e+01 2.475620301230e-03 1.691153287816e-01
4.532812500000e+01 2.478660964690e-03 1.694560934694e-01
4.533125000000e+01 2.481713495067e-03 1.697973928829e-01
4.533437500000e+01 2.484777730981e-03 1.701392049999e-01
4.533750000000e+01 2.487853506496e-03 1.704815073722e-01
4.534062500000e+01 2.490940651154e-03 1.708242771220e-01
4.534375000000e+01 2.494038989845e-03 1.711674909392e-01
4.534687500000e+01 2.497148342814e-03 1.715111250775e-01
4.535000000000e+01 2.500268525582e-03 1.718551553519e-01
4.535312500000e+01 2.503399348903e-03 1.721995571356e-01
4.535625000000e+01 2.506540618735e-03 1.725443053570e-01
4.535937500000e+01 2.509692136148e-03 1.728893744974e-01
4.536250000000e+01 2.512853697324e-03 1.732347385879e-01
4.536562500000e+01 2.516025093491e-03 1.735803712076e-01
4.536875000000e+01 2.519206110883e-03 1.739262454806e-01
4.537187500000e+01 2.522396530696e-03 1.742723340747e-01
4.537500000000e+01 2.525596129053e-03 1.746186091986e-01
4.537812500000e+01 2.528804676943e-03 1.749650426005e-01
4.538125000000e+01 2.532021940231e-03 1.753116055665e-01
4.538437500000e+01 2.535247679554e-03 1.756582689190e-01
4.538750000000e+01 2.538481650359e-03 1.760050030152e-01
4.539062500000e+01 2.541723602803e-03 1.763517777463e-01
4.539375000000e+01 2.544973281766e-03 1.766985625365e-01
4.539687500000e+01 2.548230426806e-03 1.770453263422e-01
4.540000000000e+01 2.551494772127e-03 1.773920376513e-01
4.540312500000e+01 2.554766046579e-03 1.777386644833e-01
4.540625000000e+01 2.558043973583e-03 1.780851743888e-01
4.540937500000e+01 2.561328271163e-03 1.784315344502e-01
4.541250000000e+01 2.564618651897e-03 1.787777112812e-01
4.541562500000e+01 2.567914822911e-03 1.791236710283e-01
4.541875000000e+01 2.571216485856e-03 1.794693793710e-01
4.542187500000e+01 2.574523336914e-03 1.798148015233e-01
4.542500000000e+01 2.577835066747e-03 1.801599022348e-01
4.542812500000e+01 2.581151360562e-03 1.805046457926e-01
4.543125000000e+01 2.584471898018e-03 1.808489960229e-01
4.543437500000e+01 2.587796353315e-03 1.811929162935e-01
4.543750000000e+01 2.591124395112e-03 1.815363695161e-01
4.544062500000e+01 2.594455686594e-03 1.818793181489e-01
4.544375000000e+01 2.597789885450e-03 1.822217242000e-01
4.544687500000e+01 2.601126643885e-03 1.825635492306e-01
4.545000000000e+01 2.604465608661e-03 1.829047543587e-01
4.545312500000e+01 2.607806421065e-03 1.832453002630e-01
4.545625000000e+01 2.611148716959e-03 1.835851471875e-01
4.545937500000e+01 2.614492126826e-03 1.839242549459e-01
4.546250000000e+01 2.617836275755e-03 1.842625829265e-01
4.546562500000e+01 2.621180783494e-03 1.846000900981e-01
4.546875000000e+01 2.624525264492e-03 1.849367350151e-01
4.547187500000e+01 2.627869327901e-03 1.852724758236e-01
4.547500000000e+01 2.631212577686e-03 1.856072702682e-01
4.547812500000e+01 2.634554612587e-03 1.859410756985e-01
4.548125000000e+01 2.637895026257e-03 1.862738490761e-01
4.548437500000e+01 2.641233407233e-03 1.866055469823e-01
4.548750000000e+01 2.644569339058e-03 1.869361256261e-01
4.549062500000e+01 2.647902400312e-03 1.872655408520e-01
4.549375000000e+01 2.651232164684e-03 1.875937481494e-01
4.549687500000e+01 2.654558201066e-03 1.879207026608e-01
4.550000000000e+01 2.657880073583e-03 1.882463591920e-01
4.550312500000e+01 2.661197341695e-03 1.885706722212e-01
4.550625000000e+01 2.664509560316e-03 1.888935959099e-01
4.550937500000e+01 2.667816279848e-03 1.892150841131e-01
4.551250000000e+01 2.671117046303e-03 1.895350903905e-01
4.551562500000e+01 2.674411401403e-03 1.898535680180e-01
4.551875000000e+01 2.677698882652e-03 1.901704699993e-01
4.552187500000e+01 2.680979023505e-03 1.904857490783e-01
4.552500000000e+01 2.684251353398e-03 1.907993577519e-01
4.552812500000e+01 2.687515397951e-03 1.911112482826e-01
4.553125000000e+01 2.690770679005e-03 1.914213727125e-01
4.553437500000e+01 2.694016714815e-03 1.917296828769e-01
4.553750000000e+01 2.697253020144e-03 1.920361304185e-01
4.554062500000e+01 2.700479106404e-03 1.923406668020e-01
4.554375000000e+01 2.703694481819e-03 1.926432433296e-01
4.554687500000e+01 2.706898651528e-03 1.929438111560e-01
4.555000000000e+01 2.710091117749e-03 1.932423213043e-01
4.555312500000e+01 2.713271379972e-03 1.935387246826e-01
4.555625000000e+01 2.716438935060e-03 1.938329721000e-01
4.555937500000e+01 2.719593277444e-03 1.941250142842e-01
4.556250000000e+01 2.722733899286e-03 1.944148018983e-01
4.556562500000e+01 2.725860290630e-03 1.947022855591e-01
4.556875000000e+01 2.728971939629e-03 1.949874158546e-01
4.557187500000e+01 2.732068332652e-03 1.952701433629e-01
4.557500000000e+01 2.735148954552e-03 1.955504186705e-01
4.557812500000e+01 2.738213288775e-03 1.958281923919e-01
4.558125000000e+01 2.741260817612e-03 1.961034151884e-01
4.558437500000e+01 2.744291022367e-03 1.963760377885e-01
4.558750000000e+01 2.747303383563e-03 1.966460110075e-01
4.559062500000e+01 2.750297381173e-03 1.969132857678e-01
4.559375000000e+01 2.753272494774e-03 1.971778131197e-01
4.559687500000e+01 2.756228203792e-03 1.974395442621e-01
4.560000000000e+01 2.759163987747e-03 1.976984305636e-01
4.560312500000e+01 2.762079326417e-03 1.979544235840e-01
4.560625000000e+01 2.764973700092e-03 1.982074750958e-01
4.560937500000e+01 2.767846589798e-03 1.984575371057e-01
4.561250000000e+01 2.770697477499e-03 1.987045618772e-01
4.561562500000e+01 2.773525846385e-03 1.989485019519e-01
4.561875000000e+01 2.776331181032e-03 1.991893101727e-01
4.562187500000e+01 2.779112967714e-03 1.994269397055e-01
4.562500000000e+01 2.781870694570e-03 1.996613440623e-01
4.562812500000e+01 2.784603851899e-03 1.998924771234e-01
4.563125000000e+01 2.787311932377e-03 2.001202931608e-01
4.563437500000e+01 2.789994431300e-03 2.003447468604e-01
4.563750000000e+01 2.792650846860e-03 2.005657933452e-01
4.564062500000e+01 2.795280680339e-03 2.007833881985e-01
4.564375000000e+01 2.797883436387e-03 2.009974874861e-01
4.564687500000e+01 2.800458623295e-03 2.012080477800e-01
4.565000000000e+01 2.803005753204e-03 2.014150261807e-01
4.565312500000e+01 2.805524342367e-03 2.016183803405e-01
4.565625000000e+01 2.808013911418e-03 2.018180684858e-01
4.565937500000e+01 2.810473985575e-03 2.020140494403e-01
4.566250000000e+01 2.812904094970e-03 2.022062826470e-01
4.566562500000e+01 2.815303774799e-03 2.023947281910e-01
4.566875000000e+01 2.817672565670e-03 2.025793468215e-01
4.567187500000e+01 2.820010013759e-03 2.027600999740e-01
4.567500000000e+01 2.822315671127e-03 2.029369497921e-01
4.567812500000e+01 2.824589095927e-03 2.031098591492e-01
4.568125000000e+01 2.826829852661e-03 2.032787916696e-01
4.568437500000e+01 2.829037512414e-03 2.034437117498e-01
4.568750000000e+01 2.831211653102e-03 2.036045845793e-01
4.569062500000e+01 2.833351859682e-03 2.037613761607e-01
4.569375000000e+01 2.835457724435e-03 2.039140533305e-01
4.569687500000e+01 2.837528847150e-03 2.040625837780e-01
4.570000000000e+01 2.839564835364e-03 2.042069360653e-01
4.570312500000e+01 2.841565304606e-03 2.043470796459e-01
4.570625000000e+01 2.843529878567e-03 2.044829848833e-01
4.570937500000e+01 2.845458189398e-03 2.046146230690e-01
4.571250000000e+01 2.847349877816e-03 2.047419664402e-01
4.571562500000e+01 2.849204593423e-03 2.048649881966e-01
4.571875000000e+01 2.851021994803e-03 2.049836625172e-01
4.572187500000e+01 2.852801749799e-03 2.050979645762e-01
4.572500000000e+01 2.854543535660e-03 2.052078705584e-01
4.572812500000e+01 2.856247039251e-03 2.053133576742e-01
4.573125000000e+01 2.857911957214e-03 2.054144041737e-01
4.573437500000e+01 2.859537996170e-03 2.055109893608e-01
4.573750000000e+01 2.861124872838e-03 2.056030936055e-01
4.574062500000e+01 2.862672314274e-03 2.056906983571e-01
4.574375000000e+01 2.864180057955e-03 2.057737861554e-01
4.574687500000e+01 2.865647851968e-03 2.058523406419e-01
4.575000000000e+01 2.867075455144e-03 2.059263465704e-01
4.575312500000e+01 2.868462637172e-03 2.059957898161e-01
4.575625000000e+01 2.869809178786e-03 2.060606573855e-01
4.575937500000e+01 2.871114871805e-03 2.061209374237e-01
4.576250000000e+01 2.872379519332e-03 2.061766192223e-01
4.576562500000e+01 2.873602935778e-03 2.062276932265e-01
4.576875000000e+01 2.874784947029e-03 2.062741510403e-01
4.577187500000e+01 2.875925390495e-03 2.063159854326e-01
4.577500000000e+01 2.877024115212e-03 2.063531903412e-01
4.577812500000e+01 2.878080981907e-03 2.063857608765e-01
4.578125000000e+01 2.879095863080e-03 2.064136933247e-01
4.578437500000e+01 2.880068643023e-03 2.064369851497e-01
4.578750000000e+01 2.880999217936e-03 2.064556349946e-01
4.579062500000e+01 2.881887495909e-03 2.064696426824e-01
4.579375000000e+01 2.882733396985e-03 2.064790092155e-01
4.579687500000e+01 2.883536853183e-03 2.064837367750e-01
4.580000000000e+01 2.884297808493e-03 2.064838287187e-01
4.580312500000e+01 2.885016218939e-03 2.064792895788e-01
4.580625000000e+01 2.885692052502e-03 2.064701250584e-01
4.580937500000e+01 2.886325289197e-03 2.064563420276e-01
4.581250000000e+01 2.886915920976e-03 2.064379485184e-01
4.581562500000e+01 2.887463951762e-03 2.064149537191e-01
4.581875000000e+01 2.887969397395e-03 2.063873679681e-01
4.582187500000e+01 2.888432285587e-03 2.063552027468e-01
4.582500000000e+01 2.888852655882e-03 2.063184706716e-01
4.582812500000e+01 2.889230559599e-03 2.062771854853e-01
4.583125000000e+01 2.889566059744e-03 2.062313620479e-01
4.583437500000e+01 2.889859230995e-03 2.061810163266e-01
4.583750000000e+01 2.890110159540e-03 2.061261653852e-01
4.584062500000e+01 2.890318943072e-03 2.060668273725e-01
4.584375000000e+01 2.890485690640e-03 2.060030215107e-01
4.584687500000e+01 2.890610522543e-03 2.059347680821e-01
4.585000000000e+01 2.890693570280e-03 2.058620884165e-01
4.585312500000e+01 2.890734976346e-03 2.057850048769e-01
4.585625000000e+01 2.890734894201e-03 2.057035408450e-01
4.585937500000e+01 2.890693488054e-03 2.056177207064e-01
4.586250000000e+01 2.890610932789e-03 2.055275698346e-01
4.586562500000e+01 2.890487413792e-03 2.054331145751e-01
4.586875000000e+01 2.890323126810e-03 2.053343822285e-01
4.587187500000e+01 2.890118277798e-03 2.052314010336e-01
4.587500000000e+01 2.889873082755e-03 2.051242001494e-01
4.587812500000e+01 2.889587767542e-03 2.050128096370e-01
4.588125000000e+01 2.889262567761e-03 2.048972604415e-01
4.588437500000e+01 2.888897728504e-03 2.047775843721e-01
4.588750000000e+01 2.888493504247e-03 2.046538140838e-01
4.589062500000e+01 2.888050158616e-03 2.045259830567e-01
4.589375000000e+01 2.887567964189e-03 2.043941255764e-01
4.589687500000e+01 2.887047202366e-03 2.042582767137e-01
4.590000000000e+01 2.886488163076e-03 2.041184723032e-01
4.590312500000e+01 2.885891144677e-03 2.039747489231e-01
4.590625000000e+01 2.885256453651e-03 2.038271438732e-01
4.590937500000e+01 2.884584404476e-03 2.036756951540e-01
4.591250000000e+01 2.883875319367e-03 2.035204414445e-01
4.591562500000e+01 2.883129528081e-03 2.033614220804e-01
4.591875000000e+01 2.882347367690e-03 2.031986770321e-01
4.592187500000e+01 2.881529182378e-03 2.030322468826e-01
4.592500000000e+01 2.880675323181e-03 2.028621728047e-01
4.592812500000e+01 2.879786147834e-03 2.026884965388e-01
4.593125000000e+01 2.878862020455e-03 2.025112603707e-01
4.593437500000e+01 2.877903311409e-03 2.023305071081e-01
4.593750000000e+01 2.876910397024e-03 2.021462800588e-01
4.594062500000e+01 2.875883659358e-03 2.019586230078e-01
4.594375000000e+01 2.874823486034e-03 2.017675801943e-01
4.594687500000e+01 2.873730269920e-03 2.015731962896e-01
4.595000000000e+01 2.872604408997e-03 2.013755163740e-01
4.595312500000e+01 2.871446306037e-03 2.011745859148e-01
4.595625000000e+01 2.870256368444e-03 2.009704507431e-01
4.595937500000e+01 2.869035007991e-03 2.007631570325e-01
4.596250000000e+01 2.867782640605e-03 2.005527512759e-01
4.596562500000e+01 2.866499686128e-03 2.003392802638e-01
4.596875000000e+01 2.865186568112e-03 2.001227910625e-01
4.597187500000e+01 2.863843713553e-03 1.999033309921e-01
4.597500000000e+01 2.862471552738e-03 1.996809476051e-01
4.597812500000e+01 2.861070518933e-03 1.994556886647e-01
4.598125000000e+01 2.859641048250e-03 1.992276021240e-01
4.598437500000e+01 2.858183579374e-03 1.989967361048e-01
4.598750000000e+01 2.856698553343e-03 1.987631388771e-01
4.599062500000e+01 2.855186413392e-03 1.985268588384e-01
4.599375000000e+01 2.853647604659e-03 1.982879444937e-01
4.599687500000e+01 2.852082574061e-03 1.980464444356e-01
4.600000000000e+01 2.850491770009e-03 1.978024073247e-01
4.600312500000e+01 2.848875642260e-03 1.975558818702e-01
4.600625000000e+01 2.847234641694e-03 1.973069168109e-01
4.600937500000e+01 2.845569220115e-03 1.970555608969e-01
4.601250000000e+01 2.843879830061e-03 1.968018628705e-01
4.601562500000e+01 2.842166924619e-03 1.965458714490e-01
4.601875000000e+01 2.840430957200e-03 1.962876353066e-01
4.602187500000e+01 2.838672381428e-03 1.960272030572e-01
4.602500000000e+01 2.836891650863e-03 1.957646232375e-01
4.602812500000e+01 2.835089218915e-03 1.954999442904e-01
4.603125000000e+01 2.833265538606e-03 1.952332145487e-01
4.603437500000e+01 2.831421062409e-03 1.949644822195e-01
4.603750000000e+01 2.829556242126e-03 1.946937953685e-01
4.604062500000e+01 2.827671528651e-03 1.944212019050e-01
4.604375000000e+01 2.825767371889e-03 1.941467495675e-01
4.604687500000e+01 2.823844220528e-03 1.938704859091e-01
4.605000000000e+01 2.821902521940e-03 1.935924582836e-01
4.605312500000e+01 2.819942722010e-03 1.933127138322e-01
4.605625000000e+01 2.817965264996e-03 1.930312994703e-01
4.605937500000e+01 2.815970593389e-03 1.927482618749e-01
4.606250000000e+01 2.813959147784e-03 1.924636474721e-01
4.606562500000e+01 2.811931366718e-03 1.921775024252e-01
4.606875000000e+01 2.809887686607e-03 1.918898726236e-01
4.607187500000e+01 2.807828541535e-03 1.916008036709e-01
4.607500000000e+01 2.805754363219e-03 1.913103408751e-01
4.607812500000e+01 2.803665580842e-03 1.910185292375e-01
4.608125000000e+01 2.801562620932e-03 1.907254134431e-01
4.608437500000e+01 2.799445907317e-03 1.904310378511e-01
4.608750000000e+01 2.797315860937e-03 1.901354464857e-01
4.609062500000e+01 2.795172899832e-03 1.898386830271e-01
4.609375000000e+01 2.793017438960e-03 1.895407908032e-01
4.609687500000e+01 2.790849890172e-03 1.892418127819e-01
4.610000000000e+01 2.788670662090e-03 1.889417915629e-01
4.610312500000e+01 2.786480160033e-03 1.886407693708e-01
4.610625000000e+01 2.784278785933e-03 1.883387880480e-01
4.610937500000e+01 2.782066938266e-03 1.880358890482e-01
4.611250000000e+01 2.779845011949e-03 1.877321134300e-01
4.611562500000e+01 2.777613398333e-03 1.874275018515e-01
4.611875000000e+01 2.775372485055e-03 1.871220945641e-01
4.612187500000e+01 2.773122656055e-03 1.868159314078e-01
4.612500000000e+01 2.770864291466e-03 1.865090518065e-01
4.612812500000e+01 2.768597767556e-03 1.862014947627e-01
4.613125000000e+01 2.766323456732e-03 1.858932988542e-01
4.613437500000e+01 2.764041727409e-03 1.855845022294e-01
4.613750000000e+01 2.761752944052e-03 1.852751426045e-01
4.614062500000e+01 2.759457467051e-03 1.849652572596e-01
4.614375000000e+01 2.757155652745e-03 1.846548830359e-01
4.614687500000e+01 2.754847853355e-03 1.843440563331e-01
4.615000000000e+01 2.752534416959e-03 1.840328131070e-01
4.615312500000e+01 2.750215687460e-03 1.837211888672e-01
4.615625000000e+01 2.747892004569e-03 1.834092186753e-01
4.615937500000e+01 2.745563703746e-03 1.830969371434e-01
4.616250000000e+01 2.743231116246e-03 1.827843784326e-01
4.616562500000e+01 2.740894569015e-03 1.824715762520e-01
4.616875000000e+01 2.738554384754e-03 1.821585638580e-01
4.617187500000e+01 2.736210881855e-03 1.818453740533e-01
4.617500000000e+01 2.733864374387e-03 1.815320391869e-01
4.617812500000e+01 2.731515172142e-03 1.812185911536e-01
4.618125000000e+01 2.729163580550e-03 1.809050613944e-01
4.618437500000e+01 2.726809900757e-03 1.805914808967e-01
4.618750000000e+01 2.724454429547e-03 1.802778801944e-01
4.619062500000e+01 2.722097459400e-03 1.799642893692e-01
4.619375000000e+01 2.719739278466e-03 1.796507380508e-01
4.619687500000e+01 2.717380170575e-03 1.793372554187e-01
4.620000000000e+01 2.715020415248e-03 1.790238702025e-01
4.620312500000e+01 2.712660287706e-03 1.787106106843e-01
4.620625000000e+01 2.710300058854e-03 1.783975046996e-01
4.620937500000e+01 2.707939995356e-03 1.780845796390e-01
4.621250000000e+01 2.705580359562e-03 1.777718624508e-01
4.621562500000e+01 2.703221409616e-03 1.774593796420e-01
4.621875000000e+01 2.700863399387e-03 1.771471572815e-01
4.622187500000e+01 2.698506578544e-03 1.768352210015e-01
4.622500000000e+01 2.696151192576e-03 1.765235960007e-01
4.622812500000e+01 2.693797482758e-03 1.762123070464e-01
4.623125000000e+01 2.691445686256e-03 1.759013784774e-01
4.623437500000e+01 2.689096036072e-03 1.755908342066e-01
4.623750000000e+01 2.686748761122e-03 1.752806977242e-01
4.624062500000e+01 2.684404086243e-03 1.749709921006e-01
4.624375000000e+01 2.682062232223e-03 1.746617399893e-01
4.624687500000e+01 2.679723415830e-03 1.743529636305e-01
4.625000000000e+01 2.677387849843e-03 1.740446848542e-01
4.625312500000e+01 2.675055743064e-03 1.737369250834e-01
4.625625000000e+01 2.672727300400e-03 1.734297053380e-01
4.625937500000e+01 2.670402722823e-03 1.731230462379e-01
4.626250000000e+01 2.668082207483e-03 1.728169680070e-01
4.626562500000e+01 2.665765947664e-03 1.725114904765e-01
4.626875000000e+01 2.663454132873e-03 1.722066330891e-01
4.627187500000e+01 2.661146948874e-03 1.719024149021e-01
4.627500000000e+01 2.658844577671e-03 1.715988545922e-01
4.627812500000e+01 2.656547197627e-03 1.712959704584e-01
4.628125000000e+01 2.654254983417e-03 1.709937804269e-01
4.628437500000e+01 2.651968106129e-03 1.706923020543e-01
4.628750000000e+01 2.649686733274e-03 1.703915525320e-01
4.629062500000e+01 2.647411028828e-03 1.700915486903e-01
4.629375000000e+01 2.645141153272e-03 1.697923070024e-01
4.629687500000e+01 2.642877263642e-03 1.694938435887e-01
4.630000000000e+01 2.640619513534e-03 1.691961742204e-01
4.630312500000e+01 2.638368053208e-03 1.688993143245e-01
4.630625000000e+01 2.636123029546e-03 1.686032789874e-01
4.630937500000e+01 2.633884586183e-03 1.683080829592e-01
4.631250000000e+01 2.631652863460e-03 1.680137406581e-01
4.631562500000e+01 2.629427998524e-03 1.677202661745e-01
4.631875000000e+01 2.627210125367e-03 1.674276732753e-01
4.632187500000e+01 2.624999374818e-03 1.671359754082e-01
4.632500000000e+01 2.622795874655e-03 1.668451857058e-01
4.632812500000e+01 2.620599749579e-03 1.665553169898e-01
4.633125000000e+01 2.618411121303e-03 1.662663817757e-01
4.633437500000e+01 2.616230108574e-03 1.659783922766e-01
4.633750000000e+01 2.614056827219e-03 1.656913604074e-01
4.634062500000e+01 2.611891390181e-03 1.654052977894e-01
4.634375000000e+01 2.609733907573e-03 1.651202157545e-01
4.634687500000e+01 2.607584486691e-03 1.648361253488e-01
4.635000000000e+01 2.605443232108e-03 1.645530373378e-01
4.635312500000e+01 2.603310245644e-03 1.642709622096e-01
4.635625000000e+01 2.601185626487e-03 1.639899101797e-01
4.635937500000e+01 2.599069471155e-03 1.637098911951e-01
4.636250000000e+01 2.596961873592e-03 1.634309149381e-01
4.636562500000e+01 2.594862925205e-03 1.631529908307e-01
4.636875000000e+01 2.592772714854e-03 1.628761280385e-01
4.637187500000e+01 2.590691328970e-03 1.626003354752e-01
4.637500000000e+01 2.588618851522e-03 1.623256218058e-01
4.637812500000e+01 2.586555364103e-03 1.620519954517e-01
4.638125000000e+01 2.584500945954e-03 1.617794645937e-01
4.638437500000e+01 2.582455674001e-03 1.615080371765e-01
4.638750000000e+01 2.580419622903e-03 1.612377209127e-01
4.639062500000e+01 2.578392865084e-03 1.609685232863e-01
4.639375000000e+01 2.576375470757e-03 1.607004515568e-01
4.639687500000e+01 2.574367508010e-03 1.604335127632e-01
4.640000000000e+01 2.572369042775e-03 1.601677137275e-01
4.640312500000e+01 2.570380138939e-03 1.599030610586e-01
4.640625000000e+01 2.568400858312e-03 1.596395611564e-01
4.640937500000e+01 2.566431260708e-03 1.593772202146e-01
4.641250000000e+01 2.564471403990e-03 1.591160442254e-01
4.641562500000e+01 2.562521344048e-03 1.588560389825e-01
4.641875000000e+01 2.560581134913e-03 1.585972100849e-01
4.642187500000e+01 2.558650828718e-03 1.583395629405e-01
4.642500000000e+01 2.556730475789e-03 1.580831027696e-01
4.642812500000e+01 2.554820124654e-03 1.578278346082e-01
4.643125000000e+01 2.552919822080e-03 1.575737633118e-01
4.643437500000e+01 2.551029613110e-03 1.573208935586e-01
4.643750000000e+01 2.549149541104e-03 1.570692298530e-01
4.644062500000e+01 2.547279647739e-03 1.568187765286e-01
4.644375000000e+01 2.545419973105e-03 1.565695377521e-01
4.644687500000e+01 2.543570555662e-03 1.563215175261e-01
4.645000000000e+01 2.541731432346e-03 1.560747196923e-01
4.645312500000e+01 2.539902638535e-03 1.558291479351e-01
4.645625000000e+01 2.538084208119e-03 1.555848057844e-01
4.645937500000e+01 2.536276173542e-03 1.553416966188e-01
4.646250000000e+01 2.534478565776e-03 1.550998236686e-01
4.646562500000e+01 2.532691414430e-03 1.548591900191e-01
4.646875000000e+01 2.530914747704e-03 1.546197986132e-01
4.647187500000e+01 2.529148592468e-03 1.543816522546e-01
4.647500000000e+01 2.527392974275e-03 1.541447536107e-01
4.647812500000e+01 2.525647917390e-03 1.539091052156e-01
4.648125000000e+01 2.523913444820e-03 1.536747094725e-01
4.648437500000e+01 2.522189578342e-03 1.534415686569e-01
4.648750000000e+01 2.520476338512e-03 1.532096849194e-01
4.649062500000e+01 2.518773744746e-03 1.529790602880e-01
4.649375000000e+01 2.517081815269e-03 1.527496966712e-01
4.649687500000e+01 2.515400567221e-03 1.525215958605e-01
4.650000000000e+01 2.513730016613e-03 1.522947595330e-01
4.650312500000e+01 2.512070178398e-03 1.520691892539e-01
4.650625000000e+01 2.510421066498e-03 1.518448864792e-01
4.650937500000e+01 2.508782693780e-03 1.516218525582e-01
4.651250000000e+01 2.507155072151e-03 1.514000887356e-01
4.651562500000e+01 2.505538212517e-03 1.511795961544e-01
4.651875000000e+01 2.503932124847e-03 1.509603758581e-01
4.652187500000e+01 2.502336818186e-03 1.507424287928e-01
4.652500000000e+01 2.500752300674e-03 1.505257558101e-01
4.652812500000e+01 2.499178579573e-03 1.503103576688e-01
4.653125000000e+01 2.497615661293e-03 1.500962350373e-01
4.653437500000e+01 2.496063551387e-03 1.498833884961e-01
4.653750000000e+01 2.494522254631e-03 1.496718185396e-01
4.654062500000e+01 2.492991774971e-03 1.494615255786e-01
4.654375000000e+01 2.491472115618e-03 1.492525099419e-01
4.654687500000e+01 2.489963279002e-03 1.490447718789e-01
4.655000000000e+01 2.488465266833e-03 1.488383115615e-01
4.655312500000e+01 2.486978080128e-03 1.486331290857e-01
4.655625000000e+01 2.485501719183e-03 1.484292244743e-01
4.655937500000e+01 2.484036183655e-03 1.482265976782e-01
4.656250000000e+01 2.482581472520e-03 1.480252485786e-01
4.656562500000e+01 2.481137584135e-03 1.478251769889e-01
4.656875000000e+01 2.479704516245e-03 1.476263826565e-01
4.657187500000e+01 2.478282265989e-03 1.474288652646e-01
4.657500000000e+01 2.476870829934e-03 1.472326244338e-01
4.657812500000e+01 2.475470204083e-03 1.470376597244e-01
4.658125000000e+01 2.474080383882e-03 1.468439706375e-01
4.658437500000e+01 2.472701364278e-03 1.466515566171e-01
4.658750000000e+01 2.471333139670e-03 1.464604170516e-01
4.659062500000e+01 2.469975703999e-03 1.462705512756e-01
4.659375000000e+01 2.468629050696e-03 1.460819585712e-01
4.659687500000e+01 2.467293172743e-03 1.458946381699e-01
4.660000000000e+01 2.465968062675e-03 1.457085892542e-01
4.660312500000e+01 2.464653712584e-03 1.455238109587e-01
4.660625000000e+01 2.463350114165e-03 1.453403023720e-01
4.660937500000e+01 2.462057258684e-03 1.451580625380e-01
4.661250000000e+01 2.460775137031e-03 1.449770904576e-01
4.661562500000e+01 2.459503739720e-03 1.447973850895e-01
4.661875000000e+01 2.458243056903e-03 1.446189453526e-01
4.662187500000e+01 2.456993078385e-03 1.444417701262e-01
4.662500000000e+01 2.455753793638e-03 1.442658582525e-01
4.662812500000e+01 2.454525191798e-03 1.440912085369e-01
4.663125000000e+01 2.453307261721e-03 1.439178197502e-01
4.663437500000e+01 2.452099991935e-03 1.437456906291e-01
4.663750000000e+01 2.450903370716e-03 1.435748198780e-01
4.664062500000e+01 2.449717386039e-03 1.434052061701e-01
4.664375000000e+01 2.448542025637e-03 1.432368481483e-01
4.664687500000e+01 2.447377276992e-03 1.430697444268e-01
4.665000000000e+01 2.446223127341e-03 1.429038935922e-01
4.665312500000e+01 2.445079563719e-03 1.427392942043e-01
4.665625000000e+01 2.443946572913e-03 1.425759447978e-01
4.665937500000e+01 2.442824141531e-03 1.424138438827e-01
4.666250000000e+01 2.441712255980e-03 1.422529899459e-01
4.666562500000e+01 2.440610902485e-03 1.420933814523e-01
4.666875000000e+01 2.439520067097e-03 1.419350168453e-01
4.667187500000e+01 2.438439735714e-03 1.417778945485e-01
4.667500000000e+01 2.437369894057e-03 1.416220129662e-01
4.667812500000e+01 2.436310527739e-03 1.414673704846e-01
4.668125000000e+01 2.435261622203e-03 1.413139654726e-01
4.668437500000e+01 2.434223162803e-03 1.411617962832e-01
4.668750000000e+01 2.433195134748e-03 1.410108612537e-01
4.669062500000e+01 2.432177523155e-03 1.408611587073e-01
4.669375000000e+01 2.431170313040e-03 1.407126869535e-01
4.669687500000e+01 2.430173489329e-03 1.405654442894e-01
4.670000000000e+01 2.429187036878e-03 1.404194290000e-01
4.670312500000e+01 2.428210940450e-03 1.402746393598e-01
4.670625000000e+01 2.427245184757e-03 1.401310736330e-01
4.670937500000e+01 2.426289754450e-03 1.399887300743e-01
4.671250000000e+01 2.425344634132e-03 1.398476069302e-01
4.671562500000e+01 2.424409808367e-03 1.397077024395e-01
4.671875000000e+01 2.423485261682e-03 1.395690148339e-01
4.672187500000e+01 2.422570978566e-03 1.394315423389e-01
4.672500000000e+01 2.421666943516e-03 1.392952831747e-01
4.672812500000e+01 2.420773140982e-03 1.391602355565e-01
4.673125000000e+01 2.419889555441e-03 1.390263976958e-01
4.673437500000e+01 2.419016171342e-03 1.388937678005e-01
4.673750000000e+01 2.418152973158e-03 1.387623440759e-01
4.674062500000e+01 2.417299945372e-03 1.386321247253e-01
4.674375000000e+01 2.416457072480e-03 1.385031079507e-01
4.674687500000e+01 2.415624339022e-03 1.383752919533e-01
4.675000000000e+01 2.414801729551e-03 1.382486749342e-01
4.675312500000e+01 2.413989228655e-03 1.381232550953e-01
4.675625000000e+01 2.413186820990e-03 1.379990306393e-01
4.675937500000e+01 2.412394491238e-03 1.378759997707e-01
4.676250000000e+01 2.411612224148e-03 1.377541606966e-01
4.676562500000e+01 2.410840004529e-03 1.376335116264e-01
4.676875000000e+01 2.410077817239e-03 1.375140507735e-01
4.677187500000e+01 2.409325647237e-03 1.373957763550e-01
4.677500000000e+01 2.408583479525e-03 1.372786865925e-01
4.677812500000e+01 2.407851299218e-03 1.371627797126e-01
4.678125000000e+01 2.407129091489e-03 1.370480539476e-01
4.678437500000e+01 2.406416841617e-03 1.369345075357e-01
4.678750000000e+01 2.405714534971e-03 1.368221387216e-01
4.679062500000e+01 2.405022157021e-03 1.367109457573e-01
4.679375000000e+01 2.404339693352e-03 1.366009269019e-01
4.679687500000e+01 2.403667129639e-03 1.364920804227e-01
4.680000000000e+01 2.403004451672e-03 1.363844045955e-01
4.680312500000e+01 2.402351645379e-03 1.362778977046e-01
4.680625000000e+01 2.401708696788e-03 1.361725580438e-01
4.680937500000e+01 2.401075592064e-03 1.360683839168e-01
4.681250000000e+01 2.400452317499e-03 1.359653736372e-01
4.681562500000e+01 2.399838859507e-03 1.358635255292e-01
4.681875000000e+01 2.399235204666e-03 1.357628379279e-01
4.682187500000e+01 2.398641339662e-03 1.356633091798e-01
4.682500000000e+01 2.398057251358e-03 1.355649376433e-01
4.682812500000e+01 2.397482926739e-03 1.354677216886e-01
4.683125000000e+01 2.396918352954e-03 1.353716596985e-01
4.683437500000e+01 2.396363517308e-03 1.352767500689e-01
4.683750000000e+01 2.395818407255e-03 1.351829912085e-01
4.684062500000e+01 2.395283010433e-03 1.350903815399e-01
4.684375000000e+01 2.394757314620e-03 1.349989194993e-01
4.684687500000e+01 2.394241307765e-03 1.349086035374e-01
4.685000000000e+01 2.393734978007e-03 1.348194321192e-01
4.685312500000e+01 2.393238313644e-03 1.347314037249e-01
4.685625000000e+01 2.392751303157e-03 1.346445168497e-01
4.685937500000e+01 2.392273935209e-03 1.345587700042e-01
4.686250000000e+01 2.391806198629e-03 1.344741617152e-01
4.686562500000e+01 2.391348082463e-03 1.343906905252e-01
4.686875000000e+01 2.390899575913e-03 1.343083549933e-01
4.687187500000e+01 2.390460668404e-03 1.342271536955e-01
4.687500000000e+01 2.390031349527e-03 1.341470852243e-01
4.687812500000e+01 2.389611609085e-03 1.340681481899e-01
4.688125000000e+01 2.389201437079e-03 1.339903412198e-01
4.688437500000e+01 2.388800823702e-03 1.339136629594e-01
4.688750000000e+01 2.388409759375e-03 1.338381120720e-01
4.689062500000e+01 2.388028234697e-03 1.337636872394e-01
4.689375000000e+01 2.387656240483e-03 1.336903871618e-01
4.689687500000e+01 2.387293767776e-03 1.336182105582e-01
4.690000000000e+01 2.386940807816e-03 1.335471561668e-01
4.690312500000e+01 2.386597352064e-03 1.334772227450e-01
4.690625000000e+01 2.386263392203e-03 1.334084090697e-01
4.690937500000e+01 2.385938920118e-03 1.333407139375e-01
4.691250000000e+01 2.385623927947e-03 1.332741361650e-01
4.691562500000e+01 2.385318408016e-03 1.332086745890e-01
4.691875000000e+01 2.385022352914e-03 1.331443280668e-01
4.692187500000e+01 2.384735755429e-03 1.330810954760e-01
4.692500000000e+01 2.384458608591e-03 1.330189757155e-01
4.692812500000e+01 2.384190905663e-03 1.329579677048e-01
4.693125000000e+01 2.383932640140e-03 1.328980703848e-01
4.693437500000e+01 2.383683805754e-03 1.328392827179e-01
4.693750000000e+01 2.383444396477e-03 1.327816036879e-01
4.694062500000e+01 2.383214406502e-03 1.327250323007e-01
4.694375000000e+01 2.382993830293e-03 1.326695675838e-01
4.694687500000e+01 2.382782662537e-03 1.326152085873e-01
4.695000000000e+01 2.382580898173e-03 1.325619543835e-01
4.695312500000e+01 2.382388532383e-03 1.325098040670e-01
4.695625000000e+01 2.382205560590e-03 1.324587567555e-01
4.695937500000e+01 2.382031978490e-03 1.324088115894e-01
4.696250000000e+01 2.381867781997e-03 1.323599677321e-01
4.696562500000e+01 2.381712967313e-03 1.323122243704e-01
4.696875000000e+01 2.381567530862e-03 1.322655807142e-01
4.697187500000e+01 2.381431469344e-03 1.322200359972e-01
4.697500000000e+01 2.381304779712e-03 1.321755894767e-01
4.697812500000e+01 2.381187459175e-03 1.321322404338e-01
4.698125000000e+01 2.381079505204e-03 1.320899881739e-01
4.698437500000e+01 2.380980915537e-03 1.320488320262e-01
4.698750000000e+01 2.380891688155e-03 1.320087713444e-01
4.699062500000e+01 2.380811821335e-03 1.319698055066e-01
4.699375000000e+01 2.380741313593e-03 1.319319339156e-01
4.699687500000e+01 2.380680163728e-03 1.318951559989e-01
4.700000000000e+01 2.380628370804e-03 1.318594712089e-01
4.700312500000e+01 2.380585934141e-03 1.318248790229e-01
4.700625000000e+01 2.380552853359e-03 1.317913789436e-01
4.700937500000e+01 2.380529128319e-03 1.317589704988e-01
4.701250000000e+01 2.380514759188e-03 1.317276532419e-01
4.701562500000e+01 2.380509746379e-03 1.316974267517e-01
4.701875000000e+01 2.380514090596e-03 1.316682906329e-01
4.702187500000e+01 2.380527792820e-03 1.316402445158e-01
4.702500000000e+01 2.380550854310e-03 1.316132880568e-01
4.702812500000e+01 2.380583276607e-03 1.315874209385e-01
4.703125000000e+01 2.380625061531e-03 1.315626428693e-01
4.703437500000e+01 2.380676211176e-03 1.315389535844e-01
4.703750000000e+01 2.380736727941e-03 1.315163528451e-01
4.704062500000e+01 2.380806614492e-03 1.314948404394e-01
4.704375000000e+01 2.380885873790e-03 1.314744161821e-01
4.704687500000e+01 2.380974509080e-03 1.314550799146e-01
4.705000000000e+01 2.381072523887e-03 1.314368315053e-01
4.705312500000e+01 2.381179922050e-03 1.314196708496e-01
4.705625000000e+01 2.381296707666e-03 1.314035978702e-01
4.705937500000e+01 2.381422885158e-03 1.313886125169e-01
4.706250000000e+01 2.381558459216e-03 1.313747147669e-01
4.706562500000e+01 2.381703434832e-03 1.313619046249e-01
4.706875000000e+01 2.381857817300e-03 1.313501821234e-01
4.707187500000e+01 2.382021612199e-03 1.313395473221e-01
4.707500000000e+01 2.382194825417e-03 1.313300003091e-01
4.707812500000e+01 2.382377463137e-03 1.313215412000e-01
4.708125000000e+01 2.382569531826e-03 1.313141701385e-01
4.708437500000e+01 2.382771038279e-03 1.313078872967e-01
4.708750000000e+01 2.382981989575e-03 1.313026928746e-01
4.709062500000e+01 2.383202393100e-03 1.312985871007e-01
4.709375000000e+01 2.383432256549e-03 1.312955702320e-01
4.709687500000e+01 2.383671587900e-03 1.312936425539e-01
4.710000000000e+01 2.383920395475e-03 1.312928043805e-01
4.710312500000e+01 2.384178687862e-03 1.312930560546e-01
4.710625000000e+01 2.384446473998e-03 1.312943979481e-01
4.710937500000e+01 2.384723763091e-03 1.312968304616e-01
4.711250000000e+01 2.385010564683e-03 1.313003540248e-01
4.711562500000e+01 2.385306888621e-03 1.313049690965e-01
4.711875000000e+01 2.385612745063e-03 1.313106761650e-01
4.712187500000e+01 2.385928144482e-03 1.313174757476e-01
4.712500000000e+01 2.386253097666e-03 1.313253683914e-01
4.712812500000e+01 2.386587615709e-03 1.313343546727e-01
4.713125000000e+01 2.386931710044e-03 1.313444351977e-01
4.713437500000e+01 2.387285392390e-03 1.313556106021e-01
4.713750000000e+01 2.387648674813e-03 1.313678815518e-01
4.714062500000e+01 2.388021569690e-03 1.313812487422e-01
4.714375000000e+01 2.388404089700e-03 1.313957128991e-01
4.714687500000e+01 2.388796247877e-03 1.314112747782e-01
4.715000000000e+01 2.389198057540e-03 1.314279351654e-01
4.715312500000e+01 2.389609532373e-03 1.314456948770e-01
4.715625000000e+01 2.390030686347e-03 1.314645547597e-01
4.715937500000e+01 2.390461533777e-03 1.314845156908e-01
4.716250000000e+01 2.390902089304e-03 1.315055785779e-01
4.716562500000e+01 2.391352367895e-03 1.315277443596e-01
4.716875000000e+01 2.391812384845e-03 1.315510140050e-01
4.717187500000e+01 2.392282155783e-03 1.315753885144e-01
4.717500000000e+01 2.392761696649e-03 1.316008689187e-01
4.717812500000e+01 2.393251023752e-03 1.316274562802e-01
4.718125000000e+01 2.393750153693e-03 1.316551516922e-01
4.718437500000e+01 2.394259103439e-03 1.316839562791e-01
4.718750000000e+01 2.394777890277e-03 1.317138711969e-01
4.719062500000e+01 2.395306531820e-03 1.317448976330e-01
4.719375000000e+01 2.395845046047e-03 1.317770368060e-01
4.719687500000e+01 2.396393451238e-03 1.318102899665e-01
4.720000000000e+01 2.396951766048e-03 1.318446583966e-01
4.720312500000e+01 2.397520009442e-03 1.318801434103e-01
4.720625000000e+01 2.398098200743e-03 1.319167463534e-01
4.720937500000e+01 2.398686359612e-03 1.319544686037e-01
4.721250000000e+01 2.399284506050e-03 1.319933115711e-01
4.721562500000e+01 2.399892660404e-03 1.320332766976e-01
4.721875000000e+01 2.400510843373e-03 1.320743654576e-01
4.722187500000e+01 2.401139075978e-03 1.321165793577e-01
4.722500000000e+01 2.401777379622e-03 1.321599199369e-01
4.722812500000e+01 2.402425776019e-03 1.322043887668e-01
4.723125000000e+01 2.403084287267e-03 1.322499874517e-01
4.723437500000e+01 2.403752935793e-03 1.322967176284e-01
4.723750000000e+01 2.404431744368e-03 1.323445809667e-01
4.724062500000e+01 2.405120736140e-03 1.323935791690e-01
4.724375000000e+01 2.405819934582e-03 1.324437139710e-01
4.724687500000e+01 2.406529363551e-03 1.324949871412e-01
4.725000000000e+01 2.407249047229e-03 1.325474004814e-01
4.725312500000e+01 2.407979010168e-03 1.326009558266e-01
4.725625000000e+01 2.408719277283e-03 1.326556550451e-01
4.725937500000e+01 2.409469873834e-03 1.327115000386e-01
4.726250000000e+01 2.410230825450e-03 1.327684927423e-01
4.726562500000e+01 2.411002158115e-03 1.328266351249e-01
4.726875000000e+01 2.411783898164e-03 1.328859291891e-01
4.727187500000e+01 2.412576072321e-03 1.329463769710e-01
4.727500000000e+01 2.413378707638e-03 1.330079805407e-01
4.727812500000e+01 2.414191831559e-03 1.330707420021e-01
4.728125000000e+01 2.415015471885e-03 1.331346634934e-01
4.728437500000e+01 2.415849656764e-03 1.331997471867e-01
4.728750000000e+01 2.416694414743e-03 1.332659952882e-01
4.729062500000e+01 2.417549774702e-03 1.333334100385e-01
4.729375000000e+01 2.418415765923e-03 1.334019937126e-01
4.729687500000e+01 2.419292418031e-03 1.334717486199e-01
4.730000000000e+01 2.420179761030e-03 1.335426771042e-01
4.730312500000e+01 2.421077825301e-03 1.336147815441e-01
4.730625000000e+01 2.421986641585e-03 1.336880643526e-01
4.730937500000e+01 2.422906241011e-03 1.337625279778e-01
4.731250000000e+01 2.423836655073e-03 1.338381749024e-01
4.731562500000e+01 2.424777915627e-03 1.339150076441e-01
4.731875000000e+01 2.425730054935e-03 1.339930287557e-01
4.732187500000e+01 2.426693105603e-03 1.340722408249e-01
4.732500000000e+01 2.427667100641e-03 1.341526464745e-01
4.732812500000e+01 2.428652073425e-03 1.342342483630e-01
4.733125000000e+01 2.429648057694e-03 1.343170491835e-01
4.733437500000e+01 2.430655087605e-03 1.344010516651e-01
4.733750000000e+01 2.431673197653e-03 1.344862585721e-01
4.734062500000e+01 2.432702422753e-03 1.345726727042e-01
4.734375000000e+01 2.433742798168e-03 1.346602968969e-01
4.734687500000e+01 2.434794359566e-03 1.347491340212e-01
4.735000000000e+01 2.435857142990e-03 1.348391869841e-01
4.735312500000e+01 2.436931184869e-03 1.349304587281e-01
4.735625000000e+01 2.438016522016e-03 1.350229522318e-01
4.735937500000e+01 2.439113191636e-03 1.351166705096e-01
4.736250000000e+01 2.440221231300e-03 1.352116166118e-01
4.736562500000e+01 2.441340678999e-03 1.353077936250e-01
4.736875000000e+01 2.442471573073e-03 1.354052046719e-01
4.737187500000e+01 2.443613952284e-03 1.355038529111e-01
4.737500000000e+01 2.444767855768e-03 1.356037415377e-01
4.737812500000e+01 2.445933323039e-03 1.357048737830e-01
4.738125000000e+01 2.447110394027e-03 1.358072529147e-01
4.738437500000e+01 2.448299109023e-03 1.359108822368e-01
4.738750000000e+01 2.449499508740e-03 1.360157650899e-01
4.739062500000e+01 2.450711634253e-03 1.361219048508e-01
4.739375000000e+01 2.451935527044e-03 1.362293049332e-01
4.739687500000e+01 2.453171228984e-03 1.363379687872e-01
4.740000000000e+01 2.454418782338e-03 1.364478998994e-01
4.740312500000e+01 2.455678229764e-03 1.365591017934e-01
4.740625000000e+01 2.456949614311e-03 1.366715780292e-01
4.740937500000e+01 2.458232979411e-03 1.367853322036e-01
4.741250000000e+01 2.459528368919e-03 1.369003679502e-01
4.741562500000e+01 2.460835827045e-03 1.370166889395e-01
4.741875000000e+01 2.462155398427e-03 1.371342988786e-01
4.742187500000e+01 2.463487128081e-03 1.372532015117e-01
4.742500000000e+01 2.464831061407e-03 1.373734006197e-01
4.742812500000e+01 2.466187244229e-03 1.374949000203e-01
4.743125000000e+01 2.467555722728e-03 1.376177035683e-01
4.743437500000e+01 2.468936543515e-03 1.377418151552e-01
4.743750000000e+01 2.470329753569e-03 1.378672387097e-01
4.744062500000e+01 2.471735400271e-03 1.379939781971e-01
4.744375000000e+01 2.473153531401e-03 1.381220376198e-01
4.744687500000e+01 2.474584195123e-03 1.382514210171e-01
4.745000000000e+01 2.476027440004e-03 1.383821324652e-01
4.745312500000e+01 2.477483315001e-03 1.385141760771e-01
4.745625000000e+01 2.478951869449e-03 1.386475560027e-01
4.745937500000e+01 2.480433153102e-03 1.387822764290e-01
4.746250000000e+01 2.481927216078e-03 1.389183415794e-01
4.746562500000e+01 2.483434108913e-03 1.390557557145e-01
4.746875000000e+01 2.484953882508e-03 1.391945231315e-01
4.747187500000e+01 2.486486588162e-03 1.393346481642e-01
4.747500000000e+01 2.488032277577e-03 1.394761351834e-01
4.747812500000e+01 2.489591002818e-03 1.396189885963e-01
4.748125000000e+01 2.491162816364e-03 1.397632128468e-01
4.748437500000e+01 2.492747771056e-03 1.399088124152e-01
4.748750000000e+01 2.494345920131e-03 1.400557918184e-01
4.749062500000e+01 2.495957317213e-03 1.402041556096e-01
4.749375000000e+01 2.497582016301e-03 1.403539083782e-01
4.749687500000e+01 2.499220071784e-03 1.405050547502e-01
4.750000000000e+01 2.500871538425e-03 1.406575993873e-01
4.750312500000e+01 2.502536471357e-03 1.408115469875e-01
4.750625000000e+01 2.504214926116e-03 1.409669022847e-01
4.750937500000e+01 2.505906958581e-03 1.411236700486e-01
4.751250000000e+01 2.507612625036e-03 1.412818550845e-01
4.751562500000e+01 2.509331982112e-03 1.414414622334e-01
4.751875000000e+01 2.511065086815e-03 1.416024963719e-01
4.752187500000e+01 2.512811996540e-03 1.417649624115e-01
4.752500000000e+01 2.514572769012e-03 1.419288652993e-01
4.752812500000e+01 2.516347462355e-03 1.420942100170e-01
4.753125000000e+01 2.518136135027e-03 1.422610015816e-01
4.753437500000e+01 2.519938845857e-03 1.424292450443e-01
4.753750000000e+01 2.521755654029e-03 1.425989454912e-01
4.754062500000e+01 2.523586619080e-03 1.427701080422e-01
4.754375000000e+01 2.525431800898e-03 1.429427378518e-01
4.754687500000e+01 2.527291259720e-03 1.431168401080e-01
4.755000000000e+01 2.529165056113e-03 1.432924200327e-01
4.755312500000e+01 2.531053251014e-03 1.434694828810e-01
4.755625000000e+01 2.532955905664e-03 1.436480339414e-01
4.755937500000e+01 2.534873081674e-03 1.438280785351e-01
4.756250000000e+01 2.536804840953e-03 1.440096220161e-01
4.756562500000e+01 2.538751245750e-03 1.441926697708e-01
4.756875000000e+01 2.540712358653e-03 1.443772272176e-01
4.757187500000e+01 2.542688242535e-03 1.445632998067e-01
4.757500000000e+01 2.544678960620e-03 1.447508930199e-01
4.757812500000e+01 2.546684576410e-03 1.449400123699e-01
4.758125000000e+01 2.548705153733e-03 1.451306634005e-01
4.758437500000e+01 2.550740756711e-03 1.453228516858e-01
4.758750000000e+01 2.552791449761e-03 1.455165828300e-01
4.759062500000e+01 2.554857297592e-03 1.457118624670e-01
4.759375000000e+01 2.556938365204e-03 1.459086962601e-01
4.759687500000e+01 2.559034717855e-03 1.461070899013e-01
4.760000000000e+01 2.561146421112e-03 1.463070491114e-01
4.760312500000e+01 2.563273540772e-03 1.465085796389e-01
4.760625000000e+01 2.565416142929e-03 1.467116872602e-01
4.760937500000e+01 2.567574293904e-03 1.469163777784e-01
4.761250000000e+01 2.569748060279e-03 1.471226570236e-01
4.761562500000e+01 2.571937508888e-03 1.473305308517e-01
4.761875000000e+01 2.574142706776e-03 1.475400051443e-01
4.762187500000e+01 2.576363721246e-03 1.477510858081e-01
4.762500000000e+01 2.578600619791e-03 1.479637787741e-01
4.762812500000e+01 2.580853470134e-03 1.481780899973e-01
4.763125000000e+01 2.583122340200e-03 1.483940254558e-01
4.763437500000e+01 2.585407298108e-03 1.486115911505e-01
4.763750000000e+01 2.587708412168e-03 1.488307931043e-01
4.764062500000e+01 2.590025750866e-03 1.490516373613e-01
4.764375000000e+01 2.592359382849e-03 1.492741299863e-01
4.764687500000e+01 2.594709376951e-03 1.494982770640e-01
4.765000000000e+01 2.597075802118e-03 1.497240846983e-01
4.765312500000e+01 2.599458727479e-03 1.499515590116e-01
4.765625000000e+01 2.601858222254e-03 1.501807061439e-01
4.765937500000e+01 2.604274355804e-03 1.504115322520e-01
4.766250000000e+01 2.606707197609e-03 1.506440435088e-01
4.766562500000e+01 2.609156817212e-03 1.508782461021e-01
4.766875000000e+01 2.611623284281e-03 1.511141462344e-01
4.767187500000e+01 2.614106668530e-03 1.513517501210e-01
4.767500000000e+01 2.616607039743e-03 1.515910639901e-01
4.767812500000e+01 2.619124467759e-03 1.518320940810e-01
4.768125000000e+01 2.621659022444e-03 1.520748466437e-01
4.768437500000e+01 2.624210773692e-03 1.523193279373e-01
4.768750000000e+01 2.626779791409e-03 1.525655442295e-01
4.769062500000e+01 2.629366145476e-03 1.528135017951e-01
4.769375000000e+01 2.631969905785e-03 1.530632069151e-01
4.769687500000e+01 2.634591142160e-03 1.533146658754e-01
4.770000000000e+01 2.637229924408e-03 1.535678849659e-01
4.770312500000e+01 2.639886322238e-03 1.538228704788e-01
4.770625000000e+01 2.642560405288e-03 1.540796287076e-01
4.770937500000e+01 2.645252243110e-03 1.543381659460e-01
4.771250000000e+01 2.647961905112e-03 1.545984884862e-01
4.771562500000e+01 2.650689460598e-03 1.548606026177e-01
4.771875000000e+01 2.653434978689e-03 1.551245146259e-01
4.772187500000e+01 2.656198528352e-03 1.553902307907e-01
4.772500000000e+01 2.658980178361e-03 1.556577573849e-01
4.772812500000e+01 2.661779997274e-03 1.559271006727e-01
4.773125000000e+01 2.664598053423e-03 1.561982669080e-01
4.773437500000e+01 2.667434414888e-03 1.564712623331e-01
4.773750000000e+01 2.670289149462e-03 1.567460931768e-01
4.774062500000e+01 2.673162324673e-03 1.570227656529e-01
4.774375000000e+01 2.676054007691e-03 1.573012859579e-01
4.774687500000e+01 2.678964265386e-03 1.575816602699e-01
4.775000000000e+01 2.681893164232e-03 1.578638947465e-01
4.775312500000e+01 2.684840770322e-03 1.581479955226e-01
4.775625000000e+01 2.687807149356e-03 1.584339687089e-01
4.775937500000e+01 2.690792366554e-03 1.587218203897e-01
4.776250000000e+01 2.693796486712e-03 1.590115566206e-01
4.776562500000e+01 2.696819574104e-03 1.593031834269e-01
4.776875000000e+01 2.699861692494e-03 1.595967068012e-01
4.777187500000e+01 2.702922905097e-03 1.598921327009e-01
4.777500000000e+01 2.706003274550e-03 1.601894670465e-01
4.777812500000e+01 2.709102862883e-03 1.604887157189e-01
4.778125000000e+01 2.712221731491e-03 1.607898845568e-01
4.778437500000e+01 2.715359941079e-03 1.610929793548e-01
4.778750000000e+01 2.718517551686e-03 1.613980058606e-01
4.779062500000e+01 2.721694622580e-03 1.617049697722e-01
4.779375000000e+01 2.724891212299e-03 1.620138767358e-01
4.779687500000e+01 2.728107378540e-03 1.623247323425e-01
4.780000000000e+01 2.731343178184e-03 1.626375421259e-01
4.780312500000e+01 2.734598667249e-03 1.629523115592e-01
4.780625000000e+01 2.737873900808e-03 1.632690460523e-01
4.780937500000e+01 2.741168933026e-03 1.635877509486e-01
4.781250000000e+01 2.744483817046e-03 1.639084315222e-01
4.781562500000e+01 2.747818605004e-03 1.642310929747e-01
4.781875000000e+01 2.751173347965e-03 1.645557404319e-01
4.782187500000e+01 2.754548095881e-03 1.648823789406e-01
4.782500000000e+01 2.757942897556e-03 1.652110134653e-01
4.782812500000e+01 2.761357800606e-03 1.655416488846e-01
4.783125000000e+01 2.764792851381e-03 1.658742899877e-01
4.783437500000e+01 2.768248094989e-03 1.662089414712e-01
4.783750000000e+01 2.771723575159e-03 1.665456079345e-01
4.784062500000e+01 2.775219334287e-03 1.668842938772e-01
4.784375000000e+01 2.778735413306e-03 1.672250036942e-01
4.784687500000e+01 2.782271851687e-03 1.675677416723e-01
4.785000000000e+01 2.785828687373e-03 1.679125119861e-01
4.785312500000e+01 2.789405956722e-03 1.682593186939e-01
4.785625000000e+01 2.793003694476e-03 1.686081657331e-01
4.785937500000e+01 2.796621933663e-03 1.689590569164e-01
4.786250000000e+01 2.800260705583e-03 1.693119959270e-01
4.786562500000e+01 2.803920039739e-03 1.696669863144e-01
4.786875000000e+01 2.807599963772e-03 1.700240314894e-01
4.787187500000e+01 2.811300503412e-03 1.703831347198e-01
4.787500000000e+01 2.815021682410e-03 1.707442991251e-01
4.787812500000e+01 2.818763522467e-03 1.711075276722e-01
4.788125000000e+01 2.822526043216e-03 1.714728231698e-01
4.788437500000e+01 2.826309262081e-03 1.718401882635e-01
4.788750000000e+01 2.830113194304e-03 1.722096254304e-01
4.789062500000e+01 2.833937852786e-03 1.725811369743e-01
4.789375000000e+01 2.837783248091e-03 1.729547250192e-01
4.789687500000e+01 2.841649388341e-03 1.733303915049e-01
4.790000000000e+01 2.845536279144e-03 1.737081381802e-01
4.790312500000e+01 2.849443923554e-03 1.740879665980e-01
4.790625000000e+01 2.853372321946e-03 1.744698781086e-01
4.790937500000e+01 2.857321471982e-03 1.748538738543e-01
4.791250000000e+01 2.861291368522e-03 1.752399547627e-01
4.791562500000e+01 2.865282003538e-03 1.756281215406e-01
4.791875000000e+01 2.869293366053e-03 1.760183746678e-01
4.792187500000e+01 2.873325442043e-03 1.764107143900e-01
4.792500000000e+01 2.877378214340e-03 1.768051407127e-01
4.792812500000e+01 2.881451662608e-03 1.772016533939e-01
4.793125000000e+01 2.885545763175e-03 1.776002519375e-01
4.793437500000e+01 2.889660489027e-03 1.780009355861e-01
4.793750000000e+01 2.893795809648e-03 1.784037033138e-01
4.794062500000e+01 2.897951690974e-03 1.788085538187e-01
4.794375000000e+01 2.902128095294e-03 1.792154855157e-01
4.794687500000e+01 2.906324981140e-03 1.796244965287e-01
4.795000000000e+01 2.910542303227e-03 1.800355846828e-01
4.795312500000e+01 2.914780012297e-03 1.804487474967e-01
4.795625000000e+01 2.919038055084e-03 1.808639821743e-01
4.795937500000e+01 2.923316374176e-03 1.812812855966e-01
4.796250000000e+01 2.927614907923e-03 1.817006543137e-01
4.796562500000e+01 2.931933590338e-03 1.821220845360e-01
4.796875000000e+01 2.936272350990e-03 1.825455721255e-01
4.797187500000e+01 2.940631114878e-03 1.829711125876e-01
4.797500000000e+01 2.945009802377e-03 1.833987010616e-01
4.797812500000e+01 2.949408329047e-03 1.838283323120e-01
4.798125000000e+01 2.953826605610e-03 1.842600007193e-01
4.798437500000e+01 2.958264537761e-03 1.846937002706e-01
4.798750000000e+01 2.962722026097e-03 1.851294245500e-01
4.799062500000e+01 2.967198965993e-03 1.855671667293e-01
4.799375000000e+01 2.971695247467e-03 1.860069195580e-01
4.799687500000e+01 2.976210755104e-03 1.864486753534e-01
4.800000000000e+01 2.980745367864e-03 1.868924259907e-01
4.800312500000e+01 2.985298959022e-03 1.873381628926e-01
4.800625000000e+01 2.989871396019e-03 1.877858770192e-01
4.800937500000e+01 2.994462540336e-03 1.882355588572e-01
4.801250000000e+01 2.999072247371e-03 1.886871984096e-01
4.801562500000e+01 3.003700366309e-03 1.891407851847e-01
4.801875000000e+01 3.008346739968e-03 1.895963081854e-01
4.802187500000e+01 3.013011204735e-03 1.900537558980e-01
4.802500000000e+01 3.017693590335e-03 1.905131162810e-01
4.802812500000e+01 3.022393719797e-03 1.909743767540e-01
4.803125000000e+01 3.027111409226e-03 1.914375241860e-01
4.803437500000e+01 3.031846467735e-03 1.919025448841e-01
4.803750000000e+01 3.036598697275e-03 1.923694245817e-01
4.804062500000e+01 3.041367892489e-03 1.928381484263e-01
4.804375000000e+01 3.046153840611e-03 1.933087009684e-01
4.804687500000e+01 3.050956321260e-03 1.937810661487e-01
4.805000000000e+01 3.055775106339e-03 1.942552272862e-01
4.805312500000e+01 3.060609959908e-03 1.947311670659e-01
4.805625000000e+01 3.065460637986e-03 1.952088675267e-01
4.805937500000e+01 3.070326888446e-03 1.956883100484e-01
4.806250000000e+01 3.075208450860e-03 1.961694753394e-01
4.806562500000e+01 3.080105056318e-03 1.966523434242e-01
4.806875000000e+01 3.085016427351e-03 1.971368936304e-01
4.807187500000e+01 3.089942277691e-03 1.976231045760e-01
4.807500000000e+01 3.094882312221e-03 1.981109541564e-01
4.807812500000e+01 3.099836226727e-03 1.986004195316e-01
4.808125000000e+01 3.104803707817e-03 1.990914771129e-01
4.808437500000e+01 3.109784432745e-03 1.995841025503e-01
4.808750000000e+01 3.114778069258e-03 2.000782707188e-01
4.809062500000e+01 3.119784275474e-03 2.005739557058e-01
4.809375000000e+01 3.124802699677e-03 2.010711307975e-01
4.809687500000e+01 3.129832980200e-03 2.015697684661e-01
4.810000000000e+01 3.134874745307e-03 2.020698403560e-01
4.810312500000e+01 3.139927612981e-03 2.025713172715e-01
4.810625000000e+01 3.144991190818e-03 2.030741691626e-01
4.810937500000e+01 3.150065075865e-03 2.035783651127e-01
4.811250000000e+01 3.155148854460e-03 2.040838733250e-01
4.811562500000e+01 3.160242102140e-03 2.045906611096e-01
4.811875000000e+01 3.165344383406e-03 2.050986948702e-01
4.812187500000e+01 3.170455251685e-03 2.056079400915e-01
4.812500000000e+01 3.175574249097e-03 2.061183613264e-01
4.812812500000e+01 3.180700906372e-03 2.066299221827e-01
4.813125000000e+01 3.185834742694e-03 2.071425853111e-01
4.813437500000e+01 3.190975265559e-03 2.076563123920e-01
4.813750000000e+01 3.196121970673e-03 2.081710641239e-01
4.814062500000e+01 3.201274341775e-03 2.086868002106e-01
4.814375000000e+01 3.206431850529e-03 2.092034793491e-01
4.814687500000e+01 3.211593956433e-03 2.097210592185e-01
4.815000000000e+01 3.216760106649e-03 2.102394964673e-01
4.815312500000e+01 3.221929735910e-03 2.107587467029e-01
4.815625000000e+01 3.227102266406e-03 2.112787644801e-01
4.815937500000e+01 3.232277107646e-03 2.117995032899e-01
4.816250000000e+01 3.237453656420e-03 2.123209155495e-01
4.816562500000e+01 3.242631296604e-03 2.128429525915e-01
4.816875000000e+01 3.247809399163e-03 2.133655646544e-01
4.817187500000e+01 3.252987321966e-03 2.138887008725e-01
4.817500000000e+01 3.258164409764e-03 2.144123092669e-01
4.817812500000e+01 3.263339994096e-03 2.149363367367e-01
4.818125000000e+01 3.268513393189e-03 2.154607290507e-01
4.818437500000e+01 3.273683911938e-03 2.159854308390e-01
4.818750000000e+01 3.278850841781e-03 2.165103855860e-01
4.819062500000e+01 3.284013460683e-03 2.170355356228e-01
4.819375000000e+01 3.289171033109e-03 2.175608221212e-01
4.819687500000e+01 3.294322809930e-03 2.180861850877e-01
4.820000000000e+01 3.299468028428e-03 2.186115633577e-01
4.820312500000e+01 3.304605912263e-03 2.191368945912e-01
4.820625000000e+01 3.309735671429e-03 2.196621152682e-01
4.820937500000e+01 3.314856502317e-03 2.201871606857e-01
4.821250000000e+01 3.319967587616e-03 2.207119649542e-01
4.821562500000e+01 3.325068096431e-03 2.212364609961e-01
4.821875000000e+01 3.330157184210e-03 2.217605805441e-01
4.822187500000e+01 3.335233992834e-03 2.222842541405e-01
4.822500000000e+01 3.340297650636e-03 2.228074111375e-01
4.822812500000e+01 3.345347272457e-03 2.233299796980e-01
4.823125000000e+01 3.350381959711e-03 2.238518867976e-01
4.823437500000e+01 3.355400800454e-03 2.243730582271e-01
4.823750000000e+01 3.360402869454e-03 2.248934185962e-01
4.824062500000e+01 3.365387228345e-03 2.254128913382e-01
4.824375000000e+01 3.370352925674e-03 2.259313987152e-01
4.824687500000e+01 3.375298997062e-03 2.264488618249e-01
4.825000000000e+01 3.380224465328e-03 2.269652006077e-01
4.825312500000e+01 3.385128340624e-03 2.274803338560e-01
4.825625000000e+01 3.390009620656e-03 2.279941792229e-01
4.825937500000e+01 3.394867290773e-03 2.285066532339e-01
4.826250000000e+01 3.399700324257e-03 2.290176712980e-01
4.826562500000e+01 3.404507682441e-03 2.295271477214e-01
4.826875000000e+01 3.409288314993e-03 2.300349957213e-01
4.827187500000e+01 3.414041160131e-03 2.305411274416e-01
4.827500000000e+01 3.418765144869e-03 2.310454539692e-01
4.827812500000e+01 3.423459185301e-03 2.315478853528e-01
4.828125000000e+01 3.428122186880e-03 2.320483306210e-01
4.828437500000e+01 3.432753044693e-03 2.325466978039e-01
4.828750000000e+01 3.437350643840e-03 2.330428939542e-01
4.829062500000e+01 3.441913859702e-03 2.335368251709e-01
4.829375000000e+01 3.446441558329e-03 2.340283966235e-01
4.829687500000e+01 3.450932596806e-03 2.345175125784e-01
4.830000000000e+01 3.455385823599e-03 2.350040764259e-01
4.830312500000e+01 3.459800079037e-03 2.354879907091e-01
4.830625000000e+01 3.464174195630e-03 2.359691571542e-01
4.830937500000e+01 3.468506998609e-03 2.364474767018e-01
4.831250000000e+01 3.472797306284e-03 2.369228495404e-01
4.831562500000e+01 3.477043930582e-03 2.373951751409e-01
4.831875000000e+01 3.481245677513e-03 2.378643522921e-01
4.832187500000e+01 3.485401347676e-03 2.383302791387e-01
4.832500000000e+01 3.489509736786e-03 2.387928532200e-01
4.832812500000e+01 3.493569636210e-03 2.392519715103e-01
4.833125000000e+01 3.497579833516e-03 2.397075304605e-01
4.833437500000e+01 3.501539113088e-03 2.401594260419e-01
4.833750000000e+01 3.505446256668e-03 2.406075537902e-01
4.834062500000e+01 3.509300043991e-03 2.410518088525e-01
4.834375000000e+01 3.513099253409e-03 2.414920860340e-01
4.834687500000e+01 3.516842662506e-03 2.419282798477e-01
4.835000000000e+01 3.520529048819e-03 2.423602845642e-01
4.835312500000e+01 3.524157190409e-03 2.427879942637e-01
4.835625000000e+01 3.527725866661e-03 2.432113028890e-01
4.835937500000e+01 3.531233858884e-03 2.436301042997e-01
4.836250000000e+01 3.534679951093e-03 2.440442923282e-01
4.836562500000e+01 3.538062930709e-03 2.444537608358e-01
4.836875000000e+01 3.541381589309e-03 2.448584037717e-01
4.837187500000e+01 3.544634723372e-03 2.452581152314e-01
4.837500000000e+01 3.547821135067e-03 2.456527895177e-01
4.837812500000e+01 3.550939632975e-03 2.460423212015e-01
4.838125000000e+01 3.553989032967e-03 2.464266051848e-01
4.838437500000e+01 3.556968158895e-03 2.468055367636e-01
4.838750000000e+01 3.559875843499e-03 2.471790116926e-01
4.839062500000e+01 3.562710929147e-03 2.475469262503e-01
4.839375000000e+01 3.565472268664e-03 2.479091773047e-01
4.839687500000e+01 3.568158726227e-03 2.482656623804e-01
4.840000000000e+01 3.570769178093e-03 2.486162797256e-01
4.840312500000e+01 3.573302513549e-03 2.489609283803e-01
4.840625000000e+01 3.575757635641e-03 2.492995082446e-01
4.840937500000e+01 3.578133462108e-03 2.496319201476e-01
4.841250000000e+01 3.580428926180e-03 2.499580659170e-01
4.841562500000e+01 3.582642977436e-03 2.502778484481e-01
4.841875000000e+01 3.584774582649e-03 2.505911717740e-01
4.842187500000e+01 3.586822726632e-03 2.508979411352e-01
4.842500000000e+01 3.588786413051e-03 2.511980630496e-01
4.842812500000e+01 3.590664665330e-03 2.514914453824e-01
4.843125000000e+01 3.592456527380e-03 2.517779974154e-01
4.843437500000e+01 3.594161064530e-03 2.520576299171e-01
4.843750000000e+01 3.595777364274e-03 2.523302552107e-01
4.844062500000e+01 3.597304537076e-03 2.525957872440e-01
4.844375000000e+01 3.598741717239e-03 2.528541416564e-01
4.844687500000e+01 3.600088063590e-03 2.531052358470e-01
4.845000000000e+01 3.601342760361e-03 2.533489890409e-01
4.845312500000e+01 3.602505017856e-03 2.535853223557e-01
4.845625000000e+01 3.603574073255e-03 2.538141588655e-01
4.845937500000e+01 3.604549191325e-03 2.540354236659e-01
4.846250000000e+01 3.605429665135e-03 2.542490439360e-01
4.846562500000e+01 3.606214816747e-03 2.544549490003e-01
4.846875000000e+01 3.606903997897e-03 2.546530703889e-01
4.847187500000e+01 3.607496590617e-03 2.548433418963e-01
4.847500000000e+01 3.607992007940e-03 2.550256996387e-01
4.847812500000e+01 3.608389694409e-03 2.552000821097e-01
4.848125000000e+01 3.608689126759e-03 2.553664302345e-01
4.848437500000e+01 3.608889814405e-03 2.555246874218e-01
4.848750000000e+01 3.608991299988e-03 2.556747996140e-01
4.849062500000e+01 3.608993159932e-03 2.558167153363e-01
4.849375000000e+01 3.608895004831e-03 2.559503857420e-01
4.849687500000e+01 3.608696479998e-03 2.560757646575e-01
4.850000000000e+01 3.608397265790e-03 2.561928086239e-01
4.850312500000e+01 3.607997078062e-03 2.563014769367e-01
4.850625000000e+01 3.607495668498e-03 2.564017316833e-01
4.850937500000e+01 3.606892824928e-03 2.564935377776e-01
4.851250000000e+01 3.606188371635e-03 2.565768629930e-01
4.851562500000e+01 3.605382169611e-03 2.566516779917e-01
4.851875000000e+01 3.604474116745e-03 2.567179563525e-01
4.852187500000e+01 3.603464148093e-03 2.567756745954e-01
4.852500000000e+01 3.602352235925e-03 2.568248122033e-01
4.852812500000e+01 3.601138389948e-03 2.568653516417e-01
4.853125000000e+01 3.599822657329e-03 2.568972783749e-01
4.853437500000e+01 3.598405122726e-03 2.569205808799e-01
4.853750000000e+01 3.596885908385e-03 2.569352506573e-01
4.854062500000e+01 3.595265174004e-03 2.569412822394e-01
4.854375000000e+01 3.593543116790e-03 2.569386731953e-01
4.854687500000e+01 3.591719971248e-03 2.569274241334e-01
4.855000000000e+01 3.589796009137e-03 2.569075387011e-01
4.855312500000e+01 3.587771539261e-03 2.568790235808e-01
4.855625000000e+01 3.585646907280e-03 2.568418884845e-01
4.855937500000e+01 3.583422495461e-03 2.567961461443e-01
4.856250000000e+01 3.581098722420e-03 2.567418123004e-01
4.856562500000e+01 3.578676042780e-03 2.566789056869e-01
4.856875000000e+01 3.576154946901e-03 2.566074480137e-01
4.857187500000e+01 3.573535960404e-03 2.565274639469e-01
4.857500000000e+01 3.570819643873e-03 2.564389810853e-01
4.857812500000e+01 3.568006592335e-03 2.563420299354e-01
4.858125000000e+01 3.565097434800e-03 2.562366438826e-01
4.858437500000e+01 3.562092833826e-03 2.561228591608e-01
4.858750000000e+01 3.558993484882e-03 2.560007148189e-01
4.859062500000e+01 3.555800115900e-03 2.558702526850e-01
4.859375000000e+01 3.552513486590e-03 2.557315173284e-01
4.859687500000e+01 3.549134387892e-03 2.555845560189e-01
4.860000000000e+01 3.545663641308e-03 2.554294186844e-01
4.860312500000e+01 3.542102098241e-03 2.552661578654e-01
4.860625000000e+01 3.538450639309e-03 2.550948286685e-01
4.860937500000e+01 3.534710173642e-03 2.549154887172e-01
4.861250000000e+01 3.530881638106e-03 2.547281981005e-01
4.861562500000e+01 3.526965996638e-03 2.545330193209e-01
4.861875000000e+01 3.522964239364e-03 2.543300172387e-01
4.862187500000e+01 3.518877381914e-03 2.541192590167e-01
4.862500000000e+01 3.514706464543e-03 2.539008140618e-01
4.862812500000e+01 3.510452551319e-03 2.536747539657e-01
4.863125000000e+01 3.506116729343e-03 2.534411524443e-01
4.863437500000e+01 3.501700107814e-03 2.532000852756e-01
4.863750000000e+01 3.497203817262e-03 2.529516302363e-01
4.864062500000e+01 3.492629008585e-03 2.526958670380e-01
4.864375000000e+01 3.487976852245e-03 2.524328772610e-01
4.864687500000e+01 3.483248537345e-03 2.521627442890e-01
4.865000000000e+01 3.478445270737e-03 2.518855532414e-01
4.865312500000e+01 3.473568276140e-03 2.516013909059e-01
4.865625000000e+01 3.468618793224e-03 2.513103456701e-01
4.865937500000e+01 3.463598076689e-03 2.510125074527e-01
4.866250000000e+01 3.458507395424e-03 2.507079676341e-01
4.866562500000e+01 3.453348031499e-03 2.503968189870e-01
4.866875000000e+01 3.448121279367e-03 2.500791556065e-01
4.867187500000e+01 3.442828444887e-03 2.497550728405e-01
4.867500000000e+01 3.437470844429e-03 2.494246672192e-01
4.867812500000e+01 3.432049804038e-03 2.490880363857e-01
4.868125000000e+01 3.426566658452e-03 2.487452790261e-01
4.868437500000e+01 3.421022750316e-03 2.483964948000e-01
4.868750000000e+01 3.415419429216e-03 2.480417842711e-01
4.869062500000e+01 3.409758050870e-03 2.476812488386e-01
4.869375000000e+01 3.404039976248e-03 2.473149906689e-01
4.869687500000e+01 3.398266570725e-03 2.469431126275e-01
4.870000000000e+01 3.392439203240e-03 2.465657182119e-01
4.870312500000e+01 3.386559245481e-03 2.461829114852e-01
4.870625000000e+01 3.380628071036e-03 2.457947970105e-01
4.870937500000e+01 3.374647054664e-03 2.454014797854e-01
4.871250000000e+01 3.368617571420e-03 2.450030651784e-01
4.871562500000e+01 3.362540995965e-03 2.445996588655e-01
4.871875000000e+01 3.356418701756e-03 2.441913667684e-01
4.872187500000e+01 3.350252060305e-03 2.437782949929e-01
4.872500000000e+01 3.344042440517e-03 2.433605497692e-01
4.872812500000e+01 3.337791207883e-03 2.429382373930e-01
4.873125000000e+01 3.331499723902e-03 2.425114641677e-01
4.873437500000e+01 3.325169345301e-03 2.420803363479e-01
4.873750000000e+01 3.318801423460e-03 2.416449600843e-01
4.874062500000e+01 3.312397303743e-03 2.412054413696e-01
4.874375000000e+01 3.305958324882e-03 2.407618859859e-01
4.874687500000e+01 3.299485818383e-03 2.403143994534e-01
4.875000000000e+01 3.292981107955e-03 2.398630869806e-01
4.875312500000e+01 3.286445508912e-03 2.394080534155e-01
4.875625000000e+01 3.279880327708e-03 2.389494031989e-01
4.875937500000e+01 3.273286861317e-03 2.384872403180e-01
4.876250000000e+01 3.266666396837e-03 2.380216682631e-01
4.876562500000e+01 3.260020210913e-03 2.375527899837e-01
4.876875000000e+01 3.253349569329e-03 2.370807078480e-01
4.877187500000e+01 3.246655726582e-03 2.366055236026e-01
4.877500000000e+01 3.239939925380e-03 2.361273383339e-01
4.877812500000e+01 3.233203396347e-03 2.356462524317e-01
4.878125000000e+01 3.226447357529e-03 2.351623655528e-01
4.878437500000e+01 3.219673014113e-03 2.346757765879e-01
4.878750000000e+01 3.212881558040e-03 2.341865836283e-01
4.879062500000e+01 3.206074167693e-03 2.336948839349e-01
4.879375000000e+01 3.199252007579e-03 2.332007739086e-01
4.879687500000e+01 3.192416228051e-03 2.327043490619e-01
4.880000000000e+01 3.185567965007e-03 2.322057039919e-01
4.880312500000e+01 3.178708339701e-03 2.317049323550e-01
4.880625000000e+01 3.171838458413e-03 2.312021268427e-01
4.880937500000e+01 3.164959412336e-03 2.306973791587e-01
4.881250000000e+01 3.158072277274e-03 2.301907799975e-01
4.881562500000e+01 3.151178113525e-03 2.296824190245e-01
4.881875000000e+01 3.144277965710e-03 2.291723848571e-01
4.882187500000e+01 3.137372862557e-03 2.286607650469e-01
4.882500000000e+01 3.130463816862e-03 2.281476460640e-01
4.882812500000e+01 3.123551825271e-03 2.276331132813e-01
4.883125000000e+01 3.116637868244e-03 2.271172509613e-01
4.883437500000e+01 3.109722909930e-03 2.266001422429e-01
4.883750000000e+01 3.102807898097e-03 2.260818691304e-01
4.884062500000e+01 3.095893764072e-03 2.255625124826e-01
4.884375000000e+01 3.088981422690e-03 2.250421520040e-01
4.884687500000e+01 3.082071772229e-03 2.245208662363e-01
4.885000000000e+01 3.075165694456e-03 2.239987325515e-01
4.885312500000e+01 3.068264054518e-03 2.234758271455e-01
4.885625000000e+01 3.061367701043e-03 2.229522250329e-01
4.885937500000e+01 3.054477466055e-03 2.224280000432e-01
4.886250000000e+01 3.047594165062e-03 2.219032248172e-01
4.886562500000e+01 3.040718597086e-03 2.213779708044e-01
4.886875000000e+01 3.033851544643e-03 2.208523082623e-01
4.887187500000e+01 3.026993773889e-03 2.203263062549e-01
4.887500000000e+01 3.020146034591e-03 2.198000326532e-01
4.887812500000e+01 3.013309060264e-03 2.192735541360e-01
4.888125000000e+01 3.006483568222e-03 2.187469361920e-01
4.888437500000e+01 2.999670259666e-03 2.182202431217e-01
4.888750000000e+01 2.992869819791e-03 2.176935380405e-01
4.889062500000e+01 2.986082917883e-03 2.171668828830e-01
4.889375000000e+01 2.979310207411e-03 2.166403384069e-01
4.889687500000e+01 2.972552326198e-03 2.161139641983e-01
4.890000000000e+01 2.965809896468e-03 2.155878186771e-01
4.890312500000e+01 2.959083525061e-03 2.150619591035e-01
4.890625000000e+01 2.952373803488e-03 2.145364415843e-01
4.890937500000e+01 2.945681308125e-03 2.140113210807e-01
4.891250000000e+01 2.939006600362e-03 2.134866514152e-01
4.891562500000e+01 2.932350226695e-03 2.129624852806e-01
4.891875000000e+01 2.925712718972e-03 2.124388742480e-01
4.892187500000e+01 2.919094594462e-03 2.119158687763e-01
4.892500000000e+01 2.912496356080e-03 2.113935182210e-01
4.892812500000e+01 2.905918492536e-03 2.108718708447e-01
4.893125000000e+01 2.899361478502e-03 2.103509738264e-01
4.893437500000e+01 2.892825774788e-03 2.098308732728e-01
4.893750000000e+01 2.886311828526e-03 2.093116142284e-01
4.894062500000e+01 2.879820073321e-03 2.087932406867e-01
4.894375000000e+01 2.873350929494e-03 2.082757956015e-01
4.894687500000e+01 2.866904804179e-03 2.077593208987e-01
4.895000000000e+01 2.860482091604e-03 2.072438574874e-01
4.895312500000e+01 2.854083173188e-03 2.067294452725e-01
4.895625000000e+01 2.847708417789e-03 2.062161231665e-01
4.895937500000e+01 2.841358181894e-03 2.057039291019e-01
4.896250000000e+01 2.835032809752e-03 2.051929000436e-01
4.896562500000e+01 2.828732633651e-03 2.046830720017e-01
4.896875000000e+01 2.822457974025e-03 2.041744800440e-01
4.897187500000e+01 2.816209139711e-03 2.036671583089e-01
4.897500000000e+01 2.809986428110e-03 2.031611400185e-01
4.897812500000e+01 2.803790125391e-03 2.026564574912e-01
4.898125000000e+01 2.797620506678e-03 2.021531421555e-01
4.898437500000e+01 2.791477836254e-03 2.016512245622e-01
4.898750000000e+01 2.785362367723e-03 2.011507343985e-01
4.899062500000e+01 2.779274344264e-03 2.006517005004e-01
4.899375000000e+01 2.773213998739e-03 2.001541508666e-01
4.899687500000e+01 2.767181553974e-03 1.996581126712e-01
4.900000000000e+01 2.761177222864e-03 1.991636122774e-01
4.900312500000e+01 2.755201208620e-03 1.986706752504e-01
4.900625000000e+01 2.749253704953e-03 1.981793263705e-01
4.900937500000e+01 2.743334896212e-03 1.976895896468e-01
4.901250000000e+01 2.737444957649e-03 1.972014883298e-01
4.901562500000e+01 2.731584055517e-03 1.967150449248e-01
4.901875000000e+01 2.725752347324e-03 1.962302812047e-01
4.902187500000e+01 2.719949981975e-03 1.957472182232e-01
4.902500000000e+01 2.714177099967e-03 1.952658763276e-01
4.902812500000e+01 2.708433833563e-03 1.947862751716e-01
4.903125000000e+01 2.702720306974e-03 1.943084337282e-01
4.903437500000e+01 2.697036636511e-03 1.938323703020e-01
4.903750000000e+01 2.691382930813e-03 1.933581025423e-01
4.904062500000e+01 2.685759290939e-03 1.928856474552e-01
4.904375000000e+01 2.680165810624e-03 1.924150214161e-01
4.904687500000e+01 2.674602576368e-03 1.919462401818e-01
4.905000000000e+01 2.669069667653e-03 1.914793189030e-01
4.905312500000e+01 2.663567157105e-03 1.910142721360e-01
4.905625000000e+01 2.658095110606e-03 1.905511138549e-01
4.905937500000e+01 2.652653587529e-03 1.900898574631e-01
4.906250000000e+01 2.647242640822e-03 1.896305158053e-01
4.906562500000e+01 2.641862317216e-03 1.891731011788e-01
4.906875000000e+01 2.636512657353e-03 1.887176253451e-01
4.907187500000e+01 2.631193695944e-03 1.882640995410e-01
4.907500000000e+01 2.625905461916e-03 1.878125344900e-01
4.907812500000e+01 2.620647978565e-03 1.873629404130e-01
4.908125000000e+01 2.615421263672e-03 1.869153270395e-01
4.908437500000e+01 2.610225329707e-03 1.864697036182e-01
4.908750000000e+01 2.605060183886e-03 1.860260789275e-01
4.909062500000e+01 2.599925828398e-03 1.855844612863e-01
4.909375000000e+01 2.594822260455e-03 1.851448585636e-01
4.909687500000e+01 2.589749472484e-03 1.847072781897e-01
4.910000000000e+01 2.584707452253e-03 1.842717271652e-01
4.910312500000e+01 2.579696182954e-03 1.838382120716e-01
4.910625000000e+01 2.574715643400e-03 1.834067390807e-01
4.910937500000e+01 2.569765808082e-03 1.829773139644e-01
4.911250000000e+01 2.564846647336e-03 1.825499421038e-01
4.911562500000e+01 2.559958127449e-03 1.821246284988e-01
4.911875000000e+01 2.555100210774e-03 1.817013777772e-01
4.912187500000e+01 2.550272855850e-03 1.812801942037e-01
4.912500000000e+01 2.545476017520e-03 1.808610816885e-01
4.912812500000e+01 2.540709647016e-03 1.804440437966e-01
4.913125000000e+01 2.535973692129e-03 1.800290837556e-01
4.913437500000e+01 2.531268097232e-03 1.796162044650e-01
4.913750000000e+01 2.526592803476e-03 1.792054085036e-01
4.914062500000e+01 2.521947748811e-03 1.787966981384e-01
4.914375000000e+01 2.517332868145e-03 1.783900753321e-01
4.914687500000e+01 2.512748093418e-03 1.779855417511e-01
4.915000000000e+01 2.508193353700e-03 1.775830987735e-01
4.915312500000e+01 2.503668575311e-03 1.771827474962e-01
4.915625000000e+01 2.499173681864e-03 1.767844887428e-01
4.915937500000e+01 2.494708594406e-03 1.763883230705e-01
4.916250000000e+01 2.490273231485e-03 1.759942507776e-01
4.916562500000e+01 2.485867509240e-03 1.756022719105e-01
4.916875000000e+01 2.481491341490e-03 1.752123862704e-01
4.917187500000e+01 2.477144639817e-03 1.748245934204e-01
4.917500000000e+01 2.472827313633e-03 1.744388926919e-01
4.917812500000e+01 2.468539270307e-03 1.740552831911e-01
4.918125000000e+01 2.464280415170e-03 1.736737638056e-01
4.918437500000e+01 2.460050651677e-03 1.732943332107e-01
4.918750000000e+01 2.455849881402e-03 1.729169898753e-01
4.919062500000e+01 2.451678004169e-03 1.725417320680e-01
4.919375000000e+01 2.447534918099e-03 1.721685578633e-01
4.919687500000e+01 2.443420519680e-03 1.717974651469e-01
4.920000000000e+01 2.439334703858e-03 1.714284516219e-01
4.920312500000e+01 2.435277364060e-03 1.710615148138e-01
4.920625000000e+01 2.431248392306e-03 1.706966520765e-01
4.920937500000e+01 2.427247679245e-03 1.703338605972e-01
4.921250000000e+01 2.423275114230e-03 1.699731374019e-01
4.921562500000e+01 2.419330585372e-03 1.696144793603e-01
4.921875000000e+01 2.415413979609e-03 1.692578831909e-01
4.922187500000e+01 2.411525182738e-03 1.689033454661e-01
4.922500000000e+01 2.407664079525e-03 1.685508626166e-01
4.922812500000e+01 2.403830553690e-03 1.682004309363e-01
4.923125000000e+01 2.400024488034e-03 1.678520465869e-01
4.923437500000e+01 2.396245764423e-03 1.675057056024e-01
4.923750000000e+01 2.392494263892e-03 1.671614038934e-01
4.924062500000e+01 2.388769866669e-03 1.668191372514e-01
4.924375000000e+01 2.385072452228e-03 1.664789013534e-01
4.924687500000e+01 2.381401899355e-03 1.661406917652e-01
4.925000000000e+01 2.377758086150e-03 1.658045039461e-01
4.925312500000e+01 2.374140890121e-03 1.654703332526e-01
4.925625000000e+01 2.370550188202e-03 1.651381749424e-01
4.925937500000e+01 2.366985856799e-03 1.648080241776e-01
4.926250000000e+01 2.363447771837e-03 1.644798760291e-01
4.926562500000e+01 2.359935808802e-03 1.641537254798e-01
4.926875000000e+01 2.356449842756e-03 1.638295674280e-01
4.927187500000e+01 2.352989748431e-03 1.635073966912e-01
4.927500000000e+01 2.349555400193e-03 1.631872080089e-01
4.927812500000e+01 2.346146672153e-03 1.628689960465e-01
4.928125000000e+01 2.342763438136e-03 1.625527553979e-01
4.928437500000e+01 2.339405571763e-03 1.622384805889e-01
4.928750000000e+01 2.336072946465e-03 1.619261660805e-01
4.929062500000e+01 2.332765435512e-03 1.616158062711e-01
4.929375000000e+01 2.329482912069e-03 1.613073955001e-01
4.929687500000e+01 2.326225249188e-03 1.610009280507e-01
4.930000000000e+01 2.322992319856e-03 1.606963981520e-01
4.930312500000e+01 2.319783997052e-03 1.603937999825e-01
4.930625000000e+01 2.316600153732e-03 1.600931276722e-01
4.930937500000e+01 2.313440662878e-03 1.597943753053e-01
4.931250000000e+01 2.310305397527e-03 1.594975369228e-01
4.931562500000e+01 2.307194230771e-03 1.592026065249e-01
4.931875000000e+01 2.304107035837e-03 1.589095780731e-01
4.932187500000e+01 2.301043686038e-03 1.586184454929e-01
4.932500000000e+01 2.298004054873e-03 1.583292026761e-01
4.932812500000e+01 2.294988015980e-03 1.580418434824e-01
4.933125000000e+01 2.291995443208e-03 1.577563617422e-01
4.933437500000e+01 2.289026210618e-03 1.574727512585e-01
4.933750000000e+01 2.286080192501e-03 1.571910058088e-01
4.934062500000e+01 2.283157263421e-03 1.569111191470e-01
4.934375000000e+01 2.280257298197e-03 1.566330850058e-01
4.934687500000e+01 2.277380171942e-03 1.563568970982e-01
4.935000000000e+01 2.274525760104e-03 1.560825491193e-01
4.935312500000e+01 2.271693938444e-03 1.558100347484e-01
4.935625000000e+01 2.268884583074e-03 1.555393476504e-01
4.935937500000e+01 2.266097570477e-03 1.552704814777e-01
4.936250000000e+01 2.263332777497e-03 1.550034298720e-01
4.936562500000e+01 2.260590081405e-03 1.547381864654e-01
4.936875000000e+01 2.257869359847e-03 1.544747448824e-01
4.937187500000e+01 2.255170490931e-03 1.542130987414e-01
4.937500000000e+01 2.252493353174e-03 1.539532416561e-01
4.937812500000e+01 2.249837825560e-03 1.536951672366e-01
4.938125000000e+01 2.247203787537e-03 1.534388690916e-01
4.938437500000e+01 2.244591119027e-03 1.531843408289e-01
4.938750000000e+01 2.241999700459e-03 1.529315760573e-01
4.939062500000e+01 2.239429412742e-03 1.526805683877e-01
4.939375000000e+01 2.236880137298e-03 1.524313114344e-01
4.939687500000e+01 2.234351756097e-03 1.521837988160e-01
4.940000000000e+01 2.231844151622e-03 1.519380241573e-01
4.940312500000e+01 2.229357206908e-03 1.516939810896e-01
4.940625000000e+01 2.226890805547e-03 1.514516632525e-01
4.940937500000e+01 2.224444831676e-03 1.512110642946e-01
4.941250000000e+01 2.222019170036e-03 1.509721778747e-01
4.941562500000e+01 2.219613705912e-03 1.507349976629e-01
4.941875000000e+01 2.217228325214e-03 1.504995173413e-01
4.942187500000e+01 2.214862914415e-03 1.502657306053e-01
4.942500000000e+01 2.212517360613e-03 1.500336311643e-01
4.942812500000e+01 2.210191551509e-03 1.498032127429e-01
4.943125000000e+01 2.207885375421e-03 1.495744690812e-01
4.943437500000e+01 2.205598721304e-03 1.493473939366e-01
4.943750000000e+01 2.203331478726e-03 1.491219810836e-01
4.944062500000e+01 2.201083537890e-03 1.488982243152e-01
4.944375000000e+01 2.198854789662e-03 1.486761174438e-01
4.944687500000e+01 2.196645125536e-03 1.484556543015e-01
4.945000000000e+01 2.194454437669e-03 1.482368287410e-01
4.945312500000e+01 2.192282618873e-03 1.480196346365e-01
4.945625000000e+01 2.190129562609e-03 1.478040658843e-01
4.945937500000e+01 2.187995163032e-03 1.475901164034e-01
4.946250000000e+01 2.185879314934e-03 1.473777801359e-01
4.946562500000e+01 2.183781913815e-03 1.471670510483e-01
4.946875000000e+01 2.181702855824e-03 1.469579231315e-01
4.947187500000e+01 2.179642037806e-03 1.467503904015e-01
4.947500000000e+01 2.177599357291e-03 1.465444469002e-01
4.947812500000e+01 2.175574712485e-03 1.463400866958e-01
4.948125000000e+01 2.173568002309e-03 1.461373038832e-01
4.948437500000e+01 2.171579126351e-03 1.459360925847e-01
4.948750000000e+01 2.169607984895e-03 1.457364469506e-01
4.949062500000e+01 2.167654478945e-03 1.455383611592e-01
4.949375000000e+01 2.165718510188e-03 1.453418294179e-01
4.949687500000e+01 2.163799981015e-03 1.451468459630e-01
4.950000000000e+01 2.161898794526e-03 1.449534050607e-01
4.950312500000e+01 2.160014854510e-03 1.447615010072e-01
4.950625000000e+01 2.158148065490e-03 1.445711281292e-01
4.950937500000e+01 2.156298332663e-03 1.443822807841e-01
4.951250000000e+01 2.154465561970e-03 1.441949533606e-01
4.951562500000e+01 2.152649660031e-03 1.440091402790e-01
4.951875000000e+01 2.150850534194e-03 1.438248359916e-01
4.952187500000e+01 2.149068092514e-03 1.436420349829e-01
4.952500000000e+01 2.147302243757e-03 1.434607317699e-01
4.952812500000e+01 2.145552897403e-03 1.432809209025e-01
4.953125000000e+01 2.143819963647e-03 1.431025969639e-01
4.953437500000e+01 2.142103353382e-03 1.429257545706e-01
4.953750000000e+01 2.140402978237e-03 1.427503883730e-01
4.954062500000e+01 2.138718750540e-03 1.425764930553e-01
4.954375000000e+01 2.137050583333e-03 1.424040633361e-01
4.954687500000e+01 2.135398390378e-03 1.422330939685e-01
4.955000000000e+01 2.133762086129e-03 1.420635797402e-01
4.955312500000e+01 2.132141585785e-03 1.418955154738e-01
4.955625000000e+01 2.130536805220e-03 1.417288960273e-01
4.955937500000e+01 2.128947661055e-03 1.415637162938e-01
4.956250000000e+01 2.127374070589e-03 1.413999712020e-01
4.956562500000e+01 2.125815951851e-03 1.412376557163e-01
4.956875000000e+01 2.124273223570e-03 1.410767648372e-01
4.957187500000e+01 2.122745805187e-03 1.409172936009e-01
4.957500000000e+01 2.121233616848e-03 1.407592370803e-01
4.957812500000e+01 2.119736579408e-03 1.406025903842e-01
4.958125000000e+01 2.118254614412e-03 1.404473486583e-01
4.958437500000e+01 2.116787644132e-03 1.402935070846e-01
4.958750000000e+01 2.115335591527e-03 1.401410608823e-01
4.959062500000e+01 2.113898380260e-03 1.399900053071e-01
4.959375000000e+01 2.112475934698e-03 1.398403356521e-01
4.959687500000e+01 2.111068179890e-03 1.396920472472e-01
4.960000000000e+01 2.109675041612e-03 1.395451354598e-01
4.960312500000e+01 2.108296446300e-03 1.393995956945e-01
4.960625000000e+01 2.106932321119e-03 1.392554233933e-01
4.960937500000e+01 2.105582593895e-03 1.391126140358e-01
4.961250000000e+01 2.104247193164e-03 1.389711631392e-01
4.961562500000e+01 2.102926048144e-03 1.388310662584e-01
4.961875000000e+01 2.101619088743e-03 1.386923189858e-01
4.962187500000e+01 2.100326245552e-03 1.385549169518e-01
4.962500000000e+01 2.099047449851e-03 1.384188558248e-01
4.962812500000e+01 2.097782633586e-03 1.382841313108e-01
4.963125000000e+01 2.096531729407e-03 1.381507391539e-01
4.963437500000e+01 2.095294670625e-03 1.380186751363e-01
4.963750000000e+01 2.094071391235e-03 1.378879350782e-01
4.964062500000e+01 2.092861825904e-03 1.377585148379e-01
4.964375000000e+01 2.091665909962e-03 1.376304103117e-01
4.964687500000e+01 2.090483579434e-03 1.375036174343e-01
4.965000000000e+01 2.089314770982e-03 1.373781321784e-01
4.965312500000e+01 2.088159421967e-03 1.372539505550e-01
4.965625000000e+01 2.087017470387e-03 1.371310686132e-01
4.965937500000e+01 2.085888854917e-03 1.370094824406e-01
4.966250000000e+01 2.084773514890e-03 1.368891881628e-01
4.966562500000e+01 2.083671390296e-03 1.367701819437e-01
4.966875000000e+01 2.082582421783e-03 1.366524599857e-01
4.967187500000e+01 2.081506550654e-03 1.365360185293e-01
4.967500000000e+01 2.080443718852e-03 1.364208538533e-01
4.967812500000e+01 2.079393868995e-03 1.363069622748e-01
4.968125000000e+01 2.078356944319e-03 1.361943401492e-01
4.968437500000e+01 2.077332888733e-03 1.360829838701e-01
4.968750000000e+01 2.076321646777e-03 1.359728898695e-01
4.969062500000e+01 2.075323163621e-03 1.358640546176e-01
4.969375000000e+01 2.074337385102e-03 1.357564746229e-01
4.969687500000e+01 2.073364257664e-03 1.356501464319e-01
4.970000000000e+01 2.072403728416e-03 1.355450666297e-01
4.970312500000e+01 2.071455745073e-03 1.354412318392e-01
4.970625000000e+01 2.070520255997e-03 1.353386387219e-01
4.970937500000e+01 2.069597210175e-03 1.352372839771e-01
4.971250000000e+01 2.068686557220e-03 1.351371643425e-01
4.971562500000e+01 2.067788247370e-03 1.350382765938e-01
4.971875000000e+01 2.066902231489e-03 1.349406175448e-01
4.972187500000e+01 2.066028461045e-03 1.348441840473e-01
4.972500000000e+01 2.065166888154e-03 1.347489729914e-01
4.972812500000e+01 2.064317465515e-03 1.346549813050e-01
4.973125000000e+01 2.063480146469e-03 1.345622059539e-01
4.973437500000e+01 2.062654884956e-03 1.344706439422e-01
4.973750000000e+01 2.061841635516e-03 1.343802923115e-01
4.974062500000e+01 2.061040353324e-03 1.342911481417e-01
4.974375000000e+01 2.060250994128e-03 1.342032085503e-01
4.974687500000e+01 2.059473514313e-03 1.341164706927e-01
4.975000000000e+01 2.058707870838e-03 1.340309317621e-01
4.975312500000e+01 2.057954021276e-03 1.339465889895e-01
4.975625000000e+01 2.057211923796e-03 1.338634396435e-01
4.975937500000e+01 2.056481537162e-03 1.337814810306e-01
4.976250000000e+01 2.055762820731e-03 1.337007104948e-01
4.976562500000e+01 2.055055734456e-03 1.336211254177e-01
4.976875000000e+01 2.054360238867e-03 1.335427232186e-01
4.977187500000e+01 2.053676295105e-03 1.334655013543e-01
4.977500000000e+01 2.053003864870e-03 1.333894573191e-01
4.977812500000e+01 2.052342910472e-03 1.333145886448e-01
4.978125000000e+01 2.051693394792e-03 1.332408929005e-01
4.978437500000e+01 2.051055281278e-03 1.331683676929e-01
4.978750000000e+01 2.050428533988e-03 1.330970106660e-01
4.979062500000e+01 2.049813117521e-03 1.330268195011e-01
4.979375000000e+01 2.049208997089e-03 1.329577919168e-01
4.979687500000e+01 2.048616138442e-03 1.328899256689e-01
4.980000000000e+01 2.048034507925e-03 1.328232185506e-01
4.980312500000e+01 2.047464072444e-03 1.327576683920e-01
4.980625000000e+01 2.046904799475e-03 1.326932730606e-01
4.980937500000e+01 2.046356657061e-03 1.326300304608e-01
4.981250000000e+01 2.045819613814e-03 1.325679385344e-01
4.981562500000e+01 2.045293638893e-03 1.325069952599e-01
4.981875000000e+01 2.044778702046e-03 1.324471986529e-01
4.982187500000e+01 2.044274773550e-03 1.323885467661e-01
4.982500000000e+01 2.043781824269e-03 1.323310376890e-01
4.982812500000e+01 2.043299825611e-03 1.322746695480e-01
4.983125000000e+01 2.042828749529e-03 1.322194405066e-01
4.983437500000e+01 2.042368568556e-03 1.321653487649e-01
4.983750000000e+01 2.041919255748e-03 1.321123925599e-01
4.984062500000e+01 2.041480784742e-03 1.320605701654e-01
4.984375000000e+01 2.041053129697e-03 1.320098798918e-01
4.984687500000e+01 2.040636265339e-03 1.319603200865e-01
4.985000000000e+01 2.040230166934e-03 1.319118891334e-01
4.985312500000e+01 2.039834810294e-03 1.318645854532e-01
4.985625000000e+01 2.039450171777e-03 1.318184075030e-01
4.985937500000e+01 2.039076228287e-03 1.317733537768e-01
4.986250000000e+01 2.038712957253e-03 1.317294228050e-01
4.986562500000e+01 2.038360336674e-03 1.316866131547e-01
4.986875000000e+01 2.038018345056e-03 1.316449234294e-01
4.987187500000e+01 2.037686961471e-03 1.316043522693e-01
4.987500000000e+01 2.037366165515e-03 1.315648983510e-01
4.987812500000e+01 2.037055937310e-03 1.315265603876e-01
4.988125000000e+01 2.036756257540e-03 1.314893371286e-01
4.988437500000e+01 2.036467107390e-03 1.314532273600e-01
4.988750000000e+01 2.036188468610e-03 1.314182299043e-01
4.989062500000e+01 2.035920323456e-03 1.313843436203e-01
4.989375000000e+01 2.035662654726e-03 1.313515674032e-01
4.989687500000e+01 2.035415445749e-03 1.313199001847e-01
4.990000000000e+01 2.035178680378e-03 1.312893409327e-01
4.990312500000e+01 2.034952343000e-03 1.312598886516e-01
4.990625000000e+01 2.034736418526e-03 1.312315423821e-01
4.990937500000e+01 2.034530892384e-03 1.312043012013e-01
4.991250000000e+01 2.034335750549e-03 1.311781642225e-01
4.991562500000e+01 2.034150979496e-03 1.311531305954e-01
4.991875000000e+01 2.033976566246e-03 1.311291995060e-01
4.992187500000e+01 2.033812498333e-03 1.311063701767e-01
4.992500000000e+01 2.033658763804e-03 1.310846418661e-01
4.992812500000e+01 2.033515351251e-03 1.310640138692e-01
4.993125000000e+01 2.033382249761e-03 1.310444855173e-01
4.993437500000e+01 2.033259448970e-03 1.310260561779e-01
4.993750000000e+01 2.033146939007e-03 1.310087252549e-01
4.994062500000e+01 2.033044710536e-03 1.309924921886e-01
4.994375000000e+01 2.032952754739e-03 1.309773564555e-01
4.994687500000e+01 2.032871063312e-03 1.309633175685e-01
4.995000000000e+01 2.032799628475e-03 1.309503750767e-01
4.995312500000e+01 2.032738442963e-03 1.309385285659e-01
4.995625000000e+01 2.032687500020e-03 1.309277776578e-01
4.995937500000e+01 2.032646793428e-03 1.309181220107e-01
4.996250000000e+01 2.032616317459e-03 1.309095613195e-01
4.996562500000e+01 2.032596066927e-03 1.309020953150e-01
4.996875000000e+01 2.032586037150e-03 1.308957237649e-01
4.997187500000e+01 2.032586223952e-03 1.308904464730e-01
4.997500000000e+01 2.032596623700e-03 1.308862632797e-01
4.997812500000e+01 2.032617233244e-03 1.308831740619e-01
4.998125000000e+01 2.032648049983e-03 1.308811787330e-01
4.998437500000e+01 2.032689071802e-03 1.308802772428e-01
4.998750000000e+01 2.032740297118e-03 1.308804695778e-01
4.999062500000e+01 2.032801724860e-03 1.308817557609e-01
4.999375000000e+01 2.032873354472e-03 1.308841358518e-01
4.999687500000e+01 2.032955185914e-03 1.308876099467e-01
5.000000000000e+01 2.033047219664e-03 1.308921781785e-01
