0.000000000000e+00 1.104830248041e-02 1.104854345604e-02
1.250000000000e-02 1.104796684423e-02 1.104989403958e-02
2.500000000000e-02 1.104543061284e-02 1.105048983183e-02
3.750000000000e-02 1.104070650238e-02 1.105034158272e-02
5.000000000000e-02 1.103381662862e-02 1.104946694553e-02
6.250000000000e-02 1.102479226863e-02 1.104789029278e-02
7.500000000000e-02 1.101367352982e-02 1.104564246305e-02
8.750000000000e-02 1.100050893298e-02 1.104276044365e-02
1.000000000000e-01 1.098535491727e-02 1.103928699546e-02
1.125000000000e-01 1.096827527667e-02 1.103527022706e-02
1.250000000000e-01 1.094934053822e-02 1.103076312610e-02
1.375000000000e-01 1.092862729312e-02 1.102582305641e-02
1.500000000000e-01 1.090621749221e-02 1.102051122955e-02
1.625000000000e-01 1.088219771751e-02 1.101489215966e-02
1.750000000000e-01 1.085665844107e-02 1.100903311018e-02
1.875000000000e-01 1.082969328210e-02 1.100300354077e-02
2.000000000000e-01 1.080139827282e-02 1.099687456209e-02
2.125000000000e-01 1.077187114213e-02 1.099071840555e-02
2.250000000000e-01 1.074121062569e-02 1.098460791424e-02
2.375000000000e-01 1.070951580963e-02 1.097861606043e-02
2.500000000000e-01 1.067688551374e-02 1.097281549413e-02
2.625000000000e-01 1.064341771935e-02 1.096727812613e-02
2.750000000000e-01 1.060920904518e-02 1.096207474836e-02
2.875000000000e-01 1.057435427393e-02 1.095727469307e-02
3.000000000000e-01 1.053894593088e-02 1.095294553196e-02
3.125000000000e-01 1.050307391508e-02 1.094915281527e-02
3.250000000000e-01 1.046682518247e-02 1.094595985046e-02
3.375000000000e-01 1.043028347997e-02 1.094342751932e-02
3.500000000000e-01 1.039352912839e-02 1.094161413209e-02
3.625000000000e-01 1.035663885202e-02 1.094057531644e-02
3.750000000000e-01 1.031968565187e-02 1.094036393925e-02
3.875000000000e-01 1.028273871952e-02 1.094103005862e-02
4.000000000000e-01 1.024586338823e-02 1.094262090353e-02
4.125000000000e-01 1.020912111781e-02 1.094518087840e-02
4.250000000000e-01 1.017256950972e-02 1.094875158990e-02
4.375000000000e-01 1.013626234902e-02 1.095337189328e-02
4.500000000000e-01 1.010024966963e-02 1.095907795570e-02
4.625000000000e-01 1.006457783971e-02 1.096590333395e-02
4.750000000000e-01 1.002928966401e-02 1.097387906423e-02
4.875000000000e-01 9.994424500345e-03 1.098303376194e-02
5.000000000000e-01 9.960018387403e-03 1.099339372920e-02
5.125000000000e-01 9.926104181417e-03 1.100498306845e-02
5.250000000000e-01 9.892711699504e-03 1.101782380033e-02
5.375000000000e-01 9.859867867575e-03 1.103193598440e-02
5.500000000000e-01 9.827596871048e-03 1.104733784137e-02
5.625000000000e-01 9.795920306747e-03 1.106404587563e-02
5.750000000000e-01 9.764857334629e-03 1.108207499713e-02
5.875000000000e-01 9.734424828114e-03 1.110143864176e-02
6.000000000000e-01 9.704637522036e-03 1.112214888945e-02
6.125000000000e-01 9.675508157342e-03 1.114421657947e-02
6.250000000000e-01 9.647047621861e-03 1.116765142238e-02
6.375000000000e-01 9.619265086571e-03 1.119246210834e-02
6.500000000000e-01 9.592168136936e-03 1.121865641141e-02
6.625000000000e-01 9.565762898977e-03 1.124624128971e-02
6.750000000000e-01 9.540054159854e-03 1.127522298121e-02
6.875000000000e-01 9.515045482800e-03 1.130560709525e-02
7.000000000000e-01 9.490739316346e-03 1.133739869953e-02
7.125000000000e-01 9.467137097809e-03 1.137060240286e-02
7.250000000000e-01 9.444239351091e-03 1.140522243349e-02
7.375000000000e-01 9.422045778872e-03 1.144126271331e-02
7.500000000000e-01 9.400555349313e-03 1.147872692793e-02
7.625000000000e-01 9.379766377426e-03 1.151761859284e-02
7.750000000000e-01 9.359676601271e-03 1.155794111571e-02
7.875000000000e-01 9.340283253186e-03 1.159969785517e-02
8.000000000000e-01 9.321583126239e-03 1.164289217604e-02
8.125000000000e-01 9.303572636135e-03 1.168752750140e-02
8.250000000000e-01 9.286247878768e-03 1.173360736152e-02
8.375000000000e-01 9.269604683677e-03 1.178113543988e-02
8.500000000000e-01 9.253638663591e-03 1.183011561661e-02
8.625000000000e-01 9.238345260318e-03 1.188055200925e-02
8.750000000000e-01 9.223719787173e-03 1.193244901126e-02
8.875000000000e-01 9.209757468159e-03 1.198581132841e-02
9.000000000000e-01 9.196453474128e-03 1.204064401306e-02
9.125000000000e-01 9.183802956098e-03 1.209695249669e-02
9.250000000000e-01 9.171801075932e-03 1.215474262077e-02
9.375000000000e-01 9.160443034564e-03 1.221402066607e-02
9.500000000000e-01 9.149724097947e-03 1.227479338064e-02
9.625000000000e-01 9.139639620888e-03 1.233706800650e-02
9.750000000000e-01 9.130185068943e-03 1.240085230535e-02
9.875000000000e-01 9.121356038509e-03 1.246615458317e-02
1.000000000000e+00 9.113148275267e-03 1.253298371410e-02
1.012500000000e+00 9.105557691107e-03 1.260134916349e-02
1.025000000000e+00 9.098580379675e-03 1.267126101041e-02
1.037500000000e+00 9.092212630640e-03 1.274272996959e-02
1.050000000000e+00 9.086450942818e-03 1.281576741294e-02
1.062500000000e+00 9.081292036247e-03 1.289038539082e-02
1.075000000000e+00 9.076732863309e-03 1.296659665294e-02
1.087500000000e+00 9.072770619013e-03 1.304441466927e-02
1.100000000000e+00 9.069402750495e-03 1.312385365078e-02
1.112500000000e+00 9.066626965844e-03 1.320492857018e-02
1.125000000000e+00 9.064441242319e-03 1.328765518285e-02
1.137500000000e+00 9.062843834026e-03 1.337205004777e-02
1.150000000000e+00 9.061833279122e-03 1.345813054882e-02
1.162500000000e+00 9.061408406619e-03 1.354591491628e-02
1.175000000000e+00 9.061568342830e-03 1.363542224869e-02
1.187500000000e+00 9.062312517515e-03 1.372667253512e-02
1.200000000000e+00 9.063640669787e-03 1.381968667796e-02
1.212500000000e+00 9.065552853814e-03 1.391448651613e-02
1.225000000000e+00 9.068049444364e-03 1.401109484896e-02
1.237500000000e+00 9.071131142228e-03 1.410953546066e-02
1.250000000000e+00 9.074798979575e-03 1.420983314544e-02
1.262500000000e+00 9.079054325252e-03 1.431201373343e-02
1.275000000000e+00 9.083898890080e-03 1.441610411733e-02
1.287500000000e+00 9.089334732165e-03 1.452213227990e-02
1.300000000000e+00 9.095364262259e-03 1.463012732229e-02
1.312500000000e+00 9.101990249193e-03 1.474011949339e-02
1.325000000000e+00 9.109215825413e-03 1.485214022000e-02
1.337500000000e+00 9.117044492629e-03 1.496622213813e-02
1.350000000000e+00 9.125480127619e-03 1.508239912529e-02
1.362500000000e+00 9.134526988181e-03 1.520070633392e-02
1.375000000000e+00 9.144189719283e-03 1.532118022589e-02
1.387500000000e+00 9.154473359394e-03 1.544385860823e-02
1.400000000000e+00 9.165383347036e-03 1.556878067008e-02
1.412500000000e+00 9.176925527570e-03 1.569598702090e-02
1.425000000000e+00 9.189106160207e-03 1.582551972992e-02
1.437500000000e+00 9.201931925286e-03 1.595742236699e-02
1.450000000000e+00 9.215409931803e-03 1.609174004478e-02
1.462500000000e+00 9.229547725221e-03 1.622851946238e-02
1.475000000000e+00 9.244353295546e-03 1.636780895031e-02
1.487500000000e+00 9.259835085704e-03 1.650965851706e-02
1.500000000000e+00 9.276002000191e-03 1.665411989702e-02
1.512500000000e+00 9.292863414028e-03 1.680124660007e-02
1.525000000000e+00 9.310429182005e-03 1.695109396253e-02
1.537500000000e+00 9.328709648211e-03 1.710371919981e-02
1.550000000000e+00 9.347715655870e-03 1.725918146058e-02
1.562500000000e+00 9.367458557447e-03 1.741754188246e-02
1.575000000000e+00 9.387950225039e-03 1.757886364933e-02
1.587500000000e+00 9.409203061037e-03 1.774321205020e-02
1.600000000000e+00 9.431230009036e-03 1.791065453964e-02
1.612500000000e+00 9.454044564988e-03 1.808126079965e-02
1.625000000000e+00 9.477660788571e-03 1.825510280315e-02
1.637500000000e+00 9.502093314759e-03 1.843225487879e-02
1.650000000000e+00 9.527357365547e-03 1.861279377718e-02
1.662500000000e+00 9.553468761816e-03 1.879679873846e-02
1.675000000000e+00 9.580443935293e-03 1.898435156099e-02
1.687500000000e+00 9.608299940548e-03 1.917553667120e-02
1.700000000000e+00 9.637054466997e-03 1.937044119435e-02
1.712500000000e+00 9.666725850829e-03 1.956915502611e-02
1.725000000000e+00 9.697333086809e-03 1.977177090468e-02
1.737500000000e+00 9.728895839857e-03 1.997838448332e-02
1.750000000000e+00 9.761434456329e-03 2.018909440297e-02
1.762500000000e+00 9.794969974896e-03 2.040400236467e-02
1.775000000000e+00 9.829524136898e-03 2.062321320145e-02
1.787500000000e+00 9.865119396050e-03 2.084683494922e-02
1.800000000000e+00 9.901778927361e-03 2.107497891632e-02
1.812500000000e+00 9.939526635079e-03 2.130775975104e-02
1.825000000000e+00 9.978387159512e-03 2.154529550675e-02
1.837500000000e+00 1.001838588248e-02 2.178770770367e-02
1.850000000000e+00 1.005954893119e-02 2.203512138673e-02
1.862500000000e+00 1.010190318030e-02 2.228766517861e-02
1.875000000000e+00 1.014547625178e-02 2.254547132690e-02
1.887500000000e+00 1.019029651240e-02 2.280867574434e-02
1.900000000000e+00 1.023639306836e-02 2.307741804087e-02
1.912500000000e+00 1.028379575670e-02 2.335184154608e-02
1.925000000000e+00 1.033253513308e-02 2.363209332056e-02
1.937500000000e+00 1.038264245536e-02 2.391832415424e-02
1.950000000000e+00 1.043414966253e-02 2.421068854991e-02
1.962500000000e+00 1.048708934823e-02 2.450934468957e-02
1.975000000000e+00 1.054149472837e-02 2.481445438131e-02
1.987500000000e+00 1.059739960197e-02 2.512618298374e-02
2.000000000000e+00 1.065483830440e-02 2.544469930519e-02
2.012500000000e+00 1.071384565219e-02 2.577017547407e-02
2.025000000000e+00 1.077445687831e-02 2.610278677669e-02
2.037500000000e+00 1.083670755693e-02 2.644271145836e-02
2.050000000000e+00 1.090063351630e-02 2.679013048316e-02
2.062500000000e+00 1.096627073856e-02 2.714522724721e-02
2.075000000000e+00 1.103365524493e-02 2.750818723982e-02
2.087500000000e+00 1.110282296476e-02 2.787919764638e-02
2.100000000000e+00 1.117380958669e-02 2.825844688599e-02
2.112500000000e+00 1.124665038997e-02 2.864612407660e-02
2.125000000000e+00 1.132138005408e-02 2.904241841926e-02
2.137500000000e+00 1.139803244424e-02 2.944751849276e-02
2.150000000000e+00 1.147664037063e-02 2.986161144882e-02
2.162500000000e+00 1.155723531872e-02 3.028488209753e-02
2.175000000000e+00 1.163984714797e-02 3.071751187157e-02
2.187500000000e+00 1.172450375611e-02 3.115967765720e-02
2.200000000000e+00 1.181123070605e-02 3.161155047906e-02
2.212500000000e+00 1.190005081206e-02 3.207329402493e-02
2.225000000000e+00 1.199098368222e-02 3.254506299606e-02
2.237500000000e+00 1.208404521366e-02 3.302700126777e-02
2.250000000000e+00 1.217924703720e-02 3.351923984473e-02
2.262500000000e+00 1.227659590809e-02 3.402189459466e-02
2.275000000000e+00 1.237609303964e-02 3.453506374426e-02
2.287500000000e+00 1.247773337648e-02 3.505882512121e-02
2.300000000000e+00 1.258150480482e-02 3.559323312666e-02
2.312500000000e+00 1.268738729727e-02 3.613831542342e-02
2.325000000000e+00 1.279535199052e-02 3.669406932693e-02
2.337500000000e+00 1.290536019475e-02 3.726045788809e-02
2.350000000000e+00 1.301736233501e-02 3.783740566020e-02
2.362500000000e+00 1.313129682570e-02 3.842479414645e-02
2.375000000000e+00 1.324708888110e-02 3.902245692951e-02
2.387500000000e+00 1.336464926680e-02 3.963017449154e-02
2.400000000000e+00 1.348387299911e-02 4.024766874085e-02
2.412500000000e+00 1.360463800220e-02 4.087459727132e-02
2.425000000000e+00 1.372680373602e-02 4.151054739252e-02
2.437500000000e+00 1.385020981152e-02 4.215502998147e-02
2.450000000000e+00 1.397467461372e-02 4.280747322352e-02
2.462500000000e+00 1.409999395779e-02 4.346721632649e-02
2.475000000000e+00 1.422593980801e-02 4.413350331288e-02
2.487500000000e+00 1.435225909480e-02 4.480547701542e-02
2.500000000000e+00 1.447867267017e-02 4.548217342487e-02
2.512500000000e+00 1.460487444749e-02 4.616251656181e-02
2.525000000000e+00 1.473053077632e-02 4.684531406835e-02
2.537500000000e+00 1.485528010784e-02 4.752925373794e-02
2.550000000000e+00 1.497873301000e-02 4.821290122170e-02
2.562500000000e+00 1.510047259384e-02 4.889469916620e-02
2.575000000000e+00 1.522005541304e-02 4.957296804790e-02
2.587500000000e+00 1.533701289727e-02 5.024590897229e-02
2.600000000000e+00 1.545085337518e-02 5.091160869865e-02
2.612500000000e+00 1.556106473541e-02 5.156804713165e-02
2.625000000000e+00 1.566711776261e-02 5.221310748811e-02
2.637500000000e+00 1.576847017014e-02 5.284458929785e-02
2.650000000000e+00 1.586457133211e-02 5.346022433209e-02
2.662500000000e+00 1.595486769424e-02 5.405769547094e-02
2.675000000000e+00 1.603880881678e-02 5.463465842360e-02
2.687500000000e+00 1.611585397414e-02 5.518876610449e-02
2.700000000000e+00 1.618547920540e-02 5.571769534857e-02
2.712500000000e+00 1.624718468068e-02 5.621917552563e-02
2.725000000000e+00 1.630050222001e-02 5.669101849227e-02
2.737500000000e+00 1.634500277809e-02 5.713114921023e-02
2.750000000000e+00 1.638030369018e-02 5.753763626779e-02
2.762500000000e+00 1.640607546500e-02 5.790872147556e-02
2.775000000000e+00 1.642204790967e-02 5.824284767636e-02
2.787500000000e+00 1.642801538193e-02 5.853868391587e-02
2.800000000000e+00 1.642384098531e-02 5.879514716937e-02
2.812500000000e+00 1.640945955378e-02 5.901141991104e-02
2.825000000000e+00 1.638487931212e-02 5.918696294126e-02
2.837500000000e+00 1.635018214485e-02 5.932152304976e-02
2.850000000000e+00 1.630552245716e-02 5.941513527783e-02
2.862500000000e+00 1.625112466357e-02 5.946811974143e-02
2.875000000000e+00 1.618727938981e-02 5.948107317604e-02
2.887500000000e+00 1.611433851877e-02 5.945485555213e-02
2.900000000000e+00 1.603270924893e-02 5.939057227607e-02
2.912500000000e+00 1.594284736183e-02 5.928955262657e-02
2.925000000000e+00 1.584524991306e-02 5.915332517439e-02
2.937500000000e+00 1.574044756787e-02 5.898359099121e-02
2.950000000000e+00 1.562899679906e-02 5.878219547059e-02
2.962500000000e+00 1.551147215174e-02 5.855109956377e-02
2.975000000000e+00 1.538845875922e-02 5.829235118007e-02
2.987500000000e+00 1.526054526798e-02 5.800805742197e-02
3.000000000000e+00 1.512831729973e-02 5.770035822724e-02
3.012500000000e+00 1.499235154744e-02 5.737140188073e-02
3.025000000000e+00 1.485321057080e-02 5.702332274508e-02
3.037500000000e+00 1.471143832726e-02 5.665822144811e-02
3.050000000000e+00 1.456755644822e-02 5.627814766061e-02
3.062500000000e+00 1.442206124733e-02 5.588508550491e-02
3.075000000000e+00 1.427542142872e-02 5.548094155493e-02
3.087500000000e+00 1.412807644897e-02 5.506753532300e-02
3.100000000000e+00 1.398043547588e-02 5.464659207867e-02
3.112500000000e+00 1.383287688063e-02 5.421973780803e-02
3.125000000000e+00 1.368574819651e-02 5.378849609903e-02
3.137500000000e+00 1.353936647683e-02 5.335428672582e-02
3.150000000000e+00 1.339401898639e-02 5.291842570278e-02
3.162500000000e+00 1.324996416402e-02 5.248212658346e-02
3.175000000000e+00 1.310743279872e-02 5.204650279047e-02
3.187500000000e+00 1.296662936672e-02 5.161257077725e-02
3.200000000000e+00 1.282773348317e-02 5.118125383978e-02
3.212500000000e+00 1.269090142768e-02 5.075338641592e-02
3.225000000000e+00 1.255626770890e-02 5.032971872894e-02
3.237500000000e+00 1.242394663892e-02 4.991092165163e-02
3.250000000000e+00 1.229403389335e-02 4.949759168546e-02
3.262500000000e+00 1.216660803769e-02 4.909025596698e-02
3.275000000000e+00 1.204173200478e-02 4.868937722902e-02
3.287500000000e+00 1.191945451174e-02 4.829535865876e-02
3.300000000000e+00 1.179981140813e-02 4.790854860739e-02
3.312500000000e+00 1.168282694974e-02 4.752924511679e-02
3.325000000000e+00 1.156851499448e-02 4.715770023845e-02
3.337500000000e+00 1.145688011902e-02 4.679412412746e-02
3.350000000000e+00 1.134791865615e-02 4.643868890147e-02
3.362500000000e+00 1.124161965410e-02 4.609153225963e-02
3.375000000000e+00 1.113796575993e-02 4.575276086143e-02
3.387500000000e+00 1.103693402982e-02 4.542245346834e-02
3.400000000000e+00 1.093849666968e-02 4.510066385439e-02
3.412500000000e+00 1.084262170968e-02 4.478742349366e-02
3.425000000000e+00 1.074927361670e-02 4.448274403417e-02
3.437500000000e+00 1.065841384853e-02 4.418661956874e-02
3.450000000000e+00 1.057000135398e-02 4.389902871418e-02
3.462500000000e+00 1.048399302277e-02 4.361993651011e-02
3.475000000000e+00 1.040034408910e-02 4.334929614939e-02
3.487500000000e+00 1.031900849251e-02 4.308705055145e-02
3.500000000000e+00 1.023993919971e-02 4.283313378999e-02
3.512500000000e+00 1.016308849060e-02 4.258747238591e-02
3.525000000000e+00 1.008840821169e-02 4.234998647595e-02
3.537500000000e+00 1.001584999997e-02 4.212059086705e-02
3.550000000000e+00 9.945365479690e-03 4.189919598585e-02
3.562500000000e+00 9.876906435019e-03 4.168570873215e-02
3.575000000000e+00 9.810424960540e-03 4.148003324469e-02
3.587500000000e+00 9.745873592022e-03 4.128207158697e-02
3.600000000000e+00 9.683205419336e-03 4.109172436028e-02
3.612500000000e+00 9.622374183373e-03 4.090889125058e-02
3.625000000000e+00 9.563334358643e-03 4.073347151546e-02
3.637500000000e+00 9.506041223051e-03 4.056536441665e-02
3.650000000000e+00 9.450450916246e-03 4.040446960351e-02
3.662500000000e+00 9.396520487802e-03 4.025068745206e-02
3.675000000000e+00 9.344207936351e-03 4.010391936402e-02
3.687500000000e+00 9.293472240727e-03 3.996406802981e-02
3.700000000000e+00 9.244273384013e-03 3.983103765916e-02
3.712500000000e+00 9.196572371365e-03 3.970473418262e-02
3.725000000000e+00 9.150331242347e-03 3.958506542699e-02
3.737500000000e+00 9.105513078466e-03 3.947194126737e-02
3.750000000000e+00 9.062082006520e-03 3.936527375847e-02
3.762500000000e+00 9.020003198295e-03 3.926497724719e-02
3.775000000000e+00 8.979242867124e-03 3.917096846870e-02
3.787500000000e+00 8.939768261731e-03 3.908316662782e-02
3.800000000000e+00 8.901547657753e-03 3.900149346740e-02
3.812500000000e+00 8.864550347308e-03 3.892587332508e-02
3.825000000000e+00 8.828746626905e-03 3.885623317998e-02
3.837500000000e+00 8.794107783988e-03 3.879250269051e-02
3.850000000000e+00 8.760606082354e-03 3.873461422423e-02
3.862500000000e+00 8.728214746660e-03 3.868250288111e-02
3.875000000000e+00 8.696907946246e-03 3.863610651071e-02
3.887500000000e+00 8.666660778400e-03 3.859536572444e-02
3.900000000000e+00 8.637449251256e-03 3.856022390336e-02
3.912500000000e+00 8.609250266448e-03 3.853062720241e-02
3.925000000000e+00 8.582041601630e-03 3.850652455143e-02
3.937500000000e+00 8.555801892981e-03 3.848786765376e-02
3.950000000000e+00 8.530510617778e-03 3.847461098267e-02
3.962500000000e+00 8.506148077117e-03 3.846671177621e-02
3.975000000000e+00 8.482695378862e-03 3.846413003080e-02
3.987500000000e+00 8.460134420861e-03 3.846682849388e-02
4.000000000000e+00 8.438447874513e-03 3.847477265602e-02
4.012500000000e+00 8.417619168693e-03 3.848793074272e-02
4.025000000000e+00 8.397632474113e-03 3.850627370609e-02
4.037500000000e+00 8.378472688125e-03 3.852977521679e-02
4.050000000000e+00 8.360125420001e-03 3.855841165624e-02
4.062500000000e+00 8.342576976716e-03 3.859216210949e-02
4.075000000000e+00 8.325814349262e-03 3.863100835870e-02
4.087500000000e+00 8.309825199485e-03 3.867493487754e-02
4.100000000000e+00 8.294597847489e-03 3.872392882655e-02
4.112500000000e+00 8.280121259591e-03 3.877798004962e-02
4.125000000000e+00 8.266385036852e-03 3.883708107169e-02
4.137500000000e+00 8.253379404187e-03 3.890122709772e-02
4.150000000000e+00 8.241095200052e-03 3.897041601303e-02
4.162500000000e+00 8.229523866717e-03 3.904464838520e-02
4.175000000000e+00 8.218657441131e-03 3.912392746736e-02
4.187500000000e+00 8.208488546362e-03 3.920825920314e-02
4.200000000000e+00 8.199010383641e-03 3.929765223327e-02
4.212500000000e+00 8.190216724977e-03 3.939211790382e-02
4.225000000000e+00 8.182101906364e-03 3.949167027617e-02
4.237500000000e+00 8.174660821568e-03 3.959632613875e-02
4.250000000000e+00 8.167888916489e-03 3.970610502057e-02
4.262500000000e+00 8.161782184108e-03 3.982102920657e-02
4.275000000000e+00 8.156337159998e-03 3.994112375473e-02
4.287500000000e+00 8.151550918401e-03 4.006641651519e-02
4.300000000000e+00 8.147421068879e-03 4.019693815105e-02
4.312500000000e+00 8.143945753508e-03 4.033272216115e-02
4.325000000000e+00 8.141123644646e-03 4.047380490475e-02
4.337500000000e+00 8.138953943231e-03 4.062022562796e-02
4.350000000000e+00 8.137436377633e-03 4.077202649216e-02
4.362500000000e+00 8.136571203042e-03 4.092925260422e-02
4.375000000000e+00 8.136359201382e-03 4.109195204858e-02
4.387500000000e+00 8.136801681762e-03 4.126017592112e-02
4.400000000000e+00 8.137900481432e-03 4.143397836486e-02
4.412500000000e+00 8.139657967260e-03 4.161341660739e-02
4.425000000000e+00 8.142077037702e-03 4.179855099999e-02
4.437500000000e+00 8.145161125277e-03 4.198944505846e-02
4.450000000000e+00 8.148914199519e-03 4.218616550553e-02
4.462500000000e+00 8.153340770403e-03 4.238878231476e-02
4.475000000000e+00 8.158445892242e-03 4.259736875590e-02
4.487500000000e+00 8.164235168024e-03 4.281200144167e-02
4.500000000000e+00 8.170714754188e-03 4.303276037564e-02
4.512500000000e+00 8.177891365825e-03 4.325972900135e-02
4.525000000000e+00 8.185772282279e-03 4.349299425232e-02
4.537500000000e+00 8.194365353129e-03 4.373264660291e-02
4.550000000000e+00 8.203679004537e-03 4.397878011980e-02
4.562500000000e+00 8.213722245933e-03 4.423149251387e-02
4.575000000000e+00 8.224504677008e-03 4.449088519226e-02
4.587500000000e+00 8.236036494995e-03 4.475706331044e-02
4.600000000000e+00 8.248328502182e-03 4.503013582376e-02
4.612500000000e+00 8.261392113651e-03 4.531021553849e-02
4.625000000000e+00 8.275239365170e-03 4.559741916160e-02
4.637500000000e+00 8.289882921209e-03 4.589186734929e-02
4.650000000000e+00 8.305336083022e-03 4.619368475338e-02
4.662500000000e+00 8.321612796734e-03 4.650300006540e-02
4.675000000000e+00 8.338727661368e-03 4.681994605770e-02
4.687500000000e+00 8.356695936742e-03 4.714465962077e-02
4.700000000000e+00 8.375533551148e-03 4.747728179643e-02
4.712500000000e+00 8.395257108730e-03 4.781795780583e-02
4.725000000000e+00 8.415883896451e-03 4.816683707145e-02
4.737500000000e+00 8.437431890542e-03 4.852407323232e-02
4.750000000000e+00 8.459919762311e-03 4.888982415116e-02
4.762500000000e+00 8.483366883169e-03 4.926425191254e-02
4.775000000000e+00 8.507793328722e-03 4.964752281055e-02
4.787500000000e+00 8.533219881759e-03 5.003980732473e-02
4.800000000000e+00 8.559668033954e-03 5.044128008265e-02
4.812500000000e+00 8.587159986076e-03 5.085211980745e-02
4.825000000000e+00 8.615718646467e-03 5.127250924838e-02
4.837500000000e+00 8.645367627562e-03 5.170263509245e-02
4.850000000000e+00 8.676131240153e-03 5.214268785474e-02
4.862500000000e+00 8.708034485111e-03 5.259286174499e-02
4.875000000000e+00 8.741103042223e-03 5.305335450774e-02
4.887500000000e+00 8.775363255791e-03 5.352436723301e-02
4.900000000000e+00 8.810842116588e-03 5.400610413434e-02
4.912500000000e+00 8.847567239735e-03 5.449877229050e-02
4.925000000000e+00 8.885566838037e-03 5.500258134721e-02
4.937500000000e+00 8.924869690235e-03 5.551774317450e-02
4.950000000000e+00 8.965505103640e-03 5.604447147515e-02
4.962500000000e+00 9.007502870515e-03 5.658298133937e-02
4.975000000000e+00 9.050893217546e-03 5.713348874022e-02
4.987500000000e+00 9.095706747685e-03 5.769620996403e-02
5.000000000000e+00 9.141974373588e-03 5.827136096952e-02
5.012500000000e+00 9.189727241804e-03 5.885915666897e-02
5.025000000000e+00 9.238996646821e-03 5.945981012411e-02
5.037500000000e+00 9.289813933996e-03 6.007353164902e-02
5.050000000000e+00 9.342210390344e-03 6.070052781190e-02
5.062500000000e+00 9.396217122081e-03 6.134100032674e-02
5.075000000000e+00 9.451864917744e-03 6.199514482582e-02
5.087500000000e+00 9.509184095682e-03 6.266314950313e-02
5.100000000000e+00 9.568204334586e-03 6.334519361847e-02
5.112500000000e+00 9.628954485726e-03 6.404144585162e-02
5.125000000000e+00 9.691462365479e-03 6.475206249545e-02
5.137500000000e+00 9.755754526685e-03 6.547718547669e-02
5.150000000000e+00 9.821856007368e-03 6.621694019275e-02
5.162500000000e+00 9.889790055293e-03 6.697143315314e-02
5.175000000000e+00 9.959577826880e-03 6.774074941391e-02
5.187500000000e+00 1.003123805901e-02 6.852494979411e-02
5.200000000000e+00 1.010478671225e-02 6.932406786360e-02
5.212500000000e+00 1.018023658434e-02 7.013810669272e-02
5.225000000000e+00 1.025759689246e-02 7.096703535543e-02
5.237500000000e+00 1.033687282366e-02 7.181078517914e-02
5.250000000000e+00 1.041806505238e-02 7.266924573686e-02
5.262500000000e+00 1.050116922482e-02 7.354226058005e-02
5.275000000000e+00 1.058617541002e-02 7.442962271371e-02
5.287500000000e+00 1.067306751819e-02 7.533106981991e-02
5.300000000000e+00 1.076182268725e-02 7.624627924053e-02
5.312500000000e+00 1.085241063932e-02 7.717486273620e-02
5.325000000000e+00 1.094479300976e-02 7.811636104530e-02
5.337500000000e+00 1.103892265221e-02 7.907023827477e-02
5.350000000000e+00 1.113474292416e-02 8.003587616378e-02
5.362500000000e+00 1.123218695897e-02 8.101256827143e-02
5.375000000000e+00 1.133117693141e-02 8.199951415102e-02
5.387500000000e+00 1.143162332535e-02 8.299581358604e-02
5.400000000000e+00 1.153342421404e-02 8.400046097640e-02
5.412500000000e+00 1.163646456483e-02 8.501233997755e-02
5.425000000000e+00 1.174061558225e-02 8.603021851031e-02
5.437500000000e+00 1.184573410507e-02 8.705274427373e-02
5.450000000000e+00 1.195166207488e-02 8.807844090862e-02
5.462500000000e+00 1.205822609539e-02 8.910570497283e-02
5.475000000000e+00 1.216523710326e-02 9.013280390221e-02
5.487500000000e+00 1.227249017263e-02 9.115787514114e-02
5.500000000000e+00 1.237976447644e-02 9.217892663351e-02
5.512500000000e+00 1.248682342807e-02 9.319383886789e-02
5.525000000000e+00 1.259341502681e-02 9.420036866799e-02
5.537500000000e+00 1.269927242959e-02 9.519615491093e-02
5.550000000000e+00 1.280411476984e-02 9.617872633944e-02
5.562500000000e+00 1.290764824159e-02 9.714551161010e-02
5.575000000000e+00 1.300956746284e-02 9.809385168599e-02
5.587500000000e+00 1.310955712794e-02 9.902101464001e-02
5.600000000000e+00 1.320729395183e-02 9.992421288272e-02
5.612500000000e+00 1.330244890266e-02 1.008006227683e-01
5.625000000000e+00 1.339468971075e-02 1.016474064629e-01
5.637500000000e+00 1.348368363309e-02 1.024617358868e-01
5.650000000000e+00 1.356910044340e-02 1.032408184606e-01
5.662500000000e+00 1.365061560806e-02 1.039819243098e-01
5.675000000000e+00 1.372791359921e-02 1.046824145043e-01
5.687500000000e+00 1.380069128756e-02 1.053397698374e-01
5.700000000000e+00 1.386866135050e-02 1.059516195954e-01
5.712500000000e+00 1.393155562507e-02 1.065157697172e-01
5.725000000000e+00 1.398912833214e-02 1.070302297219e-01
5.737500000000e+00 1.404115909712e-02 1.074932377758e-01
5.750000000000e+00 1.408745569389e-02 1.079032832861e-01
5.762500000000e+00 1.412785644376e-02 1.082591264528e-01
5.775000000000e+00 1.416223220799e-02 1.085598142736e-01
5.787500000000e+00 1.419048792286e-02 1.088046925839e-01
5.800000000000e+00 1.421256363810e-02 1.089934138189e-01
5.812500000000e+00 1.422843503347e-02 1.091259403023e-01
5.825000000000e+00 1.423811340321e-02 1.092025429949e-01
5.837500000000e+00 1.424164511326e-02 1.092237957630e-01
5.850000000000e+00 1.423911055129e-02 1.091905653562e-01
5.862500000000e+00 1.423062260324e-02 1.091039973961e-01
5.875000000000e+00 1.421632470249e-02 1.089654987845e-01
5.887500000000e+00 1.419638850789e-02 1.087767170177e-01
5.900000000000e+00 1.417101127445e-02 1.085395169614e-01
5.912500000000e+00 1.414041298530e-02 1.082559556746e-01
5.925000000000e+00 1.410483331590e-02 1.079282558898e-01
5.937500000000e+00 1.406452850095e-02 1.075587787504e-01
5.950000000000e+00 1.401976817149e-02 1.071499963784e-01
5.962500000000e+00 1.397083222518e-02 1.067044648050e-01
5.975000000000e+00 1.391800778583e-02 1.062247977378e-01
5.987500000000e+00 1.386158630107e-02 1.057136415736e-01
6.000000000000e+00 1.380186081844e-02 1.051736519952e-01
6.012500000000e+00 1.373912347153e-02 1.046074724131e-01
6.025000000000e+00 1.367366319934e-02 1.040177144437e-01
6.037500000000e+00 1.360576371387e-02 1.034069405444e-01
6.050000000000e+00 1.353570172324e-02 1.027776488614e-01
6.062500000000e+00 1.346374541122e-02 1.021322602923e-01
6.075000000000e+00 1.339015316811e-02 1.014731077142e-01
6.087500000000e+00 1.331517256319e-02 1.008024272896e-01
6.100000000000e+00 1.323903954526e-02 1.001223517315e-01
6.112500000000e+00 1.316197785495e-02 9.943490538416e-02
6.125000000000e+00 1.308419863048e-02 9.874200096134e-02
6.137500000000e+00 1.300590018751e-02 9.804543777441e-02
6.150000000000e+00 1.292726795320e-02 9.734690127877e-02
6.162500000000e+00 1.284847453476e-02 9.664796376869e-02
6.175000000000e+00 1.276967990309e-02 9.595008605555e-02
6.187500000000e+00 1.269103167351e-02 9.525461997288e-02
6.200000000000e+00 1.261266546613e-02 9.456281156128e-02
6.212500000000e+00 1.253470533034e-02 9.387580479865e-02
6.225000000000e+00 1.245726421897e-02 9.319464575297e-02
6.237500000000e+00 1.238044449929e-02 9.252028704851e-02
6.250000000000e+00 1.230433848960e-02 9.185359254846e-02
6.262500000000e+00 1.222902901139e-02 9.119534216984e-02
6.275000000000e+00 1.215458994880e-02 9.054623675832e-02
6.287500000000e+00 1.208108680784e-02 8.990690296130e-02
6.300000000000e+00 1.200857726976e-02 8.927789804826e-02
6.312500000000e+00 1.193711173325e-02 8.865971463617e-02
6.325000000000e+00 1.186673384179e-02 8.805278528627e-02
6.337500000000e+00 1.179748099289e-02 8.745748694581e-02
6.350000000000e+00 1.172938482697e-02 8.687414521463e-02
6.362500000000e+00 1.166247169413e-02 8.630303842218e-02
6.375000000000e+00 1.159676309762e-02 8.574440150538e-02
6.387500000000e+00 1.153227611349e-02 8.519842968138e-02
6.400000000000e+00 1.146902378608e-02 8.466528191328e-02
6.412500000000e+00 1.140701549937e-02 8.414508416904e-02
6.425000000000e+00 1.134625732458e-02 8.363793247650e-02
6.437500000000e+00 1.128675234455e-02 8.314389577900e-02
6.450000000000e+00 1.122850095563e-02 8.266301859764e-02
6.462500000000e+00 1.117150114780e-02 8.219532350727e-02
6.475000000000e+00 1.111574876416e-02 8.174081343395e-02
6.487500000000e+00 1.106123774057e-02 8.129947378235e-02
6.500000000000e+00 1.100796032651e-02 8.087127440185e-02
6.512500000000e+00 1.095590728835e-02 8.045617140003e-02
6.525000000000e+00 1.090506809587e-02 8.005410881270e-02
6.537500000000e+00 1.085543109322e-02 7.966502013905e-02
6.550000000000e+00 1.080698365526e-02 7.928882975074e-02
6.562500000000e+00 1.075971233028e-02 7.892545418322e-02
6.575000000000e+00 1.071360297007e-02 7.857480331747e-02
6.587500000000e+00 1.066864084822e-02 7.823678145979e-02
6.600000000000e+00 1.062481076754e-02 7.791128832727e-02
6.612500000000e+00 1.058209715745e-02 7.759821994571e-02
6.625000000000e+00 1.054048416203e-02 7.729746946694e-02
6.637500000000e+00 1.049995571957e-02 7.700892791154e-02
6.650000000000e+00 1.046049563424e-02 7.673248484305e-02
6.662500000000e+00 1.042208764054e-02 7.646802897909e-02
6.675000000000e+00 1.038471546115e-02 7.621544874458e-02
6.687500000000e+00 1.034836285873e-02 7.597463277186e-02
6.700000000000e+00 1.031301368214e-02 7.574547035218e-02
6.712500000000e+00 1.027865190764e-02 7.552785184271e-02
6.725000000000e+00 1.024526167552e-02 7.532166903298e-02
6.737500000000e+00 1.021282732245e-02 7.512681547414e-02
6.750000000000e+00 1.018133341011e-02 7.494318677457e-02
6.762500000000e+00 1.015076475027e-02 7.477068086465e-02
6.775000000000e+00 1.012110642681e-02 7.460919823369e-02
6.787500000000e+00 1.009234381485e-02 7.445864214140e-02
6.800000000000e+00 1.006446259733e-02 7.431891880641e-02
6.812500000000e+00 1.003744877926e-02 7.418993757402e-02
6.825000000000e+00 1.001128869988e-02 7.407161106499e-02
6.837500000000e+00 9.985969042978e-03 7.396385530751e-02
6.850000000000e+00 9.961476845432e-03 7.386658985369e-02
6.862500000000e+00 9.937799504342e-03 7.377973788237e-02
6.875000000000e+00 9.914924782734e-03 7.370322628946e-02
6.887500000000e+00 9.892840814079e-03 7.363698576728e-02
6.900000000000e+00 9.871536105738e-03 7.358095087378e-02
6.912500000000e+00 9.850999541445e-03 7.353506009305e-02
6.925000000000e+00 9.831220382947e-03 7.349925588776e-02
6.937500000000e+00 9.812188270883e-03 7.347348474465e-02
6.950000000000e+00 9.793893225021e-03 7.345769721367e-02
6.962500000000e+00 9.776325643907e-03 7.345184794166e-02
6.975000000000e+00 9.759476304013e-03 7.345589570105e-02
6.987500000000e+00 9.743336358440e-03 7.346980341427e-02
7.000000000000e+00 9.727897335251e-03 7.349353817439e-02
7.012500000000e+00 9.713151135466e-03 7.352707126236e-02
7.025000000000e+00 9.699090030790e-03 7.357037816136e-02
7.037500000000e+00 9.685706661092e-03 7.362343856857e-02
7.050000000000e+00 9.672994031689e-03 7.368623640471e-02
7.062500000000e+00 9.660945510466e-03 7.375875982158e-02
7.075000000000e+00 9.649554824844e-03 7.384100120787e-02
7.087500000000e+00 9.638816058649e-03 7.393295719345e-02
7.100000000000e+00 9.628723648880e-03 7.403462865221e-02
7.112500000000e+00 9.619272382400e-03 7.414602070374e-02
7.125000000000e+00 9.610457392569e-03 7.426714271373e-02
7.137500000000e+00 9.602274155827e-03 7.439800829336e-02
7.150000000000e+00 9.594718488234e-03 7.453863529755e-02
7.162500000000e+00 9.587786541975e-03 7.468904582213e-02
7.175000000000e+00 9.581474801838e-03 7.484926619994e-02
7.187500000000e+00 9.575780081658e-03 7.501932699568e-02
7.200000000000e+00 9.570699520722e-03 7.519926299956e-02
7.212500000000e+00 9.566230580152e-03 7.538911321948e-02
7.225000000000e+00 9.562371039233e-03 7.558892087168e-02
7.237500000000e+00 9.559118991691e-03 7.579873336969e-02
7.250000000000e+00 9.556472841918e-03 7.601860231121e-02
7.262500000000e+00 9.554431301105e-03 7.624858346286e-02
7.275000000000e+00 9.552993383295e-03 7.648873674237e-02
7.287500000000e+00 9.552158401320e-03 7.673912619790e-02
7.300000000000e+00 9.551925962604e-03 7.699981998420e-02
7.312500000000e+00 9.552295964819e-03 7.727089033507e-02
7.325000000000e+00 9.553268591340e-03 7.755241353181e-02
7.337500000000e+00 9.554844306512e-03 7.784446986700e-02
7.350000000000e+00 9.557023850652e-03 7.814714360321e-02
7.362500000000e+00 9.559808234779e-03 7.846052292594e-02
7.375000000000e+00 9.563198735029e-03 7.878469989013e-02
7.387500000000e+00 9.567196886687e-03 7.911977035959e-02
7.400000000000e+00 9.571804477837e-03 7.946583393849e-02
7.412500000000e+00 9.577023542533e-03 7.982299389409e-02
7.425000000000e+00 9.582856353456e-03 8.019135706978e-02
7.437500000000e+00 9.589305414003e-03 8.057103378745e-02
7.450000000000e+00 9.596373449727e-03 8.096213773804e-02
7.462500000000e+00 9.604063399081e-03 8.136478585918e-02
7.475000000000e+00 9.612378403357e-03 8.177909819857e-02
7.487500000000e+00 9.621321795783e-03 8.220519776180e-02
7.500000000000e+00 9.630897089648e-03 8.264321034308e-02
7.512500000000e+00 9.641107965386e-03 8.309326433729e-02
7.525000000000e+00 9.651958256525e-03 8.355549053174e-02
7.537500000000e+00 9.663451934364e-03 8.403002187566e-02
7.550000000000e+00 9.675593091292e-03 8.451699322552e-02
7.562500000000e+00 9.688385922610e-03 8.501654106413e-02
7.575000000000e+00 9.701834706731e-03 8.552880319110e-02
7.587500000000e+00 9.715943783614e-03 8.605391838246e-02
7.600000000000e+00 9.730717531290e-03 8.659202601665e-02
7.612500000000e+00 9.746160340308e-03 8.714326566428e-02
7.625000000000e+00 9.762276585954e-03 8.770777663869e-02
7.637500000000e+00 9.779070598043e-03 8.828569750420e-02
7.650000000000e+00 9.796546628120e-03 8.887716553883e-02
7.662500000000e+00 9.814708813851e-03 8.948231614791e-02
7.675000000000e+00 9.833561140414e-03 9.010128222500e-02
7.687500000000e+00 9.853107398676e-03 9.073419345630e-02
7.700000000000e+00 9.873351139900e-03 9.138117556448e-02
7.712500000000e+00 9.894295626807e-03 9.204234948760e-02
7.725000000000e+00 9.915943780691e-03 9.271783048902e-02
7.737500000000e+00 9.938298124377e-03 9.340772719347e-02
7.750000000000e+00 9.961360720759e-03 9.411214054477e-02
7.762500000000e+00 9.985133106659e-03 9.483116268029e-02
7.775000000000e+00 1.000961622175e-02 9.556487571736e-02
7.787500000000e+00 1.003481033230e-02 9.631335044661e-02
7.800000000000e+00 1.006071494944e-02 9.707664492725e-02
7.812500000000e+00 1.008732874180e-02 9.785480297951e-02
7.825000000000e+00 1.011464944214e-02 9.864785256923e-02
7.837500000000e+00 1.014267374794e-02 9.945580408015e-02
7.850000000000e+00 1.017139721560e-02 1.002786484695e-01
7.862500000000e+00 1.020081414813e-02 1.011163553026e-01
7.875000000000e+00 1.023091747632e-02 1.019688706641e-01
7.887500000000e+00 1.026169863309e-02 1.028361149408e-01
7.900000000000e+00 1.029314742120e-02 1.037179804767e-01
7.912500000000e+00 1.032525187429e-02 1.046143290973e-01
7.925000000000e+00 1.035799811133e-02 1.055249895037e-01
7.937500000000e+00 1.039137018477e-02 1.064497545381e-01
7.950000000000e+00 1.042534992266e-02 1.073883783243e-01
7.962500000000e+00 1.045991676521e-02 1.083405732871e-01
7.975000000000e+00 1.049504759641e-02 1.093060070584e-01
7.987500000000e+00 1.053071657140e-02 1.102842992805e-01
8.000000000000e+00 1.056689494054e-02 1.112750183173e-01
8.012500000000e+00 1.060355087131e-02 1.122776778914e-01
8.025000000000e+00 1.064064926939e-02 1.132917336646e-01
8.037500000000e+00 1.067815160042e-02 1.143165797858e-01
8.050000000000e+00 1.071601571440e-02 1.153515454340e-01
8.062500000000e+00 1.075419567471e-02 1.163958913880e-01
8.075000000000e+00 1.079264159421e-02 1.174488066604e-01
8.087500000000e+00 1.083129948101e-02 1.185094052380e-01
8.100000000000e+00 1.087011109708e-02 1.195767229760e-01
8.112500000000e+00 1.090901383273e-02 1.206497147000e-01
8.125000000000e+00 1.094794060085e-02 1.217272515745e-01
8.137500000000e+00 1.098681975449e-02 1.228081188019e-01
8.150000000000e+00 1.102557503213e-02 1.238910137225e-01
8.162500000000e+00 1.106412553490e-02 1.249745443902e-01
8.175000000000e+00 1.110238574029e-02 1.260572287013e-01
8.187500000000e+00 1.114026555697e-02 1.271374941609e-01
8.200000000000e+00 1.117767042547e-02 1.282136783695e-01
8.212500000000e+00 1.121450146917e-02 1.292840303151e-01
8.225000000000e+00 1.125065570014e-02 1.303467125565e-01
8.237500000000e+00 1.128602628393e-02 1.313998043777e-01
8.250000000000e+00 1.132050286689e-02 1.324413059897e-01
8.262500000000e+00 1.135397196906e-02 1.334691438490e-01
8.275000000000e+00 1.138631744511e-02 1.344811771498e-01
8.287500000000e+00 1.141742101424e-02 1.354752055344e-01
8.300000000000e+00 1.144716285973e-02 1.364489780500e-01
8.312500000000e+00 1.147542229659e-02 1.374002033592e-01
8.325000000000e+00 1.150207850507e-02 1.383265611911e-01
8.337500000000e+00 1.152701132588e-02 1.392257149934e-01
8.350000000000e+00 1.155010211119e-02 1.400953257173e-01
8.362500000000e+00 1.157123462413e-02 1.409330666423e-01
8.375000000000e+00 1.159029597735e-02 1.417366391120e-01
8.387500000000e+00 1.160717759989e-02 1.425037890272e-01
8.400000000000e+00 1.162177621970e-02 1.432323239103e-01
8.412500000000e+00 1.163399484792e-02 1.439201303280e-01
8.425000000000e+00 1.164374374985e-02 1.445651914364e-01
8.437500000000e+00 1.165094138673e-02 1.451656043908e-01
8.450000000000e+00 1.165551531164e-02 1.457195973490e-01
8.462500000000e+00 1.165740300330e-02 1.462255457869e-01
8.475000000000e+00 1.165655262129e-02 1.466819878463e-01
8.487500000000e+00 1.165292366770e-02 1.470876384371e-01
8.500000000000e+00 1.164648754090e-02 1.474414018336e-01
8.512500000000e+00 1.163722796938e-02 1.477423825241e-01
8.525000000000e+00 1.162514131558e-02 1.479898941036e-01
8.537500000000e+00 1.161023674209e-02 1.481834660335e-01
8.550000000000e+00 1.159253623564e-02 1.483228481374e-01
8.562500000000e+00 1.157207448706e-02 1.484080127423e-01
8.575000000000e+00 1.154889862864e-02 1.484391544311e-01
8.587500000000e+00 1.152306783329e-02 1.484166874143e-01
8.600000000000e+00 1.149465278273e-02 1.483412405848e-01
8.612500000000e+00 1.146373501490e-02 1.482136503633e-01
8.625000000000e+00 1.143040616293e-02 1.480349514867e-01
8.637500000000e+00 1.139476709985e-02 1.478063659296e-01
8.650000000000e+00 1.135692700528e-02 1.475292901823e-01
8.662500000000e+00 1.131700237073e-02 1.472052811320e-01
8.675000000000e+00 1.127511596111e-02 1.468360408110e-01
8.687500000000e+00 1.123139574999e-02 1.464234002886e-01
8.700000000000e+00 1.118597384583e-02 1.459693029804e-01
8.712500000000e+00 1.113898542525e-02 1.454757876465e-01
8.725000000000e+00 1.109056768877e-02 1.449449713391e-01
8.737500000000e+00 1.104085885254e-02 1.443790325400e-01
8.750000000000e+00 1.098999718805e-02 1.437801947090e-01
8.762500000000e+00 1.093812012001e-02 1.431507104385e-01
8.775000000000e+00 1.088536339052e-02 1.424928463821e-01
8.787500000000e+00 1.083186029598e-02 1.418088690953e-01
8.800000000000e+00 1.077774100098e-02 1.411010318989e-01
8.812500000000e+00 1.072313193188e-02 1.403715628465e-01
8.825000000000e+00 1.066815525097e-02 1.396226538499e-01
8.837500000000e+00 1.061292841073e-02 1.388564509912e-01
8.850000000000e+00 1.055756378636e-02 1.380750460285e-01
8.862500000000e+00 1.050216838355e-02 1.372804690803e-01
8.875000000000e+00 1.044684361778e-02 1.364746824575e-01
8.887500000000e+00 1.039168516045e-02 1.356595755967e-01
8.900000000000e+00 1.033678284683e-02 1.348369610379e-01
8.912500000000e+00 1.028222064046e-02 1.340085713788e-01
8.925000000000e+00 1.022807664815e-02 1.331760571343e-01
8.937500000000e+00 1.017442318017e-02 1.323409854224e-01
8.950000000000e+00 1.012132684973e-02 1.315048393994e-01
8.962500000000e+00 1.006884870648e-02 1.306690183636e-01
8.975000000000e+00 1.001704439859e-02 1.298348384486e-01
8.987500000000e+00 9.965964358613e-03 1.290035338332e-01
9.000000000000e+00 9.915654008391e-03 1.281762583919e-01
9.012500000000e+00 9.866153978789e-03 1.273540877198e-01
9.025000000000e+00 9.817500340380e-03 1.265380214679e-01
9.037500000000e+00 9.769724841580e-03 1.257289859283e-01
9.050000000000e+00 9.722855151135e-03 1.249278368179e-01
9.062500000000e+00 9.676915102234e-03 1.241353622098e-01
9.075000000000e+00 9.631924935851e-03 1.233522855701e-01
9.087500000000e+00 9.587901541339e-03 1.225792688613e-01
9.100000000000e+00 9.544858692485e-03 1.218169156777e-01
9.112500000000e+00 9.502807277688e-03 1.210657743846e-01
9.125000000000e+00 9.461755523030e-03 1.203263412353e-01
9.137500000000e+00 9.421709207366e-03 1.195990634442e-01
9.150000000000e+00 9.382671868726e-03 1.188843421993e-01
9.162500000000e+00 9.344645001498e-03 1.181825355979e-01
9.175000000000e+00 9.307628244068e-03 1.174939614957e-01
9.187500000000e+00 9.271619556724e-03 1.168189002576e-01
9.200000000000e+00 9.236615389705e-03 1.161575974057e-01
9.212500000000e+00 9.202610841493e-03 1.155102661576e-01
9.225000000000e+00 9.169599807397e-03 1.148770898531e-01
9.237500000000e+00 9.137575118671e-03 1.142582242668e-01
9.250000000000e+00 9.106528672403e-03 1.136537998056e-01
9.262500000000e+00 9.076451552449e-03 1.130639235940e-01
9.275000000000e+00 9.047334141793e-03 1.124886814451e-01
9.287500000000e+00 9.019166226643e-03 1.119281397232e-01
9.300000000000e+00 8.991937092688e-03 1.113823470975e-01
9.312500000000e+00 8.965635613872e-03 1.108513361930e-01
9.325000000000e+00 8.940250334115e-03 1.103351251401e-01
9.337500000000e+00 8.915769542344e-03 1.098337190282e-01
9.350000000000e+00 8.892181341272e-03 1.093471112668e-01
9.362500000000e+00 8.869473710270e-03 1.088752848580e-01
9.375000000000e+00 8.847634562764e-03 1.084182135854e-01
9.387500000000e+00 8.826651798460e-03 1.079758631237e-01
9.400000000000e+00 8.806513350833e-03 1.075481920723e-01
9.412500000000e+00 8.787207230142e-03 1.071351529182e-01
9.425000000000e+00 8.768721562367e-03 1.067366929321e-01
9.437500000000e+00 8.751044624333e-03 1.063527550006e-01
9.450000000000e+00 8.734164875339e-03 1.059832784006e-01
9.462500000000e+00 8.718070985567e-03 1.056281995174e-01
9.475000000000e+00 8.702751861544e-03 1.052874525114e-01
9.487500000000e+00 8.688196668875e-03 1.049609699366e-01
9.500000000000e+00 8.674394852542e-03 1.046486833143e-01
9.512500000000e+00 8.661336154911e-03 1.043505236645e-01
9.525000000000e+00 8.649010631720e-03 1.040664219990e-01
9.537500000000e+00 8.637408666196e-03 1.037963097782e-01
9.550000000000e+00 8.626520981498e-03 1.035401193349e-01
9.562500000000e+00 8.616338651664e-03 1.032977842667e-01
9.575000000000e+00 8.606853111165e-03 1.030692398012e-01
9.587500000000e+00 8.598056163295e-03 1.028544231338e-01
9.600000000000e+00 8.589939987435e-03 1.026532737424e-01
9.612500000000e+00 8.582497145396e-03 1.024657336797e-01
9.625000000000e+00 8.575720586891e-03 1.022917478455e-01
9.637500000000e+00 8.569603654298e-03 1.021312642408e-01
9.650000000000e+00 8.564140086757e-03 1.019842342049e-01
9.662500000000e+00 8.559324023740e-03 1.018506126374e-01
9.675000000000e+00 8.555150008138e-03 1.017303582070e-01
9.687500000000e+00 8.551612988973e-03 1.016234335470e-01
9.700000000000e+00 8.548708323779e-03 1.015298054408e-01
9.712500000000e+00 8.546431780743e-03 1.014494449970e-01
9.725000000000e+00 8.544779540642e-03 1.013823278153e-01
9.737500000000e+00 8.543748198656e-03 1.013284341460e-01
9.750000000000e+00 8.543334766080e-03 1.012877490414e-01
9.762500000000e+00 8.543536672015e-03 1.012602625023e-01
9.775000000000e+00 8.544351765057e-03 1.012459696193e-01
9.787500000000e+00 8.545778315033e-03 1.012448707103e-01
9.800000000000e+00 8.547815014832e-03 1.012569714539e-01
9.812500000000e+00 8.550460982337e-03 1.012822830216e-01
9.825000000000e+00 8.553715762529e-03 1.013208222064e-01
9.837500000000e+00 8.557579329770e-03 1.013726115516e-01
9.850000000000e+00 8.562052090293e-03 1.014376794782e-01
9.862500000000e+00 8.567134884929e-03 1.015160604124e-01
9.875000000000e+00 8.572828992108e-03 1.016077949136e-01
9.887500000000e+00 8.579136131133e-03 1.017129298035e-01
9.900000000000e+00 8.586058465778e-03 1.018315182965e-01
9.912500000000e+00 8.593598608200e-03 1.019636201324e-01
9.925000000000e+00 8.601759623215e-03 1.021093017111e-01
9.937500000000e+00 8.610545032934e-03 1.022686362306e-01
9.950000000000e+00 8.619958821784e-03 1.024417038282e-01
9.962500000000e+00 8.630005441949e-03 1.026285917251e-01
9.975000000000e+00 8.640689819206e-03 1.028293943755e-01
9.987500000000e+00 8.652017359223e-03 1.030442136199e-01
1.000000000000e+01 8.663993954296e-03 1.032731588436e-01
1.001250000000e+01 8.676625990548e-03 1.035163471393e-01
1.002500000000e+01 8.689920355632e-03 1.037739034769e-01
1.003750000000e+01 8.703884446900e-03 1.040459608775e-01
1.005000000000e+01 8.718526180110e-03 1.043326605948e-01
1.006250000000e+01 8.733853998629e-03 1.046341523021e-01
1.007500000000e+01 8.749876883195e-03 1.049505942864e-01
1.008750000000e+01 8.766604362208e-03 1.052821536495e-01
1.010000000000e+01 8.784046522587e-03 1.056290065167e-01
1.011250000000e+01 8.802214021201e-03 1.059913382525e-01
1.012500000000e+01 8.821118096863e-03 1.063693436844e-01
1.013750000000e+01 8.840770582935e-03 1.067632273347e-01
1.015000000000e+01 8.861183920517e-03 1.071732036610e-01
1.016250000000e+01 8.882371172236e-03 1.075994973040e-01
1.017500000000e+01 8.904346036664e-03 1.080423433455e-01
1.018750000000e+01 8.927122863331e-03 1.085019875734e-01
1.020000000000e+01 8.950716668370e-03 1.089786867573e-01
1.021250000000e+01 8.975143150783e-03 1.094727089317e-01
1.022500000000e+01 9.000418709310e-03 1.099843336892e-01
1.023750000000e+01 9.026560459936e-03 1.105138524819e-01
1.025000000000e+01 9.053586253985e-03 1.110615689326e-01
1.026250000000e+01 9.081514696828e-03 1.116277991541e-01
1.027500000000e+01 9.110365167169e-03 1.122128720779e-01
1.028750000000e+01 9.140157836901e-03 1.128171297911e-01
1.030000000000e+01 9.170913691502e-03 1.134409278813e-01
1.031250000000e+01 9.202654550948e-03 1.140846357899e-01
1.032500000000e+01 9.235403091103e-03 1.147486371717e-01
1.033750000000e+01 9.269182865560e-03 1.154333302626e-01
1.035000000000e+01 9.304018327831e-03 1.161391282512e-01
1.036250000000e+01 9.339934853909e-03 1.168664596576e-01
1.037500000000e+01 9.376958765037e-03 1.176157687140e-01
1.038750000000e+01 9.415117350676e-03 1.183875157493e-01
1.040000000000e+01 9.454438891524e-03 1.191821775740e-01
1.041250000000e+01 9.494952682502e-03 1.200002478647e-01
1.042500000000e+01 9.536689055558e-03 1.208422375455e-01
1.043750000000e+01 9.579679402139e-03 1.217086751642e-01
1.045000000000e+01 9.623956195170e-03 1.226001072611e-01
1.046250000000e+01 9.669553010333e-03 1.235170987257e-01
1.047500000000e+01 9.716504546404e-03 1.244602331393e-01
1.048750000000e+01 9.764846644412e-03 1.254301130988e-01
1.050000000000e+01 9.814616305314e-03 1.264273605161e-01
1.051250000000e+01 9.865851705836e-03 1.274526168890e-01
1.052500000000e+01 9.918592212142e-03 1.285065435370e-01
1.053750000000e+01 9.972878390831e-03 1.295898217942e-01
1.055000000000e+01 1.002875201686e-02 1.307031531527e-01
1.056250000000e+01 1.008625607774e-02 1.318472593472e-01
1.057500000000e+01 1.014543477352e-02 1.330228823699e-01
1.058750000000e+01 1.020633351172e-02 1.342307844050e-01
1.060000000000e+01 1.026899889649e-02 1.354717476708e-01
1.061250000000e+01 1.033347871118e-02 1.367465741531e-01
1.062500000000e+01 1.039982189321e-02 1.380560852151e-01
1.063750000000e+01 1.046807850018e-02 1.394011210655e-01
1.065000000000e+01 1.053829966606e-02 1.407825400636e-01
1.066250000000e+01 1.061053754595e-02 1.422012178403e-01
1.067500000000e+01 1.068484524796e-02 1.436580462074e-01
1.068750000000e+01 1.076127675042e-02 1.451539318283e-01
1.070000000000e+01 1.083988680258e-02 1.466897946183e-01
1.071250000000e+01 1.092073080669e-02 1.482665658394e-01
1.072500000000e+01 1.100386467896e-02 1.498851858491e-01
1.073750000000e+01 1.108934468706e-02 1.515466014630e-01
1.075000000000e+01 1.117722726102e-02 1.532517628803e-01
1.076250000000e+01 1.126756877459e-02 1.550016201220e-01
1.077500000000e+01 1.136042529356e-02 1.567971189221e-01
1.078750000000e+01 1.145585228717e-02 1.586391960102e-01
1.080000000000e+01 1.155390429856e-02 1.605287737145e-01
1.081250000000e+01 1.165463456984e-02 1.624667538115e-01
1.082500000000e+01 1.175809461687e-02 1.644540105389e-01
1.083750000000e+01 1.186433374857e-02 1.664913826857e-01
1.085000000000e+01 1.197339852527e-02 1.685796646636e-01
1.086250000000e+01 1.208533215012e-02 1.707195964599e-01
1.087500000000e+01 1.220017378748e-02 1.729118523654e-01
1.088750000000e+01 1.231795780175e-02 1.751570283673e-01
1.090000000000e+01 1.243871291000e-02 1.774556280899e-01
1.091250000000e+01 1.256246124179e-02 1.798080471688e-01
1.092500000000e+01 1.268921729929e-02 1.822145559382e-01
1.093750000000e+01 1.281898681146e-02 1.846752803183e-01
1.095000000000e+01 1.295176547599e-02 1.871901807929e-01
1.096250000000e+01 1.308753758394e-02 1.897590293786e-01
1.097500000000e+01 1.322627452249e-02 1.923813845021e-01
1.098750000000e+01 1.336793315320e-02 1.950565637272e-01
1.100000000000e+01 1.351245406453e-02 1.977836142992e-01
1.101250000000e+01 1.365975970061e-02 2.005612815194e-01
1.102500000000e+01 1.380975237057e-02 2.033879750098e-01
1.103750000000e+01 1.396231214742e-02 2.062617329941e-01
1.105000000000e+01 1.411729466975e-02 2.091801847984e-01
1.106250000000e+01 1.427452886547e-02 2.121405118701e-01
1.107500000000e+01 1.443381462352e-02 2.151394077234e-01
1.108750000000e+01 1.459492044705e-02 2.181730373497e-01
1.110000000000e+01 1.475758113054e-02 2.212369967769e-01
1.111250000000e+01 1.492149551286e-02 2.243262736264e-01
1.112500000000e+01 1.508632436898e-02 2.274352096939e-01
1.113750000000e+01 1.525168851382e-02 2.305574667683e-01
1.115000000000e+01 1.541716720317e-02 2.336859970982e-01
1.116250000000e+01 1.558229692744e-02 2.368130201036e-01
1.117500000000e+01 1.574657070376e-02 2.399300071058e-01
1.118750000000e+01 1.590943797998e-02 2.430276759960e-01
1.120000000000e+01 1.607030526933e-02 2.460959978631e-01
1.121250000000e+01 1.622853763548e-02 2.491242176399e-01
1.122500000000e+01 1.638346114396e-02 2.521008907794e-01
1.123750000000e+01 1.653436638519e-02 2.550139378218e-01
1.125000000000e+01 1.668051315683e-02 2.578507184349e-01
1.126250000000e+01 1.682113636665e-02 2.605981260987e-01
1.127500000000e+01 1.695545318226e-02 2.632427040347e-01
1.128750000000e+01 1.708267141044e-02 2.657707822718e-01
1.130000000000e+01 1.720199903700e-02 2.681686348865e-01
1.131250000000e+01 1.731265480092e-02 2.704226554970e-01
1.132500000000e+01 1.741387961477e-02 2.725195480562e-01
1.133750000000e+01 1.750494858276e-02 2.744465289510e-01
1.135000000000e+01 1.758518331005e-02 2.761915354241e-01
1.136250000000e+01 1.765396414935e-02 2.777434344879e-01
1.137500000000e+01 1.771074199523e-02 2.790922258599e-01
1.138750000000e+01 1.775504922046e-02 2.802292321026e-01
1.140000000000e+01 1.778650935210e-02 2.811472691502e-01
1.141250000000e+01 1.780484511252e-02 2.818407907841e-01
1.142500000000e+01 1.780988450073e-02 2.823060013941e-01
1.143750000000e+01 1.780156466037e-02 2.825409324884e-01
1.145000000000e+01 1.777993336927e-02 2.825454798519e-01
1.146250000000e+01 1.774514808509e-02 2.823213998886e-01
1.147500000000e+01 1.769747258610e-02 2.818722654221e-01
1.148750000000e+01 1.763727134787e-02 2.812033829431e-01
1.150000000000e+01 1.756500188858e-02 2.803216748622e-01
1.151250000000e+01 1.748120539224e-02 2.792355316517e-01
1.152500000000e+01 1.738649597499e-02 2.779546397631e-01
1.153750000000e+01 1.728154899313e-02 2.764897918334e-01
1.155000000000e+01 1.716708880162e-02 2.748526859364e-01
1.156250000000e+01 1.704387635996e-02 2.730557205132e-01
1.157500000000e+01 1.691269705174e-02 2.711117911679e-01
1.158750000000e+01 1.677434903875e-02 2.690340948114e-01
1.160000000000e+01 1.662963241481e-02 2.668359457536e-01
1.161250000000e+01 1.647933936368e-02 2.645306073555e-01
1.162500000000e+01 1.632424546310e-02 2.621311418337e-01
1.163750000000e+01 1.616510221832e-02 2.596502798297e-01
1.165000000000e+01 1.600263085401e-02 2.571003104510e-01
1.166250000000e+01 1.583751734795e-02 2.544929917096e-01
1.167500000000e+01 1.567040865212e-02 2.518394806358e-01
1.168750000000e+01 1.550191001794e-02 2.491502818451e-01
1.170000000000e+01 1.533258332270e-02 2.464352129715e-01
1.171250000000e+01 1.516294628191e-02 2.437033851550e-01
1.172500000000e+01 1.499347242632e-02 2.409631966480e-01
1.173750000000e+01 1.482459172320e-02 2.382223375862e-01
1.175000000000e+01 1.465669172504e-02 2.354878040191e-01
1.176250000000e+01 1.449011913681e-02 2.327659194039e-01
1.177500000000e+01 1.432518170253e-02 2.300623619089e-01
1.178750000000e+01 1.416215032238e-02 2.273821960469e-01
1.180000000000e+01 1.400126132348e-02 2.247299073313e-01
1.181250000000e+01 1.384271881835e-02 2.221094388370e-01
1.182500000000e+01 1.368669709608e-02 2.195242287172e-01
1.183750000000e+01 1.353334300118e-02 2.169772478966e-01
1.185000000000e+01 1.338277826444e-02 2.144710373086e-01
1.186250000000e+01 1.323510175784e-02 2.120077441809e-01
1.187500000000e+01 1.309039165300e-02 2.095891569911e-01
1.188750000000e+01 1.294870746838e-02 2.072167388164e-01
1.190000000000e+01 1.281009199569e-02 2.048916588848e-01
1.191250000000e+01 1.267457309996e-02 2.026148222110e-01
1.192500000000e+01 1.254216539132e-02 2.003868972548e-01
1.193750000000e+01 1.241287176896e-02 1.982083415887e-01
1.195000000000e+01 1.228668483997e-02 1.960794255980e-01
1.196250000000e+01 1.216358821735e-02 1.940002542646e-01
1.197500000000e+01 1.204355770246e-02 1.919707871060e-01
1.198750000000e+01 1.192656235800e-02 1.899908563580e-01
1.200000000000e+01 1.181256547819e-02 1.880601834961e-01
1.201250000000e+01 1.170152546302e-02 1.861783941998e-01
1.202500000000e+01 1.159339660331e-02 1.843450318647e-01
1.203750000000e+01 1.148812978357e-02 1.825595697674e-01
1.205000000000e+01 1.138567310932e-02 1.808214219877e-01
1.206250000000e+01 1.128597246513e-02 1.791299531882e-01
1.207500000000e+01 1.118897200959e-02 1.774844873474e-01
1.208750000000e+01 1.109461461290e-02 1.758843155383e-01
1.210000000000e+01 1.100284224245e-02 1.743287028382e-01
1.211250000000e+01 1.091359630144e-02 1.728168944500e-01
1.212500000000e+01 1.082681792510e-02 1.713481211105e-01
1.213750000000e+01 1.074244823886e-02 1.699216038545e-01
1.215000000000e+01 1.066042858227e-02 1.685365581982e-01
1.216250000000e+01 1.058070070242e-02 1.671921978014e-01
1.217500000000e+01 1.050320691997e-02 1.658877376610e-01
1.218750000000e+01 1.042789027079e-02 1.646223968862e-01
1.220000000000e+01 1.035469462604e-02 1.633954010975e-01
1.221250000000e+01 1.028356479287e-02 1.622059844926e-01
1.222500000000e+01 1.021444659817e-02 1.610533916135e-01
1.223750000000e+01 1.014728695726e-02 1.599368788488e-01
1.225000000000e+01 1.008203392922e-02 1.588557157013e-01
1.226250000000e+01 1.001863676060e-02 1.578091858473e-01
1.227500000000e+01 9.957045918863e-03 1.567965880109e-01
1.228750000000e+01 9.897213116820e-03 1.558172366770e-01
1.230000000000e+01 9.839091329279e-03 1.548704626604e-01
1.231250000000e+01 9.782634802843e-03 1.539556135499e-01
1.232500000000e+01 9.727799059843e-03 1.530720540418e-01
1.233750000000e+01 9.674540897168e-03 1.522191661775e-01
1.235000000000e+01 9.622818380726e-03 1.513963494976e-01
1.236250000000e+01 9.572590836193e-03 1.506030211230e-01
1.237500000000e+01 9.523818836584e-03 1.498386157737e-01
1.238750000000e+01 9.476464187172e-03 1.491025857329e-01
1.240000000000e+01 9.430489908206e-03 1.483944007658e-01
1.241250000000e+01 9.385860215779e-03 1.477135479985e-01
1.242500000000e+01 9.342540501251e-03 1.470595317638e-01
1.243750000000e+01 9.300497309469e-03 1.464318734199e-01
1.245000000000e+01 9.259698316099e-03 1.458301111453e-01
1.246250000000e+01 9.220112304281e-03 1.452537997160e-01
1.247500000000e+01 9.181709140806e-03 1.447025102670e-01
1.248750000000e+01 9.144459752016e-03 1.441758300427e-01
1.250000000000e+01 9.108336099562e-03 1.436733621383e-01
1.251250000000e+01 9.073311156150e-03 1.431947252352e-01
1.252500000000e+01 9.039358881434e-03 1.427395533320e-01
1.253750000000e+01 9.006454198079e-03 1.423074954742e-01
1.255000000000e+01 8.974572968174e-03 1.418982154828e-01
1.256250000000e+01 8.943691969976e-03 1.415113916845e-01
1.257500000000e+01 8.913788875118e-03 1.411467166438e-01
1.258750000000e+01 8.884842226303e-03 1.408038968990e-01
1.260000000000e+01 8.856831415509e-03 1.404826527021e-01
1.261250000000e+01 8.829736662798e-03 1.401827177643e-01
1.262500000000e+01 8.803538995681e-03 1.399038390071e-01
1.263750000000e+01 8.778220229141e-03 1.396457763197e-01
1.265000000000e+01 8.753762946273e-03 1.394083023231e-01
1.266250000000e+01 8.730150479583e-03 1.391912021420e-01
1.267500000000e+01 8.707366892950e-03 1.389942731835e-01
1.268750000000e+01 8.685396964260e-03 1.388173249241e-01
1.270000000000e+01 8.664226168707e-03 1.386601787041e-01
1.271250000000e+01 8.643840662780e-03 1.385226675303e-01
1.272500000000e+01 8.624227268906e-03 1.384046358872e-01
1.273750000000e+01 8.605373460788e-03 1.383059395554e-01
1.275000000000e+01 8.587267349380e-03 1.382264454390e-01
1.276250000000e+01 8.569897669547e-03 1.381660314005e-01
1.277500000000e+01 8.553253767371e-03 1.381245861044e-01
1.278750000000e+01 8.537325588096e-03 1.381020088680e-01
1.280000000000e+01 8.522103664717e-03 1.380982095208e-01
1.281250000000e+01 8.507579107198e-03 1.381131082706e-01
1.282500000000e+01 8.493743592299e-03 1.381466355783e-01
1.283750000000e+01 8.480589354024e-03 1.381987320393e-01
1.285000000000e+01 8.468109174644e-03 1.382693482719e-01
1.286250000000e+01 8.456296376337e-03 1.383584448138e-01
1.287500000000e+01 8.445144813360e-03 1.384659920239e-01
1.288750000000e+01 8.434648864819e-03 1.385919699915e-01
1.290000000000e+01 8.424803427975e-03 1.387363684514e-01
1.291250000000e+01 8.415603912069e-03 1.388991867050e-01
1.292500000000e+01 8.407046232709e-03 1.390804335473e-01
1.293750000000e+01 8.399126806724e-03 1.392801271985e-01
1.295000000000e+01 8.391842547550e-03 1.394982952417e-01
1.296250000000e+01 8.385190861081e-03 1.397349745640e-01
1.297500000000e+01 8.379169641993e-03 1.399902113029e-01
1.298750000000e+01 8.373777270522e-03 1.402640607958e-01
1.300000000000e+01 8.369012609680e-03 1.405565875333e-01
1.301250000000e+01 8.364875002890e-03 1.408678651156e-01
1.302500000000e+01 8.361364272041e-03 1.411979762106e-01
1.303750000000e+01 8.358480715901e-03 1.415470125148e-01
1.305000000000e+01 8.356225108931e-03 1.419150747148e-01
1.306250000000e+01 8.354598700420e-03 1.423022724501e-01
1.307500000000e+01 8.353603213968e-03 1.427087242755e-01
1.308750000000e+01 8.353240847258e-03 1.431345576230e-01
1.310000000000e+01 8.353514272112e-03 1.435799087627e-01
1.311250000000e+01 8.354426634801e-03 1.440449227605e-01
1.312500000000e+01 8.355981556581e-03 1.445297534335e-01
1.313750000000e+01 8.358183134410e-03 1.450345633011e-01
1.315000000000e+01 8.361035941845e-03 1.455595235305e-01
1.316250000000e+01 8.364545030039e-03 1.461048138765e-01
1.317500000000e+01 8.368715928842e-03 1.466706226132e-01
1.318750000000e+01 8.373554647926e-03 1.472571464576e-01
1.320000000000e+01 8.379067677914e-03 1.478645904822e-01
1.321250000000e+01 8.385261991446e-03 1.484931680161e-01
1.322500000000e+01 8.392145044126e-03 1.491431005326e-01
1.323750000000e+01 8.399724775313e-03 1.498146175215e-01
1.325000000000e+01 8.408009608636e-03 1.505079563440e-01
1.326250000000e+01 8.417008452230e-03 1.512233620680e-01
1.327500000000e+01 8.426730698554e-03 1.519610872822e-01
1.328750000000e+01 8.437186223733e-03 1.527213918855e-01
1.330000000000e+01 8.448385386329e-03 1.535045428495e-01
1.331250000000e+01 8.460339025426e-03 1.543108139514e-01
1.332500000000e+01 8.473058457919e-03 1.551404854738e-01
1.333750000000e+01 8.486555474909e-03 1.559938438680e-01
1.335000000000e+01 8.500842337013e-03 1.568711813772e-01
1.336250000000e+01 8.515931768525e-03 1.577727956160e-01
1.337500000000e+01 8.531836950182e-03 1.586989891013e-01
1.338750000000e+01 8.548571510441e-03 1.596500687304e-01
1.340000000000e+01 8.566149515034e-03 1.606263452017e-01
1.341250000000e+01 8.584585454612e-03 1.616281323716e-01
1.342500000000e+01 8.603894230278e-03 1.626557465435e-01
1.343750000000e+01 8.624091136744e-03 1.637095056812e-01
1.345000000000e+01 8.645191842886e-03 1.647897285421e-01
1.346250000000e+01 8.667212369424e-03 1.658967337207e-01
1.347500000000e+01 8.690169063398e-03 1.670308385984e-01
1.348750000000e+01 8.714078569196e-03 1.681923581878e-01
1.350000000000e+01 8.738957795723e-03 1.693816038673e-01
1.351250000000e+01 8.764823879410e-03 1.705988819936e-01
1.352500000000e+01 8.791694142658e-03 1.718444923855e-01
1.353750000000e+01 8.819586047304e-03 1.731187266672e-01
1.355000000000e+01 8.848517142716e-03 1.744218664624e-01
1.356250000000e+01 8.878505008006e-03 1.757541814277e-01
1.357500000000e+01 8.909567187957e-03 1.771159271139e-01
1.358750000000e+01 8.941721122097e-03 1.785073426449e-01
1.360000000000e+01 8.974984066446e-03 1.799286482005e-01
1.361250000000e+01 9.009373007374e-03 1.813800422924e-01
1.362500000000e+01 9.044904567025e-03 1.828616988209e-01
1.363750000000e+01 9.081594899710e-03 1.843737638991e-01
1.365000000000e+01 9.119459578738e-03 1.859163524331e-01
1.366250000000e+01 9.158513473031e-03 1.874895444452e-01
1.367500000000e+01 9.198770613014e-03 1.890933811300e-01
1.368750000000e+01 9.240244045127e-03 1.907278606297e-01
1.370000000000e+01 9.282945674484e-03 1.923929335219e-01
1.371250000000e+01 9.326886095083e-03 1.940884980075e-01
1.372500000000e+01 9.372074407128e-03 1.958143947943e-01
1.373750000000e+01 9.418518021025e-03 1.975704016692e-01
1.375000000000e+01 9.466222447697e-03 1.993562277570e-01
1.376250000000e+01 9.515191074964e-03 2.011715074663e-01
1.377500000000e+01 9.565424929871e-03 2.030157941255e-01
1.378750000000e+01 9.616922426911e-03 2.048885533182e-01
1.380000000000e+01 9.669679102404e-03 2.067891559305e-01
1.381250000000e+01 9.723687335303e-03 2.087168709297e-01
1.382500000000e+01 9.778936055123e-03 2.106708579002e-01
1.383750000000e+01 9.835410437814e-03 2.126501593691e-01
1.385000000000e+01 9.893091590760e-03 2.146536929649e-01
1.386250000000e+01 9.951956228479e-03 2.166802434593e-01
1.387500000000e+01 1.001197634087e-02 2.187284547549e-01
1.388750000000e+01 1.007311885641e-02 2.207968218918e-01
1.390000000000e+01 1.013534530307e-02 2.228836831586e-01
1.391250000000e+01 1.019861147030e-02 2.249872124076e-01
1.392500000000e+01 1.026286707588e-02 2.271054116857e-01
1.393750000000e+01 1.032805544211e-02 2.292361043088e-01
1.395000000000e+01 1.039411318638e-02 2.313769285219e-01
1.396250000000e+01 1.046096993157e-02 2.335253319001e-01
1.397500000000e+01 1.052854804263e-02 2.356785666603e-01
1.398750000000e+01 1.059676239601e-02 2.378336860690e-01
1.400000000000e+01 1.066552018921e-02 2.399875421370e-01
1.401250000000e+01 1.073472079823e-02 2.421367848078e-01
1.402500000000e+01 1.080425569094e-02 2.442778628489e-01
1.403750000000e+01 1.087400840477e-02 2.464070266570e-01
1.405000000000e+01 1.094385459712e-02 2.485203331900e-01
1.406250000000e+01 1.101366217677e-02 2.506136532282e-01
1.407500000000e+01 1.108329152440e-02 2.526826811550e-01
1.408750000000e+01 1.115259580952e-02 2.547229474266e-01
1.410000000000e+01 1.122142141060e-02 2.567298338743e-01
1.411250000000e+01 1.128960844363e-02 2.586985919445e-01
1.412500000000e+01 1.135699140344e-02 2.606243639399e-01
1.413750000000e+01 1.142339991966e-02 2.625022072723e-01
1.415000000000e+01 1.148865962786e-02 2.643271216792e-01
1.416250000000e+01 1.155259315342e-02 2.660940792869e-01
1.417500000000e+01 1.161502120345e-02 2.677980573339e-01
1.418750000000e+01 1.167576375919e-02 2.694340732908e-01
1.420000000000e+01 1.173464135830e-02 2.709972220328e-01
1.421250000000e+01 1.179147645361e-02 2.724827146479e-01
1.422500000000e+01 1.184609483200e-02 2.738859183854e-01
1.423750000000e+01 1.189832707424e-02 2.752023971848e-01
1.425000000000e+01 1.194801003453e-02 2.764279521665e-01
1.426250000000e+01 1.199498831610e-02 2.775586614208e-01
1.427500000000e+01 1.203911571804e-02 2.785909184035e-01
1.428750000000e+01 1.208025662778e-02 2.795214682347e-01
1.430000000000e+01 1.211828733316e-02 2.803474412063e-01
1.431250000000e+01 1.215309722914e-02 2.810663828346e-01
1.432500000000e+01 1.218458989524e-02 2.816762798452e-01
1.433750000000e+01 1.221268402239e-02 2.821755815481e-01
1.435000000000e+01 1.223731417031e-02 2.825632161522e-01
1.436250000000e+01 1.225843134056e-02 2.828386016737e-01
1.437500000000e+01 1.227600335419e-02 2.830016512103e-01
1.438750000000e+01 1.229001502743e-02 2.830527724804e-01
1.440000000000e+01 1.230046814341e-02 2.829928616544e-01
1.441250000000e+01 1.230738122279e-02 2.828232916357e-01
1.442500000000e+01 1.231078910040e-02 2.825458950670e-01
1.443750000000e+01 1.231074231945e-02 2.821629424538e-01
1.445000000000e+01 1.230730635847e-02 2.816771158900e-01
1.446250000000e+01 1.230056070954e-02 2.810914789527e-01
1.447500000000e+01 1.229059782846e-02 2.804094433931e-01
1.448750000000e+01 1.227752197995e-02 2.796347332904e-01
1.450000000000e+01 1.226144800137e-02 2.787713473544e-01
1.451250000000e+01 1.224250000929e-02 2.778235200617e-01
1.452500000000e+01 1.222081007251e-02 2.767956822904e-01
1.453750000000e+01 1.219651687443e-02 2.756924220843e-01
1.455000000000e+01 1.216976438603e-02 2.745184461231e-01
1.456250000000e+01 1.214070056861e-02 2.732785424202e-01
1.457500000000e+01 1.210947612366e-02 2.719775446968e-01
1.458750000000e+01 1.207624330412e-02 2.706202988104e-01
1.460000000000e+01 1.204115479929e-02 2.692116315394e-01
1.461250000000e+01 1.200436270253e-02 2.677563219518e-01
1.462500000000e+01 1.196601756877e-02 2.662590755143e-01
1.463750000000e+01 1.192626756615e-02 2.647245010312e-01
1.465000000000e+01 1.188525772408e-02 2.631570904420e-01
1.466250000000e+01 1.184312927778e-02 2.615612014524e-01
1.467500000000e+01 1.180001910811e-02 2.599410429271e-01
1.468750000000e+01 1.175605927324e-02 2.583006629351e-01
1.470000000000e+01 1.171137662850e-02 2.566439393064e-01
1.471250000000e+01 1.166609252881e-02 2.549745725352e-01
1.472500000000e+01 1.162032260821e-02 2.532960808497e-01
1.473750000000e+01 1.157417663001e-02 2.516117972557e-01
1.475000000000e+01 1.152775840106e-02 2.499248683586e-01
1.476250000000e+01 1.148116574342e-02 2.482382547643e-01
1.477500000000e+01 1.143449051683e-02 2.465547328677e-01
1.478750000000e+01 1.138781868551e-02 2.448768978396e-01
1.480000000000e+01 1.134123042314e-02 2.432071676350e-01
1.481250000000e+01 1.129480024993e-02 2.415477878538e-01
1.482500000000e+01 1.124859719672e-02 2.399008373012e-01
1.483750000000e+01 1.120268499055e-02 2.382682341028e-01
1.485000000000e+01 1.115712225754e-02 2.366517422470e-01
1.486250000000e+01 1.111196273857e-02 2.350529784382e-01
1.487500000000e+01 1.106725551431e-02 2.334734191581e-01
1.488750000000e+01 1.102304523609e-02 2.319144078452e-01
1.490000000000e+01 1.097937235989e-02 2.303771621136e-01
1.491250000000e+01 1.093627338089e-02 2.288627809433e-01
1.492500000000e+01 1.089378106652e-02 2.273722517872e-01
1.493750000000e+01 1.085192468613e-02 2.259064575440e-01
1.495000000000e+01 1.081073023587e-02 2.244661833608e-01
1.496250000000e+01 1.077022065759e-02 2.230521232326e-01
1.497500000000e+01 1.073041605072e-02 2.216648863744e-01
1.498750000000e+01 1.069133387646e-02 2.203050033475e-01
1.500000000000e+01 1.065298915364e-02 2.189729319266e-01
1.501250000000e+01 1.061539464606e-02 2.176690626992e-01
1.502500000000e+01 1.057856104073e-02 2.163937243927e-01
1.503750000000e+01 1.054249711731e-02 2.151471889268e-01
1.505000000000e+01 1.050720990836e-02 2.139296761933e-01
1.506250000000e+01 1.047270485071e-02 2.127413585673e-01
1.507500000000e+01 1.043898592798e-02 2.115823651542e-01
1.508750000000e+01 1.040605580457e-02 2.104527857800e-01
1.510000000000e+01 1.037391595119e-02 2.093526747337e-01
1.511250000000e+01 1.034256676237e-02 2.082820542698e-01
1.512500000000e+01 1.031200766620e-02 2.072409178817e-01
1.513750000000e+01 1.028223722664e-02 2.062292333554e-01
1.515000000000e+01 1.025325323876e-02 2.052469456147e-01
1.516250000000e+01 1.022505281716e-02 2.042939793675e-01
1.517500000000e+01 1.019763247813e-02 2.033702415651e-01
1.518750000000e+01 1.017098821568e-02 2.024756236840e-01
1.520000000000e+01 1.014511557193e-02 2.016100038409e-01
1.521250000000e+01 1.012000970211e-02 2.007732487509e-01
1.522500000000e+01 1.009566543461e-02 1.999652155382e-01
1.523750000000e+01 1.007207732626e-02 1.991857534103e-01
1.525000000000e+01 1.004923971328e-02 1.984347052019e-01
1.526250000000e+01 1.002714675808e-02 1.977119088006e-01
1.527500000000e+01 1.000579249231e-02 1.970171984596e-01
1.528750000000e+01 9.985170856277e-03 1.963504060072e-01
1.530000000000e+01 9.965275735203e-03 1.957113619595e-01
1.531250000000e+01 9.946100992284e-03 1.950998965437e-01
1.532500000000e+01 9.927640499037e-03 1.945158406392e-01
1.533750000000e+01 9.909888162982e-03 1.939590266409e-01
1.535000000000e+01 9.892837952943e-03 1.934292892535e-01
1.536250000000e+01 9.876483922119e-03 1.929264662187e-01
1.537500000000e+01 9.860820229109e-03 1.924503989842e-01
1.538750000000e+01 9.845841157069e-03 1.920009333158e-01
1.540000000000e+01 9.831541131152e-03 1.915779198603e-01
1.541250000000e+01 9.817914734343e-03 1.911812146603e-01
1.542500000000e+01 9.804956721883e-03 1.908106796280e-01
1.543750000000e+01 9.792662034341e-03 1.904661829785e-01
1.545000000000e+01 9.781025809499e-03 1.901475996283e-01
1.546250000000e+01 9.770043393139e-03 1.898548115612e-01
1.547500000000e+01 9.759710348812e-03 1.895877081645e-01
1.548750000000e+01 9.750022466729e-03 1.893461865379e-01
1.550000000000e+01 9.740975771793e-03 1.891301517791e-01
1.551250000000e+01 9.732566530922e-03 1.889395172458e-01
1.552500000000e+01 9.724791259666e-03 1.887742047989e-01
1.553750000000e+01 9.717646728246e-03 1.886341450267e-01
1.555000000000e+01 9.711129967016e-03 1.885192774540e-01
1.556250000000e+01 9.705238271469e-03 1.884295507350e-01
1.557500000000e+01 9.699969206766e-03 1.883649228346e-01
1.558750000000e+01 9.695320611903e-03 1.883253611973e-01
1.560000000000e+01 9.691290603500e-03 1.883108429051e-01
1.561250000000e+01 9.687877579295e-03 1.883213548272e-01
1.562500000000e+01 9.685080221348e-03 1.883568937604e-01
1.563750000000e+01 9.682897498994e-03 1.884174665628e-01
1.565000000000e+01 9.681328671587e-03 1.885030902803e-01
1.566250000000e+01 9.680373291027e-03 1.886137922677e-01
1.567500000000e+01 9.680031204128e-03 1.887496103045e-01
1.568750000000e+01 9.680302554811e-03 1.889105927059e-01
1.570000000000e+01 9.681187786163e-03 1.890967984297e-01
1.571250000000e+01 9.682687642363e-03 1.893082971796e-01
1.572500000000e+01 9.684803170482e-03 1.895451695043e-01
1.573750000000e+01 9.687535722163e-03 1.898075068940e-01
1.575000000000e+01 9.690886955205e-03 1.900954118735e-01
1.576250000000e+01 9.694858835012e-03 1.904089980920e-01
1.577500000000e+01 9.699453635959e-03 1.907483904098e-01
1.578750000000e+01 9.704673942613e-03 1.911137249817e-01
1.580000000000e+01 9.710522650857e-03 1.915051493372e-01
1.581250000000e+01 9.717002968863e-03 1.919228224563e-01
1.582500000000e+01 9.724118417927e-03 1.923669148419e-01
1.583750000000e+01 9.731872833152e-03 1.928376085870e-01
1.585000000000e+01 9.740270363929e-03 1.933350974369e-01
1.586250000000e+01 9.749315474243e-03 1.938595868452e-01
1.587500000000e+01 9.759012942728e-03 1.944112940235e-01
1.588750000000e+01 9.769367862476e-03 1.949904479834e-01
1.590000000000e+01 9.780385640561e-03 1.955972895692e-01
1.591250000000e+01 9.792071997215e-03 1.962320714815e-01
1.592500000000e+01 9.804432964653e-03 1.968950582894e-01
1.593750000000e+01 9.817474885458e-03 1.975865264291e-01
1.595000000000e+01 9.831204410521e-03 1.983067641896e-01
1.596250000000e+01 9.845628496425e-03 1.990560716809e-01
1.597500000000e+01 9.860754402244e-03 1.998347607843e-01
1.598750000000e+01 9.876589685692e-03 2.006431550827e-01
1.600000000000e+01 9.893142198499e-03 2.014815897666e-01
1.601250000000e+01 9.910420080988e-03 2.023504115156e-01
1.602500000000e+01 9.928431755704e-03 2.032499783502e-01
1.603750000000e+01 9.947185920053e-03 2.041806594519e-01
1.605000000000e+01 9.966691537760e-03 2.051428349470e-01
1.606250000000e+01 9.986957829103e-03 2.061368956517e-01
1.607500000000e+01 1.000799425974e-02 2.071632427718e-01
1.608750000000e+01 1.002981052802e-02 2.082222875547e-01
1.610000000000e+01 1.005241655056e-02 2.093144508870e-01
1.611250000000e+01 1.007582244601e-02 2.104401628322e-01
1.612500000000e+01 1.010003851674e-02 2.115998621038e-01
1.613750000000e+01 1.012507522825e-02 2.127939954646e-01
1.615000000000e+01 1.015094318620e-02 2.140230170481e-01
1.616250000000e+01 1.017765311066e-02 2.152873875915e-01
1.617500000000e+01 1.020521580743e-02 2.165875735730e-01
1.618750000000e+01 1.023364213616e-02 2.179240462453e-01
1.620000000000e+01 1.026294297492e-02 2.192972805530e-01
1.621250000000e+01 1.029312918099e-02 2.207077539259e-01
1.622500000000e+01 1.032421154741e-02 2.221559449347e-01
1.623750000000e+01 1.035620075508e-02 2.236423317979e-01
1.625000000000e+01 1.038910731989e-02 2.251673907271e-01
1.626250000000e+01 1.042294153458e-02 2.267315940951e-01
1.627500000000e+01 1.045771340481e-02 2.283354084134e-01
1.628750000000e+01 1.049343257907e-02 2.299792921023e-01
1.630000000000e+01 1.053010827180e-02 2.316636930363e-01
1.631250000000e+01 1.056774917940e-02 2.333890458476e-01
1.632500000000e+01 1.060636338846e-02 2.351557689683e-01
1.633750000000e+01 1.064595827567e-02 2.369642613910e-01
1.635000000000e+01 1.068654039891e-02 2.388148991273e-01
1.636250000000e+01 1.072811537880e-02 2.407080313427e-01
1.637500000000e+01 1.077068777026e-02 2.426439761447e-01
1.638750000000e+01 1.081426092326e-02 2.446230160010e-01
1.640000000000e+01 1.085883683237e-02 2.466453927650e-01
1.641250000000e+01 1.090441597429e-02 2.487113022834e-01
1.642500000000e+01 1.095099713290e-02 2.508208885627e-01
1.643750000000e+01 1.099857721117e-02 2.529742374712e-01
1.645000000000e+01 1.104715102942e-02 2.551713699522e-01
1.646250000000e+01 1.109671110949e-02 2.574122347290e-01
1.647500000000e+01 1.114724744435e-02 2.596967004792e-01
1.648750000000e+01 1.119874725281e-02 2.620245474625e-01
1.650000000000e+01 1.125119471931e-02 2.643954585865e-01
1.651250000000e+01 1.130457071849e-02 2.668090099019e-01
1.652500000000e+01 1.135885252488e-02 2.692646605191e-01
1.653750000000e+01 1.141401350803e-02 2.717617419506e-01
1.655000000000e+01 1.147002281352e-02 2.742994468860e-01
1.656250000000e+01 1.152684503104e-02 2.768768174175e-01
1.657500000000e+01 1.158443985058e-02 2.794927327455e-01
1.658750000000e+01 1.164276170849e-02 2.821458964051e-01
1.660000000000e+01 1.170175942551e-02 2.848348230680e-01
1.661250000000e+01 1.176137583939e-02 2.875578249934e-01
1.662500000000e+01 1.182154743539e-02 2.903129982171e-01
1.663750000000e+01 1.188220397833e-02 2.930982085910e-01
1.665000000000e+01 1.194326815092e-02 2.959110778065e-01
1.666250000000e+01 1.200465520352e-02 2.987489695612e-01
1.667500000000e+01 1.206627262134e-02 3.016089760550e-01
1.668750000000e+01 1.212801981610e-02 3.044879050311e-01
1.670000000000e+01 1.218978784969e-02 3.073822676042e-01
1.671250000000e+01 1.225145919851e-02 3.102882671536e-01
1.672500000000e+01 1.231290756773e-02 3.132017895844e-01
1.673750000000e+01 1.237399776566e-02 3.161183952932e-01
1.675000000000e+01 1.243458564887e-02 3.190333132004e-01
1.676250000000e+01 1.249451814958e-02 3.219414372353e-01
1.677500000000e+01 1.255363339663e-02 3.248373256803e-01
1.678750000000e+01 1.261176094215e-02 3.277152037932e-01
1.680000000000e+01 1.266872210522e-02 3.305689701289e-01
1.681250000000e+01 1.272433044377e-02 3.333922069788e-01
1.682500000000e+01 1.277839236484e-02 3.361781953256e-01
1.683750000000e+01 1.283070788207e-02 3.389199346789e-01
1.685000000000e+01 1.288107152733e-02 3.416101681097e-01
1.686250000000e+01 1.292927342118e-02 3.442414127336e-01
1.687500000000e+01 1.297510050401e-02 3.468059958122e-01
1.688750000000e+01 1.301833792604e-02 3.492960965355e-01
1.690000000000e+01 1.305877059080e-02 3.517037934318e-01
1.691250000000e+01 1.309618484221e-02 3.540211172110e-01
1.692500000000e+01 1.313037028086e-02 3.562401087005e-01
1.693750000000e+01 1.316112169011e-02 3.583528813688e-01
1.695000000000e+01 1.318824104811e-02 3.603516877675e-01
1.696250000000e+01 1.321153959677e-02 3.622289890571e-01
1.697500000000e+01 1.323083993461e-02 3.639775266217e-01
1.698750000000e+01 1.324597809686e-02 3.655903946365e-01
1.700000000000e+01 1.325680558290e-02 3.670611123285e-01
1.701250000000e+01 1.326319128965e-02 3.683836945794e-01
1.702500000000e+01 1.326502330874e-02 3.695527194657e-01
1.703750000000e+01 1.326221054593e-02 3.705633913158e-01
1.705000000000e+01 1.325468412359e-02 3.714115978988e-01
1.706250000000e+01 1.324239853057e-02 3.720939604398e-01
1.707500000000e+01 1.322533248872e-02 3.726078752857e-01
1.708750000000e+01 1.320348951179e-02 3.729515462197e-01
1.710000000000e+01 1.317689813951e-02 3.731240066350e-01
1.711250000000e+01 1.314561183777e-02 3.731251310241e-01
1.712500000000e+01 1.310970856462e-02 3.729556355060e-01
1.713750000000e+01 1.306929000983e-02 3.726170673932e-01
1.715000000000e+01 1.302448052476e-02 3.721117840758e-01
1.716250000000e+01 1.297542576638e-02 3.714429217698e-01
1.717500000000e+01 1.292229108656e-02 3.706143549151e-01
1.718750000000e+01 1.286525970298e-02 3.696306472239e-01
1.720000000000e+01 1.280453069255e-02 3.684969955481e-01
1.721250000000e+01 1.274031685058e-02 3.672191678633e-01
1.722500000000e+01 1.267284246058e-02 3.658034367447e-01
1.723750000000e+01 1.260234101890e-02 3.642565097409e-01
1.725000000000e+01 1.252905295709e-02 3.625854580386e-01
1.726250000000e+01 1.245322340184e-02 3.607976447544e-01
1.727500000000e+01 1.237510000864e-02 3.589006540983e-01
1.728750000000e+01 1.229493090078e-02 3.569022225335e-01
1.730000000000e+01 1.221296273997e-02 3.548101729135e-01
1.731250000000e+01 1.212943894997e-02 3.526323524233e-01
1.732500000000e+01 1.204459810881e-02 3.503765749869e-01
1.733750000000e+01 1.195867252027e-02 3.480505686397e-01
1.735000000000e+01 1.187188697015e-02 3.456619282085e-01
1.736250000000e+01 1.178445766857e-02 3.432180734917e-01
1.737500000000e+01 1.169659137552e-02 3.407262130004e-01
1.738750000000e+01 1.160848470355e-02 3.381933132015e-01
1.740000000000e+01 1.152032358868e-02 3.356260731044e-01
1.741250000000e+01 1.143228291867e-02 3.330309039503e-01
1.742500000000e+01 1.134452630600e-02 3.304139136995e-01
1.743750000000e+01 1.125720599193e-02 3.277808959615e-01
1.745000000000e+01 1.117046286765e-02 3.251373229848e-01
1.746250000000e+01 1.108442659810e-02 3.224883423002e-01
1.747500000000e+01 1.099921583439e-02 3.198387766096e-01
1.748750000000e+01 1.091493850124e-02 3.171931265114e-01
1.750000000000e+01 1.083169214651e-02 3.145555756695e-01
1.751250000000e+01 1.074956434076e-02 3.119299980482e-01
1.752500000000e+01 1.066863311574e-02 3.093199668606e-01
1.753750000000e+01 1.058896743176e-02 3.067287649023e-01
1.755000000000e+01 1.051062766501e-02 3.041593959720e-01
1.756250000000e+01 1.043366610669e-02 3.016145971107e-01
1.757500000000e+01 1.035812746730e-02 2.990968514170e-01
1.758750000000e+01 1.028404937991e-02 2.966084012303e-01
1.760000000000e+01 1.021146289754e-02 2.941512614958e-01
1.761250000000e+01 1.014039298044e-02 2.917272331552e-01
1.762500000000e+01 1.007085896978e-02 2.893379164293e-01
1.763750000000e+01 1.000287504526e-02 2.869847238815e-01
1.765000000000e+01 9.936450664320e-03 2.846688931717e-01
1.766250000000e+01 9.871590981590e-03 2.823914994266e-01
1.767500000000e+01 9.808297247466e-03 2.801534671723e-01
1.768750000000e+01 9.746567185141e-03 2.779555817828e-01
1.770000000000e+01 9.686395345843e-03 2.757985004181e-01
1.771250000000e+01 9.627773442232e-03 2.736827624288e-01
1.772500000000e+01 9.570690660231e-03 2.716087992189e-01
1.773750000000e+01 9.515133949649e-03 2.695769435614e-01
1.775000000000e+01 9.461088294283e-03 2.675874383717e-01
1.776250000000e+01 9.408536962125e-03 2.656404449456e-01
1.777500000000e+01 9.357461736517e-03 2.637360506748e-01
1.778750000000e+01 9.307843129104e-03 2.618742762554e-01
1.780000000000e+01 9.259660575482e-03 2.600550824075e-01
1.781250000000e+01 9.212892614516e-03 2.582783761253e-01
1.782500000000e+01 9.167517052240e-03 2.565440164798e-01
1.783750000000e+01 9.123511111263e-03 2.548518199953e-01
1.785000000000e+01 9.080851566668e-03 2.532015656226e-01
1.786250000000e+01 9.039514869250e-03 2.515929993310e-01
1.787500000000e+01 8.999477257004e-03 2.500258383419e-01
1.788750000000e+01 8.960714855711e-03 2.484997750260e-01
1.790000000000e+01 8.923203769414e-03 2.470144804845e-01
1.791250000000e+01 8.886920161595e-03 2.455696078369e-01
1.792500000000e+01 8.851840327710e-03 2.441647952334e-01
1.793750000000e+01 8.817940759882e-03 2.427996686127e-01
1.795000000000e+01 8.785198204312e-03 2.414738442227e-01
1.796250000000e+01 8.753589712073e-03 2.401869309206e-01
1.797500000000e+01 8.723092683843e-03 2.389385322710e-01
1.798750000000e+01 8.693684909098e-03 2.377282484553e-01
1.800000000000e+01 8.665344600307e-03 2.365556780080e-01
1.801250000000e+01 8.638050422551e-03 2.354204193938e-01
1.802500000000e+01 8.611781519000e-03 2.343220724377e-01
1.803750000000e+01 8.586517532684e-03 2.332602396207e-01
1.805000000000e+01 8.562238624867e-03 2.322345272511e-01
1.806250000000e+01 8.538925490423e-03 2.312445465237e-01
1.807500000000e+01 8.516559370473e-03 2.302899144752e-01
1.808750000000e+01 8.495122062613e-03 2.293702548449e-01
1.810000000000e+01 8.474595928989e-03 2.284851988495e-01
1.811250000000e+01 8.454963902413e-03 2.276343858797e-01
1.812500000000e+01 8.436209490827e-03 2.268174641254e-01
1.813750000000e+01 8.418316780251e-03 2.260340911367e-01
1.815000000000e+01 8.401270436418e-03 2.252839343260e-01
1.816250000000e+01 8.385055705305e-03 2.245666714179e-01
1.817500000000e+01 8.369658412625e-03 2.238819908512e-01
1.818750000000e+01 8.355064962531e-03 2.232295921383e-01
1.820000000000e+01 8.341262335588e-03 2.226091861865e-01
1.821250000000e+01 8.328238086137e-03 2.220204955849e-01
1.822500000000e+01 8.315980339201e-03 2.214632548612e-01
1.823750000000e+01 8.304477786967e-03 2.209372107114e-01
1.825000000000e+01 8.293719684997e-03 2.204421222059e-01
1.826250000000e+01 8.283695848189e-03 2.199777609748e-01
1.827500000000e+01 8.274396646603e-03 2.195439113755e-01
1.828750000000e+01 8.265813001211e-03 2.191403706440e-01
1.830000000000e+01 8.257936379601e-03 2.187669490340e-01
1.831250000000e+01 8.250758791725e-03 2.184234699441e-01
1.832500000000e+01 8.244272785725e-03 2.181097700367e-01
1.833750000000e+01 8.238471443878e-03 2.178256993483e-01
1.835000000000e+01 8.233348378727e-03 2.175711213960e-01
1.836250000000e+01 8.228897729368e-03 2.173459132780e-01
1.837500000000e+01 8.225114158017e-03 2.171499657728e-01
1.838750000000e+01 8.221992846818e-03 2.169831834367e-01
1.840000000000e+01 8.219529494958e-03 2.168454847006e-01
1.841250000000e+01 8.217720316082e-03 2.167368019688e-01
1.842500000000e+01 8.216562036060e-03 2.166570817193e-01
1.843750000000e+01 8.216051891127e-03 2.166062846069e-01
1.845000000000e+01 8.216187626374e-03 2.165843855713e-01
1.846250000000e+01 8.216967494676e-03 2.165913739489e-01
1.847500000000e+01 8.218390256010e-03 2.166272535914e-01
1.848750000000e+01 8.220455177217e-03 2.166920429896e-01
1.850000000000e+01 8.223162032205e-03 2.167857754052e-01
1.851250000000e+01 8.226511102614e-03 2.169084990108e-01
1.852500000000e+01 8.230503178953e-03 2.170602770367e-01
1.853750000000e+01 8.235139562241e-03 2.172411879290e-01
1.855000000000e+01 8.240422066102e-03 2.174513255152e-01
1.856250000000e+01 8.246353019407e-03 2.176907991817e-01
1.857500000000e+01 8.252935269422e-03 2.179597340610e-01
1.858750000000e+01 8.260172185484e-03 2.182582712305e-01
1.860000000000e+01 8.268067663217e-03 2.185865679230e-01
1.861250000000e+01 8.276626129291e-03 2.189447977493e-01
1.862500000000e+01 8.285852546746e-03 2.193331509336e-01
1.863750000000e+01 8.295752420891e-03 2.197518345615e-01
1.865000000000e+01 8.306331805758e-03 2.202010728419e-01
1.866250000000e+01 8.317597311166e-03 2.206811073829e-01
1.867500000000e+01 8.329556110350e-03 2.211921974808e-01
1.868750000000e+01 8.342215948229e-03 2.217346204252e-01
1.870000000000e+01 8.355585150245e-03 2.223086718177e-01
1.871250000000e+01 8.369672631842e-03 2.229146659066e-01
1.872500000000e+01 8.384487908578e-03 2.235529359363e-01
1.873750000000e+01 8.400041106830e-03 2.242238345134e-01
1.875000000000e+01 8.416342975172e-03 2.249277339876e-01
1.876250000000e+01 8.433404896380e-03 2.256650268494e-01
1.877500000000e+01 8.451238900076e-03 2.264361261442e-01
1.878750000000e+01 8.469857676039e-03 2.272414659018e-01
1.880000000000e+01 8.489274588131e-03 2.280815015829e-01
1.881250000000e+01 8.509503688905e-03 2.289567105423e-01
1.882500000000e+01 8.530559734850e-03 2.298675925072e-01
1.883750000000e+01 8.552458202263e-03 2.308146700725e-01
1.885000000000e+01 8.575215303785e-03 2.317984892113e-01
1.886250000000e+01 8.598848005532e-03 2.328196198013e-01
1.887500000000e+01 8.623374044872e-03 2.338786561652e-01
1.888750000000e+01 8.648811948774e-03 2.349762176262e-01
1.890000000000e+01 8.675181052746e-03 2.361129490767e-01
1.891250000000e+01 8.702501520327e-03 2.372895215591e-01
1.892500000000e+01 8.730794363094e-03 2.385066328582e-01
1.893750000000e+01 8.760081461147e-03 2.397650081037e-01
1.895000000000e+01 8.790385584043e-03 2.410654003806e-01
1.896250000000e+01 8.821730412103e-03 2.424085913460e-01
1.897500000000e+01 8.854140558070e-03 2.437953918505e-01
1.898750000000e+01 8.887641588963e-03 2.452266425600e-01
1.900000000000e+01 8.922260048154e-03 2.467032145771e-01
1.901250000000e+01 8.958023477479e-03 2.482260100568e-01
1.902500000000e+01 8.994960439319e-03 2.497959628130e-01
1.903750000000e+01 9.033100538503e-03 2.514140389119e-01
1.905000000000e+01 9.072474443874e-03 2.530812372458e-01
1.906250000000e+01 9.113113909394e-03 2.547985900826e-01
1.907500000000e+01 9.155051794524e-03 2.565671635834e-01
1.908750000000e+01 9.198322083728e-03 2.583880582802e-01
1.910000000000e+01 9.242959904804e-03 2.602624095063e-01
1.911250000000e+01 9.289001545773e-03 2.621913877677e-01
1.912500000000e+01 9.336484470000e-03 2.641761990459e-01
1.913750000000e+01 9.385447329204e-03 2.662180850182e-01
1.915000000000e+01 9.435929973905e-03 2.683183231825e-01
1.916250000000e+01 9.487973460907e-03 2.704782268697e-01
1.917500000000e+01 9.541620057210e-03 2.726991451253e-01
1.918750000000e+01 9.596913239860e-03 2.749824624420e-01
1.920000000000e+01 9.653897691012e-03 2.773295983184e-01
1.921250000000e+01 9.712619287525e-03 2.797420066201e-01
1.922500000000e+01 9.773125084186e-03 2.822211747136e-01
1.923750000000e+01 9.835463289744e-03 2.847686223425e-01
1.925000000000e+01 9.899683234642e-03 2.873859002107e-01
1.926250000000e+01 9.965835329353e-03 2.900745882319e-01
1.927500000000e+01 1.003397101202e-02 2.928362934034e-01
1.928750000000e+01 1.010414268395e-02 2.956726472551e-01
1.930000000000e+01 1.017640363153e-02 2.985853028197e-01
1.931250000000e+01 1.025080793257e-02 3.015759310639e-01
1.932500000000e+01 1.032741034541e-02 3.046462167172e-01
1.933750000000e+01 1.040626617848e-02 3.077978534223e-01
1.935000000000e+01 1.048743113809e-02 3.110325381303e-01
1.936250000000e+01 1.057096115170e-02 3.143519646508e-01
1.937500000000e+01 1.065691216413e-02 3.177578162629e-01
1.938750000000e+01 1.074533990330e-02 3.212517572801e-01
1.940000000000e+01 1.083629961242e-02 3.248354234571e-01
1.941250000000e+01 1.092984574478e-02 3.285104111141e-01
1.942500000000e+01 1.102603161734e-02 3.322782648444e-01
1.943750000000e+01 1.112490901882e-02 3.361404636642e-01
1.945000000000e+01 1.122652776776e-02 3.400984054490e-01
1.946250000000e+01 1.133093521578e-02 3.441533894963e-01
1.947500000000e+01 1.143817569090e-02 3.483065970424e-01
1.948750000000e+01 1.154828987565e-02 3.525590695553e-01
1.950000000000e+01 1.166131411445e-02 3.569116846194e-01
1.951250000000e+01 1.177727964474e-02 3.613651292242e-01
1.952500000000e+01 1.189621174603e-02 3.659198702696e-01
1.953750000000e+01 1.201812880153e-02 3.705761221037e-01
1.955000000000e+01 1.214304126699e-02 3.753338109182e-01
1.956250000000e+01 1.227095054174e-02 3.801925358436e-01
1.957500000000e+01 1.240184773803e-02 3.851515266075e-01
1.958750000000e+01 1.253571234517e-02 3.902095976570e-01
1.960000000000e+01 1.267251078657e-02 3.953650986880e-01
1.961250000000e+01 1.281219486963e-02 4.006158615878e-01
1.962500000000e+01 1.295470013019e-02 4.059591438688e-01
1.963750000000e+01 1.309994407636e-02 4.113915687706e-01
1.965000000000e+01 1.324782433968e-02 4.169090623195e-01
1.966250000000e+01 1.339821674569e-02 4.225067877760e-01
1.967500000000e+01 1.355097332065e-02 4.281790780634e-01
1.968750000000e+01 1.370592025683e-02 4.339193669625e-01
1.970000000000e+01 1.386285586491e-02 4.397201200738e-01
1.971250000000e+01 1.402154854944e-02 4.455727667946e-01
1.972500000000e+01 1.418173485085e-02 4.514676348226e-01
1.973750000000e+01 1.434311760603e-02 4.573938889884e-01
1.975000000000e+01 1.450536428833e-02 4.633394765158e-01
1.976250000000e+01 1.466810559645e-02 4.692910811077e-01
1.977500000000e+01 1.483093437050e-02 4.752340885474e-01
1.978750000000e+01 1.499340492080e-02 4.811525667572e-01
1.980000000000e+01 1.515503286141e-02 4.870292634649e-01
1.981250000000e+01 1.531529554424e-02 4.928456247542e-01
1.982500000000e+01 1.547363319030e-02 4.985818377940e-01
1.983750000000e+01 1.562945081158e-02 5.042169009287e-01
1.985000000000e+01 1.578212100925e-02 5.097287240234e-01
1.986250000000e+01 1.593098771994e-02 5.150942614834e-01
1.987500000000e+01 1.607537096223e-02 5.202896796730e-01
1.988750000000e+01 1.621457260889e-02 5.252905595395e-01
1.990000000000e+01 1.634788317721e-02 5.300721341032e-01
1.991250000000e+01 1.647458959093e-02 5.346095591283e-01
1.992500000000e+01 1.659398382322e-02 5.388782137799e-01
1.993750000000e+01 1.670537228352e-02 5.428540264589e-01
1.995000000000e+01 1.680808576315e-02 5.465138193840e-01
1.996250000000e+01 1.690148971012e-02 5.498356639462e-01
1.997500000000e+01 1.698499456389e-02 5.527992375228e-01
1.998750000000e+01 1.705806585058e-02 5.553861714174e-01
2.000000000000e+01 1.712023372187e-02 5.575803789958e-01
2.001250000000e+01 1.717110161732e-02 5.593683530138e-01
2.002500000000e+01 1.721035374443e-02 5.607394216311e-01
2.003750000000e+01 1.723776110147e-02 5.616859536975e-01
2.005000000000e+01 1.725318581591e-02 5.622035055457e-01
2.006250000000e+01 1.725658363262e-02 5.622909036607e-01
2.007500000000e+01 1.724800445824e-02 5.619502600829e-01
2.008750000000e+01 1.722759094600e-02 5.611869200893e-01
2.010000000000e+01 1.719557518399e-02 5.600093444126e-01
2.011250000000e+01 1.715227362465e-02 5.584289308152e-01
2.012500000000e+01 1.709808045801e-02 5.564597820758e-01
2.013750000000e+01 1.703345968410e-02 5.541184292402e-01
2.015000000000e+01 1.695893617634e-02 5.514235202396e-01
2.016250000000e+01 1.687508604752e-02 5.483954846514e-01
2.017500000000e+01 1.678252663327e-02 5.450561854678e-01
2.018750000000e+01 1.668190639514e-02 5.414285683031e-01
2.020000000000e+01 1.657389502024e-02 5.375363175833e-01
2.021250000000e+01 1.645917395892e-02 5.334035280329e-01
2.022500000000e+01 1.633842759933e-02 5.290543983140e-01
2.023750000000e+01 1.621233523275e-02 5.245129520977e-01
2.025000000000e+01 1.608156391697e-02 5.198027902629e-01
2.026250000000e+01 1.594676230142e-02 5.149468764032e-01
2.027500000000e+01 1.580855543814e-02 5.099673564558e-01
2.028750000000e+01 1.566754056795e-02 5.048854120862e-01
2.030000000000e+01 1.552428384366e-02 4.997211464907e-01
2.031250000000e+01 1.537931792979e-02 4.944935005358e-01
2.032500000000e+01 1.523314040315e-02 4.892201966131e-01
2.033750000000e+01 1.508621286861e-02 4.839177072525e-01
2.035000000000e+01 1.493896069929e-02 4.786012453624e-01
2.036250000000e+01 1.479177330966e-02 4.732847729384e-01
2.037500000000e+01 1.464500487254e-02 4.679810251667e-01
2.038750000000e+01 1.449897539563e-02 4.627015470134e-01
2.040000000000e+01 1.435397208012e-02 4.574567396207e-01
2.041250000000e+01 1.421025089110e-02 4.522559140921e-01
2.042500000000e+01 1.406803827817e-02 4.471073505312e-01
2.043750000000e+01 1.392753299262e-02 4.420183604837e-01
2.045000000000e+01 1.378890795558e-02 4.369953512092e-01
2.046250000000e+01 1.365231213942e-02 4.320438904721e-01
2.047500000000e+01 1.351787243134e-02 4.271687707807e-01
2.048750000000e+01 1.338569545466e-02 4.223740722237e-01
2.050000000000e+01 1.325586932872e-02 4.176632232407e-01
2.051250000000e+01 1.312846535334e-02 4.130390588368e-01
2.052500000000e+01 1.300353960763e-02 4.085038758867e-01
2.053750000000e+01 1.288113445666e-02 4.040594853000e-01
2.055000000000e+01 1.276127996242e-02 3.997072609147e-01
2.056250000000e+01 1.264399519746e-02 3.954481850681e-01
2.057500000000e+01 1.252928946193e-02 3.912828908590e-01
2.058750000000e+01 1.241716340591e-02 3.872117011635e-01
2.060000000000e+01 1.230761006002e-02 3.832346645081e-01
2.061250000000e+01 1.220061577822e-02 3.793515879280e-01
2.062500000000e+01 1.209616109721e-02 3.755620669607e-01
2.063750000000e+01 1.199422151726e-02 3.718655129370e-01
2.065000000000e+01 1.189476820929e-02 3.682611777377e-01
2.066250000000e+01 1.179776865334e-02 3.647481761879e-01
2.067500000000e+01 1.170318721345e-02 3.613255062592e-01
2.068750000000e+01 1.161098565378e-02 3.579920672464e-01
2.070000000000e+01 1.152112360070e-02 3.547466760808e-01
2.071250000000e+01 1.143355895541e-02 3.515880819337e-01
2.072500000000e+01 1.134824826130e-02 3.485149792571e-01
2.073750000000e+01 1.126514703017e-02 3.455260193991e-01
2.075000000000e+01 1.118421003099e-02 3.426198209234e-01
2.076250000000e+01 1.110539154471e-02 3.397949787533e-01
2.077500000000e+01 1.102864558851e-02 3.370500722507e-01
2.078750000000e+01 1.095392611227e-02 3.343836723344e-01
2.080000000000e+01 1.088118717018e-02 3.317943477309e-01
2.081250000000e+01 1.081038306994e-02 3.292806704458e-01
2.082500000000e+01 1.074146850186e-02 3.268412205331e-01
2.083750000000e+01 1.067439865005e-02 3.244745902378e-01
2.085000000000e+01 1.060912928743e-02 3.221793875750e-01
2.086250000000e+01 1.054561685650e-02 3.199542394061e-01
2.087500000000e+01 1.048381853730e-02 3.177977940669e-01
2.088750000000e+01 1.042369230408e-02 3.157087235963e-01
2.090000000000e+01 1.036519697184e-02 3.136857256098e-01
2.091250000000e+01 1.030829223405e-02 3.117275248576e-01
2.092500000000e+01 1.025293869245e-02 3.098328745042e-01
2.093750000000e+01 1.019909788001e-02 3.080005571608e-01
2.095000000000e+01 1.014673227771e-02 3.062293857004e-01
2.096250000000e+01 1.009580532609e-02 3.045182038821e-01
2.097500000000e+01 1.004628143207e-02 3.028658868062e-01
2.098750000000e+01 9.998125971804e-03 3.012713412242e-01
2.100000000000e+01 9.951305289971e-03 2.997335057190e-01
2.101250000000e+01 9.905786696048e-03 2.982513507751e-01
2.102500000000e+01 9.861538458014e-03 2.968238787517e-01
2.103750000000e+01 9.818529793822e-03 2.954501237734e-01
2.105000000000e+01 9.776730860991e-03 2.941291515493e-01
2.106250000000e+01 9.736112744647e-03 2.928600591328e-01
2.107500000000e+01 9.696647444240e-03 2.916419746287e-01
2.108750000000e+01 9.658307859222e-03 2.904740568593e-01
2.110000000000e+01 9.621067773819e-03 2.893554949942e-01
2.111250000000e+01 9.584901841179e-03 2.882855081518e-01
2.112500000000e+01 9.549785566979e-03 2.872633449775e-01
2.113750000000e+01 9.515695292684e-03 2.862882832047e-01
2.115000000000e+01 9.482608178548e-03 2.853596292017e-01
2.116250000000e+01 9.450502186483e-03 2.844767175092e-01
2.117500000000e+01 9.419356062912e-03 2.836389103725e-01
2.118750000000e+01 9.389149321643e-03 2.828455972700e-01
2.120000000000e+01 9.359862226874e-03 2.820961944413e-01
2.121250000000e+01 9.331475776386e-03 2.813901444170e-01
2.122500000000e+01 9.303971684956e-03 2.807269155532e-01
2.123750000000e+01 9.277332368052e-03 2.801060015699e-01
2.125000000000e+01 9.251540925861e-03 2.795269210974e-01
2.126250000000e+01 9.226581127644e-03 2.789892172301e-01
2.127500000000e+01 9.202437396504e-03 2.784924570894e-01
2.128750000000e+01 9.179094794507e-03 2.780362313962e-01
2.130000000000e+01 9.156539008260e-03 2.776201540542e-01
2.131250000000e+01 9.134756334902e-03 2.772438617435e-01
2.132500000000e+01 9.113733668546e-03 2.769070135257e-01
2.133750000000e+01 9.093458487165e-03 2.766092904606e-01
2.135000000000e+01 9.073918839926e-03 2.763503952341e-01
2.136250000000e+01 9.055103334999e-03 2.761300517983e-01
2.137500000000e+01 9.037001127812e-03 2.759480050228e-01
2.138750000000e+01 9.019601909760e-03 2.758040203572e-01
2.140000000000e+01 9.002895897382e-03 2.756978835056e-01
2.141250000000e+01 8.986873821962e-03 2.756294001116e-01
2.142500000000e+01 8.971526919608e-03 2.755983954537e-01
2.143750000000e+01 8.956846921730e-03 2.756047141515e-01
2.145000000000e+01 8.942826045973e-03 2.756482198815e-01
2.146250000000e+01 8.929456987566e-03 2.757287951015e-01
2.147500000000e+01 8.916732911061e-03 2.758463407849e-01
2.148750000000e+01 8.904647442489e-03 2.760007761618e-01
2.150000000000e+01 8.893194661898e-03 2.761920384681e-01
2.151250000000e+01 8.882369096256e-03 2.764200827011e-01
2.152500000000e+01 8.872165712737e-03 2.766848813808e-01
2.153750000000e+01 8.862579912308e-03 2.769864243161e-01
2.155000000000e+01 8.853607523692e-03 2.773247183750e-01
2.156250000000e+01 8.845244797624e-03 2.776997872577e-01
2.157500000000e+01 8.837488401394e-03 2.781116712714e-01
2.158750000000e+01 8.830335413692e-03 2.785604271063e-01
2.160000000000e+01 8.823783319681e-03 2.790461276110e-01
2.161250000000e+01 8.817830006343e-03 2.795688615655e-01
2.162500000000e+01 8.812473758006e-03 2.801287334514e-01
2.163750000000e+01 8.807713252082e-03 2.807258632179e-01
2.165000000000e+01 8.803547554980e-03 2.813603860402e-01
2.166250000000e+01 8.799976118141e-03 2.820324520712e-01
2.167500000000e+01 8.796998774192e-03 2.827422261821e-01
2.168750000000e+01 8.794615733187e-03 2.834898876919e-01
2.170000000000e+01 8.792827578895e-03 2.842756300825e-01
2.171250000000e+01 8.791635265111e-03 2.850996606979e-01
2.172500000000e+01 8.791040111917e-03 2.859622004240e-01
2.173750000000e+01 8.791043801910e-03 2.868634833477e-01
2.175000000000e+01 8.791648376312e-03 2.878037563920e-01
2.176250000000e+01 8.792856230926e-03 2.887832789232e-01
2.177500000000e+01 8.794670111892e-03 2.898023223285e-01
2.178750000000e+01 8.797093111174e-03 2.908611695600e-01
2.180000000000e+01 8.800128661758e-03 2.919601146403e-01
2.181250000000e+01 8.803780532440e-03 2.930994621281e-01
2.182500000000e+01 8.808052822186e-03 2.942795265372e-01
2.183750000000e+01 8.812949953987e-03 2.955006317059e-01
2.185000000000e+01 8.818476668081e-03 2.967631101117e-01
2.186250000000e+01 8.824638014525e-03 2.980673021255e-01
2.187500000000e+01 8.831439344986e-03 2.994135552008e-01
2.188750000000e+01 8.838886303651e-03 3.008022229912e-01
2.190000000000e+01 8.846984817198e-03 3.022336643907e-01
2.191250000000e+01 8.855741083627e-03 3.037082424895e-01
2.192500000000e+01 8.865161559932e-03 3.052263234385e-01
2.193750000000e+01 8.875252948413e-03 3.067882752153e-01
2.195000000000e+01 8.886022181525e-03 3.083944662832e-01
2.196250000000e+01 8.897476405096e-03 3.100452641356e-01
2.197500000000e+01 8.909622959771e-03 3.117410337157e-01
2.198750000000e+01 8.922469360510e-03 3.134821357032e-01
2.200000000000e+01 8.936023273974e-03 3.152689246580e-01
2.201250000000e+01 8.950292493567e-03 3.171017470101e-01
2.202500000000e+01 8.965284912014e-03 3.189809388852e-01
2.203750000000e+01 8.981008491168e-03 3.209068237541e-01
2.205000000000e+01 8.997471228917e-03 3.228797098958e-01
2.206250000000e+01 9.014681122885e-03 3.248998876599e-01
2.207500000000e+01 9.032646130732e-03 3.269676265172e-01
2.208750000000e+01 9.051374126796e-03 3.290831718854e-01
2.210000000000e+01 9.070872854770e-03 3.312467417166e-01
2.211250000000e+01 9.091149876213e-03 3.334585228326e-01
2.212500000000e+01 9.112212514576e-03 3.357186669959e-01
2.213750000000e+01 9.134067794457e-03 3.380272867019e-01
2.215000000000e+01 9.156722375852e-03 3.403844506802e-01
2.216250000000e+01 9.180182483030e-03 3.427901790901e-01
2.217500000000e+01 9.204453827843e-03 3.452444384014e-01
2.218750000000e+01 9.229541527153e-03 3.477471359452e-01
2.220000000000e+01 9.255450014083e-03 3.502981141278e-01
2.221250000000e+01 9.282182942924e-03 3.528971442966e-01
2.222500000000e+01 9.309743087383e-03 3.555439202520e-01
2.223750000000e+01 9.338132232053e-03 3.582380513992e-01
2.225000000000e+01 9.367351056881e-03 3.609790555398e-01
2.226250000000e+01 9.397399014576e-03 3.637663513013e-01
2.227500000000e+01 9.428274200866e-03 3.665992502119e-01
2.228750000000e+01 9.459973217611e-03 3.694769484280e-01
2.230000000000e+01 9.492491028872e-03 3.723985181290e-01
2.231250000000e+01 9.525820810112e-03 3.753628986003e-01
2.232500000000e+01 9.559953790805e-03 3.783688870296e-01
2.233750000000e+01 9.594879090886e-03 3.814151290527e-01
2.235000000000e+01 9.630583551517e-03 3.845001090901e-01
2.236250000000e+01 9.667051560960e-03 3.876221405259e-01
2.237500000000e+01 9.704264876356e-03 3.907793557939e-01
2.238750000000e+01 9.742202442511e-03 3.939696964403e-01
2.240000000000e+01 9.780840208927e-03 3.971909032527e-01
2.241250000000e+01 9.820150946578e-03 4.004405065500e-01
2.242500000000e+01 9.860104066201e-03 4.037158167485e-01
2.243750000000e+01 9.900665440013e-03 4.070139153282e-01
2.245000000000e+01 9.941797229169e-03 4.103316463418e-01
2.246250000000e+01 9.983457719461e-03 4.136656086207e-01
2.247500000000e+01 1.002560116803e-02 4.170121488510e-01
2.248750000000e+01 1.006817766418e-02 4.203673557017e-01
2.250000000000e+01 1.011113300759e-02 4.237270552047e-01
2.251250000000e+01 1.015440860757e-02 4.270868075963e-01
2.252500000000e+01 1.019794140697e-02 4.304419058406e-01
2.253750000000e+01 1.024166383484e-02 4.337873760608e-01
2.255000000000e+01 1.028550379185e-02 4.371179801114e-01
2.256250000000e+01 1.032938467259e-02 4.404282205216e-01
2.257500000000e+01 1.037322542883e-02 4.437123480358e-01
2.258750000000e+01 1.041694067775e-02 4.469643719702e-01
2.260000000000e+01 1.046044085898e-02 4.501780735826e-01
2.261250000000e+01 1.050363244374e-02 4.533470226339e-01
2.262500000000e+01 1.054641819924e-02 4.564645972880e-01
2.263750000000e+01 1.058869751068e-02 4.595240074566e-01
2.265000000000e+01 1.063036676248e-02 4.625183216532e-01
2.266250000000e+01 1.067131977960e-02 4.654404973627e-01
2.267500000000e+01 1.071144832886e-02 4.682834148743e-01
2.268750000000e+01 1.075064267880e-02 4.710399144580e-01
2.270000000000e+01 1.078879221565e-02 4.737028366885e-01
2.271250000000e+01 1.082578611163e-02 4.762650656459e-01
2.272500000000e+01 1.086151404020e-02 4.787195746414e-01
2.273750000000e+01 1.089586693196e-02 4.810594740352e-01
2.275000000000e+01 1.092873776300e-02 4.832780606393e-01
2.276250000000e+01 1.096002236665e-02 4.853688681201e-01
2.277500000000e+01 1.098962025824e-02 4.873257177569e-01
2.278750000000e+01 1.101743546130e-02 4.891427688539e-01
2.280000000000e+01 1.104337732331e-02 4.908145680648e-01
2.281250000000e+01 1.106736130812e-02 4.923360968647e-01
2.282500000000e+01 1.108930975205e-02 4.937028163970e-01
2.283750000000e+01 1.110915257107e-02 4.949107089346e-01
2.285000000000e+01 1.112682790641e-02 4.959563152318e-01
2.286250000000e+01 1.114228269724e-02 4.968367670921e-01
2.287500000000e+01 1.115547316969e-02 4.975498145551e-01
2.288750000000e+01 1.116636523337e-02 4.980938471920e-01
2.290000000000e+01 1.117493477796e-02 4.984679091116e-01
2.291250000000e+01 1.118116786455e-02 4.986717073940e-01
2.292500000000e+01 1.118506080833e-02 4.987056137980e-01
2.293750000000e+01 1.118662015173e-02 4.985706597242e-01
2.295000000000e+01 1.118586252900e-02 4.982685245455e-01
2.296250000000e+01 1.118281442573e-02 4.978015175479e-01
2.297500000000e+01 1.117751183851e-02 4.971725538466e-01
2.298750000000e+01 1.116999984219e-02 4.963851247499e-01
2.300000000000e+01 1.116033207356e-02 4.954432631411e-01
2.301250000000e+01 1.114857014164e-02 4.943515045213e-01
2.302500000000e+01 1.113478297604e-02 4.931148444193e-01
2.303750000000e+01 1.111904612520e-02 4.917386929077e-01
2.305000000000e+01 1.110144101703e-02 4.902288269852e-01
2.306250000000e+01 1.108205419419e-02 4.885913415826e-01
2.307500000000e+01 1.106097653628e-02 4.868325999293e-01
2.308750000000e+01 1.103830248041e-02 4.849591839822e-01
2.310000000000e+01 1.101412925101e-02 4.829778455698e-01
2.311250000000e+01 1.098855610870e-02 4.808954588412e-01
2.312500000000e+01 1.096168362697e-02 4.787189745443e-01
2.313750000000e+01 1.093361300409e-02 4.764553765789e-01
2.315000000000e+01 1.090444541656e-02 4.741116411964e-01
2.316250000000e+01 1.087428141898e-02 4.716946991372e-01
2.317500000000e+01 1.084322039410e-02 4.692114009230e-01
2.318750000000e+01 1.081136005544e-02 4.666684854464e-01
2.320000000000e+01 1.077879600396e-02 4.640725519356e-01
2.321250000000e+01 1.074562133897e-02 4.614300353071e-01
2.322500000000e+01 1.071192632291e-02 4.587471848692e-01
2.323750000000e+01 1.067779809841e-02 4.560300462885e-01
2.325000000000e+01 1.064332045596e-02 4.532844466945e-01
2.326250000000e+01 1.060857364920e-02 4.505159827653e-01
2.327500000000e+01 1.057363425539e-02 4.477300116120e-01
2.328750000000e+01 1.053857507734e-02 4.449316442614e-01
2.330000000000e+01 1.050346508370e-02 4.421257415260e-01
2.331250000000e+01 1.046836938378e-02 4.393169120421e-01
2.332500000000e+01 1.043334923348e-02 4.365095122560e-01
2.333750000000e+01 1.039846206872e-02 4.337076481407e-01
2.335000000000e+01 1.036376156279e-02 4.309151784303e-01
2.336250000000e+01 1.032929770452e-02 4.281357191696e-01
2.337500000000e+01 1.029511689393e-02 4.253726493839e-01
2.338750000000e+01 1.026126205242e-02 4.226291176887e-01
2.340000000000e+01 1.022777274494e-02 4.199080496713e-01
2.341250000000e+01 1.019468531132e-02 4.172121558882e-01
2.342500000000e+01 1.016203300487e-02 4.145439403395e-01
2.343750000000e+01 1.012984613582e-02 4.119057092916e-01
2.345000000000e+01 1.009815221805e-02 4.092995803364e-01
2.346250000000e+01 1.006697611742e-02 4.067274915855e-01
2.347500000000e+01 1.003634020020e-02 4.041912109128e-01
2.348750000000e+01 1.000626448059e-02 4.016923451683e-01
2.350000000000e+01 9.976766766132e-03 3.992323492992e-01
2.351250000000e+01 9.947862800237e-03 3.968125353217e-01
2.352500000000e+01 9.919566401131e-03 3.944340810991e-01
2.353750000000e+01 9.891889596569e-03 3.920980388870e-01
2.355000000000e+01 9.864842753942e-03 3.898053436175e-01
2.356250000000e+01 9.838434705402e-03 3.875568208963e-01
2.357500000000e+01 9.812672867757e-03 3.853531946979e-01
2.358750000000e+01 9.787563356997e-03 3.831950947446e-01
2.360000000000e+01 9.763111097295e-03 3.810830635617e-01
2.361250000000e+01 9.739319924545e-03 3.790175632063e-01
2.362500000000e+01 9.716192684388e-03 3.769989816670e-01
2.363750000000e+01 9.693731324836e-03 3.750276389383e-01
2.365000000000e+01 9.671936983563e-03 3.731037927737e-01
2.366250000000e+01 9.650810070019e-03 3.712276441231e-01
2.367500000000e+01 9.630350342542e-03 3.693993422646e-01
2.368750000000e+01 9.610556980586e-03 3.676189896375e-01
2.370000000000e+01 9.591428652322e-03 3.658866463887e-01
2.371250000000e+01 9.572963577771e-03 3.642023346427e-01
2.372500000000e+01 9.555159587682e-03 3.625660425067e-01
2.373750000000e+01 9.538014178365e-03 3.609777278231e-01
2.375000000000e+01 9.521524562704e-03 3.594373216800e-01
2.376250000000e+01 9.505687717540e-03 3.579447316944e-01
2.377500000000e+01 9.490500427657e-03 3.564998450774e-01
2.378750000000e+01 9.475959326520e-03 3.551025314946e-01
2.380000000000e+01 9.462060934041e-03 3.537526457332e-01
2.381250000000e+01 9.448801691503e-03 3.524500301869e-01
2.382500000000e+01 9.436177993860e-03 3.511945171697e-01
2.383750000000e+01 9.424186219568e-03 3.499859310691e-01
2.385000000000e+01 9.412822758135e-03 3.488240903494e-01
2.386250000000e+01 9.402084035552e-03 3.477088094137e-01
2.387500000000e+01 9.391966537758e-03 3.466399003355e-01
2.388750000000e+01 9.382466832268e-03 3.456171744681e-01
2.390000000000e+01 9.373581588148e-03 3.446404439401e-01
2.391250000000e+01 9.365307594413e-03 3.437095230452e-01
2.392500000000e+01 9.357641777015e-03 3.428242295347e-01
2.393750000000e+01 9.350581214530e-03 3.419843858191e-01
2.395000000000e+01 9.344123152631e-03 3.411898200856e-01
2.396250000000e+01 9.338265017503e-03 3.404403673392e-01
2.397500000000e+01 9.333004428208e-03 3.397358703716e-01
2.398750000000e+01 9.328339208202e-03 3.390761806657e-01
2.400000000000e+01 9.324267396001e-03 3.384611592390e-01
2.401250000000e+01 9.320787255125e-03 3.378906774335e-01
2.402500000000e+01 9.317897283366e-03 3.373646176537e-01
2.403750000000e+01 9.315596221467e-03 3.368828740605e-01
2.405000000000e+01 9.313883061272e-03 3.364453532224e-01
2.406250000000e+01 9.312757053416e-03 3.360519747297e-01
2.407500000000e+01 9.312217714577e-03 3.357026717748e-01
2.408750000000e+01 9.312264834409e-03 3.353973917015e-01
2.410000000000e+01 9.312898482115e-03 3.351360965278e-01
2.411250000000e+01 9.314119012799e-03 3.349187634435e-01
2.412500000000e+01 9.315927073561e-03 3.347453852870e-01
2.413750000000e+01 9.318323609423e-03 3.346159710029e-01
2.415000000000e+01 9.321309869111e-03 3.345305460834e-01
2.416250000000e+01 9.324887410704e-03 3.344891529948e-01
2.417500000000e+01 9.329058107211e-03 3.344918515932e-01
2.418750000000e+01 9.333824152085e-03 3.345387195285e-01
2.420000000000e+01 9.339188064712e-03 3.346298526415e-01
2.421250000000e+01 9.345152695900e-03 3.347653653536e-01
2.422500000000e+01 9.351721233358e-03 3.349453910513e-01
2.423750000000e+01 9.358897207233e-03 3.351700824679e-01
2.425000000000e+01 9.366684495697e-03 3.354396120617e-01
2.426250000000e+01 9.375087330596e-03 3.357541723941e-01
2.427500000000e+01 9.384110303189e-03 3.361139765070e-01
2.428750000000e+01 9.393758369970e-03 3.365192583016e-01
2.430000000000e+01 9.404036858615e-03 3.369702729183e-01
2.431250000000e+01 9.414951474026e-03 3.374672971202e-01
2.432500000000e+01 9.426508304503e-03 3.380106296787e-01
2.433750000000e+01 9.438713828055e-03 3.386005917638e-01
2.435000000000e+01 9.451574918818e-03 3.392375273382e-01
2.436250000000e+01 9.465098853614e-03 3.399218035557e-01
2.437500000000e+01 9.479293318648e-03 3.406538111651e-01
2.438750000000e+01 9.494166416314e-03 3.414339649184e-01
2.440000000000e+01 9.509726672152e-03 3.422627039840e-01
2.441250000000e+01 9.525983041872e-03 3.431404923643e-01
2.442500000000e+01 9.542944918522e-03 3.440678193185e-01
2.443750000000e+01 9.560622139720e-03 3.450451997882e-01
2.445000000000e+01 9.579024994973e-03 3.460731748271e-01
2.446250000000e+01 9.598164233037e-03 3.471523120329e-01
2.447500000000e+01 9.618051069295e-03 3.482832059802e-01
2.448750000000e+01 9.638697193154e-03 3.494664786547e-01
2.450000000000e+01 9.660114775399e-03 3.507027798849e-01
2.451250000000e+01 9.682316475462e-03 3.519927877721e-01
2.452500000000e+01 9.705315448598e-03 3.533372091146e-01
2.453750000000e+01 9.729125352877e-03 3.547367798254e-01
2.455000000000e+01 9.753760355960e-03 3.561922653394e-01
2.456250000000e+01 9.779235141598e-03 3.577044610085e-01
2.457500000000e+01 9.805564915762e-03 3.592741924802e-01
2.458750000000e+01 9.832765412368e-03 3.609023160560e-01
2.460000000000e+01 9.860852898421e-03 3.625897190256e-01
2.461250000000e+01 9.889844178590e-03 3.643373199721e-01
2.462500000000e+01 9.919756599010e-03 3.661460690416e-01
2.463750000000e+01 9.950608050237e-03 3.680169481727e-01
2.465000000000e+01 9.982416969191e-03 3.699509712777e-01
2.466250000000e+01 1.001520233994e-02 3.719491843687e-01
2.467500000000e+01 1.004898369314e-02 3.740126656189e-01
2.468750000000e+01 1.008378110401e-02 3.761425253507e-01
2.470000000000e+01 1.011961518846e-02 3.783399059396e-01
2.471250000000e+01 1.015650709737e-02 3.806059816217e-01
2.472500000000e+01 1.019447850855e-02 3.829419581919e-01
2.473750000000e+01 1.023355161623e-02 3.853490725789e-01
2.475000000000e+01 1.027374911764e-02 3.878285922793e-01
2.476250000000e+01 1.031509419651e-02 3.903818146354e-01
2.477500000000e+01 1.035761050290e-02 3.930100659343e-01
2.478750000000e+01 1.040132212908e-02 3.957147003091e-01
2.480000000000e+01 1.044625358089e-02 3.984970984166e-01
2.481250000000e+01 1.049242974420e-02 4.013586658657e-01
2.482500000000e+01 1.053987584573e-02 4.043008313677e-01
2.483750000000e+01 1.058861740777e-02 4.073250445765e-01
2.485000000000e+01 1.063868019605e-02 4.104327735839e-01
2.486250000000e+01 1.069009015998e-02 4.136255020312e-01
2.487500000000e+01 1.074287336463e-02 4.169047257963e-01
2.488750000000e+01 1.079705591331e-02 4.202719492096e-01
2.490000000000e+01 1.085266386008e-02 4.237286807495e-01
2.491250000000e+01 1.090972311088e-02 4.272764281634e-01
2.492500000000e+01 1.096825931248e-02 4.309166929547e-01
2.493750000000e+01 1.102829772771e-02 4.346509641729e-01
2.495000000000e+01 1.108986309595e-02 4.384807114373e-01
2.496250000000e+01 1.115297947734e-02 4.424073771213e-01
2.497500000000e+01 1.121767007927e-02 4.464323676159e-01
2.498750000000e+01 1.128395706361e-02 4.505570435889e-01
2.500000000000e+01 1.135186133288e-02 4.547827091486e-01
2.501250000000e+01 1.142140229377e-02 4.591105998151e-01
2.502500000000e+01 1.149259759604e-02 4.635418691988e-01
2.503750000000e+01 1.156546284492e-02 4.680775742787e-01
2.505000000000e+01 1.164001128497e-02 4.727186591706e-01
2.506250000000e+01 1.171625345352e-02 4.774659372703e-01
2.507500000000e+01 1.179419680146e-02 4.823200716549e-01
2.508750000000e+01 1.187384527950e-02 4.872815536255e-01
2.510000000000e+01 1.195519888782e-02 4.923506792732e-01
2.511250000000e+01 1.203825318728e-02 4.975275239548e-01
2.512500000000e+01 1.212299877050e-02 5.028119145713e-01
2.513750000000e+01 1.220942069130e-02 5.082033995503e-01
2.515000000000e+01 1.229749785123e-02 5.137012164472e-01
2.516250000000e+01 1.238720234268e-02 5.193042571012e-01
2.517500000000e+01 1.247849874811e-02 5.250110303036e-01
2.518750000000e+01 1.257134339601e-02 5.308196219707e-01
2.520000000000e+01 1.266568357481e-02 5.367276528499e-01
2.521250000000e+01 1.276145670709e-02 5.427322338404e-01
2.522500000000e+01 1.285858948745e-02 5.488299190653e-01
2.523750000000e+01 1.295699698905e-02 5.550166569030e-01
2.525000000000e+01 1.305658174535e-02 5.612877392711e-01
2.526250000000e+01 1.315723281531e-02 5.676377495465e-01
2.527500000000e+01 1.325882484270e-02 5.740605096200e-01
2.528750000000e+01 1.336121712244e-02 5.805490267034e-01
2.530000000000e+01 1.346425268936e-02 5.870954406455e-01
2.531250000000e+01 1.356775744783e-02 5.936909726633e-01
2.532500000000e+01 1.367153936340e-02 6.003258765541e-01
2.533750000000e+01 1.377538774107e-02 6.069893936237e-01
2.535000000000e+01 1.387907261734e-02 6.136697127367e-01
2.536250000000e+01 1.398234429690e-02 6.203539370660e-01
2.537500000000e+01 1.408493306679e-02 6.270280592808e-01
2.538750000000e+01 1.418654912381e-02 6.336769470530e-01
2.540000000000e+01 1.428688275239e-02 6.402843408815e-01
2.541250000000e+01 1.438560479083e-02 6.468328663034e-01
2.542500000000e+01 1.448236742383e-02 6.533040625879e-01
2.543750000000e+01 1.457680533742e-02 6.596784299560e-01
2.545000000000e+01 1.466853726895e-02 6.659354972444e-01
2.546250000000e+01 1.475716798007e-02 6.720539117044e-01
2.547500000000e+01 1.484229067277e-02 6.780115522946e-01
2.548750000000e+01 1.492348985982e-02 6.837856673801e-01
2.550000000000e+01 1.500034468892e-02 6.893530371828e-01
2.551250000000e+01 1.507243270625e-02 6.946901606480e-01
2.552500000000e+01 1.513933402999e-02 6.997734656047e-01
2.553750000000e+01 1.520063588708e-02 7.045795402300e-01
2.555000000000e+01 1.525593744944e-02 7.090853829001e-01
2.556250000000e+01 1.530485488797e-02 7.132686665717e-01
2.557500000000e+01 1.534702654638e-02 7.171080129248e-01
2.558750000000e+01 1.538211812240e-02 7.205832706720e-01
2.560000000000e+01 1.540982773220e-02 7.236757917490e-01
2.561250000000e+01 1.542989072682e-02 7.263686986054e-01
2.562500000000e+01 1.544208412676e-02 7.286471355641e-01
2.563750000000e+01 1.544623054392e-02 7.304984972433e-01
2.565000000000e+01 1.544220146952e-02 7.319126273689e-01
2.566250000000e+01 1.542991982089e-02 7.328819819486e-01
2.567500000000e+01 1.540936166100e-02 7.334017517164e-01
2.568750000000e+01 1.538055702925e-02 7.334699399539e-01
2.570000000000e+01 1.534358985032e-02 7.330873931923e-01
2.571250000000e+01 1.529859691831e-02 7.322577838348e-01
2.572500000000e+01 1.524576598399e-02 7.309875453177e-01
2.573750000000e+01 1.518533300236e-02 7.292857619794e-01
2.575000000000e+01 1.511757862375e-02 7.271640172338e-01
2.576250000000e+01 1.504282403433e-02 7.246362048853e-01
2.577500000000e+01 1.496142626837e-02 7.217183094126e-01
2.578750000000e+01 1.487377312579e-02 7.184281617477e-01
2.580000000000e+01 1.478027783342e-02 7.147851774735e-01
2.581250000000e+01 1.468137358726e-02 7.108100844467e-01
2.582500000000e+01 1.457750810677e-02 7.065246466611e-01
2.583750000000e+01 1.446913832104e-02 7.019513907144e-01
2.585000000000e+01 1.435672529225e-02 6.971133405982e-01
2.586250000000e+01 1.424072946475e-02 6.920337657315e-01
2.587500000000e+01 1.412160630964e-02 6.867359462720e-01
2.588750000000e+01 1.399980241600e-02 6.812429588062e-01
2.590000000000e+01 1.387575206158e-02 6.755774846023e-01
2.591250000000e+01 1.374987427907e-02 6.697616417327e-01
2.592500000000e+01 1.362257041865e-02 6.638168415787e-01
2.593750000000e+01 1.349422219480e-02 6.577636695336e-01
2.595000000000e+01 1.336519019478e-02 6.516217891363e-01
2.596250000000e+01 1.323581281775e-02 6.454098683977e-01
2.597500000000e+01 1.310640560796e-02 6.391455267351e-01
2.598750000000e+01 1.297726094138e-02 6.328453006765e-01
2.600000000000e+01 1.284864802338e-02 6.265246263556e-01
2.601250000000e+01 1.272081315450e-02 6.201978367487e-01
2.602500000000e+01 1.259398022266e-02 6.138781716123e-01
2.603750000000e+01 1.246835138165e-02 6.075777981398e-01
2.605000000000e+01 1.234410787873e-02 6.013078404619e-01
2.606250000000e+01 1.222141099727e-02 5.950784162462e-01
2.607500000000e+01 1.210040308353e-02 5.888986788075e-01
2.608750000000e+01 1.198120863088e-02 5.827768633053e-01
2.610000000000e+01 1.186393539746e-02 5.767203357711e-01
2.611250000000e+01 1.174867553749e-02 5.707356438761e-01
2.612500000000e+01 1.163550672925e-02 5.648285685061e-01
2.613750000000e+01 1.152449328582e-02 5.590041753623e-01
2.615000000000e+01 1.141568723738e-02 5.532668659413e-01
2.616250000000e+01 1.130912937640e-02 5.476204273731e-01
2.617500000000e+01 1.120485025911e-02 5.420680807053e-01
2.618750000000e+01 1.110287115824e-02 5.366125273202e-01
2.620000000000e+01 1.100320496424e-02 5.312559932536e-01
2.621250000000e+01 1.090585703264e-02 5.260002712580e-01
2.622500000000e+01 1.081082597722e-02 5.208467605125e-01
2.623750000000e+01 1.071810440873e-02 5.157965039319e-01
2.625000000000e+01 1.062767962034e-02 5.108502230703e-01
2.626250000000e+01 1.053953422098e-02 5.060083506456e-01
2.627500000000e+01 1.045364671863e-02 5.012710607399e-01
2.628750000000e+01 1.036999205549e-02 4.966382967496e-01
2.630000000000e+01 1.028854209763e-02 4.921097971740e-01
2.631250000000e+01 1.020926608152e-02 4.876851193425e-01
2.632500000000e+01 1.013213102004e-02 4.833636611880e-01
2.633750000000e+01 1.005710207064e-02 4.791446811768e-01
2.635000000000e+01 9.984142868138e-03 4.750273165081e-01
2.636250000000e+01 9.913215824865e-03 4.710105996956e-01
2.637500000000e+01 9.844282400433e-03 4.670934736428e-01
2.638750000000e+01 9.777303343612e-03 4.632748053177e-01
2.640000000000e+01 9.712238908531e-03 4.595533981335e-01
2.641250000000e+01 9.649049047334e-03 4.559280031333e-01
2.642500000000e+01 9.587693581295e-03 4.523973290731e-01
2.643750000000e+01 9.528132352313e-03 4.489600514938e-01
2.645000000000e+01 9.470325356496e-03 4.456148208660e-01
2.646250000000e+01 9.414232861538e-03 4.423602698857e-01
2.647500000000e+01 9.359815509311e-03 4.391950199953e-01
2.648750000000e+01 9.307034405186e-03 4.361176871988e-01
2.650000000000e+01 9.255851195291e-03 4.331268872333e-01
2.651250000000e+01 9.206228132947e-03 4.302212401566e-01
2.652500000000e+01 9.158128135342e-03 4.273993744058e-01
2.653750000000e+01 9.111514831451e-03 4.246599303751e-01
2.655000000000e+01 9.066352602135e-03 4.220015635594e-01
2.656250000000e+01 9.022606613231e-03 4.194229473073e-01
2.657500000000e+01 8.980242842383e-03 4.169227752196e-01
2.658750000000e+01 8.939228100350e-03 4.144997632303e-01
2.660000000000e+01 8.899530047351e-03 4.121526514014e-01
2.661250000000e+01 8.861117205091e-03 4.098802054621e-01
2.662500000000e+01 8.823958964910e-03 4.076812181174e-01
2.663750000000e+01 8.788025592580e-03 4.055545101519e-01
2.665000000000e+01 8.753288230146e-03 4.034989313508e-01
2.666250000000e+01 8.719718895168e-03 4.015133612570e-01
2.667500000000e+01 8.687290477762e-03 3.995967097845e-01
2.668750000000e+01 8.655976735697e-03 3.977479177025e-01
2.670000000000e+01 8.625752287855e-03 3.959659570076e-01
2.671250000000e+01 8.596592606302e-03 3.942498311951e-01
2.672500000000e+01 8.568474007155e-03 3.925985754439e-01
2.673750000000e+01 8.541373640508e-03 3.910112567242e-01
2.675000000000e+01 8.515269479560e-03 3.894869738402e-01
2.676250000000e+01 8.490140309086e-03 3.880248574144e-01
2.677500000000e+01 8.465965713455e-03 3.866240698235e-01
2.678750000000e+01 8.442726064247e-03 3.852838050923e-01
2.680000000000e+01 8.420402507659e-03 3.840032887529e-01
2.681250000000e+01 8.398976951728e-03 3.827817776739e-01
2.682500000000e+01 8.378432053521e-03 3.816185598673e-01
2.683750000000e+01 8.358751206344e-03 3.805129542746e-01
2.685000000000e+01 8.339918527032e-03 3.794643105397e-01
2.686250000000e+01 8.321918843395e-03 3.784720087703e-01
2.687500000000e+01 8.304737681884e-03 3.775354592921e-01
2.688750000000e+01 8.288361255499e-03 3.766541023992e-01
2.690000000000e+01 8.272776452023e-03 3.758274081024e-01
2.691250000000e+01 8.257970822544e-03 3.750548758792e-01
2.692500000000e+01 8.243932570393e-03 3.743360344269e-01
2.693750000000e+01 8.230650540457e-03 3.736704414210e-01
2.695000000000e+01 8.218114208915e-03 3.730576832807e-01
2.696250000000e+01 8.206313673418e-03 3.724973749436e-01
2.697500000000e+01 8.195239643720e-03 3.719891596494e-01
2.698750000000e+01 8.184883432801e-03 3.715327087361e-01
2.700000000000e+01 8.175236948473e-03 3.711277214481e-01
2.701250000000e+01 8.166292685471e-03 3.707739247582e-01
2.702500000000e+01 8.158043718085e-03 3.704710732033e-01
2.703750000000e+01 8.150483693283e-03 3.702189487360e-01
2.705000000000e+01 8.143606824369e-03 3.700173605919e-01
2.706250000000e+01 8.137407885175e-03 3.698661451729e-01
2.707500000000e+01 8.131882204786e-03 3.697651659479e-01
2.708750000000e+01 8.127025662812e-03 3.697143133714e-01
2.710000000000e+01 8.122834685179e-03 3.697135048191e-01
2.711250000000e+01 8.119306240494e-03 3.697626845424e-01
2.712500000000e+01 8.116437836938e-03 3.698618236413e-01
2.713750000000e+01 8.114227519720e-03 3.700109200563e-01
2.715000000000e+01 8.112673869072e-03 3.702099985790e-01
2.716250000000e+01 8.111775998787e-03 3.704591108824e-01
2.717500000000e+01 8.111533555328e-03 3.707583355703e-01
2.718750000000e+01 8.111946717475e-03 3.711077782463e-01
2.720000000000e+01 8.113016196515e-03 3.715075716022e-01
2.721250000000e+01 8.114743237001e-03 3.719578755263e-01
2.722500000000e+01 8.117129618036e-03 3.724588772314e-01
2.723750000000e+01 8.120177655132e-03 3.730107914013e-01
2.725000000000e+01 8.123890202586e-03 3.736138603587e-01
2.726250000000e+01 8.128270656420e-03 3.742683542503e-01
2.727500000000e+01 8.133322957872e-03 3.749745712525e-01
2.728750000000e+01 8.139051597383e-03 3.757328377958e-01
2.730000000000e+01 8.145461619173e-03 3.765435088074e-01
2.731250000000e+01 8.152558626314e-03 3.774069679722e-01
2.732500000000e+01 8.160348786338e-03 3.783236280125e-01
2.733750000000e+01 8.168838837384e-03 3.792939309838e-01
2.735000000000e+01 8.178036094820e-03 3.803183485889e-01
2.736250000000e+01 8.187948458409e-03 3.813973825067e-01
2.737500000000e+01 8.198584419962e-03 3.825315647376e-01
2.738750000000e+01 8.209953071459e-03 3.837214579630e-01
2.740000000000e+01 8.222064113674e-03 3.849676559184e-01
2.741250000000e+01 8.234927865224e-03 3.862707837784e-01
2.742500000000e+01 8.248555272094e-03 3.876314985537e-01
2.743750000000e+01 8.262957917558e-03 3.890504894970e-01
2.745000000000e+01 8.278148032505e-03 3.905284785165e-01
2.746250000000e+01 8.294138506153e-03 3.920662205964e-01
2.747500000000e+01 8.310942897083e-03 3.936645042202e-01
2.748750000000e+01 8.328575444596e-03 3.953241517958e-01
2.750000000000e+01 8.347051080333e-03 3.970460200789e-01
2.751250000000e+01 8.366385440127e-03 3.988310005924e-01
2.752500000000e+01 8.386594876033e-03 4.006800200376e-01
2.753750000000e+01 8.407696468457e-03 4.025940406931e-01
2.755000000000e+01 8.429708038357e-03 4.045740607985e-01
2.756250000000e+01 8.452648159422e-03 4.066211149160e-01
2.757500000000e+01 8.476536170148e-03 4.087362742663e-01
2.758750000000e+01 8.501392185719e-03 4.109206470317e-01
2.760000000000e+01 8.527237109588e-03 4.131753786197e-01
2.761250000000e+01 8.554092644655e-03 4.155016518803e-01
2.762500000000e+01 8.581981303896e-03 4.179006872672e-01
2.763750000000e+01 8.610926420297e-03 4.203737429358e-01
2.765000000000e+01 8.640952155947e-03 4.229221147648e-01
2.766250000000e+01 8.672083510091e-03 4.255471362931e-01
2.767500000000e+01 8.704346325935e-03 4.282501785562e-01
2.768750000000e+01 8.737767296013e-03 4.310326498107e-01
2.770000000000e+01 8.772373965817e-03 4.338959951291e-01
2.771250000000e+01 8.808194735459e-03 4.368416958491e-01
2.772500000000e+01 8.845258858996e-03 4.398712688580e-01
2.773750000000e+01 8.883596441140e-03 4.429862656903e-01
2.775000000000e+01 8.923238430932e-03 4.461882714175e-01
2.776250000000e+01 8.964216611979e-03 4.494789033010e-01
2.777500000000e+01 9.006563588768e-03 4.528598091842e-01
2.778750000000e+01 9.050312768565e-03 4.563326655892e-01
2.780000000000e+01 9.095498338338e-03 4.598991754866e-01
2.781250000000e+01 9.142155236079e-03 4.635610657000e-01
2.782500000000e+01 9.190319115803e-03 4.673200839047e-01
2.783750000000e+01 9.240026305593e-03 4.711779951764e-01
2.785000000000e+01 9.291313757687e-03 4.751365780412e-01
2.786250000000e+01 9.344218989919e-03 4.791976199727e-01
2.787500000000e+01 9.398780017358e-03 4.833629122805e-01
2.788750000000e+01 9.455035273215e-03 4.876342443260e-01
2.790000000000e+01 9.513023517764e-03 4.920133969981e-01
2.791250000000e+01 9.572783734084e-03 4.965021353757e-01
2.792500000000e+01 9.634355009210e-03 5.011022004972e-01
2.793750000000e+01 9.697776399307e-03 5.058153001534e-01
2.795000000000e+01 9.763086777202e-03 5.106430986108e-01
2.796250000000e+01 9.830324660639e-03 5.155872051712e-01
2.797500000000e+01 9.899528019457e-03 5.206491614608e-01
2.798750000000e+01 9.970734059725e-03 5.258304273436e-01
2.800000000000e+01 1.004397898291e-02 5.311323653419e-01
2.801250000000e+01 1.011929771783e-02 5.365562234452e-01
2.802500000000e+01 1.019672362327e-02 5.421031161839e-01
2.803750000000e+01 1.027628815888e-02 5.477740038403e-01
2.805000000000e+01 1.035802052212e-02 5.535696696677e-01
2.806250000000e+01 1.044194724868e-02 5.594906949885e-01
2.807500000000e+01 1.052809177417e-02 5.655374320437e-01
2.808750000000e+01 1.061647395464e-02 5.717099744715e-01
2.810000000000e+01 1.070710954364e-02 5.780081253014e-01
2.811250000000e+01 1.080000962389e-02 5.844313623603e-01
2.812500000000e+01 1.089517999153e-02 5.909788010083e-01
2.813750000000e+01 1.099262049161e-02 5.976491541405e-01
2.815000000000e+01 1.109232430365e-02 6.044406894248e-01
2.816250000000e+01 1.119427717680e-02 6.113511837814e-01
2.817500000000e+01 1.129845661494e-02 6.183778751571e-01
2.818750000000e+01 1.140483101276e-02 6.255174117061e-01
2.820000000000e+01 1.151335874495e-02 6.327657985536e-01
2.821250000000e+01 1.162398721242e-02 6.401183424051e-01
2.822500000000e+01 1.173665184993e-02 6.475695943524e-01
2.823750000000e+01 1.185127510271e-02 6.551132913426e-01
2.825000000000e+01 1.196776538023e-02 6.627422968939e-01
2.826250000000e+01 1.208601599870e-02 6.704485417835e-01
2.827500000000e+01 1.220590412583e-02 6.782229655859e-01
2.828750000000e+01 1.232728974417e-02 6.860554601012e-01
2.830000000000e+01 1.245001465265e-02 6.939348158931e-01
2.831250000000e+01 1.257390152884e-02 7.018486733351e-01
2.832500000000e+01 1.269875307758e-02 7.097834797504e-01
2.833750000000e+01 1.282435129506e-02 7.177244544095e-01
2.835000000000e+01 1.295045688025e-02 7.256555633179e-01
2.836250000000e+01 1.307680882842e-02 7.335595058717e-01
2.837500000000e+01 1.320312424359e-02 7.414177155703e-01
2.838750000000e+01 1.332909840824e-02 7.492103770382e-01
2.840000000000e+01 1.345440514935e-02 7.569164616157e-01
2.841250000000e+01 1.357869753871e-02 7.645137836986e-01
2.842500000000e+01 1.370160896380e-02 7.719790798510e-01
2.843750000000e+01 1.382275460117e-02 7.792881124392e-01
2.845000000000e+01 1.394173331893e-02 7.864157991586e-01
2.846250000000e+01 1.405813002672e-02 7.933363693133e-01
2.847500000000e+01 1.417151848178e-02 8.000235470805e-01
2.848750000000e+01 1.428146454782e-02 8.064507612415e-01
2.850000000000e+01 1.438752988923e-02 8.125913800054e-01
2.851250000000e+01 1.448927606797e-02 8.184189686129e-01
2.852500000000e+01 1.458626899412e-02 8.239075664212e-01
2.853750000000e+01 1.467808366390e-02 8.290319791724e-01
2.855000000000e+01 1.476430910328e-02 8.337680811937e-01
2.856250000000e+01 1.484455341976e-02 8.380931214200e-01
2.857500000000e+01 1.491844885250e-02 8.419860264234e-01
2.858750000000e+01 1.498565670192e-02 8.454276931434e-01
2.860000000000e+01 1.504587201408e-02 8.484012637763e-01
2.861250000000e+01 1.509882789536e-02 8.508923753451e-01
2.862500000000e+01 1.514429933730e-02 8.528893768579e-01
2.863750000000e+01 1.518210644226e-02 8.543835076640e-01
2.865000000000e+01 1.521211695518e-02 8.553690316349e-01
2.866250000000e+01 1.523424802746e-02 8.558433230671e-01
2.867500000000e+01 1.524846716186e-02 8.558069016942e-01
2.868750000000e+01 1.525479231427e-02 8.552634158090e-01
2.870000000000e+01 1.525329115440e-02 8.542195741638e-01
2.871250000000e+01 1.524407951551e-02 8.526850289445e-01
2.872500000000e+01 1.522731908756e-02 8.506722136176e-01
2.873750000000e+01 1.520321443111e-02 8.481961407544e-01
2.875000000000e+01 1.517200940716e-02 8.452741659827e-01
2.876250000000e+01 1.513398313157e-02 8.419257249683e-01
2.877500000000e+01 1.508944557138e-02 8.381720507524e-01
2.878750000000e+01 1.503873290312e-02 8.340358788903e-01
2.880000000000e+01 1.498220275156e-02 8.295411476469e-01
2.881250000000e+01 1.492022942126e-02 8.247127000634e-01
2.882500000000e+01 1.485319922342e-02 8.195759940492e-01
2.883750000000e+01 1.478150598794e-02 8.141568258357e-01
2.885000000000e+01 1.470554683597e-02 8.084810712101e-01
2.886250000000e+01 1.462571827327e-02 8.025744479782e-01
2.887500000000e+01 1.454241264860e-02 7.964623021397e-01
2.888750000000e+01 1.445601500648e-02 7.901694193359e-01
2.890000000000e+01 1.436690035005e-02 7.837198622824e-01
2.891250000000e+01 1.427543131658e-02 7.771368341508e-01
2.892500000000e+01 1.418195625841e-02 7.704425672290e-01
2.893750000000e+01 1.408680771269e-02 7.636582356738e-01
2.895000000000e+01 1.399030123657e-02 7.568038907748e-01
2.896250000000e+01 1.389273457981e-02 7.498984168621e-01
2.897500000000e+01 1.379438716284e-02 7.429595058114e-01
2.898750000000e+01 1.369551982714e-02 7.360036480090e-01
2.900000000000e+01 1.359637482352e-02 7.290461376198e-01
2.901250000000e+01 1.349717600493e-02 7.221010900540e-01
2.902500000000e+01 1.339812919136e-02 7.151814696145e-01
2.903750000000e+01 1.329942267631e-02 7.082991254437e-01
2.905000000000e+01 1.320122784672e-02 7.014648340347e-01
2.906250000000e+01 1.310369989083e-02 6.946883467431e-01
2.907500000000e+01 1.300697857097e-02 6.879784409079e-01
2.908750000000e+01 1.291118904133e-02 6.813429733618e-01
2.910000000000e+01 1.281644269298e-02 6.747889352800e-01
2.911250000000e+01 1.272283801152e-02 6.683225074752e-01
2.912500000000e+01 1.263046143452e-02 6.619491153934e-01
2.913750000000e+01 1.253938819873e-02 6.556734832002e-01
2.915000000000e+01 1.244968316835e-02 6.494996864679e-01
2.916250000000e+01 1.236140163793e-02 6.434312030815e-01
2.917500000000e+01 1.227459010484e-02 6.374709620744e-01
2.918750000000e+01 1.218928700740e-02 6.316213901862e-01
2.920000000000e+01 1.210552342631e-02 6.258844560037e-01
2.921250000000e+01 1.202332374754e-02 6.202617116046e-01
2.922500000000e+01 1.194270628605e-02 6.147543316705e-01
2.923750000000e+01 1.186368387003e-02 6.093631500761e-01
2.925000000000e+01 1.178626438621e-02 6.040886939920e-01
2.926250000000e+01 1.171045128693e-02 5.989312155646e-01
2.927500000000e+01 1.163624406022e-02 5.938907212538e-01
2.928750000000e+01 1.156363866420e-02 5.889669989248e-01
2.930000000000e+01 1.149262792747e-02 5.841596427991e-01
2.931250000000e+01 1.142320191709e-02 5.794680763776e-01
2.932500000000e+01 1.135534827607e-02 5.748915734492e-01
2.933750000000e+01 1.128905253201e-02 5.704292773041e-01
2.935000000000e+01 1.122429837881e-02 5.660802182658e-01
2.936250000000e+01 1.116106793325e-02 5.618433296574e-01
2.937500000000e+01 1.109934196812e-02 5.577174623119e-01
2.938750000000e+01 1.103910012359e-02 5.537013977340e-01
2.940000000000e+01 1.098032109858e-02 5.497938600154e-01
2.941250000000e+01 1.092298282349e-02 5.459935266009e-01
2.942500000000e+01 1.086706261584e-02 5.422990379972e-01
2.943750000000e+01 1.081253732031e-02 5.387090065107e-01
2.945000000000e+01 1.075938343424e-02 5.352220240960e-01
2.946250000000e+01 1.070757722009e-02 5.318366693905e-01
2.947500000000e+01 1.065709480575e-02 5.285515140059e-01
2.948750000000e+01 1.060791227393e-02 5.253651281421e-01
2.950000000000e+01 1.056000574151e-02 5.222760855837e-01
2.951250000000e+01 1.051335142984e-02 5.192829681368e-01
2.952500000000e+01 1.046792572667e-02 5.163843695558e-01
2.953750000000e+01 1.042370524076e-02 5.135788990092e-01
2.955000000000e+01 1.038066684954e-02 5.108651841278e-01
2.956250000000e+01 1.033878774074e-02 5.082418736751e-01
2.957500000000e+01 1.029804544848e-02 5.057076398773e-01
2.958750000000e+01 1.025841788434e-02 5.032611804457e-01
2.960000000000e+01 1.021988336396e-02 5.009012203234e-01
2.961250000000e+01 1.018242062964e-02 4.986265131826e-01
2.962500000000e+01 1.014600886927e-02 4.964358427002e-01
2.963750000000e+01 1.011062773206e-02 4.943280236323e-01
2.965000000000e+01 1.007625734140e-02 4.923019027119e-01
2.966250000000e+01 1.004287830508e-02 4.903563593860e-01
2.967500000000e+01 1.001047172328e-02 4.884903064112e-01
2.968750000000e+01 9.979019194491e-03 4.867026903237e-01
2.970000000000e+01 9.948502819633e-03 4.849924917969e-01
2.971250000000e+01 9.918905204608e-03 4.833587259006e-01
2.972500000000e+01 9.890209461435e-03 4.818004422730e-01
2.973750000000e+01 9.862399208149e-03 4.803167252159e-01
2.975000000000e+01 9.835458567667e-03 4.789066937231e-01
2.976250000000e+01 9.809372165687e-03 4.775695014506e-01
2.977500000000e+01 9.784125127812e-03 4.763043366353e-01
2.978750000000e+01 9.759703075950e-03 4.751104219707e-01
2.980000000000e+01 9.736092124175e-03 4.739870144442e-01
2.981250000000e+01 9.713278874057e-03 4.729334051432e-01
2.982500000000e+01 9.691250409574e-03 4.719489190327e-01
2.983750000000e+01 9.669994291724e-03 4.710329147121e-01
2.985000000000e+01 9.649498552814e-03 4.701847841509e-01
2.986250000000e+01 9.629751690563e-03 4.694039524111e-01
2.987500000000e+01 9.610742662011e-03 4.686898773557e-01
2.988750000000e+01 9.592460877345e-03 4.680420493483e-01
2.990000000000e+01 9.574896193608e-03 4.674599909451e-01
2.991250000000e+01 9.558038908379e-03 4.669432565811e-01
2.992500000000e+01 9.541879753415e-03 4.664914322535e-01
2.993750000000e+01 9.526409888342e-03 4.661041352017e-01
2.995000000000e+01 9.511620894338e-03 4.657810135865e-01
2.996250000000e+01 9.497504767886e-03 4.655217461695e-01
2.997500000000e+01 9.484053914572e-03 4.653260419923e-01
2.998750000000e+01 9.471261142992e-03 4.651936400567e-01
3.000000000000e+01 9.459119658723e-03 4.651243090068e-01
3.001250000000e+01 9.447623058376e-03 4.651178468114e-01
3.002500000000e+01 9.436765323783e-03 4.651740804486e-01
3.003750000000e+01 9.426540816254e-03 4.652928655908e-01
3.005000000000e+01 9.416944270947e-03 4.654740862903e-01
3.006250000000e+01 9.407970791317e-03 4.657176546657e-01
3.007500000000e+01 9.399615843694e-03 4.660235105865e-01
3.008750000000e+01 9.391875251921e-03 4.663916213567e-01
3.010000000000e+01 9.384745192073e-03 4.668219813958e-01
3.011250000000e+01 9.378222187247e-03 4.673146119153e-01
3.012500000000e+01 9.372303102429e-03 4.678695605905e-01
3.013750000000e+01 9.366985139362e-03 4.684869012250e-01
3.015000000000e+01 9.362265831507e-03 4.691667334066e-01
3.016250000000e+01 9.358143038925e-03 4.699091821526e-01
3.017500000000e+01 9.354614943237e-03 4.707143975422e-01
3.018750000000e+01 9.351680042503e-03 4.715825543343e-01
3.020000000000e+01 9.349337146036e-03 4.725138515668e-01
3.021250000000e+01 9.347585369184e-03 4.735085121361e-01
3.022500000000e+01 9.346424127946e-03 4.745667823530e-01
3.023750000000e+01 9.345853133478e-03 4.756889314715e-01
3.025000000000e+01 9.345872386396e-03 4.768752511875e-01
3.026250000000e+01 9.346482170899e-03 4.781260551038e-01
3.027500000000e+01 9.347683048604e-03 4.794416781556e-01
3.028750000000e+01 9.349475852100e-03 4.808224759946e-01
3.030000000000e+01 9.351861678137e-03 4.822688243245e-01
3.031250000000e+01 9.354841880463e-03 4.837811181844e-01
3.032500000000e+01 9.358418062140e-03 4.853597711735e-01
3.033750000000e+01 9.362592067444e-03 4.870052146116e-01
3.035000000000e+01 9.367365973078e-03 4.887178966288e-01
3.036250000000e+01 9.372742078858e-03 4.904982811780e-01
3.037500000000e+01 9.378722897596e-03 4.923468469618e-01
3.038750000000e+01 9.385311144257e-03 4.942640862668e-01
3.040000000000e+01 9.392509724195e-03 4.962505036969e-01
3.041250000000e+01 9.400321720451e-03 4.983066147958e-01
3.042500000000e+01 9.408750379978e-03 5.004329445495e-01
3.043750000000e+01 9.417799098700e-03 5.026300257590e-01
3.045000000000e+01 9.427471405325e-03 5.048983972717e-01
3.046250000000e+01 9.437770943738e-03 5.072386020591e-01
3.047500000000e+01 9.448701453904e-03 5.096511851310e-01
3.048750000000e+01 9.460266751106e-03 5.121366912699e-01
3.050000000000e+01 9.472470703447e-03 5.146956625741e-01
3.051250000000e+01 9.485317207360e-03 5.173286357941e-01
3.052500000000e+01 9.498810161119e-03 5.200361394461e-01
3.053750000000e+01 9.512953435996e-03 5.228186906885e-01
3.055000000000e+01 9.527750845118e-03 5.256767919411e-01
3.056250000000e+01 9.543206109628e-03 5.286109272332e-01
3.057500000000e+01 9.559322822140e-03 5.316215582582e-01
3.058750000000e+01 9.576104407164e-03 5.347091201183e-01
3.060000000000e+01 9.593554078386e-03 5.378740167376e-01
3.061250000000e+01 9.611674792525e-03 5.411166159239e-01
3.062500000000e+01 9.630469199648e-03 5.444372440584e-01
3.063750000000e+01 9.649939589614e-03 5.478361803901e-01
3.065000000000e+01 9.670087834528e-03 5.513136509159e-01
3.066250000000e+01 9.690915326899e-03 5.548698218224e-01
3.067500000000e+01 9.712422913383e-03 5.585047924689e-01
3.068750000000e+01 9.734610823807e-03 5.622185878899e-01
3.070000000000e+01 9.757478595293e-03 5.660111507971e-01
3.071250000000e+01 9.781024991371e-03 5.698823330610e-01
3.072500000000e+01 9.805247915728e-03 5.738318866540e-01
3.073750000000e+01 9.830144320648e-03 5.778594540401e-01
3.075000000000e+01 9.855710109816e-03 5.819645579964e-01
3.076250000000e+01 9.881940035555e-03 5.861465908564e-01
3.077500000000e+01 9.908827590299e-03 5.904048031694e-01
3.078750000000e+01 9.936364892400e-03 5.947382917726e-01
3.080000000000e+01 9.964542566229e-03 5.991459872814e-01
3.081250000000e+01 9.993349616796e-03 6.036266410061e-01
3.082500000000e+01 1.002277329896e-02 6.081788113139e-01
3.083750000000e+01 1.005279898164e-02 6.128008494622e-01
3.085000000000e+01 1.008341000724e-02 6.174908849401e-01
3.086250000000e+01 1.011458754710e-02 6.222468103642e-01
3.087500000000e+01 1.014631045325e-02 6.270662659919e-01
3.088750000000e+01 1.017855510749e-02 6.319466239241e-01
3.090000000000e+01 1.021129526874e-02 6.368849720897e-01
3.091250000000e+01 1.024450191965e-02 6.418780981190e-01
3.092500000000e+01 1.027814311392e-02 6.469224732332e-01
3.093750000000e+01 1.031218382577e-02 6.520142362956e-01
3.095000000000e+01 1.034658580338e-02 6.571491781947e-01
3.096250000000e+01 1.038130742821e-02 6.623227267492e-01
3.097500000000e+01 1.041630358246e-02 6.675299323509e-01
3.098750000000e+01 1.045152552704e-02 6.727654545836e-01
3.100000000000e+01 1.048692079284e-02 6.780235500828e-01
3.101250000000e+01 1.052243308820e-02 6.832980619227e-01
3.102500000000e+01 1.055800222566e-02 6.885824108423e-01
3.103750000000e+01 1.059356407135e-02 6.938695886412e-01
3.105000000000e+01 1.062905052067e-02 6.991521540971e-01
3.106250000000e+01 1.066438950369e-02 7.044222317693e-01
3.107500000000e+01 1.069950502408e-02 7.096715140652e-01
3.108750000000e+01 1.073431723537e-02 7.148912669499e-01
3.110000000000e+01 1.076874255810e-02 7.200723396776e-01
3.111250000000e+01 1.080269384136e-02 7.252051789122e-01
3.112500000000e+01 1.083608057210e-02 7.302798475853e-01
3.113750000000e+01 1.086880913502e-02 7.352860488080e-01
3.115000000000e+01 1.090078312547e-02 7.402131551121e-01
3.116250000000e+01 1.093190371723e-02 7.450502432409e-01
3.117500000000e+01 1.096207008607e-02 7.497861346421e-01
3.118750000000e+01 1.099117988963e-02 7.544094417362e-01
3.120000000000e+01 1.101912980243e-02 7.589086199388e-01
3.121250000000e+01 1.104581610440e-02 7.632720253121e-01
3.122500000000e+01 1.107113531967e-02 7.674879776033e-01
3.123750000000e+01 1.109498490143e-02 7.715448283042e-01
3.125000000000e+01 1.111726395685e-02 7.754310332374e-01
3.126250000000e+01 1.113787400531e-02 7.791352290393e-01
3.127500000000e+01 1.115671976150e-02 7.826463127801e-01
3.128750000000e+01 1.117370993370e-02 7.859535238351e-01
3.130000000000e+01 1.118875802685e-02 7.890465270022e-01
3.131250000000e+01 1.120178313853e-02 7.919154957642e-01
3.132500000000e+01 1.121271073584e-02 7.945511945071e-01
3.133750000000e+01 1.122147340018e-02 7.969450584510e-01
3.135000000000e+01 1.122801152740e-02 7.990892700185e-01
3.136250000000e+01 1.123227397028e-02 8.009768303668e-01
3.137500000000e+01 1.123421861165e-02 8.026016248427e-01
3.138750000000e+01 1.123381285652e-02 8.039584811883e-01
3.140000000000e+01 1.123103403360e-02 8.050432194275e-01
3.141250000000e+01 1.122586969745e-02 8.058526924946e-01
3.142500000000e+01 1.121831782495e-02 8.063848168310e-01
3.143750000000e+01 1.120838690129e-02 8.066385923607e-01
3.145000000000e+01 1.119609589329e-02 8.066141114629e-01
3.146250000000e+01 1.118147410995e-02 8.063125567744e-01
3.147500000000e+01 1.116456095237e-02 8.057361878794e-01
3.148750000000e+01 1.114540555780e-02 8.048883171650e-01
3.150000000000e+01 1.112406634411e-02 8.037732753300e-01
3.151250000000e+01 1.110061046351e-02 8.023963672329e-01
3.152500000000e+01 1.107511317536e-02 8.007638189344e-01
3.153750000000e+01 1.104765714980e-02 7.988827169400e-01
3.155000000000e+01 1.101833171451e-02 7.967609407611e-01
3.156250000000e+01 1.098723205771e-02 7.944070899973e-01
3.157500000000e+01 1.095445840080e-02 7.918304071918e-01
3.158750000000e+01 1.092011515394e-02 7.890406977254e-01
3.160000000000e+01 1.088431006721e-02 7.860482480019e-01
3.161250000000e+01 1.084715338990e-02 7.828637431290e-01
3.162500000000e+01 1.080875704880e-02 7.794981852301e-01
3.163750000000e+01 1.076923385587e-02 7.759628134307e-01
3.165000000000e+01 1.072869675382e-02 7.722690264543e-01
3.166250000000e+01 1.068725810731e-02 7.684283086405e-01
3.167500000000e+01 1.064502904556e-02 7.644521600739e-01
3.168750000000e+01 1.060211886108e-02 7.603520313795e-01
3.170000000000e+01 1.055863446766e-02 7.561392636088e-01
3.171250000000e+01 1.051467991954e-02 7.518250335213e-01
3.172500000000e+01 1.047035599240e-02 7.474203044419e-01
3.173750000000e+01 1.042575982577e-02 7.429357827696e-01
3.175000000000e+01 1.038098462558e-02 7.383818801173e-01
3.176250000000e+01 1.033611942451e-02 7.337686809716e-01
3.177500000000e+01 1.029124889752e-02 7.291059156967e-01
3.178750000000e+01 1.024645322889e-02 7.244029386402e-01
3.180000000000e+01 1.020180802738e-02 7.196687110545e-01
3.181250000000e+01 1.015738428513e-02 7.149117885122e-01
3.182500000000e+01 1.011324837633e-02 7.101403124671e-01
3.183750000000e+01 1.006946209133e-02 7.053620055980e-01
3.185000000000e+01 1.002608270198e-02 7.005841705680e-01
3.186250000000e+01 9.983163054051e-03 6.958136918281e-01
3.187500000000e+01 9.940751682863e-03 6.910570401077e-01
3.188750000000e+01 9.898892948241e-03 6.863202792396e-01
3.190000000000e+01 9.857627185357e-03 6.816090749890e-01
3.191250000000e+01 9.816990868173e-03 6.769287055728e-01
3.192500000000e+01 9.777016782457e-03 6.722840735752e-01
3.193750000000e+01 9.737734205770e-03 6.676797189927e-01
3.195000000000e+01 9.699169091835e-03 6.631198331601e-01
3.196250000000e+01 9.661344257350e-03 6.586082733364e-01
3.197500000000e+01 9.624279569104e-03 6.541485777495e-01
3.198750000000e+01 9.587992130044e-03 6.497439809250e-01
3.200000000000e+01 9.552496462653e-03 6.453974291405e-01
3.201250000000e+01 9.517804688656e-03 6.411115958733e-01
3.202500000000e+01 9.483926703966e-03 6.368888971230e-01
3.203750000000e+01 9.450870348113e-03 6.327315065110e-01
3.205000000000e+01 9.418641567599e-03 6.286413700750e-01
3.206250000000e+01 9.387244572640e-03 6.246202206888e-01
3.207500000000e+01 9.356681986928e-03 6.206695920544e-01
3.208750000000e+01 9.326954990340e-03 6.167908322224e-01
3.210000000000e+01 9.298063454271e-03 6.129851166078e-01
3.211250000000e+01 9.270006069729e-03 6.092534604784e-01
3.212500000000e+01 9.242780468108e-03 6.055967309002e-01
3.213750000000e+01 9.216383334776e-03 6.020156581310e-01
3.215000000000e+01 9.190810515665e-03 5.985108464601e-01
3.216250000000e+01 9.166057116978e-03 5.950827844959e-01
3.217500000000e+01 9.142117598275e-03 5.917318549089e-01
3.218750000000e+01 9.118985859198e-03 5.884583436398e-01
3.220000000000e+01 9.096655320033e-03 5.852624485853e-01
3.221250000000e+01 9.075118996504e-03 5.821442877781e-01
3.222500000000e+01 9.054369568929e-03 5.791039070775e-01
3.223750000000e+01 9.034399446185e-03 5.761412873878e-01
3.225000000000e+01 9.015200824674e-03 5.732563514269e-01
3.226250000000e+01 8.996765742566e-03 5.704489700614e-01
3.227500000000e+01 8.979086129726e-03 5.677189682322e-01
3.228750000000e+01 8.962153853438e-03 5.650661304876e-01
3.230000000000e+01 8.945960760347e-03 5.624902061477e-01
3.231250000000e+01 8.930498714771e-03 5.599909141170e-01
3.232500000000e+01 8.915759633678e-03 5.575679473677e-01
3.233750000000e+01 8.901735518608e-03 5.552209771117e-01
3.235000000000e+01 8.888418484660e-03 5.529496566800e-01
3.236250000000e+01 8.875800786931e-03 5.507536251281e-01
3.237500000000e+01 8.863874844414e-03 5.486325105852e-01
3.238750000000e+01 8.852633261712e-03 5.465859333626e-01
3.240000000000e+01 8.842068848710e-03 5.446135088392e-01
3.241250000000e+01 8.832174638313e-03 5.427148501384e-01
3.242500000000e+01 8.822943902519e-03 5.408895706101e-01
3.243750000000e+01 8.814370166918e-03 5.391372861346e-01
3.245000000000e+01 8.806447223723e-03 5.374576172577e-01
3.246250000000e+01 8.799169143609e-03 5.358501911728e-01
3.247500000000e+01 8.792530286310e-03 5.343146435597e-01
3.248750000000e+01 8.786525310241e-03 5.328506202922e-01
3.250000000000e+01 8.781149181158e-03 5.314577790242e-01
3.251250000000e+01 8.776397179976e-03 5.301357906657e-01
3.252500000000e+01 8.772264909920e-03 5.288843407555e-01
3.253750000000e+01 8.768748302944e-03 5.277031307418e-01
3.255000000000e+01 8.765843625683e-03 5.265918791777e-01
3.256250000000e+01 8.763547484841e-03 5.255503228390e-01
3.257500000000e+01 8.761856832197e-03 5.245782177725e-01
3.258750000000e+01 8.760768969293e-03 5.236753402809e-01
3.260000000000e+01 8.760281551766e-03 5.228414878505e-01
3.261250000000e+01 8.760392593526e-03 5.220764800288e-01
3.262500000000e+01 8.761100470701e-03 5.213801592561e-01
3.263750000000e+01 8.762403925469e-03 5.207523916571e-01
3.265000000000e+01 8.764302069828e-03 5.201930677984e-01
3.266250000000e+01 8.766794389279e-03 5.197021034136e-01
3.267500000000e+01 8.769880746564e-03 5.192794401045e-01
3.268750000000e+01 8.773561385399e-03 5.189250460184e-01
3.270000000000e+01 8.777836934273e-03 5.186389165086e-01
3.271250000000e+01 8.782708410392e-03 5.184210747791e-01
3.272500000000e+01 8.788177223687e-03 5.182715725190e-01
3.273750000000e+01 8.794245181064e-03 5.181904905284e-01
3.275000000000e+01 8.800914490758e-03 5.181779393398e-01
3.276250000000e+01 8.808187766932e-03 5.182340598364e-01
3.277500000000e+01 8.816068034539e-03 5.183590238725e-01
3.278750000000e+01 8.824558734375e-03 5.185530348953e-01
3.280000000000e+01 8.833663728466e-03 5.188163285734e-01
3.281250000000e+01 8.843387305722e-03 5.191491734326e-01
3.282500000000e+01 8.853734187886e-03 5.195518715018e-01
3.283750000000e+01 8.864709535884e-03 5.200247589710e-01
3.285000000000e+01 8.876318956417e-03 5.205682068627e-01
3.286250000000e+01 8.888568509024e-03 5.211826217200e-01
3.287500000000e+01 8.901464713457e-03 5.218684463113e-01
3.288750000000e+01 8.915014557454e-03 5.226261603548e-01
3.290000000000e+01 8.929225504962e-03 5.234562812638e-01
3.291250000000e+01 8.944105504711e-03 5.243593649137e-01
3.292500000000e+01 8.959662999301e-03 5.253360064333e-01
3.293750000000e+01 8.975906934655e-03 5.263868410206e-01
3.295000000000e+01 8.992846769949e-03 5.275125447848e-01
3.296250000000e+01 9.010492488049e-03 5.287138356161e-01
3.297500000000e+01 9.028854606334e-03 5.299914740828e-01
3.298750000000e+01 9.047944188078e-03 5.313462643588e-01
3.300000000000e+01 9.067772854260e-03 5.327790551802e-01
3.301250000000e+01 9.088352795866e-03 5.342907408334e-01
3.302500000000e+01 9.109696786737e-03 5.358822621734e-01
3.303750000000e+01 9.131818196810e-03 5.375546076753e-01
3.305000000000e+01 9.154731005952e-03 5.393088145163e-01
3.306250000000e+01 9.178449818216e-03 5.411459696905e-01
3.307500000000e+01 9.202989876593e-03 5.430672111554e-01
3.308750000000e+01 9.228367078269e-03 5.450737290099e-01
3.310000000000e+01 9.254597990292e-03 5.471667667032e-01
3.311250000000e+01 9.281699865740e-03 5.493476222735e-01
3.312500000000e+01 9.309690660299e-03 5.516176496161e-01
3.313750000000e+01 9.338589049204e-03 5.539782597776e-01
3.315000000000e+01 9.368414444642e-03 5.564309222769e-01
3.316250000000e+01 9.399187013408e-03 5.589771664473e-01
3.317500000000e+01 9.430927694929e-03 5.616185827996e-01
3.318750000000e+01 9.463658219498e-03 5.643568244009e-01
3.320000000000e+01 9.497401126689e-03 5.671936082662e-01
3.321250000000e+01 9.532179783968e-03 5.701307167562e-01
3.322500000000e+01 9.568018405235e-03 5.731699989769e-01
3.323750000000e+01 9.604942069438e-03 5.763133721747e-01
3.325000000000e+01 9.642976738953e-03 5.795628231173e-01
3.326250000000e+01 9.682149277726e-03 5.829204094536e-01
3.327500000000e+01 9.722487469021e-03 5.863882610408e-01
3.328750000000e+01 9.764020032566e-03 5.899685812286e-01
3.330000000000e+01 9.806776640996e-03 5.936636480850e-01
3.331250000000e+01 9.850787935340e-03 5.974758155513e-01
3.332500000000e+01 9.896085539286e-03 6.014075145057e-01
3.333750000000e+01 9.942702072097e-03 6.054612537189e-01
3.335000000000e+01 9.990671159706e-03 6.096396206782e-01
3.336250000000e+01 1.004002744382e-02 6.139452822538e-01
3.337500000000e+01 1.009080658855e-02 6.183809851819e-01
3.338750000000e+01 1.014304528414e-02 6.229495563294e-01
3.340000000000e+01 1.019678124748e-02 6.276539027071e-01
3.341250000000e+01 1.025205321861e-02 6.324970111883e-01
3.342500000000e+01 1.030890095288e-02 6.374819478899e-01
3.343750000000e+01 1.036736520787e-02 6.426118571632e-01
3.345000000000e+01 1.042748772449e-02 6.478899601385e-01
3.346250000000e+01 1.048931120140e-02 6.533195527582e-01
3.347500000000e+01 1.055287926164e-02 6.589040032299e-01
3.348750000000e+01 1.061823641072e-02 6.646467488163e-01
3.350000000000e+01 1.068542798478e-02 6.705512918757e-01
3.351250000000e+01 1.075450008758e-02 6.766211950543e-01
3.352500000000e+01 1.082549951501e-02 6.828600755184e-01
3.353750000000e+01 1.089847366539e-02 6.892715981079e-01
3.355000000000e+01 1.097347043390e-02 6.958594672732e-01
3.356250000000e+01 1.105053808913e-02 7.026274176484e-01
3.357500000000e+01 1.112972512973e-02 7.095792030949e-01
3.358750000000e+01 1.121108011871e-02 7.167185840355e-01
3.360000000000e+01 1.129465149286e-02 7.240493128775e-01
3.361250000000e+01 1.138048734453e-02 7.315751173088e-01
3.362500000000e+01 1.146863517257e-02 7.392996812267e-01
3.363750000000e+01 1.155914159927e-02 7.472266230408e-01
3.365000000000e+01 1.165205204959e-02 7.553594710665e-01
3.366250000000e+01 1.174741038872e-02 7.637016357054e-01
3.367500000000e+01 1.184525851397e-02 7.722563780845e-01
3.368750000000e+01 1.194563589647e-02 7.810267748028e-01
3.370000000000e+01 1.204857906774e-02 7.900156784124e-01
3.371250000000e+01 1.215412104663e-02 7.992256732421e-01
3.372500000000e+01 1.226229070098e-02 8.086590261491e-01
3.373750000000e+01 1.237311203898e-02 8.183176317755e-01
3.375000000000e+01 1.248660342475e-02 8.282029518726e-01
3.376250000000e+01 1.260277671265e-02 8.383159482572e-01
3.377500000000e+01 1.272163629524e-02 8.486570089682e-01
3.378750000000e+01 1.284317805977e-02 8.592258672146e-01
3.380000000000e+01 1.296738824890e-02 8.700215127356e-01
3.381250000000e+01 1.309424222177e-02 8.810420952500e-01
3.382500000000e+01 1.322370311285e-02 8.922848197433e-01
3.383750000000e+01 1.335572038725e-02 9.037458334463e-01
3.385000000000e+01 1.349022829301e-02 9.154201044901e-01
3.386250000000e+01 1.362714421317e-02 9.273012923963e-01
3.387500000000e+01 1.376636692325e-02 9.393816107748e-01
3.388750000000e+01 1.390777476346e-02 9.516516828648e-01
3.390000000000e+01 1.405122373869e-02 9.641003908752e-01
3.391250000000e+01 1.419654556473e-02 9.767147204537e-01
3.392500000000e+01 1.434354568470e-02 9.894796020579e-01
3.393750000000e+01 1.449200128596e-02 1.002377751502e+00
3.395000000000e+01 1.464165935550e-02 1.015389512523e+00
3.396250000000e+01 1.479223481938e-02 1.028492704829e+00
3.397500000000e+01 1.494340882058e-02 1.041662481779e+00
3.398750000000e+01 1.509482719854e-02 1.054871202520e+00
3.400000000000e+01 1.524609924216e-02 1.068088324154e+00
3.401250000000e+01 1.539679679700e-02 1.081280320169e+00
3.402500000000e+01 1.554645381480e-02 1.094410631994e+00
3.403750000000e+01 1.569456643885e-02 1.107439661056e+00
3.405000000000e+01 1.584059372300e-02 1.120324809021e+00
3.406250000000e+01 1.598395908156e-02 1.133020574007e+00
3.407500000000e+01 1.612405256369e-02 1.145478710287e+00
3.408750000000e+01 1.626023403663e-02 1.157648458413e+00
3.410000000000e+01 1.639183734689e-02 1.169476851553e+00
3.411250000000e+01 1.651817550704e-02 1.180909102293e+00
3.412500000000e+01 1.663854692708e-02 1.191889071952e+00
3.413750000000e+01 1.675224267372e-02 1.202359821835e+00
3.415000000000e+01 1.685855470006e-02 1.212264242645e+00
3.416250000000e+01 1.695678494122e-02 1.221545754693e+00
3.417500000000e+01 1.704625512274e-02 1.230149067746e+00
3.418750000000e+01 1.712631707914e-02 1.238020985438e+00
3.420000000000e+01 1.719636333380e-02 1.245111235491e+00
3.421250000000e+01 1.725583765170e-02 1.251373303763e+00
3.422500000000e+01 1.730424524692e-02 1.256765247658e+00
3.423750000000e+01 1.734116231132e-02 1.261250462977e+00
3.425000000000e+01 1.736624453081e-02 1.264798378076e+00
3.426250000000e+01 1.737923427445e-02 1.267385050337e+00
3.427500000000e+01 1.737996617828e-02 1.268993642594e+00
3.428750000000e+01 1.736837089939e-02 1.269614761043e+00
3.430000000000e+01 1.734447688448e-02 1.269246641324e+00
3.431250000000e+01 1.730841007566e-02 1.267895175410e+00
3.432500000000e+01 1.726039156018e-02 1.265573778385e+00
3.433750000000e+01 1.720073325506e-02 1.262303100725e+00
3.435000000000e+01 1.712983179476e-02 1.258110597803e+00
3.436250000000e+01 1.704816085790e-02 1.253029973699e+00
3.437500000000e+01 1.695626222061e-02 1.247100520654e+00
3.438750000000e+01 1.685473585906e-02 1.240366378447e+00
3.440000000000e+01 1.674422944014e-02 1.232875739500e+00
3.441250000000e+01 1.662542753684e-02 1.224680025663e+00
3.442500000000e+01 1.649904088755e-02 1.215833061472e+00
3.443750000000e+01 1.636579598604e-02 1.206390266472e+00
3.445000000000e+01 1.622642524793e-02 1.196407886162e+00
3.446250000000e+01 1.608165795129e-02 1.185942277564e+00
3.447500000000e+01 1.593221209836e-02 1.175049261597e+00
3.448750000000e+01 1.577878729553e-02 1.163783550616e+00
3.450000000000e+01 1.562205870181e-02 1.152198255866e+00
3.451250000000e+01 1.546267205405e-02 1.140344476340e+00
3.452500000000e+01 1.530123974258e-02 1.128270967743e+00
3.453750000000e+01 1.513833788179e-02 1.116023888024e+00
3.455000000000e+01 1.497450430006e-02 1.103646614172e+00
3.456250000000e+01 1.481023735807e-02 1.091179623808e+00
3.457500000000e+01 1.464599549679e-02 1.078660434320e+00
3.458750000000e+01 1.448219741324e-02 1.066123591968e+00
3.460000000000e+01 1.431922276263e-02 1.053600703372e+00
3.461250000000e+01 1.415741329031e-02 1.041120502045e+00
3.462500000000e+01 1.399707430327e-02 1.028708943073e+00
3.463750000000e+01 1.383847639921e-02 1.016389319635e+00
3.465000000000e+01 1.368185738034e-02 1.004182395701e+00
3.466250000000e+01 1.352742428821e-02 9.921065499239e-01
3.467500000000e+01 1.337535550553e-02 9.801779264645e-01
3.468750000000e+01 1.322580287955e-02 9.684105891201e-01
3.470000000000e+01 1.307889382979e-02 9.568166757776e-01
3.471250000000e+01 1.293473341074e-02 9.454065507712e-01
3.472500000000e+01 1.279340630624e-02 9.341889532402e-01
3.473750000000e+01 1.265497873862e-02 9.231711400303e-01
3.475000000000e+01 1.251950028023e-02 9.123590220715e-01
3.476250000000e+01 1.238700555928e-02 9.017572934911e-01
3.477500000000e+01 1.225751585567e-02 8.913695530006e-01
3.478750000000e+01 1.213104058461e-02 8.811984173158e-01
3.480000000000e+01 1.200757866902e-02 8.712456265540e-01
3.481250000000e+01 1.188711980249e-02 8.615121416963e-01
3.482500000000e+01 1.176964560662e-02 8.519982343104e-01
3.483750000000e+01 1.165513068716e-02 8.427035688172e-01
3.485000000000e+01 1.154354359416e-02 8.336272776381e-01
3.486250000000e+01 1.143484769173e-02 8.247680296050e-01
3.487500000000e+01 1.132900194323e-02 8.161240920366e-01
3.488750000000e+01 1.122596161782e-02 8.076933868959e-01
3.490000000000e+01 1.112567892433e-02 7.994735414499e-01
3.491250000000e+01 1.102810357798e-02 7.914619338408e-01
3.492500000000e+01 1.093318330573e-02 7.836557339712e-01
3.493750000000e+01 1.084086429531e-02 7.760519400894e-01
3.495000000000e+01 1.075109159308e-02 7.686474114398e-01
3.496250000000e+01 1.066380945533e-02 7.614388973265e-01
3.497500000000e+01 1.057896165744e-02 7.544230629136e-01
3.498750000000e+01 1.049649176491e-02 7.475965120676e-01
3.500000000000e+01 1.041634337013e-02 7.409558075197e-01
3.501250000000e+01 1.033846029815e-02 7.344974886114e-01
3.502500000000e+01 1.026278678487e-02 7.282180868598e-01
3.503750000000e+01 1.018926763031e-02 7.221141395636e-01
3.505000000000e+01 1.011784832981e-02 7.161822016498e-01
3.506250000000e+01 1.004847518535e-02 7.104188559439e-01
3.507500000000e+01 9.981095399335e-03 7.048207220301e-01
3.508750000000e+01 9.915657152833e-03 6.993844638538e-01
3.510000000000e+01 9.852109669805e-03 6.941067962009e-01
3.511250000000e+01 9.790403269258e-03 6.889844901805e-01
3.512500000000e+01 9.730489406516e-03 6.840143778206e-01
3.513750000000e+01 9.672320705027e-03 6.791933558790e-01
3.515000000000e+01 9.615850979848e-03 6.745183889599e-01
3.516250000000e+01 9.561035253820e-03 6.699865120168e-01
3.517500000000e+01 9.507829767438e-03 6.655948323167e-01
3.518750000000e+01 9.456191983163e-03 6.613405309297e-01
3.520000000000e+01 9.406080584970e-03 6.572208638038e-01
3.521250000000e+01 9.357455473829e-03 6.532331624774e-01
3.522500000000e+01 9.310277759599e-03 6.493748344755e-01
3.523750000000e+01 9.264509750021e-03 6.456433634343e-01
3.525000000000e+01 9.220114937102e-03 6.420363089879e-01
3.526250000000e+01 9.177057981422e-03 6.385513064539e-01
3.527500000000e+01 9.135304694733e-03 6.351860663456e-01
3.528750000000e+01 9.094822021059e-03 6.319383737376e-01
3.530000000000e+01 9.055578016738e-03 6.288060875086e-01
3.531250000000e+01 9.017541829527e-03 6.257871394821e-01
3.532500000000e+01 8.980683677042e-03 6.228795334824e-01
3.533750000000e+01 8.944974824795e-03 6.200813443241e-01
3.535000000000e+01 8.910387563818e-03 6.173907167473e-01
3.536250000000e+01 8.876895188247e-03 6.148058643126e-01
3.537500000000e+01 8.844471972814e-03 6.123250682663e-01
3.538750000000e+01 8.813093150440e-03 6.099466763860e-01
3.540000000000e+01 8.782734890047e-03 6.076691018145e-01
3.541250000000e+01 8.753374274580e-03 6.054908218908e-01
3.542500000000e+01 8.724989279450e-03 6.034103769821e-01
3.543750000000e+01 8.697558751303e-03 6.014263693261e-01
3.545000000000e+01 8.671062387274e-03 5.995374618849e-01
3.546250000000e+01 8.645480714773e-03 5.977423772172e-01
3.547500000000e+01 8.620795071742e-03 5.960398963711e-01
3.548750000000e+01 8.596987587537e-03 5.944288578010e-01
3.550000000000e+01 8.574041164367e-03 5.929081563112e-01
3.551250000000e+01 8.551939459331e-03 5.914767420284e-01
3.552500000000e+01 8.530666867148e-03 5.901336194048e-01
3.553750000000e+01 8.510208503422e-03 5.888778462534e-01
3.555000000000e+01 8.490550188649e-03 5.877085328162e-01
3.556250000000e+01 8.471678432823e-03 5.866248408674e-01
3.557500000000e+01 8.453580420696e-03 5.856259828508e-01
3.558750000000e+01 8.436243997737e-03 5.847112210529e-01
3.560000000000e+01 8.419657656687e-03 5.838798668123e-01
3.561250000000e+01 8.403810524825e-03 5.831312797644e-01
3.562500000000e+01 8.388692351859e-03 5.824648671223e-01
3.563750000000e+01 8.374293498433e-03 5.818800829937e-01
3.565000000000e+01 8.360604925345e-03 5.813764277335e-01
3.566250000000e+01 8.347618183325e-03 5.809534473319e-01
3.567500000000e+01 8.335325403502e-03 5.806107328373e-01
3.568750000000e+01 8.323719288457e-03 5.803479198138e-01
3.570000000000e+01 8.312793103871e-03 5.801646878333e-01
3.571250000000e+01 8.302540670852e-03 5.800607600002e-01
3.572500000000e+01 8.292956358751e-03 5.800359025092e-01
3.573750000000e+01 8.284035078657e-03 5.800899242353e-01
3.575000000000e+01 8.275772277425e-03 5.802226763550e-01
3.576250000000e+01 8.268163932257e-03 5.804340519972e-01
3.577500000000e+01 8.261206545895e-03 5.807239859248e-01
3.578750000000e+01 8.254897142299e-03 5.810924542434e-01
3.580000000000e+01 8.249233262910e-03 5.815394741385e-01
3.581250000000e+01 8.244212963432e-03 5.820651036384e-01
3.582500000000e+01 8.239834811081e-03 5.826694414026e-01
3.583750000000e+01 8.236097882426e-03 5.833526265334e-01
3.585000000000e+01 8.233001761636e-03 5.841148384113e-01
3.586250000000e+01 8.230546539278e-03 5.849562965500e-01
3.587500000000e+01 8.228732811541e-03 5.858772604722e-01
3.588750000000e+01 8.227561679909e-03 5.868780296022e-01
3.590000000000e+01 8.227034751339e-03 5.879589431756e-01
3.591250000000e+01 8.227154138756e-03 5.891203801628e-01
3.592500000000e+01 8.227922462071e-03 5.903627592041e-01
3.593750000000e+01 8.229342849512e-03 5.916865385562e-01
3.595000000000e+01 8.231418939348e-03 5.930922160445e-01
3.596250000000e+01 8.234154881995e-03 5.945803290221e-01
3.597500000000e+01 8.237555342399e-03 5.961514543295e-01
3.598750000000e+01 8.241625502773e-03 5.978062082543e-01
3.600000000000e+01 8.246371065603e-03 5.995452464868e-01
3.601250000000e+01 8.251798256855e-03 6.013692640671e-01
3.602500000000e+01 8.257913829490e-03 6.032789953217e-01
3.603750000000e+01 8.264725067078e-03 6.052752137830e-01
3.605000000000e+01 8.272239787622e-03 6.073587320895e-01
3.606250000000e+01 8.280466347451e-03 6.095304018593e-01
3.607500000000e+01 8.289413645168e-03 6.117911135339e-01
3.608750000000e+01 8.299091125639e-03 6.141417961841e-01
3.610000000000e+01 8.309508783901e-03 6.165834172730e-01
3.611250000000e+01 8.320677168973e-03 6.191169823681e-01
3.612500000000e+01 8.332607387492e-03 6.217435347959e-01
3.613750000000e+01 8.345311107080e-03 6.244641552290e-01
3.615000000000e+01 8.358800559412e-03 6.272799611985e-01
3.616250000000e+01 8.373088542810e-03 6.301921065196e-01
3.617500000000e+01 8.388188424364e-03 6.332017806219e-01
3.618750000000e+01 8.404114141397e-03 6.363102077706e-01
3.620000000000e+01 8.420880202147e-03 6.395186461666e-01
3.621250000000e+01 8.438501685639e-03 6.428283869122e-01
3.622500000000e+01 8.456994240452e-03 6.462407528258e-01
3.623750000000e+01 8.476374082367e-03 6.497570970908e-01
3.625000000000e+01 8.496657990618e-03 6.533788017197e-01
3.626250000000e+01 8.517863302600e-03 6.571072758142e-01
3.627500000000e+01 8.540007906869e-03 6.609439536011e-01
3.628750000000e+01 8.563110234099e-03 6.648902922206e-01
3.630000000000e+01 8.587189245913e-03 6.689477692431e-01
3.631250000000e+01 8.612264421143e-03 6.731178798871e-01
3.632500000000e+01 8.638355739363e-03 6.774021339112e-01
3.633750000000e+01 8.665483661363e-03 6.818020521480e-01
3.635000000000e+01 8.693669106142e-03 6.863191626477e-01
3.636250000000e+01 8.722933424177e-03 6.909549963958e-01
3.637500000000e+01 8.753298366465e-03 6.957110825663e-01
3.638750000000e+01 8.784786048978e-03 7.005889432711e-01
3.640000000000e+01 8.817418912050e-03 7.055900877600e-01
3.641250000000e+01 8.851219674188e-03 7.107160060274e-01
3.642500000000e+01 8.886211279839e-03 7.159681617742e-01
3.643750000000e+01 8.922416840475e-03 7.213479846747e-01
3.645000000000e+01 8.959859568423e-03 7.268568618918e-01
3.646250000000e+01 8.998562702870e-03 7.324961287839e-01
3.647500000000e+01 9.038549427233e-03 7.382670587417e-01
3.648750000000e+01 9.079842777354e-03 7.441708520914e-01
3.650000000000e+01 9.122465539600e-03 7.502086239997e-01
3.651250000000e+01 9.166440138218e-03 7.563813913104e-01
3.652500000000e+01 9.211788511114e-03 7.626900582454e-01
3.653750000000e+01 9.258531973137e-03 7.691354008964e-01
3.655000000000e+01 9.306691066150e-03 7.757180504386e-01
3.656250000000e+01 9.356285394889e-03 7.824384749929e-01
3.657500000000e+01 9.407333447792e-03 7.892969600693e-01
3.658750000000e+01 9.459852401994e-03 7.962935875220e-01
3.660000000000e+01 9.513857911454e-03 8.034282129551e-01
3.661250000000e+01 9.569363877632e-03 8.107004415210e-01
3.662500000000e+01 9.626382201775e-03 8.181096020624e-01
3.663750000000e+01 9.684922518182e-03 8.256547195590e-01
3.665000000000e+01 9.744991907939e-03 8.333344858538e-01
3.666250000000e+01 9.806594592519e-03 8.411472286479e-01
3.667500000000e+01 9.869731607164e-03 8.490908787766e-01
3.668750000000e+01 9.934400453759e-03 8.571629357975e-01
3.670000000000e+01 1.000059473353e-02 8.653604319556e-01
3.671250000000e+01 1.006830376002e-02 8.736798946199e-01
3.672500000000e+01 1.013751215304e-02 8.821173073229e-01
3.673750000000e+01 1.020819941503e-02 8.906680695848e-01
3.675000000000e+01 1.028033949138e-02 8.993269557447e-01
3.676250000000e+01 1.035390031701e-02 9.080880730872e-01
3.677500000000e+01 1.042884335212e-02 9.169448196066e-01
3.678750000000e+01 1.050512311052e-02 9.258898418260e-01
3.680000000000e+01 1.058268668503e-02 9.349149931581e-01
3.681250000000e+01 1.066147327472e-02 9.440112933791e-01
3.682500000000e+01 1.074141372026e-02 9.531688898669e-01
3.683750000000e+01 1.082243005408e-02 9.623770213460e-01
3.685000000000e+01 1.090443507316e-02 9.716239849684e-01
3.686250000000e+01 1.098733194326e-02 9.808971076483e-01
3.687500000000e+01 1.107101384434e-02 9.901827226550e-01
3.688750000000e+01 1.115536366769e-02 9.994661525443e-01
3.690000000000e+01 1.124025377639e-02 1.008731699577e+00
3.691250000000e+01 1.132554584109e-02 1.017962644828e+00
3.692500000000e+01 1.141109076398e-02 1.027141257214e+00
3.693750000000e+01 1.149672870383e-02 1.036248813691e+00
3.695000000000e+01 1.158228921515e-02 1.045265631828e+00
3.696250000000e+01 1.166759151440e-02 1.054171115919e+00
3.697500000000e+01 1.175244488496e-02 1.062943817697e+00
3.698750000000e+01 1.183664923208e-02 1.071561512541e+00
3.700000000000e+01 1.191999579678e-02 1.080001291900e+00
3.701250000000e+01 1.200226803603e-02 1.088239672394e+00
3.702500000000e+01 1.208324267332e-02 1.096252721737e+00
3.703750000000e+01 1.216269092090e-02 1.104016201295e+00
3.705000000000e+01 1.224037987108e-02 1.111505724683e+00
3.706250000000e+01 1.231607404958e-02 1.118696931350e+00
3.707500000000e+01 1.238953711965e-02 1.125565673676e+00
3.708750000000e+01 1.246053372091e-02 1.132088215567e+00
3.710000000000e+01 1.252883142165e-02 1.138241440112e+00
3.711250000000e+01 1.259420275907e-02 1.144003063374e+00
3.712500000000e+01 1.265642733716e-02 1.149351850986e+00
3.713750000000e+01 1.271529394816e-02 1.154267833881e+00
3.715000000000e+01 1.277060268045e-02 1.158732519212e+00
3.716250000000e+01 1.282216697331e-02 1.162729092359e+00
3.717500000000e+01 1.286981557812e-02 1.166242605904e+00
3.718750000000e+01 1.291339438552e-02 1.169260151514e+00
3.720000000000e+01 1.295276807962e-02 1.171771010932e+00
3.721250000000e+01 1.298782158333e-02 1.173766782633e+00
3.722500000000e+01 1.301846126259e-02 1.175241481186e+00
3.723750000000e+01 1.304461586309e-02 1.176191606996e+00
3.725000000000e+01 1.306623715909e-02 1.176616184770e+00
3.726250000000e+01 1.308330030098e-02 1.176516769832e+00
3.727500000000e+01 1.309580385609e-02 1.175897422209e+00
3.728750000000e+01 1.310376954449e-02 1.174764649201e+00
3.730000000000e+01 1.310724167973e-02 1.173127317916e+00
3.731250000000e+01 1.310628633077e-02 1.170996539983e+00
3.732500000000e+01 1.310099022859e-02 1.168385531218e+00
3.733750000000e+01 1.309145944577e-02 1.165309449601e+00
3.735000000000e+01 1.307781788189e-02 1.161785215238e+00
3.736250000000e+01 1.306020559066e-02 1.157831316271e+00
3.737500000000e+01 1.303877698624e-02 1.153467604794e+00
3.738750000000e+01 1.301369896701e-02 1.148715086835e+00
3.740000000000e+01 1.298514899421e-02 1.143595710294e+00
3.741250000000e+01 1.295331316087e-02 1.138132154529e+00
3.742500000000e+01 1.291838428440e-02 1.132347624911e+00
3.743750000000e+01 1.288056005222e-02 1.126265655305e+00
3.745000000000e+01 1.284004124628e-02 1.119909920997e+00
3.746250000000e+01 1.279703006823e-02 1.113304064085e+00
3.747500000000e+01 1.275172858223e-02 1.106471532951e+00
3.748750000000e+01 1.270433728868e-02 1.099435436907e+00
3.750000000000e+01 1.265505383744e-02 1.092218416725e+00
3.751250000000e+01 1.260407188584e-02 1.084842531346e+00
3.752500000000e+01 1.255158010286e-02 1.077329160702e+00
3.753750000000e+01 1.249776131806e-02 1.069698924315e+00
3.755000000000e+01 1.244279181123e-02 1.061971615040e+00
3.756250000000e+01 1.238684073656e-02 1.054166147162e+00
3.757500000000e+01 1.233006967346e-02 1.046300517861e+00
3.758750000000e+01 1.227263229509e-02 1.038391780986e+00
3.760000000000e+01 1.221467414450e-02 1.030456031989e+00
3.761250000000e+01 1.215633250822e-02 1.022508402843e+00
3.762500000000e+01 1.209773637658e-02 1.014563065776e+00
3.763750000000e+01 1.203900648031e-02 1.006633244665e+00
3.765000000000e+01 1.198025539323e-02 9.987312329786e-01
3.766250000000e+01 1.192158769125e-02 9.908684172292e-01
3.767500000000e+01 1.186310015860e-02 9.830553049493e-01
3.768750000000e+01 1.180488203257e-02 9.753015562964e-01
3.770000000000e+01 1.174701527907e-02 9.676160184674e-01
3.771250000000e+01 1.168957489202e-02 9.600067621884e-01
3.772500000000e+01 1.163262920996e-02 9.524811196292e-01
3.773750000000e+01 1.157624024460e-02 9.450457231703e-01
3.775000000000e+01 1.152046401620e-02 9.377065445268e-01
3.776250000000e+01 1.146535089152e-02 9.304689338081e-01
3.777500000000e+01 1.141094592101e-02 9.233376581539e-01
3.778750000000e+01 1.135728917179e-02 9.163169396516e-01
3.780000000000e+01 1.130441605429e-02 9.094104922929e-01
3.781250000000e+01 1.125235764024e-02 9.026215577773e-01
3.782500000000e+01 1.120114097052e-02 8.959529400137e-01
3.783750000000e+01 1.115078935162e-02 8.894070382088e-01
3.785000000000e+01 1.110132263967e-02 8.829858784640e-01
3.786250000000e+01 1.105275751157e-02 8.766911438324e-01
3.787500000000e+01 1.100510772268e-02 8.705242028098e-01
3.788750000000e+01 1.095838435090e-02 8.644861362546e-01
3.790000000000e+01 1.091259602721e-02 8.585777627497e-01
3.791250000000e+01 1.086774915259e-02 8.527996624299e-01
3.792500000000e+01 1.082384810186e-02 8.471521993135e-01
3.793750000000e+01 1.078089541438e-02 8.416355421831e-01
3.795000000000e+01 1.073889197238e-02 8.362496840668e-01
3.796250000000e+01 1.069783716716e-02 8.309944603775e-01
3.797500000000e+01 1.065772905366e-02 8.258695657710e-01
3.798750000000e+01 1.061856449406e-02 8.208745697850e-01
3.800000000000e+01 1.058033929088e-02 8.160089313222e-01
3.801250000000e+01 1.054304830998e-02 8.112720120424e-01
3.802500000000e+01 1.050668559441e-02 8.066630887257e-01
3.803750000000e+01 1.047124446912e-02 8.021813646701e-01
3.805000000000e+01 1.043671763758e-02 7.978259801830e-01
3.806250000000e+01 1.040309727051e-02 7.935960222261e-01
3.807500000000e+01 1.037037508731e-02 7.894905332701e-01
3.808750000000e+01 1.033854243077e-02 7.855085194134e-01
3.810000000000e+01 1.030759033534e-02 7.816489578160e-01
3.811250000000e+01 1.027750958967e-02 7.779108034986e-01
3.812500000000e+01 1.024829079355e-02 7.742929955531e-01
3.813750000000e+01 1.021992440986e-02 7.707944628078e-01
3.815000000000e+01 1.019240081187e-02 7.674141289899e-01
3.816250000000e+01 1.016571032615e-02 7.641509174236e-01
3.817500000000e+01 1.013984327159e-02 7.610037552994e-01
3.818750000000e+01 1.011478999467e-02 7.579715775510e-01
3.820000000000e+01 1.009054090138e-02 7.550533303688e-01
3.821250000000e+01 1.006708648609e-02 7.522479743820e-01
3.822500000000e+01 1.004441735748e-02 7.495544875354e-01
3.823750000000e+01 1.002252426199e-02 7.469718676880e-01
3.825000000000e+01 1.000139810477e-02 7.444991349552e-01
3.826250000000e+01 9.981029968499e-03 7.421353338192e-01
3.827500000000e+01 9.961411130244e-03 7.398795350255e-01
3.828750000000e+01 9.942533076449e-03 7.377308372865e-01
3.830000000000e+01 9.924387516330e-03 7.356883688081e-01
3.831250000000e+01 9.906966393734e-03 7.337512886564e-01
3.832500000000e+01 9.890261897621e-03 7.319187879788e-01
3.833750000000e+01 9.874266471376e-03 7.301900910930e-01
3.835000000000e+01 9.858972820924e-03 7.285644564576e-01
3.836250000000e+01 9.844373921902e-03 7.270411775335e-01
3.837500000000e+01 9.830463025886e-03 7.256195835497e-01
3.838750000000e+01 9.817233665779e-03 7.242990401802e-01
3.840000000000e+01 9.804679660529e-03 7.230789501429e-01
3.841250000000e+01 9.792795119107e-03 7.219587537278e-01
3.842500000000e+01 9.781574443919e-03 7.209379292615e-01
3.843750000000e+01 9.771012333730e-03 7.200159935158e-01
3.845000000000e+01 9.761103786030e-03 7.191925020647e-01
3.846250000000e+01 9.751844099067e-03 7.184670495975e-01
3.847500000000e+01 9.743228873435e-03 7.178392701904e-01
3.848750000000e+01 9.735254013344e-03 7.173088375437e-01
3.850000000000e+01 9.727915727643e-03 7.168754651860e-01
3.851250000000e+01 9.721210530482e-03 7.165389066508e-01
3.852500000000e+01 9.715135241839e-03 7.162989556275e-01
3.853750000000e+01 9.709686987779e-03 7.161554460900e-01
3.855000000000e+01 9.704863200520e-03 7.161082524042e-01
3.856250000000e+01 9.700661618391e-03 7.161572894183e-01
3.857500000000e+01 9.697080285557e-03 7.163025125354e-01
3.858750000000e+01 9.694117551671e-03 7.165439177700e-01
3.860000000000e+01 9.691772071374e-03 7.168815417910e-01
3.861250000000e+01 9.690042803627e-03 7.173154619489e-01
3.862500000000e+01 9.688929011016e-03 7.178457962904e-01
3.863750000000e+01 9.688430258840e-03 7.184727035576e-01
3.865000000000e+01 9.688546414165e-03 7.191963831740e-01
3.866250000000e+01 9.689277644695e-03 7.200170752141e-01
3.867500000000e+01 9.690624417526e-03 7.209350603573e-01
3.868750000000e+01 9.692587497805e-03 7.219506598243e-01
3.870000000000e+01 9.695167947149e-03 7.230642352938e-01
3.871250000000e+01 9.698367121992e-03 7.242761887979e-01
3.872500000000e+01 9.702186671685e-03 7.255869625936e-01
3.873750000000e+01 9.706628536391e-03 7.269970390077e-01
3.875000000000e+01 9.711694944800e-03 7.285069402519e-01
3.876250000000e+01 9.717388411506e-03 7.301172282040e-01
3.877500000000e+01 9.723711734171e-03 7.318285041521e-01
3.878750000000e+01 9.730667990320e-03 7.336414084961e-01
3.880000000000e+01 9.738260533748e-03 7.355566204023e-01
3.881250000000e+01 9.746492990594e-03 7.375748574051e-01
3.882500000000e+01 9.755369254868e-03 7.396968749497e-01
3.883750000000e+01 9.764893483549e-03 7.419234658692e-01
3.885000000000e+01 9.775070091064e-03 7.442554597887e-01
3.886250000000e+01 9.785903743131e-03 7.466937224474e-01
3.887500000000e+01 9.797399349981e-03 7.492391549318e-01
3.888750000000e+01 9.809562058675e-03 7.518926928078e-01
3.890000000000e+01 9.822397244696e-03 7.546553051431e-01
3.891250000000e+01 9.835910502516e-03 7.575279934084e-01
3.892500000000e+01 9.850107635128e-03 7.605117902428e-01
3.893750000000e+01 9.864994642486e-03 7.636077580734e-01
3.895000000000e+01 9.880577708604e-03 7.668169875714e-01
3.896250000000e+01 9.896863187354e-03 7.701405959302e-01
3.897500000000e+01 9.913857586714e-03 7.735797249490e-01
3.898750000000e+01 9.931567551335e-03 7.771355389025e-01
3.900000000000e+01 9.949999843374e-03 7.808092221769e-01
3.901250000000e+01 9.969161321284e-03 7.846019766515e-01
3.902500000000e+01 9.989058916513e-03 7.885150188025e-01
3.903750000000e+01 1.000969960784e-02 7.925495765034e-01
3.905000000000e+01 1.003109039318e-02 7.967068854980e-01
3.906250000000e+01 1.005323825864e-02 8.009881855140e-01
3.907500000000e+01 1.007615014461e-02 8.053947159903e-01
3.908750000000e+01 1.009983290859e-02 8.099277113838e-01
3.910000000000e+01 1.012429328462e-02 8.145883960206e-01
3.911250000000e+01 1.014953783880e-02 8.193779784572e-01
3.912500000000e+01 1.017557292098e-02 8.242976453105e-01
3.913750000000e+01 1.020240461186e-02 8.293485545170e-01
3.915000000000e+01 1.023003866563e-02 8.345318279768e-01
3.916250000000e+01 1.025848044750e-02 8.398485435375e-01
3.917500000000e+01 1.028773486584e-02 8.452997262700e-01
3.918750000000e+01 1.031780629874e-02 8.508863389860e-01
3.920000000000e+01 1.034869851435e-02 8.566092719462e-01
3.921250000000e+01 1.038041458487e-02 8.624693317045e-01
3.922500000000e+01 1.041295679359e-02 8.684672290342e-01
3.923750000000e+01 1.044632653478e-02 8.746035658797e-01
3.925000000000e+01 1.048052420591e-02 8.808788212767e-01
3.926250000000e+01 1.051554909181e-02 8.872933361842e-01
3.927500000000e+01 1.055139924059e-02 8.938472971716e-01
3.928750000000e+01 1.058807133069e-02 9.005407189066e-01
3.930000000000e+01 1.062556052894e-02 9.073734253892e-01
3.931250000000e+01 1.066386033929e-02 9.143450298852e-01
3.932500000000e+01 1.070296244188e-02 9.214549135120e-01
3.933750000000e+01 1.074285652251e-02 9.287022024398e-01
3.935000000000e+01 1.078353009205e-02 9.360857436784e-01
3.936250000000e+01 1.082496829615e-02 9.436040794274e-01
3.937500000000e+01 1.086715371509e-02 9.512554199857e-01
3.938750000000e+01 1.091006615410e-02 9.590376152244e-01
3.940000000000e+01 1.095368242459e-02 9.669481246511e-01
3.941250000000e+01 1.099797611676e-02 9.749839861110e-01
3.942500000000e+01 1.104291736438e-02 9.831417831977e-01
3.943750000000e+01 1.108847260289e-02 9.914176114728e-01
3.945000000000e+01 1.113460432186e-02 9.998070436283e-01
3.946250000000e+01 1.118127081370e-02 1.008305093762e+00
3.947500000000e+01 1.122842592017e-02 1.016906180975e+00
3.948750000000e+01 1.127601877931e-02 1.025604092560e+00
3.950000000000e+01 1.132399357530e-02 1.034391947071e+00
3.951250000000e+01 1.137228929438e-02 1.043262157660e+00
3.952500000000e+01 1.142083949040e-02 1.052206396094e+00
3.953750000000e+01 1.146957206411e-02 1.061215557944e+00
3.955000000000e+01 1.151840906058e-02 1.070279729495e+00
3.956250000000e+01 1.156726649001e-02 1.079388157024e+00
3.957500000000e+01 1.161605417716e-02 1.088529219102e+00
3.958750000000e+01 1.166467564573e-02 1.097690402720e+00
3.960000000000e+01 1.171302804383e-02 1.106858284046e+00
3.961250000000e+01 1.176100211745e-02 1.116018514697e+00
3.962500000000e+01 1.180848223913e-02 1.125155814489e+00
3.963750000000e+01 1.185534649884e-02 1.134253971618e+00
3.965000000000e+01 1.190146686467e-02 1.143295851290e+00
3.966250000000e+01 1.194670942032e-02 1.152263413816e+00
3.967500000000e+01 1.199093468631e-02 1.161137743157e+00
3.968750000000e+01 1.203399803145e-02 1.169899086866e+00
3.970000000000e+01 1.207575017980e-02 1.178526908326e+00
3.971250000000e+01 1.211603781793e-02 1.186999952020e+00
3.972500000000e+01 1.215470430541e-02 1.195296322478e+00
3.973750000000e+01 1.219159049011e-02 1.203393577328e+00
3.975000000000e+01 1.222653562797e-02 1.211268834656e+00
3.976250000000e+01 1.225937840429e-02 1.218898894630e+00
3.977500000000e+01 1.228995805172e-02 1.226260375027e+00
3.978750000000e+01 1.231811555687e-02 1.233329859972e+00
3.980000000000e+01 1.234369494500e-02 1.240084060845e+00
3.981250000000e+01 1.236654462929e-02 1.246499987924e+00
3.982500000000e+01 1.238651880819e-02 1.252555130972e+00
3.983750000000e+01 1.240347889198e-02 1.258227646581e+00
3.985000000000e+01 1.241729493684e-02 1.263496549742e+00
3.986250000000e+01 1.242784706291e-02 1.268341906821e+00
3.987500000000e+01 1.243502683135e-02 1.272745026816e+00
3.988750000000e+01 1.243873855412e-02 1.276688647623e+00
3.990000000000e+01 1.243890051040e-02 1.280157113914e+00
3.991250000000e+01 1.243544604381e-02 1.283136543214e+00
3.992500000000e+01 1.242832451599e-02 1.285614976849e+00
3.993750000000e+01 1.241750209455e-02 1.287582512648e+00
3.995000000000e+01 1.240296235585e-02 1.289031416558e+00
3.996250000000e+01 1.238470668746e-02 1.289956210727e+00
3.997500000000e+01 1.236275447870e-02 1.290353736110e+00
3.998750000000e+01 1.233714309296e-02 1.290223188178e+00
4.000000000000e+01 1.230792762036e-02 1.289566124936e+00
4.001250000000e+01 1.227518041417e-02 1.288386447086e+00
4.002500000000e+01 1.223899042010e-02 1.286690350789e+00
4.003750000000e+01 1.219946231148e-02 1.284486254147e+00
4.005000000000e+01 1.215671544830e-02 1.281784699055e+00
4.006250000000e+01 1.211088268152e-02 1.278598230640e+00
4.007500000000e+01 1.206210902686e-02 1.274941256895e+00
4.008750000000e+01 1.201055023456e-02 1.270829891506e+00
4.010000000000e+01 1.195637128280e-02 1.266281783089e+00
4.011250000000e+01 1.189974482279e-02 1.261315934199e+00
4.012500000000e+01 1.184084960330e-02 1.255952513511e+00
4.013750000000e+01 1.177986890083e-02 1.250212664519e+00
4.015000000000e+01 1.171698898034e-02 1.244118313937e+00
4.016250000000e+01 1.165239760849e-02 1.237691982777e+00
4.017500000000e+01 1.158628263898e-02 1.230956602782e+00
4.018750000000e+01 1.151883068641e-02 1.223935340567e+00
4.020000000000e+01 1.145022590165e-02 1.216651431459e+00
4.021250000000e+01 1.138064885891e-02 1.209128024657e+00
4.022500000000e+01 1.131027556123e-02 1.201388040942e+00
4.023750000000e+01 1.123927656811e-02 1.193454043827e+00
4.025000000000e+01 1.116781624664e-02 1.185348124651e+00
4.026250000000e+01 1.109605214468e-02 1.177091801858e+00
4.027500000000e+01 1.102413448264e-02 1.168705934379e+00
4.028750000000e+01 1.095220575886e-02 1.160210648793e+00
4.030000000000e+01 1.088040046183e-02 1.151625279778e+00
4.031250000000e+01 1.080884488182e-02 1.142968323145e+00
4.032500000000e+01 1.073765701341e-02 1.134257400656e+00
4.033750000000e+01 1.066694654000e-02 1.125509235723e+00
4.035000000000e+01 1.059681489149e-02 1.116739639033e+00
4.036250000000e+01 1.052735536584e-02 1.107963503095e+00
4.037500000000e+01 1.045865330572e-02 1.099194804729e+00
4.038750000000e+01 1.039078632184e-02 1.090446614501e+00
4.040000000000e+01 1.032382455471e-02 1.081731112163e+00
4.041250000000e+01 1.025783096759e-02 1.073059607188e+00
4.042500000000e+01 1.019286166330e-02 1.064442563554e+00
4.043750000000e+01 1.012896621909e-02 1.055889627983e+00
4.045000000000e+01 1.006618803352e-02 1.047409660922e+00
4.046250000000e+01 1.000456468057e-02 1.039010769599e+00
4.047500000000e+01 9.944128266567e-03 1.030700342578e+00
4.048750000000e+01 9.884905786044e-03 1.022485085294e+00
4.050000000000e+01 9.826919473453e-03 1.014371056096e+00
4.051250000000e+01 9.770187147909e-03 1.006363702434e+00
4.052500000000e+01 9.714722548881e-03 9.984678968231e-01
4.053750000000e+01 9.660535660866e-03 9.906879723169e-01
4.055000000000e+01 9.607633025806e-03 9.830277572530e-01
4.056250000000e+01 9.556018042157e-03 9.754906090730e-01
4.057500000000e+01 9.505691249789e-03 9.680794470679e-01
4.058750000000e+01 9.456650600352e-03 9.607967839287e-01
4.060000000000e+01 9.408891712765e-03 9.536447560152e-01
4.061250000000e+01 9.362408113798e-03 9.466251522799e-01
4.062500000000e+01 9.317191463867e-03 9.397394418105e-01
4.063750000000e+01 9.273231768220e-03 9.329887999707e-01
4.065000000000e+01 9.230517573950e-03 9.263741331376e-01
4.066250000000e+01 9.189036153159e-03 9.198961020460e-01
4.067500000000e+01 9.148773672828e-03 9.135551437642e-01
4.068750000000e+01 9.109715351975e-03 9.073514923317e-01
4.070000000000e+01 9.071845606569e-03 9.012851980985e-01
4.071250000000e+01 9.035148182970e-03 8.953561458112e-01
4.072500000000e+01 8.999606280338e-03 8.895640714947e-01
4.073750000000e+01 8.965202662762e-03 8.839085781816e-01
4.075000000000e+01 8.931919761707e-03 8.783891505435e-01
4.076250000000e+01 8.899739769317e-03 8.730051684791e-01
4.077500000000e+01 8.868644723278e-03 8.677559197143e-01
4.078750000000e+01 8.838616583734e-03 8.626406114695e-01
4.080000000000e+01 8.809637302830e-03 8.576583812493e-01
4.081250000000e+01 8.781688887509e-03 8.528083068056e-01
4.082500000000e+01 8.754753455882e-03 8.480894153283e-01
4.083750000000e+01 8.728813287891e-03 8.435006919111e-01
4.085000000000e+01 8.703850870537e-03 8.390410873423e-01
4.086250000000e+01 8.679848938190e-03 8.347095252656e-01
4.087500000000e+01 8.656790508418e-03 8.305049087546e-01
4.088750000000e+01 8.634658913622e-03 8.264261263431e-01
4.090000000000e+01 8.613437828974e-03 8.224720575511e-01
4.091250000000e+01 8.593111296843e-03 8.186415779427e-01
4.092500000000e+01 8.573663748129e-03 8.149335637527e-01
4.093750000000e+01 8.555080020798e-03 8.113468961135e-01
4.095000000000e+01 8.537345375795e-03 8.078804649147e-01
4.096250000000e+01 8.520445510707e-03 8.045331723242e-01
4.097500000000e+01 8.504366571317e-03 8.013039359984e-01
4.098750000000e+01 8.489095161288e-03 7.981916920062e-01
4.100000000000e+01 8.474618350254e-03 7.951953974927e-01
4.101250000000e+01 8.460923680333e-03 7.923140331023e-01
4.102500000000e+01 8.447999171421e-03 7.895466051843e-01
4.103750000000e+01 8.435833325293e-03 7.868921477993e-01
4.105000000000e+01 8.424415128681e-03 7.843497245441e-01
4.106250000000e+01 8.413734055529e-03 7.819184302127e-01
4.107500000000e+01 8.403780068419e-03 7.795973923087e-01
4.108750000000e+01 8.394543619416e-03 7.773857724225e-01
4.110000000000e+01 8.386015650345e-03 7.752827674890e-01
4.111250000000e+01 8.378187592570e-03 7.732876109351e-01
4.112500000000e+01 8.371051366501e-03 7.713995737323e-01
4.113750000000e+01 8.364599380715e-03 7.696179653610e-01
4.115000000000e+01 8.358824530934e-03 7.679421347004e-01
4.116250000000e+01 8.353720198810e-03 7.663714708496e-01
4.117500000000e+01 8.349280250607e-03 7.649054038921e-01
4.118750000000e+01 8.345499035911e-03 7.635434056075e-01
4.120000000000e+01 8.342371386251e-03 7.622849901421e-01
4.121250000000e+01 8.339892613873e-03 7.611297146417e-01
4.122500000000e+01 8.338058510560e-03 7.600771798547e-01
4.123750000000e+01 8.336865346588e-03 7.591270307117e-01
4.125000000000e+01 8.336309869905e-03 7.582789568856e-01
4.126250000000e+01 8.336389305439e-03 7.575326933387e-01
4.127500000000e+01 8.337101354723e-03 7.568880208614e-01
4.128750000000e+01 8.338444195739e-03 7.563447666061e-01
4.130000000000e+01 8.340416483031e-03 7.559028046216e-01
4.131250000000e+01 8.343017348198e-03 7.555620563911e-01
4.132500000000e+01 8.346246400654e-03 7.553224913778e-01
4.133750000000e+01 8.350103728803e-03 7.551841275821e-01
4.135000000000e+01 8.354589901547e-03 7.551470321128e-01
4.136250000000e+01 8.359705970197e-03 7.552113217752e-01
4.137500000000e+01 8.365453470841e-03 7.553771636809e-01
4.138750000000e+01 8.371834427052e-03 7.556447758796e-01
4.140000000000e+01 8.378851353139e-03 7.560144280171e-01
4.141250000000e+01 8.386507257792e-03 7.564864420221e-01
4.142500000000e+01 8.394805648213e-03 7.570611928230e-01
4.143750000000e+01 8.403750534770e-03 7.577391090979e-01
4.145000000000e+01 8.413346436097e-03 7.585206740607e-01
4.146250000000e+01 8.423598384764e-03 7.594064262833e-01
4.147500000000e+01 8.434511933453e-03 7.603969605583e-01
4.148750000000e+01 8.446093161641e-03 7.614929288022e-01
4.150000000000e+01 8.458348682913e-03 7.626950410031e-01
4.151250000000e+01 8.471285652759e-03 7.640040662120e-01
4.152500000000e+01 8.484911777017e-03 7.654208335822e-01
4.153750000000e+01 8.499235320860e-03 7.669462334565e-01
4.155000000000e+01 8.514265118392e-03 7.685812185050e-01
4.156250000000e+01 8.530010582877e-03 7.703268049143e-01
4.157500000000e+01 8.546481717563e-03 7.721840736298e-01
4.158750000000e+01 8.563689127154e-03 7.741541716526e-01
4.160000000000e+01 8.581644029921e-03 7.762383133924e-01
4.161250000000e+01 8.600358270440e-03 7.784377820765e-01
4.162500000000e+01 8.619844333043e-03 7.807539312173e-01
4.163750000000e+01 8.640115355858e-03 7.831881861388e-01
4.165000000000e+01 8.661185145595e-03 7.857420455619e-01
4.166250000000e+01 8.683068192967e-03 7.884170832504e-01
4.167500000000e+01 8.705779688766e-03 7.912149497169e-01
4.168750000000e+01 8.729335540687e-03 7.941373739898e-01
4.170000000000e+01 8.753752390762e-03 7.971861654399e-01
4.171250000000e+01 8.779047633517e-03 8.003632156678e-01
4.172500000000e+01 8.805239434778e-03 8.036705004493e-01
4.173750000000e+01 8.832346751116e-03 8.071100817393e-01
4.175000000000e+01 8.860389349993e-03 8.106841097320e-01
4.176250000000e+01 8.889387830467e-03 8.143948249742e-01
4.177500000000e+01 8.919363644574e-03 8.182445605305e-01
4.178750000000e+01 8.950339119227e-03 8.222357441955e-01
4.180000000000e+01 8.982337478667e-03 8.263709007502e-01
4.181250000000e+01 9.015382867463e-03 8.306526542558e-01
4.182500000000e+01 9.049500373878e-03 8.350837303801e-01
4.183750000000e+01 9.084716053698e-03 8.396669587487e-01
4.185000000000e+01 9.121056954325e-03 8.444052753126e-01
4.186250000000e+01 9.158551139115e-03 8.493017247225e-01
4.187500000000e+01 9.197227711858e-03 8.543594626975e-01
4.188750000000e+01 9.237116841247e-03 8.595817583760e-01
4.190000000000e+01 9.278249785275e-03 8.649719966323e-01
4.191250000000e+01 9.320658915323e-03 8.705336803416e-01
4.192500000000e+01 9.364377739809e-03 8.762704325733e-01
4.193750000000e+01 9.409440927235e-03 8.821859986890e-01
4.195000000000e+01 9.455884328279e-03 8.882842483180e-01
4.196250000000e+01 9.503744996847e-03 8.945691771822e-01
4.197500000000e+01 9.553061209601e-03 9.010449087326e-01
4.198750000000e+01 9.603872483736e-03 9.077156955620e-01
4.200000000000e+01 9.656219592640e-03 9.145859205468e-01
4.201250000000e+01 9.710144578866e-03 9.216600976691e-01
4.202500000000e+01 9.765690764096e-03 9.289428724630e-01
4.203750000000e+01 9.822902755392e-03 9.364390220195e-01
4.205000000000e+01 9.881826447160e-03 9.441534544802e-01
4.206250000000e+01 9.942509018194e-03 9.520912079372e-01
4.207500000000e+01 1.000499892280e-02 9.602574486493e-01
4.208750000000e+01 1.006934587537e-02 9.686574684715e-01
4.210000000000e+01 1.013560082715e-02 9.772966813840e-01
4.211250000000e+01 1.020381593421e-02 9.861806189920e-01
4.212500000000e+01 1.027404451540e-02 9.953149248536e-01
4.213750000000e+01 1.034634099869e-02 1.004705347475e+00
4.215000000000e+01 1.042076085457e-02 1.014357731793e+00
4.216250000000e+01 1.049736051448e-02 1.024278008954e+00
4.217500000000e+01 1.057619727262e-02 1.034472184152e+00
4.218750000000e+01 1.065732916878e-02 1.044946322303e+00
4.220000000000e+01 1.074081484974e-02 1.055706531264e+00
4.221250000000e+01 1.082671340690e-02 1.066758942306e+00
4.222500000000e+01 1.091508418685e-02 1.078109687515e+00
4.223750000000e+01 1.100598657185e-02 1.089764873749e+00
4.225000000000e+01 1.109947972683e-02 1.101730552751e+00
4.226250000000e+01 1.119562230868e-02 1.114012686995e+00
4.227500000000e+01 1.129447213401e-02 1.126617110776e+00
4.228750000000e+01 1.139608580066e-02 1.139549486038e+00
4.230000000000e+01 1.150051825791e-02 1.152815252377e+00
4.231250000000e+01 1.160782232045e-02 1.166419570636e+00
4.232500000000e+01 1.171804811997e-02 1.180367259431e+00
4.233750000000e+01 1.183124248892e-02 1.194662723960e+00
4.235000000000e+01 1.194744826966e-02 1.209309876360e+00
4.236250000000e+01 1.206670354272e-02 1.224312046897e+00
4.237500000000e+01 1.218904076738e-02 1.239671885210e+00
4.238750000000e+01 1.231448582770e-02 1.255391250862e+00
4.240000000000e+01 1.244305697725e-02 1.271471092428e+00
4.241250000000e+01 1.257476367606e-02 1.287911314392e+00
4.242500000000e+01 1.270960531360e-02 1.304710631183e+00
4.243750000000e+01 1.284756981264e-02 1.321866407746e+00
4.245000000000e+01 1.298863210949e-02 1.339374486194e+00
4.246250000000e+01 1.313275250813e-02 1.357228998237e+00
4.247500000000e+01 1.327987490726e-02 1.375422163325e+00
4.248750000000e+01 1.342992490219e-02 1.393944072745e+00
4.250000000000e+01 1.358280776677e-02 1.412782460253e+00
4.251250000000e+01 1.373840632430e-02 1.431922460335e+00
4.252500000000e+01 1.389657872160e-02 1.451346355688e+00
4.253750000000e+01 1.405715612610e-02 1.471033316241e+00
4.255000000000e+01 1.421994037265e-02 1.490959132756e+00
4.256250000000e+01 1.438470159461e-02 1.511095948993e+00
4.257500000000e+01 1.455117588282e-02 1.531411997398e+00
4.258750000000e+01 1.471906302554e-02 1.551871344411e+00
4.260000000000e+01 1.488802439335e-02 1.572433652679e+00
4.261250000000e+01 1.505768104373e-02 1.593053968712e+00
4.262500000000e+01 1.522761213162e-02 1.613682545803e+00
4.263750000000e+01 1.539735372223e-02 1.634264713226e+00
4.265000000000e+01 1.556639811285e-02 1.654740803818e+00
4.266250000000e+01 1.573419377721e-02 1.675046152919e+00
4.267500000000e+01 1.590014605081e-02 1.695111182140e+00
4.268750000000e+01 1.606361867617e-02 1.714861581480e+00
4.270000000000e+01 1.622393632188e-02 1.734218602770e+00
4.271250000000e+01 1.638038817810e-02 1.753099476103e+00
4.272500000000e+01 1.653223271224e-02 1.771417958760e+00
4.273750000000e+01 1.667870364130e-02 1.789085023063e+00
4.275000000000e+01 1.681901714162e-02 1.806009685470e+00
4.276250000000e+01 1.695238027242e-02 1.822099974193e+00
4.277500000000e+01 1.707800053768e-02 1.837264026739e+00
4.278750000000e+01 1.719509645355e-02 1.851411302200e+00
4.280000000000e+01 1.730290892804e-02 1.864453886256e+00
4.281250000000e+01 1.740071320011e-02 1.876307860038e+00
4.282500000000e+01 1.748783102988e-02 1.886894697703e+00
4.283750000000e+01 1.756364278634e-02 1.896142652384e+00
4.285000000000e+01 1.762759904709e-02 1.903988086528e+00
4.286250000000e+01 1.767923131068e-02 1.910376701035e+00
4.287500000000e+01 1.771816142966e-02 1.915264618452e+00
4.288750000000e+01 1.774410940179e-02 1.918619278779e+00
4.290000000000e+01 1.775689920918e-02 1.920420112393e+00
4.291250000000e+01 1.775646246695e-02 1.920658962765e+00
4.292500000000e+01 1.774283973097e-02 1.919340241643e+00
4.293750000000e+01 1.771617941281e-02 1.916480810578e+00
4.295000000000e+01 1.767673435087e-02 1.912109594220e+00
4.296250000000e+01 1.762485618574e-02 1.906266942041e+00
4.297500000000e+01 1.756098777495e-02 1.899003765159e+00
4.298750000000e+01 1.748565395455e-02 1.890380483173e+00
4.300000000000e+01 1.739945100697e-02 1.880465821877e+00
4.301250000000e+01 1.730303522403e-02 1.869335506186e+00
4.302500000000e+01 1.719711096194e-02 1.857070893478e+00
4.303750000000e+01 1.708241857094e-02 1.843757591090e+00
4.305000000000e+01 1.695972255163e-02 1.829484098186e+00
4.306250000000e+01 1.682980024472e-02 1.814340507128e+00
4.307500000000e+01 1.669343130641e-02 1.798417293320e+00
4.308750000000e+01 1.655138816312e-02 1.781804215797e+00
4.310000000000e+01 1.640442757897e-02 1.764589344028e+00
4.311250000000e+01 1.625328341323e-02 1.746858219963e+00
4.312500000000e+01 1.609866059355e-02 1.728693158487e+00
4.313750000000e+01 1.594123028691e-02 1.710172684459e+00
4.315000000000e+01 1.578162621473e-02 1.691371100410e+00
4.316250000000e+01 1.562044203162e-02 1.672358175906e+00
4.317500000000e+01 1.545822966830e-02 1.653198947363e+00
4.318750000000e+01 1.529549852777e-02 1.633953615801e+00
4.320000000000e+01 1.513271541880e-02 1.614677529398e+00
4.321250000000e+01 1.497030511098e-02 1.595421237698e+00
4.322500000000e+01 1.480865139966e-02 1.576230604806e+00
4.323750000000e+01 1.464809857652e-02 1.557146969668e+00
4.325000000000e+01 1.448895321067e-02 1.538207342599e+00
4.326250000000e+01 1.433148615530e-02 1.519444628362e+00
4.327500000000e+01 1.417593470611e-02 1.500887867342e+00
4.328750000000e+01 1.402250484815e-02 1.482562487556e+00
4.330000000000e+01 1.387137353820e-02 1.464490561418e+00
4.331250000000e+01 1.372269097938e-02 1.446691062278e+00
4.332500000000e+01 1.357658285316e-02 1.429180116711e+00
4.333750000000e+01 1.343315248224e-02 1.411971249452e+00
4.335000000000e+01 1.329248290365e-02 1.395075618603e+00
4.336250000000e+01 1.315463883789e-02 1.378502239424e+00
4.337500000000e+01 1.301966854461e-02 1.362258195567e+00
4.338750000000e+01 1.288760555894e-02 1.346348837058e+00
4.340000000000e+01 1.275847030649e-02 1.330777964724e+00
4.341250000000e+01 1.263227159701e-02 1.315548001055e+00
4.342500000000e+01 1.250900799904e-02 1.300660147716e+00
4.343750000000e+01 1.238866909948e-02 1.286114530108e+00
4.345000000000e+01 1.227123665274e-02 1.271910329508e+00
4.346250000000e+01 1.215668562531e-02 1.258045903399e+00
4.347500000000e+01 1.204498514176e-02 1.244518894677e+00
4.348750000000e+01 1.193609933868e-02 1.231326330425e+00
4.350000000000e+01 1.182998813304e-02 1.218464711002e+00
4.351250000000e+01 1.172660791127e-02 1.205930090139e+00
4.352500000000e+01 1.162591214565e-02 1.193718146759e+00
4.353750000000e+01 1.152785194372e-02 1.181824249206e+00
4.355000000000e+01 1.143237653678e-02 1.170243512513e+00
4.356250000000e+01 1.133943371281e-02 1.158970849339e+00
4.357500000000e+01 1.124897019894e-02 1.148001015144e+00
4.358750000000e+01 1.116093199829e-02 1.137328648149e+00
4.360000000000e+01 1.107526468560e-02 1.126948304566e+00
4.361250000000e+01 1.099191366574e-02 1.116854489579e+00
4.362500000000e+01 1.091082439885e-02 1.107041684486e+00
4.363750000000e+01 1.083194259558e-02 1.097504370399e+00
4.365000000000e+01 1.075521438556e-02 1.088237048861e+00
4.366250000000e+01 1.068058646196e-02 1.079234259694e+00
4.367500000000e+01 1.060800620473e-02 1.070490596384e+00
4.368750000000e+01 1.053742178495e-02 1.062000719272e+00
4.370000000000e+01 1.046878225226e-02 1.053759366775e+00
4.371250000000e+01 1.040203760744e-02 1.045761364879e+00
4.372500000000e+01 1.033713886185e-02 1.038001635088e+00
4.373750000000e+01 1.027403808518e-02 1.030475201007e+00
4.375000000000e+01 1.021268844300e-02 1.023177193725e+00
4.376250000000e+01 1.015304422535e-02 1.016102856127e+00
4.377500000000e+01 1.009506086746e-02 1.009247546289e+00
4.378750000000e+01 1.003869496365e-02 1.002606740035e+00
4.380000000000e+01 9.983904275160e-03 9.961760327978e-01
4.381250000000e+01 9.930647732963e-03 9.899511408417e-01
4.382500000000e+01 9.878885435996e-03 9.839279019493e-01
4.383750000000e+01 9.828578645649e-03 9.781022756375e-01
4.385000000000e+01 9.779689776939e-03 9.724703429690e-01
4.386250000000e+01 9.732182386905e-03 9.670283060171e-01
4.387500000000e+01 9.686021160749e-03 9.617724870335e-01
4.388750000000e+01 9.641171895912e-03 9.566993273666e-01
4.390000000000e+01 9.597601484677e-03 9.518053861683e-01
4.391250000000e+01 9.555277895400e-03 9.470873389268e-01
4.392500000000e+01 9.514170152721e-03 9.425419758547e-01
4.393750000000e+01 9.474248317026e-03 9.381662001613e-01
4.395000000000e+01 9.435483463253e-03 9.339570262328e-01
4.396250000000e+01 9.397847659356e-03 9.299115777427e-01
4.397500000000e+01 9.361313944485e-03 9.260270857090e-01
4.398750000000e+01 9.325856307022e-03 9.223008865170e-01
4.400000000000e+01 9.291449662693e-03 9.187304199199e-01
4.401250000000e+01 9.258069832710e-03 9.153132270310e-01
4.402500000000e+01 9.225693522173e-03 9.120469483171e-01
4.403750000000e+01 9.194298298694e-03 9.089293216034e-01
4.405000000000e+01 9.163862571365e-03 9.059581800970e-01
4.406250000000e+01 9.134365570142e-03 9.031314504354e-01
4.407500000000e+01 9.105787325636e-03 9.004471507681e-01
4.408750000000e+01 9.078108649385e-03 8.979033888720e-01
4.410000000000e+01 9.051311114638e-03 8.954983603093e-01
4.411250000000e+01 9.025377037645e-03 8.932303466275e-01
4.412500000000e+01 9.000289459552e-03 8.910977136056e-01
4.413750000000e+01 8.976032128788e-03 8.890989095492e-01
4.415000000000e+01 8.952589484099e-03 8.872324636351e-01
4.416250000000e+01 8.929946638141e-03 8.854969843062e-01
4.417500000000e+01 8.908089361631e-03 8.838911577195e-01
4.418750000000e+01 8.887004068170e-03 8.824137462449e-01
4.420000000000e+01 8.866677799577e-03 8.810635870166e-01
4.421250000000e+01 8.847098211891e-03 8.798395905372e-01
4.422500000000e+01 8.828253561912e-03 8.787407393322e-01
4.423750000000e+01 8.810132694330e-03 8.777660866566e-01
4.425000000000e+01 8.792725029474e-03 8.769147552505e-01
4.426250000000e+01 8.776020551574e-03 8.761859361443e-01
4.427500000000e+01 8.760009797646e-03 8.755788875118e-01
4.428750000000e+01 8.744683846875e-03 8.750929335694e-01
4.430000000000e+01 8.730034310559e-03 8.747274635203e-01
4.431250000000e+01 8.716053322623e-03 8.744819305416e-01
4.432500000000e+01 8.702733530583e-03 8.743558508137e-01
4.433750000000e+01 8.690068087086e-03 8.743488025881e-01
4.435000000000e+01 8.678050641916e-03 8.744604252937e-01
4.436250000000e+01 8.666675334451e-03 8.746904186771e-01
4.437500000000e+01 8.655936786665e-03 8.750385419772e-01
4.438750000000e+01 8.645830096507e-03 8.755046131289e-01
4.440000000000e+01 8.636350831779e-03 8.760885079952e-01
4.441250000000e+01 8.627495024410e-03 8.767901596249e-01
4.442500000000e+01 8.619259165128e-03 8.776095575310e-01
4.443750000000e+01 8.611640198569e-03 8.785467469891e-01
4.445000000000e+01 8.604635518697e-03 8.796018283513e-01
4.446250000000e+01 8.598242964663e-03 8.807749563722e-01
4.447500000000e+01 8.592460816920e-03 8.820663395428e-01
4.448750000000e+01 8.587287793693e-03 8.834762394303e-01
4.450000000000e+01 8.582723047773e-03 8.850049700161e-01
4.451250000000e+01 8.578766163522e-03 8.866528970321e-01
4.452500000000e+01 8.575417154195e-03 8.884204372858e-01
4.453750000000e+01 8.572676459441e-03 8.903080579728e-01
4.455000000000e+01 8.570544943003e-03 8.923162759693e-01
4.456250000000e+01 8.569023890644e-03 8.944456570994e-01
4.457500000000e+01 8.568115008113e-03 8.966968153705e-01
4.458750000000e+01 8.567820419316e-03 8.990704121716e-01
4.460000000000e+01 8.568142664495e-03 9.015671554244e-01
4.461250000000e+01 8.569084698438e-03 9.041877986837e-01
4.462500000000e+01 8.570649888727e-03 9.069331401745e-01
4.463750000000e+01 8.572842013851e-03 9.098040217604e-01
4.465000000000e+01 8.575665261310e-03 9.128013278320e-01
4.466250000000e+01 8.579124225466e-03 9.159259841057e-01
4.467500000000e+01 8.583223905228e-03 9.191789563224e-01
4.468750000000e+01 8.587969701477e-03 9.225612488330e-01
4.470000000000e+01 8.593367414089e-03 9.260739030602e-01
4.471250000000e+01 8.599423238605e-03 9.297179958214e-01
4.472500000000e+01 8.606143762364e-03 9.334946374995e-01
4.473750000000e+01 8.613535960047e-03 9.374049700446e-01
4.475000000000e+01 8.621607188622e-03 9.414501647923e-01
4.476250000000e+01 8.630365181399e-03 9.456314200783e-01
4.477500000000e+01 8.639818041320e-03 9.499499586322e-01
4.478750000000e+01 8.649974233187e-03 9.544070247296e-01
4.480000000000e+01 8.660842574773e-03 9.590038810800e-01
4.481250000000e+01 8.672432226716e-03 9.637418054287e-01
4.482500000000e+01 8.684752680951e-03 9.686220868473e-01
4.483750000000e+01 8.697813747656e-03 9.736460216862e-01
4.485000000000e+01 8.711625540401e-03 9.788149091619e-01
4.486250000000e+01 8.726198459413e-03 9.841300465489e-01
4.487500000000e+01 8.741543172779e-03 9.895927239453e-01
4.488750000000e+01 8.757670595270e-03 9.952042185778e-01
4.490000000000e+01 8.774591864701e-03 1.000965788613e+00
4.491250000000e+01 8.792318315489e-03 1.006878666435e+00
4.492500000000e+01 8.810861449188e-03 1.012944051355e+00
4.493750000000e+01 8.830232901811e-03 1.019163101706e+00
4.495000000000e+01 8.850444407488e-03 1.025536926290e+00
4.496250000000e+01 8.871507758373e-03 1.032066575120e+00
4.497500000000e+01 8.893434760325e-03 1.038753029424e+00
4.498750000000e+01 8.916237184106e-03 1.045597190857e+00
4.500000000000e+01 8.939926711798e-03 1.052599869876e+00
4.501250000000e+01 8.964514877966e-03 1.059761773227e+00
4.502500000000e+01 8.990013005359e-03 1.067083490493e+00
4.503750000000e+01 9.016432134667e-03 1.074565479658e+00
4.505000000000e+01 9.043782947952e-03 1.082208051632e+00
4.506250000000e+01 9.072075685490e-03 1.090011353701e+00
4.507500000000e+01 9.101320055476e-03 1.097975351828e+00
4.508750000000e+01 9.131525136369e-03 1.106099811801e+00
4.510000000000e+01 9.162699271390e-03 1.114384279153e+00
4.511250000000e+01 9.194849954866e-03 1.122828057833e+00
4.512500000000e+01 9.227983710153e-03 1.131430187604e+00
4.513750000000e+01 9.262105958673e-03 1.140189420138e+00
4.515000000000e+01 9.297220880025e-03 1.149104193798e+00
4.516250000000e+01 9.333331262781e-03 1.158172607105e+00
4.517500000000e+01 9.370438345917e-03 1.167392390915e+00
4.518750000000e+01 9.408541650833e-03 1.176760879312e+00
4.520000000000e+01 9.447638803914e-03 1.186274979290e+00
4.521250000000e+01 9.487725349882e-03 1.195931139275e+00
4.522500000000e+01 9.528794556147e-03 1.205725316586e+00
4.523750000000e+01 9.570837208558e-03 1.215652943963e+00
4.525000000000e+01 9.613841399286e-03 1.225708895299e+00
4.526250000000e+01 9.657792307457e-03 1.235887450783e+00
4.527500000000e+01 9.702671973717e-03 1.246182261661e+00
4.528750000000e+01 9.748459069863e-03 1.256586314896e+00
4.530000000000e+01 9.795128665116e-03 1.267091898034e+00
4.531250000000e+01 9.842651990892e-03 1.277690564639e+00
4.532500000000e+01 9.890996206117e-03 1.288373100709e+00
4.533750000000e+01 9.940124165617e-03 1.299129492542e+00
4.535000000000e+01 9.989994194379e-03 1.309948896585e+00
4.536250000000e+01 1.004055987082e-02 1.320819611817e+00
4.537500000000e+01 1.009176982271e-02 1.331729055342e+00
4.538750000000e+01 1.014356753948e-02 1.342663741846e+00
4.540000000000e+01 1.019589120537e-02 1.353609267677e+00
4.541250000000e+01 1.024867355787e-02 1.364550300330e+00
4.542500000000e+01 1.030184177634e-02 1.375470574154e+00
4.543750000000e+01 1.035531740600e-02 1.386352893132e+00
4.545000000000e+01 1.040901632258e-02 1.397179141599e+00
4.546250000000e+01 1.046284874293e-02 1.407930303747e+00
4.547500000000e+01 1.051671928707e-02 1.418586492767e+00
4.548750000000e+01 1.057052709692e-02 1.429126990410e+00
4.550000000000e+01 1.062416601663e-02 1.439530297706e+00
4.551250000000e+01 1.067752483915e-02 1.449774197461e+00
4.552500000000e+01 1.073048762298e-02 1.459835829044e+00
4.553750000000e+01 1.078293408225e-02 1.469691775827e+00
4.555000000000e+01 1.083474005243e-02 1.479318165433e+00
4.556250000000e+01 1.088577803278e-02 1.488690782754e+00
4.557500000000e+01 1.093591780523e-02 1.497785195459e+00
4.558750000000e+01 1.098502712806e-02 1.506576891428e+00
4.560000000000e+01 1.103297250096e-02 1.515041427277e+00
4.561250000000e+01 1.107961999644e-02 1.523154586840e+00
4.562500000000e+01 1.112483615074e-02 1.530892548152e+00
4.563750000000e+01 1.116848890541e-02 1.538232057189e+00
4.565000000000e+01 1.121044858929e-02 1.545150606347e+00
4.566250000000e+01 1.125058892854e-02 1.551626615336e+00
4.567500000000e+01 1.128878807120e-02 1.557639611984e+00
4.568750000000e+01 1.132492961151e-02 1.563170410249e+00
4.570000000000e+01 1.135890359782e-02 1.568201282606e+00
4.571250000000e+01 1.139060750814e-02 1.572716123939e+00
4.572500000000e+01 1.141994717630e-02 1.576700604078e+00
4.573750000000e+01 1.144683765274e-02 1.580142306229e+00
4.575000000000e+01 1.147120398415e-02 1.583030848703e+00
4.576250000000e+01 1.149298189769e-02 1.585357987626e+00
4.577500000000e+01 1.151211837694e-02 1.587117698632e+00
4.578750000000e+01 1.152857211885e-02 1.588306235929e+00
4.580000000000e+01 1.154231386338e-02 1.588922167572e+00
4.581250000000e+01 1.155332659003e-02 1.588966386271e+00
4.582500000000e+01 1.156160557828e-02 1.588442095545e+00
4.583750000000e+01 1.156715833194e-02 1.587354771574e+00
4.585000000000e+01 1.157000437018e-02 1.585712101547e+00
4.586250000000e+01 1.157017489068e-02 1.583523899845e+00
4.587500000000e+01 1.156771231322e-02 1.580802003744e+00
4.588750000000e+01 1.156266971362e-02 1.577560150755e+00
4.590000000000e+01 1.155511016071e-02 1.573813839974e+00
4.591250000000e+01 1.154510596962e-02 1.569580180067e+00
4.592500000000e+01 1.153273788635e-02 1.564877726653e+00
4.593750000000e+01 1.151809421911e-02 1.559726311907e+00
4.595000000000e+01 1.150126993162e-02 1.554146869226e+00
4.596250000000e+01 1.148236571419e-02 1.548161255691e+00
4.597500000000e+01 1.146148704691e-02 1.541792074945e+00
4.598750000000e+01 1.143874326907e-02 1.535062502901e+00
4.600000000000e+01 1.141424666739e-02 1.527996118453e+00
4.601250000000e+01 1.138811159426e-02 1.520616741128e+00
4.602500000000e+01 1.136045362592e-02 1.512948277279e+00
4.603750000000e+01 1.133138876860e-02 1.505014576179e+00
4.605000000000e+01 1.130103271926e-02 1.496839297033e+00
4.606250000000e+01 1.126950018579e-02 1.488445787663e+00
4.607500000000e+01 1.123690427014e-02 1.479856975340e+00
4.608750000000e+01 1.120335591636e-02 1.471095269989e+00
4.610000000000e+01 1.116896342411e-02 1.462182479753e+00
4.611250000000e+01 1.113383202729e-02 1.453139738729e+00
4.612500000000e+01 1.109806353630e-02 1.443987446485e+00
4.613750000000e+01 1.106175604136e-02 1.434745218857e+00
4.615000000000e+01 1.102500367426e-02 1.425431849398e+00
4.616250000000e+01 1.098789642469e-02 1.416065280764e+00
4.617500000000e+01 1.095052000729e-02 1.406662585282e+00
4.618750000000e+01 1.091295577535e-02 1.397239953872e+00
4.620000000000e+01 1.087528067668e-02 1.387812692528e+00
4.621250000000e+01 1.083756724734e-02 1.378395225517e+00
4.622500000000e+01 1.079988363891e-02 1.369001104503e+00
4.623750000000e+01 1.076229367512e-02 1.359643022806e+00
4.625000000000e+01 1.072485693366e-02 1.350332834077e+00
4.626250000000e+01 1.068762884952e-02 1.341081574662e+00
4.627500000000e+01 1.065066083621e-02 1.331899489028e+00
4.628750000000e+01 1.061400042147e-02 1.322796057648e+00
4.630000000000e+01 1.057769139456e-02 1.313780026790e+00
4.631250000000e+01 1.054177396230e-02 1.304859439731e+00
4.632500000000e+01 1.050628491148e-02 1.296041668953e+00
4.633750000000e+01 1.047125777529e-02 1.287333448922e+00
4.635000000000e+01 1.043672300205e-02 1.278740909127e+00
4.636250000000e+01 1.040270812434e-02 1.270269607069e+00
4.637500000000e+01 1.036923792734e-02 1.261924560952e+00
4.638750000000e+01 1.033633461485e-02 1.253710281869e+00
4.640000000000e+01 1.030401797226e-02 1.245630805295e+00
4.641250000000e+01 1.027230552544e-02 1.237689721746e+00
4.642500000000e+01 1.024121269487e-02 1.229890206487e+00
4.643750000000e+01 1.021075294461e-02 1.222235048206e+00
4.645000000000e+01 1.018093792553e-02 1.214726676571e+00
4.646250000000e+01 1.015177761264e-02 1.207367188637e+00
4.647500000000e+01 1.012328043623e-02 1.200158374062e+00
4.648750000000e+01 1.009545340674e-02 1.193101739128e+00
4.650000000000e+01 1.006830223339e-02 1.186198529554e+00
4.651250000000e+01 1.004183143646e-02 1.179449752113e+00
4.652500000000e+01 1.001604445342e-02 1.172856195072e+00
4.653750000000e+01 9.990943738957e-03 1.166418447483e+00
4.655000000000e+01 9.966530859029e-03 1.160136917341e+00
4.656250000000e+01 9.942806579275e-03 1.154011848661e+00
4.657500000000e+01 9.919770947743e-03 1.148043337507e+00
4.658750000000e+01 9.897423372389e-03 1.142231347007e+00
4.660000000000e+01 9.875762693424e-03 1.136575721409e+00
4.661250000000e+01 9.854787250772e-03 1.131076199214e+00
4.662500000000e+01 9.834494946965e-03 1.125732425435e+00
4.663750000000e+01 9.814883305570e-03 1.120543963024e+00
4.665000000000e+01 9.795949525529e-03 1.115510303517e+00
4.666250000000e+01 9.777690531563e-03 1.110630876932e+00
4.667500000000e+01 9.760103020855e-03 1.105905060975e+00
4.668750000000e+01 9.743183506356e-03 1.101332189582e+00
4.670000000000e+01 9.726928356763e-03 1.096911560850e+00
4.671250000000e+01 9.711333833549e-03 1.092642444388e+00
4.672500000000e+01 9.696396125109e-03 1.088524088130e+00
4.673750000000e+01 9.682111378273e-03 1.084555724640e+00
4.675000000000e+01 9.668475727428e-03 1.080736576951e+00
4.676250000000e+01 9.655485321269e-03 1.077065863967e+00
4.677500000000e+01 9.643136347558e-03 1.073542805453e+00
4.678750000000e+01 9.631425055823e-03 1.070166626655e+00
4.680000000000e+01 9.620347778308e-03 1.066936562565e+00
4.681250000000e+01 9.609900949281e-03 1.063851861863e+00
4.682500000000e+01 9.600081122750e-03 1.060911790564e+00
4.683750000000e+01 9.590884988839e-03 1.058115635385e+00
4.685000000000e+01 9.582309388837e-03 1.055462706859e+00
4.686250000000e+01 9.574351329044e-03 1.052952342215e+00
4.687500000000e+01 9.567007993601e-03 1.050583908044e+00
4.688750000000e+01 9.560276756270e-03 1.048356802767e+00
4.690000000000e+01 9.554155191368e-03 1.046270458926e+00
4.691250000000e+01 9.548641083860e-03 1.044324345302e+00
4.692500000000e+01 9.543732438701e-03 1.042517968895e+00
4.693750000000e+01 9.539427489575e-03 1.040850876756e+00
4.695000000000e+01 9.535724706940e-03 1.039322657702e+00
4.696250000000e+01 9.532622805649e-03 1.037932943917e+00
4.697500000000e+01 9.530120751989e-03 1.036681412450e+00
4.698750000000e+01 9.528217770335e-03 1.035567786622e+00
4.700000000000e+01 9.526913349457e-03 1.034591837355e+00
4.701250000000e+01 9.526207248422e-03 1.033753384421e+00
4.702500000000e+01 9.526099502278e-03 1.033052297633e+00
4.703750000000e+01 9.526590427427e-03 1.032488497972e+00
4.705000000000e+01 9.527680626802e-03 1.032061958667e+00
4.706250000000e+01 9.529370994865e-03 1.031772706226e+00
4.707500000000e+01 9.531662722405e-03 1.031620821434e+00
4.708750000000e+01 9.534557301267e-03 1.031606440315e+00
4.710000000000e+01 9.538056528916e-03 1.031729755058e+00
4.711250000000e+01 9.542162512918e-03 1.031991014929e+00
4.712500000000e+01 9.546877675391e-03 1.032390527154e+00
4.713750000000e+01 9.552204757336e-03 1.032928657791e+00
4.715000000000e+01 9.558146823006e-03 1.033605832578e+00
4.716250000000e+01 9.564707264163e-03 1.034422537782e+00
4.717500000000e+01 9.571889804354e-03 1.035379321024e+00
4.718750000000e+01 9.579698503200e-03 1.036476792109e+00
4.720000000000e+01 9.588137760603e-03 1.037715623840e+00
4.721250000000e+01 9.597212321017e-03 1.039096552832e+00
4.722500000000e+01 9.606927277673e-03 1.040620380315e+00
4.723750000000e+01 9.617288076773e-03 1.042287972944e+00
4.725000000000e+01 9.628300521742e-03 1.044100263586e+00
4.726250000000e+01 9.639970777351e-03 1.046058252120e+00
4.727500000000e+01 9.652305373900e-03 1.048163006215e+00
4.728750000000e+01 9.665311211299e-03 1.050415662111e+00
4.730000000000e+01 9.678995563076e-03 1.052817425379e+00
4.731250000000e+01 9.693366080354e-03 1.055369571677e+00
4.732500000000e+01 9.708430795632e-03 1.058073447480e+00
4.733750000000e+01 9.724198126531e-03 1.060930470800e+00
4.735000000000e+01 9.740676879272e-03 1.063942131870e+00
4.736250000000e+01 9.757876251988e-03 1.067109993803e+00
4.737500000000e+01 9.775805837823e-03 1.070435693215e+00
4.738750000000e+01 9.794475627655e-03 1.073920940802e+00
4.740000000000e+01 9.813896012556e-03 1.077567521867e+00
4.741250000000e+01 9.834077785788e-03 1.081377296782e+00
4.742500000000e+01 9.855032144321e-03 1.085352201388e+00
4.743750000000e+01 9.876770689881e-03 1.089494247307e+00
4.745000000000e+01 9.899305429255e-03 1.093805522159e+00
4.746250000000e+01 9.922648773984e-03 1.098288189675e+00
4.747500000000e+01 9.946813539179e-03 1.102944489687e+00
4.748750000000e+01 9.971812941407e-03 1.107776737968e+00
4.750000000000e+01 9.997660595578e-03 1.112787325925e+00
4.751250000000e+01 1.002437051057e-02 1.117978720106e+00
4.752500000000e+01 1.005195708359e-02 1.123353461495e+00
4.753750000000e+01 1.008043509301e-02 1.128914164591e+00
4.755000000000e+01 1.010981968951e-02 1.134663516220e+00
4.756250000000e+01 1.014012638538e-02 1.140604274063e+00
4.757500000000e+01 1.017137104172e-02 1.146739264851e+00
4.758750000000e+01 1.020356985330e-02 1.153071382217e+00
4.760000000000e+01 1.023673933089e-02 1.159603584127e+00
4.761250000000e+01 1.027089628062e-02 1.166338889877e+00
4.762500000000e+01 1.030605778034e-02 1.173280376589e+00
4.763750000000e+01 1.034224115223e-02 1.180431175157e+00
4.765000000000e+01 1.037946393179e-02 1.187794465580e+00
4.766250000000e+01 1.041774383236e-02 1.195373471632e+00
4.767500000000e+01 1.045709870501e-02 1.203171454774e+00
4.768750000000e+01 1.049754649327e-02 1.211191707258e+00
4.770000000000e+01 1.053910518213e-02 1.219437544322e+00
4.771250000000e+01 1.058179274080e-02 1.227912295394e+00
4.772500000000e+01 1.062562705872e-02 1.236619294203e+00
4.773750000000e+01 1.067062587397e-02 1.245561867702e+00
4.775000000000e+01 1.071680669364e-02 1.254743323673e+00
4.776250000000e+01 1.076418670519e-02 1.264166936914e+00
4.777500000000e+01 1.081278267832e-02 1.273835933847e+00
4.778750000000e+01 1.086261085606e-02 1.283753475441e+00
4.780000000000e+01 1.091368683467e-02 1.293922638273e+00
4.781250000000e+01 1.096602543109e-02 1.304346393585e+00
4.782500000000e+01 1.101964053700e-02 1.315027584148e+00
4.783750000000e+01 1.107454495863e-02 1.325968898788e+00
4.785000000000e+01 1.113075024093e-02 1.337172844346e+00
4.786250000000e+01 1.118826647522e-02 1.348641714914e+00
4.787500000000e+01 1.124710208916e-02 1.360377558112e+00
4.788750000000e+01 1.130726361760e-02 1.372382138230e+00
4.790000000000e+01 1.136875545349e-02 1.384656895988e+00
4.791250000000e+01 1.143157957743e-02 1.397202904727e+00
4.792500000000e+01 1.149573526473e-02 1.410020822802e+00
4.793750000000e+01 1.156121876901e-02 1.423110841973e+00
4.795000000000e+01 1.162802298126e-02 1.436472631592e+00
4.796250000000e+01 1.169613706338e-02 1.450105278405e+00
4.797500000000e+01 1.176554605566e-02 1.464007221795e+00
4.798750000000e+01 1.183623045750e-02 1.478176184342e+00
4.800000000000e+01 1.190816578123e-02 1.492609097589e+00
4.801250000000e+01 1.198132207907e-02 1.507302022977e+00
4.802500000000e+01 1.205566344377e-02 1.522250067945e+00
4.803750000000e+01 1.213114748383e-02 1.537447297289e+00
4.805000000000e+01 1.220772477494e-02 1.552886639937e+00
4.806250000000e+01 1.228533829000e-02 1.568559791439e+00
4.807500000000e+01 1.236392281056e-02 1.584457112548e+00
4.808750000000e+01 1.244340432389e-02 1.600567524458e+00
4.810000000000e+01 1.252369941073e-02 1.616878401400e+00
4.811250000000e+01 1.260471462969e-02 1.633375461500e+00
4.812500000000e+01 1.268634590623e-02 1.650042657001e+00
4.813750000000e+01 1.276847793481e-02 1.666862065207e+00
4.815000000000e+01 1.285098360501e-02 1.683813781734e+00
4.816250000000e+01 1.293372346353e-02 1.700875817940e+00
4.817500000000e+01 1.301654522593e-02 1.718024004694e+00
4.818750000000e+01 1.309928335381e-02 1.735231904928e+00
4.820000000000e+01 1.318175871430e-02 1.752470737730e+00
4.821250000000e+01 1.326377834099e-02 1.769709317005e+00
4.822500000000e+01 1.334513531613e-02 1.786914008012e+00
4.823750000000e+01 1.342560879575e-02 1.804048705305e+00
4.825000000000e+01 1.350496419947e-02 1.821074835796e+00
4.826250000000e+01 1.358295358747e-02 1.837951390759e+00
4.827500000000e+01 1.365931624658e-02 1.854634990600e+00
4.828750000000e+01 1.373377950620e-02 1.871079986134e+00
4.830000000000e+01 1.380605980303e-02 1.887238599857e+00
4.831250000000e+01 1.387586401041e-02 1.903061110308e+00
4.832500000000e+01 1.394289104389e-02 1.918496082067e+00
4.833750000000e+01 1.400683375000e-02 1.933490643144e+00
4.835000000000e+01 1.406738107807e-02 1.947990810589e+00
4.836250000000e+01 1.412422052799e-02 1.961941864020e+00
4.837500000000e+01 1.417704085857e-02 1.975288765415e+00
4.838750000000e+01 1.422553503133e-02 1.987976622095e+00
4.840000000000e+01 1.426940335554e-02 1.999951188225e+00
4.841250000000e+01 1.430835679013e-02 2.011159398533e+00
4.842500000000e+01 1.434212034876e-02 2.021549926354e+00
4.843750000000e+01 1.437043654572e-02 2.031073756557e+00
4.845000000000e+01 1.439306881268e-02 2.039684762559e+00
4.846250000000e+01 1.440980481117e-02 2.047340275569e+00
4.847500000000e+01 1.442045956203e-02 2.054001633399e+00
4.848750000000e+01 1.442487831282e-02 2.059634695889e+00
4.850000000000e+01 1.442293906684e-02 2.064210314073e+00
4.851250000000e+01 1.441455470219e-02 2.067704740880e+00
4.852500000000e+01 1.439967461932e-02 2.070099972282e+00
4.853750000000e+01 1.437828586564e-02 2.071384009402e+00
4.855000000000e+01 1.435041370084e-02 2.071551034167e+00
4.856250000000e+01 1.431612158163e-02 2.070601493470e+00
4.857500000000e+01 1.427551056189e-02 2.068542089409e+00
4.858750000000e+01 1.422871812143e-02 2.065385675952e+00
4.860000000000e+01 1.417591645297e-02 2.061151065061e+00
4.861250000000e+01 1.411731025269e-02 2.055862747916e+00
4.862500000000e+01 1.405313407299e-02 2.049550539162e+00
4.863750000000e+01 1.398364930664e-02 2.042249154081e+00
4.865000000000e+01 1.390914087964e-02 2.033997730039e+00
4.866250000000e+01 1.382991373424e-02 2.024839304626e+00
4.867500000000e+01 1.374628918544e-02 2.014820263364e+00
4.868750000000e+01 1.365860123196e-02 2.003989769877e+00
4.870000000000e+01 1.356719289868e-02 1.992399190996e+00
4.871250000000e+01 1.347241268048e-02 1.980101528382e+00
4.872500000000e+01 1.337461114899e-02 1.967150867147e+00
4.873750000000e+01 1.327413777386e-02 1.953601850505e+00
4.875000000000e+01 1.317133799983e-02 1.939509187963e+00
4.876250000000e+01 1.306655061001e-02 1.924927202954e+00
4.877500000000e+01 1.296010539562e-02 1.909909424169e+00
4.878750000000e+01 1.285232114274e-02 1.894508223349e+00
4.880000000000e+01 1.274350393764e-02 1.878774500826e+00
4.881250000000e+01 1.263394578501e-02 1.862757418879e+00
4.882500000000e+01 1.252392352674e-02 1.846504181855e+00
4.883750000000e+01 1.241369804393e-02 1.830059861105e+00
4.885000000000e+01 1.230351372111e-02 1.813467262104e+00
4.886250000000e+01 1.219359814871e-02 1.796766830574e+00
4.887500000000e+01 1.208416203866e-02 1.779996594076e+00
4.888750000000e+01 1.197539932686e-02 1.763192135358e+00
4.890000000000e+01 1.186748743687e-02 1.746386593636e+00
4.891250000000e+01 1.176058767954e-02 1.729610690063e+00
4.892500000000e+01 1.165484576482e-02 1.712892773716e+00
4.893750000000e+01 1.155039240347e-02 1.696258884671e+00
4.895000000000e+01 1.144734397832e-02 1.679732830930e+00
4.896250000000e+01 1.134580326667e-02 1.663336276261e+00
4.897500000000e+01 1.124586019753e-02 1.647088836289e+00
4.898750000000e+01 1.114759262936e-02 1.631008180470e+00
4.900000000000e+01 1.105106713607e-02 1.615110137874e+00
4.901250000000e+01 1.095633979082e-02 1.599408804977e+00
4.902500000000e+01 1.086345693896e-02 1.583916653937e+00
4.903750000000e+01 1.077245595289e-02 1.568644640071e+00
4.905000000000e+01 1.068336596340e-02 1.553602307469e+00
4.906250000000e+01 1.059620856289e-02 1.538797891897e+00
4.907500000000e+01 1.051099847733e-02 1.524238420317e+00
4.908750000000e+01 1.042774420465e-02 1.509929806509e+00
4.910000000000e+01 1.034644861815e-02 1.495876942414e+00
4.911250000000e+01 1.026710953394e-02 1.482083784961e+00
4.912500000000e+01 1.018972024268e-02 1.468553438198e+00
4.913750000000e+01 1.011427000538e-02 1.455288230681e+00
4.915000000000e+01 1.004074451443e-02 1.442289788106e+00
4.916250000000e+01 9.969126320545e-03 1.429559101248e+00
4.917500000000e+01 9.899395226947e-03 1.417096589308e+00
4.918750000000e+01 9.831528652227e-03 1.404902158804e+00
4.920000000000e+01 9.765501963277e-03 1.392975258171e+00
4.921250000000e+01 9.701288780025e-03 1.381314928258e+00
4.922500000000e+01 9.638861253477e-03 1.369919848913e+00
4.923750000000e+01 9.578190318768e-03 1.358788381875e+00
4.925000000000e+01 9.519245924873e-03 1.347918610157e+00
4.926250000000e+01 9.461997242513e-03 1.337308374168e+00
4.927500000000e+01 9.406412851858e-03 1.326955304744e+00
4.928750000000e+01 9.352460911514e-03 1.316856853322e+00
4.930000000000e+01 9.300109310197e-03 1.307010319437e+00
4.931250000000e+01 9.249325802539e-03 1.297412875738e+00
4.932500000000e+01 9.200078130197e-03 1.288061590715e+00
4.933750000000e+01 9.152334129605e-03 1.278953449289e+00
4.935000000000e+01 9.106061827449e-03 1.270085371455e+00
4.936250000000e+01 9.061229524883e-03 1.261454229114e+00
4.937500000000e+01 9.017805871639e-03 1.253056861250e+00
4.938750000000e+01 8.975759930777e-03 1.244890087588e+00
4.940000000000e+01 8.935061235081e-03 1.236950720852e+00
4.941250000000e+01 8.895679835797e-03 1.229235577757e+00
4.942500000000e+01 8.857586344483e-03 1.221741488833e+00
4.943750000000e+01 8.820751968693e-03 1.214465307190e+00
4.945000000000e+01 8.785148542003e-03 1.207403916314e+00
4.946250000000e+01 8.750748549111e-03 1.200554236989e+00
4.947500000000e+01 8.717525146347e-03 1.193913233419e+00
4.948750000000e+01 8.685452178227e-03 1.187477918626e+00
4.950000000000e+01 8.654504190432e-03 1.181245359200e+00
4.951250000000e+01 8.624656439570e-03 1.175212679450e+00
4.952500000000e+01 8.595884900169e-03 1.169377065028e+00
4.953750000000e+01 8.568166269154e-03 1.163735766069e+00
4.955000000000e+01 8.541477968156e-03 1.158286099900e+00
4.956250000000e+01 8.515798143921e-03 1.153025453367e+00
4.957500000000e+01 8.491105667033e-03 1.147951284802e+00
4.958750000000e+01 8.467380129241e-03 1.143061125699e+00
4.960000000000e+01 8.444601839529e-03 1.138352582098e+00
4.961250000000e+01 8.422751819128e-03 1.133823335735e+00
4.962500000000e+01 8.401811795696e-03 1.129471144967e+00
4.963750000000e+01 8.381764196698e-03 1.125293845514e+00
4.965000000000e+01 8.362592142278e-03 1.121289351032e+00
4.966250000000e+01 8.344279437570e-03 1.117455653531e+00
4.967500000000e+01 8.326810564693e-03 1.113790823679e+00
4.968750000000e+01 8.310170674495e-03 1.110293010990e+00
4.970000000000e+01 8.294345578073e-03 1.106960443914e+00
4.971250000000e+01 8.279321738249e-03 1.103791429863e+00
4.972500000000e+01 8.265086260984e-03 1.100784355155e+00
4.973750000000e+01 8.251626886827e-03 1.097937684914e+00
4.975000000000e+01 8.238931982518e-03 1.095249962927e+00
4.976250000000e+01 8.226990532639e-03 1.092719811465e+00
4.977500000000e+01 8.215792131552e-03 1.090345931081e+00
4.978750000000e+01 8.205326975520e-03 1.088127100398e+00
4.980000000000e+01 8.195585855088e-03 1.086062175879e+00
4.981250000000e+01 8.186560147813e-03 1.084150091604e+00
4.982500000000e+01 8.178241811260e-03 1.082389859050e+00
4.983750000000e+01 8.170623376429e-03 1.080780566878e+00
4.985000000000e+01 8.163697941482e-03 1.079321380737e+00
4.986250000000e+01 8.157459165912e-03 1.078011543094e+00
4.987500000000e+01 8.151901265143e-03 1.076850373075e+00
4.988750000000e+01 8.147019005512e-03 1.075837266350e+00
4.990000000000e+01 8.142807699751e-03 1.074971695035e+00
4.991250000000e+01 8.139263202902e-03 1.074253207640e+00
4.992500000000e+01 8.136381908684e-03 1.073681429048e+00
4.993750000000e+01 8.134160746414e-03 1.073256060536e+00
4.995000000000e+01 8.132597178318e-03 1.072976879839e+00
4.996250000000e+01 8.131689197435e-03 1.072843741261e+00
4.997500000000e+01 8.131435325981e-03 1.072856575829e+00
4.998750000000e+01 8.131834614218e-03 1.073015391498e+00
5.000000000000e+01 8.132886639903e-03 1.073320273412e+00
