0.000000000000e+00 5.524241612606e-03 5.524271728020e-03
6.250000000000e-03 5.524199660549e-03 5.524440564802e-03
1.250000000000e-02 5.523882272253e-03 5.524514656259e-03
1.875000000000e-02 5.523289846563e-03 5.524494339544e-03
2.500000000000e-02 5.522423080691e-03 5.524380171231e-03
3.125000000000e-02 5.521282968317e-03 5.524172925855e-03
3.750000000000e-02 5.519870796924e-03 5.523873593860e-03
4.375000000000e-02 5.518188144356e-03 5.523483378984e-03
5.000000000000e-02 5.516236874642e-03 5.523003695084e-03
5.625000000000e-02 5.514019133089e-03 5.522436162417e-03
6.250000000000e-02 5.511537340679e-03 5.521782603403e-03
6.875000000000e-02 5.508794187790e-03 5.521045037880e-03
7.500000000000e-02 5.505792627278e-03 5.520225677884e-03
8.125000000000e-02 5.502535866945e-03 5.519326921978e-03
8.750000000000e-02 5.499027361446e-03 5.518351349151e-03
9.375000000000e-02 5.495270803644e-03 5.517301712324e-03
1.000000000000e-01 5.491270115487e-03 5.516180931488e-03
1.062500000000e-01 5.487029438422e-03 5.514992086507e-03
1.125000000000e-01 5.482553123403e-03 5.513738409625e-03
1.187500000000e-01 5.477845720534e-03 5.512423277702e-03
1.250000000000e-01 5.472911968393e-03 5.511050204213e-03
1.312500000000e-01 5.467756783074e-03 5.509622831057e-03
1.375000000000e-01 5.462385247011e-03 5.508144920193e-03
1.437500000000e-01 5.456802597607e-03 5.506620345152e-03
1.500000000000e-01 5.451014215731e-03 5.505053082452e-03
1.562500000000e-01 5.445025614120e-03 5.503447202949e-03
1.625000000000e-01 5.438842425727e-03 5.501806863164e-03
1.687500000000e-01 5.432470392065e-03 5.500136296605e-03
1.750000000000e-01 5.425915351578e-03 5.498439805129e-03
1.812500000000e-01 5.419183228084e-03 5.496721750367e-03
1.875000000000e-01 5.412280019338e-03 5.494986545237e-03
1.937500000000e-01 5.405211785725e-03 5.493238645577e-03
2.000000000000e-01 5.397984639138e-03 5.491482541927e-03
2.062500000000e-01 5.390604732074e-03 5.489722751466e-03
2.125000000000e-01 5.383078246957e-03 5.487963810153e-03
2.187500000000e-01 5.375411385736e-03 5.486210265066e-03
2.250000000000e-01 5.367610359772e-03 5.484466666974e-03
2.312500000000e-01 5.359681380044e-03 5.482737563154e-03
2.375000000000e-01 5.351630647677e-03 5.481027490461e-03
2.437500000000e-01 5.343464344836e-03 5.479340968677e-03
2.500000000000e-01 5.335188625977e-03 5.477682494138e-03
2.562500000000e-01 5.326809609481e-03 5.476056533655e-03
2.625000000000e-01 5.318333369682e-03 5.474467518733e-03
2.687500000000e-01 5.309765929284e-03 5.472919840097e-03
2.750000000000e-01 5.301113252197e-03 5.471417842529e-03
2.812500000000e-01 5.292381236769e-03 5.469965820013e-03
2.875000000000e-01 5.283575709441e-03 5.468568011197e-03
2.937500000000e-01 5.274702418809e-03 5.467228595173e-03
3.000000000000e-01 5.265767030096e-03 5.465951687558e-03
3.062500000000e-01 5.256775120040e-03 5.464741336895e-03
3.125000000000e-01 5.247732172179e-03 5.463601521358e-03
3.187500000000e-01 5.238643572535e-03 5.462536145751e-03
3.250000000000e-01 5.229514605697e-03 5.461549038817e-03
3.312500000000e-01 5.220350451279e-03 5.460643950815e-03
3.375000000000e-01 5.211156180759e-03 5.459824551401e-03
3.437500000000e-01 5.201936754677e-03 5.459094427766e-03
3.500000000000e-01 5.192697020193e-03 5.458457083047e-03
3.562500000000e-01 5.183441708980e-03 5.457915934988e-03
3.625000000000e-01 5.174175435453e-03 5.457474314858e-03
3.687500000000e-01 5.164902695309e-03 5.457135466588e-03
3.750000000000e-01 5.155627864380e-03 5.456902546152e-03
3.812500000000e-01 5.146355197767e-03 5.456778621153e-03
3.875000000000e-01 5.137088829257e-03 5.456766670617e-03
3.937500000000e-01 5.127832771005e-03 5.456869584978e-03
4.000000000000e-01 5.118590913457e-03 5.457090166259e-03
4.062500000000e-01 5.109367025519e-03 5.457431128408e-03
4.125000000000e-01 5.100164754942e-03 5.457895097813e-03
4.187500000000e-01 5.090987628918e-03 5.458484613960e-03
4.250000000000e-01 5.081839054868e-03 5.459202130236e-03
4.312500000000e-01 5.072722321413e-03 5.460050014864e-03
4.375000000000e-01 5.063640599519e-03 5.461030551958e-03
4.437500000000e-01 5.054596943787e-03 5.462145942696e-03
4.500000000000e-01 5.045594293896e-03 5.463398306588e-03
4.562500000000e-01 5.036635476177e-03 5.464789682843e-03
4.625000000000e-01 5.027723205297e-03 5.466322031822e-03
4.687500000000e-01 5.018860086066e-03 5.467997236564e-03
4.750000000000e-01 5.010048615333e-03 5.469817104384e-03
4.812500000000e-01 5.001291183972e-03 5.471783368529e-03
4.875000000000e-01 4.992590078945e-03 5.473897689892e-03
4.937500000000e-01 4.983947485434e-03 5.476161658767e-03
5.000000000000e-01 4.975365489032e-03 5.478576796645e-03
5.062500000000e-01 4.966846077984e-03 5.481144558048e-03
5.125000000000e-01 4.958391145473e-03 5.483866332384e-03
5.187500000000e-01 4.950002491937e-03 5.486743445828e-03
5.250000000000e-01 4.941681827414e-03 5.489777163217e-03
5.312500000000e-01 4.933430773913e-03 5.492968689955e-03
5.375000000000e-01 4.925250867791e-03 5.496319173931e-03
5.437500000000e-01 4.917143562144e-03 5.499829707429e-03
5.500000000000e-01 4.909110229201e-03 5.503501329048e-03
5.562500000000e-01 4.901152162710e-03 5.507335025606e-03
5.625000000000e-01 4.893270580324e-03 5.511331734040e-03
5.687500000000e-01 4.885466625971e-03 5.515492343295e-03
5.750000000000e-01 4.877741372205e-03 5.519817696195e-03
5.812500000000e-01 4.870095822548e-03 5.524308591296e-03
5.875000000000e-01 4.862530913796e-03 5.528965784720e-03
5.937500000000e-01 4.855047518307e-03 5.533789991972e-03
6.000000000000e-01 4.847646446260e-03 5.538781889717e-03
6.062500000000e-01 4.840328447880e-03 5.543942117552e-03
6.125000000000e-01 4.833094215625e-03 5.549271279731e-03
6.187500000000e-01 4.825944386348e-03 5.554769946875e-03
6.250000000000e-01 4.818879543411e-03 5.560438657644e-03
6.312500000000e-01 4.811900218768e-03 5.566277920379e-03
6.375000000000e-01 4.805006894999e-03 5.572288214716e-03
6.437500000000e-01 4.798200007307e-03 5.578469993160e-03
6.500000000000e-01 4.791479945476e-03 5.584823682636e-03
6.562500000000e-01 4.784847055778e-03 5.591349685993e-03
6.625000000000e-01 4.778301642840e-03 5.598048383486e-03
6.687500000000e-01 4.771843971467e-03 5.604920134218e-03
6.750000000000e-01 4.765474268417e-03 5.611965277546e-03
6.812500000000e-01 4.759192724136e-03 5.619184134456e-03
6.875000000000e-01 4.752999494440e-03 5.626577008902e-03
6.937500000000e-01 4.746894702160e-03 5.634144189113e-03
7.000000000000e-01 4.740878438739e-03 5.641885948862e-03
7.062500000000e-01 4.734950765779e-03 5.649802548704e-03
7.125000000000e-01 4.729111716555e-03 5.657894237181e-03
7.187500000000e-01 4.723361297470e-03 5.666161251990e-03
7.250000000000e-01 4.717699489482e-03 5.674603821126e-03
7.312500000000e-01 4.712126249474e-03 5.683222163986e-03
7.375000000000e-01 4.706641511590e-03 5.692016492445e-03
7.437500000000e-01 4.701245188529e-03 5.700987011898e-03
7.500000000000e-01 4.695937172791e-03 5.710133922279e-03
7.562500000000e-01 4.690717337890e-03 5.719457419040e-03
7.625000000000e-01 4.685585539523e-03 5.728957694109e-03
7.687500000000e-01 4.680541616698e-03 5.738634936816e-03
7.750000000000e-01 4.675585392834e-03 5.748489334793e-03
7.812500000000e-01 4.670716676807e-03 5.758521074848e-03
7.875000000000e-01 4.665935263976e-03 5.768730343806e-03
7.937500000000e-01 4.661240937162e-03 5.779117329336e-03
8.000000000000e-01 4.656633467599e-03 5.789682220743e-03
8.062500000000e-01 4.652112615844e-03 5.800425209739e-03
8.125000000000e-01 4.647678132660e-03 5.811346491196e-03
8.187500000000e-01 4.643329759868e-03 5.822446263867e-03
8.250000000000e-01 4.639067231158e-03 5.833724731093e-03
8.312500000000e-01 4.634890272880e-03 5.845182101485e-03
8.375000000000e-01 4.630798604801e-03 5.856818589584e-03
8.437500000000e-01 4.626791940831e-03 5.868634416509e-03
8.500000000000e-01 4.622869989726e-03 5.880629810577e-03
8.562500000000e-01 4.619032455762e-03 5.892805007908e-03
8.625000000000e-01 4.615279039380e-03 5.905160253016e-03
8.687500000000e-01 4.611609437808e-03 5.917695799374e-03
8.750000000000e-01 4.608023345662e-03 5.930411909976e-03
8.812500000000e-01 4.604520455516e-03 5.943308857871e-03
8.875000000000e-01 4.601100458455e-03 5.956386926687e-03
8.937500000000e-01 4.597763044602e-03 5.969646411144e-03
9.000000000000e-01 4.594507903627e-03 5.983087617547e-03
9.062500000000e-01 4.591334725230e-03 5.996710864268e-03
9.125000000000e-01 4.588243199616e-03 6.010516482223e-03
9.187500000000e-01 4.585233017933e-03 6.024504815320e-03
9.250000000000e-01 4.582303872705e-03 6.038676220917e-03
9.312500000000e-01 4.579455458247e-03 6.053031070250e-03
9.375000000000e-01 4.576687471052e-03 6.067569748865e-03
9.437500000000e-01 4.573999610174e-03 6.082292657030e-03
9.500000000000e-01 4.571391577590e-03 6.097200210148e-03
9.562500000000e-01 4.568863078541e-03 6.112292839151e-03
9.625000000000e-01 4.566413821873e-03 6.127570990891e-03
9.687500000000e-01 4.564043520346e-03 6.143035128528e-03
9.750000000000e-01 4.561751890945e-03 6.158685731901e-03
9.812500000000e-01 4.559538655170e-03 6.174523297897e-03
9.875000000000e-01 4.557403539316e-03 6.190548340819e-03
9.937500000000e-01 4.555346274736e-03 6.206761392739e-03
1.000000000000e+00 4.553366598105e-03 6.223163003852e-03
1.006250000000e+00 4.551464251659e-03 6.239753742820e-03
1.012500000000e+00 4.549638983436e-03 6.256534197120e-03
1.018750000000e+00 4.547890547494e-03 6.273504973375e-03
1.025000000000e+00 4.546218704134e-03 6.290666697697e-03
1.031250000000e+00 4.544623220103e-03 6.308020016011e-03
1.037500000000e+00 4.543103868792e-03 6.325565594386e-03
1.043750000000e+00 4.541660430431e-03 6.343304119364e-03
1.050000000000e+00 4.540292692265e-03 6.361236298278e-03
1.056250000000e+00 4.539000448734e-03 6.379362859574e-03
1.062500000000e+00 4.537783501637e-03 6.397684553137e-03
1.068750000000e+00 4.536641660297e-03 6.416202150601e-03
1.075000000000e+00 4.535574741718e-03 6.434916445674e-03
1.081250000000e+00 4.534582570725e-03 6.453828254450e-03
1.087500000000e+00 4.533664980120e-03 6.472938415728e-03
1.093750000000e+00 4.532821810811e-03 6.492247791329e-03
1.100000000000e+00 4.532052911948e-03 6.511757266411e-03
1.106250000000e+00 4.531358141054e-03 6.531467749787e-03
1.112500000000e+00 4.530737364146e-03 6.551380174246e-03
1.118750000000e+00 4.530190455857e-03 6.571495496868e-03
1.125000000000e+00 4.529717299551e-03 6.591814699346e-03
1.131250000000e+00 4.529317787435e-03 6.612338788312e-03
1.137500000000e+00 4.528991820669e-03 6.633068795654e-03
1.143750000000e+00 4.528739309474e-03 6.654005778848e-03
1.150000000000e+00 4.528560173228e-03 6.675150821286e-03
1.156250000000e+00 4.528454340575e-03 6.696505032602e-03
1.162500000000e+00 4.528421749517e-03 6.718069549012e-03
1.168750000000e+00 4.528462347510e-03 6.739845533649e-03
1.175000000000e+00 4.528576091560e-03 6.761834176900e-03
1.181250000000e+00 4.528762948312e-03 6.784036696754e-03
1.187500000000e+00 4.529022894140e-03 6.806454339148e-03
1.193750000000e+00 4.529355915237e-03 6.829088378316e-03
1.200000000000e+00 4.529762007698e-03 6.851940117147e-03
1.206250000000e+00 4.530241177611e-03 6.875010887547e-03
1.212500000000e+00 4.530793441137e-03 6.898302050795e-03
1.218750000000e+00 4.531418824596e-03 6.921814997920e-03
1.225000000000e+00 4.532117364547e-03 6.945551150073e-03
1.231250000000e+00 4.532889107877e-03 6.969511958903e-03
1.237500000000e+00 4.533734111874e-03 6.993698906944e-03
1.243750000000e+00 4.534652444317e-03 7.018113508005e-03
1.250000000000e+00 4.535644183549e-03 7.042757307565e-03
1.256250000000e+00 4.536709418568e-03 7.067631883173e-03
1.262500000000e+00 4.537848249098e-03 7.092738844857e-03
1.268750000000e+00 4.539060785680e-03 7.118079835539e-03
1.275000000000e+00 4.540347149747e-03 7.143656531452e-03
1.281250000000e+00 4.541707473710e-03 7.169470642570e-03
1.287500000000e+00 4.543141901038e-03 7.195523913037e-03
1.293750000000e+00 4.544650586345e-03 7.221818121612e-03
1.300000000000e+00 4.546233695471e-03 7.248355082117e-03
1.306250000000e+00 4.547891405566e-03 7.275136643887e-03
1.312500000000e+00 4.549623905180e-03 7.302164692235e-03
1.318750000000e+00 4.551431394344e-03 7.329441148926e-03
1.325000000000e+00 4.553314084665e-03 7.356967972646e-03
1.331250000000e+00 4.555272199406e-03 7.384747159496e-03
1.337500000000e+00 4.557305973583e-03 7.412780743483e-03
1.343750000000e+00 4.559415654054e-03 7.441070797019e-03
1.350000000000e+00 4.561601499611e-03 7.469619431437e-03
1.356250000000e+00 4.563863781074e-03 7.498428797507e-03
1.362500000000e+00 4.566202781390e-03 7.527501085964e-03
1.368750000000e+00 4.568618795724e-03 7.556838528046e-03
1.375000000000e+00 4.571112131565e-03 7.586443396041e-03
1.381250000000e+00 4.573683108820e-03 7.616318003839e-03
1.387500000000e+00 4.576332059919e-03 7.646464707498e-03
1.393750000000e+00 4.579059329922e-03 7.676885905820e-03
1.400000000000e+00 4.581865276619e-03 7.707584040933e-03
1.406250000000e+00 4.584750270642e-03 7.738561598884e-03
1.412500000000e+00 4.587714695571e-03 7.769821110245e-03
1.418750000000e+00 4.590758948052e-03 7.801365150724e-03
1.425000000000e+00 4.593883437903e-03 7.833196341790e-03
1.431250000000e+00 4.597088588235e-03 7.865317351306e-03
1.437500000000e+00 4.600374835568e-03 7.897730894178e-03
1.443750000000e+00 4.603742629949e-03 7.930439733004e-03
1.450000000000e+00 4.607192435079e-03 7.963446678745e-03
1.456250000000e+00 4.610724728432e-03 7.996754591401e-03
1.462500000000e+00 4.614340001387e-03 8.030366380694e-03
1.468750000000e+00 4.618038759350e-03 8.064285006776e-03
1.475000000000e+00 4.621821521890e-03 8.098513480931e-03
1.481250000000e+00 4.625688822871e-03 8.133054866299e-03
1.487500000000e+00 4.629641210588e-03 8.167912278613e-03
1.493750000000e+00 4.633679247903e-03 8.203088886934e-03
1.500000000000e+00 4.637803512387e-03 8.238587914417e-03
1.506250000000e+00 4.642014596460e-03 8.274412639070e-03
1.512500000000e+00 4.646313107539e-03 8.310566394538e-03
1.518750000000e+00 4.650699668183e-03 8.347052570893e-03
1.525000000000e+00 4.655174916242e-03 8.383874615433e-03
1.531250000000e+00 4.659739505010e-03 8.421036033501e-03
1.537500000000e+00 4.664394103376e-03 8.458540389308e-03
1.543750000000e+00 4.669139395984e-03 8.496391306772e-03
1.550000000000e+00 4.673976083388e-03 8.534592470368e-03
1.556250000000e+00 4.678904882214e-03 8.573147625989e-03
1.562500000000e+00 4.683926525321e-03 8.612060581818e-03
1.568750000000e+00 4.689041761968e-03 8.651335209218e-03
1.575000000000e+00 4.694251357979e-03 8.690975443622e-03
1.581250000000e+00 4.699556095912e-03 8.730985285447e-03
1.587500000000e+00 4.704956775228e-03 8.771368801012e-03
1.593750000000e+00 4.710454212469e-03 8.812130123468e-03
1.600000000000e+00 4.716049241424e-03 8.853273453743e-03
1.606250000000e+00 4.721742713312e-03 8.894803061496e-03
1.612500000000e+00 4.727535496955e-03 8.936723286080e-03
1.618750000000e+00 4.733428478961e-03 8.979038537518e-03
1.625000000000e+00 4.739422563902e-03 9.021753297490e-03
1.631250000000e+00 4.745518674494e-03 9.064872120330e-03
1.637500000000e+00 4.751717751784e-03 9.108399634032e-03
1.643750000000e+00 4.758020755334e-03 9.152340541263e-03
1.650000000000e+00 4.764428663400e-03 9.196699620394e-03
1.656250000000e+00 4.770942473124e-03 9.241481726531e-03
1.662500000000e+00 4.777563200719e-03 9.286691792557e-03
1.668750000000e+00 4.784291881651e-03 9.332334830185e-03
1.675000000000e+00 4.791129570833e-03 9.378415931018e-03
1.681250000000e+00 4.798077342803e-03 9.424940267610e-03
1.687500000000e+00 4.805136291918e-03 9.471913094541e-03
1.693750000000e+00 4.812307532537e-03 9.519339749493e-03
1.700000000000e+00 4.819592199205e-03 9.567225654334e-03
1.706250000000e+00 4.826991446838e-03 9.615576316203e-03
1.712500000000e+00 4.834506450903e-03 9.664397328602e-03
1.718750000000e+00 4.842138407607e-03 9.713694372488e-03
1.725000000000e+00 4.849888534065e-03 9.763473217363e-03
1.731250000000e+00 4.857758068485e-03 9.813739722376e-03
1.737500000000e+00 4.865748270339e-03 9.864499837412e-03
1.743750000000e+00 4.873860420530e-03 9.915759604183e-03
1.750000000000e+00 4.882095821568e-03 9.967525157321e-03
1.756250000000e+00 4.890455797723e-03 1.001980272546e-02
1.762500000000e+00 4.898941695189e-03 1.007259863230e-02
1.768750000000e+00 4.907554882239e-03 1.012591929773e-02
1.775000000000e+00 4.916296749367e-03 1.017977123880e-02
1.781250000000e+00 4.925168709435e-03 1.023416107085e-02
1.787500000000e+00 4.934172197803e-03 1.028909550853e-02
1.793750000000e+00 4.943308672462e-03 1.034458136677e-02
1.800000000000e+00 4.952579614146e-03 1.040062556187e-02
1.806250000000e+00 4.961986526448e-03 1.045723511241e-02
1.812500000000e+00 4.971530935917e-03 1.051441714023e-02
1.818750000000e+00 4.981214392151e-03 1.057217887142e-02
1.825000000000e+00 4.991038467871e-03 1.063052763714e-02
1.831250000000e+00 5.001004758991e-03 1.068947087458e-02
1.837500000000e+00 5.011114884667e-03 1.074901612774e-02
1.843750000000e+00 5.021370487340e-03 1.080917104829e-02
1.850000000000e+00 5.031773232755e-03 1.086994339631e-02
1.856250000000e+00 5.042324809968e-03 1.093134104099e-02
1.862500000000e+00 5.053026931337e-03 1.099337196134e-02
1.868750000000e+00 5.063881332486e-03 1.105604424680e-02
1.875000000000e+00 5.074889772258e-03 1.111936609776e-02
1.881250000000e+00 5.086054032640e-03 1.118334582611e-02
1.887500000000e+00 5.097375918669e-03 1.124799185565e-02
1.893750000000e+00 5.108857258302e-03 1.131331272242e-02
1.900000000000e+00 5.120499902279e-03 1.137931707501e-02
1.906250000000e+00 5.132305723935e-03 1.144601367471e-02
1.912500000000e+00 5.144276618999e-03 1.151341139566e-02
1.918750000000e+00 5.156414505349e-03 1.158151922479e-02
1.925000000000e+00 5.168721322742e-03 1.165034626175e-02
1.931250000000e+00 5.181199032500e-03 1.171990171869e-02
1.937500000000e+00 5.193849617156e-03 1.179019491985e-02
1.943750000000e+00 5.206675080070e-03 1.186123530118e-02
1.950000000000e+00 5.219677444983e-03 1.193303240963e-02
1.956250000000e+00 5.232858755543e-03 1.200559590245e-02
1.962500000000e+00 5.246221074764e-03 1.207893554623e-02
1.968750000000e+00 5.259766484447e-03 1.215306121579e-02
1.975000000000e+00 5.273497084537e-03 1.222798289293e-02
1.981250000000e+00 5.287414992421e-03 1.230371066493e-02
1.987500000000e+00 5.301522342167e-03 1.238025472287e-02
1.993750000000e+00 5.315821283694e-03 1.245762535972e-02
2.000000000000e+00 5.330313981876e-03 1.253583296825e-02
2.006250000000e+00 5.345002615563e-03 1.261488803857e-02
2.012500000000e+00 5.359889376537e-03 1.269480115551e-02
2.018750000000e+00 5.374976468372e-03 1.277558299571e-02
2.025000000000e+00 5.390266105218e-03 1.285724432437e-02
2.031250000000e+00 5.405760510483e-03 1.293979599168e-02
2.037500000000e+00 5.421461915425e-03 1.302324892897e-02
2.043750000000e+00 5.437372557641e-03 1.310761414446e-02
2.050000000000e+00 5.453494679444e-03 1.319290271864e-02
2.056250000000e+00 5.469830526126e-03 1.327912579927e-02
2.062500000000e+00 5.486382344110e-03 1.336629459593e-02
2.068750000000e+00 5.503152378961e-03 1.345442037413e-02
2.075000000000e+00 5.520142873280e-03 1.354351444901e-02
2.081250000000e+00 5.537356064446e-03 1.363358817841e-02
2.087500000000e+00 5.554794182218e-03 1.372465295557e-02
2.093750000000e+00 5.572459446178e-03 1.381672020115e-02
2.100000000000e+00 5.590354063019e-03 1.390980135473e-02
2.106250000000e+00 5.608480223652e-03 1.400390786569e-02
2.112500000000e+00 5.626840100148e-03 1.409905118340e-02
2.118750000000e+00 5.645435842478e-03 1.419524274679e-02
2.125000000000e+00 5.664269575068e-03 1.429249397310e-02
2.131250000000e+00 5.683343393141e-03 1.439081624601e-02
2.137500000000e+00 5.702659358851e-03 1.449022090281e-02
2.143750000000e+00 5.722219497184e-03 1.459071922089e-02
2.150000000000e+00 5.742025791624e-03 1.469232240324e-02
2.156250000000e+00 5.762080179579e-03 1.479504156305e-02
2.162500000000e+00 5.782384547541e-03 1.489888770737e-02
2.168750000000e+00 5.802940725985e-03 1.500387171971e-02
2.175000000000e+00 5.823750483979e-03 1.511000434164e-02
2.181250000000e+00 5.844815523509e-03 1.521729615319e-02
2.187500000000e+00 5.866137473497e-03 1.532575755214e-02
2.193750000000e+00 5.887717883497e-03 1.543539873206e-02
2.200000000000e+00 5.909558217074e-03 1.554622965911e-02
2.206250000000e+00 5.931659844825e-03 1.565826004750e-02
2.212500000000e+00 5.954024037056e-03 1.577149933348e-02
2.218750000000e+00 5.976651956084e-03 1.588595664803e-02
2.225000000000e+00 5.999544648162e-03 1.600164078794e-02
2.231250000000e+00 6.022703035006e-03 1.611856018533e-02
2.237500000000e+00 6.046127904914e-03 1.623672287559e-02
2.243750000000e+00 6.069819903466e-03 1.635613646358e-02
2.250000000000e+00 6.093779523785e-03 1.647680808813e-02
2.256250000000e+00 6.118007096355e-03 1.659874438465e-02
2.262500000000e+00 6.142502778383e-03 1.672195144599e-02
2.268750000000e+00 6.167266542680e-03 1.684643478121e-02
2.275000000000e+00 6.192298166070e-03 1.697219927250e-02
2.281250000000e+00 6.217597217296e-03 1.709924912991e-02
2.287500000000e+00 6.243163044435e-03 1.722758784409e-02
2.293750000000e+00 6.268994761792e-03 1.735721813680e-02
2.300000000000e+00 6.295091236276e-03 1.748814190918e-02
2.306250000000e+00 6.321451073253e-03 1.762036018783e-02
2.312500000000e+00 6.348072601869e-03 1.775387306848e-02
2.318750000000e+00 6.374953859833e-03 1.788867965744e-02
2.325000000000e+00 6.402092577677e-03 1.802477801052e-02
2.331250000000e+00 6.429486162468e-03 1.816216506970e-02
2.337500000000e+00 6.457131681001e-03 1.830083659722e-02
2.343750000000e+00 6.485025842463e-03 1.844078710736e-02
2.350000000000e+00 6.513164980584e-03 1.858200979571e-02
2.356250000000e+00 6.541545035289e-03 1.872449646606e-02
2.362500000000e+00 6.570161533858e-03 1.886823745488e-02
2.368750000000e+00 6.599009571629e-03 1.901322155343e-02
2.375000000000e+00 6.628083792256e-03 1.915943592760e-02
2.381250000000e+00 6.657378367565e-03 1.930686603544e-02
2.387500000000e+00 6.686886977026e-03 1.945549554266e-02
2.393750000000e+00 6.716602786901e-03 1.960530623600e-02
2.400000000000e+00 6.746518429098e-03 1.975627793473e-02
2.406250000000e+00 6.776625979801e-03 1.990838840043e-02
2.412500000000e+00 6.806916937923e-03 2.006161324515e-02
2.418750000000e+00 6.837382203453e-03 2.021592583829e-02
2.425000000000e+00 6.868012055783e-03 2.037129721230e-02
2.431250000000e+00 6.898796132088e-03 2.052769596755e-02
2.437500000000e+00 6.929723405852e-03 2.068508817673e-02
2.443750000000e+00 6.960782165654e-03 2.084343728895e-02
2.450000000000e+00 6.991959994316e-03 2.100270403411e-02
2.456250000000e+00 7.023243748535e-03 2.116284632783e-02
2.462500000000e+00 7.054619539134e-03 2.132381917744e-02
2.468750000000e+00 7.086072712077e-03 2.148557458956e-02
2.475000000000e+00 7.117587830390e-03 2.164806147978e-02
2.481250000000e+00 7.149148657172e-03 2.181122558501e-02
2.487500000000e+00 7.180738139838e-03 2.197500937919e-02
2.493750000000e+00 7.212338395816e-03 2.213935199302e-02
2.500000000000e+00 7.243930699858e-03 2.230418913840e-02
2.506250000000e+00 7.275495473195e-03 2.246945303843e-02
2.512500000000e+00 7.307012274731e-03 2.263507236367e-02
2.518750000000e+00 7.338459794514e-03 2.280097217564e-02
2.525000000000e+00 7.369815849688e-03 2.296707387839e-02
2.531250000000e+00 7.401057383200e-03 2.313329517900e-02
2.537500000000e+00 7.432160465449e-03 2.329955005819e-02
2.543750000000e+00 7.463100299182e-03 2.346574875173e-02
2.550000000000e+00 7.493851227823e-03 2.363179774397e-02
2.556250000000e+00 7.524386747518e-03 2.379759977422e-02
2.562500000000e+00 7.554679523122e-03 2.396305385726e-02
2.568750000000e+00 7.584701408362e-03 2.412805531885e-02
2.575000000000e+00 7.614423470408e-03 2.429249584728e-02
2.581250000000e+00 7.643816019068e-03 2.445626356199e-02
2.587500000000e+00 7.672848640794e-03 2.461924310021e-02
2.593750000000e+00 7.701490237704e-03 2.478131572247e-02
2.600000000000e+00 7.729709071754e-03 2.494235943780e-02
2.606250000000e+00 7.757472814219e-03 2.510224914955e-02
2.612500000000e+00 7.784748600566e-03 2.526085682227e-02
2.618750000000e+00 7.811503090804e-03 2.541805167033e-02
2.625000000000e+00 7.837702535338e-03 2.557370036872e-02
2.631250000000e+00 7.863312846315e-03 2.572766728629e-02
2.637500000000e+00 7.888299674423e-03 2.587981474150e-02
2.643750000000e+00 7.912628491022e-03 2.603000328079e-02
2.650000000000e+00 7.936264675460e-03 2.617809197918e-02
2.656250000000e+00 7.959173607375e-03 2.632393876279e-02
2.662500000000e+00 7.981320763701e-03 2.646740075254e-02
2.668750000000e+00 8.002671820071e-03 2.660833462821e-02
2.675000000000e+00 8.023192756216e-03 2.674659701184e-02
2.681250000000e+00 8.042849964932e-03 2.688204486894e-02
2.687500000000e+00 8.061610364107e-03 2.701453592613e-02
2.693750000000e+00 8.079441511241e-03 2.714392910324e-02
2.700000000000e+00 8.096311719866e-03 2.727008495805e-02
2.706250000000e+00 8.112190177169e-03 2.739286614104e-02
2.712500000000e+00 8.127047062131e-03 2.751213785806e-02
2.718750000000e+00 8.140853663408e-03 2.762776833795e-02
2.725000000000e+00 8.153582496178e-03 2.773962930240e-02
2.731250000000e+00 8.165207417118e-03 2.784759643492e-02
2.737500000000e+00 8.175703736685e-03 2.795154984594e-02
2.743750000000e+00 8.185048327848e-03 2.805137453061e-02
2.750000000000e+00 8.193219730418e-03 2.814696081616e-02
2.756250000000e+00 8.200198250124e-03 2.823820479541e-02
2.762500000000e+00 8.205966051637e-03 2.832500874312e-02
2.768750000000e+00 8.210507244723e-03 2.840728151197e-02
2.775000000000e+00 8.213807962783e-03 2.848493890499e-02
2.781250000000e+00 8.215856433083e-03 2.855790402136e-02
2.787500000000e+00 8.216643038021e-03 2.862610757281e-02
2.793750000000e+00 8.216160366879e-03 2.868948816796e-02
2.800000000000e+00 8.214403257542e-03 2.874799256216e-02
2.806250000000e+00 8.211368827803e-03 2.880157587081e-02
2.812500000000e+00 8.207056495932e-03 2.885020174436e-02
2.818750000000e+00 8.201467990278e-03 2.889384250348e-02
2.825000000000e+00 8.194607347819e-03 2.893247923342e-02
2.831250000000e+00 8.186480901615e-03 2.896610183679e-02
2.837500000000e+00 8.177097257280e-03 2.899470904440e-02
2.843750000000e+00 8.166467258651e-03 2.901830838437e-02
2.850000000000e+00 8.154603942946e-03 2.903691610976e-02
2.856250000000e+00 8.141522485808e-03 2.905055708573e-02
2.862500000000e+00 8.127240136703e-03 2.905926463733e-02
2.868750000000e+00 8.111776145228e-03 2.906308035948e-02
2.875000000000e+00 8.095151678975e-03 2.906205389097e-02
2.881250000000e+00 8.077389733630e-03 2.905624265467e-02
2.887500000000e+00 8.058515036086e-03 2.904571156639e-02
2.893750000000e+00 8.038553941346e-03 2.903053271491e-02
2.900000000000e+00 8.017534324065e-03 2.901078501609e-02
2.906250000000e+00 7.995485465586e-03 2.898655384402e-02
2.912500000000e+00 7.972437937335e-03 2.895793064231e-02
2.918750000000e+00 7.948423481461e-03 2.892501251853e-02
2.925000000000e+00 7.923474889575e-03 2.888790182523e-02
2.931250000000e+00 7.897625880440e-03 2.884670573042e-02
2.937500000000e+00 7.870910977444e-03 2.880153578084e-02
2.943750000000e+00 7.843365386620e-03 2.875250746108e-02
2.950000000000e+00 7.815024876000e-03 2.869973975127e-02
2.956250000000e+00 7.785925656959e-03 2.864335468644e-02
2.962500000000e+00 7.756104268225e-03 2.858347692005e-02
2.968750000000e+00 7.725597463148e-03 2.852023329411e-02
2.975000000000e+00 7.694442100729e-03 2.845375241841e-02
2.981250000000e+00 7.662675040929e-03 2.838416426064e-02
2.987500000000e+00 7.630333044615e-03 2.831159974956e-02
2.993750000000e+00 7.597452678532e-03 2.823619039264e-02
3.000000000000e+00 7.564070225552e-03 2.815806790978e-02
3.006250000000e+00 7.530221600449e-03 2.807736388420e-02
3.012500000000e+00 7.495942271352e-03 2.799420943155e-02
3.018750000000e+00 7.461267186990e-03 2.790873488801e-02
3.025000000000e+00 7.426230709795e-03 2.782106951806e-02
3.031250000000e+00 7.390866554855e-03 2.773134124209e-02
3.037500000000e+00 7.355207734703e-03 2.763967638435e-02
3.043750000000e+00 7.319286509858e-03 2.754619944112e-02
3.050000000000e+00 7.283134344996e-03 2.745103286899e-02
3.056250000000e+00 7.246781870624e-03 2.735429689312e-02
3.062500000000e+00 7.210258850074e-03 2.725610933501e-02
3.068750000000e+00 7.173594151614e-03 2.715658545942e-02
3.075000000000e+00 7.136815725481e-03 2.705583783972e-02
3.081250000000e+00 7.099950585577e-03 2.695397624115e-02
3.087500000000e+00 7.063024795596e-03 2.685110752126e-02
3.093750000000e+00 7.026063459330e-03 2.674733554666e-02
3.100000000000e+00 6.989090714874e-03 2.664276112540e-02
3.106250000000e+00 6.952129732493e-03 2.653748195395e-02
3.112500000000e+00 6.915202715856e-03 2.643159257817e-02
3.118750000000e+00 6.878330906393e-03 2.632518436710e-02
3.125000000000e+00 6.841534590508e-03 2.621834549892e-02
3.131250000000e+00 6.804833109384e-03 2.611116095801e-02
3.137500000000e+00 6.768244871154e-03 2.600371254241e-02
3.143750000000e+00 6.731787365164e-03 2.589607888066e-02
3.150000000000e+00 6.695477178133e-03 2.578833545735e-02
3.156250000000e+00 6.659330011960e-03 2.568055464639e-02
3.162500000000e+00 6.623360702981e-03 2.557280575142e-02
3.168750000000e+00 6.587583242479e-03 2.546515505240e-02
3.175000000000e+00 6.552010798252e-03 2.535766585790e-02
3.181250000000e+00 6.516655737058e-03 2.525039856216e-02
3.187500000000e+00 6.481529647795e-03 2.514341070652e-02
3.193750000000e+00 6.446643365231e-03 2.503675704445e-02
3.200000000000e+00 6.412006994174e-03 2.493048960969e-02
3.206250000000e+00 6.377629933929e-03 2.482465778694e-02
3.212500000000e+00 6.343520902929e-03 2.471930838465e-02
3.218750000000e+00 6.309687963444e-03 2.461448570942e-02
3.225000000000e+00 6.276138546244e-03 2.451023164161e-02
3.231250000000e+00 6.242879475153e-03 2.440658571176e-02
3.237500000000e+00 6.209916991400e-03 2.430358517751e-02
3.243750000000e+00 6.177256777694e-03 2.420126510065e-02
3.250000000000e+00 6.144903981971e-03 2.409965842404e-02
3.256250000000e+00 6.112863240748e-03 2.399879604813e-02
3.262500000000e+00 6.081138702039e-03 2.389870690691e-02
3.268750000000e+00 6.049734047800e-03 2.379941804295e-02
3.275000000000e+00 6.018652515846e-03 2.370095468146e-02
3.281250000000e+00 5.987896921242e-03 2.360334030320e-02
3.287500000000e+00 5.957469677114e-03 2.350659671606e-02
3.293750000000e+00 5.927372814877e-03 2.341074412521e-02
3.300000000000e+00 5.897608003871e-03 2.331580120169e-02
3.306250000000e+00 5.868176570371e-03 2.322178514945e-02
3.312500000000e+00 5.839079515986e-03 2.312871177063e-02
3.318750000000e+00 5.810317535435e-03 2.303659552915e-02
3.325000000000e+00 5.781891033700e-03 2.294544961250e-02
3.331250000000e+00 5.753800142554e-03 2.285528599168e-02
3.337500000000e+00 5.726044736468e-03 2.276611547934e-02
3.343750000000e+00 5.698624447918e-03 2.267794778607e-02
3.350000000000e+00 5.671538682072e-03 2.259079157481e-02
3.356250000000e+00 5.644786630894e-03 2.250465451341e-02
3.362500000000e+00 5.618367286657e-03 2.241954332539e-02
3.368750000000e+00 5.592279454890e-03 2.233546383882e-02
3.375000000000e+00 5.566521766756e-03 2.225242103345e-02
3.381250000000e+00 5.541092690895e-03 2.217041908600e-02
3.387500000000e+00 5.515990544727e-03 2.208946141380e-02
3.393750000000e+00 5.491213505242e-03 2.200955071660e-02
3.400000000000e+00 5.466759619288e-03 2.193068901681e-02
3.406250000000e+00 5.442626813372e-03 2.185287769804e-02
3.412500000000e+00 5.418812902991e-03 2.177611754205e-02
3.418750000000e+00 5.395315601507e-03 2.170040876415e-02
3.425000000000e+00 5.372132528587e-03 2.162575104710e-02
3.431250000000e+00 5.349261218213e-03 2.155214357354e-02
3.437500000000e+00 5.326699126290e-03 2.147958505695e-02
3.443750000000e+00 5.304443637857e-03 2.140807377130e-02
3.450000000000e+00 5.282492073927e-03 2.133760757929e-02
3.456250000000e+00 5.260841697956e-03 2.126818395941e-02
3.462500000000e+00 5.239489721974e-03 2.119980003161e-02
3.468750000000e+00 5.218433312377e-03 2.113245258189e-02
3.475000000000e+00 5.197669595396e-03 2.106613808566e-02
3.481250000000e+00 5.177195662273e-03 2.100085273007e-02
3.487500000000e+00 5.157008574134e-03 2.093659243514e-02
3.493750000000e+00 5.137105366586e-03 2.087335287399e-02
3.500000000000e+00 5.117483054046e-03 2.081112949200e-02
3.506250000000e+00 5.098138633821e-03 2.074991752505e-02
3.512500000000e+00 5.079069089936e-03 2.068971201686e-02
3.518750000000e+00 5.060271396739e-03 2.063050783542e-02
3.525000000000e+00 5.041742522280e-03 2.057229968861e-02
3.531250000000e+00 5.023479431487e-03 2.051508213906e-02
3.537500000000e+00 5.005479089126e-03 2.045884961811e-02
3.543750000000e+00 4.987738462595e-03 2.040359643924e-02
3.550000000000e+00 4.970254524517e-03 2.034931681061e-02
3.556250000000e+00 4.953024255170e-03 2.029600484701e-02
3.562500000000e+00 4.936044644756e-03 2.024365458123e-02
3.568750000000e+00 4.919312695507e-03 2.019225997471e-02
3.575000000000e+00 4.902825423655e-03 2.014181492767e-02
3.581250000000e+00 4.886579861255e-03 2.009231328867e-02
3.587500000000e+00 4.870573057879e-03 2.004374886369e-02
3.593750000000e+00 4.854802082185e-03 1.999611542458e-02
3.600000000000e+00 4.839264023368e-03 1.994940671718e-02
3.606250000000e+00 4.823955992500e-03 1.990361646892e-02
3.612500000000e+00 4.808875123759e-03 1.985873839590e-02
3.618750000000e+00 4.794018575570e-03 1.981476620974e-02
3.625000000000e+00 4.779383531638e-03 1.977169362385e-02
3.631250000000e+00 4.764967201897e-03 1.972951435947e-02
3.637500000000e+00 4.750766823381e-03 1.968822215125e-02
3.643750000000e+00 4.736779661008e-03 1.964781075255e-02
3.650000000000e+00 4.723003008289e-03 1.960827394042e-02
3.656250000000e+00 4.709434187973e-03 1.956960552025e-02
3.662500000000e+00 4.696070552619e-03 1.953179933012e-02
3.668750000000e+00 4.682909485110e-03 1.949484924493e-02
3.675000000000e+00 4.669948399107e-03 1.945874918024e-02
3.681250000000e+00 4.657184739445e-03 1.942349309584e-02
3.687500000000e+00 4.644615982484e-03 1.938907499909e-02
3.693750000000e+00 4.632239636401e-03 1.935548894811e-02
3.700000000000e+00 4.620053241449e-03 1.932272905468e-02
3.706250000000e+00 4.608054370163e-03 1.929078948696e-02
3.712500000000e+00 4.596240627529e-03 1.925966447204e-02
3.718750000000e+00 4.584609651121e-03 1.922934829831e-02
3.725000000000e+00 4.573159111194e-03 1.919983531767e-02
3.731250000000e+00 4.561886710749e-03 1.917111994752e-02
3.737500000000e+00 4.550790185569e-03 1.914319667270e-02
3.743750000000e+00 4.539867304227e-03 1.911606004722e-02
3.750000000000e+00 4.529115868060e-03 1.908970469588e-02
3.756250000000e+00 4.518533711127e-03 1.906412531574e-02
3.762500000000e+00 4.508118700144e-03 1.903931667751e-02
3.768750000000e+00 4.497868734391e-03 1.901527362681e-02
3.775000000000e+00 4.487781745605e-03 1.899199108531e-02
3.781250000000e+00 4.477855697855e-03 1.896946405180e-02
3.787500000000e+00 4.468088587397e-03 1.894768760314e-02
3.793750000000e+00 4.458478442517e-03 1.892665689515e-02
3.800000000000e+00 4.449023323360e-03 1.890636716339e-02
3.806250000000e+00 4.439721321740e-03 1.888681372388e-02
3.812500000000e+00 4.430570560950e-03 1.886799197374e-02
3.818750000000e+00 4.421569195549e-03 1.884989739180e-02
3.825000000000e+00 4.412715411148e-03 1.883252553905e-02
3.831250000000e+00 4.404007424182e-03 1.881587205915e-02
3.837500000000e+00 4.395443481680e-03 1.879993267881e-02
3.843750000000e+00 4.387021861019e-03 1.878470320814e-02
3.850000000000e+00 4.378740869681e-03 1.877017954095e-02
3.856250000000e+00 4.370598845000e-03 1.875635765500e-02
3.862500000000e+00 4.362594153904e-03 1.874323361221e-02
3.868750000000e+00 4.354725192652e-03 1.873080355887e-02
3.875000000000e+00 4.346990386576e-03 1.871906372573e-02
3.881250000000e+00 4.339388189803e-03 1.870801042816e-02
3.887500000000e+00 4.331917084996e-03 1.869764006617e-02
3.893750000000e+00 4.324575583071e-03 1.868794912452e-02
3.900000000000e+00 4.317362222934e-03 1.867893417269e-02
3.906250000000e+00 4.310275571199e-03 1.867059186494e-02
3.912500000000e+00 4.303314221916e-03 1.866291894022e-02
3.918750000000e+00 4.296476796296e-03 1.865591222218e-02
3.925000000000e+00 4.289761942438e-03 1.864956861912e-02
3.931250000000e+00 4.283168335050e-03 1.864388512388e-02
3.937500000000e+00 4.276694675182e-03 1.863885881377e-02
3.943750000000e+00 4.270339689947e-03 1.863448685048e-02
3.950000000000e+00 4.264102132258e-03 1.863076647997e-02
3.956250000000e+00 4.257980780551e-03 1.862769503234e-02
3.962500000000e+00 4.251974438524e-03 1.862526992173e-02
3.968750000000e+00 4.246081934874e-03 1.862348864614e-02
3.975000000000e+00 4.240302123024e-03 1.862234878733e-02
3.981250000000e+00 4.234633880878e-03 1.862184801067e-02
3.987500000000e+00 4.229076110552e-03 1.862198406499e-02
3.993750000000e+00 4.223627738129e-03 1.862275478243e-02
4.000000000000e+00 4.218287713402e-03 1.862415807829e-02
4.006250000000e+00 4.213055009629e-03 1.862619195088e-02
4.012500000000e+00 4.207928623292e-03 1.862885448138e-02
4.018750000000e+00 4.202907573850e-03 1.863214383367e-02
4.025000000000e+00 4.197990903508e-03 1.863605825421e-02
4.031250000000e+00 4.193177676982e-03 1.864059607189e-02
4.037500000000e+00 4.188466981268e-03 1.864575569785e-02
4.043750000000e+00 4.183857925420e-03 1.865153562543e-02
4.050000000000e+00 4.179349640328e-03 1.865793442994e-02
4.056250000000e+00 4.174941278497e-03 1.866495076862e-02
4.062500000000e+00 4.170632013840e-03 1.867258338045e-02
4.068750000000e+00 4.166421041464e-03 1.868083108611e-02
4.075000000000e+00 4.162307577470e-03 1.868969278780e-02
4.081250000000e+00 4.158290858750e-03 1.869916746920e-02
4.087500000000e+00 4.154370142792e-03 1.870925419535e-02
4.093750000000e+00 4.150544707487e-03 1.871995211257e-02
4.100000000000e+00 4.146813850946e-03 1.873126044839e-02
4.106250000000e+00 4.143176891313e-03 1.874317851151e-02
4.112500000000e+00 4.139633166592e-03 1.875570569170e-02
4.118750000000e+00 4.136182034465e-03 1.876884145978e-02
4.125000000000e+00 4.132822872136e-03 1.878258536762e-02
4.131250000000e+00 4.129555076154e-03 1.879693704803e-02
4.137500000000e+00 4.126378062262e-03 1.881189621482e-02
4.143750000000e+00 4.123291265234e-03 1.882746266280e-02
4.150000000000e+00 4.120294138733e-03 1.884363626773e-02
4.156250000000e+00 4.117386155160e-03 1.886041698638e-02
4.162500000000e+00 4.114566805509e-03 1.887780485657e-02
4.168750000000e+00 4.111835599240e-03 1.889579999720e-02
4.175000000000e+00 4.109192064137e-03 1.891440260831e-02
4.181250000000e+00 4.106635746186e-03 1.893361297113e-02
4.187500000000e+00 4.104166209450e-03 1.895343144820e-02
4.193750000000e+00 4.101783035950e-03 1.897385848343e-02
4.200000000000e+00 4.099485825553e-03 1.899489460221e-02
4.206250000000e+00 4.097274195860e-03 1.901654041156e-02
4.212500000000e+00 4.095147782102e-03 1.903879660022e-02
4.218750000000e+00 4.093106237045e-03 1.906166393883e-02
4.225000000000e+00 4.091149230881e-03 1.908514328006e-02
4.231250000000e+00 4.089276451155e-03 1.910923555883e-02
4.237500000000e+00 4.087487602662e-03 1.913394179242e-02
4.243750000000e+00 4.085782407373e-03 1.915926308074e-02
4.250000000000e+00 4.084160604357e-03 1.918520060652e-02
4.256250000000e+00 4.082621949704e-03 1.921175563553e-02
4.262500000000e+00 4.081166216463e-03 1.923892951682e-02
4.268750000000e+00 4.079793194569e-03 1.926672368297e-02
4.275000000000e+00 4.078502690789e-03 1.929513965040e-02
4.281250000000e+00 4.077294528667e-03 1.932417901958e-02
4.287500000000e+00 4.076168548465e-03 1.935384347540e-02
4.293750000000e+00 4.075124607130e-03 1.938413478744e-02
4.300000000000e+00 4.074162578235e-03 1.941505481030e-02
4.306250000000e+00 4.073282351956e-03 1.944660548392e-02
4.312500000000e+00 4.072483835030e-03 1.947878883400e-02
4.318750000000e+00 4.071766950723e-03 1.951160697227e-02
4.325000000000e+00 4.071131638816e-03 1.954506209696e-02
4.331250000000e+00 4.070577855569e-03 1.957915649313e-02
4.337500000000e+00 4.070105573719e-03 1.961389253311e-02
4.343750000000e+00 4.069714782455e-03 1.964927267693e-02
4.350000000000e+00 4.069405487418e-03 1.968529947270e-02
4.356250000000e+00 4.069177710693e-03 1.972197555716e-02
4.362500000000e+00 4.069031490811e-03 1.975930365602e-02
4.368750000000e+00 4.068966882748e-03 1.979728658456e-02
4.375000000000e+00 4.068983957941e-03 1.983592724801e-02
4.381250000000e+00 4.069082804290e-03 1.987522864213e-02
4.387500000000e+00 4.069263526188e-03 1.991519385370e-02
4.393750000000e+00 4.069526244524e-03 1.995582606105e-02
4.400000000000e+00 4.069871096721e-03 1.999712853459e-02
4.406250000000e+00 4.070298236759e-03 2.003910463739e-02
4.412500000000e+00 4.070807835204e-03 2.008175782573e-02
4.418750000000e+00 4.071400079249e-03 2.012509164968e-02
4.425000000000e+00 4.072075172748e-03 2.016910975371e-02
4.431250000000e+00 4.072833336264e-03 2.021381587727e-02
4.437500000000e+00 4.073674807116e-03 2.025921385542e-02
4.443750000000e+00 4.074599839424e-03 2.030530761944e-02
4.450000000000e+00 4.075608704171e-03 2.035210119750e-02
4.456250000000e+00 4.076701689254e-03 2.039959871527e-02
4.462500000000e+00 4.077879099551e-03 2.044780439662e-02
4.468750000000e+00 4.079141256985e-03 2.049672256423e-02
4.475000000000e+00 4.080488500588e-03 2.054635764032e-02
4.481250000000e+00 4.081921186583e-03 2.059671414734e-02
4.487500000000e+00 4.083439688444e-03 2.064779670860e-02
4.493750000000e+00 4.085044396990e-03 2.069961004906e-02
4.500000000000e+00 4.086735720458e-03 2.075215899596e-02
4.506250000000e+00 4.088514084590e-03 2.080544847962e-02
4.512500000000e+00 4.090379932721e-03 2.085948353409e-02
4.518750000000e+00 4.092333725871e-03 2.091426929792e-02
4.525000000000e+00 4.094375942834e-03 2.096981101488e-02
4.531250000000e+00 4.096507080285e-03 2.102611403474e-02
4.537500000000e+00 4.098727652867e-03 2.108318381395e-02
4.543750000000e+00 4.101038193304e-03 2.114102591643e-02
4.550000000000e+00 4.103439252497e-03 2.119964601429e-02
4.556250000000e+00 4.105931399636e-03 2.125904988864e-02
4.562500000000e+00 4.108515222309e-03 2.131924343025e-02
4.568750000000e+00 4.111191326611e-03 2.138023264036e-02
4.575000000000e+00 4.113960337262e-03 2.144202363144e-02
4.581250000000e+00 4.116822897716e-03 2.150462262786e-02
4.587500000000e+00 4.119779670283e-03 2.156803596673e-02
4.593750000000e+00 4.122831336251e-03 2.163227009854e-02
4.600000000000e+00 4.125978595996e-03 2.169733158796e-02
4.606250000000e+00 4.129222169114e-03 2.176322711450e-02
4.612500000000e+00 4.132562794540e-03 2.182996347328e-02
4.618750000000e+00 4.136001230667e-03 2.189754757567e-02
4.625000000000e+00 4.139538255481e-03 2.196598645004e-02
4.631250000000e+00 4.143174666675e-03 2.203528724235e-02
4.637500000000e+00 4.146911281783e-03 2.210545721690e-02
4.643750000000e+00 4.150748938297e-03 2.217650375687e-02
4.650000000000e+00 4.154688493800e-03 2.224843436500e-02
4.656250000000e+00 4.158730826086e-03 2.232125666417e-02
4.662500000000e+00 4.162876833284e-03 2.239497839795e-02
4.668750000000e+00 4.167127433983e-03 2.246960743116e-02
4.675000000000e+00 4.171483567353e-03 2.254515175037e-02
4.681250000000e+00 4.175946193261e-03 2.262161946436e-02
4.687500000000e+00 4.180516292398e-03 2.269901880462e-02
4.693750000000e+00 4.185194866382e-03 2.277735812568e-02
4.700000000000e+00 4.189982937882e-03 2.285664590553e-02
4.706250000000e+00 4.194881550720e-03 2.293689074590e-02
4.712500000000e+00 4.199891769981e-03 2.301810137257e-02
4.718750000000e+00 4.205014682112e-03 2.310028663552e-02
4.725000000000e+00 4.210251395024e-03 2.318345550918e-02
4.731250000000e+00 4.215603038179e-03 2.326761709246e-02
4.737500000000e+00 4.221070762680e-03 2.335278060882e-02
4.743750000000e+00 4.226655741350e-03 2.343895540624e-02
4.750000000000e+00 4.232359168810e-03 2.352615095711e-02
4.756250000000e+00 4.238182261538e-03 2.361437685804e-02
4.762500000000e+00 4.244126257938e-03 2.370364282963e-02
4.768750000000e+00 4.250192418384e-03 2.379395871609e-02
4.775000000000e+00 4.256382025259e-03 2.388533448478e-02
4.781250000000e+00 4.262696382993e-03 2.397778022571e-02
4.787500000000e+00 4.269136818077e-03 2.407130615085e-02
4.793750000000e+00 4.275704679078e-03 2.416592259338e-02
4.800000000000e+00 4.282401336626e-03 2.426164000682e-02
4.806250000000e+00 4.289228183406e-03 2.435846896397e-02
4.812500000000e+00 4.296186634119e-03 2.445642015584e-02
4.818750000000e+00 4.303278125439e-03 2.455550439030e-02
4.825000000000e+00 4.310504115951e-03 2.465573259067e-02
4.831250000000e+00 4.317866086063e-03 2.475711579413e-02
4.837500000000e+00 4.325365537915e-03 2.485966514995e-02
4.843750000000e+00 4.333003995256e-03 2.496339191755e-02
4.850000000000e+00 4.340783003297e-03 2.506830746435e-02
4.856250000000e+00 4.348704128562e-03 2.517442326351e-02
4.862500000000e+00 4.356768958688e-03 2.528175089132e-02
4.868750000000e+00 4.364979102221e-03 2.539030202449e-02
4.875000000000e+00 4.373336188373e-03 2.550008843718e-02
4.881250000000e+00 4.381841866756e-03 2.561112199772e-02
4.887500000000e+00 4.390497807088e-03 2.572341466518e-02
4.893750000000e+00 4.399305698857e-03 2.583697848557e-02
4.900000000000e+00 4.408267250968e-03 2.595182558786e-02
4.906250000000e+00 4.417384191334e-03 2.606796817958e-02
4.912500000000e+00 4.426658266450e-03 2.618541854219e-02
4.918750000000e+00 4.436091240915e-03 2.630418902613e-02
4.925000000000e+00 4.445684896913e-03 2.642429204545e-02
4.931250000000e+00 4.455441033657e-03 2.654574007215e-02
4.937500000000e+00 4.465361466780e-03 2.666854563008e-02
4.943750000000e+00 4.475448027676e-03 2.679272128846e-02
4.950000000000e+00 4.485702562806e-03 2.691827965505e-02
4.956250000000e+00 4.496126932920e-03 2.704523336872e-02
4.962500000000e+00 4.506723012258e-03 2.717359509171e-02
4.968750000000e+00 4.517492687660e-03 2.730337750136e-02
4.975000000000e+00 4.528437857634e-03 2.743459328128e-02
4.981250000000e+00 4.539560431354e-03 2.756725511204e-02
4.987500000000e+00 4.550862327578e-03 2.770137566134e-02
4.993750000000e+00 4.562345473515e-03 2.783696757352e-02
5.000000000000e+00 4.574011803595e-03 2.797404345847e-02
5.006250000000e+00 4.585863258173e-03 2.811261588003e-02
5.012500000000e+00 4.597901782150e-03 2.825269734355e-02
5.018750000000e+00 4.610129323497e-03 2.839430028287e-02
5.025000000000e+00 4.622547831706e-03 2.853743704658e-02
5.031250000000e+00 4.635159256124e-03 2.868211988344e-02
5.037500000000e+00 4.647965544210e-03 2.882836092716e-02
5.043750000000e+00 4.660968639674e-03 2.897617218021e-02
5.050000000000e+00 4.674170480515e-03 2.912556549686e-02
5.056250000000e+00 4.687572996946e-03 2.927655256536e-02
5.062500000000e+00 4.701178109196e-03 2.942914488912e-02
5.068750000000e+00 4.714987725200e-03 2.958335376700e-02
5.075000000000e+00 4.729003738157e-03 2.973919027254e-02
5.081250000000e+00 4.743228023954e-03 2.989666523224e-02
5.087500000000e+00 4.757662438452e-03 3.005578920268e-02
5.093750000000e+00 4.772308814638e-03 3.021657244659e-02
5.100000000000e+00 4.787168959617e-03 3.037902490772e-02
5.106250000000e+00 4.802244651463e-03 3.054315618455e-02
5.112500000000e+00 4.817537635895e-03 3.070897550274e-02
5.118750000000e+00 4.833049622807e-03 3.087649168634e-02
5.125000000000e+00 4.848782282607e-03 3.104571312758e-02
5.131250000000e+00 4.864737242397e-03 3.121664775545e-02
5.137500000000e+00 4.880916081962e-03 3.138930300271e-02
5.143750000000e+00 4.897320329567e-03 3.156368577160e-02
5.150000000000e+00 4.913951457571e-03 3.173980239790e-02
5.156250000000e+00 4.930810877832e-03 3.191765861362e-02
5.162500000000e+00 4.947899936903e-03 3.209725950799e-02
5.168750000000e+00 4.965219911036e-03 3.227860948689e-02
5.175000000000e+00 4.982772000940e-03 3.246171223059e-02
5.181250000000e+00 5.000557326342e-03 3.264657064985e-02
5.187500000000e+00 5.018576920302e-03 3.283318684025e-02
5.193750000000e+00 5.036831723312e-03 3.302156203475e-02
5.200000000000e+00 5.055322577138e-03 3.321169655445e-02
5.206250000000e+00 5.074050218437e-03 3.340358975756e-02
5.212500000000e+00 5.093015272117e-03 3.359723998651e-02
5.218750000000e+00 5.112218244452e-03 3.379264451313e-02
5.225000000000e+00 5.131659515939e-03 3.398979948198e-02
5.231250000000e+00 5.151339333910e-03 3.418869985181e-02
5.237500000000e+00 5.171257804868e-03 3.438933933501e-02
5.243750000000e+00 5.191414886583e-03 3.459171033522e-02
5.250000000000e+00 5.211810379914e-03 3.479580388298e-02
5.256250000000e+00 5.232443920375e-03 3.500160956949e-02
5.262500000000e+00 5.253314969452e-03 3.520911547852e-02
5.268750000000e+00 5.274422805642e-03 3.541830811636e-02
5.275000000000e+00 5.295766515268e-03 3.562917234003e-02
5.281250000000e+00 5.317344983015e-03 3.584169128371e-02
5.287500000000e+00 5.339156882251e-03 3.605584628343e-02
5.293750000000e+00 5.361200665092e-03 3.627161680005e-02
5.300000000000e+00 5.383474552256e-03 3.648898034080e-02
5.306250000000e+00 5.405976522690e-03 3.670791237923e-02
5.312500000000e+00 5.428704303003e-03 3.692838627386e-02
5.318750000000e+00 5.451655356708e-03 3.715037318556e-02
5.325000000000e+00 5.474826873292e-03 3.737384199388e-02
5.331250000000e+00 5.498215757129e-03 3.759875921240e-02
5.337500000000e+00 5.521818616276e-03 3.782508890338e-02
5.343750000000e+00 5.545631751142e-03 3.805279259181e-02
5.350000000000e+00 5.569651143091e-03 3.828182917918e-02
5.356250000000e+00 5.593872442988e-03 3.851215485715e-02
5.362500000000e+00 5.618290959725e-03 3.874372302140e-02
5.368750000000e+00 5.642901648766e-03 3.897648418596e-02
5.375000000000e+00 5.667699100736e-03 3.921038589834e-02
5.381250000000e+00 5.692677530124e-03 3.944537265580e-02
5.387500000000e+00 5.717830764113e-03 3.968138582311e-02
5.393750000000e+00 5.743152231598e-03 3.991836355224e-02
5.400000000000e+00 5.768634952460e-03 4.015624070431e-02
5.406250000000e+00 5.794271527124e-03 4.039494877444e-02
5.412500000000e+00 5.820054126478e-03 4.063441581970e-02
5.418750000000e+00 5.845974482219e-03 4.087456639100e-02
5.425000000000e+00 5.872023877667e-03 4.111532146908e-02
5.431250000000e+00 5.898193139162e-03 4.135659840556e-02
5.437500000000e+00 5.924472628065e-03 4.159831086931e-02
5.443750000000e+00 5.950852233482e-03 4.184036879892e-02
5.450000000000e+00 5.977321365771e-03 4.208267836187e-02
5.456250000000e+00 6.003868950915e-03 4.232514192107e-02
5.462500000000e+00 6.030483425855e-03 4.256765800942e-02
5.468750000000e+00 6.057152734861e-03 4.281012131309e-02
5.475000000000e+00 6.083864327037e-03 4.305242266422e-02
5.481250000000e+00 6.110605155060e-03 4.329444904381e-02
5.487500000000e+00 6.137361675211e-03 4.353608359545e-02
5.493750000000e+00 6.164119848843e-03 4.377720565063e-02
5.500000000000e+00 6.190865145323e-03 4.401769076637e-02
5.506250000000e+00 6.217582546587e-03 4.425741077586e-02
5.512500000000e+00 6.244256553367e-03 4.449623385279e-02
5.518750000000e+00 6.270871193185e-03 4.473402459006e-02
5.525000000000e+00 6.297410030209e-03 4.497064409352e-02
5.531250000000e+00 6.323856177027e-03 4.520595009126e-02
5.537500000000e+00 6.350192308443e-03 4.543979705911e-02
5.543750000000e+00 6.376400677341e-03 4.567203636275e-02
5.550000000000e+00 6.402463132679e-03 4.590251641702e-02
5.556250000000e+00 6.428361139681e-03 4.613108286256e-02
5.562500000000e+00 6.454075802248e-03 4.635757876030e-02
5.568750000000e+00 6.479587887633e-03 4.658184480390e-02
5.575000000000e+00 6.504877853412e-03 4.680371955021e-02
5.581250000000e+00 6.529925876711e-03 4.702303966781e-02
5.587500000000e+00 6.554711885751e-03 4.723964020347e-02
5.593750000000e+00 6.579215593623e-03 4.745335486636e-02
5.600000000000e+00 6.603416534303e-03 4.766401632950e-02
5.606250000000e+00 6.627294100823e-03 4.787145654817e-02
5.612500000000e+00 6.650827585545e-03 4.807550709441e-02
5.618750000000e+00 6.673996222431e-03 4.827599950699e-02
5.625000000000e+00 6.696779231222e-03 4.847276565580e-02
5.631250000000e+00 6.719155863372e-03 4.866563811975e-02
5.637500000000e+00 6.741105449626e-03 4.885445057669e-02
5.643750000000e+00 6.762607449033e-03 4.903903820431e-02
5.650000000000e+00 6.783641499267e-03 4.921923809013e-02
5.656250000000e+00 6.804187467995e-03 4.939488964930e-02
5.662500000000e+00 6.824225505131e-03 4.956583504810e-02
5.668750000000e+00 6.843736095707e-03 4.973191963149e-02
5.675000000000e+00 6.862700113123e-03 4.989299235245e-02
5.681250000000e+00 6.881098872533e-03 5.004890620126e-02
5.687500000000e+00 6.898914184059e-03 5.019951863225e-02
5.693750000000e+00 6.916128405595e-03 5.034469198598e-02
5.700000000000e+00 6.932724494890e-03 5.048429390434e-02
5.706250000000e+00 6.948686060613e-03 5.061819773642e-02
5.712500000000e+00 6.963997412125e-03 5.074628293260e-02
5.718750000000e+00 6.978643607650e-03 5.086843542465e-02
5.725000000000e+00 6.992610500559e-03 5.098454798943e-02
5.731250000000e+00 7.005884783494e-03 5.109452059410e-02
5.737500000000e+00 7.018454030025e-03 5.119826072038e-02
5.743750000000e+00 7.030306733629e-03 5.129568366610e-02
5.750000000000e+00 7.041432343677e-03 5.138671282192e-02
5.756250000000e+00 7.051821298262e-03 5.147127992132e-02
5.762500000000e+00 7.061465053610e-03 5.154932526248e-02
5.768750000000e+00 7.070356109900e-03 5.162079790037e-02
5.775000000000e+00 7.078488033332e-03 5.168565580781e-02
5.781250000000e+00 7.085855474293e-03 5.174386600460e-02
5.787500000000e+00 7.092454181511e-03 5.179540465364e-02
5.793750000000e+00 7.098281012125e-03 5.184025712370e-02
5.800000000000e+00 7.103333937577e-03 5.187841801826e-02
5.806250000000e+00 7.107612045366e-03 5.190989117053e-02
5.812500000000e+00 7.111115536594e-03 5.193468960448e-02
5.818750000000e+00 7.113845719405e-03 5.195283546261e-02
5.825000000000e+00 7.115804998340e-03 5.196435990072e-02
5.831250000000e+00 7.116996859712e-03 5.196930295075e-02
5.837500000000e+00 7.117425853136e-03 5.196771335263e-02
5.843750000000e+00 7.117097569338e-03 5.195964835647e-02
5.850000000000e+00 7.116018614424e-03 5.194517349643e-02
5.856250000000e+00 7.114196580819e-03 5.192436233800e-02
5.862500000000e+00 7.111640015047e-03 5.189729620045e-02
5.868750000000e+00 7.108358382627e-03 5.186406385627e-02
5.875000000000e+00 7.104362030303e-03 5.182476120976e-02
5.881250000000e+00 7.099662145870e-03 5.177949095681e-02
5.887500000000e+00 7.094270715876e-03 5.172836222808e-02
5.893750000000e+00 7.088200481447e-03 5.167149021783e-02
5.900000000000e+00 7.081464892548e-03 5.160899580065e-02
5.906250000000e+00 7.074078060924e-03 5.154100513843e-02
5.912500000000e+00 7.066054712025e-03 5.146764927972e-02
5.918750000000e+00 7.057410136182e-03 5.138906375385e-02
5.925000000000e+00 7.048160139298e-03 5.130538816185e-02
5.931250000000e+00 7.038320993318e-03 5.121676576639e-02
5.937500000000e+00 7.027909386740e-03 5.112334308271e-02
5.943750000000e+00 7.016942375384e-03 5.102526947250e-02
5.950000000000e+00 7.005437333684e-03 5.092269674252e-02
5.956250000000e+00 6.993411906664e-03 5.081577874974e-02
5.962500000000e+00 6.980883962856e-03 5.070467101448e-02
5.968750000000e+00 6.967871548287e-03 5.058953034310e-02
5.975000000000e+00 6.954392841746e-03 5.047051446149e-02
5.981250000000e+00 6.940466111450e-03 5.034778166058e-02
5.987500000000e+00 6.926109673244e-03 5.022149045486e-02
5.993750000000e+00 6.911341850479e-03 5.009179925488e-02
6.000000000000e+00 6.896180935617e-03 4.995886605440e-02
6.006250000000e+00 6.880645153695e-03 4.982284813292e-02
6.012500000000e+00 6.864752627670e-03 4.968390177402e-02
6.018750000000e+00 6.848521345730e-03 4.954218199984e-02
6.025000000000e+00 6.831969130577e-03 4.939784232214e-02
6.031250000000e+00 6.815113610729e-03 4.925103450984e-02
6.037500000000e+00 6.797972193824e-03 4.910190837325e-02
6.043750000000e+00 6.780562041951e-03 4.895061156482e-02
6.050000000000e+00 6.762900048953e-03 4.879728939641e-02
6.056250000000e+00 6.745002819727e-03 4.864208467264e-02
6.062500000000e+00 6.726886651436e-03 4.848513754017e-02
6.068750000000e+00 6.708567516621e-03 4.832658535249e-02
6.075000000000e+00 6.690061048162e-03 4.816656254976e-02
6.081250000000e+00 6.671382526004e-03 4.800520055331e-02
6.087500000000e+00 6.652546865629e-03 4.784262767411e-02
6.093750000000e+00 6.633568608161e-03 4.767896903488e-02
6.100000000000e+00 6.614461912067e-03 4.751434650504e-02
6.106250000000e+00 6.595240546375e-03 4.734887864798e-02
6.112500000000e+00 6.575917885308e-03 4.718268068009e-02
6.118750000000e+00 6.556506904302e-03 4.701586444079e-02
6.125000000000e+00 6.537020177279e-03 4.684853837298e-02
6.131250000000e+00 6.517469875143e-03 4.668080751328e-02
6.137500000000e+00 6.497867765392e-03 4.651277349141e-02
6.143750000000e+00 6.478225212770e-03 4.634453453800e-02
6.150000000000e+00 6.458553180909e-03 4.617618550039e-02
6.156250000000e+00 6.438862234847e-03 4.600781786555e-02
6.162500000000e+00 6.419162544386e-03 4.583951978981e-02
6.168750000000e+00 6.399463888192e-03 4.567137613460e-02
6.175000000000e+00 6.379775658592e-03 4.550346850772e-02
6.181250000000e+00 6.360106866977e-03 4.533587530968e-02
6.187500000000e+00 6.340466149773e-03 4.516867178445e-02
6.193750000000e+00 6.320861774900e-03 4.500193007424e-02
6.200000000000e+00 6.301301648680e-03 4.483571927783e-02
6.206250000000e+00 6.281793323113e-03 4.467010551194e-02
6.212500000000e+00 6.262344003505e-03 4.450515197529e-02
6.218750000000e+00 6.242960556365e-03 4.434091901497e-02
6.225000000000e+00 6.223649517550e-03 4.417746419463e-02
6.231250000000e+00 6.204417100601e-03 4.401484236428e-02
6.237500000000e+00 6.185269205237e-03 4.385310573135e-02
6.243750000000e+00 6.166211425970e-03 4.369230393261e-02
6.250000000000e+00 6.147249060799e-03 4.353248410680e-02
6.256250000000e+00 6.128387119961e-03 4.337369096763e-02
6.262500000000e+00 6.109630334711e-03 4.321596687695e-02
6.268750000000e+00 6.090983166082e-03 4.305935191786e-02
6.275000000000e+00 6.072449813640e-03 4.290388396757e-02
6.281250000000e+00 6.054034224167e-03 4.274959876982e-02
6.287500000000e+00 6.035740100293e-03 4.259653000670e-02
6.293750000000e+00 6.017570909029e-03 4.244470936976e-02
6.300000000000e+00 5.999529890192e-03 4.229416663018e-02
6.306250000000e+00 5.981620064730e-03 4.214492970801e-02
6.312500000000e+00 5.963844242888e-03 4.199702474028e-02
6.318750000000e+00 5.946205032257e-03 4.185047614799e-02
6.325000000000e+00 5.928704845659e-03 4.170530670172e-02
6.331250000000e+00 5.911345908862e-03 4.156153758602e-02
6.337500000000e+00 5.894130268150e-03 4.141918846238e-02
6.343750000000e+00 5.877059797695e-03 4.127827753072e-02
6.350000000000e+00 5.860136206765e-03 4.113882158951e-02
6.356250000000e+00 5.843361046751e-03 4.100083609426e-02
6.362500000000e+00 5.826735717990e-03 4.086433521461e-02
6.368750000000e+00 5.810261476430e-03 4.072933188975e-02
6.375000000000e+00 5.793939440072e-03 4.059583788242e-02
6.381250000000e+00 5.777770595254e-03 4.046386383126e-02
6.387500000000e+00 5.761755802727e-03 4.033341930160e-02
6.393750000000e+00 5.745895803542e-03 4.020451283478e-02
6.400000000000e+00 5.730191224764e-03 4.007715199587e-02
6.406250000000e+00 5.714642584980e-03 3.995134341984e-02
6.412500000000e+00 5.699250299639e-03 3.982709285628e-02
6.418750000000e+00 5.684014686203e-03 3.970440521258e-02
6.425000000000e+00 5.668935969116e-03 3.958328459565e-02
6.431250000000e+00 5.654014284609e-03 3.946373435222e-02
6.437500000000e+00 5.639249685315e-03 3.934575710769e-02
6.443750000000e+00 5.624642144725e-03 3.922935480358e-02
6.450000000000e+00 5.610191561486e-03 3.911452873367e-02
6.456250000000e+00 5.595897763509e-03 3.900127957872e-02
6.462500000000e+00 5.581760511953e-03 3.888960743999e-02
6.468750000000e+00 5.567779505029e-03 3.877951187139e-02
6.475000000000e+00 5.553954381663e-03 3.867099191049e-02
6.481250000000e+00 5.540284725017e-03 3.856404610825e-02
6.487500000000e+00 5.526770065856e-03 3.845867255760e-02
6.493750000000e+00 5.513409885788e-03 3.835486892092e-02
6.500000000000e+00 5.500203620364e-03 3.825263245638e-02
6.506250000000e+00 5.487150662046e-03 3.815196004319e-02
6.512500000000e+00 5.474250363059e-03 3.805284820589e-02
6.518750000000e+00 5.461502038106e-03 3.795529313754e-02
6.525000000000e+00 5.448904966980e-03 3.785929072201e-02
6.531250000000e+00 5.436458397053e-03 3.776483655533e-02
6.537500000000e+00 5.424161545654e-03 3.767192596604e-02
6.543750000000e+00 5.412013602350e-03 3.758055403482e-02
6.550000000000e+00 5.400013731115e-03 3.749071561313e-02
6.556250000000e+00 5.388161072402e-03 3.740240534110e-02
6.562500000000e+00 5.376454745128e-03 3.731561766466e-02
6.568750000000e+00 5.364893848550e-03 3.723034685184e-02
6.575000000000e+00 5.353477464077e-03 3.714658700840e-02
6.581250000000e+00 5.342204656971e-03 3.706433209273e-02
6.587500000000e+00 5.331074477987e-03 3.698357593009e-02
6.593750000000e+00 5.320085964924e-03 3.690431222620e-02
6.600000000000e+00 5.309238144101e-03 3.682653458016e-02
6.606250000000e+00 5.298530031770e-03 3.675023649686e-02
6.612500000000e+00 5.287960635440e-03 3.667541139874e-02
6.618750000000e+00 5.277528955160e-03 3.660205263701e-02
6.625000000000e+00 5.267233984715e-03 3.653015350235e-02
6.631250000000e+00 5.257074712775e-03 3.645970723513e-02
6.637500000000e+00 5.247050123981e-03 3.639070703508e-02
6.643750000000e+00 5.237159199971e-03 3.632314607053e-02
6.650000000000e+00 5.227400920360e-03 3.625701748721e-02
6.656250000000e+00 5.217774263660e-03 3.619231441657e-02
6.662500000000e+00 5.208278208157e-03 3.612902998377e-02
6.668750000000e+00 5.198911732742e-03 3.606715731522e-02
6.675000000000e+00 5.189673817683e-03 3.600668954571e-02
6.681250000000e+00 5.180563445378e-03 3.594761982529e-02
6.687500000000e+00 5.171579601042e-03 3.588994132568e-02
6.693750000000e+00 5.162721273370e-03 3.583364724645e-02
6.700000000000e+00 5.153987455160e-03 3.577873082081e-02
6.706250000000e+00 5.145377143896e-03 3.572518532116e-02
6.712500000000e+00 5.136889342299e-03 3.567300406432e-02
6.718750000000e+00 5.128523058848e-03 3.562218041648e-02
6.725000000000e+00 5.120277308260e-03 3.557270779790e-02
6.731250000000e+00 5.112151111960e-03 3.552457968736e-02
6.737500000000e+00 5.104143498497e-03 3.547778962638e-02
6.743750000000e+00 5.096253503958e-03 3.543233122318e-02
6.750000000000e+00 5.088480172336e-03 3.538819815648e-02
6.756250000000e+00 5.080822555884e-03 3.534538417902e-02
6.762500000000e+00 5.073279715451e-03 3.530388312095e-02
6.768750000000e+00 5.065850720777e-03 3.526368889297e-02
6.775000000000e+00 5.058534650791e-03 3.522479548938e-02
6.781250000000e+00 5.051330593868e-03 3.518719699086e-02
6.787500000000e+00 5.044237648080e-03 3.515088756712e-02
6.793750000000e+00 5.037254921424e-03 3.511586147948e-02
6.800000000000e+00 5.030381532035e-03 3.508211308315e-02
6.806250000000e+00 5.023616608378e-03 3.504963682950e-02
6.812500000000e+00 5.016959289432e-03 3.501842726817e-02
6.818750000000e+00 5.010408724852e-03 3.498847904897e-02
6.825000000000e+00 5.003964075126e-03 3.495978692379e-02
6.831250000000e+00 4.997624511704e-03 3.493234574829e-02
6.837500000000e+00 4.991389217135e-03 3.490615048357e-02
6.843750000000e+00 4.985257385173e-03 3.488119619765e-02
6.850000000000e+00 4.979228220884e-03 3.485747806691e-02
6.856250000000e+00 4.973300940738e-03 3.483499137747e-02
6.862500000000e+00 4.967474772689e-03 3.481373152635e-02
6.868750000000e+00 4.961748956254e-03 3.479369402273e-02
6.875000000000e+00 4.956122742571e-03 3.477487448899e-02
6.881250000000e+00 4.950595394458e-03 3.475726866172e-02
6.887500000000e+00 4.945166186463e-03 3.474087239272e-02
6.893750000000e+00 4.939834404898e-03 3.472568164982e-02
6.900000000000e+00 4.934599347884e-03 3.471169251772e-02
6.906250000000e+00 4.929460325365e-03 3.469890119877e-02
6.912500000000e+00 4.924416659137e-03 3.468730401367e-02
6.918750000000e+00 4.919467682864e-03 3.467689740210e-02
6.925000000000e+00 4.914612742080e-03 3.466767792336e-02
6.931250000000e+00 4.909851194205e-03 3.465964225688e-02
6.937500000000e+00 4.905182408532e-03 3.465278720282e-02
6.943750000000e+00 4.900605766230e-03 3.464710968244e-02
6.950000000000e+00 4.896120660336e-03 3.464260673862e-02
6.956250000000e+00 4.891726495737e-03 3.463927553621e-02
6.962500000000e+00 4.887422689159e-03 3.463711336244e-02
6.968750000000e+00 4.883208669142e-03 3.463611762722e-02
6.975000000000e+00 4.879083876018e-03 3.463628586343e-02
6.981250000000e+00 4.875047761890e-03 3.463761572726e-02
6.987500000000e+00 4.871099790595e-03 3.464010499841e-02
6.993750000000e+00 4.867239437683e-03 3.464375158032e-02
7.000000000000e+00 4.863466190373e-03 3.464855350039e-02
7.006250000000e+00 4.859779547522e-03 3.465450891015e-02
7.012500000000e+00 4.856179019590e-03 3.466161608543e-02
7.018750000000e+00 4.852664128595e-03 3.466987342650e-02
7.025000000000e+00 4.849234408076e-03 3.467927945820e-02
7.031250000000e+00 4.845889403046e-03 3.468983283003e-02
7.037500000000e+00 4.842628669954e-03 3.470153231625e-02
7.043750000000e+00 4.839451776630e-03 3.471437681598e-02
7.050000000000e+00 4.836358302249e-03 3.472836535325e-02
7.056250000000e+00 4.833347837277e-03 3.474349707704e-02
7.062500000000e+00 4.830419983422e-03 3.475977126134e-02
7.068750000000e+00 4.827574353585e-03 3.477718730517e-02
7.075000000000e+00 4.824810571813e-03 3.479574473260e-02
7.081250000000e+00 4.822128273241e-03 3.481544319276e-02
7.087500000000e+00 4.819527104050e-03 3.483628245984e-02
7.093750000000e+00 4.817006721404e-03 3.485826243306e-02
7.100000000000e+00 4.814566793401e-03 3.488138313668e-02
7.106250000000e+00 4.812206999026e-03 3.490564471996e-02
7.112500000000e+00 4.809927028087e-03 3.493104745712e-02
7.118750000000e+00 4.807726581169e-03 3.495759174731e-02
7.125000000000e+00 4.805605369571e-03 3.498527811451e-02
7.131250000000e+00 4.803563115261e-03 3.501410720755e-02
7.137500000000e+00 4.801599550813e-03 3.504407979998e-02
7.143750000000e+00 4.799714419357e-03 3.507519679000e-02
7.150000000000e+00 4.797907474517e-03 3.510745920040e-02
7.156250000000e+00 4.796178480363e-03 3.514086817845e-02
7.162500000000e+00 4.794527211348e-03 3.517542499582e-02
7.168750000000e+00 4.792953452256e-03 3.521113104844e-02
7.175000000000e+00 4.791456998142e-03 3.524798785640e-02
7.181250000000e+00 4.790037654278e-03 3.528599706382e-02
7.187500000000e+00 4.788695236095e-03 3.532516043873e-02
7.193750000000e+00 4.787429569123e-03 3.536547987287e-02
7.200000000000e+00 4.786240488938e-03 3.540695738162e-02
7.206250000000e+00 4.785127841099e-03 3.544959510372e-02
7.212500000000e+00 4.784091481093e-03 3.549339530118e-02
7.218750000000e+00 4.783131274276e-03 3.553836035906e-02
7.225000000000e+00 4.782247095809e-03 3.558449278523e-02
7.231250000000e+00 4.781438830604e-03 3.563179521018e-02
7.237500000000e+00 4.780706373264e-03 3.568027038677e-02
7.243750000000e+00 4.780049628014e-03 3.572992119000e-02
7.250000000000e+00 4.779468508648e-03 3.578075061670e-02
7.256250000000e+00 4.778962938461e-03 3.583276178526e-02
7.262500000000e+00 4.778532850193e-03 3.588595793532e-02
7.268750000000e+00 4.778178185953e-03 3.594034242744e-02
7.275000000000e+00 4.777898897167e-03 3.599591874275e-02
7.281250000000e+00 4.777694944503e-03 3.605269048258e-02
7.287500000000e+00 4.777566297807e-03 3.611066136803e-02
7.293750000000e+00 4.777512936035e-03 3.616983523958e-02
7.300000000000e+00 4.777534847182e-03 3.623021605661e-02
7.306250000000e+00 4.777632028213e-03 3.629180789691e-02
7.312500000000e+00 4.777804484986e-03 3.635461495621e-02
7.318750000000e+00 4.778052232182e-03 3.641864154756e-02
7.325000000000e+00 4.778375293226e-03 3.648389210080e-02
7.331250000000e+00 4.778773700211e-03 3.655037116190e-02
7.337500000000e+00 4.779247493816e-03 3.661808339232e-02
7.343750000000e+00 4.779796723224e-03 3.668703356829e-02
7.350000000000e+00 4.780421446038e-03 3.675722658008e-02
7.356250000000e+00 4.781121728192e-03 3.682866743117e-02
7.362500000000e+00 4.781897643863e-03 3.690136123744e-02
7.368750000000e+00 4.782749275380e-03 3.697531322625e-02
7.375000000000e+00 4.783676713120e-03 3.705052873550e-02
7.381250000000e+00 4.784680055417e-03 3.712701321260e-02
7.387500000000e+00 4.785759408459e-03 3.720477221342e-02
7.393750000000e+00 4.786914886176e-03 3.728381140115e-02
7.400000000000e+00 4.788146610137e-03 3.736413654510e-02
7.406250000000e+00 4.789454709432e-03 3.744575351940e-02
7.412500000000e+00 4.790839320552e-03 3.752866830169e-02
7.418750000000e+00 4.792300587274e-03 3.761288697167e-02
7.425000000000e+00 4.793838660523e-03 3.769841570962e-02
7.431250000000e+00 4.795453698249e-03 3.778526079475e-02
7.437500000000e+00 4.797145865280e-03 3.787342860360e-02
7.443750000000e+00 4.798915333189e-03 3.796292560818e-02
7.450000000000e+00 4.800762280135e-03 3.805375837415e-02
7.456250000000e+00 4.802686890715e-03 3.814593355880e-02
7.462500000000e+00 4.804689355796e-03 3.823945790900e-02
7.468750000000e+00 4.806769872350e-03 3.833433825897e-02
7.475000000000e+00 4.808928643278e-03 3.843058152795e-02
7.481250000000e+00 4.811165877228e-03 3.852819471780e-02
7.487500000000e+00 4.813481788396e-03 3.862718491036e-02
7.493750000000e+00 4.815876596341e-03 3.872755926478e-02
7.500000000000e+00 4.818350525763e-03 3.882932501468e-02
7.506250000000e+00 4.820903806293e-03 3.893248946510e-02
7.512500000000e+00 4.823536672267e-03 3.903705998935e-02
7.518750000000e+00 4.826249362489e-03 3.914304402576e-02
7.525000000000e+00 4.829042119984e-03 3.925044907409e-02
7.531250000000e+00 4.831915191740e-03 3.935928269193e-02
7.537500000000e+00 4.834868828443e-03 3.946955249086e-02
7.543750000000e+00 4.837903284194e-03 3.958126613235e-02
7.550000000000e+00 4.841018816220e-03 3.969443132360e-02
7.556250000000e+00 4.844215684563e-03 3.980905581304e-02
7.562500000000e+00 4.847494151771e-03 3.992514738567e-02
7.568750000000e+00 4.850854482557e-03 4.004271385821e-02
7.575000000000e+00 4.854296943461e-03 4.016176307394e-02
7.581250000000e+00 4.857821802480e-03 4.028230289735e-02
7.587500000000e+00 4.861429328701e-03 4.040434120854e-02
7.593750000000e+00 4.865119791898e-03 4.052788589727e-02
7.600000000000e+00 4.868893462129e-03 4.065294485691e-02
7.606250000000e+00 4.872750609309e-03 4.077952597788e-02
7.612500000000e+00 4.876691502756e-03 4.090763714101e-02
7.618750000000e+00 4.880716410740e-03 4.103728621042e-02
7.625000000000e+00 4.884825599986e-03 4.116848102622e-02
7.631250000000e+00 4.889019335176e-03 4.130122939674e-02
7.637500000000e+00 4.893297878425e-03 4.143553909057e-02
7.643750000000e+00 4.897661488728e-03 4.157141782809e-02
7.650000000000e+00 4.902110421396e-03 4.170887327276e-02
7.656250000000e+00 4.906644927456e-03 4.184791302195e-02
7.662500000000e+00 4.911265253039e-03 4.198854459737e-02
7.668750000000e+00 4.915971638734e-03 4.213077543516e-02
7.675000000000e+00 4.920764318918e-03 4.227461287548e-02
7.681250000000e+00 4.925643521064e-03 4.242006415169e-02
7.687500000000e+00 4.930609465011e-03 4.256713637908e-02
7.693750000000e+00 4.935662362214e-03 4.271583654313e-02
7.700000000000e+00 4.940802414967e-03 4.286617148725e-02
7.706250000000e+00 4.946029815581e-03 4.301814790008e-02
7.712500000000e+00 4.951344745546e-03 4.317177230222e-02
7.718750000000e+00 4.956747374649e-03 4.332705103243e-02
7.725000000000e+00 4.962237860069e-03 4.348399023331e-02
7.731250000000e+00 4.967816345427e-03 4.364259583638e-02
7.737500000000e+00 4.973482959807e-03 4.380287354661e-02
7.743750000000e+00 4.979237816741e-03 4.396482882626e-02
7.750000000000e+00 4.985081013147e-03 4.412846687824e-02
7.756250000000e+00 4.991012628247e-03 4.429379262868e-02
7.762500000000e+00 4.997032722423e-03 4.446081070897e-02
7.768750000000e+00 5.003141336052e-03 4.462952543704e-02
7.775000000000e+00 5.009338488284e-03 4.479994079797e-02
7.781250000000e+00 5.015624175793e-03 4.497206042395e-02
7.787500000000e+00 5.021998371466e-03 4.514588757338e-02
7.793750000000e+00 5.028461023069e-03 4.532142510937e-02
7.800000000000e+00 5.035012051844e-03 4.549867547738e-02
7.806250000000e+00 5.041651351084e-03 4.567764068211e-02
7.812500000000e+00 5.048378784641e-03 4.585832226362e-02
7.818750000000e+00 5.055194185397e-03 4.604072127257e-02
7.825000000000e+00 5.062097353685e-03 4.622483824468e-02
7.831250000000e+00 5.069088055657e-03 4.641067317436e-02
7.837500000000e+00 5.076166021606e-03 4.659822548743e-02
7.843750000000e+00 5.083330944232e-03 4.678749401299e-02
7.850000000000e+00 5.090582476863e-03 4.697847695443e-02
7.856250000000e+00 5.097920231624e-03 4.717117185949e-02
7.862500000000e+00 5.105343777548e-03 4.736557558945e-02
7.868750000000e+00 5.112852638636e-03 4.756168428740e-02
7.875000000000e+00 5.120446291878e-03 4.775949334554e-02
7.881250000000e+00 5.128124165196e-03 4.795899737162e-02
7.887500000000e+00 5.135885635363e-03 4.816019015437e-02
7.893750000000e+00 5.143730025846e-03 4.836306462806e-02
7.900000000000e+00 5.151656604619e-03 4.856761283604e-02
7.906250000000e+00 5.159664581900e-03 4.877382589340e-02
7.912500000000e+00 5.167753107863e-03 4.898169394869e-02
7.918750000000e+00 5.175921270287e-03 4.919120614469e-02
7.925000000000e+00 5.184168092152e-03 4.940235057828e-02
7.931250000000e+00 5.192492529208e-03 4.961511425937e-02
7.937500000000e+00 5.200893467475e-03 4.982948306903e-02
7.943750000000e+00 5.209369720711e-03 5.004544171661e-02
7.950000000000e+00 5.217920027852e-03 5.026297369619e-02
7.956250000000e+00 5.226543050384e-03 5.048206124208e-02
7.962500000000e+00 5.235237369706e-03 5.070268528356e-02
7.968750000000e+00 5.244001484443e-03 5.092482539899e-02
7.975000000000e+00 5.252833807742e-03 5.114845976903e-02
7.981250000000e+00 5.261732664535e-03 5.137356512940e-02
7.987500000000e+00 5.270696288777e-03 5.160011672291e-02
7.993750000000e+00 5.279722820682e-03 5.182808825102e-02
8.000000000000e+00 5.288810303929e-03 5.205745182493e-02
8.006250000000e+00 5.297956682877e-03 5.228817791622e-02
8.012500000000e+00 5.307159799768e-03 5.252023530726e-02
8.018750000000e+00 5.316417391953e-03 5.275359104135e-02
8.025000000000e+00 5.325727089101e-03 5.298821037271e-02
8.031250000000e+00 5.335086410461e-03 5.322405671652e-02
8.037500000000e+00 5.344492762135e-03 5.346109159893e-02
8.043750000000e+00 5.353943434387e-03 5.369927460746e-02
8.050000000000e+00 5.363435599010e-03 5.393856334154e-02
8.056250000000e+00 5.372966306731e-03 5.417891336368e-02
8.062500000000e+00 5.382532484696e-03 5.442027815120e-02
8.068750000000e+00 5.392130934029e-03 5.466260904877e-02
8.075000000000e+00 5.401758327469e-03 5.490585522193e-02
8.081250000000e+00 5.411411207128e-03 5.514996361168e-02
8.087500000000e+00 5.421085982329e-03 5.539487889048e-02
8.093750000000e+00 5.430778927610e-03 5.564054341973e-02
8.100000000000e+00 5.440486180827e-03 5.588689720897e-02
8.106250000000e+00 5.450203741442e-03 5.613387787710e-02
8.112500000000e+00 5.459927468969e-03 5.638142061568e-02
8.118750000000e+00 5.469653081591e-03 5.662945815478e-02
8.125000000000e+00 5.479376155000e-03 5.687792073142e-02
8.131250000000e+00 5.489092121438e-03 5.712673606093e-02
8.137500000000e+00 5.498796268973e-03 5.737582931160e-02
8.143750000000e+00 5.508483741042e-03 5.762512308268e-02
8.150000000000e+00 5.518149536227e-03 5.787453738627e-02
8.156250000000e+00 5.527788508355e-03 5.812398963313e-02
8.162500000000e+00 5.537395366882e-03 5.837339462296e-02
8.168750000000e+00 5.546964677597e-03 5.862266453920e-02
8.175000000000e+00 5.556490863686e-03 5.887170894887e-02
8.181250000000e+00 5.565968207123e-03 5.912043480766e-02
8.187500000000e+00 5.575390850478e-03 5.936874647052e-02
8.193750000000e+00 5.584752799080e-03 5.961654570822e-02
8.200000000000e+00 5.594047923619e-03 5.986373173003e-02
8.206250000000e+00 5.603269963176e-03 6.011020121290e-02
8.212500000000e+00 5.612412528683e-03 6.035584833744e-02
8.218750000000e+00 5.621469106856e-03 6.060056483102e-02
8.225000000000e+00 5.630433064607e-03 6.084424001810e-02
8.231250000000e+00 5.639297653937e-03 6.108676087835e-02
8.237500000000e+00 5.648056017349e-03 6.132801211257e-02
8.243750000000e+00 5.656701193747e-03 6.156787621670e-02
8.250000000000e+00 5.665226124884e-03 6.180623356431e-02
8.256250000000e+00 5.673623662335e-03 6.204296249748e-02
8.262500000000e+00 5.681886575004e-03 6.227793942649e-02
8.268750000000e+00 5.690007557177e-03 6.251103893835e-02
8.275000000000e+00 5.697979237116e-03 6.274213391431e-02
8.281250000000e+00 5.705794186198e-03 6.297109565642e-02
8.287500000000e+00 5.713444928601e-03 6.319779402321e-02
8.293750000000e+00 5.720923951514e-03 6.342209757449e-02
8.300000000000e+00 5.728223715881e-03 6.364387372519e-02
8.306250000000e+00 5.735336667664e-03 6.386298890831e-02
8.312500000000e+00 5.742255249591e-03 6.407930874662e-02
8.318750000000e+00 5.748971913404e-03 6.429269823316e-02
8.325000000000e+00 5.755479132561e-03 6.450302192026e-02
8.331250000000e+00 5.761769415383e-03 6.471014411667e-02
8.337500000000e+00 5.767835318594e-03 6.491392909273e-02
8.343750000000e+00 5.773669461253e-03 6.511424129292e-02
8.350000000000e+00 5.779264539035e-03 6.531094555563e-02
8.356250000000e+00 5.784613338802e-03 6.550390733938e-02
8.362500000000e+00 5.789708753456e-03 6.569299295525e-02
8.368750000000e+00 5.794543796991e-03 6.587806980461e-02
8.375000000000e+00 5.799111619740e-03 6.605900662178e-02
8.381250000000e+00 5.803405523731e-03 6.623567372070e-02
8.387500000000e+00 5.807418978111e-03 6.640794324495e-02
8.393750000000e+00 5.811145634587e-03 6.657568942040e-02
8.400000000000e+00 5.814579342818e-03 6.673878880942e-02
8.406250000000e+00 5.817714165705e-03 6.689712056601e-02
8.412500000000e+00 5.820544394502e-03 6.705056669075e-02
8.418750000000e+00 5.823064563705e-03 6.719901228473e-02
8.425000000000e+00 5.825269465652e-03 6.734234580138e-02
8.431250000000e+00 5.827154164734e-03 6.748045929529e-02
8.437500000000e+00 5.828714011211e-03 6.761324866694e-02
8.443750000000e+00 5.829944654520e-03 6.774061390234e-02
8.450000000000e+00 5.830842056026e-03 6.786245930651e-02
8.456250000000e+00 5.831402501178e-03 6.797869372983e-02
8.462500000000e+00 5.831622610945e-03 6.808923078627e-02
8.468750000000e+00 5.831499352552e-03 6.819398906234e-02
8.475000000000e+00 5.831030049406e-03 6.829289231604e-02
8.481250000000e+00 5.830212390164e-03 6.838586966460e-02
8.487500000000e+00 5.829044436930e-03 6.847285576040e-02
8.493750000000e+00 5.827524632469e-03 6.855379095396e-02
8.500000000000e+00 5.825651806478e-03 6.862862144339e-02
8.506250000000e+00 5.823425180795e-03 6.869729940946e-02
8.512500000000e+00 5.820844373582e-03 6.875978313566e-02
8.518750000000e+00 5.817909402412e-03 6.881603711268e-02
8.525000000000e+00 5.814620686254e-03 6.886603212673e-02
8.531250000000e+00 5.810979046341e-03 6.890974533131e-02
8.537500000000e+00 5.806985705915e-03 6.894716030204e-02
8.543750000000e+00 5.802642288826e-03 6.897826707431e-02
8.550000000000e+00 5.797950817031e-03 6.900306216358e-02
8.556250000000e+00 5.792913706934e-03 6.902154856821e-02
8.562500000000e+00 5.787533764649e-03 6.903373575482e-02
8.568750000000e+00 5.781814180170e-03 6.903963962633e-02
8.575000000000e+00 5.775758520483e-03 6.903928247288e-02
8.581250000000e+00 5.769370721648e-03 6.903269290573e-02
8.587500000000e+00 5.762655079891e-03 6.901990577481e-02
8.593750000000e+00 5.755616241754e-03 6.900096207006e-02
8.600000000000e+00 5.748259193347e-03 6.897590880730e-02
8.606250000000e+00 5.740589248731e-03 6.894479889912e-02
8.612500000000e+00 5.732612037536e-03 6.890769101149e-02
8.618750000000e+00 5.724333491822e-03 6.886464940686e-02
8.625000000000e+00 5.715759832266e-03 6.881574377451e-02
8.631250000000e+00 5.706897553751e-03 6.876104904893e-02
8.637500000000e+00 5.697753410399e-03 6.870064521728e-02
8.643750000000e+00 5.688334400138e-03 6.863461711673e-02
8.650000000000e+00 5.678647748844e-03 6.856305422263e-02
8.656250000000e+00 5.668700894155e-03 6.848605042864e-02
8.662500000000e+00 5.658501469018e-03 6.840370381958e-02
8.668750000000e+00 5.648057285028e-03 6.831611643827e-02
8.675000000000e+00 5.637376315631e-03 6.822339404717e-02
8.681250000000e+00 5.626466679267e-03 6.812564588595e-02
8.687500000000e+00 5.615336622507e-03 6.802298442590e-02
8.693750000000e+00 5.603994503259e-03 6.791552512224e-02
8.700000000000e+00 5.592448774079e-03 6.780338616521e-02
8.706250000000e+00 5.580707965689e-03 6.768668823097e-02
8.712500000000e+00 5.568780670700e-03 6.756555423311e-02
8.718750000000e+00 5.556675527653e-03 6.744010907568e-02
8.725000000000e+00 5.544401205365e-03 6.731047940855e-02
8.731250000000e+00 5.531966387683e-03 6.717679338595e-02
8.737500000000e+00 5.519379758655e-03 6.703918042875e-02
8.743750000000e+00 5.506649988139e-03 6.689777099139e-02
8.750000000000e+00 5.493785717938e-03 6.675269633385e-02
8.756250000000e+00 5.480795548443e-03 6.660408829950e-02
8.762500000000e+00 5.467688025824e-03 6.645207909910e-02
8.768750000000e+00 5.454471629812e-03 6.629680110162e-02
8.775000000000e+00 5.441154762045e-03 6.613838663223e-02
8.781250000000e+00 5.427745735048e-03 6.597696777777e-02
8.787500000000e+00 5.414252761823e-03 6.581267620012e-02
8.793750000000e+00 5.400683946055e-03 6.564564295767e-02
8.800000000000e+00 5.387047272974e-03 6.547599833513e-02
8.806250000000e+00 5.373350600823e-03 6.530387168182e-02
8.812500000000e+00 5.359601652990e-03 6.512939125861e-02
8.818750000000e+00 5.345808010737e-03 6.495268409351e-02
8.825000000000e+00 5.331977106581e-03 6.477387584605e-02
8.831250000000e+00 5.318116218273e-03 6.459309068034e-02
8.837500000000e+00 5.304232463391e-03 6.441045114685e-02
8.843750000000e+00 5.290332794507e-03 6.422607807277e-02
8.850000000000e+00 5.276423994953e-03 6.404009046096e-02
8.856250000000e+00 5.262512675129e-03 6.385260539714e-02
8.862500000000e+00 5.248605269375e-03 6.366373796543e-02
8.868750000000e+00 5.234708033336e-03 6.347360117180e-02
8.875000000000e+00 5.220827041862e-03 6.328230587548e-02
8.881250000000e+00 5.206968187373e-03 6.308996072781e-02
8.887500000000e+00 5.193137178703e-03 6.289667211859e-02
8.893750000000e+00 5.179339540366e-03 6.270254412946e-02
8.900000000000e+00 5.165580612255e-03 6.250767849415e-02
8.906250000000e+00 5.151865549733e-03 6.231217456529e-02
8.912500000000e+00 5.138199324104e-03 6.211612928751e-02
8.918750000000e+00 5.124586723422e-03 6.191963717657e-02
8.925000000000e+00 5.111032353644e-03 6.172279030415e-02
8.931250000000e+00 5.097540640090e-03 6.152567828812e-02
8.937500000000e+00 5.084115829172e-03 6.132838828791e-02
8.943750000000e+00 5.070761990408e-03 6.113100500470e-02
8.950000000000e+00 5.057483018669e-03 6.093361068623e-02
8.956250000000e+00 5.044282636656e-03 6.073628513582e-02
8.962500000000e+00 5.031164397566e-03 6.053910572538e-02
8.968750000000e+00 5.018131687958e-03 6.034214741216e-02
8.975000000000e+00 5.005187730777e-03 6.014548275897e-02
8.981250000000e+00 4.992335588531e-03 5.994918195748e-02
8.987500000000e+00 4.979578166594e-03 5.975331285461e-02
8.993750000000e+00 4.966918216622e-03 5.955794098145e-02
9.000000000000e+00 4.954358340074e-03 5.936312958472e-02
9.006250000000e+00 4.941900991819e-03 5.916893966046e-02
9.012500000000e+00 4.929548483801e-03 5.897542998966e-02
9.018750000000e+00 4.917302988775e-03 5.878265717574e-02
9.025000000000e+00 4.905166544078e-03 5.859067568359e-02
9.031250000000e+00 4.893141055441e-03 5.839953788003e-02
9.037500000000e+00 4.881228300811e-03 5.820929407551e-02
9.043750000000e+00 4.869429934194e-03 5.801999256677e-02
9.050000000000e+00 4.857747489505e-03 5.783167968056e-02
9.056250000000e+00 4.846182384389e-03 5.764439981788e-02
9.062500000000e+00 4.834735924051e-03 5.745819549900e-02
9.068750000000e+00 4.823409305048e-03 5.727310740883e-02
9.075000000000e+00 4.812203619056e-03 5.708917444263e-02
9.081250000000e+00 4.801119856609e-03 5.690643375197e-02
9.087500000000e+00 4.790158910773e-03 5.672492079075e-02
9.093750000000e+00 4.779321580797e-03 5.654466936123e-02
9.100000000000e+00 4.768608575701e-03 5.636571166000e-02
9.106250000000e+00 4.758020517806e-03 5.618807832368e-02
9.112500000000e+00 4.747557946211e-03 5.601179847446e-02
9.118750000000e+00 4.737221320195e-03 5.583689976523e-02
9.125000000000e+00 4.727011022569e-03 5.566340842434e-02
9.131250000000e+00 4.716927362943e-03 5.549134929987e-02
9.137500000000e+00 4.706970580931e-03 5.532074590340e-02
9.143750000000e+00 4.697140849284e-03 5.515162045320e-02
9.150000000000e+00 4.687438276946e-03 5.498399391681e-02
9.156250000000e+00 4.677862912029e-03 5.481788605297e-02
9.162500000000e+00 4.668414744725e-03 5.465331545284e-02
9.168750000000e+00 4.659093710125e-03 5.449029958051e-02
9.175000000000e+00 4.649899690984e-03 5.432885481279e-02
9.181250000000e+00 4.640832520377e-03 5.416899647818e-02
9.187500000000e+00 4.631891984303e-03 5.401073889509e-02
9.193750000000e+00 4.623077824203e-03 5.385409540927e-02
9.200000000000e+00 4.614389739403e-03 5.369907843035e-02
9.206250000000e+00 4.605827389478e-03 5.354569946763e-02
9.212500000000e+00 4.597390396539e-03 5.339396916501e-02
9.218750000000e+00 4.589078347457e-03 5.324389733507e-02
9.225000000000e+00 4.580890795994e-03 5.309549299234e-02
9.231250000000e+00 4.572827264879e-03 5.294876438568e-02
9.237500000000e+00 4.564887247809e-03 5.280371902986e-02
9.243750000000e+00 4.557070211370e-03 5.266036373632e-02
9.250000000000e+00 4.549375596897e-03 5.251870464303e-02
9.256250000000e+00 4.541802822270e-03 5.237874724361e-02
9.262500000000e+00 4.534351283630e-03 5.224049641560e-02
9.268750000000e+00 4.527020357054e-03 5.210395644786e-02
9.275000000000e+00 4.519809400137e-03 5.196913106731e-02
9.281250000000e+00 4.512717753536e-03 5.183602346474e-02
9.287500000000e+00 4.505744742441e-03 5.170463631998e-02
9.293750000000e+00 4.498889677996e-03 5.157497182615e-02
9.300000000000e+00 4.492151858659e-03 5.144703171336e-02
9.306250000000e+00 4.485530571501e-03 5.132081727148e-02
9.312500000000e+00 4.479025093457e-03 5.119632937234e-02
9.318750000000e+00 4.472634692533e-03 5.107356849112e-02
9.325000000000e+00 4.466358628941e-03 5.095253472712e-02
9.331250000000e+00 4.460196156207e-03 5.083322782386e-02
9.337500000000e+00 4.454146522213e-03 5.071564718840e-02
9.343750000000e+00 4.448208970211e-03 5.059979191022e-02
9.350000000000e+00 4.442382739774e-03 5.048566077926e-02
9.356250000000e+00 4.436667067715e-03 5.037325230351e-02
9.362500000000e+00 4.431061188969e-03 5.026256472594e-02
9.368750000000e+00 4.425564337416e-03 5.015359604079e-02
9.375000000000e+00 4.420175746684e-03 5.004634400943e-02
9.381250000000e+00 4.414894650908e-03 4.994080617557e-02
9.387500000000e+00 4.409720285446e-03 4.983697987994e-02
9.393750000000e+00 4.404651887580e-03 4.973486227451e-02
9.400000000000e+00 4.399688697154e-03 4.963445033615e-02
9.406250000000e+00 4.394829957204e-03 4.953574087983e-02
9.412500000000e+00 4.390074914553e-03 4.943873057136e-02
9.418750000000e+00 4.385422820364e-03 4.934341593960e-02
9.425000000000e+00 4.380872930681e-03 4.924979338837e-02
9.431250000000e+00 4.376424506927e-03 4.915785920772e-02
9.437500000000e+00 4.372076816390e-03 4.906760958503e-02
9.443750000000e+00 4.367829132672e-03 4.897904061548e-02
9.450000000000e+00 4.363680736120e-03 4.889214831227e-02
9.456250000000e+00 4.359630914238e-03 4.880692861643e-02
9.462500000000e+00 4.355678962063e-03 4.872337740625e-02
9.468750000000e+00 4.351824182536e-03 4.864149050640e-02
9.475000000000e+00 4.348065886841e-03 4.856126369662e-02
9.481250000000e+00 4.344403394727e-03 4.848269272020e-02
9.487500000000e+00 4.340836034825e-03 4.840577329208e-02
9.493750000000e+00 4.337363144920e-03 4.833050110664e-02
9.500000000000e+00 4.333984072235e-03 4.825687184521e-02
9.506250000000e+00 4.330698173676e-03 4.818488118334e-02
9.512500000000e+00 4.327504816082e-03 4.811452479771e-02
9.518750000000e+00 4.324403376444e-03 4.804579837285e-02
9.525000000000e+00 4.321393242116e-03 4.797869760761e-02
9.531250000000e+00 4.318473811018e-03 4.791321822133e-02
9.537500000000e+00 4.315644491818e-03 4.784935595982e-02
9.543750000000e+00 4.312904704107e-03 4.778710660111e-02
9.550000000000e+00 4.310253878568e-03 4.772646596100e-02
9.556250000000e+00 4.307691457119e-03 4.766742989838e-02
9.562500000000e+00 4.305216893062e-03 4.760999432035e-02
9.568750000000e+00 4.302829651214e-03 4.755415518717e-02
9.575000000000e+00 4.300529208029e-03 4.749990851702e-02
9.581250000000e+00 4.298315051723e-03 4.744725039058e-02
9.587500000000e+00 4.296186682368e-03 4.739617695547e-02
9.593750000000e+00 4.294143612003e-03 4.734668443046e-02
9.600000000000e+00 4.292185364719e-03 4.729876910965e-02
9.606250000000e+00 4.290311476759e-03 4.725242736634e-02
9.612500000000e+00 4.288521496582e-03 4.720765565694e-02
9.618750000000e+00 4.286814984949e-03 4.716445052460e-02
9.625000000000e+00 4.285191514990e-03 4.712280860278e-02
9.631250000000e+00 4.283650672267e-03 4.708272661871e-02
9.637500000000e+00 4.282192054838e-03 4.704420139669e-02
9.643750000000e+00 4.280815273305e-03 4.700722986131e-02
9.650000000000e+00 4.279519950873e-03 4.697180904057e-02
9.656250000000e+00 4.278305723398e-03 4.693793606887e-02
9.662500000000e+00 4.277172239424e-03 4.690560818996e-02
9.668750000000e+00 4.276119160236e-03 4.687482275971e-02
9.675000000000e+00 4.275146159892e-03 4.684557724890e-02
9.681250000000e+00 4.274252925260e-03 4.681786924585e-02
9.687500000000e+00 4.273439156053e-03 4.679169645902e-02
9.693750000000e+00 4.272704564861e-03 4.676705671953e-02
9.700000000000e+00 4.272048877189e-03 4.674394798357e-02
9.706250000000e+00 4.271471831474e-03 4.672236833483e-02
9.712500000000e+00 4.270973179122e-03 4.670231598676e-02
9.718750000000e+00 4.270552684530e-03 4.668378928490e-02
9.725000000000e+00 4.270210125116e-03 4.666678670906e-02
9.731250000000e+00 4.269945291343e-03 4.665130687548e-02
9.737500000000e+00 4.269757986743e-03 4.663734853895e-02
9.743750000000e+00 4.269648027943e-03 4.662491059490e-02
9.750000000000e+00 4.269615244691e-03 4.661399208145e-02
9.756250000000e+00 4.269659479875e-03 4.660459218137e-02
9.762500000000e+00 4.269780589557e-03 4.659671022407e-02
9.768750000000e+00 4.269978442991e-03 4.659034568756e-02
9.775000000000e+00 4.270252922653e-03 4.658549820034e-02
9.781250000000e+00 4.270603924265e-03 4.658216754326e-02
9.787500000000e+00 4.271031356821e-03 4.658035365147e-02
9.793750000000e+00 4.271535142626e-03 4.658005661618e-02
9.800000000000e+00 4.272115217311e-03 4.658127668651e-02
9.806250000000e+00 4.272771529872e-03 4.658401427136e-02
9.812500000000e+00 4.273504042701e-03 4.658826994114e-02
9.818750000000e+00 4.274312731616e-03 4.659404442961e-02
9.825000000000e+00 4.275197585906e-03 4.660133863566e-02
9.831250000000e+00 4.276158608355e-03 4.661015362507e-02
9.837500000000e+00 4.277195815287e-03 4.662049063232e-02
9.843750000000e+00 4.278309236608e-03 4.663235106235e-02
9.850000000000e+00 4.279498915844e-03 4.664573649232e-02
9.856250000000e+00 4.280764910190e-03 4.666064867346e-02
9.862500000000e+00 4.282107290550e-03 4.667708953276e-02
9.868750000000e+00 4.283526141596e-03 4.669506117483e-02
9.875000000000e+00 4.285021561810e-03 4.671456588370e-02
9.881250000000e+00 4.286593663540e-03 4.673560612458e-02
9.887500000000e+00 4.288242573061e-03 4.675818454576e-02
9.893750000000e+00 4.289968430627e-03 4.678230398037e-02
9.900000000000e+00 4.291771390537e-03 4.680796744829e-02
9.906250000000e+00 4.293651621198e-03 4.683517815799e-02
9.912500000000e+00 4.295609305187e-03 4.686393950844e-02
9.918750000000e+00 4.297644639334e-03 4.689425509098e-02
9.925000000000e+00 4.299757834782e-03 4.692612869130e-02
9.931250000000e+00 4.301949117065e-03 4.695956429134e-02
9.937500000000e+00 4.304218726193e-03 4.699456607131e-02
9.943750000000e+00 4.306566916729e-03 4.703113841168e-02
9.950000000000e+00 4.308993957878e-03 4.706928589519e-02
9.956250000000e+00 4.311500133571e-03 4.710901330893e-02
9.962500000000e+00 4.314085742561e-03 4.715032564644e-02
9.968750000000e+00 4.316751098517e-03 4.719322810979e-02
9.975000000000e+00 4.319496530123e-03 4.723772611176e-02
9.981250000000e+00 4.322322381182e-03 4.728382527803e-02
9.987500000000e+00 4.325229010720e-03 4.733153144939e-02
9.993750000000e+00 4.328216793096e-03 4.738085068399e-02
1.000000000000e+01 4.331286118117e-03 4.743178925966e-02
1.000625000000e+01 4.334437391152e-03 4.748435367621e-02
1.001250000000e+01 4.337671033262e-03 4.753855065785e-02
1.001875000000e+01 4.340987481311e-03 4.759438715554e-02
1.002500000000e+01 4.344387188106e-03 4.765187034953e-02
1.003125000000e+01 4.347870622524e-03 4.771100765176e-02
1.003750000000e+01 4.351438269653e-03 4.777180670851e-02
1.004375000000e+01 4.355090630934e-03 4.783427540290e-02
1.005000000000e+01 4.358828224297e-03 4.789842185758e-02
1.005625000000e+01 4.362651584321e-03 4.796425443739e-02
1.006250000000e+01 4.366561262381e-03 4.803178175210e-02
1.006875000000e+01 4.370557826809e-03 4.810101265920e-02
1.007500000000e+01 4.374641863056e-03 4.817195626671e-02
1.008125000000e+01 4.378813973855e-03 4.824462193608e-02
1.008750000000e+01 4.383074779398e-03 4.831901928511e-02
1.009375000000e+01 4.387424917506e-03 4.839515819097e-02
1.010000000000e+01 4.391865043808e-03 4.847304879320e-02
1.010625000000e+01 4.396395831937e-03 4.855270149684e-02
1.011250000000e+01 4.401017973702e-03 4.863412697557e-02
1.011875000000e+01 4.405732179292e-03 4.871733617493e-02
1.012500000000e+01 4.410539177472e-03 4.880234031555e-02
1.013125000000e+01 4.415439715786e-03 4.888915089652e-02
1.013750000000e+01 4.420434560767e-03 4.897777969878e-02
1.014375000000e+01 4.425524498144e-03 4.906823878849e-02
1.015000000000e+01 4.430710333060e-03 4.916054052062e-02
1.015625000000e+01 4.435992890301e-03 4.925469754245e-02
1.016250000000e+01 4.441373014512e-03 4.935072279724e-02
1.016875000000e+01 4.446851570436e-03 4.944862952786e-02
1.017500000000e+01 4.452429443149e-03 4.954843128060e-02
1.018125000000e+01 4.458107538298e-03 4.965014190893e-02
1.018750000000e+01 4.463886782349e-03 4.975377557741e-02
1.019375000000e+01 4.469768122838e-03 4.985934676559e-02
1.020000000000e+01 4.475752528626e-03 4.996687027203e-02
1.020625000000e+01 4.481840990161e-03 5.007636121836e-02
1.021250000000e+01 4.488034519741e-03 5.018783505339e-02
1.021875000000e+01 4.494334151784e-03 5.030130755731e-02
1.022500000000e+01 4.500740943102e-03 5.041679484595e-02
1.023125000000e+01 4.507255973189e-03 5.053431337506e-02
1.023750000000e+01 4.513880344492e-03 5.065387994471e-02
1.024375000000e+01 4.520615182710e-03 5.077551170374e-02
1.025000000000e+01 4.527461637081e-03 5.089922615424e-02
1.025625000000e+01 4.534420880686e-03 5.102504115609e-02
1.026250000000e+01 4.541494110751e-03 5.115297493163e-02
1.026875000000e+01 4.548682548947e-03 5.128304607032e-02
1.027500000000e+01 4.555987441709e-03 5.141527353343e-02
1.028125000000e+01 4.563410060551e-03 5.154967665894e-02
1.028750000000e+01 4.570951702379e-03 5.168627516627e-02
1.029375000000e+01 4.578613689826e-03 5.182508916128e-02
1.030000000000e+01 4.586397371571e-03 5.196613914116e-02
1.030625000000e+01 4.594304122671e-03 5.210944599951e-02
1.031250000000e+01 4.602335344900e-03 5.225503103130e-02
1.031875000000e+01 4.610492467083e-03 5.240291593807e-02
1.032500000000e+01 4.618776945446e-03 5.255312283299e-02
1.033125000000e+01 4.627190263951e-03 5.270567424612e-02
1.033750000000e+01 4.635733934646e-03 5.286059312956e-02
1.034375000000e+01 4.644409498016e-03 5.301790286277e-02
1.035000000000e+01 4.653218523339e-03 5.317762725782e-02
1.035625000000e+01 4.662162609036e-03 5.333979056470e-02
1.036250000000e+01 4.671243383024e-03 5.350441747666e-02
1.036875000000e+01 4.680462503078e-03 5.367153313558e-02
1.037500000000e+01 4.689821657192e-03 5.384116313731e-02
1.038125000000e+01 4.699322563926e-03 5.401333353702e-02
1.038750000000e+01 4.708966972778e-03 5.418807085461e-02
1.039375000000e+01 4.718756664533e-03 5.436540208003e-02
1.040000000000e+01 4.728693451628e-03 5.454535467866e-02
1.040625000000e+01 4.738779178500e-03 5.472795659659e-02
1.041250000000e+01 4.749015721944e-03 5.491323626597e-02
1.041875000000e+01 4.759404991471e-03 5.510122261021e-02
1.042500000000e+01 4.769948929647e-03 5.529194504922e-02
1.043125000000e+01 4.780649512440e-03 5.548543350457e-02
1.043750000000e+01 4.791508749562e-03 5.568171840452e-02
1.044375000000e+01 4.802528684803e-03 5.588083068907e-02
1.045000000000e+01 4.813711396362e-03 5.608280181484e-02
1.045625000000e+01 4.825058997159e-03 5.628766375989e-02
1.046250000000e+01 4.836573635157e-03 5.649544902835e-02
1.046875000000e+01 4.848257493660e-03 5.670619065504e-02
1.047500000000e+01 4.860112791608e-03 5.691992220978e-02
1.048125000000e+01 4.872141783861e-03 5.713667780166e-02
1.048750000000e+01 4.884346761459e-03 5.735649208306e-02
1.049375000000e+01 4.896730051889e-03 5.757940025348e-02
1.050000000000e+01 4.909294019310e-03 5.780543806310e-02
1.050625000000e+01 4.922041064786e-03 5.803464181617e-02
1.051250000000e+01 4.934973626483e-03 5.826704837406e-02
1.051875000000e+01 4.948094179854e-03 5.850269515802e-02
1.052500000000e+01 4.961405237797e-03 5.874162015162e-02
1.053125000000e+01 4.974909350789e-03 5.898386190284e-02
1.053750000000e+01 4.988609106997e-03 5.922945952577e-02
1.054375000000e+01 5.002507132367e-03 5.947845270186e-02
1.055000000000e+01 5.016606090658e-03 5.973088168077e-02
1.055625000000e+01 5.030908683467e-03 5.998678728069e-02
1.056250000000e+01 5.045417650209e-03 6.024621088811e-02
1.056875000000e+01 5.060135768058e-03 6.050919445710e-02
1.057500000000e+01 5.075065851847e-03 6.077578050789e-02
1.058125000000e+01 5.090210753917e-03 6.104601212481e-02
1.058750000000e+01 5.105573363933e-03 6.131993295354e-02
1.059375000000e+01 5.121156608627e-03 6.159758719760e-02
1.060000000000e+01 5.136963451504e-03 6.187901961397e-02
1.060625000000e+01 5.152996892480e-03 6.216427550789e-02
1.061250000000e+01 5.169259967457e-03 6.245340072666e-02
1.061875000000e+01 5.185755747826e-03 6.274644165252e-02
1.062500000000e+01 5.202487339905e-03 6.304344519435e-02
1.063125000000e+01 5.219457884294e-03 6.334445877828e-02
1.063750000000e+01 5.236670555153e-03 6.364953033707e-02
1.064375000000e+01 5.254128559376e-03 6.395870829816e-02
1.065000000000e+01 5.271835135690e-03 6.427204157032e-02
1.065625000000e+01 5.289793553638e-03 6.458957952882e-02
1.066250000000e+01 5.308007112466e-03 6.491137199900e-02
1.066875000000e+01 5.326479139893e-03 6.523746923818e-02
1.067500000000e+01 5.345212990746e-03 6.556792191571e-02
1.068125000000e+01 5.364212045488e-03 6.590278109113e-02
1.068750000000e+01 5.383479708599e-03 6.624209819034e-02
1.069375000000e+01 5.403019406801e-03 6.658592497954e-02
1.070000000000e+01 5.422834587153e-03 6.693431353690e-02
1.070625000000e+01 5.442928714953e-03 6.728731622180e-02
1.071250000000e+01 5.463305271496e-03 6.764498564146e-02
1.071875000000e+01 5.483967751619e-03 6.800737461483e-02
1.072500000000e+01 5.504919661072e-03 6.837453613360e-02
1.073125000000e+01 5.526164513682e-03 6.874652332012e-02
1.073750000000e+01 5.547705828277e-03 6.912338938199e-02
1.074375000000e+01 5.569547125409e-03 6.950518756331e-02
1.075000000000e+01 5.591691923809e-03 6.989197109219e-02
1.075625000000e+01 5.614143736594e-03 7.028379312443e-02
1.076250000000e+01 5.636906067214e-03 7.068070668316e-02
1.076875000000e+01 5.659982405076e-03 7.108276459407e-02
1.077500000000e+01 5.683376220905e-03 7.149001941622e-02
1.078125000000e+01 5.707090961764e-03 7.190252336793e-02
1.078750000000e+01 5.731130045736e-03 7.232032824773e-02
1.079375000000e+01 5.755496856264e-03 7.274348534988e-02
1.080000000000e+01 5.780194736104e-03 7.317204537433e-02
1.080625000000e+01 5.805226980900e-03 7.360605833080e-02
1.081250000000e+01 5.830596832335e-03 7.404557343656e-02
1.081875000000e+01 5.856307470852e-03 7.449063900782e-02
1.082500000000e+01 5.882362007930e-03 7.494130234411e-02
1.083125000000e+01 5.908763477874e-03 7.539760960563e-02
1.083750000000e+01 5.935514829106e-03 7.585960568289e-02
1.084375000000e+01 5.962618914939e-03 7.632733405862e-02
1.085000000000e+01 5.990078483803e-03 7.680083666130e-02
1.085625000000e+01 6.017896168912e-03 7.728015371004e-02
1.086250000000e+01 6.046074477303e-03 7.776532355050e-02
1.086875000000e+01 6.074615778292e-03 7.825638248132e-02
1.087500000000e+01 6.103522291260e-03 7.875336457072e-02
1.088125000000e+01 6.132796072779e-03 7.925630146284e-02
1.088750000000e+01 6.162439003025e-03 7.976522217352e-02
1.089375000000e+01 6.192452771478e-03 8.028015287487e-02
1.090000000000e+01 6.222838861864e-03 8.080111666844e-02
1.090625000000e+01 6.253598536320e-03 8.132813334651e-02
1.091250000000e+01 6.284732818756e-03 8.186121914098e-02
1.091875000000e+01 6.316242477389e-03 8.240038645965e-02
1.092500000000e+01 6.348128006424e-03 8.294564360932e-02
1.093125000000e+01 6.380389606848e-03 8.349699450547e-02
1.093750000000e+01 6.413027166350e-03 8.405443836804e-02
1.094375000000e+01 6.446040238291e-03 8.461796940309e-02
1.095000000000e+01 6.479428019774e-03 8.518757646991e-02
1.095625000000e+01 6.513189328722e-03 8.576324273347e-02
1.096250000000e+01 6.547322580020e-03 8.634494530172e-02
1.096875000000e+01 6.581825760667e-03 8.693265484788e-02
1.097500000000e+01 6.616696403956e-03 8.752633521724e-02
1.098125000000e+01 6.651931562661e-03 8.812594301868e-02
1.098750000000e+01 6.687527781245e-03 8.873142720075e-02
1.099375000000e+01 6.723481067101e-03 8.934272861238e-02
1.100000000000e+01 6.759786860835e-03 8.995977954853e-02
1.100625000000e+01 6.796440005606e-03 9.058250328084e-02
1.101250000000e+01 6.833434715572e-03 9.121081357387e-02
1.101875000000e+01 6.870764543447e-03 9.184461418722e-02
1.102500000000e+01 6.908422347259e-03 9.248379836441e-02
1.103125000000e+01 6.946400256327e-03 9.312824830912e-02
1.103750000000e+01 6.984689636536e-03 9.377783464982e-02
1.104375000000e+01 7.023281055027e-03 9.443241589396e-02
1.105000000000e+01 7.062164244316e-03 9.509183787302e-02
1.105625000000e+01 7.101328066034e-03 9.575593318000e-02
1.106250000000e+01 7.140760474361e-03 9.642452060110e-02
1.106875000000e+01 7.180448479301e-03 9.709740454359e-02
1.107500000000e+01 7.220378109976e-03 9.777437446227e-02
1.108125000000e+01 7.260534378062e-03 9.845520428690e-02
1.108750000000e+01 7.300901241629e-03 9.913965185357e-02
1.109375000000e+01 7.341461569543e-03 9.982745834317e-02
1.110000000000e+01 7.382197106682e-03 1.005183477303e-01
1.110625000000e+01 7.423088440236e-03 1.012120262466e-01
1.111250000000e+01 7.464114967328e-03 1.019081818625e-01
1.111875000000e+01 7.505254864312e-03 1.026064837916e-01
1.112500000000e+01 7.546485058004e-03 1.033065820233e-01
1.113125000000e+01 7.587781199243e-03 1.040081068881e-01
1.113750000000e+01 7.629117639123e-03 1.047106686610e-01
1.114375000000e+01 7.670467408271e-03 1.054138572093e-01
1.115000000000e+01 7.711802199591e-03 1.061172416911e-01
1.115625000000e+01 7.753092354902e-03 1.068203703101e-01
1.116250000000e+01 7.794306855888e-03 1.075227701339e-01
1.116875000000e+01 7.835413319845e-03 1.082239469829e-01
1.117500000000e+01 7.876378000625e-03 1.089233853970e-01
1.118125000000e+01 7.917165795338e-03 1.096205486861e-01
1.118750000000e+01 7.957740257199e-03 1.103148790736e-01
1.119375000000e+01 7.998063615053e-03 1.110057979389e-01
1.120000000000e+01 8.038096799999e-03 1.116927061663e-01
1.120625000000e+01 8.077799479574e-03 1.123749846080e-01
1.121250000000e+01 8.117130099963e-03 1.130519946676e-01
1.121875000000e+01 8.156045936574e-03 1.137230790096e-01
1.122500000000e+01 8.194503153400e-03 1.143875624033e-01
1.123125000000e+01 8.232456871477e-03 1.150447527034e-01
1.123750000000e+01 8.269861246703e-03 1.156939419747e-01
1.124375000000e+01 8.306669557241e-03 1.163344077626e-01
1.125000000000e+01 8.342834300669e-03 1.169654145127e-01
1.125625000000e+01 8.378307300909e-03 1.175862151424e-01
1.126250000000e+01 8.413039824981e-03 1.181960527628e-01
1.126875000000e+01 8.446982709376e-03 1.187941625506e-01
1.127500000000e+01 8.480086495951e-03 1.193797737688e-01
1.128125000000e+01 8.512301576934e-03 1.199521119294e-01
1.128750000000e+01 8.543578348662e-03 1.205104010948e-01
1.129375000000e+01 8.573867373471e-03 1.210538663075e-01
1.130000000000e+01 8.603119549070e-03 1.215817361418e-01
1.130625000000e+01 8.631286284615e-03 1.220932453625e-01
1.131250000000e+01 8.658319682570e-03 1.225876376803e-01
1.131875000000e+01 8.684172725279e-03 1.230641685868e-01
1.132500000000e+01 8.708799465165e-03 1.235221082531e-01
1.133125000000e+01 8.732155217234e-03 1.239607444734e-01
1.133750000000e+01 8.754196752587e-03 1.243793856326e-01
1.134375000000e+01 8.774882491457e-03 1.247773636780e-01
1.135000000000e+01 8.794172694294e-03 1.251540370710e-01
1.135625000000e+01 8.812029649350e-03 1.255087936958e-01
1.136250000000e+01 8.828417855101e-03 1.258410537011e-01
1.136875000000e+01 8.843304195990e-03 1.261502722502e-01
1.137500000000e+01 8.856658109822e-03 1.264359421552e-01
1.138125000000e+01 8.868451745258e-03 1.266975963700e-01
1.138750000000e+01 8.878660107916e-03 1.269348103208e-01
1.139375000000e+01 8.887261193565e-03 1.271472040493e-01
1.140000000000e+01 8.894236107158e-03 1.273344441495e-01
1.140625000000e+01 8.899569166423e-03 1.274962454768e-01
1.141250000000e+01 8.903247988936e-03 1.276323726147e-01
1.141875000000e+01 8.905263561784e-03 1.277426410808e-01
1.142500000000e+01 8.905610293022e-03 1.278269182637e-01
1.143125000000e+01 8.904286044430e-03 1.278851240769e-01
1.143750000000e+01 8.901292145139e-03 1.279172313266e-01
1.144375000000e+01 8.896633386032e-03 1.279232657884e-01
1.145000000000e+01 8.890317994940e-03 1.279033059915e-01
1.145625000000e+01 8.882357592896e-03 1.278574827150e-01
1.146250000000e+01 8.872767131914e-03 1.277859782009e-01
1.146875000000e+01 8.861564814946e-03 1.276890250926e-01
1.147500000000e+01 8.848771998862e-03 1.275669051105e-01
1.148125000000e+01 8.834413081457e-03 1.274199474799e-01
1.148750000000e+01 8.818515373618e-03 1.272485271254e-01
1.149375000000e+01 8.801108957988e-03 1.270530626530e-01
1.150000000000e+01 8.782226535495e-03 1.268340141389e-01
1.150625000000e+01 8.761903261242e-03 1.265918807472e-01
1.151250000000e+01 8.740176571314e-03 1.263271981988e-01
1.151875000000e+01 8.717086002087e-03 1.260405361170e-01
1.152500000000e+01 8.692673003688e-03 1.257324952715e-01
1.153125000000e+01 8.666980749165e-03 1.254037047475e-01
1.153750000000e+01 8.640053941005e-03 1.250548190614e-01
1.154375000000e+01 8.611938616513e-03 1.246865152488e-01
1.155000000000e+01 8.582681953535e-03 1.242994899453e-01
1.155625000000e+01 8.552332077933e-03 1.238944564836e-01
1.156250000000e+01 8.520937874128e-03 1.234721420251e-01
1.156875000000e+01 8.488548799910e-03 1.230332847461e-01
1.157500000000e+01 8.455214706635e-03 1.225786310957e-01
1.158125000000e+01 8.420985665731e-03 1.221089331396e-01
1.158750000000e+01 8.385911802463e-03 1.216249460052e-01
1.159375000000e+01 8.350043137609e-03 1.211274254385e-01
1.160000000000e+01 8.313429437719e-03 1.206171254827e-01
1.160625000000e+01 8.276120074415e-03 1.200947962883e-01
1.161250000000e+01 8.238163893108e-03 1.195611820589e-01
1.161875000000e+01 8.199609091425e-03 1.190170191391e-01
1.162500000000e+01 8.160503107477e-03 1.184630342465e-01
1.163125000000e+01 8.120892518023e-03 1.178999428508e-01
1.163750000000e+01 8.080822946520e-03 1.173284476982e-01
1.164375000000e+01 8.040338980933e-03 1.167492374820e-01
1.165000000000e+01 7.999484101102e-03 1.161629856560e-01
1.165625000000e+01 7.958300615452e-03 1.155703493876e-01
1.166250000000e+01 7.916829606692e-03 1.149719686476e-01
1.166875000000e+01 7.875110886206e-03 1.143684654298e-01
1.167500000000e+01 7.833182956659e-03 1.137604430973e-01
1.168125000000e+01 7.791082982483e-03 1.131484858474e-01
1.168750000000e+01 7.748846767739e-03 1.125331582900e-01
1.169375000000e+01 7.706508740904e-03 1.119150051328e-01
1.170000000000e+01 7.664101946126e-03 1.112945509657e-01
1.170625000000e+01 7.621658040422e-03 1.106723001375e-01
1.171250000000e+01 7.579207296401e-03 1.100487367194e-01
1.171875000000e+01 7.536778610005e-03 1.094243245458e-01
1.172500000000e+01 7.494399512790e-03 1.087995073274e-01
1.173125000000e+01 7.452096188341e-03 1.081747088300e-01
1.173750000000e+01 7.409893492333e-03 1.075503331110e-01
1.174375000000e+01 7.367814975870e-03 1.069267648087e-01
1.175000000000e+01 7.325882911652e-03 1.063043694776e-01
1.175625000000e+01 7.284118322636e-03 1.056834939644e-01
1.176250000000e+01 7.242541012810e-03 1.050644668199e-01
1.176875000000e+01 7.201169599743e-03 1.044475987395e-01
1.177500000000e+01 7.160021548608e-03 1.038331830303e-01
1.178125000000e+01 7.119113207388e-03 1.032214960990e-01
1.178750000000e+01 7.078459842990e-03 1.026127979554e-01
1.179375000000e+01 7.038075678042e-03 1.020073327305e-01
1.180000000000e+01 6.997973928097e-03 1.014053292030e-01
1.180625000000e+01 6.958166839105e-03 1.008070013325e-01
1.181250000000e+01 6.918665724933e-03 1.002125487960e-01
1.181875000000e+01 6.879481004766e-03 9.962215752514e-02
1.182500000000e+01 6.840622240256e-03 9.903600024252e-02
1.183125000000e+01 6.802098172266e-03 9.845423699358e-02
1.183750000000e+01 6.763916757138e-03 9.787701567361e-02
1.184375000000e+01 6.726085202323e-03 9.730447254751e-02
1.185000000000e+01 6.688610001340e-03 9.673673276106e-02
1.185625000000e+01 6.651496967971e-03 9.617391084256e-02
1.186250000000e+01 6.614751269619e-03 9.561611119369e-02
1.186875000000e+01 6.578377459787e-03 9.506342856874e-02
1.187500000000e+01 6.542379509650e-03 9.451594854152e-02
1.188125000000e+01 6.506760838664e-03 9.397374795935e-02
1.188750000000e+01 6.471524344215e-03 9.343689538366e-02
1.189375000000e+01 6.436672430245e-03 9.290545151683e-02
1.190000000000e+01 6.402207034905e-03 9.237946961506e-02
1.190625000000e+01 6.368129657187e-03 9.185899588714e-02
1.191250000000e+01 6.334441382548e-03 9.134406987892e-02
1.191875000000e+01 6.301142907537e-03 9.083472484372e-02
1.192500000000e+01 6.268234563420e-03 9.033098809844e-02
1.193125000000e+01 6.235716338832e-03 8.983288136576e-02
1.193750000000e+01 6.203587901467e-03 8.934042110247e-02
1.194375000000e+01 6.171848618804e-03 8.885361881411e-02
1.195000000000e+01 6.140497577934e-03 8.837248135631e-02
1.195625000000e+01 6.109533604455e-03 8.789701122296e-02
1.196250000000e+01 6.078955280502e-03 8.742720682156e-02
1.196875000000e+01 6.048760961916e-03 8.696306273618e-02
1.197500000000e+01 6.018948794584e-03 8.650456997819e-02
1.198125000000e+01 5.989516729981e-03 8.605171622527e-02
1.198750000000e+01 5.960462539914e-03 8.560448604897e-02
1.199375000000e+01 5.931783830538e-03 8.516286113123e-02
1.200000000000e+01 5.903478055639e-03 8.472682047030e-02
1.200625000000e+01 5.875542529222e-03 8.429634057623e-02
1.201250000000e+01 5.847974437432e-03 8.387139565661e-02
1.201875000000e+01 5.820770849822e-03 8.345195779264e-02
1.202500000000e+01 5.793928730020e-03 8.303799710613e-02
1.203125000000e+01 5.767444945798e-03 8.262948191764e-02
1.203750000000e+01 5.741316278572e-03 8.222637889622e-02
1.204375000000e+01 5.715539432374e-03 8.182865320105e-02
1.205000000000e+01 5.690111042288e-03 8.143626861539e-02
1.205625000000e+01 5.665027682416e-03 8.104918767302e-02
1.206250000000e+01 5.640285873357e-03 8.066737177776e-02
1.206875000000e+01 5.615882089247e-03 8.029078131616e-02
1.207500000000e+01 5.591812764368e-03 7.991937576374e-02
1.208125000000e+01 5.568074299358e-03 7.955311378512e-02
1.208750000000e+01 5.544663067021e-03 7.919195332835e-02
1.209375000000e+01 5.521575417791e-03 7.883585171356e-02
1.210000000000e+01 5.498807684824e-03 7.848476571646e-02
1.210625000000e+01 5.476356188790e-03 7.813865164664e-02
1.211250000000e+01 5.454217242313e-03 7.779746542126e-02
1.211875000000e+01 5.432387154149e-03 7.746116263406e-02
1.212500000000e+01 5.410862233060e-03 7.712969862011e-02
1.213125000000e+01 5.389638791436e-03 7.680302851648e-02
1.213750000000e+01 5.368713148656e-03 7.648110731901e-02
1.214375000000e+01 5.348081634208e-03 7.616388993539e-02
1.215000000000e+01 5.327740590595e-03 7.585133123479e-02
1.215625000000e+01 5.307686376018e-03 7.554338609418e-02
1.216250000000e+01 5.287915366859e-03 7.524000944149e-02
1.216875000000e+01 5.268423959982e-03 7.494115629587e-02
1.217500000000e+01 5.249208574843e-03 7.464678180513e-02
1.218125000000e+01 5.230265655440e-03 7.435684128056e-02
1.218750000000e+01 5.211591672099e-03 7.407129022921e-02
1.219375000000e+01 5.193183123110e-03 7.379008438389e-02
1.220000000000e+01 5.175036536236e-03 7.351317973086e-02
1.220625000000e+01 5.157148470059e-03 7.324053253553e-02
1.221250000000e+01 5.139515515229e-03 7.297209936606e-02
1.221875000000e+01 5.122134295585e-03 7.270783711521e-02
1.222500000000e+01 5.105001469168e-03 7.244770302036e-02
1.223125000000e+01 5.088113729126e-03 7.219165468193e-02
1.223750000000e+01 5.071467804522e-03 7.193965008018e-02
1.224375000000e+01 5.055060461060e-03 7.169164759061e-02
1.225000000000e+01 5.038888501720e-03 7.144760599795e-02
1.225625000000e+01 5.022948767304e-03 7.120748450889e-02
1.226250000000e+01 5.007238136926e-03 7.097124276351e-02
1.226875000000e+01 4.991753528417e-03 7.073884084569e-02
1.227500000000e+01 4.976491898671e-03 7.051023929238e-02
1.228125000000e+01 4.961450243926e-03 7.028539910182e-02
1.228750000000e+01 4.946625599993e-03 7.006428174096e-02
1.229375000000e+01 4.932015042437e-03 6.984684915185e-02
1.230000000000e+01 4.917615686689e-03 6.963306375730e-02
1.230625000000e+01 4.903424688131e-03 6.942288846571e-02
1.231250000000e+01 4.889439242134e-03 6.921628667526e-02
1.231875000000e+01 4.875656584051e-03 6.901322227732e-02
1.232500000000e+01 4.862073989181e-03 6.881365965931e-02
1.233125000000e+01 4.848688772689e-03 6.861756370696e-02
1.233750000000e+01 4.835498289503e-03 6.842489980600e-02
1.234375000000e+01 4.822499934186e-03 6.823563384337e-02
1.235000000000e+01 4.809691140761e-03 6.804973220792e-02
1.235625000000e+01 4.797069382541e-03 6.786716179072e-02
1.236250000000e+01 4.784632171907e-03 6.768788998494e-02
1.236875000000e+01 4.772377060090e-03 6.751188468534e-02
1.237500000000e+01 4.760301636913e-03 6.733911428745e-02
1.238125000000e+01 4.748403530535e-03 6.716954768635e-02
1.238750000000e+01 4.736680407166e-03 6.700315427528e-02
1.239375000000e+01 4.725129970773e-03 6.683990394383e-02
1.240000000000e+01 4.713749962772e-03 6.667976707600e-02
1.240625000000e+01 4.702538161709e-03 6.652271454797e-02
1.241250000000e+01 4.691492382930e-03 6.636871772567e-02
1.241875000000e+01 4.680610478250e-03 6.621774846215e-02
1.242500000000e+01 4.669890335595e-03 6.606977909478e-02
1.243125000000e+01 4.659329878655e-03 6.592478244232e-02
1.243750000000e+01 4.648927066526e-03 6.578273180182e-02
1.244375000000e+01 4.638679893343e-03 6.564360094535e-02
1.245000000000e+01 4.628586387912e-03 6.550736411674e-02
1.245625000000e+01 4.618644613334e-03 6.537399602804e-02
1.246250000000e+01 4.608852666639e-03 6.524347185608e-02
1.246875000000e+01 4.599208678396e-03 6.511576723877e-02
1.247500000000e+01 4.589710812342e-03 6.499085827149e-02
1.248125000000e+01 4.580357265000e-03 6.486872150331e-02
1.248750000000e+01 4.571146265299e-03 6.474933393321e-02
1.249375000000e+01 4.562076074192e-03 6.463267300624e-02
1.250000000000e+01 4.553144984273e-03 6.451871660966e-02
1.250625000000e+01 4.544351319403e-03 6.440744306904e-02
1.251250000000e+01 4.535693434336e-03 6.429883114438e-02
1.251875000000e+01 4.527169714327e-03 6.419286002612e-02
1.252500000000e+01 4.518778574776e-03 6.408950933130e-02
1.253125000000e+01 4.510518460843e-03 6.398875909953e-02
1.253750000000e+01 4.502387847087e-03 6.389058978915e-02
1.254375000000e+01 4.494385237101e-03 6.379498227327e-02
1.255000000000e+01 4.486509163140e-03 6.370191783587e-02
1.255625000000e+01 4.478758185767e-03 6.361137816792e-02
1.256250000000e+01 4.471130893505e-03 6.352334536352e-02
1.256875000000e+01 4.463625902468e-03 6.343780191606e-02
1.257500000000e+01 4.456241856031e-03 6.335473071440e-02
1.258125000000e+01 4.448977424475e-03 6.327411503914e-02
1.258750000000e+01 4.441831304649e-03 6.319593855881e-02
1.259375000000e+01 4.434802219641e-03 6.312018532622e-02
1.260000000000e+01 4.427888918439e-03 6.304683977478e-02
1.260625000000e+01 4.421090175616e-03 6.297588671487e-02
1.261250000000e+01 4.414404791001e-03 6.290731133029e-02
1.261875000000e+01 4.407831589362e-03 6.284109917469e-02
1.262500000000e+01 4.401369420102e-03 6.277723616811e-02
1.263125000000e+01 4.395017156950e-03 6.271570859357e-02
1.263750000000e+01 4.388773697658e-03 6.265650309363e-02
1.264375000000e+01 4.382637963707e-03 6.259960666709e-02
1.265000000000e+01 4.376608900015e-03 6.254500666574e-02
1.265625000000e+01 4.370685474656e-03 6.249269079107e-02
1.266250000000e+01 4.364866678572e-03 6.244264709115e-02
1.266875000000e+01 4.359151525307e-03 6.239486395749e-02
1.267500000000e+01 4.353539050727e-03 6.234933012200e-02
1.268125000000e+01 4.348028312769e-03 6.230603465397e-02
1.268750000000e+01 4.342618391166e-03 6.226496695714e-02
1.269375000000e+01 4.337308387206e-03 6.222611676677e-02
1.270000000000e+01 4.332097423477e-03 6.218947414687e-02
1.270625000000e+01 4.326984643627e-03 6.215502948739e-02
1.271250000000e+01 4.321969212123e-03 6.212277350151e-02
1.271875000000e+01 4.317050314017e-03 6.209269722297e-02
1.272500000000e+01 4.312227154722e-03 6.206479200351e-02
1.273125000000e+01 4.307498959793e-03 6.203904951026e-02
1.273750000000e+01 4.302864974699e-03 6.201546172334e-02
1.274375000000e+01 4.298324464618e-03 6.199402093336e-02
1.275000000000e+01 4.293876714230e-03 6.197471973909e-02
1.275625000000e+01 4.289521027516e-03 6.195755104514e-02
1.276250000000e+01 4.285256727558e-03 6.194250805969e-02
1.276875000000e+01 4.281083156348e-03 6.192958429231e-02
1.277500000000e+01 4.276999674605e-03 6.191877355180e-02
1.278125000000e+01 4.273005661588e-03 6.191006994413e-02
1.278750000000e+01 4.269100514922e-03 6.190346787036e-02
1.279375000000e+01 4.265283650427e-03 6.189896202470e-02
1.280000000000e+01 4.261554501952e-03 6.189654739258e-02
1.280625000000e+01 4.257912521208e-03 6.189621924876e-02
1.281250000000e+01 4.254357177615e-03 6.189797315551e-02
1.281875000000e+01 4.250887958144e-03 6.190180496089e-02
1.282500000000e+01 4.247504367182e-03 6.190771079697e-02
1.283125000000e+01 4.244205926372e-03 6.191568707821e-02
1.283750000000e+01 4.240992174485e-03 6.192573049982e-02
1.284375000000e+01 4.237862667281e-03 6.193783803621e-02
1.285000000000e+01 4.234816977386e-03 6.195200693947e-02
1.285625000000e+01 4.231854694161e-03 6.196823473788e-02
1.286250000000e+01 4.228975423580e-03 6.198651923453e-02
1.286875000000e+01 4.226178788118e-03 6.200685850589e-02
1.287500000000e+01 4.223464426639e-03 6.202925090053e-02
1.288125000000e+01 4.220831994286e-03 6.205369503777e-02
1.288750000000e+01 4.218281162378e-03 6.208018980649e-02
1.289375000000e+01 4.215811618316e-03 6.210873436389e-02
1.290000000000e+01 4.213423065475e-03 6.213932813437e-02
1.290625000000e+01 4.211115223129e-03 6.217197080832e-02
1.291250000000e+01 4.208887826350e-03 6.220666234116e-02
1.291875000000e+01 4.206740625938e-03 6.224340295215e-02
1.292500000000e+01 4.204673388332e-03 6.228219312352e-02
1.293125000000e+01 4.202685895536e-03 6.232303359937e-02
1.293750000000e+01 4.200777945052e-03 6.236592538482e-02
1.294375000000e+01 4.198949349812e-03 6.241086974505e-02
1.295000000000e+01 4.197199938111e-03 6.245786820442e-02
1.295625000000e+01 4.195529553547e-03 6.250692254567e-02
1.296250000000e+01 4.193938054965e-03 6.255803480904e-02
1.296875000000e+01 4.192425316409e-03 6.261120729151e-02
1.297500000000e+01 4.190991227061e-03 6.266644254602e-02
1.298125000000e+01 4.189635691208e-03 6.272374338074e-02
1.298750000000e+01 4.188358628189e-03 6.278311285832e-02
1.299375000000e+01 4.187159972362e-03 6.284455429524e-02
1.300000000000e+01 4.186039673062e-03 6.290807126108e-02
1.300625000000e+01 4.184997694571e-03 6.297366757786e-02
1.301250000000e+01 4.184034016091e-03 6.304134731941e-02
1.301875000000e+01 4.183148631712e-03 6.311111481074e-02
1.302500000000e+01 4.182341550388e-03 6.318297462738e-02
1.303125000000e+01 4.181612795919e-03 6.325693159481e-02
1.303750000000e+01 4.180962406927e-03 6.333299078780e-02
1.304375000000e+01 4.180390436852e-03 6.341115752986e-02
1.305000000000e+01 4.179896953923e-03 6.349143739260e-02
1.305625000000e+01 4.179482041160e-03 6.357383619516e-02
1.306250000000e+01 4.179145796357e-03 6.365836000358e-02
1.306875000000e+01 4.178888332085e-03 6.374501513023e-02
1.307500000000e+01 4.178709775682e-03 6.383380813314e-02
1.308125000000e+01 4.178610269253e-03 6.392474581545e-02
1.308750000000e+01 4.178589969671e-03 6.401783522472e-02
1.309375000000e+01 4.178649048582e-03 6.411308365231e-02
1.310000000000e+01 4.178787692405e-03 6.421049863267e-02
1.310625000000e+01 4.179006102342e-03 6.431008794270e-02
1.311250000000e+01 4.179304494386e-03 6.441185960101e-02
1.311875000000e+01 4.179683099328e-03 6.451582186716e-02
1.312500000000e+01 4.180142162768e-03 6.462198324090e-02
1.313125000000e+01 4.180681945128e-03 6.473035246136e-02
1.313750000000e+01 4.181302721668e-03 6.484093850619e-02
1.314375000000e+01 4.182004782495e-03 6.495375059066e-02
1.315000000000e+01 4.182788432580e-03 6.506879816672e-02
1.315625000000e+01 4.183653991772e-03 6.518609092202e-02
1.316250000000e+01 4.184601794818e-03 6.530563877881e-02
1.316875000000e+01 4.185632191377e-03 6.542745189290e-02
1.317500000000e+01 4.186745546035e-03 6.555154065240e-02
1.318125000000e+01 4.187942238321e-03 6.567791567653e-02
1.318750000000e+01 4.189222662729e-03 6.580658781425e-02
1.319375000000e+01 4.190587228723e-03 6.593756814290e-02
1.320000000000e+01 4.192036360766e-03 6.607086796663e-02
1.320625000000e+01 4.193570498321e-03 6.620649881487e-02
1.321250000000e+01 4.195190095871e-03 6.634447244063e-02
1.321875000000e+01 4.196895622927e-03 6.648480081868e-02
1.322500000000e+01 4.198687564041e-03 6.662749614366e-02
1.323125000000e+01 4.200566418816e-03 6.677257082801e-02
1.323750000000e+01 4.202532701904e-03 6.692003749990e-02
1.324375000000e+01 4.204586943016e-03 6.706990900085e-02
1.325000000000e+01 4.206729686920e-03 6.722219838334e-02
1.325625000000e+01 4.208961493441e-03 6.737691890822e-02
1.326250000000e+01 4.211282937452e-03 6.753408404196e-02
1.326875000000e+01 4.213694608867e-03 6.769370745375e-02
1.327500000000e+01 4.216197112623e-03 6.785580301240e-02
1.328125000000e+01 4.218791068670e-03 6.802038478309e-02
1.328750000000e+01 4.221477111937e-03 6.818746702388e-02
1.329375000000e+01 4.224255892315e-03 6.835706418203e-02
1.330000000000e+01 4.227128074612e-03 6.852919089011e-02
1.330625000000e+01 4.230094338521e-03 6.870386196192e-02
1.331250000000e+01 4.233155378570e-03 6.888109238805e-02
1.331875000000e+01 4.236311904064e-03 6.906089733135e-02
1.332500000000e+01 4.239564639032e-03 6.924329212199e-02
1.333125000000e+01 4.242914322150e-03 6.942829225235e-02
1.333750000000e+01 4.246361706663e-03 6.961591337154e-02
1.334375000000e+01 4.249907560300e-03 6.980617127971e-02
1.335000000000e+01 4.253552665173e-03 6.999908192191e-02
1.335625000000e+01 4.257297817674e-03 7.019466138174e-02
1.336250000000e+01 4.261143828347e-03 7.039292587461e-02
1.336875000000e+01 4.265091521765e-03 7.059389174059e-02
1.337500000000e+01 4.269141736381e-03 7.079757543693e-02
1.338125000000e+01 4.273295324369e-03 7.100399353019e-02
1.338750000000e+01 4.277553151463e-03 7.121316268791e-02
1.339375000000e+01 4.281916096755e-03 7.142509966985e-02
1.340000000000e+01 4.286385052509e-03 7.163982131883e-02
1.340625000000e+01 4.290960923930e-03 7.185734455104e-02
1.341250000000e+01 4.295644628935e-03 7.207768634584e-02
1.341875000000e+01 4.300437097898e-03 7.230086373514e-02
1.342500000000e+01 4.305339273375e-03 7.252689379214e-02
1.343125000000e+01 4.310352109810e-03 7.275579361954e-02
1.343750000000e+01 4.315476573221e-03 7.298758033721e-02
1.344375000000e+01 4.320713640858e-03 7.322227106918e-02
1.345000000000e+01 4.326064300852e-03 7.345988293006e-02
1.345625000000e+01 4.331529551817e-03 7.370043301079e-02
1.346250000000e+01 4.337110402445e-03 7.394393836363e-02
1.346875000000e+01 4.342807871063e-03 7.419041598658e-02
1.347500000000e+01 4.348622985171e-03 7.443988280691e-02
1.348125000000e+01 4.354556780939e-03 7.469235566403e-02
1.348750000000e+01 4.360610302682e-03 7.494785129150e-02
1.349375000000e+01 4.366784602295e-03 7.520638629823e-02
1.350000000000e+01 4.373080738665e-03 7.546797714884e-02
1.350625000000e+01 4.379499777033e-03 7.573264014307e-02
1.351250000000e+01 4.386042788332e-03 7.600039139434e-02
1.351875000000e+01 4.392710848477e-03 7.627124680725e-02
1.352500000000e+01 4.399505037621e-03 7.654522205421e-02
1.353125000000e+01 4.406426439364e-03 7.682233255092e-02
1.353750000000e+01 4.413476139921e-03 7.710259343084e-02
1.354375000000e+01 4.420655227251e-03 7.738601951859e-02
1.355000000000e+01 4.427964790122e-03 7.767262530209e-02
1.355625000000e+01 4.435405917140e-03 7.796242490370e-02
1.356250000000e+01 4.442979695724e-03 7.825543204992e-02
1.356875000000e+01 4.450687211032e-03 7.855166004006e-02
1.357500000000e+01 4.458529544821e-03 7.885112171341e-02
1.358125000000e+01 4.466507774255e-03 7.915382941518e-02
1.358750000000e+01 4.474622970659e-03 7.945979496108e-02
1.359375000000e+01 4.482876198210e-03 7.976902960035e-02
1.360000000000e+01 4.491268512553e-03 8.008154397746e-02
1.360625000000e+01 4.499800959370e-03 8.039734809223e-02
1.361250000000e+01 4.508474572863e-03 8.071645125842e-02
1.361875000000e+01 4.517290374183e-03 8.103886206068e-02
1.362500000000e+01 4.526249369770e-03 8.136458830998e-02
1.363125000000e+01 4.535352549633e-03 8.169363699721e-02
1.363750000000e+01 4.544600885551e-03 8.202601424519e-02
1.364375000000e+01 4.553995329179e-03 8.236172525885e-02
1.365000000000e+01 4.563536810093e-03 8.270077427364e-02
1.365625000000e+01 4.573226233741e-03 8.304316450208e-02
1.366250000000e+01 4.583064479308e-03 8.338889807842e-02
1.366875000000e+01 4.593052397499e-03 8.373797600146e-02
1.367500000000e+01 4.603190808217e-03 8.409039807533e-02
1.368125000000e+01 4.613480498167e-03 8.444616284831e-02
1.368750000000e+01 4.623922218354e-03 8.480526754968e-02
1.369375000000e+01 4.634516681484e-03 8.516770802450e-02
1.370000000000e+01 4.645264559275e-03 8.553347866627e-02
1.370625000000e+01 4.656166479651e-03 8.590257234760e-02
1.371250000000e+01 4.667223023860e-03 8.627498034868e-02
1.371875000000e+01 4.678434723459e-03 8.665069228364e-02
1.372500000000e+01 4.689802057210e-03 8.702969602483e-02
1.373125000000e+01 4.701325447874e-03 8.741197762490e-02
1.373750000000e+01 4.713005258887e-03 8.779752123672e-02
1.374375000000e+01 4.724841790923e-03 8.818630903121e-02
1.375000000000e+01 4.736835278367e-03 8.857832111302e-02
1.375625000000e+01 4.748985885658e-03 8.897353543408e-02
1.376250000000e+01 4.761293703542e-03 8.937192770507e-02
1.376875000000e+01 4.773758745191e-03 8.977347130487e-02
1.377500000000e+01 4.786380942238e-03 9.017813718796e-02
1.378125000000e+01 4.799160140683e-03 9.058589378984e-02
1.378750000000e+01 4.812096096711e-03 9.099670693063e-02
1.379375000000e+01 4.825188472390e-03 9.141053971674e-02
1.380000000000e+01 4.838436831266e-03 9.182735244091e-02
1.380625000000e+01 4.851840633868e-03 9.224710248047e-02
1.381250000000e+01 4.865399233112e-03 9.266974419420e-02
1.381875000000e+01 4.879111869600e-03 9.309522881765e-02
1.382500000000e+01 4.892977666845e-03 9.352350435728e-02
1.383125000000e+01 4.906995626405e-03 9.395451548339e-02
1.383750000000e+01 4.921164622928e-03 9.438820342217e-02
1.384375000000e+01 4.935483399143e-03 9.482450584694e-02
1.385000000000e+01 4.949950560771e-03 9.526335676879e-02
1.385625000000e+01 4.964564571391e-03 9.570468642698e-02
1.386250000000e+01 4.979323747236e-03 9.614842117916e-02
1.386875000000e+01 4.994226251968e-03 9.659448339173e-02
1.387500000000e+01 5.009270091420e-03 9.704279133080e-02
1.388125000000e+01 5.024453108318e-03 9.749325905370e-02
1.388750000000e+01 5.039772976996e-03 9.794579630178e-02
1.389375000000e+01 5.055227198119e-03 9.840030839448e-02
1.390000000000e+01 5.070813093434e-03 9.885669612538e-02
1.390625000000e+01 5.086527800558e-03 9.931485566031e-02
1.391250000000e+01 5.102368267803e-03 9.977467843824e-02
1.391875000000e+01 5.118331249122e-03 1.002360510752e-01
1.392500000000e+01 5.134413299070e-03 1.006988552718e-01
1.393125000000e+01 5.150610767959e-03 1.011629677247e-01
1.393750000000e+01 5.166919797080e-03 1.016282600431e-01
1.394375000000e+01 5.183336314124e-03 1.020945986697e-01
1.395000000000e+01 5.199856028759e-03 1.025618448080e-01
1.395625000000e+01 5.216474428419e-03 1.030298543555e-01
1.396250000000e+01 5.233186774311e-03 1.034984778444e-01
1.396875000000e+01 5.249988097701e-03 1.039675603891e-01
1.397500000000e+01 5.266873196465e-03 1.044369416425e-01
1.398125000000e+01 5.283836631955e-03 1.049064557614e-01
1.398750000000e+01 5.300872726222e-03 1.053759313806e-01
1.399375000000e+01 5.317975559583e-03 1.058451915985e-01
1.400000000000e+01 5.335138968637e-03 1.063140539729e-01
1.400625000000e+01 5.352356544664e-03 1.067823305291e-01
1.401250000000e+01 5.369621632559e-03 1.072498277800e-01
1.401875000000e+01 5.386927330185e-03 1.077163467598e-01
1.402500000000e+01 5.404266488346e-03 1.081816830716e-01
1.403125000000e+01 5.421631711259e-03 1.086456269497e-01
1.403750000000e+01 5.439015357675e-03 1.091079633373e-01
1.404375000000e+01 5.456409542604e-03 1.095684719800e-01
1.405000000000e+01 5.473806139714e-03 1.100269275366e-01
1.405625000000e+01 5.491196784418e-03 1.104830997068e-01
1.406250000000e+01 5.508572877710e-03 1.109367533770e-01
1.406875000000e+01 5.525925590722e-03 1.113876487851e-01
1.407500000000e+01 5.543245870088e-03 1.118355417034e-01
1.408125000000e+01 5.560524444088e-03 1.122801836424e-01
1.408750000000e+01 5.577751829654e-03 1.127213220730e-01
1.409375000000e+01 5.594918340193e-03 1.131587006704e-01
1.410000000000e+01 5.612014094283e-03 1.135920595772e-01
1.410625000000e+01 5.629029025279e-03 1.140211356882e-01
1.411250000000e+01 5.645952891745e-03 1.144456629555e-01
1.411875000000e+01 5.662775288863e-03 1.148653727142e-01
1.412500000000e+01 5.679485660667e-03 1.152799940292e-01
1.413125000000e+01 5.696073313243e-03 1.156892540617e-01
1.413750000000e+01 5.712527428768e-03 1.160928784567e-01
1.414375000000e+01 5.728837080468e-03 1.164905917489e-01
1.415000000000e+01 5.744991248412e-03 1.168821177886e-01
1.415625000000e+01 5.760978836186e-03 1.172671801853e-01
1.416250000000e+01 5.776788688354e-03 1.176455027690e-01
1.416875000000e+01 5.792409608719e-03 1.180168100675e-01
1.417500000000e+01 5.807830379319e-03 1.183808277997e-01
1.418125000000e+01 5.823039780155e-03 1.187372833822e-01
1.418750000000e+01 5.838026609537e-03 1.190859064491e-01
1.419375000000e+01 5.852779705043e-03 1.194264293826e-01
1.420000000000e+01 5.867287965025e-03 1.197585878533e-01
1.420625000000e+01 5.881540370567e-03 1.200821213681e-01
1.421250000000e+01 5.895526007851e-03 1.203967738239e-01
1.421875000000e+01 5.909234090831e-03 1.207022940649e-01
1.422500000000e+01 5.922653984171e-03 1.209984364424e-01
1.423125000000e+01 5.935775226306e-03 1.212849613732e-01
1.423750000000e+01 5.948587552586e-03 1.215616358956e-01
1.424375000000e+01 5.961080918369e-03 1.218282342208e-01
1.425000000000e+01 5.973245522012e-03 1.220845382759e-01
1.425625000000e+01 5.985071827613e-03 1.223303382383e-01
1.426250000000e+01 5.996550587437e-03 1.225654330562e-01
1.426875000000e+01 6.007672863902e-03 1.227896309563e-01
1.427500000000e+01 6.018430051060e-03 1.230027499325e-01
1.428125000000e+01 6.028813895427e-03 1.232046182168e-01
1.428750000000e+01 6.038816516074e-03 1.233950747266e-01
1.429375000000e+01 6.048430423925e-03 1.235739694897e-01
1.430000000000e+01 6.057648540102e-03 1.237411640415e-01
1.430625000000e+01 6.066464213269e-03 1.238965317950e-01
1.431250000000e+01 6.074871235861e-03 1.240399583800e-01
1.431875000000e+01 6.082863859161e-03 1.241713419502e-01
1.432500000000e+01 6.090436807090e-03 1.242905934570e-01
1.433125000000e+01 6.097585288684e-03 1.243976368877e-01
1.433750000000e+01 6.104305009160e-03 1.244924094681e-01
1.434375000000e+01 6.110592179574e-03 1.245748618263e-01
1.435000000000e+01 6.116443524953e-03 1.246449581197e-01
1.435625000000e+01 6.121856290908e-03 1.247026761214e-01
1.436250000000e+01 6.126828248672e-03 1.247480072686e-01
1.436875000000e+01 6.131357698591e-03 1.247809566701e-01
1.437500000000e+01 6.135443471982e-03 1.248015430750e-01
1.438125000000e+01 6.139084931402e-03 1.248097988013e-01
1.438750000000e+01 6.142281969350e-03 1.248057696260e-01
1.439375000000e+01 6.145035005369e-03 1.247895146366e-01
1.440000000000e+01 6.147344981604e-03 1.247611060453e-01
1.440625000000e+01 6.149213356840e-03 1.247206289666e-01
1.441250000000e+01 6.150642099080e-03 1.246681811603e-01
1.441875000000e+01 6.151633676676e-03 1.246038727403e-01
1.442500000000e+01 6.152191048101e-03 1.245278258519e-01
1.443125000000e+01 6.152317650399e-03 1.244401743186e-01
1.443750000000e+01 6.152017386435e-03 1.243410632607e-01
1.444375000000e+01 6.151294610925e-03 1.242306486877e-01
1.445000000000e+01 6.150154115459e-03 1.241090970665e-01
1.445625000000e+01 6.148601112440e-03 1.239765848678e-01
1.446250000000e+01 6.146641218194e-03 1.238332980928e-01
1.446875000000e+01 6.144280435215e-03 1.236794317828e-01
1.447500000000e+01 6.141525133688e-03 1.235151895136e-01
1.448125000000e+01 6.138382032406e-03 1.233407828779e-01
1.448750000000e+01 6.134858179119e-03 1.231564309573e-01
1.449375000000e+01 6.130960930467e-03 1.229623597865e-01
1.450000000000e+01 6.126697931532e-03 1.227588018122e-01
1.450625000000e+01 6.122077095180e-03 1.225459953489e-01
1.451250000000e+01 6.117106581192e-03 1.223241840338e-01
1.451875000000e+01 6.111794775351e-03 1.220936162823e-01
1.452500000000e+01 6.106150268501e-03 1.218545447481e-01
1.453125000000e+01 6.100181835747e-03 1.216072257869e-01
1.453750000000e+01 6.093898415755e-03 1.213519189285e-01
1.454375000000e+01 6.087309090368e-03 1.210888863565e-01
1.455000000000e+01 6.080423064445e-03 1.208183923995e-01
1.455625000000e+01 6.073249646156e-03 1.205407030331e-01
1.456250000000e+01 6.065798227643e-03 1.202560853961e-01
1.456875000000e+01 6.058078266217e-03 1.199648073203e-01
1.457500000000e+01 6.050099266060e-03 1.196671368763e-01
1.458125000000e+01 6.041870760512e-03 1.193633419357e-01
1.458750000000e+01 6.033402294993e-03 1.190536897506e-01
1.459375000000e+01 6.024703410549e-03 1.187384465511e-01
1.460000000000e+01 6.015783628114e-03 1.184178771618e-01
1.460625000000e+01 6.006652433447e-03 1.180922446362e-01
1.461250000000e+01 5.997319262814e-03 1.177618099126e-01
1.461875000000e+01 5.987793489389e-03 1.174268314873e-01
1.462500000000e+01 5.978084410436e-03 1.170875651096e-01
1.463125000000e+01 5.968201235202e-03 1.167442634953e-01
1.463750000000e+01 5.958153073630e-03 1.163971760608e-01
1.464375000000e+01 5.947948925752e-03 1.160465486762e-01
1.465000000000e+01 5.937597671909e-03 1.156926234382e-01
1.465625000000e+01 5.927108063658e-03 1.153356384623e-01
1.466250000000e+01 5.916488715452e-03 1.149758276930e-01
1.466875000000e+01 5.905748097021e-03 1.146134207332e-01
1.467500000000e+01 5.894894526460e-03 1.142486426908e-01
1.468125000000e+01 5.883936164003e-03 1.138817140430e-01
1.468750000000e+01 5.872881006477e-03 1.135128505172e-01
1.469375000000e+01 5.861736882388e-03 1.131422629879e-01
1.470000000000e+01 5.850511447645e-03 1.127701573900e-01
1.470625000000e+01 5.839212181860e-03 1.123967346455e-01
1.471250000000e+01 5.827846385261e-03 1.120221906062e-01
1.471875000000e+01 5.816421176132e-03 1.116467160084e-01
1.472500000000e+01 5.804943488768e-03 1.112704964415e-01
1.473125000000e+01 5.793420071977e-03 1.108937123287e-01
1.473750000000e+01 5.781857487986e-03 1.105165389185e-01
1.474375000000e+01 5.770262111866e-03 1.101391462878e-01
1.475000000000e+01 5.758640131314e-03 1.097616993551e-01
1.475625000000e+01 5.746997546885e-03 1.093843579024e-01
1.476250000000e+01 5.735340172556e-03 1.090072766073e-01
1.476875000000e+01 5.723673636654e-03 1.086306050815e-01
1.477500000000e+01 5.712003383082e-03 1.082544879189e-01
1.478125000000e+01 5.700334672882e-03 1.078790647488e-01
1.478750000000e+01 5.688672586024e-03 1.075044702966e-01
1.479375000000e+01 5.677022023482e-03 1.071308344502e-01
1.480000000000e+01 5.665387709504e-03 1.067582823310e-01
1.480625000000e+01 5.653774194130e-03 1.063869343704e-01
1.481250000000e+01 5.642185855865e-03 1.060169063900e-01
1.481875000000e+01 5.630626904527e-03 1.056483096860e-01
1.482500000000e+01 5.619101384257e-03 1.052812511165e-01
1.483125000000e+01 5.607613176646e-03 1.049158331915e-01
1.483750000000e+01 5.596166003990e-03 1.045521541664e-01
1.484375000000e+01 5.584763432625e-03 1.041903081361e-01
1.485000000000e+01 5.573408876375e-03 1.038303851321e-01
1.485625000000e+01 5.562105600047e-03 1.034724712200e-01
1.486250000000e+01 5.550856722993e-03 1.031166485987e-01
1.486875000000e+01 5.539665222711e-03 1.027629956998e-01
1.487500000000e+01 5.528533938492e-03 1.024115872882e-01
1.488125000000e+01 5.517465575077e-03 1.020624945621e-01
1.488750000000e+01 5.506462706333e-03 1.017157852535e-01
1.489375000000e+01 5.495527778923e-03 1.013715237281e-01
1.490000000000e+01 5.484663115988e-03 1.010297710851e-01
1.490625000000e+01 5.473870920805e-03 1.006905852564e-01
1.491250000000e+01 5.463153280414e-03 1.003540211041e-01
1.491875000000e+01 5.452512169244e-03 1.000201305186e-01
1.492500000000e+01 5.441949452686e-03 9.968896251387e-02
1.493125000000e+01 5.431466890633e-03 9.936056332297e-02
1.493750000000e+01 5.421066140968e-03 9.903497649128e-02
1.494375000000e+01 5.410748763032e-03 9.871224296869e-02
1.495000000000e+01 5.400516221006e-03 9.839240120017e-02
1.495625000000e+01 5.390369887259e-03 9.807548721476e-02
1.496250000000e+01 5.380311045624e-03 9.776153471284e-02
1.496875000000e+01 5.370340894635e-03 9.745057515175e-02
1.497500000000e+01 5.360460550673e-03 9.714263782957e-02
1.498125000000e+01 5.350671051070e-03 9.683774996709e-02
1.498750000000e+01 5.340973357126e-03 9.653593678795e-02
1.499375000000e+01 5.331368357079e-03 9.623722159691e-02
1.500000000000e+01 5.321856868993e-03 9.594162585622e-02
1.500625000000e+01 5.312439643568e-03 9.564916926007e-02
1.501250000000e+01 5.303117366905e-03 9.535986980719e-02
1.501875000000e+01 5.293890663179e-03 9.507374387143e-02
1.502500000000e+01 5.284760097244e-03 9.479080627058e-02
1.503125000000e+01 5.275726177170e-03 9.451107033316e-02
1.503750000000e+01 5.266789356719e-03 9.423454796338e-02
1.504375000000e+01 5.257950037733e-03 9.396124970426e-02
1.505000000000e+01 5.249208572465e-03 9.369118479884e-02
1.505625000000e+01 5.240565265831e-03 9.342436124957e-02
1.506250000000e+01 5.232020377612e-03 9.316078587593e-02
1.506875000000e+01 5.223574124555e-03 9.290046437023e-02
1.507500000000e+01 5.215226682463e-03 9.264340135169e-02
1.508125000000e+01 5.206978188145e-03 9.238960041875e-02
1.508750000000e+01 5.198828741372e-03 9.213906419975e-02
1.509375000000e+01 5.190778406729e-03 9.189179440191e-02
1.510000000000e+01 5.182827215413e-03 9.164779185867e-02
1.510625000000e+01 5.174975166980e-03 9.140705657551e-02
1.511250000000e+01 5.167222231022e-03 9.116958777416e-02
1.511875000000e+01 5.159568348792e-03 9.093538393530e-02
1.512500000000e+01 5.152013434763e-03 9.070444283978e-02
1.513125000000e+01 5.144557378149e-03 9.047676160840e-02
1.513750000000e+01 5.137200044356e-03 9.025233674030e-02
1.514375000000e+01 5.129941276388e-03 9.003116414996e-02
1.515000000000e+01 5.122780896191e-03 8.981323920284e-02
1.515625000000e+01 5.115718705972e-03 8.959855674980e-02
1.516250000000e+01 5.108754489433e-03 8.938711116016e-02
1.516875000000e+01 5.101888013005e-03 8.917889635363e-02
1.517500000000e+01 5.095119026978e-03 8.897390583100e-02
1.518125000000e+01 5.088447266645e-03 8.877213270369e-02
1.518750000000e+01 5.081872453356e-03 8.857356972217e-02
1.519375000000e+01 5.075394295565e-03 8.837820930333e-02
1.520000000000e+01 5.069012489815e-03 8.818604355680e-02
1.520625000000e+01 5.062726721690e-03 8.799706431018e-02
1.521250000000e+01 5.056536666734e-03 8.781126313343e-02
1.521875000000e+01 5.050441991320e-03 8.762863136215e-02
1.522500000000e+01 5.044442353505e-03 8.744916012010e-02
1.523125000000e+01 5.038537403833e-03 8.727284034068e-02
1.523750000000e+01 5.032726786107e-03 8.709966278771e-02
1.524375000000e+01 5.027010138135e-03 8.692961807522e-02
1.525000000000e+01 5.021387092446e-03 8.676269668660e-02
1.525625000000e+01 5.015857276963e-03 8.659888899287e-02
1.526250000000e+01 5.010420315680e-03 8.643818527027e-02
1.526875000000e+01 5.005075829254e-03 8.628057571705e-02
1.527500000000e+01 4.999823435638e-03 8.612605046973e-02
1.528125000000e+01 4.994662750632e-03 8.597459961851e-02
1.528750000000e+01 4.989593388447e-03 8.582621322218e-02
1.529375000000e+01 4.984614962225e-03 8.568088132235e-02
1.530000000000e+01 4.979727084545e-03 8.553859395708e-02
1.530625000000e+01 4.974929367896e-03 8.539934117401e-02
1.531250000000e+01 4.970221425149e-03 8.526311304284e-02
1.531875000000e+01 4.965602869987e-03 8.512989966740e-02
1.532500000000e+01 4.961073317334e-03 8.499969119708e-02
1.533125000000e+01 4.956632383742e-03 8.487247783792e-02
1.533750000000e+01 4.952279687791e-03 8.474824986312e-02
1.534375000000e+01 4.948014850446e-03 8.462699762313e-02
1.535000000000e+01 4.943837495403e-03 8.450871155536e-02
1.535625000000e+01 4.939747249437e-03 8.439338219342e-02
1.536250000000e+01 4.935743742700e-03 8.428100017599e-02
1.536875000000e+01 4.931826609047e-03 8.417155625529e-02
1.537500000000e+01 4.927995486304e-03 8.406504130522e-02
1.538125000000e+01 4.924250016561e-03 8.396144632913e-02
1.538750000000e+01 4.920589846430e-03 8.386076246726e-02
1.539375000000e+01 4.917014627294e-03 8.376298100384e-02
1.540000000000e+01 4.913524015545e-03 8.366809337393e-02
1.540625000000e+01 4.910117672820e-03 8.357609116993e-02
1.541250000000e+01 4.906795266214e-03 8.348696614783e-02
1.541875000000e+01 4.903556468487e-03 8.340071023318e-02
1.542500000000e+01 4.900400958257e-03 8.331731552679e-02
1.543125000000e+01 4.897328420198e-03 8.323677431023e-02
1.543750000000e+01 4.894338545214e-03 8.315907905107e-02
1.544375000000e+01 4.891431030605e-03 8.308422240788e-02
1.545000000000e+01 4.888605580239e-03 8.301219723503e-02
1.545625000000e+01 4.885861904697e-03 8.294299658733e-02
1.546250000000e+01 4.883199721431e-03 8.287661372439e-02
1.546875000000e+01 4.880618754891e-03 8.281304211489e-02
1.547500000000e+01 4.878118736668e-03 8.275227544059e-02
1.548125000000e+01 4.875699405623e-03 8.269430760023e-02
1.548750000000e+01 4.873360508000e-03 8.263913271324e-02
1.549375000000e+01 4.871101797543e-03 8.258674512333e-02
1.550000000000e+01 4.868923035612e-03 8.253713940190e-02
1.550625000000e+01 4.866823991280e-03 8.249031035133e-02
1.551250000000e+01 4.864804441440e-03 8.244625300813e-02
1.551875000000e+01 4.862864170890e-03 8.240496264600e-02
1.552500000000e+01 4.861002972433e-03 8.236643477873e-02
1.553125000000e+01 4.859220646960e-03 8.233066516298e-02
1.553750000000e+01 4.857517003526e-03 8.229764980105e-02
1.554375000000e+01 4.855891859440e-03 8.226738494340e-02
1.555000000000e+01 4.854345040329e-03 8.223986709122e-02
1.555625000000e+01 4.852876380218e-03 8.221509299879e-02
1.556250000000e+01 4.851485721588e-03 8.219305967586e-02
1.556875000000e+01 4.850172915449e-03 8.217376438988e-02
1.557500000000e+01 4.848937821403e-03 8.215720466814e-02
1.558125000000e+01 4.847780307698e-03 8.214337829994e-02
1.558750000000e+01 4.846700251284e-03 8.213228333857e-02
1.559375000000e+01 4.845697537875e-03 8.212391810330e-02
1.560000000000e+01 4.844772061994e-03 8.211828118130e-02
1.560625000000e+01 4.843923727030e-03 8.211537142947e-02
1.561250000000e+01 4.843152445272e-03 8.211518797626e-02
1.561875000000e+01 4.842458137972e-03 8.211773022340e-02
1.562500000000e+01 4.841840735383e-03 8.212299784762e-02
1.563125000000e+01 4.841300176791e-03 8.213099080230e-02
1.563750000000e+01 4.840836410572e-03 8.214170931907e-02
1.564375000000e+01 4.840449394223e-03 8.215515390941e-02
1.565000000000e+01 4.840139094400e-03 8.217132536615e-02
1.565625000000e+01 4.839905486953e-03 8.219022476501e-02
1.566250000000e+01 4.839748556965e-03 8.221185346603e-02
1.566875000000e+01 4.839668298786e-03 8.223621311504e-02
1.567500000000e+01 4.839664716064e-03 8.226330564503e-02
1.568125000000e+01 4.839737821771e-03 8.229313327753e-02
1.568750000000e+01 4.839887638247e-03 8.232569852399e-02
1.569375000000e+01 4.840114197212e-03 8.236100418707e-02
1.570000000000e+01 4.840417539818e-03 8.239905336194e-02
1.570625000000e+01 4.840797716651e-03 8.243984943756e-02
1.571250000000e+01 4.841254787773e-03 8.248339609793e-02
1.571875000000e+01 4.841788822749e-03 8.252969732330e-02
1.572500000000e+01 4.842399900658e-03 8.257875739139e-02
1.573125000000e+01 4.843088110135e-03 8.263058087858e-02
1.573750000000e+01 4.843853549381e-03 8.268517266104e-02
1.574375000000e+01 4.844696326193e-03 8.274253791589e-02
1.575000000000e+01 4.845616557976e-03 8.280268212231e-02
1.575625000000e+01 4.846614371777e-03 8.286561106264e-02
1.576250000000e+01 4.847689904294e-03 8.293133082346e-02
1.576875000000e+01 4.848843301900e-03 8.299984779663e-02
1.577500000000e+01 4.850074720655e-03 8.307116868029e-02
1.578125000000e+01 4.851384326334e-03 8.314530047994e-02
1.578750000000e+01 4.852772294427e-03 8.322225050935e-02
1.579375000000e+01 4.854238810175e-03 8.330202639152e-02
1.580000000000e+01 4.855784068559e-03 8.338463605964e-02
1.580625000000e+01 4.857408274337e-03 8.347008775798e-02
1.581250000000e+01 4.859111642034e-03 8.355839004272e-02
1.581875000000e+01 4.860894395967e-03 8.364955178284e-02
1.582500000000e+01 4.862756770250e-03 8.374358216088e-02
1.583125000000e+01 4.864699008799e-03 8.384049067372e-02
1.583750000000e+01 4.866721365341e-03 8.394028713333e-02
1.584375000000e+01 4.868824103412e-03 8.404298166742e-02
1.585000000000e+01 4.871007496371e-03 8.414858472011e-02
1.585625000000e+01 4.873271827391e-03 8.425710705254e-02
1.586250000000e+01 4.875617389465e-03 8.436855974339e-02
1.586875000000e+01 4.878044485394e-03 8.448295418941e-02
1.587500000000e+01 4.880553427794e-03 8.460030210584e-02
1.588125000000e+01 4.883144539074e-03 8.472061552682e-02
1.588750000000e+01 4.885818151447e-03 8.484390680569e-02
1.589375000000e+01 4.888574606892e-03 8.497018861524e-02
1.590000000000e+01 4.891414257161e-03 8.509947394794e-02
1.590625000000e+01 4.894337463745e-03 8.523177611597e-02
1.591250000000e+01 4.897344597864e-03 8.536710875132e-02
1.591875000000e+01 4.900436040439e-03 8.550548580570e-02
1.592500000000e+01 4.903612182062e-03 8.564692155037e-02
1.593125000000e+01 4.906873422961e-03 8.579143057592e-02
1.593750000000e+01 4.910220172977e-03 8.593902779191e-02
1.594375000000e+01 4.913652851511e-03 8.608972842640e-02
1.595000000000e+01 4.917171887489e-03 8.624354802538e-02
1.595625000000e+01 4.920777719308e-03 8.640050245204e-02
1.596250000000e+01 4.924470794783e-03 8.656060788599e-02
1.596875000000e+01 4.928251571092e-03 8.672388082223e-02
1.597500000000e+01 4.932120514701e-03 8.689033807006e-02
1.598125000000e+01 4.936078101317e-03 8.705999675179e-02
1.598750000000e+01 4.940124815780e-03 8.723287430132e-02
1.599375000000e+01 4.944261152007e-03 8.740898846251e-02
1.600000000000e+01 4.948487612885e-03 8.758835728736e-02
1.600625000000e+01 4.952804710185e-03 8.777099913405e-02
1.601250000000e+01 4.957212964454e-03 8.795693266472e-02
1.601875000000e+01 4.961712904897e-03 8.814617684306e-02
1.602500000000e+01 4.966305069262e-03 8.833875093166e-02
1.603125000000e+01 4.970990003718e-03 8.853467448913e-02
1.603750000000e+01 4.975768262693e-03 8.873396736694e-02
1.604375000000e+01 4.980640408750e-03 8.893664970603e-02
1.605000000000e+01 4.985607012405e-03 8.914274193311e-02
1.605625000000e+01 4.990668651976e-03 8.935226475666e-02
1.606250000000e+01 4.995825913395e-03 8.956523916266e-02
1.606875000000e+01 5.001079390001e-03 8.978168640992e-02
1.607500000000e+01 5.006429682358e-03 9.000162802512e-02
1.608125000000e+01 5.011877398012e-03 9.022508579748e-02
1.608750000000e+01 5.017423151275e-03 9.045208177302e-02
1.609375000000e+01 5.023067562966e-03 9.068263824845e-02
1.610000000000e+01 5.028811260148e-03 9.091677776462e-02
1.610625000000e+01 5.034654875860e-03 9.115452309951e-02
1.611250000000e+01 5.040599048801e-03 9.139589726083e-02
1.611875000000e+01 5.046644423034e-03 9.164092347803e-02
1.612500000000e+01 5.052791647655e-03 9.188962519387e-02
1.613125000000e+01 5.059041376417e-03 9.214202605545e-02
1.613750000000e+01 5.065394267390e-03 9.239814990465e-02
1.614375000000e+01 5.071850982540e-03 9.265802076800e-02
1.615000000000e+01 5.078412187338e-03 9.292166284591e-02
1.615625000000e+01 5.085078550310e-03 9.318910050132e-02
1.616250000000e+01 5.091850742568e-03 9.346035824762e-02
1.616875000000e+01 5.098729437342e-03 9.373546073586e-02
1.617500000000e+01 5.105715309441e-03 9.401443274126e-02
1.618125000000e+01 5.112809034744e-03 9.429729914889e-02
1.618750000000e+01 5.120011289600e-03 9.458408493866e-02
1.619375000000e+01 5.127322750242e-03 9.487481516932e-02
1.620000000000e+01 5.134744092158e-03 9.516951496166e-02
1.620625000000e+01 5.142275989419e-03 9.546820948081e-02
1.621250000000e+01 5.149919113989e-03 9.577092391754e-02
1.621875000000e+01 5.157674134996e-03 9.607768346853e-02
1.622500000000e+01 5.165541717942e-03 9.638851331569e-02
1.623125000000e+01 5.173522523923e-03 9.670343860430e-02
1.623750000000e+01 5.181617208752e-03 9.702248442004e-02
1.624375000000e+01 5.189826422095e-03 9.734567576490e-02
1.625000000000e+01 5.198150806526e-03 9.767303753169e-02
1.625625000000e+01 5.206590996542e-03 9.800459447750e-02
1.626250000000e+01 5.215147617557e-03 9.834037119561e-02
1.626875000000e+01 5.223821284807e-03 9.868039208610e-02
1.627500000000e+01 5.232612602250e-03 9.902468132506e-02
1.628125000000e+01 5.241522161372e-03 9.937326283218e-02
1.628750000000e+01 5.250550539958e-03 9.972616023685e-02
1.629375000000e+01 5.259698300820e-03 1.000833968426e-01
1.630000000000e+01 5.268965990433e-03 1.004449955900e-01
1.630625000000e+01 5.278354137544e-03 1.008109790174e-01
1.631250000000e+01 5.287863251699e-03 1.011813692204e-01
1.631875000000e+01 5.297493821709e-03 1.015561878089e-01
1.632500000000e+01 5.307246314054e-03 1.019354558627e-01
1.633125000000e+01 5.317121171200e-03 1.023191938847e-01
1.633750000000e+01 5.327118809882e-03 1.027074217521e-01
1.634375000000e+01 5.337239619271e-03 1.031001586653e-01
1.635000000000e+01 5.347483959082e-03 1.034974230952e-01
1.635625000000e+01 5.357852157618e-03 1.038992327271e-01
1.636250000000e+01 5.368344509700e-03 1.043056044029e-01
1.636875000000e+01 5.378961274553e-03 1.047165540612e-01
1.637500000000e+01 5.389702673571e-03 1.051320966734e-01
1.638125000000e+01 5.400568888003e-03 1.055522461792e-01
1.638750000000e+01 5.411560056574e-03 1.059770154172e-01
1.639375000000e+01 5.422676272965e-03 1.064064160547e-01
1.640000000000e+01 5.433917583247e-03 1.068404585130e-01
1.640625000000e+01 5.445283983185e-03 1.072791518909e-01
1.641250000000e+01 5.456775415439e-03 1.077225038847e-01
1.641875000000e+01 5.468391766704e-03 1.081705207046e-01
1.642500000000e+01 5.480132864679e-03 1.086232069890e-01
1.643125000000e+01 5.491998474998e-03 1.090805657146e-01
1.643750000000e+01 5.503988298004e-03 1.095425981037e-01
1.644375000000e+01 5.516101965426e-03 1.100093035277e-01
1.645000000000e+01 5.528339036964e-03 1.104806794074e-01
1.645625000000e+01 5.540698996722e-03 1.109567211094e-01
1.646250000000e+01 5.553181249570e-03 1.114374218397e-01
1.646875000000e+01 5.565785117352e-03 1.119227725325e-01
1.647500000000e+01 5.578509834989e-03 1.124127617363e-01
1.648125000000e+01 5.591354546490e-03 1.129073754956e-01
1.648750000000e+01 5.604318300793e-03 1.134065972289e-01
1.649375000000e+01 5.617400047546e-03 1.139104076033e-01
1.650000000000e+01 5.630598632729e-03 1.144187844048e-01
1.650625000000e+01 5.643912794162e-03 1.149317024049e-01
1.651250000000e+01 5.657341156941e-03 1.154491332232e-01
1.651875000000e+01 5.670882228684e-03 1.159710451865e-01
1.652500000000e+01 5.684534394743e-03 1.164974031839e-01
1.653125000000e+01 5.698295913257e-03 1.170281685177e-01
1.653750000000e+01 5.712164910107e-03 1.175632987512e-01
1.654375000000e+01 5.726139373790e-03 1.181027475529e-01
1.655000000000e+01 5.740217150166e-03 1.186464645361e-01
1.655625000000e+01 5.754395937134e-03 1.191943950962e-01
1.656250000000e+01 5.768673279227e-03 1.197464802440e-01
1.656875000000e+01 5.783046562081e-03 1.203026564363e-01
1.657500000000e+01 5.797513006907e-03 1.208628554026e-01
1.658125000000e+01 5.812069664823e-03 1.214270039701e-01
1.658750000000e+01 5.826713411200e-03 1.219950238853e-01
1.659375000000e+01 5.841440939921e-03 1.225668316336e-01
1.660000000000e+01 5.856248757613e-03 1.231423382568e-01
1.660625000000e+01 5.871133177904e-03 1.237214491688e-01
1.661250000000e+01 5.886090315610e-03 1.243040639703e-01
1.661875000000e+01 5.901116080997e-03 1.248900762616e-01
1.662500000000e+01 5.916206174035e-03 1.254793734562e-01
1.663125000000e+01 5.931356078709e-03 1.260718365933e-01
1.663750000000e+01 5.946561057414e-03 1.266673401511e-01
1.664375000000e+01 5.961816145407e-03 1.272657518611e-01
1.665000000000e+01 5.977116145405e-03 1.278669325238e-01
1.665625000000e+01 5.992455622311e-03 1.284707358274e-01
1.666250000000e+01 6.007828898067e-03 1.290770081681e-01
1.666875000000e+01 6.023230046761e-03 1.296855884757e-01
1.667500000000e+01 6.038652889896e-03 1.302963080424e-01
1.668125000000e+01 6.054090991950e-03 1.309089903574e-01
1.668750000000e+01 6.069537656194e-03 1.315234509482e-01
1.669375000000e+01 6.084985920833e-03 1.321394972285e-01
1.670000000000e+01 6.100428555515e-03 1.327569283543e-01
1.670625000000e+01 6.115858058212e-03 1.333755350895e-01
1.671250000000e+01 6.131266652542e-03 1.339950996821e-01
1.671875000000e+01 6.146646285553e-03 1.346153957514e-01
1.672500000000e+01 6.161988626023e-03 1.352361881878e-01
1.673125000000e+01 6.177285063324e-03 1.358572330674e-01
1.673750000000e+01 6.192526706853e-03 1.364782775807e-01
1.674375000000e+01 6.207704386148e-03 1.370990599791e-01
1.675000000000e+01 6.222808651673e-03 1.377193095378e-01
1.675625000000e+01 6.237829776303e-03 1.383387465393e-01
1.676250000000e+01 6.252757757661e-03 1.389570822769e-01
1.676875000000e+01 6.267582321210e-03 1.395740190805e-01
1.677500000000e+01 6.282292924274e-03 1.401892503656e-01
1.678125000000e+01 6.296878760935e-03 1.408024607079e-01
1.678750000000e+01 6.311328767907e-03 1.414133259432e-01
1.679375000000e+01 6.325631631429e-03 1.420215132963e-01
1.680000000000e+01 6.339775795169e-03 1.426266815377e-01
1.680625000000e+01 6.353749469256e-03 1.432284811718e-01
1.681250000000e+01 6.367540640396e-03 1.438265546560e-01
1.681875000000e+01 6.381137083145e-03 1.444205366532e-01
1.682500000000e+01 6.394526372404e-03 1.450100543178e-01
1.683125000000e+01 6.407695897065e-03 1.455947276171e-01
1.683750000000e+01 6.420632874940e-03 1.461741696883e-01
1.684375000000e+01 6.433324368911e-03 1.467479872324e-01
1.685000000000e+01 6.445757304315e-03 1.473157809453e-01
1.685625000000e+01 6.457918487642e-03 1.478771459865e-01
1.686250000000e+01 6.469794626434e-03 1.484316724866e-01
1.686875000000e+01 6.481372350481e-03 1.489789460920e-01
1.687500000000e+01 6.492638234214e-03 1.495185485486e-01
1.688125000000e+01 6.503578820299e-03 1.500500583227e-01
1.688750000000e+01 6.514180644443e-03 1.505730512599e-01
1.689375000000e+01 6.524430261270e-03 1.510871012798e-01
1.690000000000e+01 6.534314271332e-03 1.515917811068e-01
1.690625000000e+01 6.543819349084e-03 1.520866630344e-01
1.691250000000e+01 6.552932271826e-03 1.525713197229e-01
1.691875000000e+01 6.561639949522e-03 1.530453250277e-01
1.692500000000e+01 6.569929455355e-03 1.535082548553e-01
1.693125000000e+01 6.577788057005e-03 1.539596880475e-01
1.693750000000e+01 6.585203248447e-03 1.543992072869e-01
1.694375000000e+01 6.592162782229e-03 1.548264000248e-01
1.695000000000e+01 6.598654702059e-03 1.552408594256e-01
1.695625000000e+01 6.604667375572e-03 1.556421853253e-01
1.696250000000e+01 6.610189527174e-03 1.560299851999e-01
1.696875000000e+01 6.615210270758e-03 1.564038751405e-01
1.697500000000e+01 6.619719142161e-03 1.567634808297e-01
1.698125000000e+01 6.623706131246e-03 1.571084385168e-01
1.698750000000e+01 6.627161713359e-03 1.574383959847e-01
1.699375000000e+01 6.630076880099e-03 1.577530135066e-01
1.700000000000e+01 6.632443169134e-03 1.580519647859e-01
1.700625000000e+01 6.634252692967e-03 1.583349378754e-01
1.701250000000e+01 6.635498166488e-03 1.586016360706e-01
1.701875000000e+01 6.636172933081e-03 1.588517787726e-01
1.702500000000e+01 6.636270989226e-03 1.590851023155e-01
1.703125000000e+01 6.635787007363e-03 1.593013607547e-01
1.703750000000e+01 6.634716356901e-03 1.595003266094e-01
1.704375000000e+01 6.633055123286e-03 1.596817915582e-01
1.705000000000e+01 6.630800124883e-03 1.598455670801e-01
1.705625000000e+01 6.627948927701e-03 1.599914850407e-01
1.706250000000e+01 6.624499857747e-03 1.601193982170e-01
1.706875000000e+01 6.620452010957e-03 1.602291807593e-01
1.707500000000e+01 6.615805260670e-03 1.603207285870e-01
1.708125000000e+01 6.610560262493e-03 1.603939597159e-01
1.708750000000e+01 6.604718456637e-03 1.604488145143e-01
1.709375000000e+01 6.598282067555e-03 1.604852558880e-01
1.710000000000e+01 6.591254100987e-03 1.605032693904e-01
1.710625000000e+01 6.583638338390e-03 1.605028632601e-01
1.711250000000e+01 6.575439328717e-03 1.604840683829e-01
1.711875000000e+01 6.566662377680e-03 1.604469381812e-01
1.712500000000e+01 6.557313534476e-03 1.603915484289e-01
1.713125000000e+01 6.547399576079e-03 1.603179969951e-01
1.713750000000e+01 6.536927989227e-03 1.602264035171e-01
1.714375000000e+01 6.525906950093e-03 1.601169090054e-01
1.715000000000e+01 6.514345301903e-03 1.599896753829e-01
1.715625000000e+01 6.502252530515e-03 1.598448849608e-01
1.716250000000e+01 6.489638738135e-03 1.596827398555e-01
1.716875000000e+01 6.476514615355e-03 1.595034613491e-01
1.717500000000e+01 6.462891411592e-03 1.593072891977e-01
1.718125000000e+01 6.448780904184e-03 1.590944808917e-01
1.718750000000e+01 6.434195366241e-03 1.588653108725e-01
1.719375000000e+01 6.419147533429e-03 1.586200697094e-01
1.720000000000e+01 6.403650569935e-03 1.583590632423e-01
1.720625000000e+01 6.387718033685e-03 1.580826116945e-01
1.721250000000e+01 6.371363841077e-03 1.577910487594e-01
1.721875000000e+01 6.354602231354e-03 1.574847206683e-01
1.722500000000e+01 6.337447730785e-03 1.571639852411e-01
1.723125000000e+01 6.319915116894e-03 1.568292109264e-01
1.723750000000e+01 6.302019382747e-03 1.564807758357e-01
1.724375000000e+01 6.283775701638e-03 1.561190667747e-01
1.725000000000e+01 6.265199392166e-03 1.557444782777e-01
1.725625000000e+01 6.246305883904e-03 1.553574116476e-01
1.726250000000e+01 6.227110683825e-03 1.549582740067e-01
1.726875000000e+01 6.207629343499e-03 1.545474773614e-01
1.727500000000e+01 6.187877427293e-03 1.541254376841e-01
1.728125000000e+01 6.167870481585e-03 1.536925740154e-01
1.728750000000e+01 6.147624005091e-03 1.532493075903e-01
1.729375000000e+01 6.127153420441e-03 1.527960609901e-01
1.730000000000e+01 6.106474046988e-03 1.523332573226e-01
1.730625000000e+01 6.085601074981e-03 1.518613194330e-01
1.731250000000e+01 6.064549541088e-03 1.513806691467e-01
1.731875000000e+01 6.043334305328e-03 1.508917265466e-01
1.732500000000e+01 6.021970029488e-03 1.503949092847e-01
1.733125000000e+01 6.000471156912e-03 1.498906319298e-01
1.733750000000e+01 5.978851893832e-03 1.493793053526e-01
1.734375000000e+01 5.957126192120e-03 1.488613361473e-01
1.735000000000e+01 5.935307733490e-03 1.483371260910e-01
1.735625000000e+01 5.913409915173e-03 1.478070716411e-01
1.736250000000e+01 5.891445836968e-03 1.472715634698e-01
1.736875000000e+01 5.869428289718e-03 1.467309860357e-01
1.737500000000e+01 5.847369745136e-03 1.461857171923e-01
1.738125000000e+01 5.825282346919e-03 1.456361278325e-01
1.738750000000e+01 5.803177903193e-03 1.450825815684e-01
1.739375000000e+01 5.781067880145e-03 1.445254344456e-01
1.740000000000e+01 5.758963396874e-03 1.439650346905e-01
1.740625000000e+01 5.736875221351e-03 1.434017224900e-01
1.741250000000e+01 5.714813767464e-03 1.428358298029e-01
1.741875000000e+01 5.692789093109e-03 1.422676802003e-01
1.742500000000e+01 5.670810899218e-03 1.416975887354e-01
1.743125000000e+01 5.648888529746e-03 1.411258618397e-01
1.743750000000e+01 5.627030972471e-03 1.405527972456e-01
1.744375000000e+01 5.605246860618e-03 1.399786839338e-01
1.745000000000e+01 5.583544475250e-03 1.394038021030e-01
1.745625000000e+01 5.561931748300e-03 1.388284231621e-01
1.746250000000e+01 5.540416266298e-03 1.382528097421e-01
1.746875000000e+01 5.519005274651e-03 1.376772157277e-01
1.747500000000e+01 5.497705682438e-03 1.371018863055e-01
1.748125000000e+01 5.476524067744e-03 1.365270580299e-01
1.748750000000e+01 5.455466683375e-03 1.359529589024e-01
1.749375000000e+01 5.434539462995e-03 1.353798084663e-01
1.750000000000e+01 5.413748027599e-03 1.348078179124e-01
1.750625000000e+01 5.393097692272e-03 1.342371901974e-01
1.751250000000e+01 5.372593473246e-03 1.336681201718e-01
1.751875000000e+01 5.352240095133e-03 1.331007947172e-01
1.752500000000e+01 5.332041998401e-03 1.325353928917e-01
1.753125000000e+01 5.312003346950e-03 1.319720860826e-01
1.753750000000e+01 5.292128035835e-03 1.314110381652e-01
1.754375000000e+01 5.272419699089e-03 1.308524056671e-01
1.755000000000e+01 5.252881717583e-03 1.302963379370e-01
1.755625000000e+01 5.233517226952e-03 1.297429773171e-01
1.756250000000e+01 5.214329125506e-03 1.291924593189e-01
1.756875000000e+01 5.195320082155e-03 1.286449128009e-01
1.757500000000e+01 5.176492544290e-03 1.281004601485e-01
1.758125000000e+01 5.157848745612e-03 1.275592174543e-01
1.758750000000e+01 5.139390713919e-03 1.270212946999e-01
1.759375000000e+01 5.121120278788e-03 1.264867959370e-01
1.760000000000e+01 5.103039079163e-03 1.259558194686e-01
1.760625000000e+01 5.085148570861e-03 1.254284580290e-01
1.761250000000e+01 5.067450033919e-03 1.249047989629e-01
1.761875000000e+01 5.049944579863e-03 1.243849244025e-01
1.762500000000e+01 5.032633158789e-03 1.238689114437e-01
1.763125000000e+01 5.015516566326e-03 1.233568323186e-01
1.763750000000e+01 4.998595450460e-03 1.228487545674e-01
1.764375000000e+01 4.981870318169e-03 1.223447412057e-01
1.765000000000e+01 4.965341541929e-03 1.218448508910e-01
1.765625000000e+01 4.949009366036e-03 1.213491380843e-01
1.766250000000e+01 4.932873912757e-03 1.208576532099e-01
1.766875000000e+01 4.916935188349e-03 1.203704428112e-01
1.767500000000e+01 4.901193088843e-03 1.198875497032e-01
1.768125000000e+01 4.885647405724e-03 1.194090131220e-01
1.768750000000e+01 4.870297831392e-03 1.189348688697e-01
1.769375000000e+01 4.855143964468e-03 1.184651494568e-01
1.770000000000e+01 4.840185314941e-03 1.179998842402e-01
1.770625000000e+01 4.825421309113e-03 1.175390995580e-01
1.771250000000e+01 4.810851294425e-03 1.170828188600e-01
1.771875000000e+01 4.796474544065e-03 1.166310628352e-01
1.772500000000e+01 4.782290261440e-03 1.161838495349e-01
1.773125000000e+01 4.768297584494e-03 1.157411944929e-01
1.773750000000e+01 4.754495589838e-03 1.153031108411e-01
1.774375000000e+01 4.740883296760e-03 1.148696094226e-01
1.775000000000e+01 4.727459671054e-03 1.144406989001e-01
1.775625000000e+01 4.714223628704e-03 1.140163858614e-01
1.776250000000e+01 4.701174039449e-03 1.135966749217e-01
1.776875000000e+01 4.688309730156e-03 1.131815688215e-01
1.777500000000e+01 4.675629488102e-03 1.127710685221e-01
1.778125000000e+01 4.663132064098e-03 1.123651732972e-01
1.778750000000e+01 4.650816175470e-03 1.119638808216e-01
1.779375000000e+01 4.638680508945e-03 1.115671872566e-01
1.780000000000e+01 4.626723723374e-03 1.111750873323e-01
1.780625000000e+01 4.614944452369e-03 1.107875744268e-01
1.781250000000e+01 4.603341306805e-03 1.104046406428e-01
1.781875000000e+01 4.591912877195e-03 1.100262768807e-01
1.782500000000e+01 4.580657735994e-03 1.096524729096e-01
1.783125000000e+01 4.569574439754e-03 1.092832174352e-01
1.783750000000e+01 4.558661531215e-03 1.089184981650e-01
1.784375000000e+01 4.547917541269e-03 1.085583018712e-01
1.785000000000e+01 4.537340990832e-03 1.082026144510e-01
1.785625000000e+01 4.526930392652e-03 1.078514209843e-01
1.786250000000e+01 4.516684252981e-03 1.075047057892e-01
1.786875000000e+01 4.506601073206e-03 1.071624524755e-01
1.787500000000e+01 4.496679351375e-03 1.068246439955e-01
1.788125000000e+01 4.486917583640e-03 1.064912626931e-01
1.788750000000e+01 4.477314265646e-03 1.061622903508e-01
1.789375000000e+01 4.467867893819e-03 1.058377082342e-01
1.790000000000e+01 4.458576966611e-03 1.055174971354e-01
1.790625000000e+01 4.449439985665e-03 1.052016374141e-01
1.791250000000e+01 4.440455456897e-03 1.048901090367e-01
1.791875000000e+01 4.431621891562e-03 1.045828916143e-01
1.792500000000e+01 4.422937807209e-03 1.042799644386e-01
1.793125000000e+01 4.414401728625e-03 1.039813065163e-01
1.793750000000e+01 4.406012188692e-03 1.036868966019e-01
1.794375000000e+01 4.397767729199e-03 1.033967132292e-01
1.795000000000e+01 4.389666901632e-03 1.031107347414e-01
1.795625000000e+01 4.381708267862e-03 1.028289393196e-01
1.796250000000e+01 4.373890400848e-03 1.025513050100e-01
1.796875000000e+01 4.366211885256e-03 1.022778097503e-01
1.797500000000e+01 4.358671318045e-03 1.020084313942e-01
1.798125000000e+01 4.351267309031e-03 1.017431477353e-01
1.798750000000e+01 4.343998481387e-03 1.014819365294e-01
1.799375000000e+01 4.336863472132e-03 1.012247755165e-01
1.800000000000e+01 4.329860932575e-03 1.009716424408e-01
1.800625000000e+01 4.322989528713e-03 1.007225150703e-01
1.801250000000e+01 4.316247941631e-03 1.004773712156e-01
1.801875000000e+01 4.309634867835e-03 1.002361887471e-01
1.802500000000e+01 4.303149019596e-03 9.999894561235e-02
1.803125000000e+01 4.296789125235e-03 9.976561985141e-02
1.803750000000e+01 4.290553929394e-03 9.953618961240e-02
1.804375000000e+01 4.284442193297e-03 9.931063316578e-02
1.805000000000e+01 4.278452694969e-03 9.908892891803e-02
1.805625000000e+01 4.272584229441e-03 9.887105542466e-02
1.806250000000e+01 4.266835608943e-03 9.865699140248e-02
1.806875000000e+01 4.261205663059e-03 9.844671574135e-02
1.807500000000e+01 4.255693238890e-03 9.824020751525e-02
1.808125000000e+01 4.250297201172e-03 9.803744599277e-02
1.808750000000e+01 4.245016432402e-03 9.783841064711e-02
1.809375000000e+01 4.239849832944e-03 9.764308116546e-02
1.810000000000e+01 4.234796321094e-03 9.745143745801e-02
1.810625000000e+01 4.229854833180e-03 9.726345966636e-02
1.811250000000e+01 4.225024323604e-03 9.707912817154e-02
1.811875000000e+01 4.220303764902e-03 9.689842360161e-02
1.812500000000e+01 4.215692147784e-03 9.672132683879e-02
1.813125000000e+01 4.211188481150e-03 9.654781902625e-02
1.813750000000e+01 4.206791792129e-03 9.637788157456e-02
1.814375000000e+01 4.202501126064e-03 9.621149616764e-02
1.815000000000e+01 4.198315546544e-03 9.604864476860e-02
1.815625000000e+01 4.194234135374e-03 9.588930962503e-02
1.816250000000e+01 4.190255992567e-03 9.573347327419e-02
1.816875000000e+01 4.186380236338e-03 9.558111854774e-02
1.817500000000e+01 4.182606003061e-03 9.543222857635e-02
1.818125000000e+01 4.178932447249e-03 9.528678679398e-02
1.818750000000e+01 4.175358741519e-03 9.514477694187e-02
1.819375000000e+01 4.171884076542e-03 9.500618307242e-02
1.820000000000e+01 4.168507661010e-03 9.487098955278e-02
1.820625000000e+01 4.165228721573e-03 9.473918106823e-02
1.821250000000e+01 4.162046502804e-03 9.461074262541e-02
1.821875000000e+01 4.158960267133e-03 9.448565955533e-02
1.822500000000e+01 4.155969294788e-03 9.436391751625e-02
1.823125000000e+01 4.153072883744e-03 9.424550249638e-02
1.823750000000e+01 4.150270349649e-03 9.413040081642e-02
1.824375000000e+01 4.147561025776e-03 9.401859913201e-02
1.825000000000e+01 4.144944262946e-03 9.391008443597e-02
1.825625000000e+01 4.142419429457e-03 9.380484406051e-02
1.826250000000e+01 4.139985911036e-03 9.370286567926e-02
1.826875000000e+01 4.137643110747e-03 9.360413730923e-02
1.827500000000e+01 4.135390448946e-03 9.350864731266e-02
1.828125000000e+01 4.133227363197e-03 9.341638439882e-02
1.828750000000e+01 4.131153308204e-03 9.332733762563e-02
1.829375000000e+01 4.129167755760e-03 9.324149640135e-02
1.830000000000e+01 4.127270194651e-03 9.315885048608e-02
1.830625000000e+01 4.125460130614e-03 9.307938999323e-02
1.831250000000e+01 4.123737086261e-03 9.300310539100e-02
1.831875000000e+01 4.122100601007e-03 9.292998750374e-02
1.832500000000e+01 4.120550231024e-03 9.286002751325e-02
1.833125000000e+01 4.119085549152e-03 9.279321696015e-02
1.833750000000e+01 4.117706144870e-03 9.272954774508e-02
1.834375000000e+01 4.116411624209e-03 9.266901212999e-02
1.835000000000e+01 4.115201609702e-03 9.261160273933e-02
1.835625000000e+01 4.114075740338e-03 9.255731256125e-02
1.836250000000e+01 4.113033671490e-03 9.250613494880e-02
1.836875000000e+01 4.112075074879e-03 9.245806362111e-02
1.837500000000e+01 4.111199638519e-03 9.241309266453e-02
1.838125000000e+01 4.110407066658e-03 9.237121653383e-02
1.838750000000e+01 4.109697079757e-03 9.233243005335e-02
1.839375000000e+01 4.109069414419e-03 9.229672841822e-02
1.840000000000e+01 4.108523823372e-03 9.226410719550e-02
1.840625000000e+01 4.108060075420e-03 9.223456232540e-02
1.841250000000e+01 4.107677955407e-03 9.220809012254e-02
1.841875000000e+01 4.107377264194e-03 9.218468727712e-02
1.842500000000e+01 4.107157818618e-03 9.216435085622e-02
1.843125000000e+01 4.107019451483e-03 9.214707830511e-02
1.843750000000e+01 4.106962011520e-03 9.213286744852e-02
1.844375000000e+01 4.106985363372e-03 9.212171649201e-02
1.845000000000e+01 4.107089387588e-03 9.211362402338e-02
1.845625000000e+01 4.107273980592e-03 9.210858901406e-02
1.846250000000e+01 4.107539054689e-03 9.210661082055e-02
1.846875000000e+01 4.107884538053e-03 9.210768918601e-02
1.847500000000e+01 4.108310374713e-03 9.211182424168e-02
1.848125000000e+01 4.108816524579e-03 9.211901650859e-02
1.848750000000e+01 4.109402963414e-03 9.212926689914e-02
1.849375000000e+01 4.110069682868e-03 9.214257671881e-02
1.850000000000e+01 4.110816690479e-03 9.215894766790e-02
1.850625000000e+01 4.111644009678e-03 9.217838184335e-02
1.851250000000e+01 4.112551679830e-03 9.220088174058e-02
1.851875000000e+01 4.113539756234e-03 9.222645025542e-02
1.852500000000e+01 4.114608310163e-03 9.225509068609e-02
1.853125000000e+01 4.115757428896e-03 9.228680673524e-02
1.853750000000e+01 4.116987215735e-03 9.232160251209e-02
1.854375000000e+01 4.118297790066e-03 9.235948253452e-02
1.855000000000e+01 4.119689287379e-03 9.240045173144e-02
1.855625000000e+01 4.121161859332e-03 9.244451544498e-02
1.856250000000e+01 4.122715673795e-03 9.249167943296e-02
1.856875000000e+01 4.124350914895e-03 9.254194987131e-02
1.857500000000e+01 4.126067783096e-03 9.259533335663e-02
1.858125000000e+01 4.127866495236e-03 9.265183690877e-02
1.858750000000e+01 4.129747284614e-03 9.271146797354e-02
1.859375000000e+01 4.131710401056e-03 9.277423442547e-02
1.860000000000e+01 4.133756110981e-03 9.284014457067e-02
1.860625000000e+01 4.135884697498e-03 9.290920714974e-02
1.861250000000e+01 4.138096460473e-03 9.298143134083e-02
1.861875000000e+01 4.140391716631e-03 9.305682676267e-02
1.862500000000e+01 4.142770799649e-03 9.313540347783e-02
1.863125000000e+01 4.145234060239e-03 9.321717199593e-02
1.863750000000e+01 4.147781866270e-03 9.330214327706e-02
1.864375000000e+01 4.150414602858e-03 9.339032873521e-02
1.865000000000e+01 4.153132672492e-03 9.348174024178e-02
1.865625000000e+01 4.155936495142e-03 9.357639012929e-02
1.866250000000e+01 4.158826508378e-03 9.367429119505e-02
1.866875000000e+01 4.161803167502e-03 9.377545670501e-02
1.867500000000e+01 4.164866945675e-03 9.387990039769e-02
1.868125000000e+01 4.168018334052e-03 9.398763648819e-02
1.868750000000e+01 4.171257841925e-03 9.409867967228e-02
1.869375000000e+01 4.174585996857e-03 9.421304513067e-02
1.870000000000e+01 4.178003344851e-03 9.433074853328e-02
1.870625000000e+01 4.181510450481e-03 9.445180604367e-02
1.871250000000e+01 4.185107897070e-03 9.457623432356e-02
1.871875000000e+01 4.188796286852e-03 9.470405053745e-02
1.872500000000e+01 4.192576241124e-03 9.483527235732e-02
1.873125000000e+01 4.196448400446e-03 9.496991796748e-02
1.873750000000e+01 4.200413424794e-03 9.510800606950e-02
1.874375000000e+01 4.204471993768e-03 9.524955588721e-02
1.875000000000e+01 4.208624806767e-03 9.539458717187e-02
1.875625000000e+01 4.212872583181e-03 9.554312020740e-02
1.876250000000e+01 4.217216062604e-03 9.569517581575e-02
1.876875000000e+01 4.221656005020e-03 9.585077536229e-02
1.877500000000e+01 4.226193191034e-03 9.600994076145e-02
1.878125000000e+01 4.230828422069e-03 9.617269448235e-02
1.878750000000e+01 4.235562520586e-03 9.633905955454e-02
1.879375000000e+01 4.240396330323e-03 9.650905957395e-02
1.880000000000e+01 4.245330716508e-03 9.668271870879e-02
1.880625000000e+01 4.250366566105e-03 9.686006170570e-02
1.881250000000e+01 4.255504788049e-03 9.704111389590e-02
1.881875000000e+01 4.260746313491e-03 9.722590120153e-02
1.882500000000e+01 4.266092096050e-03 9.741445014198e-02
1.883125000000e+01 4.271543112061e-03 9.760678784047e-02
1.883750000000e+01 4.277100360843e-03 9.780294203055e-02
1.884375000000e+01 4.282764864963e-03 9.800294106292e-02
1.885000000000e+01 4.288537670494e-03 9.820681391210e-02
1.885625000000e+01 4.294419847307e-03 9.841459018341e-02
1.886250000000e+01 4.300412489328e-03 9.862630011992e-02
1.886875000000e+01 4.306516714848e-03 9.884197460953e-02
1.887500000000e+01 4.312733666790e-03 9.906164519212e-02
1.888125000000e+01 4.319064513005e-03 9.928534406683e-02
1.888750000000e+01 4.325510446581e-03 9.951310409938e-02
1.889375000000e+01 4.332072686127e-03 9.974495882945e-02
1.890000000000e+01 4.338752476094e-03 9.998094247824e-02
1.890625000000e+01 4.345551087078e-03 1.002210899560e-01
1.891250000000e+01 4.352469816127e-03 1.004654368695e-01
1.891875000000e+01 4.359509987076e-03 1.007140195302e-01
1.892500000000e+01 4.366672950847e-03 1.009668749612e-01
1.893125000000e+01 4.373960085787e-03 1.012240409060e-01
1.893750000000e+01 4.381372797995e-03 1.014855558355e-01
1.894375000000e+01 4.388912521642e-03 1.017514589563e-01
1.895000000000e+01 4.396580719318e-03 1.020217902188e-01
1.895625000000e+01 4.404378882355e-03 1.022965903245e-01
1.896250000000e+01 4.412308531182e-03 1.025759007346e-01
1.896875000000e+01 4.420371215646e-03 1.028597636778e-01
1.897500000000e+01 4.428568515362e-03 1.031482221579e-01
1.898125000000e+01 4.436902040064e-03 1.034413199623e-01
1.898750000000e+01 4.445373429930e-03 1.037391016693e-01
1.899375000000e+01 4.453984355948e-03 1.040416126568e-01
1.900000000000e+01 4.462736520247e-03 1.043488991093e-01
1.900625000000e+01 4.471631656439e-03 1.046610080262e-01
1.901250000000e+01 4.480671529981e-03 1.049779872294e-01
1.901875000000e+01 4.489857938488e-03 1.052998853706e-01
1.902500000000e+01 4.499192712101e-03 1.056267519394e-01
1.903125000000e+01 4.508677713811e-03 1.059586372701e-01
1.903750000000e+01 4.518314839789e-03 1.062955925492e-01
1.904375000000e+01 4.528106019732e-03 1.066376698226e-01
1.905000000000e+01 4.538053217169e-03 1.069849220020e-01
1.905625000000e+01 4.548158429804e-03 1.073374028719e-01
1.906250000000e+01 4.558423689817e-03 1.076951670962e-01
1.906875000000e+01 4.568851064167e-03 1.080582702239e-01
1.907500000000e+01 4.579442654907e-03 1.084267686953e-01
1.908125000000e+01 4.590200599457e-03 1.088007198474e-01
1.908750000000e+01 4.601127070902e-03 1.091801819195e-01
1.909375000000e+01 4.612224278249e-03 1.095652140572e-01
1.910000000000e+01 4.623494466681e-03 1.099558763177e-01
1.910625000000e+01 4.634939917821e-03 1.103522296732e-01
1.911250000000e+01 4.646562949929e-03 1.107543360145e-01
1.911875000000e+01 4.658365918137e-03 1.111622581541e-01
1.912500000000e+01 4.670351214637e-03 1.115760598281e-01
1.913125000000e+01 4.682521268843e-03 1.119958056985e-01
1.913750000000e+01 4.694878547561e-03 1.124215613534e-01
1.914375000000e+01 4.707425555098e-03 1.128533933083e-01
1.915000000000e+01 4.720164833382e-03 1.132913690046e-01
1.915625000000e+01 4.733098962035e-03 1.137355568090e-01
1.916250000000e+01 4.746230558404e-03 1.141860260106e-01
1.916875000000e+01 4.759562277594e-03 1.146428468181e-01
1.917500000000e+01 4.773096812435e-03 1.151060903554e-01
1.918125000000e+01 4.786836893430e-03 1.155758286558e-01
1.918750000000e+01 4.800785288662e-03 1.160521346558e-01
1.919375000000e+01 4.814944803637e-03 1.165350821867e-01
1.920000000000e+01 4.829318281121e-03 1.170247459655e-01
1.920625000000e+01 4.843908600890e-03 1.175212015842e-01
1.921250000000e+01 4.858718679436e-03 1.180245254969e-01
1.921875000000e+01 4.873751469643e-03 1.185347950061e-01
1.922500000000e+01 4.889009960358e-03 1.190520882467e-01
1.923125000000e+01 4.904497175944e-03 1.195764841682e-01
1.923750000000e+01 4.920216175727e-03 1.201080625145e-01
1.924375000000e+01 4.936170053383e-03 1.206469038024e-01
1.925000000000e+01 4.952361936269e-03 1.211930892968e-01
1.925625000000e+01 4.968794984618e-03 1.217467009841e-01
1.926250000000e+01 4.985472390704e-03 1.223078215428e-01
1.926875000000e+01 5.002397377876e-03 1.228765343110e-01
1.927500000000e+01 5.019573199494e-03 1.234529232517e-01
1.928125000000e+01 5.037003137782e-03 1.240370729141e-01
1.928750000000e+01 5.054690502535e-03 1.246290683923e-01
1.929375000000e+01 5.072638629732e-03 1.252289952800e-01
1.930000000000e+01 5.090850880020e-03 1.258369396220e-01
1.930625000000e+01 5.109330637028e-03 1.264529878609e-01
1.931250000000e+01 5.128081305592e-03 1.270772267807e-01
1.931875000000e+01 5.147106309779e-03 1.277097434452e-01
1.932500000000e+01 5.166409090789e-03 1.283506251319e-01
1.933125000000e+01 5.185993104659e-03 1.289999592612e-01
1.933750000000e+01 5.205861819792e-03 1.296578333203e-01
1.934375000000e+01 5.226018714323e-03 1.303243347813e-01
1.935000000000e+01 5.246467273232e-03 1.309995510138e-01
1.935625000000e+01 5.267210985297e-03 1.316835691916e-01
1.936250000000e+01 5.288253339798e-03 1.323764761922e-01
1.936875000000e+01 5.309597822970e-03 1.330783584902e-01
1.937500000000e+01 5.331247914251e-03 1.337893020430e-01
1.938125000000e+01 5.353207082214e-03 1.345093921696e-01
1.938750000000e+01 5.375478780270e-03 1.352387134208e-01
1.939375000000e+01 5.398066442056e-03 1.359773494411e-01
1.940000000000e+01 5.420973476500e-03 1.367253828224e-01
1.940625000000e+01 5.444203262614e-03 1.374828949482e-01
1.941250000000e+01 5.467759143894e-03 1.382499658273e-01
1.941875000000e+01 5.491644422407e-03 1.390266739190e-01
1.942500000000e+01 5.515862352489e-03 1.398130959459e-01
1.943125000000e+01 5.540416134035e-03 1.406093066971e-01
1.943750000000e+01 5.565308905432e-03 1.414153788184e-01
1.944375000000e+01 5.590543735990e-03 1.422313825914e-01
1.945000000000e+01 5.616123618003e-03 1.430573856989e-01
1.945625000000e+01 5.642051458289e-03 1.438934529778e-01
1.946250000000e+01 5.668330069251e-03 1.447396461576e-01
1.946875000000e+01 5.694962159462e-03 1.455960235848e-01
1.947500000000e+01 5.721950323668e-03 1.464626399314e-01
1.948125000000e+01 5.749297032284e-03 1.473395458891e-01
1.948750000000e+01 5.777004620302e-03 1.482267878460e-01
1.949375000000e+01 5.805075275574e-03 1.491244075471e-01
1.950000000000e+01 5.833511026531e-03 1.500324417367e-01
1.950625000000e+01 5.862313729215e-03 1.509509217837e-01
1.951250000000e+01 5.891485053677e-03 1.518798732868e-01
1.951875000000e+01 5.921026469686e-03 1.528193156619e-01
1.952500000000e+01 5.950939231712e-03 1.537692617081e-01
1.953125000000e+01 5.981224363227e-03 1.547297171547e-01
1.953750000000e+01 6.011882640206e-03 1.557006801862e-01
1.954375000000e+01 6.042914573933e-03 1.566821409463e-01
1.955000000000e+01 6.074320392955e-03 1.576740810198e-01
1.955625000000e+01 6.106100024283e-03 1.586764728924e-01
1.956250000000e+01 6.138253073785e-03 1.596892793874e-01
1.956875000000e+01 6.170778805721e-03 1.607124530797e-01
1.957500000000e+01 6.203676121493e-03 1.617459356867e-01
1.958125000000e+01 6.236943537531e-03 1.627896574353e-01
1.958750000000e+01 6.270579162322e-03 1.638435364062e-01
1.959375000000e+01 6.304580672644e-03 1.649074778544e-01
1.960000000000e+01 6.338945288918e-03 1.659813735066e-01
1.960625000000e+01 6.373669749776e-03 1.670651008362e-01
1.961250000000e+01 6.408750285787e-03 1.681585223155e-01
1.961875000000e+01 6.444182592398e-03 1.692614846464e-01
1.962500000000e+01 6.479961802140e-03 1.703738179706e-01
1.963125000000e+01 6.516082456054e-03 1.714953350597e-01
1.963750000000e+01 6.552538474501e-03 1.726258304867e-01
1.964375000000e+01 6.589323127270e-03 1.737650797810e-01
1.965000000000e+01 6.626429003138e-03 1.749128385680e-01
1.965625000000e+01 6.663847978950e-03 1.760688416956e-01
1.966250000000e+01 6.701571188225e-03 1.772328023497e-01
1.966875000000e+01 6.739588989477e-03 1.784044111625e-01
1.967500000000e+01 6.777890934284e-03 1.795833353153e-01
1.968125000000e+01 6.816465735253e-03 1.807692176401e-01
1.968750000000e+01 6.855301234014e-03 1.819616757231e-01
1.969375000000e+01 6.894384369371e-03 1.831603010160e-01
1.970000000000e+01 6.933701145810e-03 1.843646579576e-01
1.970625000000e+01 6.973236602499e-03 1.855742831125e-01
1.971250000000e+01 7.012974782979e-03 1.867886843320e-01
1.971875000000e+01 7.052898705816e-03 1.880073399430e-01
1.972500000000e+01 7.092990336337e-03 1.892296979723e-01
1.973125000000e+01 7.133230559826e-03 1.904551754122e-01
1.973750000000e+01 7.173599156307e-03 1.916831575366e-01
1.974375000000e+01 7.214074777295e-03 1.929129972741e-01
1.975000000000e+01 7.254634924793e-03 1.941440146475e-01
1.975625000000e+01 7.295255932796e-03 1.953754962884e-01
1.976250000000e+01 7.335912951707e-03 1.966066950371e-01
1.976875000000e+01 7.376579935952e-03 1.978368296358e-01
1.977500000000e+01 7.417229635150e-03 1.990650845278e-01
1.978125000000e+01 7.457833589284e-03 2.002906097703e-01
1.978750000000e+01 7.498362128091e-03 2.015125210743e-01
1.979375000000e+01 7.538784375233e-03 2.027298999798e-01
1.980000000000e+01 7.579068257482e-03 2.039417941793e-01
1.980625000000e+01 7.619180519365e-03 2.051472179983e-01
1.981250000000e+01 7.659086743670e-03 2.063451530454e-01
1.981875000000e+01 7.698751378072e-03 2.075345490407e-01
1.982500000000e+01 7.738137768379e-03 2.087143248332e-01
1.983125000000e+01 7.777208198560e-03 2.098833696155e-01
1.983750000000e+01 7.815923937981e-03 2.110405443458e-01
1.984375000000e+01 7.854245296085e-03 2.121846833822e-01
1.985000000000e+01 7.892131684692e-03 2.133145963384e-01
1.985625000000e+01 7.929541688192e-03 2.144290701639e-01
1.986250000000e+01 7.966433141695e-03 2.155268714521e-01
1.986875000000e+01 8.002763217224e-03 2.166067489803e-01
1.987500000000e+01 8.038488518033e-03 2.176674364782e-01
1.988125000000e+01 8.073565180835e-03 2.187076556263e-01
1.988750000000e+01 8.107948985996e-03 2.197261192767e-01
1.989375000000e+01 8.141595475310e-03 2.207215348919e-01
1.990000000000e+01 8.174460077121e-03 2.216926081916e-01
1.990625000000e+01 8.206498238436e-03 2.226380469947e-01
1.991250000000e+01 8.237665563411e-03 2.235565652446e-01
1.991875000000e+01 8.267917957792e-03 2.244468871977e-01
1.992500000000e+01 8.297211778497e-03 2.253077517580e-01
1.993125000000e+01 8.325503987610e-03 2.261379169326e-01
1.993750000000e+01 8.352752309989e-03 2.269361643864e-01
1.994375000000e+01 8.378915393434e-03 2.277013040651e-01
1.995000000000e+01 8.403952970502e-03 2.284321788598e-01
1.995625000000e+01 8.427826020786e-03 2.291276692797e-01
1.996250000000e+01 8.450496932535e-03 2.297866981007e-01
1.996875000000e+01 8.471929662483e-03 2.304082349541e-01
1.997500000000e+01 8.492089892479e-03 2.309913008217e-01
1.998125000000e+01 8.510945181871e-03 2.315349723985e-01
1.998750000000e+01 8.528465114196e-03 2.320383862891e-01
1.999375000000e+01 8.544621437018e-03 2.325007429999e-01
2.000000000000e+01 8.559388193674e-03 2.329213106934e-01
2.000625000000e+01 8.572741845694e-03 2.332994286696e-01
2.001250000000e+01 8.584661384847e-03 2.336345105430e-01
2.001875000000e+01 8.595128433714e-03 2.339260470860e-01
2.002500000000e+01 8.604127333809e-03 2.341736087098e-01
2.003125000000e+01 8.611645220526e-03 2.343768475617e-01
2.003750000000e+01 8.617672084026e-03 2.345354992157e-01
2.004375000000e+01 8.622200815643e-03 2.346493839423e-01
2.005000000000e+01 8.625227239224e-03 2.347184075433e-01
2.005625000000e+01 8.626750127178e-03 2.347425617450e-01
2.006250000000e+01 8.626771201148e-03 2.347219241458e-01
2.006875000000e+01 8.625295117153e-03 2.346566577184e-01
2.007500000000e+01 8.622329435597e-03 2.345470098736e-01
2.008125000000e+01 8.617884576284e-03 2.343933110944e-01
2.008750000000e+01 8.611973759010e-03 2.341959731550e-01
2.009375000000e+01 8.604612930351e-03 2.339554869427e-01
2.010000000000e+01 8.595820677326e-03 2.336724199041e-01
2.010625000000e+01 8.585618128869e-03 2.333474131419e-01
2.011250000000e+01 8.574028846049e-03 2.329811781890e-01
2.011875000000e+01 8.561078702024e-03 2.325744934912e-01
2.012500000000e+01 8.546795753011e-03 2.321282006311e-01
2.013125000000e+01 8.531210101267e-03 2.316432003275e-01
2.013750000000e+01 8.514353751465e-03 2.311204482448e-01
2.014375000000e+01 8.496260461581e-03 2.305609506493e-01
2.015000000000e+01 8.476965589598e-03 2.299657599479e-01
2.015625000000e+01 8.456505937282e-03 2.293359701440e-01
2.016250000000e+01 8.434919592172e-03 2.286727122470e-01
2.016875000000e+01 8.412245769021e-03 2.279771496679e-01
2.017500000000e+01 8.388524651767e-03 2.272504736334e-01
2.018125000000e+01 8.363797237092e-03 2.264938986490e-01
2.018750000000e+01 8.338105180607e-03 2.257086580401e-01
2.019375000000e+01 8.311490646478e-03 2.248959995952e-01
2.020000000000e+01 8.283996161411e-03 2.240571813367e-01
2.020625000000e+01 8.255664473688e-03 2.231934674402e-01
2.021250000000e+01 8.226538417845e-03 2.223061243187e-01
2.021875000000e+01 8.196660785691e-03 2.213964168905e-01
2.022500000000e+01 8.166074203956e-03 2.204656050414e-01
2.023125000000e+01 8.134821019091e-03 2.195149402931e-01
2.023750000000e+01 8.102943189398e-03 2.185456626857e-01
2.024375000000e+01 8.070482184736e-03 2.175589978798e-01
2.025000000000e+01 8.037478893972e-03 2.165561544815e-01
2.025625000000e+01 8.003973540115e-03 2.155383215925e-01
2.026250000000e+01 7.970005603271e-03 2.145066665834e-01
2.026875000000e+01 7.935613751181e-03 2.134623330896e-01
2.027500000000e+01 7.900835777328e-03 2.124064392238e-01
2.028125000000e+01 7.865708546413e-03 2.113400760018e-01
2.028750000000e+01 7.830267946901e-03 2.102643059741e-01
2.029375000000e+01 7.794548850507e-03 2.091801620555e-01
2.030000000000e+01 7.758585078206e-03 2.080886465457e-01
2.030625000000e+01 7.722409372538e-03 2.069907303295e-01
2.031250000000e+01 7.686053375853e-03 2.058873522497e-01
2.031875000000e+01 7.649547614120e-03 2.047794186404e-01
2.032500000000e+01 7.612921486018e-03 2.036678030121e-01
2.033125000000e+01 7.576203256860e-03 2.025533458768e-01
2.033750000000e+01 7.539420057046e-03 2.014368547040e-01
2.034375000000e+01 7.502597884692e-03 2.003191039962e-01
2.035000000000e+01 7.465761612022e-03 1.992008354739e-01
2.035625000000e+01 7.428934995270e-03 1.980827583610e-01
2.036250000000e+01 7.392140687649e-03 1.969655497595e-01
2.036875000000e+01 7.355400255134e-03 1.958498551050e-01
2.037500000000e+01 7.318734194765e-03 1.947362886942e-01
2.038125000000e+01 7.282161955069e-03 1.936254342752e-01
2.038750000000e+01 7.245701958465e-03 1.925178456930e-01
2.039375000000e+01 7.209371625251e-03 1.914140475818e-01
2.040000000000e+01 7.173187398993e-03 1.903145360986e-01
2.040625000000e+01 7.137164773119e-03 1.892197796888e-01
2.041250000000e+01 7.101318318364e-03 1.881302198801e-01
2.041875000000e+01 7.065661711051e-03 1.870462720974e-01
2.042500000000e+01 7.030207761861e-03 1.859683264934e-01
2.043125000000e+01 6.994968445001e-03 1.848967487911e-01
2.043750000000e+01 6.959954927633e-03 1.838318811326e-01
2.044375000000e+01 6.925177599345e-03 1.827740429303e-01
2.045000000000e+01 6.890646101639e-03 1.817235317182e-01
2.045625000000e+01 6.856369357219e-03 1.806806239978e-01
2.046250000000e+01 6.822355599047e-03 1.796455760771e-01
2.046875000000e+01 6.788612399086e-03 1.786186249012e-01
2.047500000000e+01 6.755146696565e-03 1.775999888686e-01
2.048125000000e+01 6.721964825823e-03 1.765898686357e-01
2.048750000000e+01 6.689072543552e-03 1.755884479045e-01
2.049375000000e+01 6.656475055455e-03 1.745958941934e-01
2.050000000000e+01 6.624177042308e-03 1.736123595896e-01
2.050625000000e+01 6.592182685262e-03 1.726379814826e-01
2.051250000000e+01 6.560495690531e-03 1.716728832769e-01
2.051875000000e+01 6.529119313302e-03 1.707171750845e-01
2.052500000000e+01 6.498056380901e-03 1.697709543957e-01
2.053125000000e+01 6.467309315254e-03 1.688343067285e-01
2.053750000000e+01 6.436880154521e-03 1.679073062561e-01
2.054375000000e+01 6.406770574027e-03 1.669900164127e-01
2.055000000000e+01 6.376981906407e-03 1.660824904772e-01
2.055625000000e+01 6.347515160965e-03 1.651847721351e-01
2.056250000000e+01 6.318371042345e-03 1.642968960194e-01
2.056875000000e+01 6.289549968391e-03 1.634188882292e-01
2.057500000000e+01 6.261052087336e-03 1.625507668282e-01
2.058125000000e+01 6.232877294233e-03 1.616925423221e-01
2.058750000000e+01 6.205025246689e-03 1.608442181161e-01
2.059375000000e+01 6.177495379944e-03 1.600057909521e-01
2.060000000000e+01 6.150286921222e-03 1.591772513274e-01
2.060625000000e+01 6.123398903489e-03 1.583585838941e-01
2.061250000000e+01 6.096830178540e-03 1.575497678405e-01
2.061875000000e+01 6.070579429475e-03 1.567507772546e-01
2.062500000000e+01 6.044645182604e-03 1.559615814707e-01
2.063125000000e+01 6.019025818737e-03 1.551821453996e-01
2.063750000000e+01 5.993719583959e-03 1.544124298421e-01
2.064375000000e+01 5.968724599849e-03 1.536523917882e-01
2.065000000000e+01 5.944038873157e-03 1.529019847001e-01
2.065625000000e+01 5.919660305047e-03 1.521611587818e-01
2.066250000000e+01 5.895586699794e-03 1.514298612351e-01
2.066875000000e+01 5.871815773075e-03 1.507080365013e-01
2.067500000000e+01 5.848345159793e-03 1.499956264916e-01
2.068125000000e+01 5.825172421472e-03 1.492925708039e-01
2.068750000000e+01 5.802295053287e-03 1.485988069296e-01
2.069375000000e+01 5.779710490655e-03 1.479142704478e-01
2.070000000000e+01 5.757416115501e-03 1.472388952093e-01
2.070625000000e+01 5.735409262153e-03 1.465726135113e-01
2.071250000000e+01 5.713687222885e-03 1.459153562606e-01
2.071875000000e+01 5.692247253180e-03 1.452670531295e-01
2.072500000000e+01 5.671086576632e-03 1.446276327012e-01
2.073125000000e+01 5.650202389609e-03 1.439970226079e-01
2.073750000000e+01 5.629591865612e-03 1.433751496602e-01
2.074375000000e+01 5.609252159349e-03 1.427619399690e-01
2.075000000000e+01 5.589180410610e-03 1.421573190606e-01
2.075625000000e+01 5.569373747848e-03 1.415612119838e-01
2.076250000000e+01 5.549829291578e-03 1.409735434120e-01
2.076875000000e+01 5.530544157528e-03 1.403942377372e-01
2.077500000000e+01 5.511515459595e-03 1.398232191597e-01
2.078125000000e+01 5.492740312620e-03 1.392604117712e-01
2.078750000000e+01 5.474215834961e-03 1.387057396329e-01
2.079375000000e+01 5.455939150897e-03 1.381591268485e-01
2.080000000000e+01 5.437907392875e-03 1.376204976322e-01
2.080625000000e+01 5.420117703579e-03 1.370897763726e-01
2.081250000000e+01 5.402567237887e-03 1.365668876918e-01
2.081875000000e+01 5.385253164641e-03 1.360517565006e-01
2.082500000000e+01 5.368172668332e-03 1.355443080503e-01
2.083125000000e+01 5.351322950631e-03 1.350444679797e-01
2.083750000000e+01 5.334701231795e-03 1.345521623601e-01
2.084375000000e+01 5.318304751993e-03 1.340673177359e-01
2.085000000000e+01 5.302130772496e-03 1.335898611626e-01
2.085625000000e+01 5.286176576788e-03 1.331197202420e-01
2.086250000000e+01 5.270439471572e-03 1.326568231544e-01
2.086875000000e+01 5.254916787683e-03 1.322010986881e-01
2.087500000000e+01 5.239605880944e-03 1.317524762671e-01
2.088125000000e+01 5.224504132900e-03 1.313108859757e-01
2.088750000000e+01 5.209608951534e-03 1.308762585814e-01
2.089375000000e+01 5.194917771861e-03 1.304485255556e-01
2.090000000000e+01 5.180428056478e-03 1.300276190929e-01
2.090625000000e+01 5.166137296076e-03 1.296134721273e-01
2.091250000000e+01 5.152043009845e-03 1.292060183484e-01
2.091875000000e+01 5.138142745878e-03 1.288051922145e-01
2.092500000000e+01 5.124434081482e-03 1.284109289652e-01
2.093125000000e+01 5.110914623467e-03 1.280231646322e-01
2.093750000000e+01 5.097582008385e-03 1.276418360487e-01
2.094375000000e+01 5.084433902713e-03 1.272668808580e-01
2.095000000000e+01 5.071468003025e-03 1.268982375201e-01
2.095625000000e+01 5.058682036108e-03 1.265358453183e-01
2.096250000000e+01 5.046073759038e-03 1.261796443640e-01
2.096875000000e+01 5.033640959256e-03 1.258295756007e-01
2.097500000000e+01 5.021381454567e-03 1.254855808074e-01
2.098125000000e+01 5.009293093170e-03 1.251476026009e-01
2.098750000000e+01 4.997373753608e-03 1.248155844375e-01
2.099375000000e+01 4.985621344723e-03 1.244894706136e-01
2.100000000000e+01 4.974033805593e-03 1.241692062664e-01
2.100625000000e+01 4.962609105425e-03 1.238547373732e-01
2.101250000000e+01 4.951345243462e-03 1.235460107505e-01
2.101875000000e+01 4.940240248844e-03 1.232429740527e-01
2.102500000000e+01 4.929292180460e-03 1.229455757696e-01
2.103125000000e+01 4.918499126809e-03 1.226537652246e-01
2.103750000000e+01 4.907859205803e-03 1.223674925716e-01
2.104375000000e+01 4.897370564604e-03 1.220867087916e-01
2.105000000000e+01 4.887031379424e-03 1.218113656891e-01
2.105625000000e+01 4.876839855307e-03 1.215414158886e-01
2.106250000000e+01 4.866794225939e-03 1.212768128298e-01
2.106875000000e+01 4.856892753396e-03 1.210175107636e-01
2.107500000000e+01 4.847133727948e-03 1.207634647471e-01
2.108125000000e+01 4.837515467798e-03 1.205146306384e-01
2.108750000000e+01 4.828036318840e-03 1.202709650922e-01
2.109375000000e+01 4.818694654430e-03 1.200324255536e-01
2.110000000000e+01 4.809488875111e-03 1.197989702531e-01
2.110625000000e+01 4.800417408378e-03 1.195705582008e-01
2.111250000000e+01 4.791478708407e-03 1.193471491805e-01
2.111875000000e+01 4.782671255786e-03 1.191287037442e-01
2.112500000000e+01 4.773993557275e-03 1.189151832056e-01
2.113125000000e+01 4.765444145510e-03 1.187065496343e-01
2.113750000000e+01 4.757021578756e-03 1.185027658497e-01
2.114375000000e+01 4.748724440635e-03 1.183037954147e-01
2.115000000000e+01 4.740551339843e-03 1.181096026295e-01
2.115625000000e+01 4.732500909904e-03 1.179201525251e-01
2.116250000000e+01 4.724571808872e-03 1.177354108576e-01
2.116875000000e+01 4.716762719095e-03 1.175553441010e-01
2.117500000000e+01 4.709072346918e-03 1.173799194416e-01
2.118125000000e+01 4.701499422426e-03 1.172091047715e-01
2.118750000000e+01 4.694042699185e-03 1.170428686819e-01
2.119375000000e+01 4.686700953963e-03 1.168811804572e-01
2.120000000000e+01 4.679472986481e-03 1.167240100687e-01
2.120625000000e+01 4.672357619145e-03 1.165713281680e-01
2.121250000000e+01 4.665353696778e-03 1.164231060813e-01
2.121875000000e+01 4.658460086388e-03 1.162793158027e-01
2.122500000000e+01 4.651675676881e-03 1.161399299882e-01
2.123125000000e+01 4.644999378838e-03 1.160049219500e-01
2.123750000000e+01 4.638430124248e-03 1.158742656497e-01
2.124375000000e+01 4.631966866263e-03 1.157479356931e-01
2.125000000000e+01 4.625608578964e-03 1.156259073238e-01
2.125625000000e+01 4.619354257107e-03 1.155081564171e-01
2.126250000000e+01 4.613202915894e-03 1.153946594749e-01
2.126875000000e+01 4.607153590743e-03 1.152853936194e-01
2.127500000000e+01 4.601205337036e-03 1.151803365876e-01
2.128125000000e+01 4.595357229918e-03 1.150794667256e-01
2.128750000000e+01 4.589608364047e-03 1.149827629832e-01
2.129375000000e+01 4.583957853390e-03 1.148902049082e-01
2.130000000000e+01 4.578404831001e-03 1.148017726413e-01
2.130625000000e+01 4.572948448795e-03 1.147174469107e-01
2.131250000000e+01 4.567587877361e-03 1.146372090267e-01
2.131875000000e+01 4.562322305725e-03 1.145610408766e-01
2.132500000000e+01 4.557150941168e-03 1.144889249197e-01
2.133125000000e+01 4.552073009021e-03 1.144208441821e-01
2.133750000000e+01 4.547087752455e-03 1.143567822521e-01
2.134375000000e+01 4.542194432311e-03 1.142967232749e-01
2.135000000000e+01 4.537392326885e-03 1.142406519483e-01
2.135625000000e+01 4.532680731760e-03 1.141885535175e-01
2.136250000000e+01 4.528058959624e-03 1.141404137708e-01
2.136875000000e+01 4.523526340071e-03 1.140962190349e-01
2.137500000000e+01 4.519082219450e-03 1.140559561706e-01
2.138125000000e+01 4.514725960675e-03 1.140196125680e-01
2.138750000000e+01 4.510456943067e-03 1.139871761429e-01
2.139375000000e+01 4.506274562190e-03 1.139586353315e-01
2.140000000000e+01 4.502178229675e-03 1.139339790871e-01
2.140625000000e+01 4.498167373084e-03 1.139131968758e-01
2.141250000000e+01 4.494241435736e-03 1.138962786720e-01
2.141875000000e+01 4.490399876568e-03 1.138832149549e-01
2.142500000000e+01 4.486642169986e-03 1.138739967043e-01
2.143125000000e+01 4.482967805710e-03 1.138686153971e-01
2.143750000000e+01 4.479376288648e-03 1.138670630030e-01
2.144375000000e+01 4.475867138747e-03 1.138693319812e-01
2.145000000000e+01 4.472439890864e-03 1.138754152766e-01
2.145625000000e+01 4.469094094640e-03 1.138853063160e-01
2.146250000000e+01 4.465829314352e-03 1.138989990048e-01
2.146875000000e+01 4.462645128813e-03 1.139164877236e-01
2.147500000000e+01 4.459541131227e-03 1.139377673242e-01
2.148125000000e+01 4.456516929092e-03 1.139628331267e-01
2.148750000000e+01 4.453572144068e-03 1.139916809160e-01
2.149375000000e+01 4.450706411863e-03 1.140243069385e-01
2.150000000000e+01 4.447919382141e-03 1.140607078987e-01
2.150625000000e+01 4.445210718386e-03 1.141008809560e-01
2.151250000000e+01 4.442580097829e-03 1.141448237219e-01
2.151875000000e+01 4.440027211323e-03 1.141925342561e-01
2.152500000000e+01 4.437551763245e-03 1.142440110639e-01
2.153125000000e+01 4.435153471415e-03 1.142992530929e-01
2.153750000000e+01 4.432832066982e-03 1.143582597300e-01
2.154375000000e+01 4.430587294347e-03 1.144210307982e-01
2.155000000000e+01 4.428418911071e-03 1.144875665538e-01
2.155625000000e+01 4.426326687775e-03 1.145578676830e-01
2.156250000000e+01 4.424310408074e-03 1.146319352992e-01
2.156875000000e+01 4.422369868476e-03 1.147097709396e-01
2.157500000000e+01 4.420504878315e-03 1.147913765627e-01
2.158125000000e+01 4.418715259670e-03 1.148767545448e-01
2.158750000000e+01 4.417000847277e-03 1.149659076772e-01
2.159375000000e+01 4.415361488470e-03 1.150588391632e-01
2.160000000000e+01 4.413797043092e-03 1.151555526149e-01
2.160625000000e+01 4.412307383441e-03 1.152560520501e-01
2.161250000000e+01 4.410892394185e-03 1.153603418893e-01
2.161875000000e+01 4.409551972296e-03 1.154684269528e-01
2.162500000000e+01 4.408286026992e-03 1.155803124569e-01
2.163125000000e+01 4.407094479660e-03 1.156960040114e-01
2.163750000000e+01 4.405977263798e-03 1.158155076158e-01
2.164375000000e+01 4.404934324954e-03 1.159388296564e-01
2.165000000000e+01 4.403965620647e-03 1.160659769026e-01
2.165625000000e+01 4.403071120334e-03 1.161969565039e-01
2.166250000000e+01 4.402250805319e-03 1.163317759860e-01
2.166875000000e+01 4.401504668712e-03 1.164704432473e-01
2.167500000000e+01 4.400832715365e-03 1.166129665555e-01
2.168125000000e+01 4.400234961805e-03 1.167593545438e-01
2.168750000000e+01 4.399711436187e-03 1.169096162068e-01
2.169375000000e+01 4.399262178221e-03 1.170637608968e-01
2.170000000000e+01 4.398887239128e-03 1.172217983198e-01
2.170625000000e+01 4.398586681573e-03 1.173837385311e-01
2.171250000000e+01 4.398360579596e-03 1.175495919312e-01
2.171875000000e+01 4.398209018573e-03 1.177193692615e-01
2.172500000000e+01 4.398132095131e-03 1.178930815992e-01
2.173125000000e+01 4.398129917108e-03 1.180707403532e-01
2.173750000000e+01 4.398202603479e-03 1.182523572589e-01
2.174375000000e+01 4.398350284286e-03 1.184379443731e-01
2.175000000000e+01 4.398573100594e-03 1.186275140688e-01
2.175625000000e+01 4.398871204397e-03 1.188210790300e-01
2.176250000000e+01 4.399244758569e-03 1.190186522456e-01
2.176875000000e+01 4.399693936788e-03 1.192202470040e-01
2.177500000000e+01 4.400218923456e-03 1.194258768867e-01
2.178125000000e+01 4.400819913634e-03 1.196355557623e-01
2.178750000000e+01 4.401497112952e-03 1.198492977795e-01
2.179375000000e+01 4.402250737546e-03 1.200671173607e-01
2.180000000000e+01 4.403081013955e-03 1.202890291946e-01
2.180625000000e+01 4.403988179036e-03 1.205150482289e-01
2.181250000000e+01 4.404972479886e-03 1.207451896626e-01
2.181875000000e+01 4.406034173726e-03 1.209794689382e-01
2.182500000000e+01 4.407173527820e-03 1.212179017328e-01
2.183125000000e+01 4.408390819361e-03 1.214605039499e-01
2.183750000000e+01 4.409686335353e-03 1.217072917101e-01
2.184375000000e+01 4.411060372518e-03 1.219582813419e-01
2.185000000000e+01 4.412513237151e-03 1.222134893714e-01
2.185625000000e+01 4.414045245008e-03 1.224729325123e-01
2.186250000000e+01 4.415656721172e-03 1.227366276555e-01
2.186875000000e+01 4.417347999901e-03 1.230045918574e-01
2.187500000000e+01 4.419119424501e-03 1.232768423285e-01
2.188125000000e+01 4.420971347147e-03 1.235533964214e-01
2.188750000000e+01 4.422904128740e-03 1.238342716179e-01
2.189375000000e+01 4.424918138733e-03 1.241194855163e-01
2.190000000000e+01 4.427013754935e-03 1.244090558170e-01
2.190625000000e+01 4.429191363340e-03 1.247030003088e-01
2.191250000000e+01 4.431451357913e-03 1.250013368537e-01
2.191875000000e+01 4.433794140393e-03 1.253040833712e-01
2.192500000000e+01 4.436220120064e-03 1.256112578227e-01
2.193125000000e+01 4.438729713516e-03 1.259228781938e-01
2.193750000000e+01 4.441323344423e-03 1.262389624775e-01
2.194375000000e+01 4.444001443256e-03 1.265595286554e-01
2.195000000000e+01 4.446764447035e-03 1.268845946789e-01
2.195625000000e+01 4.449612799038e-03 1.272141784490e-01
2.196250000000e+01 4.452546948494e-03 1.275482977962e-01
2.196875000000e+01 4.455567350285e-03 1.278869704585e-01
2.197500000000e+01 4.458674464597e-03 1.282302140591e-01
2.198125000000e+01 4.461868756589e-03 1.285780460831e-01
2.198750000000e+01 4.465150696030e-03 1.289304838536e-01
2.199375000000e+01 4.468520756897e-03 1.292875445059e-01
2.200000000000e+01 4.471979417001e-03 1.296492449617e-01
2.200625000000e+01 4.475527157543e-03 1.300156019017e-01
2.201250000000e+01 4.479164462692e-03 1.303866317370e-01
2.201875000000e+01 4.482891819117e-03 1.307623505803e-01
2.202500000000e+01 4.486709715493e-03 1.311427742144e-01
2.203125000000e+01 4.490618642013e-03 1.315279180611e-01
2.203750000000e+01 4.494619089843e-03 1.319177971478e-01
2.204375000000e+01 4.498711550571e-03 1.323124260734e-01
2.205000000000e+01 4.502896515633e-03 1.327118189726e-01
2.205625000000e+01 4.507174475686e-03 1.331159894788e-01
2.206250000000e+01 4.511545920001e-03 1.335249506861e-01
2.206875000000e+01 4.516011335772e-03 1.339387151093e-01
2.207500000000e+01 4.520571207439e-03 1.343572946425e-01
2.208125000000e+01 4.525226015968e-03 1.347807005170e-01
2.208750000000e+01 4.529976238075e-03 1.352089432561e-01
2.209375000000e+01 4.534822345460e-03 1.356420326302e-01
2.210000000000e+01 4.539764803966e-03 1.360799776083e-01
2.210625000000e+01 4.544804072742e-03 1.365227863096e-01
2.211250000000e+01 4.549940603335e-03 1.369704659521e-01
2.211875000000e+01 4.555174838763e-03 1.374230228001e-01
2.212500000000e+01 4.560507212556e-03 1.378804621098e-01
2.213125000000e+01 4.565938147731e-03 1.383427880726e-01
2.213750000000e+01 4.571468055772e-03 1.388100037573e-01
2.214375000000e+01 4.577097335516e-03 1.392821110499e-01
2.215000000000e+01 4.582826372028e-03 1.397591105911e-01
2.215625000000e+01 4.588655535437e-03 1.402410017125e-01
2.216250000000e+01 4.594585179699e-03 1.407277823707e-01
2.216875000000e+01 4.600615641348e-03 1.412194490785e-01
2.217500000000e+01 4.606747238183e-03 1.417159968350e-01
2.218125000000e+01 4.612980267886e-03 1.422174190529e-01
2.218750000000e+01 4.619315006644e-03 1.427237074839e-01
2.219375000000e+01 4.625751707666e-03 1.432348521422e-01
2.220000000000e+01 4.632290599692e-03 1.437508412249e-01
2.220625000000e+01 4.638931885424e-03 1.442716610312e-01
2.221250000000e+01 4.645675739907e-03 1.447972958783e-01
2.221875000000e+01 4.652522308883e-03 1.453277280165e-01
2.222500000000e+01 4.659471707046e-03 1.458629375401e-01
2.223125000000e+01 4.666524016296e-03 1.464029022978e-01
2.223750000000e+01 4.673679283894e-03 1.469475977997e-01
2.224375000000e+01 4.680937520574e-03 1.474969971225e-01
2.225000000000e+01 4.688298698627e-03 1.480510708123e-01
2.225625000000e+01 4.695762749880e-03 1.486097867853e-01
2.226250000000e+01 4.703329563671e-03 1.491731102260e-01
2.226875000000e+01 4.710998984731e-03 1.497410034836e-01
2.227500000000e+01 4.718770811020e-03 1.503134259658e-01
2.228125000000e+01 4.726644791533e-03 1.508903340313e-01
2.228750000000e+01 4.734620624003e-03 1.514716808792e-01
2.229375000000e+01 4.742697952602e-03 1.520574164372e-01
2.230000000000e+01 4.750876365558e-03 1.526474872477e-01
2.230625000000e+01 4.759155392724e-03 1.532418363525e-01
2.231250000000e+01 4.767534503118e-03 1.538404031748e-01
2.231875000000e+01 4.776013102377e-03 1.544431234008e-01
2.232500000000e+01 4.784590530220e-03 1.550499288591e-01
2.233125000000e+01 4.793266057807e-03 1.556607473993e-01
2.233750000000e+01 4.802038885095e-03 1.562755027689e-01
2.234375000000e+01 4.810908138154e-03 1.568941144900e-01
2.235000000000e+01 4.819872866426e-03 1.575164977345e-01
2.235625000000e+01 4.828932039982e-03 1.581425631991e-01
2.236250000000e+01 4.838084546728e-03 1.587722169799e-01
2.236875000000e+01 4.847329189591e-03 1.594053604473e-01
2.237500000000e+01 4.856664683712e-03 1.600418901199e-01
2.238125000000e+01 4.866089653580e-03 1.606816975404e-01
2.238750000000e+01 4.875602630204e-03 1.613246691514e-01
2.239375000000e+01 4.885202048257e-03 1.619706861718e-01
2.240000000000e+01 4.894886243225e-03 1.626196244760e-01
2.240625000000e+01 4.904653448592e-03 1.632713544737e-01
2.241250000000e+01 4.914501793003e-03 1.639257409921e-01
2.241875000000e+01 4.924429297506e-03 1.645826431616e-01
2.242500000000e+01 4.934433872784e-03 1.652419143031e-01
2.243125000000e+01 4.944513316449e-03 1.659034018199e-01
2.243750000000e+01 4.954665310409e-03 1.665669470934e-01
2.244375000000e+01 4.964887418262e-03 1.672323853828e-01
2.245000000000e+01 4.975177082807e-03 1.678995457301e-01
2.245625000000e+01 4.985531623609e-03 1.685682508711e-01
2.246250000000e+01 4.995948234666e-03 1.692383171519e-01
2.246875000000e+01 5.006423982223e-03 1.699095544524e-01
2.247500000000e+01 5.016955802645e-03 1.705817661175e-01
2.248125000000e+01 5.027540500490e-03 1.712547488955e-01
2.248750000000e+01 5.038174746690e-03 1.719282928861e-01
2.249375000000e+01 5.048855076909e-03 1.726021814974e-01
2.250000000000e+01 5.059577890095e-03 1.732761914125e-01
2.250625000000e+01 5.070339447191e-03 1.739500925673e-01
2.251250000000e+01 5.081135870092e-03 1.746236481399e-01
2.251875000000e+01 5.091963140809e-03 1.752966145518e-01
2.252500000000e+01 5.102817100858e-03 1.759687414823e-01
2.253125000000e+01 5.113693450940e-03 1.766397718961e-01
2.253750000000e+01 5.124587750859e-03 1.773094420859e-01
2.254375000000e+01 5.135495419756e-03 1.779774817299e-01
2.255000000000e+01 5.146411736631e-03 1.786436139650e-01
2.255625000000e+01 5.157331841174e-03 1.793075554765e-01
2.256250000000e+01 5.168250734983e-03 1.799690166053e-01
2.256875000000e+01 5.179163283055e-03 1.806277014729e-01
2.257500000000e+01 5.190064215715e-03 1.812833081252e-01
2.258125000000e+01 5.200948130890e-03 1.819355286950e-01
2.258750000000e+01 5.211809496775e-03 1.825840495845e-01
2.259375000000e+01 5.222642654933e-03 1.832285516687e-01
2.260000000000e+01 5.233441823782e-03 1.838687105182e-01
2.260625000000e+01 5.244201102540e-03 1.845041966449e-01
2.261250000000e+01 5.254914475606e-03 1.851346757681e-01
2.261875000000e+01 5.265575817365e-03 1.857598091027e-01
2.262500000000e+01 5.276178897494e-03 1.863792536700e-01
2.263125000000e+01 5.286717386687e-03 1.869926626305e-01
2.263750000000e+01 5.297184862886e-03 1.875996856390e-01
2.264375000000e+01 5.307574817956e-03 1.881999692217e-01
2.265000000000e+01 5.317880664828e-03 1.887931571765e-01
2.265625000000e+01 5.328095745134e-03 1.893788909941e-01
2.266250000000e+01 5.338213337280e-03 1.899568103015e-01
2.266875000000e+01 5.348226664989e-03 1.905265533262e-01
2.267500000000e+01 5.358128906295e-03 1.910877573817e-01
2.268125000000e+01 5.367913202956e-03 1.916400593717e-01
2.268750000000e+01 5.377572670328e-03 1.921830963151e-01
2.269375000000e+01 5.387100407602e-03 1.927165058874e-01
2.270000000000e+01 5.396489508464e-03 1.932399269805e-01
2.270625000000e+01 5.405733072116e-03 1.937530002778e-01
2.271250000000e+01 5.414824214606e-03 1.942553688441e-01
2.271875000000e+01 5.423756080530e-03 1.947466787287e-01
2.272500000000e+01 5.432521854967e-03 1.952265795796e-01
2.273125000000e+01 5.441114775705e-03 1.956947252684e-01
2.273750000000e+01 5.449528145663e-03 1.961507745221e-01
2.274375000000e+01 5.457755345493e-03 1.965943915628e-01
2.275000000000e+01 5.465789846349e-03 1.970252467494e-01
2.275625000000e+01 5.473625222708e-03 1.974430172230e-01
2.276250000000e+01 5.481255165313e-03 1.978473875515e-01
2.276875000000e+01 5.488673494056e-03 1.982380503714e-01
2.277500000000e+01 5.495874170862e-03 1.986147070256e-01
2.278125000000e+01 5.502851312500e-03 1.989770681932e-01
2.278750000000e+01 5.509599203216e-03 1.993248545102e-01
2.279375000000e+01 5.516112307223e-03 1.996577971778e-01
2.280000000000e+01 5.522385280943e-03 1.999756385564e-01
2.280625000000e+01 5.528412984931e-03 2.002781327426e-01
2.281250000000e+01 5.534190495523e-03 2.005650461264e-01
2.281875000000e+01 5.539713116037e-03 2.008361579273e-01
2.282500000000e+01 5.544976387587e-03 2.010912607051e-01
2.283125000000e+01 5.549976099380e-03 2.013301608454e-01
2.283750000000e+01 5.554708298488e-03 2.015526790157e-01
2.284375000000e+01 5.559169299073e-03 2.017586505913e-01
2.285000000000e+01 5.563355690949e-03 2.019479260480e-01
2.285625000000e+01 5.567264347541e-03 2.021203713206e-01
2.286250000000e+01 5.570892433103e-03 2.022758681253e-01
2.286875000000e+01 5.574237409228e-03 2.024143142438e-01
2.287500000000e+01 5.577297040621e-03 2.025356237693e-01
2.288125000000e+01 5.580069400047e-03 2.026397273114e-01
2.288750000000e+01 5.582552872511e-03 2.027265721600e-01
2.289375000000e+01 5.584746158587e-03 2.027961224073e-01
2.290000000000e+01 5.586648276921e-03 2.028483590274e-01
2.290625000000e+01 5.588258565871e-03 2.028832799127e-01
2.291250000000e+01 5.589576684297e-03 2.029008998672e-01
2.291875000000e+01 5.590602611496e-03 2.029012505569e-01
2.292500000000e+01 5.591336646278e-03 2.028843804176e-01
2.293125000000e+01 5.591779405176e-03 2.028503545203e-01
2.293750000000e+01 5.591931819856e-03 2.027992543950e-01
2.294375000000e+01 5.591795133657e-03 2.027311778139e-01
2.295000000000e+01 5.591370897379e-03 2.026462385353e-01
2.295625000000e+01 5.590660964247e-03 2.025445660090e-01
2.296250000000e+01 5.589667484136e-03 2.024263050447e-01
2.296875000000e+01 5.588392897099e-03 2.022916154457e-01
2.297500000000e+01 5.586839926164e-03 2.021406716087e-01
2.298125000000e+01 5.585011569520e-03 2.019736620924e-01
2.298750000000e+01 5.582911092062e-03 2.017907891564e-01
2.299375000000e+01 5.580542016367e-03 2.015922682726e-01
2.300000000000e+01 5.577908113176e-03 2.013783276121e-01
2.300625000000e+01 5.575013391336e-03 2.011492075080e-01
2.301250000000e+01 5.571862087364e-03 2.009051598991e-01
2.301875000000e+01 5.568458654590e-03 2.006464477546e-01
2.302500000000e+01 5.564807751959e-03 2.003733444835e-01
2.303125000000e+01 5.560914232574e-03 2.000861333302e-01
2.303750000000e+01 5.556783131947e-03 1.997851067602e-01
2.304375000000e+01 5.552419656119e-03 1.994705658364e-01
2.305000000000e+01 5.547829169571e-03 1.991428195903e-01
2.305625000000e+01 5.543017183071e-03 1.988021843887e-01
2.306250000000e+01 5.537989341481e-03 1.984489832993e-01
2.306875000000e+01 5.532751411514e-03 1.980835454573e-01
2.307500000000e+01 5.527309269573e-03 1.977062054343e-01
2.308125000000e+01 5.521668889632e-03 1.973173026127e-01
2.308750000000e+01 5.515836331240e-03 1.969171805666e-01
2.309375000000e+01 5.509817727714e-03 1.965061864514e-01
2.310000000000e+01 5.503619274449e-03 1.960846704037e-01
2.310625000000e+01 5.497247217526e-03 1.956529849534e-01
2.311250000000e+01 5.490707842522e-03 1.952114844493e-01
2.311875000000e+01 5.484007463613e-03 1.947605244989e-01
2.312500000000e+01 5.477152412999e-03 1.943004614247e-01
2.313125000000e+01 5.470149030626e-03 1.938316517379e-01
2.313750000000e+01 5.463003654284e-03 1.933544516293e-01
2.314375000000e+01 5.455722610070e-03 1.928692164801e-01
2.315000000000e+01 5.448312203194e-03 1.923763003918e-01
2.315625000000e+01 5.440778709245e-03 1.918760557364e-01
2.316250000000e+01 5.433128365800e-03 1.913688327278e-01
2.316875000000e+01 5.425367364496e-03 1.908549790141e-01
2.317500000000e+01 5.417501843489e-03 1.903348392911e-01
2.318125000000e+01 5.409537880341e-03 1.898087549380e-01
2.318750000000e+01 5.401481485371e-03 1.892770636741e-01
2.319375000000e+01 5.393338595360e-03 1.887400992382e-01
2.320000000000e+01 5.385115067758e-03 1.881981910882e-01
2.320625000000e+01 5.376816675264e-03 1.876516641235e-01
2.321250000000e+01 5.368449100828e-03 1.871008384275e-01
2.321875000000e+01 5.360017933092e-03 1.865460290315e-01
2.322500000000e+01 5.351528662190e-03 1.859875456990e-01
2.323125000000e+01 5.342986675986e-03 1.854256927296e-01
2.323750000000e+01 5.334397256678e-03 1.848607687829e-01
2.324375000000e+01 5.325765577750e-03 1.842930667209e-01
2.325000000000e+01 5.317096701345e-03 1.837228734695e-01
2.325625000000e+01 5.308395575933e-03 1.831504698970e-01
2.326250000000e+01 5.299667034354e-03 1.825761307101e-01
2.326875000000e+01 5.290915792172e-03 1.820001243666e-01
2.327500000000e+01 5.282146446328e-03 1.814227130037e-01
2.328125000000e+01 5.273363474133e-03 1.808441523814e-01
2.328750000000e+01 5.264571232483e-03 1.802646918402e-01
2.329375000000e+01 5.255773957402e-03 1.796845742732e-01
2.330000000000e+01 5.246975763811e-03 1.791040361105e-01
2.330625000000e+01 5.238180645534e-03 1.785233073163e-01
2.331250000000e+01 5.229392475559e-03 1.779426113971e-01
2.331875000000e+01 5.220615006475e-03 1.773621654220e-01
2.332500000000e+01 5.211851871148e-03 1.767821800516e-01
2.333125000000e+01 5.203106583562e-03 1.762028595781e-01
2.333750000000e+01 5.194382539818e-03 1.756244019731e-01
2.334375000000e+01 5.185683019337e-03 1.750469989442e-01
2.335000000000e+01 5.177011186165e-03 1.744708359995e-01
2.335625000000e+01 5.168370090449e-03 1.738960925182e-01
2.336250000000e+01 5.159762670017e-03 1.733229418288e-01
2.336875000000e+01 5.151191752068e-03 1.727515512924e-01
2.337500000000e+01 5.142660054991e-03 1.721820823916e-01
2.338125000000e+01 5.134170190231e-03 1.716146908243e-01
2.338750000000e+01 5.125724664291e-03 1.710495266015e-01
2.339375000000e+01 5.117325880755e-03 1.704867341494e-01
2.340000000000e+01 5.108976142392e-03 1.699264524142e-01
2.340625000000e+01 5.100677653340e-03 1.693688149708e-01
2.341250000000e+01 5.092432521285e-03 1.688139501329e-01
2.341875000000e+01 5.084242759726e-03 1.682619810663e-01
2.342500000000e+01 5.076110290252e-03 1.677130259032e-01
2.343125000000e+01 5.068036944817e-03 1.671671978582e-01
2.343750000000e+01 5.060024468084e-03 1.666246053453e-01
2.344375000000e+01 5.052074519736e-03 1.660853520961e-01
2.345000000000e+01 5.044188676819e-03 1.655495372779e-01
2.345625000000e+01 5.036368436077e-03 1.650172556121e-01
2.346250000000e+01 5.028615216269e-03 1.644885974935e-01
2.346875000000e+01 5.020930360510e-03 1.639636491076e-01
2.347500000000e+01 5.013315138555e-03 1.634424925495e-01
2.348125000000e+01 5.005770749122e-03 1.629252059402e-01
2.348750000000e+01 4.998298322137e-03 1.624118635437e-01
2.349375000000e+01 4.990898920982e-03 1.619025358819e-01
2.350000000000e+01 4.983573544739e-03 1.613972898491e-01
2.350625000000e+01 4.976323130356e-03 1.608961888247e-01
2.351250000000e+01 4.969148554827e-03 1.603992927848e-01
2.351875000000e+01 4.962050637312e-03 1.599066584123e-01
2.352500000000e+01 4.955030141230e-03 1.594183392050e-01
2.353125000000e+01 4.948087776317e-03 1.589343855825e-01
2.353750000000e+01 4.941224200638e-03 1.584548449909e-01
2.354375000000e+01 4.934440022574e-03 1.579797620059e-01
2.355000000000e+01 4.927735802756e-03 1.575091784337e-01
2.355625000000e+01 4.921112055955e-03 1.570431334104e-01
2.356250000000e+01 4.914569252950e-03 1.565816634989e-01
2.356875000000e+01 4.908107822323e-03 1.561248027838e-01
2.357500000000e+01 4.901728152250e-03 1.556725829650e-01
2.358125000000e+01 4.895430592207e-03 1.552250334480e-01
2.358750000000e+01 4.889215454656e-03 1.547821814329e-01
2.359375000000e+01 4.883083016698e-03 1.543440520013e-01
2.360000000000e+01 4.877033521650e-03 1.539106682006e-01
2.360625000000e+01 4.871067180611e-03 1.534820511267e-01
2.361250000000e+01 4.865184173972e-03 1.530582200044e-01
2.361875000000e+01 4.859384652865e-03 1.526391922654e-01
2.362500000000e+01 4.853668740621e-03 1.522249836248e-01
2.363125000000e+01 4.848036534117e-03 1.518156081551e-01
2.363750000000e+01 4.842488105146e-03 1.514110783583e-01
2.364375000000e+01 4.837023501706e-03 1.510114052362e-01
2.365000000000e+01 4.831642749256e-03 1.506165983580e-01
2.365625000000e+01 4.826345851956e-03 1.502266659271e-01
2.366250000000e+01 4.821132793827e-03 1.498416148445e-01
2.366875000000e+01 4.816003539922e-03 1.494614507719e-01
2.367500000000e+01 4.810958037414e-03 1.490861781915e-01
2.368125000000e+01 4.805996216670e-03 1.487158004647e-01
2.368750000000e+01 4.801117992299e-03 1.483503198893e-01
2.369375000000e+01 4.796323264137e-03 1.479897377537e-01
2.370000000000e+01 4.791611918227e-03 1.476340543911e-01
2.370625000000e+01 4.786983827750e-03 1.472832692303e-01
2.371250000000e+01 4.782438853909e-03 1.469373808462e-01
2.371875000000e+01 4.777976846833e-03 1.465963870076e-01
2.372500000000e+01 4.773597646377e-03 1.462602847244e-01
2.373125000000e+01 4.769301082959e-03 1.459290702926e-01
2.373750000000e+01 4.765086978328e-03 1.456027393381e-01
2.374375000000e+01 4.760955146311e-03 1.452812868586e-01
2.375000000000e+01 4.756905393550e-03 1.449647072651e-01
2.375625000000e+01 4.752937520184e-03 1.446529944205e-01
2.376250000000e+01 4.749051320530e-03 1.443461416784e-01
2.376875000000e+01 4.745246583733e-03 1.440441419196e-01
2.377500000000e+01 4.741523094370e-03 1.437469875876e-01
2.378125000000e+01 4.737880633067e-03 1.434546707228e-01
2.378750000000e+01 4.734318977062e-03 1.431671829961e-01
2.379375000000e+01 4.730837900766e-03 1.428845157400e-01
2.380000000000e+01 4.727437176295e-03 1.426066599801e-01
2.380625000000e+01 4.724116573969e-03 1.423336064647e-01
2.381250000000e+01 4.720875862828e-03 1.420653456931e-01
2.381875000000e+01 4.717714811077e-03 1.418018679436e-01
2.382500000000e+01 4.714633186560e-03 1.415431633002e-01
2.383125000000e+01 4.711630757191e-03 1.412892216779e-01
2.383750000000e+01 4.708707291362e-03 1.410400328478e-01
2.384375000000e+01 4.705862558368e-03 1.407955864611e-01
2.385000000000e+01 4.703096328768e-03 1.405558720716e-01
2.385625000000e+01 4.700408374773e-03 1.403208791586e-01
2.386250000000e+01 4.697798470607e-03 1.400905971474e-01
2.386875000000e+01 4.695266392824e-03 1.398650154309e-01
2.387500000000e+01 4.692811920666e-03 1.396441233886e-01
2.388125000000e+01 4.690434836355e-03 1.394279104062e-01
2.388750000000e+01 4.688134925414e-03 1.392163658940e-01
2.389375000000e+01 4.685911976949e-03 1.390094793045e-01
2.390000000000e+01 4.683765783921e-03 1.388072401496e-01
2.390625000000e+01 4.681696143438e-03 1.386096380172e-01
2.391250000000e+01 4.679702856982e-03 1.384166625868e-01
2.391875000000e+01 4.677785730681e-03 1.382283036453e-01
2.392500000000e+01 4.675944575534e-03 1.380445511013e-01
2.393125000000e+01 4.674179207642e-03 1.378653949998e-01
2.393750000000e+01 4.672489448431e-03 1.376908255354e-01
2.394375000000e+01 4.670875124855e-03 1.375208330660e-01
2.395000000000e+01 4.669336069608e-03 1.373554081253e-01
2.395625000000e+01 4.667872121322e-03 1.371945414354e-01
2.396250000000e+01 4.666483124733e-03 1.370382239182e-01
2.396875000000e+01 4.665168930891e-03 1.368864467073e-01
2.397500000000e+01 4.663929397309e-03 1.367392011592e-01
2.398125000000e+01 4.662764388149e-03 1.365964788632e-01
2.398750000000e+01 4.661673774377e-03 1.364582716527e-01
2.399375000000e+01 4.660657433911e-03 1.363245716146e-01
2.400000000000e+01 4.659715251787e-03 1.361953710990e-01
2.400625000000e+01 4.658847120292e-03 1.360706627287e-01
2.401250000000e+01 4.658052939111e-03 1.359504394081e-01
2.401875000000e+01 4.657332615462e-03 1.358346943319e-01
2.402500000000e+01 4.656686064220e-03 1.357234209938e-01
2.403125000000e+01 4.656113208059e-03 1.356166131943e-01
2.403750000000e+01 4.655613977561e-03 1.355142650489e-01
2.404375000000e+01 4.655188311344e-03 1.354163709960e-01
2.405000000000e+01 4.654836156186e-03 1.353229258037e-01
2.405625000000e+01 4.654557467114e-03 1.352339245779e-01
2.406250000000e+01 4.654352207543e-03 1.351493627686e-01
2.406875000000e+01 4.654220349361e-03 1.350692361775e-01
2.407500000000e+01 4.654161873049e-03 1.349935409640e-01
2.408125000000e+01 4.654176767779e-03 1.349222736519e-01
2.408750000000e+01 4.654265031508e-03 1.348554311363e-01
2.409375000000e+01 4.654426671090e-03 1.347930106889e-01
2.410000000000e+01 4.654661702352e-03 1.347350099646e-01
2.410625000000e+01 4.654970150216e-03 1.346814270073e-01
2.411250000000e+01 4.655352048770e-03 1.346322602557e-01
2.411875000000e+01 4.655807441363e-03 1.345875085489e-01
2.412500000000e+01 4.656336380708e-03 1.345471711318e-01
2.413125000000e+01 4.656938928956e-03 1.345112476608e-01
2.413750000000e+01 4.657615157796e-03 1.344797382091e-01
2.414375000000e+01 4.658365148536e-03 1.344526432719e-01
2.415000000000e+01 4.659188992191e-03 1.344299637713e-01
2.415625000000e+01 4.660086789572e-03 1.344117010620e-01
2.416250000000e+01 4.661058651364e-03 1.343978569358e-01
2.416875000000e+01 4.662104698222e-03 1.343884336265e-01
2.417500000000e+01 4.663225060849e-03 1.343834338154e-01
2.418125000000e+01 4.664419880076e-03 1.343828606355e-01
2.418750000000e+01 4.665689306961e-03 1.343867176767e-01
2.419375000000e+01 4.667033502853e-03 1.343950089902e-01
2.420000000000e+01 4.668452639500e-03 1.344077390935e-01
2.420625000000e+01 4.669946899118e-03 1.344249129752e-01
2.421250000000e+01 4.671516474473e-03 1.344465360990e-01
2.421875000000e+01 4.673161568982e-03 1.344726144091e-01
2.422500000000e+01 4.674882396780e-03 1.345031543344e-01
2.423125000000e+01 4.676679182821e-03 1.345381627930e-01
2.423750000000e+01 4.678552162960e-03 1.345776471972e-01
2.424375000000e+01 4.680501584029e-03 1.346216154575e-01
2.425000000000e+01 4.682527703948e-03 1.346700759877e-01
2.425625000000e+01 4.684630791784e-03 1.347230377091e-01
2.426250000000e+01 4.686811127866e-03 1.347805100552e-01
2.426875000000e+01 4.689069003861e-03 1.348425029763e-01
2.427500000000e+01 4.691404722864e-03 1.349090269440e-01
2.428125000000e+01 4.693818599497e-03 1.349800929559e-01
2.428750000000e+01 4.696310959991e-03 1.350557125399e-01
2.429375000000e+01 4.698882142294e-03 1.351358977593e-01
2.430000000000e+01 4.701532496151e-03 1.352206612169e-01
2.430625000000e+01 4.704262383200e-03 1.353100160601e-01
2.431250000000e+01 4.707072177081e-03 1.354039759853e-01
2.431875000000e+01 4.709962263513e-03 1.355025552426e-01
2.432500000000e+01 4.712933040412e-03 1.356057686406e-01
2.433125000000e+01 4.715984917980e-03 1.357136315512e-01
2.433750000000e+01 4.719118318798e-03 1.358261599141e-01
2.434375000000e+01 4.722333677950e-03 1.359433702421e-01
2.435000000000e+01 4.725631443095e-03 1.360652796251e-01
2.435625000000e+01 4.729012074592e-03 1.361919057359e-01
2.436250000000e+01 4.732476045602e-03 1.363232668344e-01
2.436875000000e+01 4.736023842177e-03 1.364593817727e-01
2.437500000000e+01 4.739655963391e-03 1.366002700001e-01
2.438125000000e+01 4.743372921421e-03 1.367459515681e-01
2.438750000000e+01 4.747175241675e-03 1.368964471351e-01
2.439375000000e+01 4.751063462897e-03 1.370517779719e-01
2.440000000000e+01 4.755038137262e-03 1.372119659663e-01
2.440625000000e+01 4.759099830510e-03 1.373770336285e-01
2.441250000000e+01 4.763249122032e-03 1.375470040958e-01
2.441875000000e+01 4.767486605005e-03 1.377219011382e-01
2.442500000000e+01 4.771812886493e-03 1.379017491633e-01
2.443125000000e+01 4.776228587552e-03 1.380865732213e-01
2.443750000000e+01 4.780734343368e-03 1.382763990106e-01
2.444375000000e+01 4.785330803341e-03 1.384712528825e-01
2.445000000000e+01 4.790018631225e-03 1.386711618468e-01
2.445625000000e+01 4.794798505229e-03 1.388761535768e-01
2.446250000000e+01 4.799671118127e-03 1.390862564145e-01
2.446875000000e+01 4.804637177392e-03 1.393014993760e-01
2.447500000000e+01 4.809697405286e-03 1.395219121566e-01
2.448125000000e+01 4.814852538993e-03 1.397475251357e-01
2.448750000000e+01 4.820103330731e-03 1.399783693826e-01
2.449375000000e+01 4.825450547848e-03 1.402144766612e-01
2.450000000000e+01 4.830894972958e-03 1.404558794353e-01
2.450625000000e+01 4.836437404031e-03 1.407026108738e-01
2.451250000000e+01 4.842078654522e-03 1.409547048554e-01
2.451875000000e+01 4.847819553471e-03 1.412121959741e-01
2.452500000000e+01 4.853660945601e-03 1.414751195439e-01
2.453125000000e+01 4.859603691451e-03 1.417435116037e-01
2.453750000000e+01 4.865648667449e-03 1.420174089223e-01
2.454375000000e+01 4.871796766034e-03 1.422968490030e-01
2.455000000000e+01 4.878048895752e-03 1.425818700883e-01
2.455625000000e+01 4.884405981340e-03 1.428725111645e-01
2.456250000000e+01 4.890868963840e-03 1.431688119663e-01
2.456875000000e+01 4.897438800666e-03 1.434708129806e-01
2.457500000000e+01 4.904116465709e-03 1.437785554513e-01
2.458125000000e+01 4.910902949418e-03 1.440920813830e-01
2.458750000000e+01 4.917799258857e-03 1.444114335450e-01
2.459375000000e+01 4.924806417805e-03 1.447366554749e-01
2.460000000000e+01 4.931925466799e-03 1.450677914819e-01
2.460625000000e+01 4.939157463217e-03 1.454048866505e-01
2.461250000000e+01 4.946503481319e-03 1.457479868432e-01
2.461875000000e+01 4.953964612299e-03 1.460971387033e-01
2.462500000000e+01 4.961541964327e-03 1.464523896576e-01
2.463125000000e+01 4.969236662586e-03 1.468137879183e-01
2.463750000000e+01 4.977049849290e-03 1.471813824852e-01
2.464375000000e+01 4.984982683707e-03 1.475552231468e-01
2.465000000000e+01 4.993036342155e-03 1.479353604820e-01
2.465625000000e+01 5.001212018014e-03 1.483218458604e-01
2.466250000000e+01 5.009510921689e-03 1.487147314428e-01
2.466875000000e+01 5.017934280602e-03 1.491140701814e-01
2.467500000000e+01 5.026483339150e-03 1.495199158184e-01
2.468125000000e+01 5.035159358634e-03 1.499323228856e-01
2.468750000000e+01 5.043963617214e-03 1.503513467025e-01
2.469375000000e+01 5.052897409803e-03 1.507770433738e-01
2.470000000000e+01 5.061962047989e-03 1.512094697867e-01
2.470625000000e+01 5.071158859907e-03 1.516486836071e-01
2.471250000000e+01 5.080489190093e-03 1.520947432755e-01
2.471875000000e+01 5.089954399353e-03 1.525477080017e-01
2.472500000000e+01 5.099555864558e-03 1.530076377590e-01
2.473125000000e+01 5.109294978476e-03 1.534745932772e-01
2.473750000000e+01 5.119173149525e-03 1.539486360355e-01
2.474375000000e+01 5.129191801530e-03 1.544298282529e-01
2.475000000000e+01 5.139352373466e-03 1.549182328794e-01
2.475625000000e+01 5.149656319133e-03 1.554139135845e-01
2.476250000000e+01 5.160105106845e-03 1.559169347456e-01
2.476875000000e+01 5.170700219059e-03 1.564273614347e-01
2.477500000000e+01 5.181443151977e-03 1.569452594039e-01
2.478125000000e+01 5.192335415123e-03 1.574706950693e-01
2.478750000000e+01 5.203378530868e-03 1.580037354942e-01
2.479375000000e+01 5.214574033930e-03 1.585444483694e-01
2.480000000000e+01 5.225923470831e-03 1.590929019933e-01
2.480625000000e+01 5.237428399291e-03 1.596491652497e-01
2.481250000000e+01 5.249090387610e-03 1.602133075830e-01
2.481875000000e+01 5.260911013968e-03 1.607853989732e-01
2.482500000000e+01 5.272891865707e-03 1.613655099070e-01
2.483125000000e+01 5.285034538532e-03 1.619537113485e-01
2.483750000000e+01 5.297340635659e-03 1.625500747060e-01
2.484375000000e+01 5.309811766933e-03 1.631546717979e-01
2.485000000000e+01 5.322449547837e-03 1.637675748150e-01
2.485625000000e+01 5.335255598483e-03 1.643888562809e-01
2.486250000000e+01 5.348231542501e-03 1.650185890094e-01
2.486875000000e+01 5.361379005859e-03 1.656568460585e-01
2.487500000000e+01 5.374699615639e-03 1.663037006824e-01
2.488125000000e+01 5.388194998676e-03 1.669592262792e-01
2.488750000000e+01 5.401866780175e-03 1.676234963360e-01
2.489375000000e+01 5.415716582201e-03 1.682965843700e-01
2.490000000000e+01 5.429746022076e-03 1.689785638661e-01
2.490625000000e+01 5.443956710716e-03 1.696695082102e-01
2.491250000000e+01 5.458350250813e-03 1.703694906192e-01
2.491875000000e+01 5.472928234972e-03 1.710785840661e-01
2.492500000000e+01 5.487692243679e-03 1.717968612002e-01
2.493125000000e+01 5.502643843187e-03 1.725243942637e-01
2.493750000000e+01 5.517784583285e-03 1.732612550023e-01
2.494375000000e+01 5.533115994905e-03 1.740075145711e-01
2.495000000000e+01 5.548639587647e-03 1.747632434352e-01
2.495625000000e+01 5.564356847120e-03 1.755285112641e-01
2.496250000000e+01 5.580269232156e-03 1.763033868208e-01
2.496875000000e+01 5.596378171894e-03 1.770879378442e-01
2.497500000000e+01 5.612685062659e-03 1.778822309252e-01
2.498125000000e+01 5.629191264729e-03 1.786863313763e-01
2.498750000000e+01 5.645898098899e-03 1.795003030936e-01
2.499375000000e+01 5.662806842866e-03 1.803242084119e-01
2.500000000000e+01 5.679918727463e-03 1.811581079522e-01
2.500625000000e+01 5.697234932645e-03 1.820020604605e-01
2.501250000000e+01 5.714756583347e-03 1.828561226395e-01
2.501875000000e+01 5.732484745065e-03 1.837203489704e-01
2.502500000000e+01 5.750420419257e-03 1.845947915268e-01
2.503125000000e+01 5.768564538537e-03 1.854794997785e-01
2.503750000000e+01 5.786917961590e-03 1.863745203862e-01
2.504375000000e+01 5.805481467907e-03 1.872798969856e-01
2.505000000000e+01 5.824255752227e-03 1.881956699620e-01
2.505625000000e+01 5.843241418735e-03 1.891218762131e-01
2.506250000000e+01 5.862438975034e-03 1.900585489017e-01
2.506875000000e+01 5.881848825778e-03 1.910057171963e-01
2.507500000000e+01 5.901471266098e-03 1.919634059998e-01
2.508125000000e+01 5.921306474697e-03 1.929316356669e-01
2.508750000000e+01 5.941354506659e-03 1.939104217080e-01
2.509375000000e+01 5.961615285979e-03 1.948997744806e-01
2.510000000000e+01 5.982088597753e-03 1.958996988674e-01
2.510625000000e+01 6.002774080084e-03 1.969101939415e-01
2.511250000000e+01 6.023671215656e-03 1.979312526165e-01
2.511875000000e+01 6.044779322965e-03 1.989628612837e-01
2.512500000000e+01 6.066097547253e-03 2.000049994339e-01
2.513125000000e+01 6.087624851078e-03 2.010576392655e-01
2.513750000000e+01 6.109360004566e-03 2.021207452769e-01
2.514375000000e+01 6.131301575314e-03 2.031942738443e-01
2.515000000000e+01 6.153447917932e-03 2.042781727841e-01
2.515625000000e+01 6.175797163298e-03 2.053723809002e-01
2.516250000000e+01 6.198347207389e-03 2.064768275157e-01
2.516875000000e+01 6.221095699853e-03 2.075914319892e-01
2.517500000000e+01 6.244040032197e-03 2.087161032163e-01
2.518125000000e+01 6.267177325651e-03 2.098507391154e-01
2.518750000000e+01 6.290504418744e-03 2.109952260986e-01
2.519375000000e+01 6.314017854511e-03 2.121494385283e-01
2.520000000000e+01 6.337713867459e-03 2.133132381589e-01
2.520625000000e+01 6.361588370220e-03 2.144864735656e-01
2.521250000000e+01 6.385636939915e-03 2.156689795587e-01
2.521875000000e+01 6.409854804328e-03 2.168605765867e-01
2.522500000000e+01 6.434236827798e-03 2.180610701266e-01
2.523125000000e+01 6.458777496960e-03 2.192702500644e-01
2.523750000000e+01 6.483470906298e-03 2.204878900650e-01
2.524375000000e+01 6.508310743559e-03 2.217137469349e-01
2.525000000000e+01 6.533290275112e-03 2.229475599769e-01
2.525625000000e+01 6.558402331214e-03 2.241890503402e-01
2.526250000000e+01 6.583639291309e-03 2.254379203671e-01
2.526875000000e+01 6.608993069366e-03 2.266938529375e-01
2.527500000000e+01 6.634455099316e-03 2.279565108152e-01
2.528125000000e+01 6.660016320693e-03 2.292255359968e-01
2.528750000000e+01 6.685667164477e-03 2.305005490663e-01
2.529375000000e+01 6.711397539294e-03 2.317811485594e-01
2.530000000000e+01 6.737196817988e-03 2.330669103386e-01
2.530625000000e+01 6.763053824664e-03 2.343573869851e-01
2.531250000000e+01 6.788956822347e-03 2.356521072082e-01
2.531875000000e+01 6.814893501265e-03 2.369505752793e-01
2.532500000000e+01 6.840850967961e-03 2.382522704920e-01
2.533125000000e+01 6.866815735251e-03 2.395566466545e-01
2.533750000000e+01 6.892773713196e-03 2.408631316185e-01
2.534375000000e+01 6.918710201233e-03 2.421711268490e-01
2.535000000000e+01 6.944609881499e-03 2.434800070417e-01
2.535625000000e+01 6.970456813622e-03 2.447891197921e-01
2.536250000000e+01 6.996234430958e-03 2.460977853224e-01
2.536875000000e+01 7.021925538533e-03 2.474052962728e-01
2.537500000000e+01 7.047512312811e-03 2.487109175623e-01
2.538125000000e+01 7.072976303374e-03 2.500138863257e-01
2.538750000000e+01 7.098298436755e-03 2.513134119341e-01
2.539375000000e+01 7.123459022498e-03 2.526086761029e-01
2.540000000000e+01 7.148437761634e-03 2.538988330964e-01
2.540625000000e+01 7.173213757717e-03 2.551830100345e-01
2.541250000000e+01 7.197765530534e-03 2.564603073070e-01
2.541875000000e+01 7.222071032698e-03 2.577297991032e-01
2.542500000000e+01 7.246107669170e-03 2.589905340619e-01
2.543125000000e+01 7.269852319885e-03 2.602415360481e-01
2.543750000000e+01 7.293281365627e-03 2.614818050616e-01
2.544375000000e+01 7.316370717159e-03 2.627103182827e-01
2.545000000000e+01 7.339095847828e-03 2.639260312593e-01
2.545625000000e+01 7.361431829579e-03 2.651278792393e-01
2.546250000000e+01 7.383353372547e-03 2.663147786522e-01
2.546875000000e+01 7.404834868208e-03 2.674856287410e-01
2.547500000000e+01 7.425850436092e-03 2.686393133474e-01
2.548125000000e+01 7.446373974079e-03 2.697747028496e-01
2.548750000000e+01 7.466379212217e-03 2.708906562537e-01
2.549375000000e+01 7.485839769967e-03 2.719860234352e-01
2.550000000000e+01 7.504729216868e-03 2.730596475295e-01
2.550625000000e+01 7.523021136337e-03 2.741103674664e-01
2.551250000000e+01 7.540689192623e-03 2.751370206432e-01
2.551875000000e+01 7.557707200557e-03 2.761384457295e-01
2.552500000000e+01 7.574049197942e-03 2.771134855958e-01
2.553125000000e+01 7.589689520345e-03 2.780609903552e-01
2.553750000000e+01 7.604602877876e-03 2.789798205083e-01
2.554375000000e+01 7.618764433772e-03 2.798688501767e-01
2.555000000000e+01 7.632149884255e-03 2.807269704135e-01
2.555625000000e+01 7.644735539378e-03 2.815530925723e-01
2.556250000000e+01 7.656498404412e-03 2.823461517206e-01
2.556875000000e+01 7.667416261248e-03 2.831051100780e-01
2.557500000000e+01 7.677467749446e-03 2.838289604604e-01
2.558125000000e+01 7.686632446331e-03 2.845167297110e-01
2.558750000000e+01 7.694890945672e-03 2.851674820960e-01
2.559375000000e+01 7.702224934472e-03 2.857803226449e-01
2.560000000000e+01 7.708617267188e-03 2.863544004125e-01
2.560625000000e+01 7.714052037054e-03 2.868889116417e-01
2.561250000000e+01 7.718514643832e-03 2.873831028047e-01
2.561875000000e+01 7.721991857527e-03 2.878362735003e-01
2.562500000000e+01 7.724471877637e-03 2.882477791876e-01
2.563125000000e+01 7.725944387341e-03 2.886170337352e-01
2.563750000000e+01 7.726400602347e-03 2.889435117650e-01
2.564375000000e+01 7.725833313840e-03 2.892267507762e-01
2.565000000000e+01 7.724236925261e-03 2.894663530280e-01
2.565625000000e+01 7.721607482616e-03 2.896619871714e-01
2.566250000000e+01 7.717942697933e-03 2.898133896118e-01
2.566875000000e+01 7.713241965805e-03 2.899203655960e-01
2.567500000000e+01 7.707506372721e-03 2.899827900114e-01
2.568125000000e+01 7.700738699153e-03 2.900006078927e-01
2.568750000000e+01 7.692943414403e-03 2.899738346319e-01
2.569375000000e+01 7.684126664075e-03 2.899025558890e-01
2.570000000000e+01 7.674296250457e-03 2.897869272051e-01
2.570625000000e+01 7.663461605785e-03 2.896271733211e-01
2.571250000000e+01 7.651633758656e-03 2.894235872070e-01
2.571875000000e+01 7.638825293882e-03 2.891765288113e-01
2.572500000000e+01 7.625050305987e-03 2.888864235391e-01
2.573125000000e+01 7.610324346821e-03 2.885537604726e-01
2.573750000000e+01 7.594664367601e-03 2.881790903473e-01
2.574375000000e+01 7.578088655819e-03 2.877630233008e-01
2.575000000000e+01 7.560616767587e-03 2.873062264117e-01
2.575625000000e+01 7.542269455756e-03 2.868094210462e-01
2.576250000000e+01 7.523068594488e-03 2.862733800347e-01
2.576875000000e+01 7.503037100700e-03 2.856989246967e-01
2.577500000000e+01 7.482198852957e-03 2.850869217378e-01
2.578125000000e+01 7.460578608432e-03 2.844382800379e-01
2.578750000000e+01 7.438201918325e-03 2.837539473556e-01
2.579375000000e+01 7.415095042451e-03 2.830349069673e-01
2.580000000000e+01 7.391284863393e-03 2.822821742656e-01
2.580625000000e+01 7.366798800780e-03 2.814967933350e-01
2.581250000000e+01 7.341664726186e-03 2.806798335273e-01
2.581875000000e+01 7.315910879056e-03 2.798323860546e-01
2.582500000000e+01 7.289565784152e-03 2.789555606194e-01
2.583125000000e+01 7.262658170885e-03 2.780504820973e-01
2.583750000000e+01 7.235216894850e-03 2.771182872898e-01
2.584375000000e+01 7.207270862022e-03 2.761601217607e-01
2.585000000000e+01 7.178848955736e-03 2.751771367700e-01
2.585625000000e+01 7.149979966867e-03 2.741704863155e-01
2.586250000000e+01 7.120692527305e-03 2.731413242947e-01
2.586875000000e+01 7.091015046956e-03 2.720908017930e-01
2.587500000000e+01 7.060975654445e-03 2.710200645086e-01
2.588125000000e+01 7.030602141560e-03 2.699302503168e-01
2.588750000000e+01 6.999921911569e-03 2.688224869810e-01
2.589375000000e+01 6.968961931432e-03 2.676978900119e-01
2.590000000000e+01 6.937748687916e-03 2.665575606779e-01
2.590625000000e+01 6.906308147644e-03 2.654025841674e-01
2.591250000000e+01 6.874665720961e-03 2.642340279020e-01
2.591875000000e+01 6.842846229648e-03 2.630529400005e-01
2.592500000000e+01 6.810873878343e-03 2.618603478914e-01
2.593125000000e+01 6.778772229542e-03 2.606572570701e-01
2.593750000000e+01 6.746564182190e-03 2.594446499983e-01
2.594375000000e+01 6.714271953560e-03 2.582234851405e-01
2.595000000000e+01 6.681917064440e-03 2.569946961338e-01
2.595625000000e+01 6.649520327361e-03 2.557591910843e-01
2.596250000000e+01 6.617101837758e-03 2.545178519861e-01
2.596875000000e+01 6.584680967928e-03 2.532715342556e-01
2.597500000000e+01 6.552276363537e-03 2.520210663763e-01
2.598125000000e+01 6.519905942619e-03 2.507672496466e-01
2.598750000000e+01 6.487586896775e-03 2.495108580247e-01
2.599375000000e+01 6.455335694503e-03 2.482526380648e-01
2.600000000000e+01 6.423168086461e-03 2.469933089371e-01
2.600625000000e+01 6.391099112463e-03 2.457335625264e-01
2.601250000000e+01 6.359143110115e-03 2.444740636019e-01
2.601875000000e+01 6.327313724893e-03 2.432154500537e-01
2.602500000000e+01 6.295623921491e-03 2.419583331878e-01
2.603125000000e+01 6.264085996389e-03 2.407032980766e-01
2.603750000000e+01 6.232711591384e-03 2.394509039571e-01
2.604375000000e+01 6.201511708059e-03 2.382016846726e-01
2.605000000000e+01 6.170496722998e-03 2.369561491532e-01
2.605625000000e+01 6.139676403638e-03 2.357147819291e-01
2.606250000000e+01 6.109059924713e-03 2.344780436733e-01
2.606875000000e+01 6.078655885076e-03 2.332463717690e-01
2.607500000000e+01 6.048472324934e-03 2.320201808973e-01
2.608125000000e+01 6.018516743272e-03 2.307998636427e-01
2.608750000000e+01 5.988796115493e-03 2.295857911114e-01
2.609375000000e+01 5.959316911162e-03 2.283783135600e-01
2.610000000000e+01 5.930085111743e-03 2.271777610318e-01
2.610625000000e+01 5.901106228351e-03 2.259844439970e-01
2.611250000000e+01 5.872385319388e-03 2.247986539958e-01
2.611875000000e+01 5.843927008020e-03 2.236206642808e-01
2.612500000000e+01 5.815735499539e-03 2.224507304567e-01
2.613125000000e+01 5.787814598400e-03 2.212890911164e-01
2.613750000000e+01 5.760167725085e-03 2.201359684711e-01
2.614375000000e+01 5.732797932614e-03 2.189915689725e-01
2.615000000000e+01 5.705707922758e-03 2.178560839272e-01
2.615625000000e+01 5.678900061910e-03 2.167296901002e-01
2.616250000000e+01 5.652376396561e-03 2.156125503082e-01
2.616875000000e+01 5.626138668445e-03 2.145048140008e-01
2.617500000000e+01 5.600188329232e-03 2.134066178291e-01
2.618125000000e+01 5.574526554837e-03 2.123180862015e-01
2.618750000000e+01 5.549154259339e-03 2.112393318252e-01
2.619375000000e+01 5.524072108423e-03 2.101704562341e-01
2.620000000000e+01 5.499280532450e-03 2.091115503016e-01
2.620625000000e+01 5.474779739075e-03 2.080626947398e-01
2.621250000000e+01 5.450569725420e-03 2.070239605826e-01
2.621875000000e+01 5.426650289876e-03 2.059954096542e-01
2.622500000000e+01 5.403021043410e-03 2.049770950233e-01
2.623125000000e+01 5.379681420516e-03 2.039690614416e-01
2.623750000000e+01 5.356630689722e-03 2.029713457670e-01
2.624375000000e+01 5.333867963677e-03 2.019839773734e-01
2.625000000000e+01 5.311392208883e-03 2.010069785444e-01
2.625625000000e+01 5.289202254974e-03 2.000403648536e-01
2.626250000000e+01 5.267296803673e-03 1.990841455298e-01
2.626875000000e+01 5.245674437319e-03 1.981383238091e-01
2.627500000000e+01 5.224333627051e-03 1.972028972728e-01
2.628125000000e+01 5.203272740652e-03 1.962778581718e-01
2.628750000000e+01 5.182490050003e-03 1.953631937385e-01
2.629375000000e+01 5.161983738249e-03 1.944588864850e-01
2.630000000000e+01 5.141751906597e-03 1.935649144900e-01
2.630625000000e+01 5.121792580812e-03 1.926812516723e-01
2.631250000000e+01 5.102103717427e-03 1.918078680538e-01
2.631875000000e+01 5.082683209612e-03 1.909447300103e-01
2.632500000000e+01 5.063528892799e-03 1.900918005113e-01
2.633125000000e+01 5.044638550015e-03 1.892490393497e-01
2.633750000000e+01 5.026009916931e-03 1.884164033602e-01
2.634375000000e+01 5.007640686699e-03 1.875938466284e-01
2.635000000000e+01 4.989528514489e-03 1.867813206902e-01
2.635625000000e+01 4.971671021833e-03 1.859787747216e-01
2.636250000000e+01 4.954065800730e-03 1.851861557196e-01
2.636875000000e+01 4.936710417500e-03 1.844034086747e-01
2.637500000000e+01 4.919602416489e-03 1.836304767348e-01
2.638125000000e+01 4.902739323515e-03 1.828673013609e-01
2.638750000000e+01 4.886118649162e-03 1.821138224761e-01
2.639375000000e+01 4.869737891874e-03 1.813699786061e-01
2.640000000000e+01 4.853594540861e-03 1.806357070128e-01
2.640625000000e+01 4.837686078876e-03 1.799109438220e-01
2.641250000000e+01 4.822009984775e-03 1.791956241435e-01
2.641875000000e+01 4.806563735977e-03 1.784896821857e-01
2.642500000000e+01 4.791344810748e-03 1.777930513636e-01
2.643125000000e+01 4.776350690343e-03 1.771056644018e-01
2.643750000000e+01 4.761578861042e-03 1.764274534313e-01
2.644375000000e+01 4.747026816019e-03 1.757583500817e-01
2.645000000000e+01 4.732692057132e-03 1.750982855682e-01
2.645625000000e+01 4.718572096572e-03 1.744471907733e-01
2.646250000000e+01 4.704664458397e-03 1.738049963249e-01
2.646875000000e+01 4.690966679992e-03 1.731716326693e-01
2.647500000000e+01 4.677476313394e-03 1.725470301405e-01
2.648125000000e+01 4.664190926560e-03 1.719311190249e-01
2.648750000000e+01 4.651108104513e-03 1.713238296233e-01
2.649375000000e+01 4.638225450415e-03 1.707250923082e-01
2.650000000000e+01 4.625540586576e-03 1.701348375782e-01
2.650625000000e+01 4.613051155361e-03 1.695529961094e-01
2.651250000000e+01 4.600754820040e-03 1.689794988031e-01
2.651875000000e+01 4.588649265570e-03 1.684142768310e-01
2.652500000000e+01 4.576732199296e-03 1.678572616774e-01
2.653125000000e+01 4.565001351624e-03 1.673083851786e-01
2.653750000000e+01 4.553454476595e-03 1.667675795603e-01
2.654375000000e+01 4.542089352440e-03 1.662347774718e-01
2.655000000000e+01 4.530903782068e-03 1.657099120187e-01
2.655625000000e+01 4.519895593489e-03 1.651929167929e-01
2.656250000000e+01 4.509062640230e-03 1.646837259007e-01
2.656875000000e+01 4.498402801668e-03 1.641822739889e-01
2.657500000000e+01 4.487913983353e-03 1.636884962695e-01
2.658125000000e+01 4.477594117273e-03 1.632023285415e-01
2.658750000000e+01 4.467441162083e-03 1.627237072127e-01
2.659375000000e+01 4.457453103322e-03 1.622525693182e-01
2.660000000000e+01 4.447627953563e-03 1.617888525389e-01
2.660625000000e+01 4.437963752574e-03 1.613324952172e-01
2.661250000000e+01 4.428458567411e-03 1.608834363730e-01
2.661875000000e+01 4.419110492506e-03 1.604416157167e-01
2.662500000000e+01 4.409917649740e-03 1.600069736621e-01
2.663125000000e+01 4.400878188459e-03 1.595794513384e-01
2.663750000000e+01 4.391990285511e-03 1.591589905997e-01
2.664375000000e+01 4.383252145234e-03 1.587455340356e-01
2.665000000000e+01 4.374661999421e-03 1.583390249787e-01
2.665625000000e+01 4.366218107301e-03 1.579394075129e-01
2.666250000000e+01 4.357918755461e-03 1.575466264799e-01
2.666875000000e+01 4.349762257793e-03 1.571606274854e-01
2.667500000000e+01 4.341746955397e-03 1.567813569041e-01
2.668125000000e+01 4.333871216484e-03 1.564087618847e-01
2.668750000000e+01 4.326133436274e-03 1.560427903534e-01
2.669375000000e+01 4.318532036859e-03 1.556833910176e-01
2.670000000000e+01 4.311065467094e-03 1.553305133685e-01
2.670625000000e+01 4.303732202440e-03 1.549841076833e-01
2.671250000000e+01 4.296530744816e-03 1.546441250269e-01
2.671875000000e+01 4.289459622455e-03 1.543105172534e-01
2.672500000000e+01 4.282517389729e-03 1.539832370066e-01
2.673125000000e+01 4.275702626987e-03 1.536622377207e-01
2.673750000000e+01 4.269013940380e-03 1.533474736203e-01
2.674375000000e+01 4.262449961679e-03 1.530388997198e-01
2.675000000000e+01 4.256009348093e-03 1.527364718234e-01
2.675625000000e+01 4.249690782078e-03 1.524401465235e-01
2.676250000000e+01 4.243492971153e-03 1.521498811999e-01
2.676875000000e+01 4.237414647704e-03 1.518656340184e-01
2.677500000000e+01 4.231454568779e-03 1.515873639289e-01
2.678125000000e+01 4.225611515907e-03 1.513150306636e-01
2.678750000000e+01 4.219884294881e-03 1.510485947350e-01
2.679375000000e+01 4.214271735575e-03 1.507880174335e-01
2.680000000000e+01 4.208772691730e-03 1.505332608250e-01
2.680625000000e+01 4.203386040750e-03 1.502842877486e-01
2.681250000000e+01 4.198110683518e-03 1.500410618133e-01
2.681875000000e+01 4.192945544170e-03 1.498035473959e-01
2.682500000000e+01 4.187889569916e-03 1.495717096377e-01
2.683125000000e+01 4.182941730829e-03 1.493455144415e-01
2.683750000000e+01 4.178101019640e-03 1.491249284687e-01
2.684375000000e+01 4.173366451558e-03 1.489099191359e-01
2.685000000000e+01 4.168737064050e-03 1.487004546121e-01
2.685625000000e+01 4.164211916667e-03 1.484965038150e-01
2.686250000000e+01 4.159790090839e-03 1.482980364083e-01
2.686875000000e+01 4.155470689681e-03 1.481050227977e-01
2.687500000000e+01 4.151252837820e-03 1.479174341284e-01
2.688125000000e+01 4.147135681186e-03 1.477352422811e-01
2.688750000000e+01 4.143118386850e-03 1.475584198690e-01
2.689375000000e+01 4.139200142829e-03 1.473869402345e-01
2.690000000000e+01 4.135380157906e-03 1.472207774460e-01
2.690625000000e+01 4.131657661466e-03 1.470599062944e-01
2.691250000000e+01 4.128031903307e-03 1.469043022898e-01
2.691875000000e+01 4.124502153488e-03 1.467539416589e-01
2.692500000000e+01 4.121067702149e-03 1.466088013411e-01
2.693125000000e+01 4.117727859350e-03 1.464688589857e-01
2.693750000000e+01 4.114481954923e-03 1.463340929489e-01
2.694375000000e+01 4.111329338294e-03 1.462044822909e-01
2.695000000000e+01 4.108269378352e-03 1.460800067723e-01
2.695625000000e+01 4.105301463286e-03 1.459606468521e-01
2.696250000000e+01 4.102425000444e-03 1.458463836842e-01
2.696875000000e+01 4.099639416192e-03 1.457371991150e-01
2.697500000000e+01 4.096944155772e-03 1.456330756805e-01
2.698125000000e+01 4.094338683174e-03 1.455339966038e-01
2.698750000000e+01 4.091822481005e-03 1.454399457927e-01
2.699375000000e+01 4.089395050351e-03 1.453509078370e-01
2.700000000000e+01 4.087055910675e-03 1.452668680064e-01
2.700625000000e+01 4.084804599675e-03 1.451878122479e-01
2.701250000000e+01 4.082640673191e-03 1.451137271840e-01
2.701875000000e+01 4.080563705085e-03 1.450446001105e-01
2.702500000000e+01 4.078573287125e-03 1.449804189943e-01
2.703125000000e+01 4.076669028909e-03 1.449211724718e-01
2.703750000000e+01 4.074850557738e-03 1.448668498469e-01
2.704375000000e+01 4.073117518540e-03 1.448174410895e-01
2.705000000000e+01 4.071469573777e-03 1.447729368338e-01
2.705625000000e+01 4.069906403354e-03 1.447333283768e-01
2.706250000000e+01 4.068427704547e-03 1.446986076768e-01
2.706875000000e+01 4.067033191913e-03 1.446687673525e-01
2.707500000000e+01 4.065722597230e-03 1.446438006817e-01
2.708125000000e+01 4.064495669428e-03 1.446237015998e-01
2.708750000000e+01 4.063352174508e-03 1.446084646995e-01
2.709375000000e+01 4.062291895505e-03 1.445980852298e-01
2.710000000000e+01 4.061314632412e-03 1.445925590948e-01
2.710625000000e+01 4.060420202143e-03 1.445918828539e-01
2.711250000000e+01 4.059608438480e-03 1.445960537206e-01
2.711875000000e+01 4.058879192027e-03 1.446050695625e-01
2.712500000000e+01 4.058232330178e-03 1.446189289010e-01
2.713125000000e+01 4.057667737077e-03 1.446376309111e-01
2.713750000000e+01 4.057185313592e-03 1.446611754213e-01
2.714375000000e+01 4.056784977288e-03 1.446895629137e-01
2.715000000000e+01 4.056466662399e-03 1.447227945246e-01
2.715625000000e+01 4.056230319826e-03 1.447608720441e-01
2.716250000000e+01 4.056075917106e-03 1.448037979173e-01
2.716875000000e+01 4.056003438415e-03 1.448515752442e-01
2.717500000000e+01 4.056012884569e-03 1.449042077809e-01
2.718125000000e+01 4.056104273003e-03 1.449616999400e-01
2.718750000000e+01 4.056277637800e-03 1.450240567919e-01
2.719375000000e+01 4.056533029678e-03 1.450912840656e-01
2.720000000000e+01 4.056870516019e-03 1.451633881496e-01
2.720625000000e+01 4.057290180882e-03 1.452403760938e-01
2.721250000000e+01 4.057792125015e-03 1.453222556104e-01
2.721875000000e+01 4.058376465897e-03 1.454090350756e-01
2.722500000000e+01 4.059043337749e-03 1.455007235312e-01
2.723125000000e+01 4.059792891591e-03 1.455973306863e-01
2.723750000000e+01 4.060625295262e-03 1.456988669191e-01
2.724375000000e+01 4.061540733467e-03 1.458053432792e-01
2.725000000000e+01 4.062539407830e-03 1.459167714892e-01
2.725625000000e+01 4.063621536937e-03 1.460331639473e-01
2.726250000000e+01 4.064787356399e-03 1.461545337296e-01
2.726875000000e+01 4.066037118913e-03 1.462808945923e-01
2.727500000000e+01 4.067371094312e-03 1.464122609743e-01
2.728125000000e+01 4.068789569650e-03 1.465486480002e-01
2.728750000000e+01 4.070292849261e-03 1.466900714827e-01
2.729375000000e+01 4.071881254847e-03 1.468365479255e-01
2.730000000000e+01 4.073555125551e-03 1.469880945266e-01
2.730625000000e+01 4.075314818039e-03 1.471447291810e-01
2.731250000000e+01 4.077160706601e-03 1.473064704844e-01
2.731875000000e+01 4.079093183225e-03 1.474733377358e-01
2.732500000000e+01 4.081112657719e-03 1.476453509418e-01
2.733125000000e+01 4.083219557789e-03 1.478225308193e-01
2.733750000000e+01 4.085414329150e-03 1.480048987997e-01
2.734375000000e+01 4.087697435645e-03 1.481924770322e-01
2.735000000000e+01 4.090069359343e-03 1.483852883877e-01
2.735625000000e+01 4.092530600666e-03 1.485833564632e-01
2.736250000000e+01 4.095081678508e-03 1.487867055848e-01
2.736875000000e+01 4.097723130354e-03 1.489953608128e-01
2.737500000000e+01 4.100455512415e-03 1.492093479451e-01
2.738125000000e+01 4.103279399748e-03 1.494286935218e-01
2.738750000000e+01 4.106195386408e-03 1.496534248295e-01
2.739375000000e+01 4.109204085577e-03 1.498835699055e-01
2.740000000000e+01 4.112306129700e-03 1.501191575425e-01
2.740625000000e+01 4.115502170648e-03 1.503602172929e-01
2.741250000000e+01 4.118792879848e-03 1.506067794735e-01
2.741875000000e+01 4.122178948455e-03 1.508588751701e-01
2.742500000000e+01 4.125661087493e-03 1.511165362423e-01
2.743125000000e+01 4.129240028016e-03 1.513797953281e-01
2.743750000000e+01 4.132916521276e-03 1.516486858485e-01
2.744375000000e+01 4.136691338882e-03 1.519232420129e-01
2.745000000000e+01 4.140565272971e-03 1.522034988233e-01
2.745625000000e+01 4.144539136379e-03 1.524894920793e-01
2.746250000000e+01 4.148613762803e-03 1.527812583835e-01
2.746875000000e+01 4.152790006998e-03 1.530788351455e-01
2.747500000000e+01 4.157068744931e-03 1.533822605875e-01
2.748125000000e+01 4.161450873973e-03 1.536915737488e-01
2.748750000000e+01 4.165937313084e-03 1.540068144908e-01
2.749375000000e+01 4.170529002979e-03 1.543280235018e-01
2.750000000000e+01 4.175226906337e-03 1.546552423016e-01
2.750625000000e+01 4.180032007962e-03 1.549885132464e-01
2.751250000000e+01 4.184945314995e-03 1.553278795335e-01
2.751875000000e+01 4.189967857085e-03 1.556733852058e-01
2.752500000000e+01 4.195100686577e-03 1.560250751562e-01
2.753125000000e+01 4.200344878718e-03 1.563829951322e-01
2.753750000000e+01 4.205701531826e-03 1.567471917402e-01
2.754375000000e+01 4.211171767496e-03 1.571177124495e-01
2.755000000000e+01 4.216756730782e-03 1.574946055964e-01
2.755625000000e+01 4.222457590377e-03 1.578779203880e-01
2.756250000000e+01 4.228275538822e-03 1.582677069061e-01
2.756875000000e+01 4.234211792665e-03 1.586640161102e-01
2.757500000000e+01 4.240267592664e-03 1.590668998413e-01
2.758125000000e+01 4.246444203962e-03 1.594764108247e-01
2.758750000000e+01 4.252742916259e-03 1.598926026725e-01
2.759375000000e+01 4.259165044004e-03 1.603155298866e-01
2.760000000000e+01 4.265711926543e-03 1.607452478604e-01
2.760625000000e+01 4.272384928308e-03 1.611818128808e-01
2.761250000000e+01 4.279185438975e-03 1.616252821298e-01
2.761875000000e+01 4.286114873607e-03 1.620757136854e-01
2.762500000000e+01 4.293174672824e-03 1.625331665223e-01
2.763125000000e+01 4.300366302931e-03 1.629977005121e-01
2.763750000000e+01 4.307691256071e-03 1.634693764230e-01
2.764375000000e+01 4.315151050347e-03 1.639482559192e-01
2.765000000000e+01 4.322747229932e-03 1.644344015593e-01
2.765625000000e+01 4.330481365205e-03 1.649278767943e-01
2.766250000000e+01 4.338355052824e-03 1.654287459653e-01
2.766875000000e+01 4.346369915832e-03 1.659370742999e-01
2.767500000000e+01 4.354527603733e-03 1.664529279084e-01
2.768125000000e+01 4.362829792541e-03 1.669763737789e-01
2.768750000000e+01 4.371278184848e-03 1.675074797718e-01
2.769375000000e+01 4.379874509841e-03 1.680463146131e-01
2.770000000000e+01 4.388620523330e-03 1.685929478873e-01
2.770625000000e+01 4.397518007747e-03 1.691474500286e-01
2.771250000000e+01 4.406568772110e-03 1.697098923119e-01
2.771875000000e+01 4.415774652002e-03 1.702803468417e-01
2.772500000000e+01 4.425137509490e-03 1.708588865405e-01
2.773125000000e+01 4.434659233055e-03 1.714455851359e-01
2.773750000000e+01 4.444341737470e-03 1.720405171463e-01
2.774375000000e+01 4.454186963654e-03 1.726437578648e-01
2.775000000000e+01 4.464196878530e-03 1.732553833419e-01
2.775625000000e+01 4.474373474797e-03 1.738754703670e-01
2.776250000000e+01 4.484718770719e-03 1.745040964477e-01
2.776875000000e+01 4.495234809858e-03 1.751413397875e-01
2.777500000000e+01 4.505923660763e-03 1.757872792616e-01
2.778125000000e+01 4.516787416643e-03 1.764419943906e-01
2.778750000000e+01 4.527828194974e-03 1.771055653128e-01
2.779375000000e+01 4.539048137082e-03 1.777780727534e-01
2.780000000000e+01 4.550449407679e-03 1.784595979919e-01
2.780625000000e+01 4.562034194316e-03 1.791502228270e-01
2.781250000000e+01 4.573804706846e-03 1.798500295388e-01
2.781875000000e+01 4.585763176757e-03 1.805591008486e-01
2.782500000000e+01 4.597911856539e-03 1.812775198754e-01
2.783125000000e+01 4.610253018894e-03 1.820053700900e-01
2.783750000000e+01 4.622788955934e-03 1.827427352651e-01
2.784375000000e+01 4.635521978321e-03 1.834896994232e-01
2.785000000000e+01 4.648454414303e-03 1.842463467800e-01
2.785625000000e+01 4.661588608686e-03 1.850127616849e-01
2.786250000000e+01 4.674926921739e-03 1.857890285571e-01
2.786875000000e+01 4.688471727979e-03 1.865752318178e-01
2.787500000000e+01 4.702225414939e-03 1.873714558190e-01
2.788125000000e+01 4.716190381736e-03 1.881777847661e-01
2.788750000000e+01 4.730369037651e-03 1.889943026379e-01
2.789375000000e+01 4.744763800534e-03 1.898210931001e-01
2.790000000000e+01 4.759377095126e-03 1.906582394147e-01
2.790625000000e+01 4.774211351271e-03 1.915058243435e-01
2.791250000000e+01 4.789269001984e-03 1.923639300462e-01
2.791875000000e+01 4.804552481437e-03 1.932326379728e-01
2.792500000000e+01 4.820064222790e-03 1.941120287498e-01
2.793125000000e+01 4.835806655852e-03 1.950021820598e-01
2.793750000000e+01 4.851782204667e-03 1.959031765145e-01
2.794375000000e+01 4.867993284898e-03 1.968150895210e-01
2.795000000000e+01 4.884442301071e-03 1.977379971406e-01
2.795625000000e+01 4.901131643658e-03 1.986719739401e-01
2.796250000000e+01 4.918063685961e-03 1.996170928350e-01
2.796875000000e+01 4.935240780887e-03 2.005734249246e-01
2.797500000000e+01 4.952665257427e-03 2.015410393188e-01
2.798125000000e+01 4.970339417049e-03 2.025200029555e-01
2.798750000000e+01 4.988265529816e-03 2.035103804090e-01
2.799375000000e+01 5.006445830319e-03 2.045122336887e-01
2.800000000000e+01 5.024882513395e-03 2.055256220279e-01
2.800625000000e+01 5.043577729584e-03 2.065506016623e-01
2.801250000000e+01 5.062533580396e-03 2.075872255972e-01
2.801875000000e+01 5.081752113311e-03 2.086355433646e-01
2.802500000000e+01 5.101235316473e-03 2.096956007674e-01
2.803125000000e+01 5.120985113217e-03 2.107674396134e-01
2.803750000000e+01 5.141003356234e-03 2.118510974355e-01
2.804375000000e+01 5.161291821498e-03 2.129466072000e-01
2.805000000000e+01 5.181852201890e-03 2.140539970017e-01
2.805625000000e+01 5.202686100488e-03 2.151732897459e-01
2.806250000000e+01 5.223795023632e-03 2.163045028158e-01
2.806875000000e+01 5.245180373535e-03 2.174476477268e-01
2.807500000000e+01 5.266843440695e-03 2.186027297653e-01
2.808125000000e+01 5.288785395886e-03 2.197697476134e-01
2.808750000000e+01 5.311007281831e-03 2.209486929585e-01
2.809375000000e+01 5.333510004520e-03 2.221395500864e-01
2.810000000000e+01 5.356294324141e-03 2.233422954605e-01
2.810625000000e+01 5.379360845689e-03 2.245568972834e-01
2.811250000000e+01 5.402710009173e-03 2.257833150432e-01
2.811875000000e+01 5.426342079396e-03 2.270214990435e-01
2.812500000000e+01 5.450257135445e-03 2.282713899169e-01
2.813125000000e+01 5.474455059711e-03 2.295329181218e-01
2.813750000000e+01 5.498935526552e-03 2.308060034233e-01
2.814375000000e+01 5.523697990558e-03 2.320905543569e-01
2.815000000000e+01 5.548741674400e-03 2.333864676767e-01
2.815625000000e+01 5.574065556338e-03 2.346936277870e-01
2.816250000000e+01 5.599668357282e-03 2.360119061581e-01
2.816875000000e+01 5.625548527511e-03 2.373411607272e-01
2.817500000000e+01 5.651704232989e-03 2.386812352836e-01
2.818125000000e+01 5.678133341339e-03 2.400319588401e-01
2.818750000000e+01 5.704833407445e-03 2.413931449907e-01
2.819375000000e+01 5.731801658708e-03 2.427645912555e-01
2.820000000000e+01 5.759034980014e-03 2.441460784133e-01
2.820625000000e+01 5.786529898391e-03 2.455373698248e-01
2.821250000000e+01 5.814282567330e-03 2.469382107449e-01
2.821875000000e+01 5.842288750968e-03 2.483483276286e-01
2.822500000000e+01 5.870543807965e-03 2.497674274294e-01
2.823125000000e+01 5.899042675248e-03 2.511951968942e-01
2.823750000000e+01 5.927779851610e-03 2.526313018561e-01
2.824375000000e+01 5.956749381185e-03 2.540753865261e-01
2.825000000000e+01 5.985944836951e-03 2.555270727884e-01
2.825625000000e+01 6.015359304180e-03 2.569859595005e-01
2.826250000000e+01 6.044985363998e-03 2.584516218017e-01
2.826875000000e+01 6.074815077079e-03 2.599236104329e-01
2.827500000000e+01 6.104839967556e-03 2.614014510716e-01
2.828125000000e+01 6.135051007235e-03 2.628846436857e-01
2.828750000000e+01 6.165438600154e-03 2.643726619101e-01
2.829375000000e+01 6.195992567673e-03 2.658649524506e-01
2.830000000000e+01 6.226702134077e-03 2.673609345195e-01
2.830625000000e+01 6.257555912872e-03 2.688599993079e-01
2.831250000000e+01 6.288541893869e-03 2.703615095000e-01
2.831875000000e+01 6.319647431149e-03 2.718647988345e-01
2.832500000000e+01 6.350859232065e-03 2.733691717191e-01
2.833125000000e+01 6.382163347387e-03 2.748739029037e-01
2.833750000000e+01 6.413545162703e-03 2.763782372185e-01
2.834375000000e+01 6.444989391297e-03 2.778813893841e-01
2.835000000000e+01 6.476480068530e-03 2.793825438980e-01
2.835625000000e+01 6.508000547960e-03 2.808808550075e-01
2.836250000000e+01 6.539533499309e-03 2.823754467714e-01
2.836875000000e+01 6.571060908447e-03 2.838654132221e-01
2.837500000000e+01 6.602564079537e-03 2.853498186300e-01
2.838125000000e+01 6.634023639464e-03 2.868276978816e-01
2.838750000000e+01 6.665419544794e-03 2.882980569740e-01
2.839375000000e+01 6.696731091285e-03 2.897598736347e-01
2.840000000000e+01 6.727936926184e-03 2.912120980723e-01
2.840625000000e+01 6.759015063420e-03 2.926536538632e-01
2.841250000000e+01 6.789942901822e-03 2.940834389812e-01
2.841875000000e+01 6.820697246494e-03 2.955003269733e-01
2.842500000000e+01 6.851254333451e-03 2.969031682884e-01
2.843125000000e+01 6.881589857585e-03 2.982907917600e-01
2.843750000000e+01 6.911679004144e-03 2.996620062477e-01
2.844375000000e+01 6.941496483640e-03 3.010156024395e-01
2.845000000000e+01 6.971016570355e-03 3.023503548153e-01
2.845625000000e+01 7.000213144408e-03 3.036650237725e-01
2.846250000000e+01 7.029059737403e-03 3.049583579119e-01
2.846875000000e+01 7.057529581634e-03 3.062290964830e-01
2.847500000000e+01 7.085595662753e-03 3.074759719837e-01
2.848125000000e+01 7.113230775934e-03 3.086977129107e-01
2.848750000000e+01 7.140407585259e-03 3.098930466540e-01
2.849375000000e+01 7.167098686315e-03 3.110607025273e-01
2.850000000000e+01 7.193276671770e-03 3.121994149261e-01
2.850625000000e+01 7.218914199725e-03 3.133079266016e-01
2.851250000000e+01 7.243984064607e-03 3.143849920390e-01
2.851875000000e+01 7.268459270328e-03 3.154293809265e-01
2.852500000000e+01 7.292313105378e-03 3.164398816994e-01
2.853125000000e+01 7.315519219597e-03 3.174153051426e-01
2.853750000000e+01 7.338051702129e-03 3.183544880349e-01
2.854375000000e+01 7.359885160278e-03 3.192562968142e-01
2.855000000000e+01 7.380994798782e-03 3.201196312457e-01
2.855625000000e+01 7.401356499088e-03 3.209434280694e-01
2.856250000000e+01 7.420946898171e-03 3.217266646084e-01
2.856875000000e+01 7.439743466368e-03 3.224683623127e-01
2.857500000000e+01 7.457724583862e-03 3.231675902176e-01
2.858125000000e+01 7.474869615175e-03 3.238234682935e-01
2.858750000000e+01 7.491158981280e-03 3.244351706643e-01
2.859375000000e+01 7.506574228813e-03 3.250019286723e-01
2.860000000000e+01 7.521098095898e-03 3.255230337672e-01
2.860625000000e+01 7.534714574133e-03 3.259978401994e-01
2.861250000000e+01 7.547408966293e-03 3.264257674967e-01
2.861875000000e+01 7.559167939293e-03 3.268063027065e-01
2.862500000000e+01 7.569979572121e-03 3.271390023865e-01
2.863125000000e+01 7.579833398260e-03 3.274234943279e-01
2.863750000000e+01 7.588720442372e-03 3.276594789991e-01
2.864375000000e+01 7.596633250953e-03 3.278467306980e-01
2.865000000000e+01 7.603565916717e-03 3.279850984030e-01
2.865625000000e+01 7.609514096571e-03 3.280745063191e-01
2.866250000000e+01 7.614475022982e-03 3.281149541109e-01
2.866875000000e+01 7.618447508805e-03 3.281065168249e-01
2.867500000000e+01 7.621431945389e-03 3.280493444992e-01
2.868125000000e+01 7.623430294128e-03 3.279436614656e-01
2.868750000000e+01 7.624446071476e-03 3.277897653493e-01
2.869375000000e+01 7.624484327617e-03 3.275880257749e-01
2.870000000000e+01 7.623551618936e-03 3.273388827889e-01
2.870625000000e+01 7.621655974586e-03 3.270428450118e-01
2.871250000000e+01 7.618806857354e-03 3.267004875344e-01
2.871875000000e+01 7.615015119279e-03 3.263124495743e-01
2.872500000000e+01 7.610292952232e-03 3.258794319109e-01
2.873125000000e+01 7.604653833957e-03 3.254021941191e-01
2.873750000000e+01 7.598112469952e-03 3.248815516206e-01
2.874375000000e+01 7.590684731629e-03 3.243183725750e-01
2.875000000000e+01 7.582387591227e-03 3.237135746330e-01
2.875625000000e+01 7.573239053887e-03 3.230681215739e-01
2.876250000000e+01 7.563258087482e-03 3.223830198487e-01
2.876875000000e+01 7.552464550529e-03 3.216593150534e-01
2.877500000000e+01 7.540879118753e-03 3.208980883526e-01
2.878125000000e+01 7.528523210733e-03 3.201004528766e-01
2.878750000000e+01 7.515418913073e-03 3.192675501111e-01
2.879375000000e+01 7.501588905549e-03 3.184005463021e-01
2.880000000000e+01 7.487056386631e-03 3.175006288921e-01
2.880625000000e+01 7.471844999745e-03 3.165690030078e-01
2.881250000000e+01 7.455978760736e-03 3.156068880149e-01
2.881875000000e+01 7.439481986738e-03 3.146155141555e-01
2.882500000000e+01 7.422379226860e-03 3.135961192815e-01
2.883125000000e+01 7.404695194927e-03 3.125499456974e-01
2.883750000000e+01 7.386454704532e-03 3.114782371231e-01
2.884375000000e+01 7.367682606633e-03 3.103822357851e-01
2.885000000000e+01 7.348403729830e-03 3.092631796461e-01
2.885625000000e+01 7.328642823579e-03 3.081222997781e-01
2.886250000000e+01 7.308424504359e-03 3.069608178847e-01
2.886875000000e+01 7.287773204960e-03 3.057799439762e-01
2.887500000000e+01 7.266713126956e-03 3.045808742009e-01
2.888125000000e+01 7.245268196354e-03 3.033647888325e-01
2.888750000000e+01 7.223462022587e-03 3.021328504157e-01
2.889375000000e+01 7.201317860620e-03 3.008862020673e-01
2.890000000000e+01 7.178858576343e-03 2.996259659330e-01
2.890625000000e+01 7.156106615170e-03 2.983532417951e-01
2.891250000000e+01 7.133083973687e-03 2.970691058304e-01
2.891875000000e+01 7.109812174399e-03 2.957746095116e-01
2.892500000000e+01 7.086312243408e-03 2.944707786497e-01
2.893125000000e+01 7.062604690966e-03 2.931586125710e-01
2.893750000000e+01 7.038709494789e-03 2.918390834234e-01
2.894375000000e+01 7.014646085959e-03 2.905131356071e-01
2.895000000000e+01 6.990433337432e-03 2.891816853220e-01
2.895625000000e+01 6.966089554845e-03 2.878456202265e-01
2.896250000000e+01 6.941632469623e-03 2.865057992014e-01
2.896875000000e+01 6.917079234217e-03 2.851630522115e-01
2.897500000000e+01 6.892446419279e-03 2.838181802595e-01
2.898125000000e+01 6.867750012800e-03 2.824719554242e-01
2.898750000000e+01 6.843005420849e-03 2.811251209787e-01
2.899375000000e+01 6.818227469961e-03 2.797783915798e-01
2.900000000000e+01 6.793430411029e-03 2.784324535251e-01
2.900625000000e+01 6.768627924460e-03 2.770879650691e-01
2.901250000000e+01 6.743833126596e-03 2.757455567952e-01
2.901875000000e+01 6.719058577226e-03 2.744058320357e-01
2.902500000000e+01 6.694316288056e-03 2.730693673363e-01
2.903125000000e+01 6.669617732143e-03 2.717367129587e-01
2.903750000000e+01 6.644973853979e-03 2.704083934177e-01
2.904375000000e+01 6.620395080381e-03 2.690849080470e-01
2.905000000000e+01 6.595891331889e-03 2.677667315902e-01
2.905625000000e+01 6.571472034697e-03 2.664543148129e-01
2.906250000000e+01 6.547146133005e-03 2.651480851324e-01
2.906875000000e+01 6.522922101679e-03 2.638484472599e-01
2.907500000000e+01 6.498807959276e-03 2.625557838545e-01
2.908125000000e+01 6.474811281165e-03 2.612704561843e-01
2.908750000000e+01 6.450939212853e-03 2.599928047914e-01
2.909375000000e+01 6.427198483429e-03 2.587231501600e-01
2.910000000000e+01 6.403595418997e-03 2.574617933840e-01
2.910625000000e+01 6.380135956132e-03 2.562090168326e-01
2.911250000000e+01 6.356825655292e-03 2.549650848107e-01
2.911875000000e+01 6.333669714103e-03 2.537302442150e-01
2.912500000000e+01 6.310672980623e-03 2.525047251815e-01
2.913125000000e+01 6.287839966312e-03 2.512887417246e-01
2.913750000000e+01 6.265174858960e-03 2.500824923663e-01
2.914375000000e+01 6.242681535336e-03 2.488861607544e-01
2.915000000000e+01 6.220363573627e-03 2.476999162686e-01
2.915625000000e+01 6.198224265664e-03 2.465239146141e-01
2.916250000000e+01 6.176266628831e-03 2.453582984019e-01
2.916875000000e+01 6.154493417804e-03 2.442031977145e-01
2.917500000000e+01 6.132907135898e-03 2.430587306585e-01
2.918125000000e+01 6.111510046187e-03 2.419250039013e-01
2.918750000000e+01 6.090304182333e-03 2.408021131932e-01
2.919375000000e+01 6.069291359084e-03 2.396901438751e-01
2.920000000000e+01 6.048473182478e-03 2.385891713696e-01
2.920625000000e+01 6.027851059747e-03 2.374992616579e-01
2.921250000000e+01 6.007426208877e-03 2.364204717405e-01
2.921875000000e+01 5.987199667946e-03 2.353528500837e-01
2.922500000000e+01 5.967172304017e-03 2.342964370498e-01
2.923125000000e+01 5.947344821867e-03 2.332512653127e-01
2.923750000000e+01 5.927717772321e-03 2.322173602596e-01
2.924375000000e+01 5.908291560317e-03 2.311947403763e-01
2.925000000000e+01 5.889066452685e-03 2.301834176197e-01
2.925625000000e+01 5.870042585603e-03 2.291833977754e-01
2.926250000000e+01 5.851219971819e-03 2.281946808017e-01
2.926875000000e+01 5.832598507570e-03 2.272172611601e-01
2.927500000000e+01 5.814177979177e-03 2.262511281325e-01
2.928125000000e+01 5.795958069483e-03 2.252962661254e-01
2.928750000000e+01 5.777938363928e-03 2.243526549624e-01
2.929375000000e+01 5.760118356437e-03 2.234202701629e-01
2.930000000000e+01 5.742497455028e-03 2.224990832108e-01
2.930625000000e+01 5.725074987175e-03 2.215890618103e-01
2.931250000000e+01 5.707850205008e-03 2.206901701313e-01
2.931875000000e+01 5.690822290165e-03 2.198023690439e-01
2.932500000000e+01 5.673990358554e-03 2.189256163421e-01
2.933125000000e+01 5.657353464824e-03 2.180598669581e-01
2.933750000000e+01 5.640910606654e-03 2.172050731661e-01
2.934375000000e+01 5.624660728861e-03 2.163611847775e-01
2.935000000000e+01 5.608602727282e-03 2.155281493263e-01
2.935625000000e+01 5.592735452522e-03 2.147059122462e-01
2.936250000000e+01 5.577057713500e-03 2.138944170396e-01
2.936875000000e+01 5.561568280790e-03 2.130936054377e-01
2.937500000000e+01 5.546265889876e-03 2.123034175532e-01
2.938125000000e+01 5.531149244190e-03 2.115237920264e-01
2.938750000000e+01 5.516217018018e-03 2.107546661625e-01
2.939375000000e+01 5.501467859269e-03 2.099959760635e-01
2.940000000000e+01 5.486900392076e-03 2.092476567525e-01
2.940625000000e+01 5.472513219317e-03 2.085096422925e-01
2.941250000000e+01 5.458304924950e-03 2.077818658983e-01
2.941875000000e+01 5.444274076267e-03 2.070642600434e-01
2.942500000000e+01 5.430419226007e-03 2.063567565607e-01
2.943125000000e+01 5.416738914367e-03 2.056592867382e-01
2.943750000000e+01 5.403231670910e-03 2.049717814099e-01
2.944375000000e+01 5.389896016345e-03 2.042941710410e-01
2.945000000000e+01 5.376730464250e-03 2.036263858094e-01
2.945625000000e+01 5.363733522684e-03 2.029683556820e-01
2.946250000000e+01 5.350903695664e-03 2.023200104877e-01
2.946875000000e+01 5.338239484640e-03 2.016812799848e-01
2.947500000000e+01 5.325739389823e-03 2.010520939264e-01
2.948125000000e+01 5.313401911461e-03 2.004323821209e-01
2.948750000000e+01 5.301225551044e-03 1.998220744891e-01
2.949375000000e+01 5.289208812408e-03 1.992211011185e-01
2.950000000000e+01 5.277350202825e-03 1.986293923139e-01
2.950625000000e+01 5.265648233974e-03 1.980468786454e-01
2.951250000000e+01 5.254101422887e-03 1.974734909929e-01
2.951875000000e+01 5.242708292816e-03 1.969091605885e-01
2.952500000000e+01 5.231467374059e-03 1.963538190560e-01
2.953125000000e+01 5.220377204726e-03 1.958073984479e-01
2.953750000000e+01 5.209436331443e-03 1.952698312798e-01
2.954375000000e+01 5.198643310035e-03 1.947410505632e-01
2.955000000000e+01 5.187996706163e-03 1.942209898357e-01
2.955625000000e+01 5.177495095857e-03 1.937095831890e-01
2.956250000000e+01 5.167137066106e-03 1.932067652954e-01
2.956875000000e+01 5.156921215329e-03 1.927124714326e-01
2.957500000000e+01 5.146846153850e-03 1.922266375057e-01
2.958125000000e+01 5.136910504328e-03 1.917492000693e-01
2.958750000000e+01 5.127112902137e-03 1.912800963463e-01
2.959375000000e+01 5.117451995753e-03 1.908192642463e-01
2.960000000000e+01 5.107926447073e-03 1.903666423824e-01
2.960625000000e+01 5.098534931731e-03 1.899221700863e-01
2.961250000000e+01 5.089276139369e-03 1.894857874228e-01
2.961875000000e+01 5.080148773896e-03 1.890574352024e-01
2.962500000000e+01 5.071151553727e-03 1.886370549932e-01
2.963125000000e+01 5.062283211967e-03 1.882245891319e-01
2.963750000000e+01 5.053542496629e-03 1.878199807333e-01
2.964375000000e+01 5.044928170784e-03 1.874231736991e-01
2.965000000000e+01 5.036439012709e-03 1.870341127262e-01
2.965625000000e+01 5.028073816024e-03 1.866527433134e-01
2.966250000000e+01 5.019831389799e-03 1.862790117677e-01
2.966875000000e+01 5.011710558657e-03 1.859128652103e-01
2.967500000000e+01 5.003710162859e-03 1.855542515809e-01
2.968125000000e+01 4.995829058355e-03 1.852031196422e-01
2.968750000000e+01 4.988066116871e-03 1.848594189836e-01
2.969375000000e+01 4.980420225924e-03 1.845231000238e-01
2.970000000000e+01 4.972890288868e-03 1.841941140135e-01
2.970625000000e+01 4.965475224913e-03 1.838724130372e-01
2.971250000000e+01 4.958173969134e-03 1.835579500149e-01
2.971875000000e+01 4.950985472476e-03 1.832506787028e-01
2.972500000000e+01 4.943908701732e-03 1.829505536941e-01
2.973125000000e+01 4.936942639550e-03 1.826575304189e-01
2.973750000000e+01 4.930086284395e-03 1.823715651443e-01
2.974375000000e+01 4.923338650519e-03 1.820926149736e-01
2.975000000000e+01 4.916698767926e-03 1.818206378459e-01
2.975625000000e+01 4.910165682326e-03 1.815555925343e-01
2.976250000000e+01 4.903738455089e-03 1.812974386450e-01
2.976875000000e+01 4.897416163193e-03 1.810461366154e-01
2.977500000000e+01 4.891197899142e-03 1.808016477122e-01
2.978125000000e+01 4.885082770935e-03 1.805639340292e-01
2.978750000000e+01 4.879069901974e-03 1.803329584851e-01
2.979375000000e+01 4.873158431001e-03 1.801086848209e-01
2.980000000000e+01 4.867347512019e-03 1.798910775971e-01
2.980625000000e+01 4.861636314212e-03 1.796801021910e-01
2.981250000000e+01 4.856024021871e-03 1.794757247935e-01
2.981875000000e+01 4.850509834286e-03 1.792779124063e-01
2.982500000000e+01 4.845092965693e-03 1.790866328381e-01
2.983125000000e+01 4.839772645162e-03 1.789018547018e-01
2.983750000000e+01 4.834548116508e-03 1.787235474107e-01
2.984375000000e+01 4.829418638206e-03 1.785516811750e-01
2.985000000000e+01 4.824383483289e-03 1.783862269982e-01
2.985625000000e+01 4.819441939260e-03 1.782271566735e-01
2.986250000000e+01 4.814593307990e-03 1.780744427798e-01
2.986875000000e+01 4.809836905614e-03 1.779280586780e-01
2.987500000000e+01 4.805172062451e-03 1.777879785073e-01
2.988125000000e+01 4.800598122890e-03 1.776541771810e-01
2.988750000000e+01 4.796114445295e-03 1.775266303828e-01
2.989375000000e+01 4.791720401907e-03 1.774053145625e-01
2.990000000000e+01 4.787415378741e-03 1.772902069324e-01
2.990625000000e+01 4.783198775491e-03 1.771812854631e-01
2.991250000000e+01 4.779070005414e-03 1.770785288794e-01
2.991875000000e+01 4.775028495256e-03 1.769819166565e-01
2.992500000000e+01 4.771073685133e-03 1.768914290154e-01
2.993125000000e+01 4.767205028435e-03 1.768070469196e-01
2.993750000000e+01 4.763421991731e-03 1.767287520704e-01
2.994375000000e+01 4.759724054666e-03 1.766565269034e-01
2.995000000000e+01 4.756110709863e-03 1.765903545838e-01
2.995625000000e+01 4.752581462832e-03 1.765302190028e-01
2.996250000000e+01 4.749135831854e-03 1.764761047737e-01
2.996875000000e+01 4.745773347908e-03 1.764279972274e-01
2.997500000000e+01 4.742493554560e-03 1.763858824085e-01
2.998125000000e+01 4.739296007872e-03 1.763497470717e-01
2.998750000000e+01 4.736180276307e-03 1.763195786771e-01
2.999375000000e+01 4.733145940633e-03 1.762953653869e-01
3.000000000000e+01 4.730192593837e-03 1.762770960609e-01
3.000625000000e+01 4.727319841013e-03 1.762647602527e-01
3.001250000000e+01 4.724527299299e-03 1.762583482059e-01
3.001875000000e+01 4.721814597765e-03 1.762578508498e-01
3.002500000000e+01 4.719181377329e-03 1.762632597958e-01
3.003125000000e+01 4.716627290671e-03 1.762745673331e-01
3.003750000000e+01 4.714152002137e-03 1.762917664250e-01
3.004375000000e+01 4.711755187657e-03 1.763148507050e-01
3.005000000000e+01 4.709436534662e-03 1.763438144725e-01
3.005625000000e+01 4.707195741977e-03 1.763786526895e-01
3.006250000000e+01 4.705032519767e-03 1.764193609759e-01
3.006875000000e+01 4.702946589425e-03 1.764659356060e-01
3.007500000000e+01 4.700937683503e-03 1.765183735045e-01
3.008125000000e+01 4.699005545621e-03 1.765766722423e-01
3.008750000000e+01 4.697149930388e-03 1.766408300328e-01
3.009375000000e+01 4.695370603319e-03 1.767108457277e-01
3.010000000000e+01 4.693667340742e-03 1.767867188130e-01
3.010625000000e+01 4.692039929737e-03 1.768684494046e-01
3.011250000000e+01 4.690488168040e-03 1.769560382450e-01
3.011875000000e+01 4.689011863963e-03 1.770494866983e-01
3.012500000000e+01 4.687610836324e-03 1.771487967464e-01
3.013125000000e+01 4.686284914340e-03 1.772539709848e-01
3.013750000000e+01 4.685033937588e-03 1.773650126181e-01
3.014375000000e+01 4.683857755894e-03 1.774819254557e-01
3.015000000000e+01 4.682756229248e-03 1.776047139076e-01
3.015625000000e+01 4.681729227751e-03 1.777333829797e-01
3.016250000000e+01 4.680776631515e-03 1.778679382690e-01
3.016875000000e+01 4.679898330587e-03 1.780083859595e-01
3.017500000000e+01 4.679094224867e-03 1.781547328169e-01
3.018125000000e+01 4.678364224028e-03 1.783069861840e-01
3.018750000000e+01 4.677708247436e-03 1.784651539757e-01
3.019375000000e+01 4.677126224052e-03 1.786292446738e-01
3.020000000000e+01 4.676618092375e-03 1.787992673220e-01
3.020625000000e+01 4.676183800336e-03 1.789752315203e-01
3.021250000000e+01 4.675823305220e-03 1.791571474196e-01
3.021875000000e+01 4.675536573583e-03 1.793450257161e-01
3.022500000000e+01 4.675323581147e-03 1.795388776454e-01
3.023125000000e+01 4.675184312741e-03 1.797387149765e-01
3.023750000000e+01 4.675118762188e-03 1.799445500055e-01
3.024375000000e+01 4.675126932204e-03 1.801563955497e-01
3.025000000000e+01 4.675208834332e-03 1.803742649402e-01
3.025625000000e+01 4.675364488824e-03 1.805981720158e-01
3.026250000000e+01 4.675593924550e-03 1.808281311156e-01
3.026875000000e+01 4.675897178901e-03 1.810641570718e-01
3.027500000000e+01 4.676274297662e-03 1.813062652020e-01
3.028125000000e+01 4.676725334954e-03 1.815544713014e-01
3.028750000000e+01 4.677250353065e-03 1.818087916349e-01
3.029375000000e+01 4.677849422387e-03 1.820692429281e-01
3.030000000000e+01 4.678522621275e-03 1.823358423593e-01
3.030625000000e+01 4.679270035933e-03 1.826086075496e-01
3.031250000000e+01 4.680091760299e-03 1.828875565541e-01
3.031875000000e+01 4.680987895894e-03 1.831727078514e-01
3.032500000000e+01 4.681958551733e-03 1.834640803340e-01
3.033125000000e+01 4.683003844152e-03 1.837616932974e-01
3.033750000000e+01 4.684123896673e-03 1.840655664286e-01
3.034375000000e+01 4.685318839877e-03 1.843757197952e-01
3.035000000000e+01 4.686588811238e-03 1.846921738333e-01
3.035625000000e+01 4.687933954974e-03 1.850149493344e-01
3.036250000000e+01 4.689354421881e-03 1.853440674331e-01
3.036875000000e+01 4.690850369154e-03 1.856795495932e-01
3.037500000000e+01 4.692421960247e-03 1.860214175934e-01
3.038125000000e+01 4.694069364644e-03 1.863696935129e-01
3.038750000000e+01 4.695792757706e-03 1.867243997161e-01
3.039375000000e+01 4.697592320461e-03 1.870855588361e-01
3.040000000000e+01 4.699468239398e-03 1.874531937585e-01
3.040625000000e+01 4.701420706264e-03 1.878273276041e-01
3.041250000000e+01 4.703449917816e-03 1.882079837104e-01
3.041875000000e+01 4.705556075636e-03 1.885951856131e-01
3.042500000000e+01 4.707739385854e-03 1.889889570263e-01
3.043125000000e+01 4.710000058896e-03 1.893893218222e-01
3.043750000000e+01 4.712338309253e-03 1.897963040095e-01
3.044375000000e+01 4.714754355186e-03 1.902099277115e-01
3.045000000000e+01 4.717248418452e-03 1.906302171428e-01
3.045625000000e+01 4.719820724011e-03 1.910571965851e-01
3.046250000000e+01 4.722471499700e-03 1.914908903624e-01
3.046875000000e+01 4.725200975958e-03 1.919313228145e-01
3.047500000000e+01 4.728009385435e-03 1.923785182701e-01
3.048125000000e+01 4.730896962690e-03 1.928325010182e-01
3.048750000000e+01 4.733863943814e-03 1.932932952790e-01
3.049375000000e+01 4.736910566048e-03 1.937609251725e-01
3.050000000000e+01 4.740037067403e-03 1.942354146873e-01
3.050625000000e+01 4.743243686233e-03 1.947167876469e-01
3.051250000000e+01 4.746530660828e-03 1.952050676752e-01
3.051875000000e+01 4.749898228979e-03 1.957002781606e-01
3.052500000000e+01 4.753346627475e-03 1.962024422185e-01
3.053125000000e+01 4.756876091668e-03 1.967115826524e-01
3.053750000000e+01 4.760486854952e-03 1.972277219135e-01
3.054375000000e+01 4.764179148247e-03 1.977508820587e-01
3.055000000000e+01 4.767953199461e-03 1.982810847069e-01
3.055625000000e+01 4.771809232908e-03 1.988183509934e-01
3.056250000000e+01 4.775747468770e-03 1.993627015231e-01
3.056875000000e+01 4.779768122426e-03 1.999141563214e-01
3.057500000000e+01 4.783871403870e-03 2.004727347836e-01
3.058125000000e+01 4.788057517032e-03 2.010384556216e-01
3.058750000000e+01 4.792326659096e-03 2.016113368098e-01
3.059375000000e+01 4.796679019800e-03 2.021913955281e-01
3.060000000000e+01 4.801114780677e-03 2.027786481030e-01
3.060625000000e+01 4.805634114318e-03 2.033731099464e-01
3.061250000000e+01 4.810237183578e-03 2.039747954928e-01
3.061875000000e+01 4.814924140714e-03 2.045837181333e-01
3.062500000000e+01 4.819695126579e-03 2.051998901478e-01
3.063125000000e+01 4.824550269709e-03 2.058233226347e-01
3.063750000000e+01 4.829489685414e-03 2.064540254382e-01
3.064375000000e+01 4.834513474830e-03 2.070920070729e-01
3.065000000000e+01 4.839621723915e-03 2.077372746455e-01
3.065625000000e+01 4.844814502459e-03 2.083898337747e-01
3.066250000000e+01 4.850091863008e-03 2.090496885076e-01
3.066875000000e+01 4.855453839777e-03 2.097168412335e-01
3.067500000000e+01 4.860900447525e-03 2.103912925949e-01
3.068125000000e+01 4.866431680379e-03 2.110730413957e-01
3.068750000000e+01 4.872047510642e-03 2.117620845065e-01
3.069375000000e+01 4.877747887521e-03 2.124584167662e-01
3.070000000000e+01 4.883532735871e-03 2.131620308814e-01
3.070625000000e+01 4.889401954862e-03 2.138729173225e-01
3.071250000000e+01 4.895355416584e-03 2.145910642161e-01
3.071875000000e+01 4.901392964665e-03 2.153164572345e-01
3.072500000000e+01 4.907514412811e-03 2.160490794822e-01
3.073125000000e+01 4.913719543300e-03 2.167889113790e-01
3.073750000000e+01 4.920008105454e-03 2.175359305394e-01
3.074375000000e+01 4.926379814035e-03 2.182901116487e-01
3.075000000000e+01 4.932834347640e-03 2.190514263368e-01
3.075625000000e+01 4.939371347016e-03 2.198198430467e-01
3.076250000000e+01 4.945990413341e-03 2.205953269014e-01
3.076875000000e+01 4.952691106469e-03 2.213778395666e-01
3.077500000000e+01 4.959472943114e-03 2.221673391097e-01
3.078125000000e+01 4.966335395014e-03 2.229637798561e-01
3.078750000000e+01 4.973277887014e-03 2.237671122421e-01
3.079375000000e+01 4.980299795153e-03 2.245772826636e-01
3.080000000000e+01 4.987400444688e-03 2.253942333230e-01
3.080625000000e+01 4.994579108035e-03 2.262179020715e-01
3.081250000000e+01 5.001835002749e-03 2.270482222491e-01
3.081875000000e+01 5.009167289403e-03 2.278851225214e-01
3.082500000000e+01 5.016575069456e-03 2.287285267133e-01
3.083125000000e+01 5.024057383079e-03 2.295783536399e-01
3.083750000000e+01 5.031613206927e-03 2.304345169349e-01
3.084375000000e+01 5.039241451930e-03 2.312969248761e-01
3.085000000000e+01 5.046940961000e-03 2.321654802089e-01
3.085625000000e+01 5.054710506738e-03 2.330400799675e-01
3.086250000000e+01 5.062548789109e-03 2.339206152936e-01
3.086875000000e+01 5.070454433104e-03 2.348069712545e-01
3.087500000000e+01 5.078425986376e-03 2.356990266583e-01
3.088125000000e+01 5.086461916855e-03 2.365966538690e-01
3.088750000000e+01 5.094560610384e-03 2.374997186202e-01
3.089375000000e+01 5.102720368317e-03 2.384080798282e-01
3.090000000000e+01 5.110939405133e-03 2.393215894047e-01
3.090625000000e+01 5.119215846051e-03 2.402400920704e-01
3.091250000000e+01 5.127547724664e-03 2.411634251681e-01
3.091875000000e+01 5.135932980578e-03 2.420914184779e-01
3.092500000000e+01 5.144369457092e-03 2.430238940328e-01
3.093125000000e+01 5.152854898877e-03 2.439606659371e-01
3.093750000000e+01 5.161386949747e-03 2.449015401873e-01
3.094375000000e+01 5.169963150424e-03 2.458463144955e-01
3.095000000000e+01 5.178580936384e-03 2.467947781172e-01
3.095625000000e+01 5.187237635766e-03 2.477467116831e-01
3.096250000000e+01 5.195930467348e-03 2.487018870361e-01
3.096875000000e+01 5.204656538613e-03 2.496600670738e-01
3.097500000000e+01 5.213412843887e-03 2.506210055981e-01
3.098125000000e+01 5.222196262627e-03 2.515844471715e-01
3.098750000000e+01 5.231003557773e-03 2.525501269820e-01
3.099375000000e+01 5.239831374263e-03 2.535177707166e-01
3.100000000000e+01 5.248676237663e-03 2.544870944447e-01
3.100625000000e+01 5.257534552970e-03 2.554578045129e-01
3.101250000000e+01 5.266402603560e-03 2.564295974507e-01
3.101875000000e+01 5.275276550338e-03 2.574021598895e-01
3.102500000000e+01 5.284152431033e-03 2.583751684953e-01
3.103125000000e+01 5.293026159771e-03 2.593482899159e-01
3.103750000000e+01 5.301893526797e-03 2.603211807442e-01
3.104375000000e+01 5.310750198471e-03 2.612934874982e-01
3.105000000000e+01 5.319591717496e-03 2.622648466194e-01
3.105625000000e+01 5.328413503420e-03 2.632348844896e-01
3.106250000000e+01 5.337210853408e-03 2.642032174688e-01
3.106875000000e+01 5.345978943292e-03 2.651694519536e-01
3.107500000000e+01 5.354712828970e-03 2.661331844588e-01
3.108125000000e+01 5.363407448080e-03 2.670940017215e-01
3.108750000000e+01 5.372057622029e-03 2.680514808308e-01
3.109375000000e+01 5.380658058373e-03 2.690051893830e-01
3.110000000000e+01 5.389203353548e-03 2.699546856627e-01
3.110625000000e+01 5.397687995984e-03 2.708995188523e-01
3.111250000000e+01 5.406106369603e-03 2.718392292705e-01
3.111875000000e+01 5.414452757689e-03 2.727733486389e-01
3.112500000000e+01 5.422721347219e-03 2.737014003806e-01
3.113125000000e+01 5.430906233555e-03 2.746228999485e-01
3.113750000000e+01 5.439001425584e-03 2.755373551868e-01
3.114375000000e+01 5.447000851283e-03 2.764442667233e-01
3.115000000000e+01 5.454898363723e-03 2.773431283960e-01
3.115625000000e+01 5.462687747503e-03 2.782334277119e-01
3.116250000000e+01 5.470362725613e-03 2.791146463404e-01
3.116875000000e+01 5.477916966778e-03 2.799862606389e-01
3.117500000000e+01 5.485344093190e-03 2.808477422136e-01
3.118125000000e+01 5.492637688700e-03 2.816985585128e-01
3.118750000000e+01 5.499791307427e-03 2.825381734538e-01
3.119375000000e+01 5.506798482794e-03 2.833660480825e-01
3.120000000000e+01 5.513652736957e-03 2.841816412651e-01
3.120625000000e+01 5.520347590648e-03 2.849844104113e-01
3.121250000000e+01 5.526876573358e-03 2.857738122276e-01
3.121875000000e+01 5.533233233932e-03 2.865493034997e-01
3.122500000000e+01 5.539411151465e-03 2.873103419032e-01
3.123125000000e+01 5.545403946509e-03 2.880563868398e-01
3.123750000000e+01 5.551205292594e-03 2.887869002988e-01
3.124375000000e+01 5.556808927985e-03 2.895013477404e-01
3.125000000000e+01 5.562208667683e-03 2.901991990000e-01
3.125625000000e+01 5.567398415588e-03 2.908799292098e-01
3.126250000000e+01 5.572372176873e-03 2.915430197369e-01
3.126875000000e+01 5.577124070425e-03 2.921879591339e-01
3.127500000000e+01 5.581648341386e-03 2.928142440987e-01
3.128125000000e+01 5.585939373728e-03 2.934213804427e-01
3.128750000000e+01 5.589991702808e-03 2.940088840616e-01
3.129375000000e+01 5.593800027878e-03 2.945762819076e-01
3.130000000000e+01 5.597359224492e-03 2.951231129576e-01
3.130625000000e+01 5.600664356722e-03 2.956489291761e-01
3.131250000000e+01 5.603710689247e-03 2.961532964675e-01
3.131875000000e+01 5.606493699112e-03 2.966357956142e-01
3.132500000000e+01 5.609009087225e-03 2.970960231980e-01
3.133125000000e+01 5.611252789490e-03 2.975335925002e-01
3.133750000000e+01 5.613220987534e-03 2.979481343761e-01
3.134375000000e+01 5.614910118992e-03 2.983392981013e-01
3.135000000000e+01 5.616316887251e-03 2.987067521861e-01
3.135625000000e+01 5.617438270716e-03 2.990501851531e-01
3.136250000000e+01 5.618271531417e-03 2.993693062759e-01
3.136875000000e+01 5.618814223010e-03 2.996638462753e-01
3.137500000000e+01 5.619064198100e-03 2.999335579691e-01
3.138125000000e+01 5.619019614818e-03 3.001782168729e-01
3.138750000000e+01 5.618678942732e-03 3.003976217496e-01
3.139375000000e+01 5.618040967870e-03 3.005915951041e-01
3.140000000000e+01 5.617104796992e-03 3.007599836210e-01
3.140625000000e+01 5.615869861051e-03 3.009026585438e-01
3.141250000000e+01 5.614335917756e-03 3.010195159933e-01
3.141875000000e+01 5.612503053286e-03 3.011104772232e-01
3.142500000000e+01 5.610371683129e-03 3.011754888130e-01
3.143125000000e+01 5.607942552034e-03 3.012145227953e-01
3.143750000000e+01 5.605216733077e-03 3.012275767192e-01
3.144375000000e+01 5.602195625815e-03 3.012146736476e-01
3.145000000000e+01 5.598880953619e-03 3.011758620888e-01
3.145625000000e+01 5.595274760085e-03 3.011112158640e-01
3.146250000000e+01 5.591379404615e-03 3.010208339102e-01
3.146875000000e+01 5.587197557176e-03 3.009048400192e-01
3.147500000000e+01 5.582732192212e-03 3.007633825154e-01
3.148125000000e+01 5.577986581866e-03 3.005966338728e-01
3.148750000000e+01 5.572964288339e-03 3.004047902739e-01
3.149375000000e+01 5.567669155607e-03 3.001880711116e-01
3.150000000000e+01 5.562105300481e-03 2.999467184382e-01
3.150625000000e+01 5.556277102982e-03 2.996809963626e-01
3.151250000000e+01 5.550189196165e-03 2.993911903989e-01
3.151875000000e+01 5.543846455389e-03 2.990776067705e-01
3.152500000000e+01 5.537253987101e-03 2.987405716716e-01
3.153125000000e+01 5.530417117178e-03 2.983804304902e-01
3.153750000000e+01 5.523341378857e-03 2.979975469957e-01
3.154375000000e+01 5.516032500372e-03 2.975923024953e-01
3.155000000000e+01 5.508496392257e-03 2.971650949623e-01
3.155625000000e+01 5.500739134437e-03 2.967163381399e-01
3.156250000000e+01 5.492766963143e-03 2.962464606250e-01
3.156875000000e+01 5.484586257656e-03 2.957559049344e-01
3.157500000000e+01 5.476203527065e-03 2.952451265590e-01
3.158125000000e+01 5.467625396882e-03 2.947145930072e-01
3.158750000000e+01 5.458858595739e-03 2.941647828439e-01
3.159375000000e+01 5.449909942169e-03 2.935961847256e-01
3.160000000000e+01 5.440786331455e-03 2.930092964372e-01
3.160625000000e+01 5.431494722653e-03 2.924046239333e-01
3.161250000000e+01 5.422042125819e-03 2.917826803864e-01
3.161875000000e+01 5.412435589431e-03 2.911439852447e-01
3.162500000000e+01 5.402682188173e-03 2.904890633050e-01
3.163125000000e+01 5.392789010879e-03 2.898184437988e-01
3.163750000000e+01 5.382763148951e-03 2.891326594988e-01
3.164375000000e+01 5.372611685050e-03 2.884322458442e-01
3.165000000000e+01 5.362341682206e-03 2.877177400897e-01
3.165625000000e+01 5.351960173329e-03 2.869896804784e-01
3.166250000000e+01 5.341474151120e-03 2.862486054407e-01
3.166875000000e+01 5.330890558509e-03 2.854950528210e-01
3.167500000000e+01 5.320216279434e-03 2.847295591338e-01
3.168125000000e+01 5.309458130158e-03 2.839526588489e-01
3.168750000000e+01 5.298622851066e-03 2.831648837086e-01
3.169375000000e+01 5.287717098916e-03 2.823667620760e-01
3.170000000000e+01 5.276747439580e-03 2.815588183163e-01
3.170625000000e+01 5.265720341286e-03 2.807415722100e-01
3.171250000000e+01 5.254642168311e-03 2.799155384005e-01
3.171875000000e+01 5.243519175240e-03 2.790812258732e-01
3.172500000000e+01 5.232357501571e-03 2.782391374698e-01
3.173125000000e+01 5.221163166926e-03 2.773897694337e-01
3.173750000000e+01 5.209942066638e-03 2.765336109893e-01
3.174375000000e+01 5.198699967828e-03 2.756711439535e-01
3.175000000000e+01 5.187442505923e-03 2.748028423785e-01
3.175625000000e+01 5.176175181578e-03 2.739291722267e-01
3.176250000000e+01 5.164903358069e-03 2.730505910755e-01
3.176875000000e+01 5.153632259065e-03 2.721675478519e-01
3.177500000000e+01 5.142366966740e-03 2.712804825969e-01
3.178125000000e+01 5.131112420359e-03 2.703898262571e-01
3.178750000000e+01 5.119873415148e-03 2.694960005038e-01
3.179375000000e+01 5.108654601533e-03 2.685994175784e-01
3.180000000000e+01 5.097460484710e-03 2.677004801632e-01
3.180625000000e+01 5.086295424492e-03 2.667995812756e-01
3.181250000000e+01 5.075163635536e-03 2.658971041860e-01
3.181875000000e+01 5.064069187711e-03 2.649934223578e-01
3.182500000000e+01 5.053016006862e-03 2.640888994077e-01
3.183125000000e+01 5.042007875728e-03 2.631838890864e-01
3.183750000000e+01 5.031048435128e-03 2.622787352777e-01
3.184375000000e+01 5.020141185345e-03 2.613737720157e-01
3.185000000000e+01 5.009289487692e-03 2.604693235179e-01
3.185625000000e+01 4.998496566298e-03 2.595657042346e-01
3.186250000000e+01 4.987765510037e-03 2.586632189124e-01
3.186875000000e+01 4.977099274562e-03 2.577621626709e-01
3.187500000000e+01 4.966500684566e-03 2.568628210932e-01
3.188125000000e+01 4.955972436097e-03 2.559654703260e-01
3.188750000000e+01 4.945517099003e-03 2.550703771921e-01
3.189375000000e+01 4.935137119486e-03 2.541777993116e-01
3.190000000000e+01 4.924834822704e-03 2.532879852324e-01
3.190625000000e+01 4.914612415524e-03 2.524011745687e-01
3.191250000000e+01 4.904471989225e-03 2.515175981462e-01
3.191875000000e+01 4.894415522365e-03 2.506374781546e-01
3.192500000000e+01 4.884444883620e-03 2.497610283051e-01
3.193125000000e+01 4.874561834685e-03 2.488884539932e-01
3.193750000000e+01 4.864768033194e-03 2.480199524661e-01
3.194375000000e+01 4.855065035646e-03 2.471557129932e-01
3.195000000000e+01 4.845454300367e-03 2.462959170404e-01
3.195625000000e+01 4.835937190471e-03 2.454407384463e-01
3.196250000000e+01 4.826514976756e-03 2.445903436010e-01
3.196875000000e+01 4.817188840689e-03 2.437448916263e-01
3.197500000000e+01 4.807959877302e-03 2.429045345566e-01
3.198125000000e+01 4.798829098088e-03 2.420694175210e-01
3.198750000000e+01 4.789797433882e-03 2.412396789250e-01
3.199375000000e+01 4.780865737684e-03 2.404154506327e-01
3.200000000000e+01 4.772034787487e-03 2.395968581480e-01
3.200625000000e+01 4.763305289035e-03 2.387840207952e-01
3.201250000000e+01 4.754677878548e-03 2.379770518987e-01
3.201875000000e+01 4.746153125413e-03 2.371760589605e-01
3.202500000000e+01 4.737731534820e-03 2.363811438371e-01
3.203125000000e+01 4.729413550336e-03 2.355924029140e-01
3.203750000000e+01 4.721199556470e-03 2.348099272779e-01
3.204375000000e+01 4.713089881134e-03 2.340338028874e-01
3.205000000000e+01 4.705084798101e-03 2.332641107401e-01
3.205625000000e+01 4.697184529357e-03 2.325009270387e-01
3.206250000000e+01 4.689389247426e-03 2.317443233528e-01
3.206875000000e+01 4.681699077653e-03 2.309943667792e-01
3.207500000000e+01 4.674114100397e-03 2.302511200980e-01
3.208125000000e+01 4.666634353187e-03 2.295146419274e-01
3.208750000000e+01 4.659259832816e-03 2.287849868734e-01
3.209375000000e+01 4.651990497359e-03 2.280622056783e-01
3.210000000000e+01 4.644826268183e-03 2.273463453645e-01
3.210625000000e+01 4.637767031839e-03 2.266374493760e-01
3.211250000000e+01 4.630812641939e-03 2.259355577164e-01
3.211875000000e+01 4.623962920964e-03 2.252407070835e-01
3.212500000000e+01 4.617217661993e-03 2.245529310010e-01
3.213125000000e+01 4.610576630433e-03 2.238722599462e-01
3.213750000000e+01 4.604039565633e-03 2.231987214756e-01
3.214375000000e+01 4.597606182477e-03 2.225323403457e-01
3.215000000000e+01 4.591276172939e-03 2.218731386324e-01
3.215625000000e+01 4.585049207517e-03 2.212211358456e-01
3.216250000000e+01 4.578924936711e-03 2.205763490412e-01
3.216875000000e+01 4.572902992380e-03 2.199387929306e-01
3.217500000000e+01 4.566982989079e-03 2.193084799856e-01
3.218125000000e+01 4.561164525344e-03 2.186854205422e-01
3.218750000000e+01 4.555447184914e-03 2.180696228994e-01
3.219375000000e+01 4.549830537945e-03 2.174610934162e-01
3.220000000000e+01 4.544314142138e-03 2.168598366059e-01
3.220625000000e+01 4.538897543849e-03 2.162658552262e-01
3.221250000000e+01 4.533580279149e-03 2.156791503680e-01
3.221875000000e+01 4.528361874827e-03 2.150997215405e-01
3.222500000000e+01 4.523241849394e-03 2.145275667538e-01
3.223125000000e+01 4.518219714005e-03 2.139626825990e-01
3.223750000000e+01 4.513294973360e-03 2.134050643256e-01
3.224375000000e+01 4.508467126591e-03 2.128547059166e-01
3.225000000000e+01 4.503735668045e-03 2.123116001603e-01
3.225625000000e+01 4.499100088127e-03 2.117757387211e-01
3.226250000000e+01 4.494559874036e-03 2.112471122067e-01
3.226875000000e+01 4.490114510498e-03 2.107257102336e-01
3.227500000000e+01 4.485763480472e-03 2.102115214903e-01
3.228125000000e+01 4.481506265794e-03 2.097045337980e-01
3.228750000000e+01 4.477342347847e-03 2.092047341700e-01
3.229375000000e+01 4.473271208152e-03 2.087121088683e-01
3.230000000000e+01 4.469292328955e-03 2.082266434581e-01
3.230625000000e+01 4.465405193792e-03 2.077483228614e-01
3.231250000000e+01 4.461609287996e-03 2.072771314073e-01
3.231875000000e+01 4.457904099240e-03 2.068130528818e-01
3.232500000000e+01 4.454289118000e-03 2.063560705752e-01
3.233125000000e+01 4.450763838015e-03 2.059061673275e-01
3.233750000000e+01 4.447327756756e-03 2.054633255727e-01
3.234375000000e+01 4.443980375784e-03 2.050275273814e-01
3.235000000000e+01 4.440721201230e-03 2.045987545018e-01
3.235625000000e+01 4.437549744114e-03 2.041769883988e-01
3.236250000000e+01 4.434465520738e-03 2.037622102925e-01
3.236875000000e+01 4.431468053023e-03 2.033544011943e-01
3.237500000000e+01 4.428556868827e-03 2.029535419425e-01
3.238125000000e+01 4.425731502281e-03 2.025596132362e-01
3.238750000000e+01 4.422991494065e-03 2.021725956681e-01
3.239375000000e+01 4.420336391703e-03 2.017924697554e-01
3.240000000000e+01 4.417765749826e-03 2.014192159710e-01
3.240625000000e+01 4.415279130419e-03 2.010528147718e-01
3.241250000000e+01 4.412876103079e-03 2.006932466276e-01
3.241875000000e+01 4.410556245237e-03 2.003404920473e-01
3.242500000000e+01 4.408319142370e-03 1.999945316056e-01
3.243125000000e+01 4.406164388238e-03 1.996553459677e-01
3.243750000000e+01 4.404091585012e-03 1.993229159136e-01
3.244375000000e+01 4.402100343552e-03 1.989972223612e-01
3.245000000000e+01 4.400190283514e-03 1.986782463885e-01
3.245625000000e+01 4.398361033549e-03 1.983659692556e-01
3.246250000000e+01 4.396612231460e-03 1.980603724248e-01
3.246875000000e+01 4.394943524337e-03 1.977614375812e-01
3.247500000000e+01 4.393354568724e-03 1.974691466514e-01
3.248125000000e+01 4.391845030746e-03 1.971834818222e-01
3.248750000000e+01 4.390414586235e-03 1.969044255586e-01
3.249375000000e+01 4.389062920860e-03 1.966319606208e-01
3.250000000000e+01 4.387789730231e-03 1.963660700806e-01
3.250625000000e+01 4.386594720031e-03 1.961067373381e-01
3.251250000000e+01 4.385477606111e-03 1.958539461360e-01
3.251875000000e+01 4.384438114588e-03 1.956076805757e-01
3.252500000000e+01 4.383475981954e-03 1.953679251306e-01
3.253125000000e+01 4.382590955143e-03 1.951346646606e-01
3.253750000000e+01 4.381782791659e-03 1.949078844252e-01
3.254375000000e+01 4.381051259625e-03 1.946875700965e-01
3.255000000000e+01 4.380396137879e-03 1.944737077720e-01
3.255625000000e+01 4.379817216056e-03 1.942662839860e-01
3.256250000000e+01 4.379314294643e-03 1.940652857220e-01
3.256875000000e+01 4.378887185079e-03 1.938707004238e-01
3.257500000000e+01 4.378535709805e-03 1.936825160063e-01
3.258125000000e+01 4.378259702339e-03 1.935007208666e-01
3.258750000000e+01 4.378059007344e-03 1.933253038937e-01
3.259375000000e+01 4.377933480674e-03 1.931562544793e-01
3.260000000000e+01 4.377882989463e-03 1.929935625271e-01
3.260625000000e+01 4.377907412169e-03 1.928372184623e-01
3.261250000000e+01 4.378006638638e-03 1.926872132410e-01
3.261875000000e+01 4.378180570166e-03 1.925435383594e-01
3.262500000000e+01 4.378429119535e-03 1.924061858621e-01
3.263125000000e+01 4.378752211114e-03 1.922751483512e-01
3.263750000000e+01 4.379149780875e-03 1.921504189944e-01
3.264375000000e+01 4.379621776468e-03 1.920319915335e-01
3.265000000000e+01 4.380168157278e-03 1.919198602920e-01
3.265625000000e+01 4.380788894464e-03 1.918140201837e-01
3.266250000000e+01 4.381483971043e-03 1.917144667197e-01
3.266875000000e+01 4.382253381929e-03 1.916211960167e-01
3.267500000000e+01 4.383097133992e-03 1.915342048040e-01
3.268125000000e+01 4.384015246125e-03 1.914534904314e-01
3.268750000000e+01 4.385007749280e-03 1.913790508761e-01
3.269375000000e+01 4.386074686557e-03 1.913108847502e-01
3.270000000000e+01 4.387216113247e-03 1.912489913076e-01
3.270625000000e+01 4.388432096894e-03 1.911933704514e-01
3.271250000000e+01 4.389722717365e-03 1.911440227406e-01
3.271875000000e+01 4.391088066897e-03 1.911009493975e-01
3.272500000000e+01 4.392528250180e-03 1.910641523141e-01
3.273125000000e+01 4.394043384428e-03 1.910336340595e-01
3.273750000000e+01 4.395633599422e-03 1.910093978865e-01
3.274375000000e+01 4.397299037603e-03 1.909914477384e-01
3.275000000000e+01 4.399039854123e-03 1.909797882563e-01
3.275625000000e+01 4.400856216941e-03 1.909744247854e-01
3.276250000000e+01 4.402748306884e-03 1.909753633824e-01
3.276875000000e+01 4.404716317727e-03 1.909826108219e-01
3.277500000000e+01 4.406760456279e-03 1.909961746037e-01
3.278125000000e+01 4.408880942443e-03 1.910160629594e-01
3.278750000000e+01 4.411078009330e-03 1.910422848599e-01
3.279375000000e+01 4.413351903326e-03 1.910748500216e-01
3.280000000000e+01 4.415702884183e-03 1.911137689144e-01
3.280625000000e+01 4.418131225119e-03 1.911590527680e-01
3.281250000000e+01 4.420637212890e-03 1.912107135795e-01
3.281875000000e+01 4.423221147910e-03 1.912687641208e-01
3.282500000000e+01 4.425883344347e-03 1.913332179454e-01
3.283125000000e+01 4.428624130206e-03 1.914040893962e-01
3.283750000000e+01 4.431443847454e-03 1.914813936129e-01
3.284375000000e+01 4.434342852105e-03 1.915651465396e-01
3.285000000000e+01 4.437321514356e-03 1.916553649321e-01
3.285625000000e+01 4.440380218683e-03 1.917520663661e-01
3.286250000000e+01 4.443519363962e-03 1.918552692451e-01
3.286875000000e+01 4.446739363591e-03 1.919649928078e-01
3.287500000000e+01 4.450040645596e-03 1.920812571367e-01
3.288125000000e+01 4.453423652782e-03 1.922040831662e-01
3.288750000000e+01 4.456888842844e-03 1.923334926906e-01
3.289375000000e+01 4.460436688505e-03 1.924695083730e-01
3.290000000000e+01 4.464067677653e-03 1.926121537536e-01
3.290625000000e+01 4.467782313466e-03 1.927614532584e-01
3.291250000000e+01 4.471581114572e-03 1.929174322079e-01
3.291875000000e+01 4.475464615194e-03 1.930801168265e-01
3.292500000000e+01 4.479433365283e-03 1.932495342512e-01
3.293125000000e+01 4.483487930687e-03 1.934257125410e-01
3.293750000000e+01 4.487628893287e-03 1.936086806865e-01
3.294375000000e+01 4.491856851182e-03 1.937984686191e-01
3.295000000000e+01 4.496172418838e-03 1.939951072209e-01
3.295625000000e+01 4.500576227256e-03 1.941986283347e-01
3.296250000000e+01 4.505068924150e-03 1.944090647740e-01
3.296875000000e+01 4.509651174099e-03 1.946264503329e-01
3.297500000000e+01 4.514323658758e-03 1.948508197968e-01
3.298125000000e+01 4.519087077019e-03 1.950822089529e-01
3.298750000000e+01 4.523942145202e-03 1.953206546008e-01
3.299375000000e+01 4.528889597247e-03 1.955661945634e-01
3.300000000000e+01 4.533930184894e-03 1.958188676979e-01
3.300625000000e+01 4.539064677899e-03 1.960787139074e-01
3.301250000000e+01 4.544293864234e-03 1.963457741516e-01
3.301875000000e+01 4.549618550274e-03 1.966200904590e-01
3.302500000000e+01 4.555039561027e-03 1.969017059385e-01
3.303125000000e+01 4.560557740321e-03 1.971906647912e-01
3.303750000000e+01 4.566173951049e-03 1.974870123226e-01
3.304375000000e+01 4.571889075375e-03 1.977907949549e-01
3.305000000000e+01 4.577704014957e-03 1.981020602394e-01
3.305625000000e+01 4.583619691182e-03 1.984208568694e-01
3.306250000000e+01 4.589637045380e-03 1.987472346926e-01
3.306875000000e+01 4.595757039086e-03 1.990812447246e-01
3.307500000000e+01 4.601980654259e-03 1.994229391616e-01
3.308125000000e+01 4.608308893532e-03 1.997723713940e-01
3.308750000000e+01 4.614742780462e-03 2.001295960202e-01
3.309375000000e+01 4.621283359759e-03 2.004946688595e-01
3.310000000000e+01 4.627931697570e-03 2.008676469668e-01
3.310625000000e+01 4.634688881710e-03 2.012485886460e-01
3.311250000000e+01 4.641556021944e-03 2.016375534645e-01
3.311875000000e+01 4.648534250230e-03 2.020346022675e-01
3.312500000000e+01 4.655624720984e-03 2.024397971921e-01
3.313125000000e+01 4.662828611368e-03 2.028532016825e-01
3.313750000000e+01 4.670147121549e-03 2.032748805041e-01
3.314375000000e+01 4.677581474973e-03 2.037048997589e-01
3.315000000000e+01 4.685132918651e-03 2.041433269001e-01
3.315625000000e+01 4.692802723414e-03 2.045902307474e-01
3.316250000000e+01 4.700592184227e-03 2.050456815018e-01
3.316875000000e+01 4.708502620451e-03 2.055097507617e-01
3.317500000000e+01 4.716535376135e-03 2.059825115372e-01
3.318125000000e+01 4.724691820304e-03 2.064640382662e-01
3.318750000000e+01 4.732973347229e-03 2.069544068298e-01
3.319375000000e+01 4.741381376745e-03 2.074536945674e-01
3.320000000000e+01 4.749917354518e-03 2.079619802928e-01
3.320625000000e+01 4.758582752353e-03 2.084793443091e-01
3.321250000000e+01 4.767379068465e-03 2.090058684247e-01
3.321875000000e+01 4.776307827766e-03 2.095416359686e-01
3.322500000000e+01 4.785370582180e-03 2.100867318056e-01
3.323125000000e+01 4.794568910907e-03 2.106412423521e-01
3.323750000000e+01 4.803904420716e-03 2.112052555907e-01
3.324375000000e+01 4.813378746236e-03 2.117788610860e-01
3.325000000000e+01 4.822993550212e-03 2.123621499991e-01
3.325625000000e+01 4.832750523818e-03 2.129552151023e-01
3.326250000000e+01 4.842651386905e-03 2.135581507941e-01
3.326875000000e+01 4.852697888282e-03 2.141710531130e-01
3.327500000000e+01 4.862891805983e-03 2.147940197517e-01
3.328125000000e+01 4.873234947505e-03 2.154271500708e-01
3.328750000000e+01 4.883729150089e-03 2.160705451120e-01
3.329375000000e+01 4.894376280947e-03 2.167243076110e-01
3.330000000000e+01 4.905178237510e-03 2.173885420101e-01
3.330625000000e+01 4.916136947647e-03 2.180633544699e-01
3.331250000000e+01 4.927254369870e-03 2.187488528805e-01
3.331875000000e+01 4.938532493569e-03 2.194451468726e-01
3.332500000000e+01 4.949973339188e-03 2.201523478273e-01
3.333125000000e+01 4.961578958407e-03 2.208705688853e-01
3.333750000000e+01 4.973351434314e-03 2.215999249556e-01
3.334375000000e+01 4.985292881533e-03 2.223405327228e-01
3.335000000000e+01 4.997405446387e-03 2.230925106540e-01
3.335625000000e+01 5.009691306991e-03 2.238559790039e-01
3.336250000000e+01 5.022152673350e-03 2.246310598197e-01
3.336875000000e+01 5.034791787431e-03 2.254178769440e-01
3.337500000000e+01 5.047610923191e-03 2.262165560167e-01
3.338125000000e+01 5.060612386627e-03 2.270272244753e-01
3.338750000000e+01 5.073798515745e-03 2.278500115539e-01
3.339375000000e+01 5.087171680528e-03 2.286850482805e-01
3.340000000000e+01 5.100734282877e-03 2.295324674719e-01
3.340625000000e+01 5.114488756473e-03 2.303924037278e-01
3.341250000000e+01 5.128437566670e-03 2.312649934218e-01
3.341875000000e+01 5.142583210293e-03 2.321503746911e-01
3.342500000000e+01 5.156928215414e-03 2.330486874224e-01
3.343125000000e+01 5.171475141087e-03 2.339600732374e-01
3.343750000000e+01 5.186226577009e-03 2.348846754736e-01
3.344375000000e+01 5.201185143172e-03 2.358226391632e-01
3.345000000000e+01 5.216353489414e-03 2.367741110089e-01
3.345625000000e+01 5.231734294939e-03 2.377392393560e-01
3.346250000000e+01 5.247330267769e-03 2.387181741616e-01
3.346875000000e+01 5.263144144096e-03 2.397110669592e-01
3.347500000000e+01 5.279178687628e-03 2.407180708201e-01
3.348125000000e+01 5.295436688796e-03 2.417393403103e-01
3.348750000000e+01 5.311920963902e-03 2.427750314426e-01
3.349375000000e+01 5.328634354207e-03 2.438253016245e-01
3.350000000000e+01 5.345579724848e-03 2.448903096001e-01
3.350625000000e+01 5.362759963764e-03 2.459702153877e-01
3.351250000000e+01 5.380177980434e-03 2.470651802107e-01
3.351875000000e+01 5.397836704541e-03 2.481753664230e-01
3.352500000000e+01 5.415739084519e-03 2.493009374274e-01
3.353125000000e+01 5.433888085941e-03 2.504420575876e-01
3.353750000000e+01 5.452286689845e-03 2.515988921328e-01
3.354375000000e+01 5.470937890850e-03 2.527716070546e-01
3.355000000000e+01 5.489844695167e-03 2.539603689953e-01
3.355625000000e+01 5.509010118435e-03 2.551653451282e-01
3.356250000000e+01 5.528437183393e-03 2.563867030289e-01
3.356875000000e+01 5.548128917403e-03 2.576246105356e-01
3.357500000000e+01 5.568088349755e-03 2.588792356012e-01
3.358125000000e+01 5.588318508790e-03 2.601507461329e-01
3.358750000000e+01 5.608822418852e-03 2.614393098213e-01
3.359375000000e+01 5.629603096922e-03 2.627450939573e-01
3.360000000000e+01 5.650663549188e-03 2.640682652362e-01
3.360625000000e+01 5.672006767210e-03 2.654089895488e-01
3.361250000000e+01 5.693635723939e-03 2.667674317581e-01
3.361875000000e+01 5.715553369431e-03 2.681437554612e-01
3.362500000000e+01 5.737762626266e-03 2.695381227356e-01
3.363125000000e+01 5.760266384722e-03 2.709506938696e-01
3.363750000000e+01 5.783067497596e-03 2.723816270746e-01
3.364375000000e+01 5.806168774713e-03 2.738310781798e-01
3.365000000000e+01 5.829572977109e-03 2.752992003081e-01
3.365625000000e+01 5.853282810812e-03 2.767861435313e-01
3.366250000000e+01 5.877300920325e-03 2.782920545051e-01
3.366875000000e+01 5.901629881647e-03 2.798170760817e-01
3.367500000000e+01 5.926272194908e-03 2.813613468995e-01
3.368125000000e+01 5.951230276610e-03 2.829250009491e-01
3.368750000000e+01 5.976506451308e-03 2.845081671136e-01
3.369375000000e+01 6.002102943008e-03 2.861109686830e-01
3.370000000000e+01 6.028021865893e-03 2.877335228413e-01
3.370625000000e+01 6.054265214651e-03 2.893759401246e-01
3.371250000000e+01 6.080834854243e-03 2.910383238500e-01
3.371875000000e+01 6.107732509096e-03 2.927207695129e-01
3.372500000000e+01 6.134959751789e-03 2.944233641529e-01
3.373125000000e+01 6.162517991080e-03 2.961461856851e-01
3.373750000000e+01 6.190408459360e-03 2.978893021984e-01
3.374375000000e+01 6.218632199460e-03 2.996527712160e-01
3.375000000000e+01 6.247190050782e-03 3.014366389208e-01
3.375625000000e+01 6.276082634815e-03 3.032409393406e-01
3.376250000000e+01 6.305310339887e-03 3.050656934953e-01
3.376875000000e+01 6.334873305242e-03 3.069109085029e-01
3.377500000000e+01 6.364771404379e-03 3.087765766435e-01
3.378125000000e+01 6.395004227610e-03 3.106626743812e-01
3.378750000000e+01 6.425571063931e-03 3.125691613418e-01
3.379375000000e+01 6.456470882015e-03 3.144959792463e-01
3.380000000000e+01 6.487702310484e-03 3.164430507988e-01
3.380625000000e+01 6.519263617364e-03 3.184102785289e-01
3.381250000000e+01 6.551152688696e-03 3.203975435867e-01
3.381875000000e+01 6.583367006413e-03 3.224047044924e-01
3.382500000000e+01 6.615903625332e-03 3.244315958375e-01
3.383125000000e+01 6.648759149375e-03 3.264780269402e-01
3.383750000000e+01 6.681929706990e-03 3.285437804539e-01
3.384375000000e+01 6.715410925747e-03 3.306286109297e-01
3.385000000000e+01 6.749197906249e-03 3.327322433337e-01
3.385625000000e+01 6.783285195218e-03 3.348543715205e-01
3.386250000000e+01 6.817666757906e-03 3.369946566648e-01
3.386875000000e+01 6.852335949845e-03 3.391527256523e-01
3.387500000000e+01 6.887285487917e-03 3.413281694328e-01
3.388125000000e+01 6.922507420967e-03 3.435205413385e-01
3.388750000000e+01 6.957993099777e-03 3.457293553711e-01
3.389375000000e+01 6.993733146707e-03 3.479540844609e-01
3.390000000000e+01 7.029717424969e-03 3.501941587042e-01
3.390625000000e+01 7.065935007636e-03 3.524489635819e-01
3.391250000000e+01 7.102374146579e-03 3.547178381686e-01
3.391875000000e+01 7.139022241342e-03 3.570000733349e-01
3.392500000000e+01 7.175865808182e-03 3.592949099552e-01
3.393125000000e+01 7.212890449406e-03 3.616015371247e-01
3.393750000000e+01 7.250080823125e-03 3.639190903991e-01
3.394375000000e+01 7.287420613735e-03 3.662466500642e-01
3.395000000000e+01 7.324892503166e-03 3.685832394479e-01
3.395625000000e+01 7.362478143256e-03 3.709278232873e-01
3.396250000000e+01 7.400158129417e-03 3.732793061629e-01
3.396875000000e+01 7.437911975840e-03 3.756365310144e-01
3.397500000000e+01 7.475718092598e-03 3.779982777540e-01
3.398125000000e+01 7.513553764846e-03 3.803632619928e-01
3.398750000000e+01 7.551395134417e-03 3.827301338972e-01
3.399375000000e+01 7.589217184254e-03 3.850974771943e-01
3.400000000000e+01 7.626993725861e-03 3.874638083445e-01
3.400625000000e+01 7.664697390288e-03 3.898275759013e-01
3.401250000000e+01 7.702299622858e-03 3.921871600796e-01
3.401875000000e+01 7.739770682108e-03 3.945408725522e-01
3.402500000000e+01 7.777079643310e-03 3.968869564975e-01
3.403125000000e+01 7.814194406893e-03 3.992235869198e-01
3.403750000000e+01 7.851081712290e-03 4.015488712639e-01
3.404375000000e+01 7.887707157420e-03 4.038608503469e-01
3.405000000000e+01 7.924035224306e-03 4.061574996278e-01
3.405625000000e+01 7.960029311151e-03 4.084367308370e-01
3.406250000000e+01 7.995651771173e-03 4.106963939850e-01
3.406875000000e+01 8.030863958642e-03 4.129342797701e-01
3.407500000000e+01 8.065626282284e-03 4.151481224019e-01
3.408125000000e+01 8.099898266329e-03 4.173356028566e-01
3.408750000000e+01 8.133638619522e-03 4.194943525777e-01
3.409375000000e+01 8.166805312107e-03 4.216219576316e-01
3.410000000000e+01 8.199355661068e-03 4.237159633277e-01
3.410625000000e+01 8.231246423486e-03 4.257738793052e-01
3.411250000000e+01 8.262433898151e-03 4.277931850884e-01
3.411875000000e+01 8.292874035240e-03 4.297713361065e-01
3.412500000000e+01 8.322522553876e-03 4.317057701690e-01
3.413125000000e+01 8.351335067406e-03 4.335939143845e-01
3.413750000000e+01 8.379267215892e-03 4.354331925043e-01
3.414375000000e+01 8.406274805469e-03 4.372210326673e-01
3.415000000000e+01 8.432313953982e-03 4.389548755167e-01
3.415625000000e+01 8.457341242220e-03 4.406321826557e-01
3.416250000000e+01 8.481313870115e-03 4.422504453995e-01
3.416875000000e+01 8.504189816931e-03 4.438071937813e-01
3.417500000000e+01 8.525928004541e-03 4.453000057575e-01
3.418125000000e+01 8.546488462856e-03 4.467265165606e-01
3.418750000000e+01 8.565832496173e-03 4.480844281354e-01
3.419375000000e+01 8.583922849432e-03 4.493715185966e-01
3.420000000000e+01 8.600723872977e-03 4.505856516382e-01
3.420625000000e+01 8.616201684672e-03 4.517247858240e-01
3.421250000000e+01 8.630324328023e-03 4.527869836865e-01
3.421875000000e+01 8.643061924941e-03 4.537704205586e-01
3.422500000000e+01 8.654386821947e-03 4.546733930647e-01
3.423125000000e+01 8.664273728337e-03 4.554943271961e-01
3.423750000000e+01 8.672699845181e-03 4.562317858993e-01
3.424375000000e+01 8.679644983865e-03 4.568844761061e-01
3.425000000000e+01 8.685091673036e-03 4.574512551405e-01
3.425625000000e+01 8.689025252972e-03 4.579311364418e-01
3.426250000000e+01 8.691433956326e-03 4.583232945456e-01
3.426875000000e+01 8.692308974436e-03 4.586270692774e-01
3.427500000000e+01 8.691644508614e-03 4.588419691135e-01
3.428125000000e+01 8.689437805715e-03 4.589676736783e-01
3.428750000000e+01 8.685689177778e-03 4.590040353509e-01
3.429375000000e+01 8.680402005322e-03 4.589510799662e-01
3.430000000000e+01 8.673582724411e-03 4.588090066029e-01
3.430625000000e+01 8.665240797499e-03 4.585781864616e-01
3.431250000000e+01 8.655388668345e-03 4.582591608439e-01
3.431875000000e+01 8.644041701518e-03 4.578526382547e-01
3.432500000000e+01 8.631218106977e-03 4.573594906566e-01
3.433125000000e+01 8.616938850526e-03 4.567807489148e-01
3.433750000000e+01 8.601227551030e-03 4.561175974777e-01
3.434375000000e+01 8.584110365311e-03 4.553713683475e-01
3.435000000000e+01 8.565615861959e-03 4.545435343966e-01
3.435625000000e+01 8.545774885063e-03 4.536357020961e-01
3.436250000000e+01 8.524620409270e-03 4.526496037232e-01
3.436875000000e+01 8.502187387341e-03 4.515870891186e-01
3.437500000000e+01 8.478512591616e-03 4.504501170674e-01
3.438125000000e+01 8.453634450768e-03 4.492407463769e-01
3.438750000000e+01 8.427592883053e-03 4.479611267274e-01
3.439375000000e+01 8.400429127484e-03 4.466134893673e-01
3.440000000000e+01 8.372185574182e-03 4.452001377262e-01
3.440625000000e+01 8.342905595091e-03 4.437234380139e-01
3.441250000000e+01 8.312633376335e-03 4.421858098725e-01
3.441875000000e+01 8.281413753159e-03 4.405897171424e-01
3.442500000000e+01 8.249292048565e-03 4.389376588011e-01
3.443125000000e+01 8.216313916561e-03 4.372321601274e-01
3.443750000000e+01 8.182525190754e-03 4.354757641381e-01
3.444375000000e+01 8.147971739171e-03 4.336710233405e-01
3.445000000000e+01 8.112699325741e-03 4.318204918373e-01
3.445625000000e+01 8.076753479148e-03 4.299267178150e-01
3.446250000000e+01 8.040179369304e-03 4.279922364417e-01
3.446875000000e+01 8.003021691894e-03 4.260195631960e-01
3.447500000000e+01 7.965324561223e-03 4.240111876406e-01
3.448125000000e+01 7.927131411429e-03 4.219695676524e-01
3.448750000000e+01 7.888484906192e-03 4.198971241145e-01
3.449375000000e+01 7.849426856928e-03 4.177962360720e-01
3.450000000000e+01 7.809998149333e-03 4.156692363486e-01
3.450625000000e+01 7.770238678259e-03 4.135184076186e-01
3.451250000000e+01 7.730187290559e-03 4.113459789253e-01
3.451875000000e+01 7.689881735788e-03 4.091541226335e-01
3.452500000000e+01 7.649358624419e-03 4.069449518015e-01
3.453125000000e+01 7.608653393229e-03 4.047205179573e-01
3.453750000000e+01 7.567800277623e-03 4.024828092601e-01
3.454375000000e+01 7.526832290346e-03 4.002337490276e-01
3.455000000000e+01 7.485781206382e-03 3.979751946094e-01
3.455625000000e+01 7.444677553486e-03 3.957089365850e-01
3.456250000000e+01 7.403550608043e-03 3.934366982649e-01
3.456875000000e+01 7.362428395884e-03 3.911601354728e-01
3.457500000000e+01 7.321337697518e-03 3.888808365875e-01
3.458125000000e+01 7.280304057519e-03 3.866003228234e-01
3.458750000000e+01 7.239351797625e-03 3.843200487268e-01
3.459375000000e+01 7.198504033155e-03 3.820414028702e-01
3.460000000000e+01 7.157782692473e-03 3.797657087216e-01
3.460625000000e+01 7.117208539028e-03 3.774942256721e-01
3.461250000000e+01 7.076801195730e-03 3.752281502022e-01
3.461875000000e+01 7.036579171331e-03 3.729686171694e-01
3.462500000000e+01 6.996559888470e-03 3.707167012013e-01
3.463125000000e+01 6.956759713209e-03 3.684734181785e-01
3.463750000000e+01 6.917193985669e-03 3.662397267917e-01
3.464375000000e+01 6.877877051665e-03 3.640165301614e-01
3.465000000000e+01 6.838822294976e-03 3.618046775059e-01
3.465625000000e+01 6.800042170160e-03 3.596049658473e-01
3.466250000000e+01 6.761548235730e-03 3.574181417442e-01
3.466875000000e+01 6.723351187412e-03 3.552449030412e-01
3.467500000000e+01 6.685460891450e-03 3.530859006277e-01
3.468125000000e+01 6.647886417766e-03 3.509417401963e-01
3.468750000000e+01 6.610636072839e-03 3.488129839949e-01
3.469375000000e+01 6.573717432280e-03 3.467001525658e-01
3.470000000000e+01 6.537137372881e-03 3.446037264659e-01
3.470625000000e+01 6.500902104157e-03 3.425241479633e-01
3.471250000000e+01 6.465017199270e-03 3.404618227060e-01
3.471875000000e+01 6.429487625246e-03 3.384171213586e-01
3.472500000000e+01 6.394317772529e-03 3.363903812042e-01
3.473125000000e+01 6.359511483703e-03 3.343819077088e-01
3.473750000000e+01 6.325072081429e-03 3.323919760452e-01
3.474375000000e+01 6.291002395585e-03 3.304208325760e-01
3.475000000000e+01 6.257304789465e-03 3.284686962926e-01
3.475625000000e+01 6.223981185227e-03 3.265357602108e-01
3.476250000000e+01 6.191033088380e-03 3.246221927206e-01
3.476875000000e+01 6.158461611423e-03 3.227281388910e-01
3.477500000000e+01 6.126267496610e-03 3.208537217294e-01
3.478125000000e+01 6.094451137809e-03 3.189990433941e-01
3.478750000000e+01 6.063012601554e-03 3.171641863628e-01
3.479375000000e+01 6.031951647176e-03 3.153492145547e-01
3.480000000000e+01 6.001267746129e-03 3.135541744088e-01
3.480625000000e+01 5.970960100483e-03 3.117790959178e-01
3.481250000000e+01 5.941027660575e-03 3.100239936187e-01
3.481875000000e+01 5.911469141930e-03 3.082888675418e-01
3.482500000000e+01 5.882283041350e-03 3.065737041174e-01
3.483125000000e+01 5.853467652276e-03 3.048784770427e-01
3.483750000000e+01 5.825021079450e-03 3.032031481097e-01
3.484375000000e+01 5.796941252757e-03 3.015476679936e-01
3.485000000000e+01 5.769225940580e-03 2.999119770060e-01
3.485625000000e+01 5.741872762289e-03 2.982960058111e-01
3.486250000000e+01 5.714879200221e-03 2.966996761071e-01
3.486875000000e+01 5.688242611003e-03 2.951229012750e-01
3.487500000000e+01 5.661960236266e-03 2.935655869945e-01
3.488125000000e+01 5.636029212846e-03 2.920276318289e-01
3.488750000000e+01 5.610446582376e-03 2.905089277799e-01
3.489375000000e+01 5.585209300398e-03 2.890093608146e-01
3.490000000000e+01 5.560314244954e-03 2.875288113634e-01
3.490625000000e+01 5.535758224684e-03 2.860671547927e-01
3.491250000000e+01 5.511537986511e-03 2.846242618520e-01
3.491875000000e+01 5.487650222838e-03 2.831999990959e-01
3.492500000000e+01 5.464091578345e-03 2.817942292841e-01
3.493125000000e+01 5.440858656411e-03 2.804068117584e-01
3.493750000000e+01 5.417948025062e-03 2.790376027988e-01
3.494375000000e+01 5.395356222719e-03 2.776864559591e-01
3.495000000000e+01 5.373079763429e-03 2.763532223836e-01
3.495625000000e+01 5.351115141877e-03 2.750377511053e-01
3.496250000000e+01 5.329458838043e-03 2.737398893265e-01
3.496875000000e+01 5.308107321560e-03 2.724594826825e-01
3.497500000000e+01 5.287057055817e-03 2.711963754898e-01
3.498125000000e+01 5.266304501767e-03 2.699504109795e-01
3.498750000000e+01 5.245846121489e-03 2.687214315154e-01
3.499375000000e+01 5.225678381515e-03 2.675092787994e-01
3.500000000000e+01 5.205797755908e-03 2.663137940636e-01
3.500625000000e+01 5.186200729167e-03 2.651348182499e-01
3.501250000000e+01 5.166883798881e-03 2.639721921790e-01
3.501875000000e+01 5.147843478207e-03 2.628257567068e-01
3.502500000000e+01 5.129076298200e-03 2.616953528716e-01
3.503125000000e+01 5.110578809860e-03 2.605808220310e-01
3.503750000000e+01 5.092347586193e-03 2.594820059893e-01
3.504375000000e+01 5.074379223942e-03 2.583987471166e-01
3.505000000000e+01 5.056670345281e-03 2.573308884584e-01
3.505625000000e+01 5.039217599333e-03 2.562782738387e-01
3.506250000000e+01 5.022017663551e-03 2.552407479543e-01
3.506875000000e+01 5.005067245017e-03 2.542181564633e-01
3.507500000000e+01 4.988363081583e-03 2.532103460656e-01
3.508125000000e+01 4.971901942923e-03 2.522171645784e-01
3.508750000000e+01 4.955680631491e-03 2.512384610045e-01
3.509375000000e+01 4.939695983350e-03 2.502740855963e-01
3.510000000000e+01 4.923944868972e-03 2.493238899134e-01
3.510625000000e+01 4.908424193893e-03 2.483877268758e-01
3.511250000000e+01 4.893130899321e-03 2.474654508126e-01
3.511875000000e+01 4.878061962666e-03 2.465569175057e-01
3.512500000000e+01 4.863214397980e-03 2.456619842297e-01
3.513125000000e+01 4.848585256391e-03 2.447805097881e-01
3.513750000000e+01 4.834171626388e-03 2.439123545456e-01
3.514375000000e+01 4.819970634127e-03 2.430573804569e-01
3.515000000000e+01 4.805979443647e-03 2.422154510924e-01
3.515625000000e+01 4.792195257027e-03 2.413864316611e-01
3.516250000000e+01 4.778615314541e-03 2.405701890301e-01
3.516875000000e+01 4.765236894722e-03 2.397665917421e-01
3.517500000000e+01 4.752057314414e-03 2.389755100300e-01
3.518125000000e+01 4.739073928782e-03 2.381968158293e-01
3.518750000000e+01 4.726284131264e-03 2.374303827883e-01
3.519375000000e+01 4.713685353542e-03 2.366760862764e-01
3.520000000000e+01 4.701275065436e-03 2.359338033904e-01
3.520625000000e+01 4.689050774787e-03 2.352034129590e-01
3.521250000000e+01 4.677010027328e-03 2.344847955459e-01
3.521875000000e+01 4.665150406490e-03 2.337778334510e-01
3.522500000000e+01 4.653469533251e-03 2.330824107104e-01
3.523125000000e+01 4.641965065921e-03 2.323984130953e-01
3.523750000000e+01 4.630634699898e-03 2.317257281093e-01
3.524375000000e+01 4.619476167455e-03 2.310642449847e-01
3.525000000000e+01 4.608487237454e-03 2.304138546779e-01
3.525625000000e+01 4.597665715112e-03 2.297744498638e-01
3.526250000000e+01 4.587009441700e-03 2.291459249290e-01
3.526875000000e+01 4.576516294251e-03 2.285281759646e-01
3.527500000000e+01 4.566184185270e-03 2.279211007582e-01
3.528125000000e+01 4.556011062400e-03 2.273245987851e-01
3.528750000000e+01 4.545994908133e-03 2.267385711986e-01
3.529375000000e+01 4.536133739467e-03 2.261629208205e-01
3.530000000000e+01 4.526425607577e-03 2.255975521301e-01
3.530625000000e+01 4.516868597487e-03 2.250423712538e-01
3.531250000000e+01 4.507460827708e-03 2.244972859535e-01
3.531875000000e+01 4.498200449916e-03 2.239622056147e-01
3.532500000000e+01 4.489085648607e-03 2.234370412347e-01
3.533125000000e+01 4.480114640725e-03 2.229217054104e-01
3.533750000000e+01 4.471285675333e-03 2.224161123251e-01
3.534375000000e+01 4.462597033234e-03 2.219201777364e-01
3.535000000000e+01 4.454047026652e-03 2.214338189629e-01
3.535625000000e+01 4.445633998856e-03 2.209569548708e-01
3.536250000000e+01 4.437356323813e-03 2.204895058610e-01
3.536875000000e+01 4.429212405842e-03 2.200313938554e-01
3.537500000000e+01 4.421200679242e-03 2.195825422839e-01
3.538125000000e+01 4.413319607972e-03 2.191428760701e-01
3.538750000000e+01 4.405567685284e-03 2.187123216185e-01
3.539375000000e+01 4.397943433384e-03 2.182908068006e-01
3.540000000000e+01 4.390445403091e-03 2.178782609413e-01
3.540625000000e+01 4.383072173479e-03 2.174746148052e-01
3.541250000000e+01 4.375822351566e-03 2.170798005835e-01
3.541875000000e+01 4.368694571971e-03 2.166937518803e-01
3.542500000000e+01 4.361687496573e-03 2.163164036992e-01
3.543125000000e+01 4.354799814194e-03 2.159476924301e-01
3.543750000000e+01 4.348030240262e-03 2.155875558357e-01
3.544375000000e+01 4.341377516515e-03 2.152359330387e-01
3.545000000000e+01 4.334840410665e-03 2.148927645088e-01
3.545625000000e+01 4.328417716095e-03 2.145579920496e-01
3.546250000000e+01 4.322108251556e-03 2.142315587858e-01
3.546875000000e+01 4.315910860846e-03 2.139134091511e-01
3.547500000000e+01 4.309824412536e-03 2.136034888751e-01
3.548125000000e+01 4.303847799665e-03 2.133017449713e-01
3.548750000000e+01 4.297979939449e-03 2.130081257252e-01
3.549375000000e+01 4.292219773007e-03 2.127225806817e-01
3.550000000000e+01 4.286566265060e-03 2.124450606340e-01
3.550625000000e+01 4.281018403685e-03 2.121755176114e-01
3.551250000000e+01 4.275575200036e-03 2.119139048681e-01
3.551875000000e+01 4.270235688068e-03 2.116601768720e-01
3.552500000000e+01 4.264998924294e-03 2.114142892935e-01
3.553125000000e+01 4.259863987511e-03 2.111761989946e-01
3.553750000000e+01 4.254829978577e-03 2.109458640181e-01
3.554375000000e+01 4.249896020148e-03 2.107232435776e-01
3.555000000000e+01 4.245061256447e-03 2.105082980466e-01
3.555625000000e+01 4.240324853031e-03 2.103009889485e-01
3.556250000000e+01 4.235685996547e-03 2.101012789473e-01
3.556875000000e+01 4.231143894536e-03 2.099091318369e-01
3.557500000000e+01 4.226697775194e-03 2.097245125324e-01
3.558125000000e+01 4.222346887167e-03 2.095473870607e-01
3.558750000000e+01 4.218090499344e-03 2.093777225509e-01
3.559375000000e+01 4.213927900639e-03 2.092154872259e-01
3.560000000000e+01 4.209858399819e-03 2.090606503937e-01
3.560625000000e+01 4.205881325290e-03 2.089131824386e-01
3.561250000000e+01 4.201996024926e-03 2.087730548133e-01
3.561875000000e+01 4.198201865874e-03 2.086402400305e-01
3.562500000000e+01 4.194498234371e-03 2.085147116553e-01
3.563125000000e+01 4.190884535591e-03 2.083964442974e-01
3.563750000000e+01 4.187360193467e-03 2.082854136036e-01
3.564375000000e+01 4.183924650525e-03 2.081815962505e-01
3.565000000000e+01 4.180577367737e-03 2.080849699377e-01
3.565625000000e+01 4.177317824347e-03 2.079955133807e-01
3.566250000000e+01 4.174145517751e-03 2.079132063042e-01
3.566875000000e+01 4.171059963337e-03 2.078380294357e-01
3.567500000000e+01 4.168060694349e-03 2.077699644994e-01
3.568125000000e+01 4.165147261762e-03 2.077089942096e-01
3.568750000000e+01 4.162319234131e-03 2.076551022654e-01
3.569375000000e+01 4.159576197496e-03 2.076082733445e-01
3.570000000000e+01 4.156917755242e-03 2.075684930982e-01
3.570625000000e+01 4.154343528001e-03 2.075357481454e-01
3.571250000000e+01 4.151853153530e-03 2.075100260679e-01
3.571875000000e+01 4.149446286594e-03 2.074913154053e-01
3.572500000000e+01 4.147122598896e-03 2.074796056502e-01
3.573125000000e+01 4.144881778959e-03 2.074748872437e-01
3.573750000000e+01 4.142723532038e-03 2.074771515705e-01
3.574375000000e+01 4.140647580040e-03 2.074863909552e-01
3.575000000000e+01 4.138653661420e-03 2.075025986577e-01
3.575625000000e+01 4.136741531132e-03 2.075257688698e-01
3.576250000000e+01 4.134910960535e-03 2.075558967107e-01
3.576875000000e+01 4.133161737325e-03 2.075929782239e-01
3.577500000000e+01 4.131493665480e-03 2.076370103736e-01
3.578125000000e+01 4.129906565175e-03 2.076879910414e-01
3.578750000000e+01 4.128400272752e-03 2.077459190230e-01
3.579375000000e+01 4.126974640648e-03 2.078107940252e-01
3.580000000000e+01 4.125629537362e-03 2.078826166632e-01
3.580625000000e+01 4.124364847391e-03 2.079613884577e-01
3.581250000000e+01 4.123180471190e-03 2.080471118325e-01
3.581875000000e+01 4.122076325157e-03 2.081397901117e-01
3.582500000000e+01 4.121052341574e-03 2.082394275177e-01
3.583125000000e+01 4.120108468594e-03 2.083460291686e-01
3.583750000000e+01 4.119244670208e-03 2.084596010767e-01
3.584375000000e+01 4.118460926215e-03 2.085801501460e-01
3.585000000000e+01 4.117757232222e-03 2.087076841706e-01
3.585625000000e+01 4.117133599619e-03 2.088422118326e-01
3.586250000000e+01 4.116590055564e-03 2.089837427013e-01
3.586875000000e+01 4.116126642989e-03 2.091322872305e-01
3.587500000000e+01 4.115743420570e-03 2.092878567581e-01
3.588125000000e+01 4.115440462759e-03 2.094504635040e-01
3.588750000000e+01 4.115217859761e-03 2.096201205693e-01
3.589375000000e+01 4.115075717562e-03 2.097968419348e-01
3.590000000000e+01 4.115014157918e-03 2.099806424601e-01
3.590625000000e+01 4.115033318369e-03 2.101715378823e-01
3.591250000000e+01 4.115133352272e-03 2.103695448153e-01
3.591875000000e+01 4.115314428805e-03 2.105746807487e-01
3.592500000000e+01 4.115576732994e-03 2.107869640468e-01
3.593125000000e+01 4.115920465738e-03 2.110064139481e-01
3.593750000000e+01 4.116345843822e-03 2.112330505640e-01
3.594375000000e+01 4.116853099975e-03 2.114668948785e-01
3.595000000000e+01 4.117442482879e-03 2.117079687472e-01
3.595625000000e+01 4.118114257216e-03 2.119562948965e-01
3.596250000000e+01 4.118868703703e-03 2.122118969230e-01
3.596875000000e+01 4.119706119121e-03 2.124747992926e-01
3.597500000000e+01 4.120626816382e-03 2.127450273398e-01
3.598125000000e+01 4.121631124552e-03 2.130226072672e-01
3.598750000000e+01 4.122719388903e-03 2.133075661439e-01
3.599375000000e+01 4.123891970981e-03 2.135999319056e-01
3.600000000000e+01 4.125149248613e-03 2.138997333530e-01
3.600625000000e+01 4.126491616003e-03 2.142070001510e-01
3.601250000000e+01 4.127919483765e-03 2.145217628278e-01
3.601875000000e+01 4.129433278980e-03 2.148440527736e-01
3.602500000000e+01 4.131033445259e-03 2.151739022393e-01
3.603125000000e+01 4.132720442784e-03 2.155113443353e-01
3.603750000000e+01 4.134494748389e-03 2.158564130300e-01
3.604375000000e+01 4.136356855606e-03 2.162091431479e-01
3.605000000000e+01 4.138307274727e-03 2.165695703682e-01
3.605625000000e+01 4.140346532870e-03 2.169377312227e-01
3.606250000000e+01 4.142475174022e-03 2.173136630934e-01
3.606875000000e+01 4.144693759126e-03 2.176974042108e-01
3.607500000000e+01 4.147002866123e-03 2.180889936504e-01
3.608125000000e+01 4.149403090015e-03 2.184884713307e-01
3.608750000000e+01 4.151895042943e-03 2.188958780099e-01
3.609375000000e+01 4.154479354206e-03 2.193112552823e-01
3.610000000000e+01 4.157156670359e-03 2.197346455750e-01
3.610625000000e+01 4.159927655249e-03 2.201660921436e-01
3.611250000000e+01 4.162792990076e-03 2.206056390683e-01
3.611875000000e+01 4.165753373444e-03 2.210533312488e-01
3.612500000000e+01 4.168809521401e-03 2.215092143996e-01
3.613125000000e+01 4.171962167509e-03 2.219733350442e-01
3.613750000000e+01 4.175212062872e-03 2.224457405094e-01
3.614375000000e+01 4.178559976180e-03 2.229264789186e-01
3.615000000000e+01 4.182006693757e-03 2.234155991854e-01
3.615625000000e+01 4.185553019572e-03 2.239131510056e-01
3.616250000000e+01 4.189199775294e-03 2.244191848497e-01
3.616875000000e+01 4.192947800303e-03 2.249337519538e-01
3.617500000000e+01 4.196797951708e-03 2.254569043109e-01
3.618125000000e+01 4.200751104380e-03 2.259886946606e-01
3.618750000000e+01 4.204808150906e-03 2.265291764787e-01
3.619375000000e+01 4.208970001661e-03 2.270784039656e-01
3.620000000000e+01 4.213237584746e-03 2.276364320348e-01
3.620625000000e+01 4.217611845996e-03 2.282033162991e-01
3.621250000000e+01 4.222093748953e-03 2.287791130575e-01
3.621875000000e+01 4.226684274818e-03 2.293638792800e-01
3.622500000000e+01 4.231384422433e-03 2.299576725922e-01
3.623125000000e+01 4.236195208208e-03 2.305605512584e-01
3.623750000000e+01 4.241117666065e-03 2.311725741638e-01
3.624375000000e+01 4.246152847359e-03 2.317938007958e-01
3.625000000000e+01 4.251301820777e-03 2.324242912237e-01
3.625625000000e+01 4.256565672256e-03 2.330641060776e-01
3.626250000000e+01 4.261945504846e-03 2.337133065255e-01
3.626875000000e+01 4.267442438586e-03 2.343719542496e-01
3.627500000000e+01 4.273057610367e-03 2.350401114210e-01
3.628125000000e+01 4.278792173713e-03 2.357178406724e-01
3.628750000000e+01 4.284647298673e-03 2.364052050700e-01
3.629375000000e+01 4.290624171554e-03 2.371022680834e-01
3.630000000000e+01 4.296723994726e-03 2.378090935536e-01
3.630625000000e+01 4.302947986371e-03 2.385257456596e-01
3.631250000000e+01 4.309297380196e-03 2.392522888830e-01
3.631875000000e+01 4.315773425171e-03 2.399887879703e-01
3.632500000000e+01 4.322377385187e-03 2.407353078937e-01
3.633125000000e+01 4.329110538718e-03 2.414919138093e-01
3.633750000000e+01 4.335974178453e-03 2.422586710134e-01
3.634375000000e+01 4.342969610872e-03 2.430356448962e-01
3.635000000000e+01 4.350098155843e-03 2.438229008933e-01
3.635625000000e+01 4.357361146137e-03 2.446205044344e-01
3.636250000000e+01 4.364759926928e-03 2.454285208895e-01
3.636875000000e+01 4.372295855268e-03 2.462470155126e-01
3.637500000000e+01 4.379970299484e-03 2.470760533818e-01
3.638125000000e+01 4.387784638613e-03 2.479156993371e-01
3.638750000000e+01 4.395740261702e-03 2.487660179147e-01
3.639375000000e+01 4.403838567132e-03 2.496270732783e-01
3.640000000000e+01 4.412080961872e-03 2.504989291468e-01
3.640625000000e+01 4.420468860678e-03 2.513816487184e-01
3.641250000000e+01 4.429003685268e-03 2.522752945914e-01
3.641875000000e+01 4.437686863424e-03 2.531799286808e-01
3.642500000000e+01 4.446519828042e-03 2.540956121313e-01
3.643125000000e+01 4.455504016137e-03 2.550224052259e-01
3.643750000000e+01 4.464640867764e-03 2.559603672901e-01
3.644375000000e+01 4.473931824921e-03 2.569095565925e-01
3.645000000000e+01 4.483378330346e-03 2.578700302398e-01
3.645625000000e+01 4.492981826267e-03 2.588418440675e-01
3.646250000000e+01 4.502743753081e-03 2.598250525257e-01
3.646875000000e+01 4.512665547942e-03 2.608197085601e-01
3.647500000000e+01 4.522748643334e-03 2.618258634867e-01
3.648125000000e+01 4.532994465475e-03 2.628435668623e-01
3.648750000000e+01 4.543404432714e-03 2.638728663484e-01
3.649375000000e+01 4.553979953819e-03 2.649138075701e-01
3.650000000000e+01 4.564722426154e-03 2.659664339679e-01
3.650625000000e+01 4.575633233822e-03 2.670307866443e-01
3.651250000000e+01 4.586713745657e-03 2.681069042038e-01
3.651875000000e+01 4.597965313154e-03 2.691948225856e-01
3.652500000000e+01 4.609389268286e-03 2.702945748906e-01
3.653125000000e+01 4.620986921206e-03 2.714061912004e-01
3.653750000000e+01 4.632759557881e-03 2.725296983897e-01
3.654375000000e+01 4.644708437572e-03 2.736651199316e-01
3.655000000000e+01 4.656834790226e-03 2.748124756943e-01
3.655625000000e+01 4.669139813744e-03 2.759717817314e-01
3.656250000000e+01 4.681624671111e-03 2.771430500630e-01
3.656875000000e+01 4.694290487443e-03 2.783262884496e-01
3.657500000000e+01 4.707138346882e-03 2.795215001575e-01
3.658125000000e+01 4.720169289341e-03 2.807286837153e-01
3.658750000000e+01 4.733384307151e-03 2.819478326626e-01
3.659375000000e+01 4.746784341542e-03 2.831789352891e-01
3.660000000000e+01 4.760370279018e-03 2.844219743655e-01
3.660625000000e+01 4.774142947554e-03 2.856769268648e-01
3.661250000000e+01 4.788103112667e-03 2.869437636753e-01
3.661875000000e+01 4.802251473336e-03 2.882224493033e-01
3.662500000000e+01 4.816588657752e-03 2.895129415671e-01
3.663125000000e+01 4.831115218961e-03 2.908151912821e-01
3.663750000000e+01 4.845831630305e-03 2.921291419354e-01
3.664375000000e+01 4.860738280729e-03 2.934547293520e-01
3.665000000000e+01 4.875835469935e-03 2.947918813509e-01
3.665625000000e+01 4.891123403346e-03 2.961405173926e-01
3.666250000000e+01 4.906602186961e-03 2.975005482165e-01
3.666875000000e+01 4.922271822023e-03 2.988718754697e-01
3.667500000000e+01 4.938132199506e-03 3.002543913269e-01
3.668125000000e+01 4.954183094493e-03 3.016479781010e-01
3.668750000000e+01 4.970424160344e-03 3.030525078457e-01
3.669375000000e+01 4.986854922771e-03 3.044678419492e-01
3.670000000000e+01 5.003474773709e-03 3.058938307208e-01
3.670625000000e+01 5.020282965061e-03 3.073303129692e-01
3.671250000000e+01 5.037278602305e-03 3.087771155744e-01
3.671875000000e+01 5.054460637933e-03 3.102340530522e-01
3.672500000000e+01 5.071827864814e-03 3.117009271136e-01
3.673125000000e+01 5.089378909373e-03 3.131775262188e-01
3.673750000000e+01 5.107112224689e-03 3.146636251260e-01
3.674375000000e+01 5.125026083474e-03 3.161589844370e-01
3.675000000000e+01 5.143118570943e-03 3.176633501401e-01
3.675625000000e+01 5.161387577631e-03 3.191764531507e-01
3.676250000000e+01 5.179830792122e-03 3.206980088518e-01
3.676875000000e+01 5.198445693692e-03 3.222277166341e-01
3.677500000000e+01 5.217229544958e-03 3.237652594386e-01
3.678125000000e+01 5.236179384458e-03 3.253103033024e-01
3.678750000000e+01 5.255292019275e-03 3.268624969081e-01
3.679375000000e+01 5.274564017631e-03 3.284214711408e-01
3.680000000000e+01 5.293991701538e-03 3.299868386525e-01
3.680625000000e+01 5.313571139518e-03 3.315581934358e-01
3.681250000000e+01 5.333298139380e-03 3.331351104108e-01
3.681875000000e+01 5.353168241161e-03 3.347171450243e-01
3.682500000000e+01 5.373176710170e-03 3.363038328666e-01
3.683125000000e+01 5.393318530223e-03 3.378946893057e-01
3.683750000000e+01 5.413588397094e-03 3.394892091431e-01
3.684375000000e+01 5.433980712183e-03 3.410868662926e-01
3.685000000000e+01 5.454489576511e-03 3.426871134856e-01
3.685625000000e+01 5.475108785017e-03 3.442893820056e-01
3.686250000000e+01 5.495831821174e-03 3.458930814540e-01
3.686875000000e+01 5.516651852080e-03 3.474975995514e-01
3.687500000000e+01 5.537561723931e-03 3.491023019764e-01
3.688125000000e+01 5.558553958049e-03 3.507065322463e-01
3.688750000000e+01 5.579620747399e-03 3.523096116417e-01
3.689375000000e+01 5.600753953719e-03 3.539108391791e-01
3.690000000000e+01 5.621945105286e-03 3.555094916343e-01
3.690625000000e+01 5.643185395344e-03 3.571048236213e-01
3.691250000000e+01 5.664465681328e-03 3.586960677280e-01
3.691875000000e+01 5.685776484815e-03 3.602824347136e-01
3.692500000000e+01 5.707107992350e-03 3.618631137715e-01
3.693125000000e+01 5.728450057161e-03 3.634372728586e-01
3.693750000000e+01 5.749792201787e-03 3.650040590973e-01
3.694375000000e+01 5.771123621752e-03 3.665625992509e-01
3.695000000000e+01 5.792433190224e-03 3.681120002765e-01
3.695625000000e+01 5.813709463804e-03 3.696513499582e-01
3.696250000000e+01 5.834940689402e-03 3.711797176225e-01
3.696875000000e+01 5.856114812298e-03 3.726961549388e-01
3.697500000000e+01 5.877219485454e-03 3.741996968077e-01
3.698125000000e+01 5.898242080008e-03 3.756893623368e-01
3.698750000000e+01 5.919169697078e-03 3.771641559079e-01
3.699375000000e+01 5.939989180859e-03 3.786230683352e-01
3.700000000000e+01 5.960687133019e-03 3.800650781152e-01
3.700625000000e+01 5.981249928477e-03 3.814891527690e-01
3.701250000000e+01 6.001663732470e-03 3.828942502761e-01
3.701875000000e+01 6.021914518997e-03 3.842793205996e-01
3.702500000000e+01 6.041988090587e-03 3.856433073006e-01
3.703125000000e+01 6.061870099375e-03 3.869851492404e-01
3.703750000000e+01 6.081546069525e-03 3.883037823678e-01
3.704375000000e+01 6.101001420866e-03 3.895981415882e-01
3.705000000000e+01 6.120221493812e-03 3.908671627102e-01
3.705625000000e+01 6.139191575409e-03 3.921097844672e-01
3.706250000000e+01 6.157896926523e-03 3.933249506052e-01
3.706875000000e+01 6.176322810126e-03 3.945116120355e-01
3.707500000000e+01 6.194454520497e-03 3.956687290416e-01
3.708125000000e+01 6.212277413343e-03 3.967952735359e-01
3.708750000000e+01 6.229776936715e-03 3.978902313578e-01
3.709375000000e+01 6.246938662585e-03 3.989526046042e-01
3.710000000000e+01 6.263748319053e-03 3.999814139841e-01
3.710625000000e+01 6.280191822949e-03 4.009757011878e-01
3.711250000000e+01 6.296255312783e-03 4.019345312606e-01
3.711875000000e+01 6.311925181884e-03 4.028569949709e-01
3.712500000000e+01 6.327188111553e-03 4.037422111617e-01
3.713125000000e+01 6.342031104157e-03 4.045893290745e-01
3.713750000000e+01 6.356441515914e-03 4.053975306350e-01
3.714375000000e+01 6.370407089306e-03 4.061660326886e-01
3.715000000000e+01 6.383915984865e-03 4.068940891740e-01
3.715625000000e+01 6.396956812256e-03 4.075809932253e-01
3.716250000000e+01 6.409518660490e-03 4.082260791889e-01
3.716875000000e+01 6.421591127037e-03 4.088287245463e-01
3.717500000000e+01 6.433164345759e-03 4.093883517308e-01
3.718125000000e+01 6.444229013491e-03 4.099044298293e-01
3.718750000000e+01 6.454776415088e-03 4.103764761572e-01
3.719375000000e+01 6.464798446883e-03 4.108040577000e-01
3.720000000000e+01 6.474287638340e-03 4.111867924109e-01
3.720625000000e+01 6.483237171814e-03 4.115243503583e-01
3.721250000000e+01 6.491640900343e-03 4.118164547153e-01
3.721875000000e+01 6.499493363281e-03 4.120628825859e-01
3.722500000000e+01 6.506789799834e-03 4.122634656628e-01
3.723125000000e+01 6.513526160255e-03 4.124180907130e-01
3.723750000000e+01 6.519699114759e-03 4.125266998880e-01
3.724375000000e+01 6.525306060103e-03 4.125892908574e-01
3.725000000000e+01 6.530345123681e-03 4.126059167641e-01
3.725625000000e+01 6.534815165345e-03 4.125766860035e-01
3.726250000000e+01 6.538715776715e-03 4.125017618263e-01
3.726875000000e+01 6.542047278150e-03 4.123813617679e-01
3.727500000000e+01 6.544810713352e-03 4.122157569099e-01
3.728125000000e+01 6.547007841631e-03 4.120052709755e-01
3.728750000000e+01 6.548641127981e-03 4.117502792666e-01
3.729375000000e+01 6.549713730902e-03 4.114512074493e-01
3.730000000000e+01 6.550229488171e-03 4.111085301928e-01
3.730625000000e+01 6.550192900606e-03 4.107227696736e-01
3.731250000000e+01 6.549609113911e-03 4.102944939505e-01
3.731875000000e+01 6.548483898807e-03 4.098243152224e-01
3.732500000000e+01 6.546823629453e-03 4.093128879769e-01
3.733125000000e+01 6.544635260379e-03 4.087609070424e-01
3.733750000000e+01 6.541926302070e-03 4.081691055525e-01
3.734375000000e+01 6.538704795220e-03 4.075382528347e-01
3.735000000000e+01 6.534979284028e-03 4.068691522344e-01
3.735625000000e+01 6.530758788459e-03 4.061626388863e-01
3.736250000000e+01 6.526052775758e-03 4.054195774420e-01
3.736875000000e+01 6.520871131320e-03 4.046408597683e-01
3.737500000000e+01 6.515224129034e-03 4.038274026236e-01
3.738125000000e+01 6.509122401359e-03 4.029801453262e-01
3.738750000000e+01 6.502576909113e-03 4.021000474222e-01
3.739375000000e+01 6.495598911241e-03 4.011880863643e-01
3.740000000000e+01 6.488199934648e-03 4.002452552105e-01
3.740625000000e+01 6.480391744182e-03 3.992725603519e-01
3.741250000000e+01 6.472186313005e-03 3.982710192770e-01
3.741875000000e+01 6.463595793320e-03 3.972416583815e-01
3.742500000000e+01 6.454632487645e-03 3.961855108302e-01
3.743125000000e+01 6.445308820760e-03 3.951036144770e-01
3.743750000000e+01 6.435637312230e-03 3.939970098496e-01
3.744375000000e+01 6.425630549944e-03 3.928667382042e-01
3.745000000000e+01 6.415301164300e-03 3.917138396538e-01
3.745625000000e+01 6.404661803447e-03 3.905393513755e-01
3.746250000000e+01 6.393725109469e-03 3.893443058986e-01
3.746875000000e+01 6.382503695585e-03 3.881297294774e-01
3.747500000000e+01 6.371010124465e-03 3.868966405502e-01
3.748125000000e+01 6.359256887590e-03 3.856460482858e-01
3.748750000000e+01 6.347256385749e-03 3.843789512193e-01
3.749375000000e+01 6.335020910695e-03 3.830963359771e-01
3.750000000000e+01 6.322562627889e-03 3.817991760913e-01
3.750625000000e+01 6.309893560471e-03 3.804884309022e-01
3.751250000000e+01 6.297025574299e-03 3.791650445502e-01
3.751875000000e+01 6.283970364158e-03 3.778299450530e-01
3.752500000000e+01 6.270739441115e-03 3.764840434689e-01
3.753125000000e+01 6.257344120857e-03 3.751282331433e-01
3.753750000000e+01 6.243795513313e-03 3.737633890354e-01
3.754375000000e+01 6.230104513122e-03 3.723903671250e-01
3.755000000000e+01 6.216281791244e-03 3.710100038942e-01
3.755625000000e+01 6.202337787533e-03 3.696231158828e-01
3.756250000000e+01 6.188282704229e-03 3.682304993143e-01
3.756875000000e+01 6.174126500447e-03 3.668329297885e-01
3.757500000000e+01 6.159878887471e-03 3.654311620394e-01
3.758125000000e+01 6.145549324921e-03 3.640259297526e-01
3.758750000000e+01 6.131147017731e-03 3.626179454416e-01
3.759375000000e+01 6.116680913839e-03 3.612079003781e-01
3.760000000000e+01 6.102159702670e-03 3.597964645735e-01
3.760625000000e+01 6.087591814230e-03 3.583842868082e-01
3.761250000000e+01 6.072985418861e-03 3.569719947061e-01
3.761875000000e+01 6.058348427589e-03 3.555601948504e-01
3.762500000000e+01 6.043688493005e-03 3.541494729379e-01
3.763125000000e+01 6.029013010729e-03 3.527403939691e-01
3.763750000000e+01 6.014329121243e-03 3.513335024705e-01
3.764375000000e+01 5.999643712245e-03 3.499293227473e-01
3.765000000000e+01 5.984963421382e-03 3.485283591619e-01
3.765625000000e+01 5.970294639314e-03 3.471310964386e-01
3.766250000000e+01 5.955643513181e-03 3.457379999885e-01
3.766875000000e+01 5.941015950298e-03 3.443495162548e-01
3.767500000000e+01 5.926417622161e-03 3.429660730751e-01
3.768125000000e+01 5.911853968678e-03 3.415880800585e-01
3.768750000000e+01 5.897330202593e-03 3.402159289759e-01
3.769375000000e+01 5.882851314136e-03 3.388499941612e-01
3.770000000000e+01 5.868422075792e-03 3.374906329214e-01
3.770625000000e+01 5.854047047216e-03 3.361381859546e-01
3.771250000000e+01 5.839730580269e-03 3.347929777738e-01
3.771875000000e+01 5.825476824102e-03 3.334553171342e-01
3.772500000000e+01 5.811289730402e-03 3.321254974648e-01
3.773125000000e+01 5.797173058578e-03 3.308037973003e-01
3.773750000000e+01 5.783130381056e-03 3.294904807144e-01
3.774375000000e+01 5.769165088580e-03 3.281857977520e-01
3.775000000000e+01 5.755280395476e-03 3.268899848597e-01
3.775625000000e+01 5.741479344986e-03 3.256032653141e-01
3.776250000000e+01 5.727764814503e-03 3.243258496460e-01
3.776875000000e+01 5.714139520813e-03 3.230579360613e-01
3.777500000000e+01 5.700606025297e-03 3.217997108559e-01
3.778125000000e+01 5.687166739037e-03 3.205513488264e-01
3.778750000000e+01 5.673823927939e-03 3.193130136736e-01
3.779375000000e+01 5.660579717716e-03 3.180848584003e-01
3.780000000000e+01 5.647436098829e-03 3.168670257014e-01
3.780625000000e+01 5.634394931350e-03 3.156596483476e-01
3.781250000000e+01 5.621457949710e-03 3.144628495607e-01
3.781875000000e+01 5.608626767405e-03 3.132767433813e-01
3.782500000000e+01 5.595902881583e-03 3.121014350280e-01
3.783125000000e+01 5.583287677504e-03 3.109370212494e-01
3.783750000000e+01 5.570782432956e-03 3.097835906660e-01
3.784375000000e+01 5.558388322519e-03 3.086412241047e-01
3.785000000000e+01 5.546106421771e-03 3.075099949247e-01
3.785625000000e+01 5.533937711353e-03 3.063899693335e-01
3.786250000000e+01 5.521883080941e-03 3.052812066959e-01
3.786875000000e+01 5.509943333118e-03 3.041837598329e-01
3.787500000000e+01 5.498119187107e-03 3.030976753125e-01
3.788125000000e+01 5.486411282459e-03 3.020229937321e-01
3.788750000000e+01 5.474820182576e-03 3.009597499916e-01
3.789375000000e+01 5.463346378150e-03 2.999079735591e-01
3.790000000000e+01 5.451990290511e-03 2.988676887269e-01
3.790625000000e+01 5.440752274826e-03 2.978389148606e-01
3.791250000000e+01 5.429632623265e-03 2.968216666388e-01
3.791875000000e+01 5.418631568016e-03 2.958159542863e-01
3.792500000000e+01 5.407749284193e-03 2.948217837974e-01
3.793125000000e+01 5.396985892691e-03 2.938391571536e-01
3.793750000000e+01 5.386341462885e-03 2.928680725324e-01
3.794375000000e+01 5.375816015309e-03 2.919085245091e-01
3.795000000000e+01 5.365409524174e-03 2.909605042515e-01
3.795625000000e+01 5.355121919831e-03 2.900239997072e-01
3.796250000000e+01 5.344953091142e-03 2.890989957848e-01
3.796875000000e+01 5.334902887740e-03 2.881854745271e-01
3.797500000000e+01 5.324971122255e-03 2.872834152791e-01
3.798125000000e+01 5.315157572410e-03 2.863927948490e-01
3.798750000000e+01 5.305461983055e-03 2.855135876627e-01
3.799375000000e+01 5.295884068133e-03 2.846457659134e-01
3.800000000000e+01 5.286423512539e-03 2.837892997042e-01
3.800625000000e+01 5.277079973953e-03 2.829441571857e-01
3.801250000000e+01 5.267853084571e-03 2.821103046878e-01
3.801875000000e+01 5.258742452754e-03 2.812877068468e-01
3.802500000000e+01 5.249747664650e-03 2.804763267268e-01
3.803125000000e+01 5.240868285702e-03 2.796761259358e-01
3.803750000000e+01 5.232103862151e-03 2.788870647384e-01
3.804375000000e+01 5.223453922430e-03 2.781091021622e-01
3.805000000000e+01 5.214917978516e-03 2.773421961007e-01
3.805625000000e+01 5.206495527237e-03 2.765863034117e-01
3.806250000000e+01 5.198186051486e-03 2.758413800116e-01
3.806875000000e+01 5.189989021445e-03 2.751073809652e-01
3.807500000000e+01 5.181903895697e-03 2.743842605721e-01
3.808125000000e+01 5.173930122322e-03 2.736719724493e-01
3.808750000000e+01 5.166067139936e-03 2.729704696100e-01
3.809375000000e+01 5.158314378671e-03 2.722797045390e-01
3.810000000000e+01 5.150671261147e-03 2.715996292650e-01
3.810625000000e+01 5.143137203375e-03 2.709301954289e-01
3.811250000000e+01 5.135711615606e-03 2.702713543502e-01
3.811875000000e+01 5.128393903178e-03 2.696230570896e-01
3.812500000000e+01 5.121183467278e-03 2.689852545086e-01
3.813125000000e+01 5.114079705728e-03 2.683578973271e-01
3.813750000000e+01 5.107082013683e-03 2.677409361777e-01
3.814375000000e+01 5.100189784315e-03 2.671343216578e-01
3.815000000000e+01 5.093402409472e-03 2.665380043790e-01
3.815625000000e+01 5.086719280282e-03 2.659519350145e-01
3.816250000000e+01 5.080139787766e-03 2.653760643441e-01
3.816875000000e+01 5.073663323386e-03 2.648103432969e-01
3.817500000000e+01 5.067289279582e-03 2.642547229923e-01
3.818125000000e+01 5.061017050287e-03 2.637091547784e-01
3.818750000000e+01 5.054846031387e-03 2.631735902694e-01
3.819375000000e+01 5.048775621214e-03 2.626479813803e-01
3.820000000000e+01 5.042805220955e-03 2.621322803605e-01
3.820625000000e+01 5.036934235088e-03 2.616264398256e-01
3.821250000000e+01 5.031162071756e-03 2.611304127871e-01
3.821875000000e+01 5.025488143132e-03 2.606441526813e-01
3.822500000000e+01 5.019911865804e-03 2.601676133967e-01
3.823125000000e+01 5.014432661083e-03 2.597007492991e-01
3.823750000000e+01 5.009049955328e-03 2.592435152565e-01
3.824375000000e+01 5.003763180252e-03 2.587958666621e-01
3.825000000000e+01 4.998571773180e-03 2.583577594565e-01
3.825625000000e+01 4.993475177353e-03 2.579291501479e-01
3.826250000000e+01 4.988472842157e-03 2.575099958326e-01
3.826875000000e+01 4.983564223370e-03 2.571002542127e-01
3.827500000000e+01 4.978748783392e-03 2.566998836147e-01
3.828125000000e+01 4.974025991433e-03 2.563088430052e-01
3.828750000000e+01 4.969395323752e-03 2.559270920074e-01
3.829375000000e+01 4.964856263816e-03 2.555545909157e-01
3.830000000000e+01 4.960408302501e-03 2.551913007098e-01
3.830625000000e+01 4.956050938237e-03 2.548371830676e-01
3.831250000000e+01 4.951783677168e-03 2.544922003785e-01
3.831875000000e+01 4.947606033318e-03 2.541563157543e-01
3.832500000000e+01 4.943517528713e-03 2.538294930409e-01
3.833125000000e+01 4.939517693517e-03 2.535116968287e-01
3.833750000000e+01 4.935606066153e-03 2.532028924622e-01
3.834375000000e+01 4.931782193406e-03 2.529030460494e-01
3.835000000000e+01 4.928045630548e-03 2.526121244707e-01
3.835625000000e+01 4.924395941426e-03 2.523300953867e-01
3.836250000000e+01 4.920832698554e-03 2.520569272462e-01
3.836875000000e+01 4.917355483207e-03 2.517925892932e-01
3.837500000000e+01 4.913963885480e-03 2.515370515741e-01
3.838125000000e+01 4.910657504391e-03 2.512902849432e-01
3.838750000000e+01 4.907435947927e-03 2.510522610694e-01
3.839375000000e+01 4.904298833130e-03 2.508229524416e-01
3.840000000000e+01 4.901245786128e-03 2.506023323734e-01
3.840625000000e+01 4.898276442214e-03 2.503903750087e-01
3.841250000000e+01 4.895390445868e-03 2.501870553256e-01
3.841875000000e+01 4.892587450838e-03 2.499923491407e-01
3.842500000000e+01 4.889867120157e-03 2.498062331136e-01
3.843125000000e+01 4.887229126188e-03 2.496286847497e-01
3.843750000000e+01 4.884673150662e-03 2.494596824042e-01
3.844375000000e+01 4.882198884693e-03 2.492992052851e-01
3.845000000000e+01 4.879806028832e-03 2.491472334560e-01
3.845625000000e+01 4.877494293077e-03 2.490037478388e-01
3.846250000000e+01 4.875263396894e-03 2.488687302166e-01
3.846875000000e+01 4.873113069250e-03 2.487421632355e-01
3.847500000000e+01 4.871043048604e-03 2.486240304068e-01
3.848125000000e+01 4.869053082954e-03 2.485143161093e-01
3.848750000000e+01 4.867142929837e-03 2.484130055909e-01
3.849375000000e+01 4.865312356332e-03 2.483200849699e-01
3.850000000000e+01 4.863561139084e-03 2.482355412372e-01
3.850625000000e+01 4.861889064289e-03 2.481593622571e-01
3.851250000000e+01 4.860295927726e-03 2.480915367687e-01
3.851875000000e+01 4.858781534747e-03 2.480320543871e-01
3.852500000000e+01 4.857345700279e-03 2.479809056042e-01
3.853125000000e+01 4.855988248836e-03 2.479380817898e-01
3.853750000000e+01 4.854709014490e-03 2.479035751924e-01
3.854375000000e+01 4.853507840907e-03 2.478773789396e-01
3.855000000000e+01 4.852384581322e-03 2.478594870390e-01
3.855625000000e+01 4.851339098538e-03 2.478498943785e-01
3.856250000000e+01 4.850371264928e-03 2.478485967268e-01
3.856875000000e+01 4.849480962406e-03 2.478555907338e-01
3.857500000000e+01 4.848668082451e-03 2.478708739308e-01
3.858125000000e+01 4.847932526079e-03 2.478944447305e-01
3.858750000000e+01 4.847274203844e-03 2.479263024273e-01
3.859375000000e+01 4.846693035820e-03 2.479664471975e-01
3.860000000000e+01 4.846188951581e-03 2.480148800986e-01
3.860625000000e+01 4.845761890211e-03 2.480716030698e-01
3.861250000000e+01 4.845411800278e-03 2.481366189317e-01
3.861875000000e+01 4.845138639820e-03 2.482099313856e-01
3.862500000000e+01 4.844942376337e-03 2.482915450137e-01
3.863125000000e+01 4.844822986756e-03 2.483814652782e-01
3.863750000000e+01 4.844780457440e-03 2.484796985211e-01
3.864375000000e+01 4.844814784156e-03 2.485862519635e-01
3.865000000000e+01 4.844925972056e-03 2.487011337049e-01
3.865625000000e+01 4.845114035666e-03 2.488243527225e-01
3.866250000000e+01 4.845378998844e-03 2.489559188702e-01
3.866875000000e+01 4.845720894788e-03 2.490958428778e-01
3.867500000000e+01 4.846139765985e-03 2.492441363501e-01
3.868125000000e+01 4.846635664216e-03 2.494008117653e-01
3.868750000000e+01 4.847208650504e-03 2.495658824741e-01
3.869375000000e+01 4.847858795088e-03 2.497393626983e-01
3.870000000000e+01 4.848586177417e-03 2.499212675292e-01
3.870625000000e+01 4.849390886104e-03 2.501116129262e-01
3.871250000000e+01 4.850273018896e-03 2.503104157145e-01
3.871875000000e+01 4.851232682650e-03 2.505176935840e-01
3.872500000000e+01 4.852269993274e-03 2.507334650867e-01
3.873125000000e+01 4.853385075727e-03 2.509577496345e-01
3.873750000000e+01 4.854578063952e-03 2.511905674971e-01
3.874375000000e+01 4.855849100851e-03 2.514319397993e-01
3.875000000000e+01 4.857198338238e-03 2.516818885183e-01
3.875625000000e+01 4.858625936779e-03 2.519404364807e-01
3.876250000000e+01 4.860132065976e-03 2.522076073593e-01
3.876875000000e+01 4.861716904090e-03 2.524834256701e-01
3.877500000000e+01 4.863380638112e-03 2.527679167680e-01
3.878125000000e+01 4.865123463685e-03 2.530611068436e-01
3.878750000000e+01 4.866945585047e-03 2.533630229187e-01
3.879375000000e+01 4.868847214993e-03 2.536736928419e-01
3.880000000000e+01 4.870828574788e-03 2.539931452840e-01
3.880625000000e+01 4.872889894105e-03 2.543214097329e-01
3.881250000000e+01 4.875031410960e-03 2.546585164884e-01
3.881875000000e+01 4.877253371612e-03 2.550044966563e-01
3.882500000000e+01 4.879556030516e-03 2.553593821421e-01
3.883125000000e+01 4.881939650213e-03 2.557232056453e-01
3.883750000000e+01 4.884404501251e-03 2.560960006515e-01
3.884375000000e+01 4.886950862092e-03 2.564778014260e-01
3.885000000000e+01 4.889579018994e-03 2.568686430054e-01
3.885625000000e+01 4.892289265933e-03 2.572685611896e-01
3.886250000000e+01 4.895081904470e-03 2.576775925332e-01
3.886875000000e+01 4.897957243656e-03 2.580957743357e-01
3.887500000000e+01 4.900915599887e-03 2.585231446321e-01
3.888125000000e+01 4.903957296770e-03 2.589597421825e-01
3.888750000000e+01 4.907082665015e-03 2.594056064607e-01
3.889375000000e+01 4.910292042265e-03 2.598607776425e-01
3.890000000000e+01 4.913585772952e-03 2.603252965937e-01
3.890625000000e+01 4.916964208144e-03 2.607992048567e-01
3.891250000000e+01 4.920427705346e-03 2.612825446366e-01
3.891875000000e+01 4.923976628366e-03 2.617753587867e-01
3.892500000000e+01 4.927611347095e-03 2.622776907931e-01
3.893125000000e+01 4.931332237320e-03 2.627895847580e-01
3.893750000000e+01 4.935139680522e-03 2.633110853828e-01
3.894375000000e+01 4.939034063636e-03 2.638422379499e-01
3.895000000000e+01 4.943015778851e-03 2.643830883034e-01
3.895625000000e+01 4.947085223349e-03 2.649336828287e-01
3.896250000000e+01 4.951242799053e-03 2.654940684317e-01
3.896875000000e+01 4.955488912374e-03 2.660642925156e-01
3.897500000000e+01 4.959823973900e-03 2.666444029582e-01
3.898125000000e+01 4.964248398135e-03 2.672344480861e-01
3.898750000000e+01 4.968762603171e-03 2.678344766491e-01
3.899375000000e+01 4.973367010365e-03 2.684445377925e-01
3.900000000000e+01 4.978062044010e-03 2.690646810279e-01
3.900625000000e+01 4.982848130949e-03 2.696949562033e-01
3.901250000000e+01 4.987725700233e-03 2.703354134706e-01
3.901875000000e+01 4.992695182710e-03 2.709861032522e-01
3.902500000000e+01 4.997757010615e-03 2.716470762058e-01
3.903125000000e+01 5.002911617142e-03 2.723183831872e-01
3.903750000000e+01 5.008159435971e-03 2.730000752117e-01
3.904375000000e+01 5.013500900828e-03 2.736922034130e-01
3.905000000000e+01 5.018936444961e-03 2.743948190009e-01
3.905625000000e+01 5.024466500627e-03 2.751079732161e-01
3.906250000000e+01 5.030091498567e-03 2.758317172835e-01
3.906875000000e+01 5.035811867378e-03 2.765661023626e-01
3.907500000000e+01 5.041628032997e-03 2.773111794969e-01
3.908125000000e+01 5.047540418022e-03 2.780669995589e-01
3.908750000000e+01 5.053549441076e-03 2.788336131944e-01
3.909375000000e+01 5.059655516135e-03 2.796110707630e-01
3.910000000000e+01 5.065859051792e-03 2.803994222766e-01
3.910625000000e+01 5.072160450547e-03 2.811987173349e-01
3.911250000000e+01 5.078560108010e-03 2.820090050574e-01
3.911875000000e+01 5.085058412097e-03 2.828303340133e-01
3.912500000000e+01 5.091655742188e-03 2.836627521477e-01
3.913125000000e+01 5.098352468227e-03 2.845063067045e-01
3.913750000000e+01 5.105148949836e-03 2.853610441460e-01
3.914375000000e+01 5.112045535331e-03 2.862270100693e-01
3.915000000000e+01 5.119042560727e-03 2.871042491185e-01
3.915625000000e+01 5.126140348721e-03 2.879928048937e-01
3.916250000000e+01 5.133339207549e-03 2.888927198555e-01
3.916875000000e+01 5.140639429936e-03 2.898040352262e-01
3.917500000000e+01 5.148041291863e-03 2.907267908860e-01
3.918125000000e+01 5.155545051367e-03 2.916610252659e-01
3.918750000000e+01 5.163150947274e-03 2.926067752351e-01
3.919375000000e+01 5.170859197855e-03 2.935640759846e-01
3.920000000000e+01 5.178669999479e-03 2.945329609056e-01
3.920625000000e+01 5.186583525175e-03 2.955134614634e-01
3.921250000000e+01 5.194599923147e-03 2.965056070661e-01
3.921875000000e+01 5.202719315243e-03 2.975094249279e-01
3.922500000000e+01 5.210941795336e-03 2.985249399276e-01
3.923125000000e+01 5.219267427702e-03 2.995521744609e-01
3.923750000000e+01 5.227696245281e-03 3.005911482880e-01
3.924375000000e+01 5.236228247892e-03 3.016418783746e-01
3.925000000000e+01 5.244863400426e-03 3.027043787275e-01
3.925625000000e+01 5.253601630859e-03 3.037786602235e-01
3.926250000000e+01 5.262442828370e-03 3.048647304333e-01
3.926875000000e+01 5.271386841231e-03 3.059625934373e-01
3.927500000000e+01 5.280433474717e-03 3.070722496368e-01
3.928125000000e+01 5.289582488923e-03 3.081936955569e-01
3.928750000000e+01 5.298833596485e-03 3.093269236436e-01
3.929375000000e+01 5.308186460282e-03 3.104719220538e-01
3.930000000000e+01 5.317640691014e-03 3.116286744380e-01
3.930625000000e+01 5.327195844726e-03 3.127971597165e-01
3.931250000000e+01 5.336851420260e-03 3.139773518474e-01
3.931875000000e+01 5.346606856603e-03 3.151692195882e-01
3.932500000000e+01 5.356461530214e-03 3.163727262495e-01
3.933125000000e+01 5.366414752215e-03 3.175878294412e-01
3.933750000000e+01 5.376465765540e-03 3.188144808114e-01
3.934375000000e+01 5.386613741998e-03 3.200526257775e-01
3.935000000000e+01 5.396857779236e-03 3.213022032496e-01
3.935625000000e+01 5.407196897692e-03 3.225631453468e-01
3.936250000000e+01 5.417630037386e-03 3.238353771050e-01
3.936875000000e+01 5.428156054699e-03 3.251188161779e-01
3.937500000000e+01 5.438773719061e-03 3.264133725302e-01
3.938125000000e+01 5.449481709542e-03 3.277189481233e-01
3.938750000000e+01 5.460278611430e-03 3.290354365936e-01
3.939375000000e+01 5.471162912689e-03 3.303627229237e-01
3.940000000000e+01 5.482133000376e-03 3.317006831070e-01
3.940625000000e+01 5.493187157001e-03 3.330491838045e-01
3.941250000000e+01 5.504323556800e-03 3.344080819963e-01
3.941875000000e+01 5.515540262011e-03 3.357772246254e-01
3.942500000000e+01 5.526835219049e-03 3.371564482373e-01
3.943125000000e+01 5.538206254658e-03 3.385455786123e-01
3.943750000000e+01 5.549651072037e-03 3.399444303939e-01
3.944375000000e+01 5.561167246899e-03 3.413528067120e-01
3.945000000000e+01 5.572752223561e-03 3.427704988023e-01
3.945625000000e+01 5.584403310987e-03 3.441972856219e-01
3.946250000000e+01 5.596117678803e-03 3.456329334621e-01
3.946875000000e+01 5.607892353359e-03 3.470771955596e-01
3.947500000000e+01 5.619724213762e-03 3.485298117054e-01
3.948125000000e+01 5.631609987980e-03 3.499905078541e-01
3.948750000000e+01 5.643546248934e-03 3.514589957333e-01
3.949375000000e+01 5.655529410658e-03 3.529349724545e-01
3.950000000000e+01 5.667555724533e-03 3.544181201263e-01
3.950625000000e+01 5.679621275555e-03 3.559081054721e-01
3.951250000000e+01 5.691721978755e-03 3.574045794521e-01
3.951875000000e+01 5.703853575672e-03 3.589071768917e-01
3.952500000000e+01 5.716011630978e-03 3.604155161182e-01
3.953125000000e+01 5.728191529241e-03 3.619291986061e-01
3.953750000000e+01 5.740388471833e-03 3.634478086341e-01
3.954375000000e+01 5.752597474054e-03 3.649709129540e-01
3.955000000000e+01 5.764813362448e-03 3.664980604746e-01
3.955625000000e+01 5.777030772303e-03 3.680287819615e-01
3.956250000000e+01 5.789244145471e-03 3.695625897556e-01
3.956875000000e+01 5.801447728381e-03 3.710989775118e-01
3.957500000000e+01 5.813635570436e-03 3.726374199603e-01
3.958125000000e+01 5.825801522662e-03 3.741773726922e-01
3.958750000000e+01 5.837939236735e-03 3.757182719737e-01
3.959375000000e+01 5.850042164387e-03 3.772595345876e-01
3.960000000000e+01 5.862103557188e-03 3.788005577091e-01
3.960625000000e+01 5.874116466814e-03 3.803407188142e-01
3.961250000000e+01 5.886073745719e-03 3.818793756267e-01
3.961875000000e+01 5.897968048321e-03 3.834158661039e-01
3.962500000000e+01 5.909791832712e-03 3.849495084650e-01
3.963125000000e+01 5.921537362879e-03 3.864796012653e-01
3.963750000000e+01 5.933196711554e-03 3.880054235168e-01
3.964375000000e+01 5.944761763633e-03 3.895262348605e-01
3.965000000000e+01 5.956224220206e-03 3.910412757911e-01
3.965625000000e+01 5.967575603289e-03 3.925497679380e-01
3.966250000000e+01 5.978807261190e-03 3.940509144040e-01
3.966875000000e+01 5.989910374640e-03 3.955439001651e-01
3.967500000000e+01 6.000875963592e-03 3.970278925339e-01
3.968125000000e+01 6.011694894808e-03 3.985020416876e-01
3.968750000000e+01 6.022357890206e-03 3.999654812643e-01
3.969375000000e+01 6.032855535969e-03 4.014173290284e-01
3.970000000000e+01 6.043178292508e-03 4.028566876076e-01
3.970625000000e+01 6.053316505177e-03 4.042826453022e-01
3.971250000000e+01 6.063260415837e-03 4.056942769691e-01
3.971875000000e+01 6.073000175241e-03 4.070906449806e-01
3.972500000000e+01 6.082525856211e-03 4.084708002589e-01
3.973125000000e+01 6.091827467688e-03 4.098337833868e-01
3.973750000000e+01 6.100894969562e-03 4.111786257951e-01
3.974375000000e+01 6.109718288268e-03 4.125043510251e-01
3.975000000000e+01 6.118287333229e-03 4.138099760667e-01
3.975625000000e+01 6.126592013985e-03 4.150945127704e-01
3.976250000000e+01 6.134622258128e-03 4.163569693315e-01
3.976875000000e+01 6.142368029869e-03 4.175963518441e-01
3.977500000000e+01 6.149819349286e-03 4.188116659238e-01
3.978125000000e+01 6.156966312200e-03 4.200019183935e-01
3.978750000000e+01 6.163799110561e-03 4.211661190318e-01
3.979375000000e+01 6.170308053424e-03 4.223032823767e-01
3.980000000000e+01 6.176483588293e-03 4.234124295829e-01
3.980625000000e+01 6.182316322877e-03 4.244925903258e-01
3.981250000000e+01 6.187797047154e-03 4.255428047468e-01
3.981875000000e+01 6.192916755630e-03 4.265621254354e-01
3.982500000000e+01 6.197666669809e-03 4.275496194384e-01
3.983125000000e+01 6.202038260646e-03 4.285043702933e-01
3.983750000000e+01 6.206023271033e-03 4.294254800744e-01
3.984375000000e+01 6.209613738105e-03 4.303120714472e-01
3.985000000000e+01 6.212802015342e-03 4.311632897205e-01
3.985625000000e+01 6.215580794378e-03 4.319783048893e-01
3.986250000000e+01 6.217943126340e-03 4.327563136590e-01
3.986875000000e+01 6.219882442675e-03 4.334965414427e-01
3.987500000000e+01 6.221392575356e-03 4.341982443213e-01
3.988125000000e+01 6.222467776314e-03 4.348607109590e-01
3.988750000000e+01 6.223102736096e-03 4.354832644636e-01
3.989375000000e+01 6.223292601525e-03 4.360652641838e-01
3.990000000000e+01 6.223032992357e-03 4.366061074325e-01
3.990625000000e+01 6.222320016798e-03 4.371052311306e-01
3.991250000000e+01 6.221150285788e-03 4.375621133593e-01
3.991875000000e+01 6.219520926022e-03 4.379762748147e-01
3.992500000000e+01 6.217429591540e-03 4.383472801572e-01
3.993125000000e+01 6.214874473908e-03 4.386747392468e-01
3.993750000000e+01 6.211854310828e-03 4.389583082590e-01
3.994375000000e+01 6.208368393192e-03 4.391976906747e-01
3.995000000000e+01 6.204416570552e-03 4.393926381374e-01
3.995625000000e+01 6.199999254857e-03 4.395429511755e-01
3.996250000000e+01 6.195117422540e-03 4.396484797826e-01
3.996875000000e+01 6.189772614873e-03 4.397091238547e-01
3.997500000000e+01 6.183966936577e-03 4.397248334804e-01
3.998125000000e+01 6.177703052762e-03 4.396956090838e-01
3.998750000000e+01 6.170984184087e-03 4.396215014180e-01
3.999375000000e+01 6.163814100252e-03 4.395026114096e-01
4.000000000000e+01 6.156197111831e-03 4.393390898560e-01
4.000625000000e+01 6.148138060435e-03 4.391311369758e-01
4.001250000000e+01 6.139642307361e-03 4.388790018162e-01
4.001875000000e+01 6.130715720654e-03 4.385829815200e-01
4.002500000000e+01 6.121364660772e-03 4.382434204568e-01
4.003125000000e+01 6.111595964804e-03 4.378607092228e-01
4.003750000000e+01 6.101416929429e-03 4.374352835159e-01
4.004375000000e+01 6.090835292679e-03 4.369676228906e-01
4.005000000000e+01 6.079859214539e-03 4.364582494017e-01
4.005625000000e+01 6.068497256550e-03 4.359077261421e-01
4.006250000000e+01 6.056758360497e-03 4.353166556839e-01
4.006875000000e+01 6.044651826250e-03 4.346856784305e-01
4.007500000000e+01 6.032187288966e-03 4.340154708883e-01
4.008125000000e+01 6.019374695633e-03 4.333067438667e-01
4.008750000000e+01 6.006224281163e-03 4.325602406154e-01
4.009375000000e+01 5.992746544106e-03 4.317767349083e-01
4.010000000000e+01 5.978952222077e-03 4.309570290825e-01
4.010625000000e+01 5.964852267079e-03 4.301019520429e-01
4.011250000000e+01 5.950457820720e-03 4.292123572390e-01
4.011875000000e+01 5.935780189528e-03 4.282891206254e-01
4.012500000000e+01 5.920830820369e-03 4.273331386129e-01
4.013125000000e+01 5.905621276134e-03 4.263453260192e-01
4.013750000000e+01 5.890163211789e-03 4.253266140270e-01
4.014375000000e+01 5.874468350794e-03 4.242779481582e-01
4.015000000000e+01 5.858548462049e-03 4.232002862695e-01
4.015625000000e+01 5.842415337410e-03 4.220945965787e-01
4.016250000000e+01 5.826080769820e-03 4.209618557270e-01
4.016875000000e+01 5.809556532188e-03 4.198030468826e-01
4.017500000000e+01 5.792854356975e-03 4.186191578926e-01
4.018125000000e+01 5.775985916605e-03 4.174111794877e-01
4.018750000000e+01 5.758962804723e-03 4.161801035432e-01
4.019375000000e+01 5.741796518306e-03 4.149269214019e-01
4.020000000000e+01 5.724498440731e-03 4.136526222616e-01
4.020625000000e+01 5.707079825737e-03 4.123581916297e-01
4.021250000000e+01 5.689551782342e-03 4.110446098488e-01
4.021875000000e+01 5.671925260763e-03 4.097128506938e-01
4.022500000000e+01 5.654211039211e-03 4.083638800433e-01
4.023125000000e+01 5.636419711777e-03 4.069986546252e-01
4.023750000000e+01 5.618561677196e-03 4.056181208393e-01
4.024375000000e+01 5.600647128605e-03 4.042232136539e-01
4.025000000000e+01 5.582686044249e-03 4.028148555803e-01
4.025625000000e+01 5.564688179090e-03 4.013939557212e-01
4.026250000000e+01 5.546663057385e-03 3.999614088947e-01
4.026875000000e+01 5.528619966099e-03 3.985180948318e-01
4.027500000000e+01 5.510567949214e-03 3.970648774459e-01
4.028125000000e+01 5.492515802870e-03 3.956026041737e-01
4.028750000000e+01 5.474472071298e-03 3.941321053853e-01
4.029375000000e+01 5.456445043574e-03 3.926541938604e-01
4.030000000000e+01 5.438442751075e-03 3.911696643305e-01
4.030625000000e+01 5.420472965663e-03 3.896792930838e-01
4.031250000000e+01 5.402543198574e-03 3.881838376296e-01
4.031875000000e+01 5.384660699867e-03 3.866840364216e-01
4.032500000000e+01 5.366832458593e-03 3.851806086357e-01
4.033125000000e+01 5.349065203449e-03 3.836742540009e-01
4.033750000000e+01 5.331365403999e-03 3.821656526804e-01
4.034375000000e+01 5.313739272400e-03 3.806554651994e-01
4.035000000000e+01 5.296192765559e-03 3.791443324183e-01
4.035625000000e+01 5.278731587780e-03 3.776328755475e-01
4.036250000000e+01 5.261361193747e-03 3.761216962020e-01
4.036875000000e+01 5.244086791907e-03 3.746113764919e-01
4.037500000000e+01 5.226913348171e-03 3.731024791482e-01
4.038125000000e+01 5.209845589902e-03 3.715955476795e-01
4.038750000000e+01 5.192888010212e-03 3.700911065583e-01
4.039375000000e+01 5.176044872461e-03 3.685896614338e-01
4.040000000000e+01 5.159320214983e-03 3.670916993699e-01
4.040625000000e+01 5.142717856028e-03 3.655976891046e-01
4.041250000000e+01 5.126241398762e-03 3.641080813307e-01
4.041875000000e+01 5.109894236586e-03 3.626233089932e-01
4.042500000000e+01 5.093679558384e-03 3.611437876046e-01
4.043125000000e+01 5.077600353975e-03 3.596699155727e-01
4.043750000000e+01 5.061659419612e-03 3.582020745424e-01
4.044375000000e+01 5.045859363507e-03 3.567406297471e-01
4.045000000000e+01 5.030202611453e-03 3.552859303704e-01
4.045625000000e+01 5.014691412403e-03 3.538383099143e-01
4.046250000000e+01 4.999327844095e-03 3.523980865750e-01
4.046875000000e+01 4.984113818653e-03 3.509655636223e-01
4.047500000000e+01 4.969051088148e-03 3.495410297840e-01
4.048125000000e+01 4.954141250176e-03 3.481247596315e-01
4.048750000000e+01 4.939385753336e-03 3.467170139681e-01
4.049375000000e+01 4.924785902673e-03 3.453180402168e-01
4.050000000000e+01 4.910342865092e-03 3.439280728084e-01
4.050625000000e+01 4.896057674585e-03 3.425473335673e-01
4.051250000000e+01 4.881931237564e-03 3.411760320963e-01
4.051875000000e+01 4.867964337923e-03 3.398143661579e-01
4.052500000000e+01 4.854157642116e-03 3.384625220521e-01
4.053125000000e+01 4.840511704110e-03 3.371206749904e-01
4.053750000000e+01 4.827026970213e-03 3.357889894652e-01
4.054375000000e+01 4.813703783849e-03 3.344676196138e-01
4.055000000000e+01 4.800542390169e-03 3.331567095775e-01
4.055625000000e+01 4.787542940584e-03 3.318563938541e-01
4.056250000000e+01 4.774705497180e-03 3.305667976448e-01
4.056875000000e+01 4.762030036989e-03 3.292880371942e-01
4.057500000000e+01 4.749516456203e-03 3.280202201239e-01
4.058125000000e+01 4.737164574216e-03 3.267634457589e-01
4.058750000000e+01 4.724974137570e-03 3.255178054471e-01
4.059375000000e+01 4.712944823793e-03 3.242833828710e-01
4.060000000000e+01 4.701076245084e-03 3.230602543530e-01
4.060625000000e+01 4.689367951954e-03 3.218484891526e-01
4.061250000000e+01 4.677819436658e-03 3.206481497558e-01
4.061875000000e+01 4.666430136585e-03 3.194592921576e-01
4.062500000000e+01 4.655199437509e-03 3.182819661369e-01
4.063125000000e+01 4.644126676707e-03 3.171162155234e-01
4.063750000000e+01 4.633211146020e-03 3.159620784572e-01
4.064375000000e+01 4.622452094752e-03 3.148195876411e-01
4.065000000000e+01 4.611848732494e-03 3.136887705856e-01
4.065625000000e+01 4.601400231833e-03 3.125696498456e-01
4.066250000000e+01 4.591105730948e-03 3.114622432513e-01
4.066875000000e+01 4.580964336140e-03 3.103665641307e-01
4.067500000000e+01 4.570975124229e-03 3.092826215260e-01
4.068125000000e+01 4.561137144868e-03 3.082104204018e-01
4.068750000000e+01 4.551449422772e-03 3.071499618482e-01
4.069375000000e+01 4.541910959833e-03 3.061012432753e-01
4.070000000000e+01 4.532520737180e-03 3.050642586030e-01
4.070625000000e+01 4.523277717141e-03 3.040389984425e-01
4.071250000000e+01 4.514180845090e-03 3.030254502732e-01
4.071875000000e+01 4.505229051267e-03 3.020235986123e-01
4.072500000000e+01 4.496421252464e-03 3.010334251787e-01
4.073125000000e+01 4.487756353694e-03 3.000549090512e-01
4.073750000000e+01 4.479233249737e-03 2.990880268212e-01
4.074375000000e+01 4.470850826637e-03 2.981327527390e-01
4.075000000000e+01 4.462607963131e-03 2.971890588553e-01
4.075625000000e+01 4.454503531989e-03 2.962569151578e-01
4.076250000000e+01 4.446536401338e-03 2.953362897016e-01
4.076875000000e+01 4.438705435869e-03 2.944271487356e-01
4.077500000000e+01 4.431009498019e-03 2.935294568237e-01
4.078125000000e+01 4.423447449087e-03 2.926431769611e-01
4.078750000000e+01 4.416018150278e-03 2.917682706866e-01
4.079375000000e+01 4.408720463726e-03 2.909046981899e-01
4.080000000000e+01 4.401553253452e-03 2.900524184151e-01
4.080625000000e+01 4.394515386246e-03 2.892113891599e-01
4.081250000000e+01 4.387605732543e-03 2.883815671711e-01
4.081875000000e+01 4.380823167217e-03 2.875629082353e-01
4.082500000000e+01 4.374166570374e-03 2.867553672671e-01
4.083125000000e+01 4.367634828057e-03 2.859588983933e-01
4.083750000000e+01 4.361226832941e-03 2.851734550330e-01
4.084375000000e+01 4.354941484979e-03 2.843989899749e-01
4.085000000000e+01 4.348777692003e-03 2.836354554519e-01
4.085625000000e+01 4.342734370315e-03 2.828828032112e-01
4.086250000000e+01 4.336810445216e-03 2.821409845827e-01
4.086875000000e+01 4.331004851522e-03 2.814099505440e-01
4.087500000000e+01 4.325316534039e-03 2.806896517822e-01
4.088125000000e+01 4.319744447998e-03 2.799800387539e-01
4.088750000000e+01 4.314287559497e-03 2.792810617417e-01
4.089375000000e+01 4.308944845893e-03 2.785926709092e-01
4.090000000000e+01 4.303715296149e-03 2.779148163527e-01
4.090625000000e+01 4.298597911198e-03 2.772474481508e-01
4.091250000000e+01 4.293591704242e-03 2.765905164126e-01
4.091875000000e+01 4.288695701073e-03 2.759439713225e-01
4.092500000000e+01 4.283908940338e-03 2.753077631840e-01
4.093125000000e+01 4.279230473796e-03 2.746818424613e-01
4.093750000000e+01 4.274659366559e-03 2.740661598183e-01
4.094375000000e+01 4.270194697299e-03 2.734606661571e-01
4.095000000000e+01 4.265835558473e-03 2.728653126536e-01
4.095625000000e+01 4.261581056493e-03 2.722800507921e-01
4.096250000000e+01 4.257430311901e-03 2.717048323984e-01
4.096875000000e+01 4.253382459532e-03 2.711396096704e-01
4.097500000000e+01 4.249436648637e-03 2.705843352090e-01
4.098125000000e+01 4.245592043036e-03 2.700389620455e-01
4.098750000000e+01 4.241847821234e-03 2.695034436699e-01
4.099375000000e+01 4.238203176507e-03 2.689777340559e-01
4.100000000000e+01 4.234657317019e-03 2.684617876860e-01
4.100625000000e+01 4.231209465886e-03 2.679555595749e-01
4.101250000000e+01 4.227858861274e-03 2.674590052922e-01
4.101875000000e+01 4.224604756452e-03 2.669720809833e-01
4.102500000000e+01 4.221446419853e-03 2.664947433902e-01
4.103125000000e+01 4.218383135128e-03 2.660269498707e-01
4.103750000000e+01 4.215414201171e-03 2.655686584169e-01
4.104375000000e+01 4.212538932185e-03 2.651198276729e-01
4.105000000000e+01 4.209756657688e-03 2.646804169516e-01
4.105625000000e+01 4.207066722548e-03 2.642503862504e-01
4.106250000000e+01 4.204468486998e-03 2.638296962671e-01
4.106875000000e+01 4.201961326640e-03 2.634183084138e-01
4.107500000000e+01 4.199544632475e-03 2.630161848310e-01
4.108125000000e+01 4.197217810884e-03 2.626232884010e-01
4.108750000000e+01 4.194980283655e-03 2.622395827604e-01
4.109375000000e+01 4.192831487956e-03 2.618650323119e-01
4.110000000000e+01 4.190770876329e-03 2.614996022364e-01
4.110625000000e+01 4.188797916702e-03 2.611432585032e-01
4.111250000000e+01 4.186912092363e-03 2.607959678813e-01
4.111875000000e+01 4.185112901946e-03 2.604576979490e-01
4.112500000000e+01 4.183399859424e-03 2.601284171034e-01
4.113125000000e+01 4.181772494072e-03 2.598080945702e-01
4.113750000000e+01 4.180230350473e-03 2.594967004118e-01
4.114375000000e+01 4.178772988487e-03 2.591942055364e-01
4.115000000000e+01 4.177399983225e-03 2.589005817058e-01
4.115625000000e+01 4.176110925039e-03 2.586158015434e-01
4.116250000000e+01 4.174905419480e-03 2.583398385416e-01
4.116875000000e+01 4.173783087301e-03 2.580726670693e-01
4.117500000000e+01 4.172743564416e-03 2.578142623786e-01
4.118125000000e+01 4.171786501894e-03 2.575646006121e-01
4.118750000000e+01 4.170911565920e-03 2.573236588090e-01
4.119375000000e+01 4.170118437773e-03 2.570914149119e-01
4.120000000000e+01 4.169406813823e-03 2.568678477725e-01
4.120625000000e+01 4.168776405499e-03 2.566529371584e-01
4.121250000000e+01 4.168226939268e-03 2.564466637583e-01
4.121875000000e+01 4.167758156627e-03 2.562490091883e-01
4.122500000000e+01 4.167369814067e-03 2.560599559973e-01
4.123125000000e+01 4.167061683079e-03 2.558794876727e-01
4.123750000000e+01 4.166833550132e-03 2.557075886458e-01
4.124375000000e+01 4.166685216654e-03 2.555442442974e-01
4.125000000000e+01 4.166616499037e-03 2.553894409630e-01
4.125625000000e+01 4.166627228599e-03 2.552431659380e-01
4.126250000000e+01 4.166717251616e-03 2.551054074832e-01
4.126875000000e+01 4.166886429286e-03 2.549761548300e-01
4.127500000000e+01 4.167134637750e-03 2.548553981857e-01
4.128125000000e+01 4.167461768073e-03 2.547431287384e-01
4.128750000000e+01 4.167867726246e-03 2.546393386627e-01
4.129375000000e+01 4.168352433209e-03 2.545440211248e-01
4.130000000000e+01 4.168915824844e-03 2.544571702874e-01
4.130625000000e+01 4.169557851988e-03 2.543787813158e-01
4.131250000000e+01 4.170278480449e-03 2.543088503825e-01
4.131875000000e+01 4.171077691005e-03 2.542473746732e-01
4.132500000000e+01 4.171955479448e-03 2.541943523919e-01
4.133125000000e+01 4.172911856590e-03 2.541497827669e-01
4.133750000000e+01 4.173946848286e-03 2.541136660559e-01
4.134375000000e+01 4.175060495472e-03 2.540860035523e-01
4.135000000000e+01 4.176252854175e-03 2.540667975904e-01
4.135625000000e+01 4.177523995572e-03 2.540560515521e-01
4.136250000000e+01 4.178874006006e-03 2.540537698724e-01
4.136875000000e+01 4.180302987049e-03 2.540599580456e-01
4.137500000000e+01 4.181811055523e-03 2.540746226319e-01
4.138125000000e+01 4.183398343549e-03 2.540977712635e-01
4.138750000000e+01 4.185064998616e-03 2.541294126514e-01
4.139375000000e+01 4.186811183622e-03 2.541695565921e-01
4.140000000000e+01 4.188637076935e-03 2.542182139743e-01
4.140625000000e+01 4.190542872457e-03 2.542753967859e-01
4.141250000000e+01 4.192528779676e-03 2.543411181215e-01
4.141875000000e+01 4.194595023757e-03 2.544153921895e-01
4.142500000000e+01 4.196741845602e-03 2.544982343195e-01
4.143125000000e+01 4.198969501931e-03 2.545896609705e-01
4.143750000000e+01 4.201278265364e-03 2.546896897382e-01
4.144375000000e+01 4.203668424493e-03 2.547983393636e-01
4.145000000000e+01 4.206140283994e-03 2.549156297410e-01
4.145625000000e+01 4.208694164706e-03 2.550415819264e-01
4.146250000000e+01 4.211330403727e-03 2.551762181466e-01
4.146875000000e+01 4.214049354536e-03 2.553195618078e-01
4.147500000000e+01 4.216851387061e-03 2.554716375046e-01
4.148125000000e+01 4.219736887826e-03 2.556324710299e-01
4.148750000000e+01 4.222706260050e-03 2.558020893838e-01
4.149375000000e+01 4.225759923768e-03 2.559805207839e-01
4.150000000000e+01 4.228898315957e-03 2.561677946752e-01
4.150625000000e+01 4.232121890650e-03 2.563639417402e-01
4.151250000000e+01 4.235431119096e-03 2.565689939098e-01
4.151875000000e+01 4.238826489876e-03 2.567829843736e-01
4.152500000000e+01 4.242308509052e-03 2.570059475915e-01
4.153125000000e+01 4.245877700317e-03 2.572379193046e-01
4.153750000000e+01 4.249534605130e-03 2.574789365466e-01
4.154375000000e+01 4.253279782899e-03 2.577290376562e-01
4.155000000000e+01 4.257113811122e-03 2.579882622886e-01
4.155625000000e+01 4.261037285555e-03 2.582566514282e-01
4.156250000000e+01 4.265050820404e-03 2.585342474012e-01
4.156875000000e+01 4.269155048458e-03 2.588210938883e-01
4.157500000000e+01 4.273350621313e-03 2.591172359380e-01
4.158125000000e+01 4.277638209535e-03 2.594227199803e-01
4.158750000000e+01 4.282018502857e-03 2.597375938401e-01
4.159375000000e+01 4.286492210375e-03 2.600619067514e-01
4.160000000000e+01 4.291060060739e-03 2.603957093719e-01
4.160625000000e+01 4.295722802378e-03 2.607390537972e-01
4.161250000000e+01 4.300481203697e-03 2.610919935761e-01
4.161875000000e+01 4.305336053299e-03 2.614545837256e-01
4.162500000000e+01 4.310288160209e-03 2.618268807467e-01
4.163125000000e+01 4.315338354083e-03 2.622089426399e-01
4.163750000000e+01 4.320487485469e-03 2.626008289219e-01
4.164375000000e+01 4.325736426026e-03 2.630026006414e-01
4.165000000000e+01 4.331086068766e-03 2.634143203964e-01
4.165625000000e+01 4.336537328325e-03 2.638360523510e-01
4.166250000000e+01 4.342091141161e-03 2.642678622529e-01
4.166875000000e+01 4.347748465888e-03 2.647098174510e-01
4.167500000000e+01 4.353510283483e-03 2.651619869135e-01
4.168125000000e+01 4.359377597577e-03 2.656244412462e-01
4.168750000000e+01 4.365351434730e-03 2.660972527111e-01
4.169375000000e+01 4.371432844697e-03 2.665804952452e-01
4.170000000000e+01 4.377622900735e-03 2.670742444799e-01
4.170625000000e+01 4.383922699877e-03 2.675785777604e-01
4.171250000000e+01 4.390333363233e-03 2.680935741657e-01
4.171875000000e+01 4.396856036294e-03 2.686193145284e-01
4.172500000000e+01 4.403491889221e-03 2.691558814555e-01
4.173125000000e+01 4.410242117180e-03 2.697033593485e-01
4.173750000000e+01 4.417107940643e-03 2.702618344252e-01
4.174375000000e+01 4.424090605709e-03 2.708313947400e-01
4.175000000000e+01 4.431191384449e-03 2.714121302062e-01
4.175625000000e+01 4.438411575183e-03 2.720041326173e-01
4.176250000000e+01 4.445752502888e-03 2.726074956690e-01
4.176875000000e+01 4.453215519482e-03 2.732223149819e-01
4.177500000000e+01 4.460802004191e-03 2.738486881233e-01
4.178125000000e+01 4.468513363897e-03 2.744867146304e-01
4.178750000000e+01 4.476351033470e-03 2.751364960331e-01
4.179375000000e+01 4.484316476152e-03 2.757981358769e-01
4.180000000000e+01 4.492411183901e-03 2.764717397464e-01
4.180625000000e+01 4.500636677756e-03 2.771574152886e-01
4.181250000000e+01 4.508994508209e-03 2.778552722362e-01
4.181875000000e+01 4.517486255554e-03 2.785654224320e-01
4.182500000000e+01 4.526113530288e-03 2.792879798520e-01
4.183125000000e+01 4.534877973471e-03 2.800230606293e-01
4.183750000000e+01 4.543781257099e-03 2.807707830785e-01
4.184375000000e+01 4.552825084494e-03 2.815312677192e-01
4.185000000000e+01 4.562011190660e-03 2.823046373002e-01
4.185625000000e+01 4.571341342704e-03 2.830910168229e-01
4.186250000000e+01 4.580817340181e-03 2.838905335660e-01
4.186875000000e+01 4.590441015491e-03 2.847033171082e-01
4.187500000000e+01 4.600214234264e-03 2.855294993526e-01
4.188125000000e+01 4.610138895722e-03 2.863692145497e-01
4.188750000000e+01 4.620216933083e-03 2.872225993206e-01
4.189375000000e+01 4.630450313922e-03 2.880897926801e-01
4.190000000000e+01 4.640841040549e-03 2.889709360590e-01
4.190625000000e+01 4.651391150384e-03 2.898661733263e-01
4.191250000000e+01 4.662102716305e-03 2.907756508112e-01
4.191875000000e+01 4.672977847037e-03 2.916995173242e-01
4.192500000000e+01 4.684018687492e-03 2.926379241776e-01
4.193125000000e+01 4.695227419117e-03 2.935910252059e-01
4.193750000000e+01 4.706606260243e-03 2.945589767847e-01
4.194375000000e+01 4.718157466393e-03 2.955419378497e-01
4.195000000000e+01 4.729883330650e-03 2.965400699140e-01
4.195625000000e+01 4.741786183925e-03 2.975535370848e-01
4.196250000000e+01 4.753868395273e-03 2.985825060793e-01
4.196875000000e+01 4.766132372180e-03 2.996271462388e-01
4.197500000000e+01 4.778580560816e-03 3.006876295419e-01
4.198125000000e+01 4.791215446310e-03 3.017641306165e-01
4.198750000000e+01 4.804039552972e-03 3.028568267499e-01
4.199375000000e+01 4.817055444504e-03 3.039658978972e-01
4.200000000000e+01 4.830265724202e-03 3.050915266882e-01
4.200625000000e+01 4.843673035101e-03 3.062338984323e-01
4.201250000000e+01 4.857280060146e-03 3.073932011210e-01
4.201875000000e+01 4.871089522284e-03 3.085696254286e-01
4.202500000000e+01 4.885104184553e-03 3.097633647099e-01
4.203125000000e+01 4.899326850134e-03 3.109746149957e-01
4.203750000000e+01 4.913760362342e-03 3.122035749851e-01
4.204375000000e+01 4.928407604629e-03 3.134504460351e-01
4.205000000000e+01 4.943271500505e-03 3.147154321467e-01
4.205625000000e+01 4.958355013412e-03 3.159987399473e-01
4.206250000000e+01 4.973661146580e-03 3.173005786695e-01
4.206875000000e+01 4.989192942787e-03 3.186211601260e-01
4.207500000000e+01 5.004953484121e-03 3.199606986801e-01
4.208125000000e+01 5.020945891626e-03 3.213194112110e-01
4.208750000000e+01 5.037173324919e-03 3.226975170750e-01
4.209375000000e+01 5.053638981726e-03 3.240952380607e-01
4.210000000000e+01 5.070346097323e-03 3.255127983389e-01
4.210625000000e+01 5.087297943958e-03 3.269504244066e-01
4.211250000000e+01 5.104497830125e-03 3.284083450239e-01
4.211875000000e+01 5.121949099783e-03 3.298867911446e-01
4.212500000000e+01 5.139655131476e-03 3.313859958398e-01
4.213125000000e+01 5.157619337322e-03 3.329061942125e-01
4.213750000000e+01 5.175845161950e-03 3.344476233054e-01
4.214375000000e+01 5.194336081283e-03 3.360105219986e-01
4.215000000000e+01 5.213095601184e-03 3.375951308991e-01
4.215625000000e+01 5.232127256016e-03 3.392016922195e-01
4.216250000000e+01 5.251434607009e-03 3.408304496465e-01
4.216875000000e+01 5.271021240545e-03 3.424816481981e-01
4.217500000000e+01 5.290890766227e-03 3.441555340693e-01
4.218125000000e+01 5.311046814814e-03 3.458523544647e-01
4.218750000000e+01 5.331493035971e-03 3.475723574178e-01
4.219375000000e+01 5.352233095814e-03 3.493157915969e-01
4.220000000000e+01 5.373270674308e-03 3.510829060951e-01
4.220625000000e+01 5.394609462399e-03 3.528739502049e-01
4.221250000000e+01 5.416253158952e-03 3.546891731764e-01
4.221875000000e+01 5.438205467456e-03 3.565288239572e-01
4.222500000000e+01 5.460470092455e-03 3.583931509141e-01
4.223125000000e+01 5.483050735762e-03 3.602824015348e-01
4.223750000000e+01 5.505951092365e-03 3.621968221088e-01
4.224375000000e+01 5.529174846029e-03 3.641366573867e-01
4.225000000000e+01 5.552725664626e-03 3.661021502157e-01
4.225625000000e+01 5.576607195093e-03 3.680935411514e-01
4.226250000000e+01 5.600823058115e-03 3.701110680435e-01
4.226875000000e+01 5.625376842376e-03 3.721549655945e-01
4.227500000000e+01 5.650272098475e-03 3.742254648901e-01
4.228125000000e+01 5.675512332430e-03 3.763227928996e-01
4.228750000000e+01 5.701100998741e-03 3.784471719451e-01
4.229375000000e+01 5.727041493070e-03 3.805988191375e-01
4.230000000000e+01 5.753337144396e-03 3.827779457783e-01
4.230625000000e+01 5.779991206720e-03 3.849847567249e-01
4.231250000000e+01 5.807006850260e-03 3.872194497178e-01
4.231875000000e+01 5.834387152084e-03 3.894822146691e-01
4.232500000000e+01 5.862135086245e-03 3.917732329081e-01
4.233125000000e+01 5.890253513293e-03 3.940926763852e-01
4.233750000000e+01 5.918745169174e-03 3.964407068290e-01
4.234375000000e+01 5.947612653532e-03 3.988174748577e-01
4.235000000000e+01 5.976858417311e-03 4.012231190406e-01
4.235625000000e+01 6.006484749726e-03 4.036577649095e-01
4.236250000000e+01 6.036493764473e-03 4.061215239158e-01
4.236875000000e+01 6.066887385221e-03 4.086144923345e-01
4.237500000000e+01 6.097667330346e-03 4.111367501100e-01
4.238125000000e+01 6.128835096844e-03 4.136883596436e-01
4.238750000000e+01 6.160391943483e-03 4.162693645207e-01
4.239375000000e+01 6.192338873050e-03 4.188797881748e-01
4.240000000000e+01 6.224676613773e-03 4.215196324879e-01
4.240625000000e+01 6.257405599841e-03 4.241888763249e-01
4.241250000000e+01 6.290525950988e-03 4.268874739995e-01
4.241875000000e+01 6.324037451196e-03 4.296153536726e-01
4.242500000000e+01 6.357939526399e-03 4.323724156796e-01
4.243125000000e+01 6.392231221265e-03 4.351585307861e-01
4.243750000000e+01 6.426911174942e-03 4.379735383720e-01
4.244375000000e+01 6.461977595853e-03 4.408172445424e-01
4.245000000000e+01 6.497428235522e-03 4.436894201654e-01
4.245625000000e+01 6.533260361350e-03 4.465897988367e-01
4.246250000000e+01 6.569470728436e-03 4.495180747712e-01
4.246875000000e+01 6.606055550410e-03 4.524739006230e-01
4.247500000000e+01 6.643010469274e-03 4.554568852345e-01
4.248125000000e+01 6.680330524367e-03 4.584665913163e-01
4.248750000000e+01 6.718010120342e-03 4.615025330612e-01
4.249375000000e+01 6.756042994321e-03 4.645641736947e-01
4.250000000000e+01 6.794422182214e-03 4.676509229651e-01
4.250625000000e+01 6.833139984240e-03 4.707621345797e-01
4.251250000000e+01 6.872187929840e-03 4.738971035903e-01
4.251875000000e+01 6.911556741883e-03 4.770550637361e-01
4.252500000000e+01 6.951236300443e-03 4.802351847505e-01
4.253125000000e+01 6.991215606098e-03 4.834365696398e-01
4.253750000000e+01 7.031482742996e-03 4.866582519449e-01
4.254375000000e+01 7.072024841813e-03 4.898991929946e-01
4.255000000000e+01 7.112828042677e-03 4.931582791651e-01
4.255625000000e+01 7.153877458343e-03 4.964343191570e-01
4.256250000000e+01 7.195157137753e-03 4.997260413057e-01
4.256875000000e+01 7.236650030202e-03 5.030320909418e-01
4.257500000000e+01 7.278337950411e-03 5.063510278190e-01
4.258125000000e+01 7.320201544670e-03 5.096813236287e-01
4.258750000000e+01 7.362220258399e-03 5.130213596236e-01
4.259375000000e+01 7.404372305425e-03 5.163694243720e-01
4.260000000000e+01 7.446634639241e-03 5.197237116674e-01
4.260625000000e+01 7.488982926724e-03 5.230823186206e-01
4.261250000000e+01 7.531391524511e-03 5.264432439598e-01
4.261875000000e+01 7.573833458579e-03 5.298043865697e-01
4.262500000000e+01 7.616280407303e-03 5.331635442994e-01
4.263125000000e+01 7.658702688501e-03 5.365184130713e-01
4.263750000000e+01 7.701069250943e-03 5.398665863225e-01
4.264375000000e+01 7.743347670632e-03 5.432055548151e-01
4.265000000000e+01 7.785504152456e-03 5.465327068476e-01
4.265625000000e+01 7.827503537629e-03 5.498453289037e-01
4.266250000000e+01 7.869309317347e-03 5.531406067730e-01
4.266875000000e+01 7.910883653253e-03 5.564156271784e-01
4.267500000000e+01 7.952187405005e-03 5.596673799448e-01
4.268125000000e+01 7.993180165509e-03 5.628927607408e-01
4.268750000000e+01 8.033820304183e-03 5.660885744259e-01
4.269375000000e+01 8.074065018646e-03 5.692515390316e-01
4.270000000000e+01 8.113870395244e-03 5.723782904029e-01
4.270625000000e+01 8.153191478620e-03 5.754653875230e-01
4.271250000000e+01 8.191982350689e-03 5.785093185399e-01
4.271875000000e+01 8.230196219130e-03 5.815065075104e-01
4.272500000000e+01 8.267785515553e-03 5.844533218686e-01
4.273125000000e+01 8.304702003471e-03 5.873460806239e-01
4.273750000000e+01 8.340896895854e-03 5.901810632834e-01
4.274375000000e+01 8.376320982303e-03 5.929545194903e-01
4.275000000000e+01 8.410924765520e-03 5.956626793574e-01
4.275625000000e+01 8.444658606719e-03 5.983017644722e-01
4.276250000000e+01 8.477472879613e-03 6.008679995363e-01
4.276875000000e+01 8.509318132277e-03 6.033576245975e-01
4.277500000000e+01 8.540145256276e-03 6.057669078208e-01
4.278125000000e+01 8.569905662217e-03 6.080921587377e-01
4.278750000000e+01 8.598551460751e-03 6.103297419020e-01
4.279375000000e+01 8.626035648100e-03 6.124760908748e-01
4.280000000000e+01 8.652312294772e-03 6.145277224502e-01
4.280625000000e+01 8.677336736336e-03 6.164812510268e-01
4.281250000000e+01 8.701065764889e-03 6.183334030249e-01
4.281875000000e+01 8.723457819646e-03 6.200810312394e-01
4.282500000000e+01 8.744473175423e-03 6.217211290185e-01
4.283125000000e+01 8.764074127199e-03 6.232508441507e-01
4.283750000000e+01 8.782225169340e-03 6.246674923437e-01
4.284375000000e+01 8.798893167880e-03 6.259685701746e-01
4.285000000000e+01 8.814047524225e-03 6.271517673974e-01
4.285625000000e+01 8.827660328911e-03 6.282149784892e-01
4.286250000000e+01 8.839706503739e-03 6.291563133279e-01
4.286875000000e+01 8.850163931038e-03 6.299741068957e-01
4.287500000000e+01 8.859013568746e-03 6.306669279120e-01
4.288125000000e+01 8.866239550061e-03 6.312335863096e-01
4.288750000000e+01 8.871829266811e-03 6.316731394759e-01
4.289375000000e+01 8.875773435471e-03 6.319848971965e-01
4.290000000000e+01 8.878066145302e-03 6.321684252487e-01
4.290625000000e+01 8.878704888083e-03 6.322235476083e-01
4.291250000000e+01 8.877690568952e-03 6.321503472460e-01
4.291875000000e+01 8.875027498663e-03 6.319491655067e-01
4.292500000000e+01 8.870723366843e-03 6.316206000790e-01
4.293125000000e+01 8.864789196938e-03 6.311655015767e-01
4.293750000000e+01 8.857239283180e-03 6.305849687696e-01
4.294375000000e+01 8.848091110218e-03 6.298803425161e-01
4.295000000000e+01 8.837365256431e-03 6.290531984586e-01
4.295625000000e+01 8.825085281726e-03 6.281053385610e-01
4.296250000000e+01 8.811277601132e-03 6.270387815732e-01
4.296875000000e+01 8.795971345408e-03 6.258557525187e-01
4.297500000000e+01 8.779198210008e-03 6.245586713094e-01
4.298125000000e+01 8.760992294003e-03 6.231501405971e-01
4.298750000000e+01 8.741389930288e-03 6.216329329757e-01
4.299375000000e+01 8.720429508769e-03 6.200099776507e-01
4.300000000000e+01 8.698151294093e-03 6.182843466942e-01
4.300625000000e+01 8.674597239280e-03 6.164592410011e-01
4.301250000000e+01 8.649810797233e-03 6.145379760645e-01
4.301875000000e+01 8.623836731051e-03 6.125239676779e-01
4.302500000000e+01 8.596720925015e-03 6.104207176747e-01
4.303125000000e+01 8.568510197367e-03 6.082317998035e-01
4.303750000000e+01 8.539252116186e-03 6.059608458355e-01
4.304375000000e+01 8.508994819585e-03 6.036115319884e-01
4.305000000000e+01 8.477786841134e-03 6.011875657474e-01
4.305625000000e+01 8.445676941568e-03 5.986926731533e-01
4.306250000000e+01 8.412713947544e-03 5.961305866167e-01
4.306875000000e+01 8.378946598098e-03 5.935050333143e-01
4.307500000000e+01 8.344423399520e-03 5.908197242075e-01
4.308125000000e+01 8.309192488913e-03 5.880783437201e-01
4.308750000000e+01 8.273301506945e-03 5.852845401011e-01
4.309375000000e+01 8.236797480001e-03 5.824419164905e-01
4.310000000000e+01 8.199726711704e-03 5.795540226997e-01
4.310625000000e+01 8.162134684267e-03 5.766243477100e-01
4.311250000000e+01 8.124065969108e-03 5.736563128863e-01
4.311875000000e+01 8.085564147026e-03 5.706532658979e-01
4.312500000000e+01 8.046671737575e-03 5.676184753324e-01
4.313125000000e+01 8.007430137366e-03 5.645551259852e-01
4.313750000000e+01 7.967879567143e-03 5.614663148006e-01
4.314375000000e+01 7.928059027108e-03 5.583550474412e-01
4.315000000000e+01 7.888006260244e-03 5.552242354558e-01
4.315625000000e+01 7.847757723185e-03 5.520766940147e-01
4.316250000000e+01 7.807348564163e-03 5.489151401829e-01
4.316875000000e+01 7.766812607708e-03 5.457421916946e-01
4.317500000000e+01 7.726182345482e-03 5.425603661975e-01
4.318125000000e+01 7.685488932910e-03 5.393720809313e-01
4.318750000000e+01 7.644762191105e-03 5.361796528060e-01
4.319375000000e+01 7.604030613611e-03 5.329852988476e-01
4.320000000000e+01 7.563321377630e-03 5.297911369755e-01
4.320625000000e+01 7.522660359104e-03 5.265991870820e-01
4.321250000000e+01 7.482072151430e-03 5.234113723798e-01
4.321875000000e+01 7.441580087314e-03 5.202295209899e-01
4.322500000000e+01 7.401206263349e-03 5.170553677398e-01
4.323125000000e+01 7.360971567083e-03 5.138905561451e-01
4.323750000000e+01 7.320895706065e-03 5.107366405487e-01
4.324375000000e+01 7.280997238691e-03 5.075950883940e-01
4.325000000000e+01 7.241293606478e-03 5.044672826090e-01
4.325625000000e+01 7.201801167474e-03 5.013545240805e-01
4.326250000000e+01 7.162535230644e-03 4.982580341997e-01
4.326875000000e+01 7.123510090868e-03 4.951789574599e-01
4.327500000000e+01 7.084739064423e-03 4.921183640920e-01
4.328125000000e+01 7.046234524724e-03 4.890772527215e-01
4.328750000000e+01 7.008007938118e-03 4.860565530343e-01
4.329375000000e+01 6.970069899669e-03 4.830571284388e-01
4.330000000000e+01 6.932430168673e-03 4.800797787144e-01
4.330625000000e+01 6.895097703816e-03 4.771252426350e-01
4.331250000000e+01 6.858080697923e-03 4.741942005619e-01
4.331875000000e+01 6.821386612094e-03 4.712872769958e-01
4.332500000000e+01 6.785022209284e-03 4.684050430833e-01
4.333125000000e+01 6.748993587090e-03 4.655480190717e-01
4.333750000000e+01 6.713306209810e-03 4.627166767078e-01
4.334375000000e+01 6.677964939683e-03 4.599114415768e-01
4.335000000000e+01 6.642974067225e-03 4.571326953775e-01
4.335625000000e+01 6.608337340748e-03 4.543807781325e-01
4.336250000000e+01 6.574057994879e-03 4.516559903300e-01
4.336875000000e+01 6.540138778192e-03 4.489585949973e-01
4.337500000000e+01 6.506581979876e-03 4.462888197038e-01
4.338125000000e+01 6.473389455427e-03 4.436468584936e-01
4.338750000000e+01 6.440562651442e-03 4.410328737477e-01
4.339375000000e+01 6.408102629418e-03 4.384469979759e-01
4.340000000000e+01 6.376010088598e-03 4.358893355381e-01
4.340625000000e+01 6.344285387929e-03 4.333599642976e-01
4.341250000000e+01 6.312928567045e-03 4.308589372048e-01
4.341875000000e+01 6.281939366414e-03 4.283862838157e-01
4.342500000000e+01 6.251317246548e-03 4.259420117427e-01
4.343125000000e+01 6.221061406367e-03 4.235261080433e-01
4.343750000000e+01 6.191170800735e-03 4.211385405441e-01
4.344375000000e+01 6.161644157131e-03 4.187792591059e-01
4.345000000000e+01 6.132479991605e-03 4.164481968280e-01
4.345625000000e+01 6.103676623886e-03 4.141452711960e-01
4.346250000000e+01 6.075232191787e-03 4.118703851737e-01
4.346875000000e+01 6.047144664880e-03 4.096234282413e-01
4.347500000000e+01 6.019411857454e-03 4.074042773821e-01
4.348125000000e+01 5.992031440859e-03 4.052127980187e-01
4.348750000000e+01 5.965000955166e-03 4.030488449018e-01
4.349375000000e+01 5.938317820192e-03 4.009122629521e-01
4.350000000000e+01 5.911979345984e-03 3.988028880584e-01
4.350625000000e+01 5.885982742672e-03 3.967205478328e-01
4.351250000000e+01 5.860325129848e-03 3.946650623252e-01
4.351875000000e+01 5.835003545364e-03 3.926362446988e-01
4.352500000000e+01 5.810014953658e-03 3.906339018681e-01
4.353125000000e+01 5.785356253597e-03 3.886578351016e-01
4.353750000000e+01 5.761024285857e-03 3.867078405896e-01
4.354375000000e+01 5.737015839904e-03 3.847837099803e-01
4.355000000000e+01 5.713327660519e-03 3.828852308846e-01
4.355625000000e+01 5.689956453949e-03 3.810121873513e-01
4.356250000000e+01 5.666898893695e-03 3.791643603138e-01
4.356875000000e+01 5.644151625901e-03 3.773415280111e-01
4.357500000000e+01 5.621711274474e-03 3.755434663819e-01
4.358125000000e+01 5.599574445825e-03 3.737699494357e-01
4.358750000000e+01 5.577737733317e-03 3.720207496004e-01
4.359375000000e+01 5.556197721443e-03 3.702956380481e-01
4.360000000000e+01 5.534950989695e-03 3.685943850000e-01
4.360625000000e+01 5.513994116225e-03 3.669167600123e-01
4.361250000000e+01 5.493323681206e-03 3.652625322429e-01
4.361875000000e+01 5.472936269992e-03 3.636314707007e-01
4.362500000000e+01 5.452828476052e-03 3.620233444781e-01
4.363125000000e+01 5.432996903667e-03 3.604379229681e-01
4.363750000000e+01 5.413438170489e-03 3.588749760656e-01
4.364375000000e+01 5.394148909860e-03 3.573342743558e-01
4.365000000000e+01 5.375125772973e-03 3.558155892881e-01
4.365625000000e+01 5.356365430879e-03 3.543186933379e-01
4.366250000000e+01 5.337864576303e-03 3.528433601568e-01
4.366875000000e+01 5.319619925366e-03 3.513893647108e-01
4.367500000000e+01 5.301628219115e-03 3.499564834088e-01
4.368125000000e+01 5.283886224965e-03 3.485444942200e-01
4.368750000000e+01 5.266390737977e-03 3.471531767830e-01
4.369375000000e+01 5.249138582035e-03 3.457823125056e-01
4.370000000000e+01 5.232126610949e-03 3.444316846558e-01
4.370625000000e+01 5.215351709403e-03 3.431010784454e-01
4.371250000000e+01 5.198810793829e-03 3.417902811064e-01
4.371875000000e+01 5.182500813205e-03 3.404990819600e-01
4.372500000000e+01 5.166418749725e-03 3.392272724791e-01
4.373125000000e+01 5.150561619452e-03 3.379746463450e-01
4.373750000000e+01 5.134926472839e-03 3.367409994981e-01
4.374375000000e+01 5.119510395215e-03 3.355261301831e-01
4.375000000000e+01 5.104310507190e-03 3.343298389895e-01
4.375625000000e+01 5.089323964990e-03 3.331519288868e-01
4.376250000000e+01 5.074547960770e-03 3.319922052559e-01
4.376875000000e+01 5.059979722839e-03 3.308504759158e-01
4.377500000000e+01 5.045616515856e-03 3.297265511467e-01
4.378125000000e+01 5.031455640960e-03 3.286202437095e-01
4.378750000000e+01 5.017494435862e-03 3.275313688613e-01
4.379375000000e+01 5.003730274927e-03 3.264597443691e-01
4.380000000000e+01 4.990160569176e-03 3.254051905187e-01
4.380625000000e+01 4.976782766279e-03 3.243675301226e-01
4.381250000000e+01 4.963594350509e-03 3.233465885242e-01
4.381875000000e+01 4.950592842647e-03 3.223421935998e-01
4.382500000000e+01 4.937775799912e-03 3.213541757592e-01
4.383125000000e+01 4.925140815809e-03 3.203823679429e-01
4.383750000000e+01 4.912685519981e-03 3.194266056187e-01
4.384375000000e+01 4.900407578042e-03 3.184867267758e-01
4.385000000000e+01 4.888304691361e-03 3.175625719172e-01
4.385625000000e+01 4.876374596884e-03 3.166539840513e-01
4.386250000000e+01 4.864615066878e-03 3.157608086815e-01
4.386875000000e+01 4.853023908710e-03 3.148828937948e-01
4.387500000000e+01 4.841598964570e-03 3.140200898490e-01
4.388125000000e+01 4.830338111202e-03 3.131722497591e-01
4.388750000000e+01 4.819239259642e-03 3.123392288830e-01
4.389375000000e+01 4.808300354914e-03 3.115208850055e-01
4.390000000000e+01 4.797519375731e-03 3.107170783222e-01
4.390625000000e+01 4.786894334193e-03 3.099276714224e-01
4.391250000000e+01 4.776423275458e-03 3.091525292717e-01
4.391875000000e+01 4.766104277444e-03 3.083915191934e-01
4.392500000000e+01 4.755935450485e-03 3.076445108499e-01
4.393125000000e+01 4.745914937007e-03 3.069113762234e-01
4.393750000000e+01 4.736040911200e-03 3.061919895966e-01
4.394375000000e+01 4.726311578656e-03 3.054862275321e-01
4.395000000000e+01 4.716725176064e-03 3.047939688529e-01
4.395625000000e+01 4.707279970840e-03 3.041150946213e-01
4.396250000000e+01 4.697974260806e-03 3.034494881185e-01
4.396875000000e+01 4.688806373830e-03 3.027970348237e-01
4.397500000000e+01 4.679774667474e-03 3.021576223928e-01
4.398125000000e+01 4.670877528675e-03 3.015311406379e-01
4.398750000000e+01 4.662113373386e-03 3.009174815053e-01
4.399375000000e+01 4.653480646231e-03 3.003165390551e-01
4.400000000000e+01 4.644977820175e-03 2.997282094394e-01
4.400625000000e+01 4.636603396160e-03 2.991523908814e-01
4.401250000000e+01 4.628355902795e-03 2.985889836542e-01
4.401875000000e+01 4.620233896007e-03 2.980378900598e-01
4.402500000000e+01 4.612235958703e-03 2.974990144079e-01
4.403125000000e+01 4.604360700449e-03 2.969722629952e-01
4.403750000000e+01 4.596606757122e-03 2.964575440845e-01
4.404375000000e+01 4.588972790614e-03 2.959547678843e-01
4.405000000000e+01 4.581457488488e-03 2.954638465282e-01
4.405625000000e+01 4.574059563663e-03 2.949846940546e-01
4.406250000000e+01 4.566777754116e-03 2.945172263865e-01
4.406875000000e+01 4.559610822537e-03 2.940613613118e-01
4.407500000000e+01 4.552557556053e-03 2.936170184635e-01
4.408125000000e+01 4.545616765911e-03 2.931841193002e-01
4.408750000000e+01 4.538787287180e-03 2.927625870867e-01
4.409375000000e+01 4.532067978462e-03 2.923523468753e-01
4.410000000000e+01 4.525457721581e-03 2.919533254867e-01
4.410625000000e+01 4.518955421322e-03 2.915654514913e-01
4.411250000000e+01 4.512560005137e-03 2.911886551913e-01
4.411875000000e+01 4.506270422865e-03 2.908228686026e-01
4.412500000000e+01 4.500085646467e-03 2.904680254364e-01
4.413125000000e+01 4.494004669736e-03 2.901240610825e-01
4.413750000000e+01 4.488026508065e-03 2.897909125914e-01
4.414375000000e+01 4.482150198162e-03 2.894685186576e-01
4.415000000000e+01 4.476374797804e-03 2.891568196028e-01
4.415625000000e+01 4.470699385600e-03 2.888557573594e-01
4.416250000000e+01 4.465123060706e-03 2.885652754542e-01
4.416875000000e+01 4.459644942628e-03 2.882853189927e-01
4.417500000000e+01 4.454264170963e-03 2.880158346432e-01
4.418125000000e+01 4.448979905170e-03 2.877567706216e-01
4.418750000000e+01 4.443791324349e-03 2.875080766762e-01
4.419375000000e+01 4.438697627001e-03 2.872697040730e-01
4.420000000000e+01 4.433698030836e-03 2.870416055809e-01
4.420625000000e+01 4.428791772541e-03 2.868237354574e-01
4.421250000000e+01 4.423978107579e-03 2.866160494350e-01
4.421875000000e+01 4.419256309987e-03 2.864185047066e-01
4.422500000000e+01 4.414625672157e-03 2.862310599130e-01
4.423125000000e+01 4.410085504672e-03 2.860536751288e-01
4.423750000000e+01 4.405635136097e-03 2.858863118499e-01
4.424375000000e+01 4.401273912787e-03 2.857289329804e-01
4.425000000000e+01 4.397001198739e-03 2.855815028206e-01
4.425625000000e+01 4.392816375348e-03 2.854439870541e-01
4.426250000000e+01 4.388718841317e-03 2.853163527365e-01
4.426875000000e+01 4.384708012427e-03 2.851985682832e-01
4.427500000000e+01 4.380783321398e-03 2.850906034579e-01
4.428125000000e+01 4.376944217730e-03 2.849924293614e-01
4.428750000000e+01 4.373190167526e-03 2.849040184207e-01
4.429375000000e+01 4.369520653371e-03 2.848253443779e-01
4.430000000000e+01 4.365935174164e-03 2.847563822797e-01
4.430625000000e+01 4.362433244982e-03 2.846971084669e-01
4.431250000000e+01 4.359014396941e-03 2.846475005643e-01
4.431875000000e+01 4.355678177045e-03 2.846075374709e-01
4.432500000000e+01 4.352424148081e-03 2.845771993496e-01
4.433125000000e+01 4.349251888473e-03 2.845564676182e-01
4.433750000000e+01 4.346160992161e-03 2.845453249394e-01
4.434375000000e+01 4.343151068499e-03 2.845437552121e-01
4.435000000000e+01 4.340221742086e-03 2.845517435621e-01
4.435625000000e+01 4.337372652725e-03 2.845692763330e-01
4.436250000000e+01 4.334603455264e-03 2.845963410780e-01
4.436875000000e+01 4.331913819505e-03 2.846329265510e-01
4.437500000000e+01 4.329303430107e-03 2.846790226981e-01
4.438125000000e+01 4.326771986469e-03 2.847346206496e-01
4.438750000000e+01 4.324319202661e-03 2.847997127119e-01
4.439375000000e+01 4.321944807314e-03 2.848742923590e-01
4.440000000000e+01 4.319648543537e-03 2.849583542252e-01
4.440625000000e+01 4.317430168834e-03 2.850518940972e-01
4.441250000000e+01 4.315289455005e-03 2.851549089063e-01
4.441875000000e+01 4.313226188092e-03 2.852673967208e-01
4.442500000000e+01 4.311240168288e-03 2.853893567388e-01
4.443125000000e+01 4.309331209864e-03 2.855207892806e-01
4.443750000000e+01 4.307499141105e-03 2.856616957814e-01
4.444375000000e+01 4.305743804222e-03 2.858120787842e-01
4.445000000000e+01 4.304065055322e-03 2.859719419325e-01
4.445625000000e+01 4.302462764316e-03 2.861412899632e-01
4.446250000000e+01 4.300936814870e-03 2.863201286994e-01
4.446875000000e+01 4.299487104349e-03 2.865084650434e-01
4.447500000000e+01 4.298113543749e-03 2.867063069697e-01
4.448125000000e+01 4.296816057665e-03 2.869136635178e-01
4.448750000000e+01 4.295594584229e-03 2.871305447851e-01
4.449375000000e+01 4.294449075059e-03 2.873569619200e-01
4.450000000000e+01 4.293379495222e-03 2.875929271146e-01
4.450625000000e+01 4.292385823171e-03 2.878384535978e-01
4.451250000000e+01 4.291468050727e-03 2.880935556275e-01
4.451875000000e+01 4.290626183023e-03 2.883582484841e-01
4.452500000000e+01 4.289860238468e-03 2.886325484626e-01
4.453125000000e+01 4.289170248712e-03 2.889164728651e-01
4.453750000000e+01 4.288556258596e-03 2.892100399936e-01
4.454375000000e+01 4.288018326137e-03 2.895132691421e-01
4.455000000000e+01 4.287556522492e-03 2.898261805886e-01
4.455625000000e+01 4.287170931907e-03 2.901487955875e-01
4.456250000000e+01 4.286861651706e-03 2.904811363610e-01
4.456875000000e+01 4.286628792239e-03 2.908232260909e-01
4.457500000000e+01 4.286472476875e-03 2.911750889103e-01
4.458125000000e+01 4.286392841956e-03 2.915367498944e-01
4.458750000000e+01 4.286390036776e-03 2.919082350516e-01
4.459375000000e+01 4.286464223549e-03 2.922895713144e-01
4.460000000000e+01 4.286615577369e-03 2.926807865296e-01
4.460625000000e+01 4.286844286204e-03 2.930819094484e-01
4.461250000000e+01 4.287150550848e-03 2.934929697163e-01
4.461875000000e+01 4.287534584899e-03 2.939139978625e-01
4.462500000000e+01 4.287996614728e-03 2.943450252888e-01
4.463125000000e+01 4.288536879435e-03 2.947860842586e-01
4.463750000000e+01 4.289155630836e-03 2.952372078847e-01
4.464375000000e+01 4.289853133429e-03 2.956984301177e-01
4.465000000000e+01 4.290629664336e-03 2.961697857325e-01
4.465625000000e+01 4.291485513293e-03 2.966513103158e-01
4.466250000000e+01 4.292420982583e-03 2.971430402523e-01
4.466875000000e+01 4.293436387026e-03 2.976450127099e-01
4.467500000000e+01 4.294532053915e-03 2.981572656255e-01
4.468125000000e+01 4.295708322976e-03 2.986798376891e-01
4.468750000000e+01 4.296965546324e-03 2.992127683278e-01
4.469375000000e+01 4.298304088392e-03 2.997560976888e-01
4.470000000000e+01 4.299724325901e-03 3.003098666221e-01
4.470625000000e+01 4.301226647782e-03 3.008741166620e-01
4.471250000000e+01 4.302811455121e-03 3.014488900080e-01
4.471875000000e+01 4.304479161090e-03 3.020342295046e-01
4.472500000000e+01 4.306230190856e-03 3.026301786211e-01
4.473125000000e+01 4.308064981531e-03 3.032367814290e-01
4.473750000000e+01 4.309983982076e-03 3.038540825798e-01
4.474375000000e+01 4.311987653203e-03 3.044821272813e-01
4.475000000000e+01 4.314076467287e-03 3.051209612722e-01
4.475625000000e+01 4.316250908250e-03 3.057706307970e-01
4.476250000000e+01 4.318511471472e-03 3.064311825781e-01
4.476875000000e+01 4.320858663655e-03 3.071026637882e-01
4.477500000000e+01 4.323293002701e-03 3.077851220204e-01
4.478125000000e+01 4.325815017582e-03 3.084786052574e-01
4.478750000000e+01 4.328425248175e-03 3.091831618393e-01
4.479375000000e+01 4.331124245137e-03 3.098988404299e-01
4.480000000000e+01 4.333912569717e-03 3.106256899816e-01
4.480625000000e+01 4.336790793591e-03 3.113637596987e-01
4.481250000000e+01 4.339759498674e-03 3.121130989990e-01
4.481875000000e+01 4.342819276906e-03 3.128737574739e-01
4.482500000000e+01 4.345970730057e-03 3.136457848464e-01
4.483125000000e+01 4.349214469505e-03 3.144292309280e-01
4.483750000000e+01 4.352551115974e-03 3.152241455725e-01
4.484375000000e+01 4.355981299300e-03 3.160305786292e-01
4.485000000000e+01 4.359505658135e-03 3.168485798930e-01
4.485625000000e+01 4.363124839693e-03 3.176781990532e-01
4.486250000000e+01 4.366839499425e-03 3.185194856389e-01
4.486875000000e+01 4.370650300698e-03 3.193724889637e-01
4.487500000000e+01 4.374557914464e-03 3.202372580667e-01
4.488125000000e+01 4.378563018881e-03 3.211138416517e-01
4.488750000000e+01 4.382666298953e-03 3.220022880235e-01
4.489375000000e+01 4.386868446116e-03 3.229026450219e-01
4.490000000000e+01 4.391170157813e-03 3.238149599528e-01
4.490625000000e+01 4.395572137052e-03 3.247392795160e-01
4.491250000000e+01 4.400075091916e-03 3.256756497311e-01
4.491875000000e+01 4.404679735084e-03 3.266241158594e-01
4.492500000000e+01 4.409386783295e-03 3.275847223230e-01
4.493125000000e+01 4.414196956806e-03 3.285575126207e-01
4.493750000000e+01 4.419110978794e-03 3.295425292405e-01
4.494375000000e+01 4.424129574745e-03 3.305398135683e-01
4.495000000000e+01 4.429253471827e-03 3.315494057940e-01
4.495625000000e+01 4.434483398204e-03 3.325713448126e-01
4.496250000000e+01 4.439820082327e-03 3.336056681222e-01
4.496875000000e+01 4.445264252195e-03 3.346524117182e-01
4.497500000000e+01 4.450816634558e-03 3.357116099833e-01
4.498125000000e+01 4.456477954124e-03 3.367832955729e-01
4.498750000000e+01 4.462248932686e-03 3.378674992967e-01
4.499375000000e+01 4.468130288231e-03 3.389642499960e-01
4.500000000000e+01 4.474122733999e-03 3.400735744158e-01
4.500625000000e+01 4.480226977492e-03 3.411954970732e-01
4.501250000000e+01 4.486443719468e-03 3.423300401200e-01
4.501875000000e+01 4.492773652851e-03 3.434772232011e-01
4.502500000000e+01 4.499217461627e-03 3.446370633079e-01
4.503125000000e+01 4.505775819660e-03 3.458095746257e-01
4.503750000000e+01 4.512449389469e-03 3.469947683770e-01
4.504375000000e+01 4.519238820979e-03 3.481926526589e-01
4.505000000000e+01 4.526144750182e-03 3.494032322746e-01
4.505625000000e+01 4.533167797757e-03 3.506265085598e-01
4.506250000000e+01 4.540308567642e-03 3.518624792034e-01
4.506875000000e+01 4.547567645523e-03 3.531111380621e-01
4.507500000000e+01 4.554945597307e-03 3.543724749694e-01
4.508125000000e+01 4.562442967491e-03 3.556464755380e-01
4.508750000000e+01 4.570060277489e-03 3.569331209568e-01
4.509375000000e+01 4.577798023903e-03 3.582323877813e-01
4.510000000000e+01 4.585656676694e-03 3.595442477175e-01
4.510625000000e+01 4.593636677345e-03 3.608686674005e-01
4.511250000000e+01 4.601738436899e-03 3.622056081653e-01
4.511875000000e+01 4.609962333980e-03 3.635550258121e-01
4.512500000000e+01 4.618308712691e-03 3.649168703649e-01
4.513125000000e+01 4.626777880472e-03 3.662910858237e-01
4.513750000000e+01 4.635370105907e-03 3.676776099101e-01
4.514375000000e+01 4.644085616417e-03 3.690763738062e-01
4.515000000000e+01 4.652924595907e-03 3.704873018873e-01
4.515625000000e+01 4.661887182335e-03 3.719103114487e-01
4.516250000000e+01 4.670973465186e-03 3.733453124247e-01
4.516875000000e+01 4.680183482925e-03 3.747922071032e-01
4.517500000000e+01 4.689517220320e-03 3.762508898323e-01
4.518125000000e+01 4.698974605723e-03 3.777212467226e-01
4.518750000000e+01 4.708555508277e-03 3.792031553422e-01
4.519375000000e+01 4.718259735023e-03 3.806964844070e-01
4.520000000000e+01 4.728087027988e-03 3.822010934649e-01
4.520625000000e+01 4.738037061150e-03 3.837168325757e-01
4.521250000000e+01 4.748109437382e-03 3.852435419848e-01
4.521875000000e+01 4.758303685280e-03 3.867810517936e-01
4.522500000000e+01 4.768619255953e-03 3.883291816246e-01
4.523125000000e+01 4.779055519774e-03 3.898877402839e-01
4.523750000000e+01 4.789611763030e-03 3.914565254189e-01
4.524375000000e+01 4.800287184540e-03 3.930353231745e-01
4.525000000000e+01 4.811080892217e-03 3.946239078458e-01
4.525625000000e+01 4.821991899568e-03 3.962220415300e-01
4.526250000000e+01 4.833019122188e-03 3.978294737767e-01
4.526875000000e+01 4.844161374177e-03 3.994459412379e-01
4.527500000000e+01 4.855417364542e-03 4.010711673185e-01
4.528125000000e+01 4.866785693579e-03 4.027048618274e-01
4.528750000000e+01 4.878264849206e-03 4.043467206320e-01
4.529375000000e+01 4.889853203337e-03 4.059964253139e-01
4.530000000000e+01 4.901549008203e-03 4.076536428298e-01
4.530625000000e+01 4.913350392695e-03 4.093180251775e-01
4.531250000000e+01 4.925255358746e-03 4.109892090672e-01
4.531875000000e+01 4.937261777668e-03 4.126668156011e-01
4.532500000000e+01 4.949367386615e-03 4.143504499610e-01
4.533125000000e+01 4.961569785023e-03 4.160397011064e-01
4.533750000000e+01 4.973866431137e-03 4.177341414840e-01
4.534375000000e+01 4.986254638606e-03 4.194333267495e-01
4.535000000000e+01 4.998731573143e-03 4.211367955046e-01
4.535625000000e+01 5.011294249323e-03 4.228440690498e-01
4.536250000000e+01 5.023939527458e-03 4.245546511548e-01
4.536875000000e+01 5.036664110615e-03 4.262680278486e-01
4.537500000000e+01 5.049464541785e-03 4.279836672309e-01
4.538125000000e+01 5.062337201183e-03 4.297010193068e-01
4.538750000000e+01 5.075278303785e-03 4.314195158465e-01
4.539375000000e+01 5.088283897009e-03 4.331385702722e-01
4.540000000000e+01 5.101349858633e-03 4.348575775741e-01
4.540625000000e+01 5.114471894973e-03 4.365759142575e-01
4.541250000000e+01 5.127645539243e-03 4.382929383239e-01
4.541875000000e+01 5.140866150293e-03 4.400079892862e-01
4.542500000000e+01 5.154128911562e-03 4.417203882231e-01
4.543125000000e+01 5.167428830386e-03 4.434294378718e-01
4.543750000000e+01 5.180760737639e-03 4.451344227637e-01
4.544375000000e+01 5.194119287711e-03 4.468346094031e-01
4.545000000000e+01 5.207498958916e-03 4.485292464929e-01
4.545625000000e+01 5.220894054248e-03 4.502175652078e-01
4.546250000000e+01 5.234298702595e-03 4.518987795180e-01
4.546875000000e+01 5.247706860376e-03 4.535720865649e-01
4.547500000000e+01 5.261112313641e-03 4.552366670911e-01
4.548125000000e+01 5.274508680674e-03 4.568916859250e-01
4.548750000000e+01 5.287889415073e-03 4.585362925243e-01
4.549375000000e+01 5.301247809344e-03 4.601696215772e-01
4.550000000000e+01 5.314576999078e-03 4.617907936639e-01
4.550625000000e+01 5.327869967551e-03 4.633989159800e-01
4.551250000000e+01 5.341119551080e-03 4.649930831215e-01
4.551875000000e+01 5.354318444763e-03 4.665723779330e-01
4.552500000000e+01 5.367459208912e-03 4.681358724202e-01
4.553125000000e+01 5.380534276049e-03 4.696826287248e-01
4.553750000000e+01 5.393535958472e-03 4.712117001649e-01
4.554375000000e+01 5.406456456475e-03 4.727221323377e-01
4.555000000000e+01 5.419287867117e-03 4.742129642857e-01
4.555625000000e+01 5.432022193607e-03 4.756832297251e-01
4.556250000000e+01 5.444651355294e-03 4.771319583348e-01
4.556875000000e+01 5.457167198200e-03 4.785581771047e-01
4.557500000000e+01 5.469561506190e-03 4.799609117415e-01
4.558125000000e+01 5.481826012638e-03 4.813391881290e-01
4.558750000000e+01 5.493952412659e-03 4.826920338416e-01
4.559375000000e+01 5.505932375892e-03 4.840184797062e-01
4.560000000000e+01 5.517757559650e-03 4.853175614100e-01
4.560625000000e+01 5.529419622749e-03 4.865883211509e-01
4.561250000000e+01 5.540910239546e-03 4.878298093251e-01
4.561875000000e+01 5.552221114515e-03 4.890410862476e-01
4.562500000000e+01 5.563343997129e-03 4.902212239019e-01
4.563125000000e+01 5.574270697046e-03 4.913693077116e-01
4.563750000000e+01 5.584993099605e-03 4.924844383297e-01
4.564375000000e+01 5.595503181495e-03 4.935657334398e-01
4.565000000000e+01 5.605793026618e-03 4.946123295618e-01
4.565625000000e+01 5.615854842056e-03 4.956233838565e-01
4.566250000000e+01 5.625680974075e-03 4.965980759226e-01
4.566875000000e+01 5.635263924171e-03 4.975356095786e-01
4.567500000000e+01 5.644596365000e-03 4.984352146229e-01
4.568125000000e+01 5.653671156205e-03 4.992961485651e-01
4.568750000000e+01 5.662481360047e-03 5.001176983209e-01
4.569375000000e+01 5.671020256753e-03 5.008991818640e-01
4.570000000000e+01 5.679281359622e-03 5.016399498275e-01
4.570625000000e+01 5.687258429623e-03 5.023393870472e-01
4.571250000000e+01 5.694945489641e-03 5.029969140409e-01
4.571875000000e+01 5.702336838168e-03 5.036119884159e-01
4.572500000000e+01 5.709427062400e-03 5.041841061986e-01
4.573125000000e+01 5.716211050754e-03 5.047128030804e-01
4.573750000000e+01 5.722684004627e-03 5.051976555725e-01
4.574375000000e+01 5.728841449444e-03 5.056382820654e-01
4.575000000000e+01 5.734679244898e-03 5.060343437874e-01
4.575625000000e+01 5.740193594310e-03 5.063855456573e-01
4.576250000000e+01 5.745381053165e-03 5.066916370272e-01
4.576875000000e+01 5.750238536636e-03 5.069524123113e-01
4.577500000000e+01 5.754763326196e-03 5.071677114984e-01
4.578125000000e+01 5.758953075207e-03 5.073374205449e-01
4.578750000000e+01 5.762805813467e-03 5.074614716463e-01
4.579375000000e+01 5.766319950789e-03 5.075398433861e-01
4.580000000000e+01 5.769494279421e-03 5.075725607617e-01
4.580625000000e+01 5.772327975469e-03 5.075596950868e-01
4.581250000000e+01 5.774820599244e-03 5.075013637708e-01
4.581875000000e+01 5.776972094502e-03 5.073977299770e-01
4.582500000000e+01 5.778782786691e-03 5.072490021610e-01
4.583125000000e+01 5.780253380106e-03 5.070554334916e-01
4.583750000000e+01 5.781384954030e-03 5.068173211583e-01
4.584375000000e+01 5.782178957898e-03 5.065350055673e-01
4.585000000000e+01 5.782637205442e-03 5.062088694318e-01
4.585625000000e+01 5.782761867976e-03 5.058393367600e-01
4.586250000000e+01 5.782555466710e-03 5.054268717468e-01
4.586875000000e+01 5.782020864256e-03 5.049719775738e-01
4.587500000000e+01 5.781161255311e-03 5.044751951249e-01
4.588125000000e+01 5.779980156563e-03 5.039371016214e-01
4.588750000000e+01 5.778481395942e-03 5.033583091860e-01
4.589375000000e+01 5.776669101188e-03 5.027394633396e-01
4.590000000000e+01 5.774547687804e-03 5.020812414398e-01
4.590625000000e+01 5.772121846523e-03 5.013843510672e-01
4.591250000000e+01 5.769396530259e-03 5.006495283667e-01
4.591875000000e+01 5.766376940689e-03 4.998775363510e-01
4.592500000000e+01 5.763068514439e-03 4.990691631736e-01
4.593125000000e+01 5.759476909005e-03 4.982252203782e-01
4.593750000000e+01 5.755607988436e-03 4.973465411309e-01
4.594375000000e+01 5.751467808830e-03 4.964339784435e-01
4.595000000000e+01 5.747062603764e-03 4.954884033925e-01
4.595625000000e+01 5.742398769615e-03 4.945107033423e-01
4.596250000000e+01 5.737482850913e-03 4.935017801770e-01
4.596875000000e+01 5.732321525739e-03 4.924625485478e-01
4.597500000000e+01 5.726921591209e-03 4.913939341411e-01
4.598125000000e+01 5.721289949148e-03 4.902968719725e-01
4.598750000000e+01 5.715433591946e-03 4.891723047127e-01
4.599375000000e+01 5.709359588613e-03 4.880211810476e-01
4.600000000000e+01 5.703075071180e-03 4.868444540796e-01
4.600625000000e+01 5.696587221355e-03 4.856430797715e-01
4.601250000000e+01 5.689903257591e-03 4.844180154383e-01
4.601875000000e+01 5.683030422476e-03 4.831702182886e-01
4.602500000000e+01 5.675975970557e-03 4.819006440196e-01
4.603125000000e+01 5.668747156601e-03 4.806102454670e-01
4.603750000000e+01 5.661351224265e-03 4.792999713121e-01
4.604375000000e+01 5.653795395307e-03 4.779707648480e-01
4.605000000000e+01 5.646086859207e-03 4.766235628063e-01
4.605625000000e+01 5.638232763325e-03 4.752592942446e-01
4.606250000000e+01 5.630240203551e-03 4.738788794961e-01
4.606875000000e+01 5.622116215447e-03 4.724832291810e-01
4.607500000000e+01 5.613867765939e-03 4.710732432808e-01
4.608125000000e+01 5.605501745508e-03 4.696498102745e-01
4.608750000000e+01 5.597024960855e-03 4.682138063357e-01
4.609375000000e+01 5.588444128144e-03 4.667660945921e-01
4.610000000000e+01 5.579765866681e-03 4.653075244437e-01
4.610625000000e+01 5.570996693160e-03 4.638389309406e-01
4.611250000000e+01 5.562143016339e-03 4.623611342191e-01
4.611875000000e+01 5.553211132227e-03 4.608749389929e-01
4.612500000000e+01 5.544207219729e-03 4.593811341005e-01
4.613125000000e+01 5.535137336733e-03 4.578804921046e-01
4.613750000000e+01 5.526007416679e-03 4.563737689440e-01
4.614375000000e+01 5.516823265510e-03 4.548617036341e-01
4.615000000000e+01 5.507590559060e-03 4.533450180154e-01
4.615625000000e+01 5.498314840828e-03 4.518244165480e-01
4.616250000000e+01 5.489001520127e-03 4.503005861496e-01
4.616875000000e+01 5.479655870621e-03 4.487741960742e-01
4.617500000000e+01 5.470283029193e-03 4.472458978320e-01
4.618125000000e+01 5.460887995115e-03 4.457163251452e-01
4.618750000000e+01 5.451475629580e-03 4.441860939404e-01
4.619375000000e+01 5.442050655480e-03 4.426558023732e-01
4.620000000000e+01 5.432617657512e-03 4.411260308850e-01
4.620625000000e+01 5.423181082498e-03 4.395973422887e-01
4.621250000000e+01 5.413745239979e-03 4.380702818819e-01
4.621875000000e+01 5.404314303024e-03 4.365453775851e-01
4.622500000000e+01 5.394892309238e-03 4.350231401039e-01
4.623125000000e+01 5.385483162011e-03 4.335040631127e-01
4.623750000000e+01 5.376090631897e-03 4.319886234580e-01
4.624375000000e+01 5.366718358185e-03 4.304772813805e-01
4.625000000000e+01 5.357369850625e-03 4.289704807530e-01
4.625625000000e+01 5.348048491261e-03 4.274686493343e-01
4.626250000000e+01 5.338757536444e-03 4.259721990351e-01
4.626875000000e+01 5.329500118903e-03 4.244815261972e-01
4.627500000000e+01 5.320279249963e-03 4.229970118829e-01
4.628125000000e+01 5.311097821799e-03 4.215190221727e-01
4.628750000000e+01 5.301958609802e-03 4.200479084727e-01
4.629375000000e+01 5.292864275030e-03 4.185840078273e-01
4.630000000000e+01 5.283817366672e-03 4.171276432386e-01
4.630625000000e+01 5.274820324587e-03 4.156791239899e-01
4.631250000000e+01 5.265875481885e-03 4.142387459729e-01
4.631875000000e+01 5.256985067503e-03 4.128067920177e-01
4.632500000000e+01 5.248151208871e-03 4.113835322249e-01
4.633125000000e+01 5.239375934527e-03 4.099692242978e-01
4.633750000000e+01 5.230661176779e-03 4.085641138764e-01
4.634375000000e+01 5.222008774363e-03 4.071684348692e-01
4.635000000000e+01 5.213420475078e-03 4.057824097853e-01
4.635625000000e+01 5.204897938456e-03 4.044062500640e-01
4.636250000000e+01 5.196442738371e-03 4.030401564027e-01
4.636875000000e+01 5.188056365678e-03 4.016843190816e-01
4.637500000000e+01 5.179740230775e-03 4.003389182855e-01
4.638125000000e+01 5.171495666176e-03 3.990041244220e-01
4.638750000000e+01 5.163323929062e-03 3.976800984354e-01
4.639375000000e+01 5.155226203780e-03 3.963669921168e-01
4.640000000000e+01 5.147203604302e-03 3.950649484091e-01
4.640625000000e+01 5.139257176674e-03 3.937741017074e-01
4.641250000000e+01 5.131387901380e-03 3.924945781541e-01
4.641875000000e+01 5.123596695732e-03 3.912264959289e-01
4.642500000000e+01 5.115884416144e-03 3.899699655330e-01
4.643125000000e+01 5.108251860415e-03 3.887250900680e-01
4.643750000000e+01 5.100699769939e-03 3.874919655087e-01
4.644375000000e+01 5.093228831862e-03 3.862706809702e-01
4.645000000000e+01 5.085839681227e-03 3.850613189692e-01
4.645625000000e+01 5.078532903034e-03 3.838639556787e-01
4.646250000000e+01 5.071309034274e-03 3.826786611775e-01
4.646875000000e+01 5.064168565895e-03 3.815054996930e-01
4.647500000000e+01 5.057111944715e-03 3.803445298379e-01
4.648125000000e+01 5.050139575335e-03 3.791958048415e-01
4.648750000000e+01 5.043251821934e-03 3.780593727737e-01
4.649375000000e+01 5.036449010062e-03 3.769352767645e-01
4.650000000000e+01 5.029731428368e-03 3.758235552163e-01
4.650625000000e+01 5.023099330261e-03 3.747242420107e-01
4.651250000000e+01 5.016552935571e-03 3.736373667094e-01
4.651875000000e+01 5.010092432117e-03 3.725629547497e-01
4.652500000000e+01 5.003717977244e-03 3.715010276331e-01
4.653125000000e+01 4.997429699318e-03 3.704516031100e-01
4.653750000000e+01 4.991227699156e-03 3.694146953570e-01
4.654375000000e+01 4.985112051454e-03 3.683903151501e-01
4.655000000000e+01 4.979082806113e-03 3.673784700319e-01
4.655625000000e+01 4.973139989577e-03 3.663791644737e-01
4.656250000000e+01 4.967283606084e-03 3.653924000325e-01
4.656875000000e+01 4.961513638882e-03 3.644181755024e-01
4.657500000000e+01 4.955830051454e-03 3.634564870622e-01
4.658125000000e+01 4.950232788632e-03 3.625073284169e-01
4.658750000000e+01 4.944721777719e-03 3.615706909353e-01
4.659375000000e+01 4.939296929557e-03 3.606465637827e-01
4.660000000000e+01 4.933958139547e-03 3.597349340491e-01
4.660625000000e+01 4.928705288664e-03 3.588357868732e-01
4.661250000000e+01 4.923538244413e-03 3.579491055617e-01
4.661875000000e+01 4.918456861745e-03 3.570748717051e-01
4.662500000000e+01 4.913460983969e-03 3.562130652886e-01
4.663125000000e+01 4.908550443583e-03 3.553636648002e-01
4.663750000000e+01 4.903725063141e-03 3.545266473338e-01
4.664375000000e+01 4.898984656023e-03 3.537019886892e-01
4.665000000000e+01 4.894329027217e-03 3.528896634690e-01
4.665625000000e+01 4.889757974069e-03 3.520896451705e-01
4.666250000000e+01 4.885271286961e-03 3.513019062761e-01
4.666875000000e+01 4.880868750035e-03 3.505264183388e-01
4.667500000000e+01 4.876550141834e-03 3.497631520655e-01
4.668125000000e+01 4.872315235940e-03 3.490120773969e-01
4.668750000000e+01 4.868163801585e-03 3.482731635844e-01
4.669375000000e+01 4.864095604222e-03 3.475463792641e-01
4.670000000000e+01 4.860110406119e-03 3.468316925283e-01
4.670625000000e+01 4.856207966876e-03 3.461290709937e-01
4.671250000000e+01 4.852388043948e-03 3.454384818679e-01
4.671875000000e+01 4.848650393162e-03 3.447598920123e-01
4.672500000000e+01 4.844994769162e-03 3.440932680035e-01
4.673125000000e+01 4.841420925906e-03 3.434385761919e-01
4.673750000000e+01 4.837928617090e-03 3.427957827580e-01
4.674375000000e+01 4.834517596571e-03 3.421648537671e-01
4.675000000000e+01 4.831187618798e-03 3.415457552208e-01
4.675625000000e+01 4.827938439145e-03 3.409384531075e-01
4.676250000000e+01 4.824769814362e-03 3.403429134507e-01
4.676875000000e+01 4.821681502881e-03 3.397591023549e-01
4.677500000000e+01 4.818673265181e-03 3.391869860506e-01
4.678125000000e+01 4.815744864123e-03 3.386265309363e-01
4.678750000000e+01 4.812896065243e-03 3.380777036205e-01
4.679375000000e+01 4.810126637096e-03 3.375404709604e-01
4.680000000000e+01 4.807436351516e-03 3.370148001002e-01
4.680625000000e+01 4.804824983914e-03 3.365006585073e-01
4.681250000000e+01 4.802292313545e-03 3.359980140076e-01
4.681875000000e+01 4.799838123748e-03 3.355068348187e-01
4.682500000000e+01 4.797462202222e-03 3.350270895827e-01
4.683125000000e+01 4.795164341248e-03 3.345587473968e-01
4.683750000000e+01 4.792944337916e-03 3.341017778433e-01
4.684375000000e+01 4.790801994363e-03 3.336561510184e-01
4.685000000000e+01 4.788737117932e-03 3.332218375595e-01
4.685625000000e+01 4.786749521448e-03 3.327988086719e-01
4.686250000000e+01 4.784839023355e-03 3.323870361540e-01
4.686875000000e+01 4.783005447919e-03 3.319864924222e-01
4.687500000000e+01 4.781248625420e-03 3.315971505339e-01
4.688125000000e+01 4.779568392293e-03 3.312189842108e-01
4.688750000000e+01 4.777964591328e-03 3.308519678599e-01
4.689375000000e+01 4.776437071806e-03 3.304960765953e-01
4.690000000000e+01 4.774985689663e-03 3.301512862577e-01
4.690625000000e+01 4.773610307634e-03 3.298175734344e-01
4.691250000000e+01 4.772310795382e-03 3.294949154775e-01
4.691875000000e+01 4.771087029659e-03 3.291832905226e-01
4.692500000000e+01 4.769938894423e-03 3.288826775055e-01
4.693125000000e+01 4.768866280963e-03 3.285930561796e-01
4.693750000000e+01 4.767869088036e-03 3.283144071317e-01
4.694375000000e+01 4.766947221950e-03 3.280467117978e-01
4.695000000000e+01 4.766100596736e-03 3.277899524783e-01
4.695625000000e+01 4.765329134206e-03 3.275441123526e-01
4.696250000000e+01 4.764632764089e-03 3.273091754929e-01
4.696875000000e+01 4.764011424127e-03 3.270851268784e-01
4.697500000000e+01 4.763465060165e-03 3.268719524084e-01
4.698125000000e+01 4.762993626271e-03 3.266696389147e-01
4.698750000000e+01 4.762597084819e-03 3.264781741748e-01
4.699375000000e+01 4.762275406579e-03 3.262975469234e-01
4.700000000000e+01 4.762028570818e-03 3.261277468644e-01
4.700625000000e+01 4.761856565363e-03 3.259687646824e-01
4.701250000000e+01 4.761759386724e-03 3.258205920536e-01
4.701875000000e+01 4.761737040150e-03 3.256832216570e-01
4.702500000000e+01 4.761789539720e-03 3.255566471845e-01
4.703125000000e+01 4.761916908428e-03 3.254408633515e-01
4.703750000000e+01 4.762119178240e-03 3.253358659070e-01
4.704375000000e+01 4.762396390210e-03 3.252416516433e-01
4.705000000000e+01 4.762748594521e-03 3.251582184058e-01
4.705625000000e+01 4.763175850576e-03 3.250855651023e-01
4.706250000000e+01 4.763678227071e-03 3.250236917123e-01
4.706875000000e+01 4.764255802054e-03 3.249725992962e-01
4.707500000000e+01 4.764908663019e-03 3.249322900042e-01
4.708125000000e+01 4.765636906963e-03 3.249027670849e-01
4.708750000000e+01 4.766440640457e-03 3.248840348943e-01
4.709375000000e+01 4.767319979724e-03 3.248760989041e-01
4.710000000000e+01 4.768275050683e-03 3.248789657102e-01
4.710625000000e+01 4.769305989053e-03 3.248926430410e-01
4.711250000000e+01 4.770412940394e-03 3.249171397655e-01
4.711875000000e+01 4.771596060190e-03 3.249524659017e-01
4.712500000000e+01 4.772855513905e-03 3.249986326245e-01
4.713125000000e+01 4.774191477047e-03 3.250556522736e-01
4.713750000000e+01 4.775604135249e-03 3.251235383615e-01
4.714375000000e+01 4.777093684333e-03 3.252023055814e-01
4.715000000000e+01 4.778660330361e-03 3.252919698150e-01
4.715625000000e+01 4.780304289720e-03 3.253925481399e-01
4.716250000000e+01 4.782025789158e-03 3.255040588377e-01
4.716875000000e+01 4.783825065891e-03 3.256265214018e-01
4.717500000000e+01 4.785702367637e-03 3.257599565443e-01
4.718125000000e+01 4.787657952697e-03 3.259043862044e-01
4.718750000000e+01 4.789692090014e-03 3.260598335553e-01
4.719375000000e+01 4.791805059229e-03 3.262263230123e-01
4.720000000000e+01 4.793997150770e-03 3.264038802397e-01
4.720625000000e+01 4.796268665897e-03 3.265925321589e-01
4.721250000000e+01 4.798619916777e-03 3.267923069553e-01
4.721875000000e+01 4.801051226549e-03 3.270032340859e-01
4.722500000000e+01 4.803562929372e-03 3.272253442870e-01
4.723125000000e+01 4.806155370514e-03 3.274586695810e-01
4.723750000000e+01 4.808828906414e-03 3.277032432842e-01
4.724375000000e+01 4.811583904725e-03 3.279591000139e-01
4.725000000000e+01 4.814420744406e-03 3.282262756957e-01
4.725625000000e+01 4.817339815750e-03 3.285048075709e-01
4.726250000000e+01 4.820341520491e-03 3.287947342033e-01
4.726875000000e+01 4.823426271836e-03 3.290960954868e-01
4.727500000000e+01 4.826594494544e-03 3.294089326523e-01
4.728125000000e+01 4.829846624979e-03 3.297332882747e-01
4.728750000000e+01 4.833183111168e-03 3.300692062801e-01
4.729375000000e+01 4.836604412876e-03 3.304167319524e-01
4.730000000000e+01 4.840111001661e-03 3.307759119405e-01
4.730625000000e+01 4.843703360926e-03 3.311467942648e-01
4.731250000000e+01 4.847381985990e-03 3.315294283241e-01
4.731875000000e+01 4.851147384122e-03 3.319238649019e-01
4.732500000000e+01 4.855000074627e-03 3.323301561732e-01
4.733125000000e+01 4.858940588889e-03 3.327483557103e-01
4.733750000000e+01 4.862969470415e-03 3.331785184898e-01
4.734375000000e+01 4.867087274899e-03 3.336207008979e-01
4.735000000000e+01 4.871294570256e-03 3.340749607365e-01
4.735625000000e+01 4.875591936689e-03 3.345413572291e-01
4.736250000000e+01 4.879979966729e-03 3.350199510262e-01
4.736875000000e+01 4.884459265271e-03 3.355108042105e-01
4.737500000000e+01 4.889030449625e-03 3.360139803019e-01
4.738125000000e+01 4.893694149537e-03 3.365295442625e-01
4.738750000000e+01 4.898451007251e-03 3.370575625011e-01
4.739375000000e+01 4.903301677519e-03 3.375981028773e-01
4.740000000000e+01 4.908246827638e-03 3.381512347054e-01
4.740625000000e+01 4.913287137480e-03 3.387170287582e-01
4.741250000000e+01 4.918423299495e-03 3.392955572700e-01
4.741875000000e+01 4.923656018745e-03 3.398868939395e-01
4.742500000000e+01 4.928986012920e-03 3.404911139320e-01
4.743125000000e+01 4.934414012327e-03 3.411082938815e-01
4.743750000000e+01 4.939940759908e-03 3.417385118922e-01
4.744375000000e+01 4.945567011215e-03 3.423818475390e-01
4.745000000000e+01 4.951293534427e-03 3.430383818683e-01
4.745625000000e+01 4.957121110323e-03 3.437081973974e-01
4.746250000000e+01 4.963050532251e-03 3.443913781137e-01
4.746875000000e+01 4.969082606115e-03 3.450880094733e-01
4.747500000000e+01 4.975218150308e-03 3.457981783982e-01
4.748125000000e+01 4.981457995702e-03 3.465219732737e-01
4.748750000000e+01 4.987802985569e-03 3.472594839441e-01
4.749375000000e+01 4.994253975526e-03 3.480108017081e-01
4.750000000000e+01 5.000811833461e-03 3.487760193130e-01
4.750625000000e+01 5.007477439434e-03 3.495552309480e-01
4.751250000000e+01 5.014251685606e-03 3.503485322364e-01
4.751875000000e+01 5.021135476116e-03 3.511560202267e-01
4.752500000000e+01 5.028129726970e-03 3.519777933823e-01
4.753125000000e+01 5.035235365901e-03 3.528139515706e-01
4.753750000000e+01 5.042453332214e-03 3.536645960501e-01
4.754375000000e+01 5.049784576652e-03 3.545298294562e-01
4.755000000000e+01 5.057230061194e-03 3.554097557862e-01
4.755625000000e+01 5.064790758874e-03 3.563044803813e-01
4.756250000000e+01 5.072467653576e-03 3.572141099087e-01
4.756875000000e+01 5.080261739779e-03 3.581387523407e-01
4.757500000000e+01 5.088174022345e-03 3.590785169323e-01
4.758125000000e+01 5.096205516229e-03 3.600335141971e-01
4.758750000000e+01 5.104357246198e-03 3.610038558807e-01
4.759375000000e+01 5.112630246520e-03 3.619896549325e-01
4.760000000000e+01 5.121025560613e-03 3.629910254745e-01
4.760625000000e+01 5.129544240711e-03 3.640080827685e-01
4.761250000000e+01 5.138187347464e-03 3.650409431800e-01
4.761875000000e+01 5.146955949530e-03 3.660897241401e-01
4.762500000000e+01 5.155851123130e-03 3.671545441041e-01
4.763125000000e+01 5.164873951559e-03 3.682355225076e-01
4.763750000000e+01 5.174025524715e-03 3.693327797188e-01
4.764375000000e+01 5.183306938540e-03 3.704464369884e-01
4.765000000000e+01 5.192719294451e-03 3.715766163957e-01
4.765625000000e+01 5.202263698735e-03 3.727234407905e-01
4.766250000000e+01 5.211941261886e-03 3.738870337326e-01
4.766875000000e+01 5.221753097935e-03 3.750675194259e-01
4.767500000000e+01 5.231700323715e-03 3.762650226492e-01
4.768125000000e+01 5.241784058078e-03 3.774796686826e-01
4.768750000000e+01 5.252005421080e-03 3.787115832286e-01
4.769375000000e+01 5.262365533095e-03 3.799608923296e-01
4.770000000000e+01 5.272865513923e-03 3.812277222790e-01
4.770625000000e+01 5.283506481785e-03 3.825121995285e-01
4.771250000000e+01 5.294289552315e-03 3.838144505884e-01
4.771875000000e+01 5.305215837460e-03 3.851346019232e-01
4.772500000000e+01 5.316286444315e-03 3.864727798411e-01
4.773125000000e+01 5.327502473939e-03 3.878291103762e-01
4.773750000000e+01 5.338865020053e-03 3.892037191652e-01
4.774375000000e+01 5.350375167703e-03 3.905967313171e-01
4.775000000000e+01 5.362033991830e-03 3.920082712745e-01
4.775625000000e+01 5.373842555761e-03 3.934384626690e-01
4.776250000000e+01 5.385801909656e-03 3.948874281676e-01
4.776875000000e+01 5.397913088837e-03 3.963552893112e-01
4.777500000000e+01 5.410177112035e-03 3.978421663449e-01
4.778125000000e+01 5.422594979578e-03 3.993481780384e-01
4.778750000000e+01 5.435167671425e-03 4.008734414985e-01
4.779375000000e+01 5.447896145192e-03 4.024180719705e-01
4.780000000000e+01 5.460781333988e-03 4.039821826303e-01
4.780625000000e+01 5.473824144221e-03 4.055658843661e-01
4.781250000000e+01 5.487025453231e-03 4.071692855482e-01
4.781875000000e+01 5.500386106849e-03 4.087924917888e-01
4.782500000000e+01 5.513906916846e-03 4.104356056888e-01
4.783125000000e+01 5.527588658240e-03 4.120987265729e-01
4.783750000000e+01 5.541432066475e-03 4.137819502122e-01
4.784375000000e+01 5.555437834496e-03 4.154853685325e-01
4.785000000000e+01 5.569606609649e-03 4.172090693105e-01
4.785625000000e+01 5.583938990499e-03 4.189531358543e-01
4.786250000000e+01 5.598435523449e-03 4.207176466703e-01
4.786875000000e+01 5.613096699241e-03 4.225026751143e-01
4.787500000000e+01 5.627922949309e-03 4.243082890271e-01
4.788125000000e+01 5.642914641936e-03 4.261345503539e-01
4.788750000000e+01 5.658072078309e-03 4.279815147470e-01
4.789375000000e+01 5.673395488357e-03 4.298492311510e-01
4.790000000000e+01 5.688885026439e-03 4.317377413708e-01
4.790625000000e+01 5.704540766875e-03 4.336470796207e-01
4.791250000000e+01 5.720362699229e-03 4.355772720549e-01
4.791875000000e+01 5.736350723504e-03 4.375283362792e-01
4.792500000000e+01 5.752504645083e-03 4.395002808422e-01
4.793125000000e+01 5.768824169486e-03 4.414931047069e-01
4.793750000000e+01 5.785308896966e-03 4.435067967011e-01
4.794375000000e+01 5.801958316841e-03 4.455413349471e-01
4.795000000000e+01 5.818771801713e-03 4.475966862697e-01
4.795625000000e+01 5.835748601399e-03 4.496728055820e-01
4.796250000000e+01 5.852887836710e-03 4.517696352497e-01
4.796875000000e+01 5.870188492993e-03 4.538871044321e-01
4.797500000000e+01 5.887649413458e-03 4.560251284004e-01
4.798125000000e+01 5.905269292338e-03 4.581836078336e-01
4.798750000000e+01 5.923046667790e-03 4.603624280904e-01
4.799375000000e+01 5.940979914597e-03 4.625614584582e-01
4.800000000000e+01 5.959067236705e-03 4.647805513793e-01
4.800625000000e+01 5.977306659449e-03 4.670195416527e-01
4.801250000000e+01 5.995696021720e-03 4.692782456144e-01
4.801875000000e+01 6.014232967805e-03 4.715564602934e-01
4.802500000000e+01 6.032914939116e-03 4.738539625465e-01
4.803125000000e+01 6.051739165692e-03 4.761705081702e-01
4.803750000000e+01 6.070702657519e-03 4.785058309921e-01
4.804375000000e+01 6.089802195729e-03 4.808596419407e-01
4.805000000000e+01 6.109034323583e-03 4.832316280966e-01
4.805625000000e+01 6.128395337349e-03 4.856214517241e-01
4.806250000000e+01 6.147881277032e-03 4.880287492858e-01
4.806875000000e+01 6.167487916979e-03 4.904531304415e-01
4.807500000000e+01 6.187210756431e-03 4.928941770316e-01
4.808125000000e+01 6.207045009961e-03 4.953514420496e-01
4.808750000000e+01 6.226985597866e-03 4.978244486024e-01
4.809375000000e+01 6.247027136581e-03 5.003126888634e-01
4.810000000000e+01 6.267163928963e-03 5.028156230199e-01
4.810625000000e+01 6.287389954829e-03 5.053326782172e-01
4.811250000000e+01 6.307698861330e-03 5.078632475030e-01
4.811875000000e+01 6.328083953585e-03 5.104066887764e-01
4.812500000000e+01 6.348538185382e-03 5.129623237426e-01
4.813125000000e+01 6.369054150083e-03 5.155294368806e-01
4.813750000000e+01 6.389624071784e-03 5.181072744256e-01
4.814375000000e+01 6.410239796723e-03 5.206950433720e-01
4.815000000000e+01 6.430892785023e-03 5.232919105023e-01
4.815625000000e+01 6.451574102853e-03 5.258970014466e-01
4.816250000000e+01 6.472274414975e-03 5.285093997781e-01
4.816875000000e+01 6.492983977893e-03 5.311281461522e-01
4.817500000000e+01 6.513692633485e-03 5.337522374942e-01
4.818125000000e+01 6.534389803333e-03 5.363806262434e-01
4.818750000000e+01 6.555064483775e-03 5.390122196595e-01
4.819375000000e+01 6.575705241655e-03 5.416458792007e-01
4.820000000000e+01 6.596300211117e-03 5.442804199795e-01
4.820625000000e+01 6.616837091174e-03 5.469146103057e-01
4.821250000000e+01 6.637303144403e-03 5.495471713235e-01
4.821875000000e+01 6.657685196741e-03 5.521767767536e-01
4.822500000000e+01 6.677969638451e-03 5.548020527468e-01
4.823125000000e+01 6.698142426444e-03 5.574215778595e-01
4.823750000000e+01 6.718189087903e-03 5.600338831604e-01
4.824375000000e+01 6.738094725420e-03 5.626374524769e-01
4.825000000000e+01 6.757844023677e-03 5.652307227912e-01
4.825625000000e+01 6.777421257731e-03 5.678120847942e-01
4.826250000000e+01 6.796810303082e-03 5.703798836087e-01
4.826875000000e+01 6.815994647481e-03 5.729324196877e-01
4.827500000000e+01 6.834957404658e-03 5.754679498987e-01
4.828125000000e+01 6.853681329976e-03 5.779846888015e-01
4.828750000000e+01 6.872148838084e-03 5.804808101275e-01
4.829375000000e+01 6.890342022726e-03 5.829544484672e-01
4.830000000000e+01 6.908242678565e-03 5.854037011724e-01
4.830625000000e+01 6.925832325244e-03 5.878266304805e-01
4.831250000000e+01 6.943092233651e-03 5.902212658623e-01
4.831875000000e+01 6.960003454337e-03 5.925856066010e-01
4.832500000000e+01 6.976546848274e-03 5.949176246020e-01
4.833125000000e+01 6.992703119725e-03 5.972152674360e-01
4.833750000000e+01 7.008452851393e-03 5.994764616157e-01
4.834375000000e+01 7.023776541702e-03 6.016991161036e-01
4.835000000000e+01 7.038654644192e-03 6.038811260488e-01
4.835625000000e+01 7.053067608999e-03 6.060203767473e-01
4.836250000000e+01 7.066995926255e-03 6.081147478190e-01
4.836875000000e+01 7.080420171352e-03 6.101621175938e-01
4.837500000000e+01 7.093321051942e-03 6.121603676953e-01
4.838125000000e+01 7.105679456499e-03 6.141073878115e-01
4.838750000000e+01 7.117476504341e-03 6.160010806355e-01
4.839375000000e+01 7.128693596862e-03 6.178393669626e-01
4.840000000000e+01 7.139312469769e-03 6.196201909244e-01
4.840625000000e+01 7.149315246204e-03 6.213415253388e-01
4.841250000000e+01 7.158684490365e-03 6.230013771558e-01
4.841875000000e+01 7.167403261528e-03 6.245977929734e-01
4.842500000000e+01 7.175455168064e-03 6.261288645998e-01
4.843125000000e+01 7.182824421269e-03 6.275927346336e-01
4.843750000000e+01 7.189495888653e-03 6.289876020340e-01
4.844375000000e+01 7.195455146413e-03 6.303117276523e-01
4.845000000000e+01 7.200688530817e-03 6.315634396937e-01
4.845625000000e+01 7.205183188115e-03 6.327411390781e-01
4.846250000000e+01 7.208927122700e-03 6.338433046695e-01
4.846875000000e+01 7.211909243253e-03 6.348684983409e-01
4.847500000000e+01 7.214119406446e-03 6.358153698450e-01
4.848125000000e+01 7.215548458089e-03 6.366826614587e-01
4.848750000000e+01 7.216188271255e-03 6.374692123706e-01
4.849375000000e+01 7.216031781184e-03 6.381739627848e-01
4.850000000000e+01 7.215073016748e-03 6.387959577098e-01
4.850625000000e+01 7.213307128170e-03 6.393343504104e-01
4.851250000000e+01 7.210730410859e-03 6.397884054951e-01
4.851875000000e+01 7.207340325100e-03 6.401575016192e-01
4.852500000000e+01 7.203135511480e-03 6.404411337842e-01
4.853125000000e+01 7.198115801928e-03 6.406389152163e-01
4.853750000000e+01 7.192282226219e-03 6.407505788107e-01
4.854375000000e+01 7.185637013985e-03 6.407759781312e-01
4.855000000000e+01 7.178183592040e-03 6.407150879579e-01
4.855625000000e+01 7.169926577167e-03 6.405680043789e-01
4.856250000000e+01 7.160871764333e-03 6.403349444249e-01
4.856875000000e+01 7.151026110373e-03 6.400162452508e-01
4.857500000000e+01 7.140397713343e-03 6.396123628679e-01
4.858125000000e+01 7.128995787593e-03 6.391238704385e-01
4.858750000000e+01 7.116830634714e-03 6.385514561440e-01
4.859375000000e+01 7.103913610632e-03 6.378959206418e-01
4.860000000000e+01 7.090257088984e-03 6.371581741298e-01
4.860625000000e+01 7.075874421110e-03 6.363392330390e-01
4.861250000000e+01 7.060779892821e-03 6.354402163775e-01
4.861875000000e+01 7.044988678298e-03 6.344623417505e-01
4.862500000000e+01 7.028516791414e-03 6.334069210851e-01
4.863125000000e+01 7.011381034726e-03 6.322753560859e-01
4.863750000000e+01 6.993598946596e-03 6.310691334535e-01
4.864375000000e+01 6.975188746578e-03 6.297898198958e-01
4.865000000000e+01 6.956169279563e-03 6.284390569621e-01
4.865625000000e+01 6.936559958913e-03 6.270185557339e-01
4.866250000000e+01 6.916380708915e-03 6.255300914021e-01
4.866875000000e+01 6.895651906955e-03 6.239754977622e-01
4.867500000000e+01 6.874394325622e-03 6.223566616586e-01
4.868125000000e+01 6.852629075028e-03 6.206755174076e-01
4.868750000000e+01 6.830377545756e-03 6.189340412276e-01
4.869375000000e+01 6.807661352546e-03 6.171342457041e-01
4.870000000000e+01 6.784502279108e-03 6.152781743160e-01
4.870625000000e+01 6.760922224173e-03 6.133678960469e-01
4.871250000000e+01 6.736943149075e-03 6.114055001052e-01
4.871875000000e+01 6.712587027040e-03 6.093930907723e-01
4.872500000000e+01 6.687875794299e-03 6.073327823999e-01
4.873125000000e+01 6.662831303297e-03 6.052266945718e-01
4.873750000000e+01 6.637475277977e-03 6.030769474464e-01
4.874375000000e+01 6.611829271365e-03 6.008856572922e-01
4.875000000000e+01 6.585914625486e-03 5.986549322282e-01
4.875625000000e+01 6.559752433678e-03 5.963868681777e-01
4.876250000000e+01 6.533363505414e-03 5.940835450429e-01
4.876875000000e+01 6.506768333572e-03 5.917470231070e-01
4.877500000000e+01 6.479987064248e-03 5.893793396657e-01
4.878125000000e+01 6.453039469035e-03 5.869825058917e-01
4.878750000000e+01 6.425944919805e-03 5.845585039321e-01
4.879375000000e+01 6.398722365992e-03 5.821092842387e-01
4.880000000000e+01 6.371390314219e-03 5.796367631278e-01
4.880625000000e+01 6.343966810330e-03 5.771428205673e-01
4.881250000000e+01 6.316469423701e-03 5.746292981868e-01
4.881875000000e+01 6.288915233751e-03 5.720979975038e-01
4.882500000000e+01 6.261320818652e-03 5.695506783620e-01
4.883125000000e+01 6.233702246040e-03 5.669890575732e-01
4.883750000000e+01 6.206075065696e-03 5.644148077557e-01
4.884375000000e+01 6.178454304122e-03 5.618295563611e-01
4.885000000000e+01 6.150854460830e-03 5.592348848815e-01
4.885625000000e+01 6.123289506372e-03 5.566323282275e-01
4.886250000000e+01 6.095772881861e-03 5.540233742681e-01
4.886875000000e+01 6.068317500017e-03 5.514094635247e-01
4.887500000000e+01 6.040935747507e-03 5.487919890070e-01
4.888125000000e+01 6.013639488579e-03 5.461722961852e-01
4.888750000000e+01 5.986440069880e-03 5.435516830859e-01
4.889375000000e+01 5.959348326285e-03 5.409314005051e-01
4.890000000000e+01 5.932374587714e-03 5.383126523275e-01
4.890625000000e+01 5.905528686830e-03 5.356965959452e-01
4.891250000000e+01 5.878819967493e-03 5.330843427655e-01
4.891875000000e+01 5.852257293959e-03 5.304769588005e-01
4.892500000000e+01 5.825849060662e-03 5.278754653306e-01
4.893125000000e+01 5.799603202532e-03 5.252808396342e-01
4.893750000000e+01 5.773527205816e-03 5.226940157757e-01
4.894375000000e+01 5.747628119229e-03 5.201158854457e-01
4.895000000000e+01 5.721912565528e-03 5.175472988467e-01
4.895625000000e+01 5.696386753256e-03 5.149890656170e-01
4.896250000000e+01 5.671056488787e-03 5.124419557885e-01
4.896875000000e+01 5.645927188441e-03 5.099067007716e-01
4.897500000000e+01 5.621003890760e-03 5.073839943630e-01
4.898125000000e+01 5.596291268849e-03 5.048744937705e-01
4.898750000000e+01 5.571793642708e-03 5.023788206514e-01
4.899375000000e+01 5.547514991546e-03 4.998975621600e-01
4.900000000000e+01 5.523458966068e-03 4.974312719992e-01
4.900625000000e+01 5.499628900612e-03 4.949804714756e-01
4.901250000000e+01 5.476027825257e-03 4.925456505509e-01
4.901875000000e+01 5.452658477708e-03 4.901272688907e-01
4.902500000000e+01 5.429523315055e-03 4.877257569047e-01
4.903125000000e+01 5.406624525336e-03 4.853415167783e-01
4.903750000000e+01 5.383964038874e-03 4.829749234922e-01
4.904375000000e+01 5.361543539443e-03 4.806263258278e-01
4.905000000000e+01 5.339364475139e-03 4.782960473584e-01
4.905625000000e+01 5.317428069059e-03 4.759843874227e-01
4.906250000000e+01 5.295735329669e-03 4.736916220806e-01
4.906875000000e+01 5.274287060939e-03 4.714180050493e-01
4.907500000000e+01 5.253083872228e-03 4.691637686199e-01
4.908125000000e+01 5.232126187846e-03 4.669291245527e-01
4.908750000000e+01 5.211414256364e-03 4.647142649503e-01
4.909375000000e+01 5.190948159651e-03 4.625193631094e-01
4.910000000000e+01 5.170727821589e-03 4.603445743493e-01
4.910625000000e+01 5.150753016565e-03 4.581900368181e-01
4.911250000000e+01 5.131023377630e-03 4.560558722752e-01
4.911875000000e+01 5.111538404402e-03 4.539421868511e-01
4.912500000000e+01 5.092297470691e-03 4.518490717837e-01
4.913125000000e+01 5.073299831827e-03 4.497766041317e-01
4.913750000000e+01 5.054544631766e-03 4.477248474646e-01
4.914375000000e+01 5.036030909879e-03 4.456938525302e-01
4.915000000000e+01 5.017757607498e-03 4.436836578994e-01
4.915625000000e+01 4.999723574234e-03 4.416942905885e-01
4.916250000000e+01 4.981927573967e-03 4.397257666597e-01
4.916875000000e+01 4.964368290689e-03 4.377780918000e-01
4.917500000000e+01 4.947044334032e-03 4.358512618784e-01
4.918125000000e+01 4.929954244594e-03 4.339452634833e-01
4.918750000000e+01 4.913096499036e-03 4.320600744380e-01
4.919375000000e+01 4.896469514933e-03 4.301956642978e-01
4.920000000000e+01 4.880071655461e-03 4.283519948270e-01
4.920625000000e+01 4.863901233825e-03 4.265290204567e-01
4.921250000000e+01 4.847956517505e-03 4.247266887244e-01
4.921875000000e+01 4.832235732317e-03 4.229449406962e-01
4.922500000000e+01 4.816737066250e-03 4.211837113707e-01
4.923125000000e+01 4.801458673175e-03 4.194429300665e-01
4.923750000000e+01 4.786398676325e-03 4.177225207932e-01
4.924375000000e+01 4.771555171628e-03 4.160224026068e-01
4.925000000000e+01 4.756926230895e-03 4.143424899490e-01
4.925625000000e+01 4.742509904785e-03 4.126826929727e-01
4.926250000000e+01 4.728304225703e-03 4.110429178519e-01
4.926875000000e+01 4.714307210494e-03 4.094230670791e-01
4.927500000000e+01 4.700516863010e-03 4.078230397481e-01
4.928125000000e+01 4.686931176552e-03 4.062427318247e-01
4.928750000000e+01 4.673548136158e-03 4.046820364046e-01
4.929375000000e+01 4.660365720804e-03 4.031408439594e-01
4.930000000000e+01 4.647381905455e-03 4.016190425711e-01
4.930625000000e+01 4.634594663008e-03 4.001165181554e-01
4.931250000000e+01 4.622001966137e-03 3.986331546746e-01
4.931875000000e+01 4.609601789007e-03 3.971688343400e-01
4.932500000000e+01 4.597392108931e-03 3.957234378047e-01
4.933125000000e+01 4.585370907890e-03 3.942968443465e-01
4.933750000000e+01 4.573536173975e-03 3.928889320421e-01
4.934375000000e+01 4.561885902769e-03 3.914995779330e-01
4.935000000000e+01 4.550418098560e-03 3.901286581819e-01
4.935625000000e+01 4.539130775614e-03 3.887760482223e-01
4.936250000000e+01 4.528021959233e-03 3.874416228998e-01
4.936875000000e+01 4.517089686822e-03 3.861252566062e-01
4.937500000000e+01 4.506332008868e-03 3.848268234069e-01
4.938125000000e+01 4.495746989830e-03 3.835461971609e-01
4.938750000000e+01 4.485332709014e-03 3.822832516350e-01
4.939375000000e+01 4.475087261344e-03 3.810378606117e-01
4.940000000000e+01 4.465008758096e-03 3.798098979913e-01
4.940625000000e+01 4.455095327582e-03 3.785992378880e-01
4.941250000000e+01 4.445345115756e-03 3.774057547213e-01
4.941875000000e+01 4.435756286823e-03 3.762293233016e-01
4.942500000000e+01 4.426327023749e-03 3.750698189118e-01
4.943125000000e+01 4.417055528752e-03 3.739271173832e-01
4.943750000000e+01 4.407940023774e-03 3.728010951679e-01
4.944375000000e+01 4.398978750824e-03 3.716916294063e-01
4.945000000000e+01 4.390169972436e-03 3.705985979911e-01
4.945625000000e+01 4.381511971940e-03 3.695218796274e-01
4.946250000000e+01 4.373003053788e-03 3.684613538883e-01
4.946875000000e+01 4.364641543828e-03 3.674169012686e-01
4.947500000000e+01 4.356425789528e-03 3.663884032338e-01
4.948125000000e+01 4.348354160215e-03 3.653757422665e-01
4.948750000000e+01 4.340425047243e-03 3.643788019099e-01
4.949375000000e+01 4.332636864166e-03 3.633974668084e-01
4.950000000000e+01 4.324988046872e-03 3.624316227455e-01
4.950625000000e+01 4.317477053695e-03 3.614811566789e-01
4.951250000000e+01 4.310102365526e-03 3.605459567735e-01
4.951875000000e+01 4.302862485881e-03 3.596259124321e-01
4.952500000000e+01 4.295755940961e-03 3.587209143235e-01
4.953125000000e+01 4.288781279697e-03 3.578308544092e-01
4.953750000000e+01 4.281937073760e-03 3.569556259673e-01
4.954375000000e+01 4.275221917609e-03 3.560951236155e-01
4.955000000000e+01 4.268634428451e-03 3.552492433315e-01
4.955625000000e+01 4.262173246243e-03 3.544178824723e-01
4.956250000000e+01 4.255837033666e-03 3.536009397914e-01
4.956875000000e+01 4.249624476070e-03 3.527983154555e-01
4.957500000000e+01 4.243534281449e-03 3.520099110584e-01
4.958125000000e+01 4.237565180365e-03 3.512356296347e-01
4.958750000000e+01 4.231715925888e-03 3.504753756719e-01
4.959375000000e+01 4.225985293520e-03 3.497290551212e-01
4.960000000000e+01 4.220372081099e-03 3.489965754075e-01
4.960625000000e+01 4.214875108731e-03 3.482778454379e-01
4.961250000000e+01 4.209493218679e-03 3.475727756096e-01
4.961875000000e+01 4.204225275266e-03 3.468812778170e-01
4.962500000000e+01 4.199070164768e-03 3.462032654575e-01
4.963125000000e+01 4.194026795286e-03 3.455386534368e-01
4.963750000000e+01 4.189094096671e-03 3.448873581735e-01
4.964375000000e+01 4.184271020360e-03 3.442492976027e-01
4.965000000000e+01 4.179556539277e-03 3.436243911793e-01
4.965625000000e+01 4.174949647706e-03 3.430125598807e-01
4.966250000000e+01 4.170449361149e-03 3.424137262082e-01
4.966875000000e+01 4.166054716216e-03 3.418278141892e-01
4.967500000000e+01 4.161764770481e-03 3.412547493776e-01
4.968125000000e+01 4.157578602352e-03 3.406944588546e-01
4.968750000000e+01 4.153495310940e-03 3.401468712290e-01
4.969375000000e+01 4.149514015908e-03 3.396119166364e-01
4.970000000000e+01 4.145633857362e-03 3.390895267392e-01
4.970625000000e+01 4.141853995698e-03 3.385796347254e-01
4.971250000000e+01 4.138173611469e-03 3.380821753075e-01
4.971875000000e+01 4.134591905258e-03 3.375970847210e-01
4.972500000000e+01 4.131108097523e-03 3.371243007228e-01
4.973125000000e+01 4.127721428488e-03 3.366637625894e-01
4.973750000000e+01 4.124431158005e-03 3.362154111147e-01
4.974375000000e+01 4.121236565406e-03 3.357791886080e-01
4.975000000000e+01 4.118136949394e-03 3.353550388915e-01
4.975625000000e+01 4.115131627888e-03 3.349429072980e-01
4.976250000000e+01 4.112219937929e-03 3.345427406683e-01
4.976875000000e+01 4.109401235528e-03 3.341544873486e-01
4.977500000000e+01 4.106674895558e-03 3.337780971881e-01
4.978125000000e+01 4.104040311629e-03 3.334135215357e-01
4.978750000000e+01 4.101496895955e-03 3.330607132379e-01
4.979375000000e+01 4.099044079264e-03 3.327196266360e-01
4.980000000000e+01 4.096681310663e-03 3.323902175631e-01
4.980625000000e+01 4.094408057536e-03 3.320724433415e-01
4.981250000000e+01 4.092223805436e-03 3.317662627804e-01
4.981875000000e+01 4.090128057965e-03 3.314716361728e-01
4.982500000000e+01 4.088120336687e-03 3.311885252935e-01
4.983125000000e+01 4.086200181034e-03 3.309168933961e-01
4.983750000000e+01 4.084367148182e-03 3.306567052112e-01
4.984375000000e+01 4.082620812983e-03 3.304079269435e-01
4.985000000000e+01 4.080960767851e-03 3.301705262703e-01
4.985625000000e+01 4.079386622701e-03 3.299444723389e-01
4.986250000000e+01 4.077898004845e-03 3.297297357652e-01
4.986875000000e+01 4.076494558918e-03 3.295262886312e-01
4.987500000000e+01 4.075175946805e-03 3.293341044842e-01
4.988125000000e+01 4.073941847550e-03 3.291531583346e-01
4.988750000000e+01 4.072791957310e-03 3.289834266550e-01
4.989375000000e+01 4.071725989272e-03 3.288248873788e-01
4.990000000000e+01 4.070743673595e-03 3.286775198993e-01
4.990625000000e+01 4.069844757356e-03 3.285413050689e-01
4.991250000000e+01 4.069029004472e-03 3.284162251984e-01
4.991875000000e+01 4.068296195679e-03 3.283022640566e-01
4.992500000000e+01 4.067646128472e-03 3.281994068701e-01
4.993125000000e+01 4.067078617050e-03 3.281076403231e-01
4.993750000000e+01 4.066593492293e-03 3.280269525578e-01
4.994375000000e+01 4.066190601704e-03 3.279573331746e-01
4.995000000000e+01 4.065869809402e-03 3.278987732328e-01
4.995625000000e+01 4.065630996077e-03 3.278512652513e-01
4.996250000000e+01 4.065474058972e-03 3.278148032099e-01
4.996875000000e+01 4.065398911863e-03 3.277893825503e-01
4.997500000000e+01 4.065405485028e-03 3.277750001779e-01
4.998125000000e+01 4.065493725261e-03 3.277716544633e-01
4.998750000000e+01 4.065663595845e-03 3.277793452444e-01
4.999375000000e+01 4.065915076553e-03 3.277980738288e-01
5.000000000000e+01 4.066248163653e-03 3.278278429960e-01
