0.000000000000e+00  2.000000000000e+01 0.000000000000e+00 2.500000000000e+01 2.500000000000e+01
1.000000000000e-02  2.000322188160e+01 2.498478634934e-01 2.500514212783e+01 2.540038814920e+01
2.000000000000e-02  2.001288191948e+01 4.992923774052e-01 2.502057930508e+01 2.580139366918e+01
3.000000000000e-02  2.002896921900e+01 7.481852320115e-01 2.504632352269e+01 2.620277779271e+01
4.000000000000e-02  2.005146943958e+01 9.963784374001e-01 2.508238130538e+01 2.660430150942e+01
5.000000000000e-02  2.008036480333e+01 1.243724401807e+00 2.512875370715e+01 2.700572569262e+01
6.000000000000e-02  2.011563410538e+01 1.490076009716e+00 2.518543630979e+01 2.740681122619e+01
7.000000000000e-02  2.015725272624e+01 1.735286699683e+00 2.525241922408e+01 2.780731913144e+01
8.000000000000e-02  2.020519264581e+01 1.979210541849e+00 2.532968709408e+01 2.820701069396e+01
9.000000000000e-02  2.025942245931e+01 2.221702315094e+00 2.541721910412e+01 2.860564759036e+01
1.000000000000e-01  2.031990739499e+01 2.462617583800e+00 2.551498898879e+01 2.900299201480e+01
1.100000000000e-01  2.038660933362e+01 2.701812774184e+00 2.562296504576e+01 2.939880680524e+01
1.200000000000e-01  2.045948682977e+01 2.939145250152e+00 2.574111015148e+01 2.979285556943e+01
1.300000000000e-01  2.053849513485e+01 3.174473388656e+00 2.586938177980e+01 3.018490281039e+01
1.400000000000e-01  2.062358622189e+01 3.407656654492e+00 2.600773202336e+01 3.057471405160e+01
1.500000000000e-01  2.071470881206e+01 3.638555674515e+00 2.615610761794e+01 3.096205596146e+01
1.600000000000e-01  2.081180840292e+01 3.867032311230e+00 2.631444996958e+01 3.134669647732e+01
1.700000000000e-01  2.091482729835e+01 4.092949735724e+00 2.648269518457e+01 3.172840492872e+01
1.800000000000e-01  2.102370464013e+01 4.316172499895e+00 2.666077410227e+01 3.210695216002e+01
1.900000000000e-01  2.113837644128e+01 4.536566607946e+00 2.684861233071e+01 3.248211065209e+01
2.000000000000e-01  2.125877562090e+01 4.753999587109e+00 2.704613028496e+01 3.285365464325e+01
2.100000000000e-01  2.138483204079e+01 4.968340557555e+00 2.725324322836e+01 3.322136024923e+01
2.200000000000e-01  2.151647254351e+01 5.179460301462e+00 2.746986131638e+01 3.358500558218e+01
2.300000000000e-01  2.165362099215e+01 5.387231331205e+00 2.769588964331e+01 3.394437086851e+01
2.400000000000e-01  2.179619831157e+01 5.591527956622e+00 2.793122829157e+01 3.429923856578e+01
2.500000000000e-01  2.194412253124e+01 5.792226351341e+00 2.817577238380e+01 3.464939347823e+01
2.600000000000e-01  2.209730882950e+01 5.989204618111e+00 2.842941213748e+01 3.499462287122e+01
2.700000000000e-01  2.225566957942e+01 6.182342853124e+00 2.869203292231e+01 3.533471658421e+01
2.800000000000e-01  2.241911439601e+01 6.371523209273e+00 2.896351532006e+01 3.566946714253e+01
2.900000000000e-01  2.258755018492e+01 6.556629958341e+00 2.924373518708e+01 3.599866986759e+01
3.000000000000e-01  2.276088119257e+01 6.737549552056e+00 2.953256371931e+01 3.632212298565e+01
3.100000000000e-01  2.293900905758e+01 6.914170682014e+00 2.982986751975e+01 3.663962773510e+01
3.200000000000e-01  2.312183286364e+01 7.086384338402e+00 3.013550866846e+01 3.695098847204e+01
3.300000000000e-01  2.330924919364e+01 7.254083867531e+00 3.044934479496e+01 3.725601277423e+01
3.400000000000e-01  2.350115218514e+01 7.417165028111e+00 3.077122915297e+01 3.755451154343e+01
3.500000000000e-01  2.369743358706e+01 7.575526046264e+00 3.110101069761e+01 3.784629910577e+01
3.600000000000e-01  2.389798281766e+01 7.729067669239e+00 3.143853416478e+01 3.813119331049e+01
3.700000000000e-01  2.410268702368e+01 7.877693217791e+00 3.178364015291e+01 3.840901562670e+01
3.800000000000e-01  2.431143114066e+01 8.021308637215e+00 3.213616520686e+01 3.867959123824e+01
3.900000000000e-01  2.452409795445e+01 8.159822546990e+00 3.249594190404e+01 3.894274913653e+01
4.000000000000e-01  2.474056816374e+01 8.293146289023e+00 3.286279894268e+01 3.919832221148e+01
4.100000000000e-01  2.496072044376e+01 8.421193974449e+00 3.323656123208e+01 3.944614734022e+01
4.200000000000e-01  2.518443151097e+01 8.543882528984e+00 3.361704998505e+01 3.968606547378e+01
4.300000000000e-01  2.541157618875e+01 8.661131736791e+00 3.400408281221e+01 3.991792172157e+01
4.400000000000e-01  2.564202747412e+01 8.772864282837e+00 3.439747381831e+01 4.014156543366e+01
4.500000000000e-01  2.587565660534e+01 8.879005793729e+00 3.479703370038e+01 4.035685028078e+01
4.600000000000e-01  2.611233313045e+01 8.979484876997e+00 3.520256984771e+01 4.056363433205e+01
4.700000000000e-01  2.635192497669e+01 9.074233158809e+00 3.561388644372e+01 4.076178013039e+01
4.800000000000e-01  2.659429852068e+01 9.163185320095e+00 3.603078456937e+01 4.095115476544e+01
4.900000000000e-01  2.683931865951e+01 9.246279131058e+00 3.645306230841e+01 4.113162994422e+01
5.000000000000e-01  2.708684888248e+01 9.323455484067e+00 3.688051485414e+01 4.130308205919e+01
5.100000000000e-01  2.733675134363e+01 9.394658424896e+00 3.731293461776e+01 4.146539225394e+01
5.200000000000e-01  2.758888693493e+01 9.459835182302e+00 3.775011133825e+01 4.161844648622e+01
5.300000000000e-01  2.784311536012e+01 9.518936195934e+00 3.819183219360e+01 4.176213558855e+01
5.400000000000e-01  2.809929520916e+01 9.571915142540e+00 3.863788191355e+01 4.189635532613e+01
5.500000000000e-01  2.835728403322e+01 9.618728960470e+00 3.908804289351e+01 4.202100645217e+01
5.600000000000e-01  2.861693842023e+01 9.659337872466e+00 3.954209530985e+01 4.213599476059e+01
5.700000000000e-01  2.887811407094e+01 9.693705406714e+00 3.999981723631e+01 4.224123113597e+01
5.800000000000e-01  2.914066587535e+01 9.721798416153e+00 4.046098476163e+01 4.233663160090e+01
5.900000000000e-01  2.940444798964e+01 9.743587096036e+00 4.092537210813e+01 4.242211736045e+01
6.000000000000e-01  2.966931391341e+01 9.759044999723e+00 4.139275175142e+01 4.249761484406e+01
6.100000000000e-01  2.993511656728e+01 9.768149052706e+00 4.186289454098e+01 4.256305574450e+01
6.200000000000e-01  3.020170837076e+01 9.770879564859e+00 4.233556982167e+01 4.261837705414e+01
6.300000000000e-01  3.046894132037e+01 9.767220240891e+00 4.281054555598e+01 4.266352109832e+01
6.400000000000e-01  3.073666706799e+01 9.757158189023e+00 4.328758844712e+01 4.269843556596e+01
6.500000000000e-01  3.100473699933e+01 9.740683927860e+00 4.376646406272e+01 4.272307353725e+01
6.600000000000e-01  3.127300231259e+01 9.717791391464e+00 4.424693695923e+01 4.273739350857e+01
6.700000000000e-01  3.154131409713e+01 9.688477932632e+00 4.472877080675e+01 4.274135941438e+01
6.800000000000e-01  3.180952341223e+01 9.652744324359e+00 4.521172851446e+01 4.273494064642e+01
6.900000000000e-01  3.207748136586e+01 9.610594759509e+00 4.569557235645e+01 4.271811206980e+01
7.000000000000e-01  3.234503919336e+01 9.562036848669e+00 4.618006409780e+01 4.269085403637e+01
7.100000000000e-01  3.261204833611e+01 9.507081616209e+00 4.666496512109e+01 4.265315239503e+01
7.200000000000e-01  3.287836051998e+01 9.445743494533e+00 4.715003655301e+01 4.260499849922e+01
7.300000000000e-01  3.314382783371e+01 9.378040316538e+00 4.763503939118e+01 4.254638921142e+01
7.400000000000e-01  3.340830280705e+01 9.303993306270e+00 4.811973463105e+01 4.247732690477e+01
7.500000000000e-01  3.367163848862e+01 9.223627067799e+00 4.860388339278e+01 4.239781946173e+01
7.600000000000e-01  3.393368852356e+01 9.136969572302e+00 4.908724704806e+01 4.230788026980e+01
7.700000000000e-01  3.419430723075e+01 9.044052143375e+00 4.956958734691e+01 4.220752821441e+01
7.800000000000e-01  3.445334967978e+01 8.944909440569e+00 5.005066654411e+01 4.209678766875e+01
7.900000000000e-01  3.471067176739e+01 8.839579441169e+00 5.053024752558e+01 4.197568848080e+01
8.000000000000e-01  3.496613029357e+01 8.728103420222e+00 5.100809393425e+01 4.184426595739e+01
8.100000000000e-01  3.521958303709e+01 8.610525928821e+00 5.148397029567e+01 4.170256084538e+01
8.200000000000e-01  3.547088883053e+01 8.486894770662e+00 5.195764214310e+01 4.155061930996e+01
8.300000000000e-01  3.571990763478e+01 8.357260976879e+00 5.242887614211e+01 4.138849291006e+01
8.400000000000e-01  3.596650061284e+01 8.221678779186e+00 5.289744021455e+01 4.121623857089e+01
8.500000000000e-01  3.621053020309e+01 8.080205581315e+00 5.336310366187e+01 4.103391855364e+01
8.600000000000e-01  3.645186019176e+01 7.932901928791e+00 5.382563728778e+01 4.084160042234e+01
8.700000000000e-01  3.669035578477e+01 7.779831477040e+00 5.428481352004e+01 4.063935700794e+01
8.800000000000e-01  3.692588367874e+01 7.621060957862e+00 5.474040653146e+01 4.042726636950e+01
8.900000000000e-01  3.715831213127e+01 7.456660144277e+00 5.519219235993e+01 4.020541175272e+01
9.000000000000e-01  3.738751103030e+01 7.286701813760e+00 5.563994902752e+01 3.997388154564e+01
9.100000000000e-01  3.761335196266e+01 7.111261709903e+00 5.608345665853e+01 3.973276923159e+01
9.200000000000e-01  3.783570828170e+01 6.930418502496e+00 5.652249759638e+01 3.948217333956e+01
9.300000000000e-01  3.805445517397e+01 6.744253746077e+00 5.695685651942e+01 3.922219739170e+01
9.400000000000e-01  3.826946972491e+01 6.552851836948e+00 5.738632055541e+01 3.895294984835e+01
9.500000000000e-01  3.848063098352e+01 6.356299968700e+00 5.781067939485e+01 3.867454405033e+01
9.600000000000e-01  3.868782002605e+01 6.154688086255e+00 5.822972540277e+01 3.838709815866e+01
9.700000000000e-01  3.889092001848e+01 5.948108838458e+00 5.864325372931e+01 3.809073509179e+01
9.800000000000e-01  3.908981627801e+01 5.736657529249e+00 5.905106241868e+01 3.778558246019e+01
9.900000000000e-01  3.928439633335e+01 5.520432067418e+00 5.945295251668e+01 3.747177249853e+01
1.000000000000e+00  3.947454998378e+01 5.299532915004e+00 5.984872817659e+01 3.714944199540e+01
1.010000000000e+00  3.966016935713e+01 5.074063034332e+00 6.023819676347e+01 3.681873222053e+01
1.020000000000e+00  3.984114896634e+01 4.844127833742e+00 6.062116895670e+01 3.647978884978e+01
1.030000000000e+00  4.001738576494e+01 4.609835112017e+00 6.099745885085e+01 3.613276188759e+01
1.040000000000e+00  4.018877920106e+01 4.371295001561e+00 6.136688405468e+01 3.577780558734e+01
1.050000000000e+00  4.035523127023e+01 4.128619910342e+00 6.172926578832e+01 3.541507836929e+01
1.060000000000e+00  4.051664656675e+01 3.881924462627e+00 6.208442897854e+01 3.504474273636e+01
1.070000000000e+00  4.067293233372e+01 3.631325438564e+00 6.243220235207e+01 3.466696518782e+01
1.080000000000e+00  4.082399851161e+01 3.376941712616e+00 6.277241852689e+01 3.428191613070e+01
1.090000000000e+00  4.096975778547e+01 3.118894190893e+00 6.310491410149e+01 3.388976978925e+01
1.100000000000e+00  4.111012563055e+01 2.857305747419e+00 6.342952974203e+01 3.349070411233e+01
1.110000000000e+00  4.124502035661e+01 2.592301159354e+00 6.374611026734e+01 3.308490067879e+01
1.120000000000e+00  4.137436315053e+01 2.324007041217e+00 6.405450473170e+01 3.267254460101e+01
1.130000000000e+00  4.149807811753e+01 2.052551778149e+00 6.435456650549e+01 3.225382442641e+01
1.140000000000e+00  4.161609232078e+01 1.778065458228e+00 6.464615335340e+01 3.182893203731e+01
1.150000000000e+00  4.172833581941e+01 1.500679803900e+00 6.492912751049e+01 3.139806254889e+01
1.160000000000e+00  4.183474170496e+01 1.220528102548e+00 6.520335575575e+01 3.096141420546e+01
1.170000000000e+00  4.193524613623e+01 9.377451362329e-01 6.546870948335e+01 3.051918827510e+01
1.180000000000e+00  4.202978837244e+01 6.524671106547e-01 6.572506477138e+01 3.007158894269e+01
1.190000000000e+00  4.211831080476e+01 3.648315833594e-01 6.597230244824e+01 2.961882320130e+01
1.200000000000e+00  4.220075898622e+01 7.497739124049e-02 6.621030815637e+01 2.916110074223e+01
1.210000000000e+00  4.227708165985e+01 -2.169554226341e-01 6.643897241351e+01 2.869863384348e+01
1.220000000000e+00  4.234723078518e+01 -5.108256828270e-01 6.665819067145e+01 2.823163725693e+01
1.230000000000e+00  4.241116156301e+01 -8.064911559306e-01 6.686786337204e+01 2.776032809415e+01
1.240000000000e+00  4.246883245848e+01 -1.103808625521e+00 6.706789600068e+01 2.728492571100e+01
1.250000000000e+00  4.252020522231e+01 -1.402633967626e+00 6.725819913708e+01 2.680565159102e+01
1.260000000000e+00  4.256524491040e+01 -1.702822226669e+00 6.743868850337e+01 2.632272922763e+01
1.270000000000e+00  4.260391990161e+01 -2.004227691848e+00 6.760928500947e+01 2.583638400535e+01
1.280000000000e+00  4.263620191378e+01 -2.306703973903e+00 6.776991479574e+01 2.534684307996e+01
1.290000000000e+00  4.266206601795e+01 -2.610104082247e+00 6.792050927282e+01 2.485433525769e+01
1.300000000000e+00  4.268149065083e+01 -2.914280502402e+00 6.806100515880e+01 2.435909087363e+01
1.310000000000e+00  4.269445762547e+01 -3.219085273707e+00 6.819134451344e+01 2.386134166917e+01
1.320000000000e+00  4.270095214009e+01 -3.524370067260e+00 6.831147476967e+01 2.336132066886e+01
1.330000000000e+00  4.270096278515e+01 -3.829986264045e+00 6.842134876227e+01 2.285926205643e+01
1.340000000000e+00  4.269448154858e+01 -4.135785033212e+00 6.852092475356e+01 2.235540105032e+01
1.350000000000e+00  4.268150381925e+01 -4.441617410460e+00 6.861016645643e+01 2.184997377854e+01
1.360000000000e+00  4.266202838856e+01 -4.747334376482e+00 6.868904305430e+01 2.134321715314e+01
1.370000000000e+00  4.263605745024e+01 -5.052786935442e+00 6.875752921830e+01 2.083536874417e+01
1.380000000000e+00  4.260359659838e+01 -5.357826193423e+00 6.881560512155e+01 2.032666665339e+01
1.390000000000e+00  4.256465482359e+01 -5.662303436828e+00 6.886325645046e+01 1.981734938758e+01
1.400000000000e+00  4.251924450735e+01 -5.966070210667e+00 6.890047441324e+01 1.930765573173e+01
1.410000000000e+00  4.246738141462e+01 -6.268978396713e+00 6.892725574535e+01 1.879782462200e+01
1.420000000000e+00  4.240908468456e+01 -6.570880291464e+00 6.894360271218e+01 1.828809501863e+01
1.430000000000e+00  4.234437681953e+01 -6.871628683894e+00 6.894952310869e+01 1.777870577885e+01
1.440000000000e+00  4.227328367219e+01 -7.171076932919e+00 6.894503025616e+01 1.726989552978e+01
1.450000000000e+00  4.219583443097e+01 -7.469079044577e+00 6.893014299612e+01 1.676190254153e+01
1.460000000000e+00  4.211206160362e+01 -7.765489748844e+00 6.890488568119e+01 1.625496460042e+01
1.470000000000e+00  4.202200099904e+01 -8.060164576070e+00 6.886928816318e+01 1.574931888247e+01
1.480000000000e+00  4.192569170742e+01 -8.352959932990e+00 6.882338577813e+01 1.524520182720e+01
1.490000000000e+00  4.182317607850e+01 -8.643733178255e+00 6.876721932862e+01 1.474284901186e+01
1.500000000000e+00  4.171449969819e+01 -8.932342697469e+00 6.870083506302e+01 1.424249502606e+01
1.510000000000e+00  4.159971136346e+01 -9.218647977667e+00 6.862428465199e+01 1.374437334694e+01
1.520000000000e+00  4.147886305549e+01 -9.502509681212e+00 6.853762516208e+01 1.324871621494e+01
1.530000000000e+00  4.135200991113e+01 -9.783789719069e+00 6.844091902642e+01 1.275575451020e+01
1.540000000000e+00  4.121921019270e+01 -1.006235132340e+01 6.833423401267e+01 1.226571762970e+01
1.550000000000e+00  4.108052525610e+01 -1.033805911950e+01 6.821764318804e+01 1.177883336517e+01
1.560000000000e+00  4.093601951732e+01 -1.061077919691e+01 6.809122488163e+01 1.129532778185e+01
1.570000000000e+00  4.078576041728e+01 -1.088037917985e+01 6.795506264389e+01 1.081542509815e+01
1.580000000000e+00  4.062981838508e+01 -1.114672829676e+01 6.780924520331e+01 1.033934756635e+01
1.590000000000e+00  4.046826679970e+01 -1.140969744907e+01 6.765386642048e+01 9.867315354246e+00
1.600000000000e+00  4.030118195003e+01 -1.166915927897e+01 6.748902523930e+01 9.399546427975e+00
1.610000000000e+00  4.012864299352e+01 -1.192498823637e+01 6.731482563555e+01 8.936256435982e+00
1.620000000000e+00  3.995073191314e+01 -1.217706064486e+01 6.713137656283e+01 8.477658594215e+00
1.630000000000e+00  3.976753347301e+01 -1.242525476666e+01 6.693879189579e+01 8.023963572609e+00
1.640000000000e+00  3.957913517240e+01 -1.266945086654e+01 6.673719037080e+01 7.575379382930e+00
1.650000000000e+00  3.938562719843e+01 -1.290953127477e+01 6.652669552399e+01 7.132111268028e+00
1.660000000000e+00  3.918710237726e+01 -1.314538044884e+01 6.630743562678e+01 6.694361592553e+00
1.670000000000e+00  3.898365612395e+01 -1.337688503418e+01 6.607954361887e+01 6.262329735210e+00
1.680000000000e+00  3.877538639090e+01 -1.360393392365e+01 6.584315703874e+01 5.836211982598e+00
1.690000000000e+00  3.856239361504e+01 -1.382641831588e+01 6.559841795171e+01 5.416201424695e+00
1.700000000000e+00  3.834478066366e+01 -1.404423177237e+01 6.534547287557e+01 5.002487852034e+00
1.710000000000e+00  3.812265277897e+01 -1.425727027338e+01 6.508447270383e+01 4.595257654650e+00
1.720000000000e+00  3.789611752152e+01 -1.446543227250e+01 6.481557262664e+01 4.194693722824e+00
1.730000000000e+00  3.766528471226e+01 -1.466861874999e+01 6.453893204940e+01 3.800975349698e+00
1.740000000000e+00  3.743026637359e+01 -1.486673326467e+01 6.425471450906e+01 3.414278135799e+00
1.750000000000e+00  3.719117666918e+01 -1.505968200461e+01 6.396308758831e+01 3.034773895536e+00
1.760000000000e+00  3.694813184273e+01 -1.524737383627e+01 6.366422282744e+01 2.662630565713e+00
1.770000000000e+00  3.670125015567e+01 -1.542972035240e+01 6.335829563420e+01 2.298012116106e+00
1.780000000000e+00  3.645065182384e+01 -1.560663591838e+01 6.304548519143e+01 1.941078462156e+00
1.790000000000e+00  3.619645895315e+01 -1.577803771713e+01 6.272597436276e+01 1.591985379829e+00
1.800000000000e+00  3.593879547437e+01 -1.594384579263e+01 6.239994959621e+01 1.250884422674e+00
1.810000000000e+00  3.567778707696e+01 -1.610398309180e+01 6.206760082589e+01 9.179228411427e-01
1.820000000000e+00  3.541356114201e+01 -1.625837550497e+01 6.172912137174e+01 5.932435042030e-01
1.830000000000e+00  3.514624667447e+01 -1.640695190474e+01 6.138470783740e+01 2.769848232869e-01
1.840000000000e+00  3.487597423445e+01 -1.654964418333e+01 6.103456000634e+01 -3.071932137750e-02
1.850000000000e+00  3.460287586793e+01 -1.668638728829e+01 6.067888073610e+01 -3.297396520166e-01
1.860000000000e+00  3.432708503664e+01 -1.681711925665e+01 6.031787585087e+01 -6.199515621050e-01
1.870000000000e+00  3.404873654742e+01 -1.694178124744e+01 5.995175403243e+01 -9.012351826636e-01
1.880000000000e+00  3.376796648086e+01 -1.706031757259e+01 5.958072670937e+01 -1.173475446029e+00
1.890000000000e+00  3.348491211948e+01 -1.717267572613e+01 5.920500794487e+01 -1.436562147059e+00
1.900000000000e+00  3.319971187530e+01 -1.727880641178e+01 5.882481432280e+01 -1.690390001737e+00
1.910000000000e+00  3.291250521705e+01 -1.737866356886e+01 5.844036483253e+01 -1.934858703158e+00
1.920000000000e+00  3.262343259684e+01 -1.747220439643e+01 5.805188075214e+01 -2.169872974847e+00
1.930000000000e+00  3.233263537659e+01 -1.755938937581e+01 5.765958553047e+01 -2.395342621394e+00
1.940000000000e+00  3.204025575402e+01 -1.764018229135e+01 5.726370466765e+01 -2.611182576386e+00
1.950000000000e+00  3.174643668840e+01 -1.771455024943e+01 5.686446559456e+01 -2.817312947585e+00
1.960000000000e+00  3.145132182615e+01 -1.778246369580e+01 5.646209755097e+01 -3.013659059364e+00
1.970000000000e+00  3.115505542611e+01 -1.784389643107e+01 5.605683146259e+01 -3.200151492346e+00
1.980000000000e+00  3.085778228482e+01 -1.789882562454e+01 5.564889981705e+01 -3.376726120249e+00
1.990000000000e+00  3.055964766164e+01 -1.794723182615e+01 5.523853653878e+01 -3.543324143910e+00
2.000000000000e+00  3.026079720385e+01 -1.798909897679e+01 5.482597686298e+01 -3.699892122468e+00
2.010000000000e+00  2.996137687177e+01 -1.802441441666e+01 5.441145720866e+01 -3.846382001703e+00
2.020000000000e+00  2.966153286396e+01 -1.805316889198e+01 5.399521505082e+01 -3.982751139503e+00
2.030000000000e+00  2.936141154249e+01 -1.807535655983e+01 5.357748879184e+01 -4.108962328462e+00
2.040000000000e+00  2.906115935839e+01 -1.809097499123e+01 5.315851763211e+01 -4.224983815584e+00
2.050000000000e+00  2.876092277734e+01 -1.810002517234e+01 5.273854144001e+01 -4.330789319105e+00
2.060000000000e+00  2.846084820553e+01 -1.810251150394e+01 5.231780062129e+01 -4.426358042409e+00
2.070000000000e+00  2.816108191587e+01 -1.809844179903e+01 5.189653598787e+01 -4.511674685046e+00
2.080000000000e+00  2.786176997453e+01 -1.808782727866e+01 5.147498862619e+01 -4.586729450839e+00
2.090000000000e+00  2.756305816787e+01 -1.807068256589e+01 5.105339976511e+01 -4.651518053093e+00
2.100000000000e+00  2.726509192976e+01 -1.804702567801e+01 5.063201064348e+01 -4.706041716895e+00
2.110000000000e+00  2.696801626937e+01 -1.801687801685e+01 5.021106237743e+01 -4.750307178516e+00
2.120000000000e+00  2.667197569950e+01 -1.798026435731e+01 4.979079582747e+01 -4.784326681911e+00
2.130000000000e+00  2.637711416538e+01 -1.793721283415e+01 4.937145146540e+01 -4.808117972339e+00
2.140000000000e+00  2.608357497412e+01 -1.788775492679e+01 4.895326924120e+01 -4.821704287090e+00
2.150000000000e+00  2.579150072465e+01 -1.783192544253e+01 4.853648844994e+01 -4.825114343346e+00
2.160000000000e+00  2.550103323844e+01 -1.776976249771e+01 4.812134759874e+01 -4.818382323178e+00
2.170000000000e+00  2.521231349071e+01 -1.770130749733e+01 4.770808427393e+01 -4.801547855692e+00
2.180000000000e+00  2.492548154248e+01 -1.762660511265e+01 4.729693500847e+01 -4.774655996345e+00
2.190000000000e+00  2.464067647318e+01 -1.754570325714e+01 4.688813514969e+01 -4.737757203432e+00
2.200000000000e+00  2.435803631415e+01 -1.745865306063e+01 4.648191872744e+01 -4.690907311772e+00
2.210000000000e+00  2.407769798270e+01 -1.736550884165e+01 4.607851832283e+01 -4.634167503607e+00
2.220000000000e+00  2.379979721706e+01 -1.726632807806e+01 4.567816493744e+01 -4.567604276729e+00
2.230000000000e+00  2.352446851204e+01 -1.716117137596e+01 4.528108786336e+01 -4.491289409858e+00
2.240000000000e+00  2.325184505545e+01 -1.705010243678e+01 4.488751455397e+01 -4.405299925284e+00
2.250000000000e+00  2.298205866536e+01 -1.693318802277e+01 4.449767049556e+01 -4.309718048800e+00
2.260000000000e+00  2.271523972804e+01 -1.681049792075e+01 4.411177908002e+01 -4.204631166947e+00
2.270000000000e+00  2.245151713678e+01 -1.668210490420e+01 4.373006147859e+01 -4.090131781578e+00
2.280000000000e+00  2.219101823143e+01 -1.654808469369e+01 4.335273651676e+01 -3.966317461787e+00
2.290000000000e+00  2.193386873872e+01 -1.640851591575e+01 4.298002055054e+01 -3.833290793201e+00
2.300000000000e+00  2.168019271337e+01 -1.626348006005e+01 4.261212734404e+01 -3.691159324664e+00
2.310000000000e+00  2.143011247989e+01 -1.611306143511e+01 4.224926794866e+01 -3.540035512344e+00
2.320000000000e+00  2.118374857525e+01 -1.595734712242e+01 4.189165058378e+01 -3.380036661273e+00
2.330000000000e+00  2.094121969214e+01 -1.579642692912e+01 4.153948051921e+01 -3.211284864341e+00
2.340000000000e+00  2.070264262304e+01 -1.563039333913e+01 4.119295995950e+01 -3.033906938778e+00
2.350000000000e+00  2.046813220504e+01 -1.545934146296e+01 4.085228793009e+01 -2.848034360130e+00
2.360000000000e+00  2.023780126523e+01 -1.528336898605e+01 4.051766016550e+01 -2.653803193759e+00
2.370000000000e+00  2.001176056691e+01 -1.510257611583e+01 4.018926899971e+01 -2.451354023893e+00
2.380000000000e+00  1.979011875641e+01 -1.491706552745e+01 3.986730325864e+01 -2.240831880231e+00
2.390000000000e+00  1.957298231061e+01 -1.472694230828e+01 3.955194815502e+01 -2.022386162147e+00
2.400000000000e+00  1.936045548514e+01 -1.453231390116e+01 3.924338518563e+01 -1.796170560497e+00
2.410000000000e+00  1.915264026320e+01 -1.433329004657e+01 3.894179203102e+01 -1.562342977060e+00
2.420000000000e+00  1.894963630506e+01 -1.412998272362e+01 3.864734245779e+01 -1.321065441641e+00
2.430000000000e+00  1.875154089831e+01 -1.392250609005e+01 3.836020622352e+01 -1.072504026850e+00
2.440000000000e+00  1.855844890862e+01 -1.371097642115e+01 3.808054898438e+01 -8.168287605943e-01
2.450000000000e+00  1.837045273137e+01 -1.349551204779e+01 3.780853220554e+01 -5.542135363045e-01
2.460000000000e+00  1.818764224385e+01 -1.327623329352e+01 3.754431307440e+01 -2.848360209265e-01
2.470000000000e+00  1.801010475824e+01 -1.305326241082e+01 3.728804441666e+01 -8.877560710115e-03
2.480000000000e+00  1.783792497530e+01 -1.282672351655e+01 3.703987461540e+01 2.734769151708e-01
2.490000000000e+00  1.767118493891e+01 -1.259674252664e+01 3.679994753302e+01 5.620389931325e-01
2.500000000000e+00  1.750996399131e+01 -1.236344709007e+01 3.656840243626e+01 8.566168757890e-01
2.510000000000e+00  1.735433872930e+01 -1.212696652223e+01 3.634537392419e+01 1.157015484613e+00
2.520000000000e+00  1.720438296123e+01 -1.188743173760e+01 3.613099185928e+01 1.463036564604e+00
2.530000000000e+00  1.706016766496e+01 -1.164497518192e+01 3.592538130147e+01 1.774478790918e+00
2.540000000000e+00  1.692176094686e+01 -1.139973076379e+01 3.572866244533e+01 2.091137877399e+00
2.550000000000e+00  1.678922800175e+01 -1.115183378581e+01 3.554095056034e+01 2.412806686977e+00
2.560000000000e+00  1.666263107399e+01 -1.090142087524e+01 3.536235593411e+01 2.739275343844e+00
2.570000000000e+00  1.654202941972e+01 -1.064862991423e+01 3.519298381877e+01 3.070331347377e+00
2.580000000000e+00  1.642747927026e+01 -1.039359996973e+01 3.503293438033e+01 3.405759687721e+00
2.590000000000e+00  1.631903379687e+01 -1.013647122294e+01 3.488230265109e+01 3.745342962977e+00
2.600000000000e+00  1.621674307673e+01 -9.877384898508e+00 3.474117848509e+01 4.088861497910e+00
2.610000000000e+00  1.612065406040e+01 -9.616483193404e+00 3.460964651650e+01 4.436093464114e+00
2.620000000000e+00  1.603081054071e+01 -9.353909205485e+00 3.448778612102e+01 4.786815001555e+00
2.630000000000e+00  1.594725312314e+01 -9.089806861829e+00 3.437567138021e+01 5.140800341399e+00
2.640000000000e+00  1.587001919780e+01 -8.824320846822e+00 3.427337104871e+01 5.497821930054e+00
2.650000000000e+00  1.579914291301e+01 -8.557596530013e+00 3.418094852442e+01 5.857650554344e+00
2.660000000000e+00  1.573465515065e+01 -8.289779893780e+00 3.409846182151e+01 6.220055467715e+00
2.670000000000e+00  1.567658350310e+01 -8.021017460800e+00 3.402596354628e+01 6.584804517389e+00
2.680000000000e+00  1.562495225213e+01 -7.751456221346e+00 3.396350087584e+01 6.951664272386e+00
2.690000000000e+00  1.557978234951e+01 -7.481243560435e+00 3.391111553961e+01 7.320400152309e+00
2.700000000000e+00  1.554109139952e+01 -7.210527184829e+00 3.386884380354e+01 7.690776556810e+00
2.710000000000e+00  1.550889364341e+01 -6.939455049919e+00 3.383671645719e+01 8.062556995639e+00
2.720000000000e+00  1.548319994577e+01 -6.668175286486e+00 3.381475880344e+01 8.435504219191e+00
2.730000000000e+00  1.546401778288e+01 -6.396836127388e+00 3.380299065096e+01 8.809380349450e+00
2.740000000000e+00  1.545135123307e+01 -6.125585834148e+00 3.380142630943e+01 9.183947011248e+00
2.750000000000e+00  1.544520096916e+01 -5.854572623506e+00 3.381007458734e+01 9.558965463746e+00
2.760000000000e+00  1.544556425282e+01 -5.583944593913e+00 3.382893879257e+01 9.934196732035e+00
2.770000000000e+00  1.545243493111e+01 -5.313849652018e+00 3.385801673559e+01 1.030940173879e+01
2.780000000000e+00  1.546580343506e+01 -5.044435439151e+00 3.389730073530e+01 1.068434143588e+01
2.790000000000e+00  1.548565678026e+01 -4.775849257826e+00 3.394677762753e+01 1.105877693582e+01
2.800000000000e+00  1.551197856963e+01 -4.508237998302e+00 3.400642877618e+01 1.143246964305e+01
2.810000000000e+00  1.554474899820e+01 -4.241748065213e+00 3.407623008695e+01 1.180518138489e+01
2.820000000000e+00  1.558394486000e+01 -3.976525304291e+00 3.415615202379e+01 1.217667454209e+01
2.830000000000e+00  1.562953955699e+01 -3.712714929232e+00 3.424615962781e+01 1.254671217896e+01
2.840000000000e+00  1.568150311010e+01 -3.450461448710e+00 3.434621253897e+01 1.291505817295e+01
2.850000000000e+00  1.573980217227e+01 -3.189908593584e+00 3.445626502021e+01 1.328147734362e+01
2.860000000000e+00  1.580440004358e+01 -2.931199244328e+00 3.457626598433e+01 1.364573558087e+01
2.870000000000e+00  1.587525668831e+01 -2.674475358715e+00 3.470615902335e+01 1.400759997250e+01
2.880000000000e+00  1.595232875411e+01 -2.419877899797e+00 3.484588244051e+01 1.436683893087e+01
2.890000000000e+00  1.603556959310e+01 -2.167546764203e+00 3.499536928482e+01 1.472322231865e+01
2.900000000000e+00  1.612492928490e+01 -1.917620710814e+00 3.515454738823e+01 1.507652157366e+01
2.910000000000e+00  1.622035466165e+01 -1.670237289825e+00 3.532333940528e+01 1.542650983263e+01
2.920000000000e+00  1.632178933490e+01 -1.425532772262e+00 3.550166285541e+01 1.577296205387e+01
2.930000000000e+00  1.642917372444e+01 -1.183642079968e+00 3.568943016770e+01 1.611565513876e+01
2.940000000000e+00  1.654244508893e+01 -9.446987161210e-01 3.588654872821e+01 1.645436805207e+01
2.950000000000e+00  1.666153755838e+01 -7.088346962995e-01 3.609292092983e+01 1.678888194092e+01
2.960000000000e+00  1.678638216847e+01 -4.761804801609e-01 3.630844422461e+01 1.711898025246e+01
2.970000000000e+00  1.691690689660e+01 -2.468649037567e-01 3.653301117858e+01 1.744444885014e+01
2.980000000000e+00  1.705303669968e+01 -2.101511253375e-02 3.676650952902e+01 1.776507612846e+01
2.990000000000e+00  1.719469355368e+01 2.012435049392e-01 3.700882224424e+01 1.808065312630e+01
3.000000000000e+00  1.734179649484e+01 4.197873824787e-01 3.725982758569e+01 1.839097363863e+01
3.010000000000e+00  1.749426166248e+01 6.344948409861e-01 3.751939917256e+01 1.869583432659e+01
3.020000000000e+00  1.765200234354e+01 8.452461522973e-01 3.778740604869e+01 1.899503482597e+01
3.030000000000e+00  1.781492901859e+01 1.051923602145e+00 3.806371275184e+01 1.928837785388e+01
3.040000000000e+00  1.798294940945e+01 1.254411552189e+00 3.834817938537e+01 1.957566931371e+01
3.050000000000e+00  1.815596852835e+01 1.452596501080e+00 3.864066169206e+01 1.985671839823e+01
3.060000000000e+00  1.833388872853e+01 1.646367144512e+00 3.894101113030e+01 2.013133769089e+01
3.070000000000e+00  1.851660975633e+01 1.835614434229e+00 3.924907495250e+01 2.039934326513e+01
3.080000000000e+00  1.870402880466e+01 2.020231635945e+00 3.956469628561e+01 2.066055478174e+01
3.090000000000e+00  1.889604056791e+01 2.200114386143e+00 3.988771421390e+01 2.091479558430e+01
3.100000000000e+00  1.909253729816e+01 2.375160747713e+00 4.021796386382e+01 2.116189279245e+01
3.110000000000e+00  1.929340886271e+01 2.545271264394e+00 4.055527649085e+01 2.140167739316e+01
3.120000000000e+00  1.949854280294e+01 2.710349013988e+00 4.089947956852e+01 2.163398432983e+01
3.130000000000e+00  1.970782439437e+01 2.870299660305e+00 4.125039687935e+01 2.185865258921e+01
3.140000000000e+00  1.992113670791e+01 3.025031503814e+00 4.160784860775e+01 2.207552528612e+01
3.150000000000e+00  2.013836067233e+01 3.174455530961e+00 4.197165143479e+01 2.228444974592e+01
3.160000000000e+00  2.035937513788e+01 3.318485462126e+00 4.234161863489e+01 2.248527758466e+01
3.170000000000e+00  2.058405694091e+01 3.457037798185e+00 4.271756017427e+01 2.267786478695e+01
3.180000000000e+00  2.081228096969e+01 3.590031865650e+00 4.309928281116e+01 2.286207178139e+01
3.190000000000e+00  2.104392023116e+01 3.717389860361e+00 4.348659019772e+01 2.303776351367e+01
3.200000000000e+00  2.127884591869e+01 3.839036889696e+00 4.387928298366e+01 2.320480951723e+01
3.210000000000e+00  2.151692748080e+01 3.954901013273e+00 4.427715892134e+01 2.336308398135e+01
3.220000000000e+00  2.175803269084e+01 4.064913282129e+00 4.468001297257e+01 2.351246581691e+01
3.230000000000e+00  2.200202771742e+01 4.169007776334e+00 4.508763741679e+01 2.365283871948e+01
3.240000000000e+00  2.224877719582e+01 4.267121641032e+00 4.549982196071e+01 2.378409122987e+01
3.250000000000e+00  2.249814430013e+01 4.359195120876e+00 4.591635384937e+01 2.390611679217e+01
3.260000000000e+00  2.274999081610e+01 4.445171592845e+00 4.633701797845e+01 2.401881380909e+01
3.270000000000e+00  2.300417721484e+01 4.524997597414e+00 4.676159700791e+01 2.412208569467e+01
3.280000000000e+00  2.326056272707e+01 4.598622868057e+00 4.718987147678e+01 2.421584092435e+01
3.290000000000e+00  2.351900541809e+01 4.666000359078e+00 4.762161991912e+01 2.429999308234e+01
3.300000000000e+00  2.377936226331e+01 4.727086271737e+00 4.805661898102e+01 2.437446090625e+01
3.310000000000e+00  2.404148922439e+01 4.781840078663e+00 4.849464353869e+01 2.443916832899e+01
3.320000000000e+00  2.430524132584e+01 4.830224546538e+00 4.893546681740e+01 2.449404451795e+01
3.330000000000e+00  2.457047273214e+01 4.872205757039e+00 4.937886051145e+01 2.453902391135e+01
3.340000000000e+00  2.483703682529e+01 4.907753126019e+00 4.982459490480e+01 2.457404625182e+01
3.350000000000e+00  2.510478628275e+01 4.936839420928e+00 5.027243899261e+01 2.459905661721e+01
3.360000000000e+00  2.537357315577e+01 4.959440776444e+00 5.072216060341e+01 2.461400544846e+01
3.370000000000e+00  2.564324894797e+01 4.975536708327e+00 5.117352652188e+01 2.461884857481e+01
3.380000000000e+00  2.591366469426e+01 4.985110125465e+00 5.162630261230e+01 2.461354723598e+01
3.390000000000e+00  2.618467103996e+01 4.988147340126e+00 5.208025394238e+01 2.459806810160e+01
3.400000000000e+00  2.645611832015e+01 4.984638076390e+00 5.253514490759e+01 2.457238328773e+01
3.410000000000e+00  2.672785663910e+01 4.974575476771e+00 5.299073935588e+01 2.453647037054e+01
3.420000000000e+00  2.699973594985e+01 4.957956107009e+00 5.344680071266e+01 2.449031239703e+01
3.430000000000e+00  2.727160613389e+01 4.934779959052e+00 5.390309210603e+01 2.443389789295e+01
3.440000000000e+00  2.754331708083e+01 4.905050452194e+00 5.435937649219e+01 2.436722086775e+01
3.450000000000e+00  2.781471876799e+01 4.868774432404e+00 5.481541678096e+01 2.429028081673e+01
3.460000000000e+00  2.808566134008e+01 4.825962169809e+00 5.527097596133e+01 2.420308272017e+01
3.470000000000e+00  2.835599518865e+01 4.776627354362e+00 5.572581722692e+01 2.410563703966e+01
3.480000000000e+00  2.862557103143e+01 4.720787089682e+00 5.617970410150e+01 2.399795971154e+01
3.490000000000e+00  2.889423999154e+01 4.658461885070e+00 5.663240056413e+01 2.388007213737e+01
3.500000000000e+00  2.916185367641e+01 4.589675645707e+00 5.708367117428e+01 2.375200117161e+01
3.510000000000e+00  2.942826425645e+01 4.514455661041e+00 5.753328119649e+01 2.361377910637e+01
3.520000000000e+00  2.969332454345e+01 4.432832591362e+00 5.798099672477e+01 2.346544365331e+01
3.530000000000e+00  2.995688806857e+01 4.344840452581e+00 5.842658480651e+01 2.330703792268e+01
3.540000000000e+00  3.021880915999e+01 4.250516599216e+00 5.886981356592e+01 2.313861039952e+01
3.550000000000e+00  3.047894302010e+01 4.149901705592e+00 5.931045232691e+01 2.296021491699e+01
3.560000000000e+00  3.073714580226e+01 4.043039745268e+00 5.974827173533e+01 2.277191062695e+01
3.570000000000e+00  3.099327468697e+01 3.929977968704e+00 6.018304388049e+01 2.257376196768e+01
3.580000000000e+00  3.124718795756e+01 3.810766879171e+00 6.061454241602e+01 2.236583862880e+01
3.590000000000e+00  3.149874507530e+01 3.685460206930e+00 6.104254267977e+01 2.214821551350e+01
3.600000000000e+00  3.174780675380e+01 3.554114881684e+00 6.146682181293e+01 2.192097269794e+01
3.610000000000e+00  3.199423503280e+01 3.416791003315e+00 6.188715887815e+01 2.168419538796e+01
3.620000000000e+00  3.223789335125e+01 3.273551810938e+00 6.230333497670e+01 2.143797387307e+01
3.630000000000e+00  3.247864661962e+01 3.124463650263e+00 6.271513336445e+01 2.118240347781e+01
3.640000000000e+00  3.271636129145e+01 2.969595939312e+00 6.312233956684e+01 2.091758451037e+01
3.650000000000e+00  3.295090543405e+01 2.809021132483e+00 6.352474149255e+01 2.064362220865e+01
3.660000000000e+00  3.318214879836e+01 2.642814682994e+00 6.392212954598e+01 2.036062668370e+01
3.670000000000e+00  3.340996288793e+01 2.471055003728e+00 6.431429673836e+01 2.006871286059e+01
3.680000000000e+00  3.363422102692e+01 2.293823426492e+00 6.470103879755e+01 1.976800041675e+01
3.690000000000e+00  3.385479842716e+01 2.111204159719e+00 6.508215427629e+01 1.945861371778e+01
3.700000000000e+00  3.407157225423e+01 1.923284244630e+00 6.545744465911e+01 1.914068175085e+01
3.710000000000e+00  3.428442169244e+01 1.730153509883e+00 6.582671446754e+01 1.881433805556e+01
3.720000000000e+00  3.449322800882e+01 1.531904524735e+00 6.618977136381e+01 1.847972065251e+01
3.730000000000e+00  3.469787461592e+01 1.328632550736e+00 6.654642625285e+01 1.813697196943e+01
3.740000000000e+00  3.489824713353e+01 1.120435491985e+00 6.689649338259e+01 1.778623876503e+01
3.750000000000e+00  3.509423344919e+01 9.074138439731e-01 6.723979044248e+01 1.742767205056e+01
3.760000000000e+00  3.528572377752e+01 6.896706410439e-01 6.757613866017e+01 1.706142700910e+01
3.770000000000e+00  3.547261071832e+01 4.673114024947e-01 6.790536289639e+01 1.668766291269e+01
3.780000000000e+00  3.565478931338e+01 2.404440773507e-01 6.822729173779e+01 1.630654303726e+01
3.790000000000e+00  3.583215710202e+01 9.178987839870e-03 6.854175758792e+01 1.591823457551e+01
3.800000000000e+00  3.600461417527e+01 -2.263712284002e-01 6.884859675612e+01 1.552290854767e+01
3.810000000000e+00  3.617206322873e+01 -4.660916773535e-01 6.914764954437e+01 1.512073971027e+01
3.820000000000e+00  3.633440961405e+01 -7.098652688626e-01 6.943876033200e+01 1.471190646291e+01
3.830000000000e+00  3.649156138898e+01 -9.575727780402e-01 6.972177765827e+01 1.429659075319e+01
3.840000000000e+00  3.664342936597e+01 -1.209092907821e+00 6.999655430276e+01 1.387497797963e+01
3.850000000000e+00  3.678992715938e+01 -1.464302352624e+00 7.026294736342e+01 1.344725689294e+01
3.860000000000e+00  3.693097123113e+01 -1.723075863085e+00 7.052081833249e+01 1.301361949537e+01
3.870000000000e+00  3.706648093487e+01 -1.985286311832e+00 7.077003316990e+01 1.257426093847e+01
3.880000000000e+00  3.719637855861e+01 -2.250804760263e+00 7.101046237451e+01 1.212937941909e+01
3.890000000000e+00  3.732058936583e+01 -2.519500526295e+00 7.124198105275e+01 1.167917607383e+01
3.900000000000e+00  3.743904163494e+01 -2.791241253042e+00 7.146446898497e+01 1.122385487195e+01
3.910000000000e+00  3.755166669722e+01 -3.065892978395e+00 7.167781068921e+01 1.076362250675e+01
3.920000000000e+00  3.765839897310e+01 -3.343320205453e+00 7.188189548254e+01 1.029868828554e+01
3.930000000000e+00  3.775917600680e+01 -3.623385973785e+00 7.207661753979e+01 9.829264018232e+00
3.940000000000e+00  3.785393849934e+01 -3.905951931470e+00 7.226187594976e+01 9.355563904588e+00
3.950000000000e+00  3.794263033984e+01 -4.190878407881e+00 7.243757476875e+01 8.877804420255e+00
3.960000000000e+00  3.802519863518e+01 -4.478024487182e+00 7.260362307159e+01 8.396204201564e+00
3.970000000000e+00  3.810159373791e+01 -4.767248082489e+00 7.275993499984e+01 7.910983929205e+00
3.980000000000e+00  3.817176927246e+01 -5.058406010654e+00 7.290642980747e+01 7.422366210831e+00
3.990000000000e+00  3.823568215962e+01 -5.351354067649e+00 7.304303190370e+01 6.930575462640e+00
4.000000000000e+00  3.829329263925e+01 -5.645947104489e+00 7.316967089320e+01 6.435837790008e+00
4.010000000000e+00  3.834456429129e+01 -5.942039103665e+00 7.328628161346e+01 5.938380867239e+00
4.020000000000e+00  3.838946405492e+01 -6.239483256046e+00 7.339280416947e+01 5.438433816484e+00
4.030000000000e+00  3.842796224597e+01 -6.538132038206e+00 7.348918396555e+01 4.936227085904e+00
4.040000000000e+00  3.846003257261e+01 -6.837837290137e+00 7.357537173434e+01 4.431992327135e+00
4.050000000000e+00  3.848565214912e+01 -7.138450293307e+00 7.365132356311e+01 3.925962272123e+00
4.060000000000e+00  3.850480150794e+01 -7.439821849017e+00 7.371700091702e+01 3.418370609392e+00
4.070000000000e+00  3.851746460989e+01 -7.741802357025e+00 7.377237065974e+01 2.909451859813e+00
4.080000000000e+00  3.852362885259e+01 -8.044241894379e+00 7.381740507106e+01 2.399441251938e+00
4.090000000000e+00  3.852328507699e+01 -8.346990294443e+00 7.385208186170e+01 1.888574596964e+00
4.100000000000e+00  3.851642757217e+01 -8.649897226040e+00 7.387638418523e+01 1.377088163397e+00
4.110000000000e+00  3.850305407824e+01 -8.952812272704e+00 7.389030064709e+01 8.652185514745e-01
4.120000000000e+00  3.848316578746e+01 -9.255585011974e+00 7.389382531072e+01 3.532025674273e-01
4.130000000000e+00  3.845676734349e+01 -9.558065094701e+00 7.388695770086e+01 -1.587229023717e-01
4.140000000000e+00  3.842386683884e+01 -9.860102324321e+00 7.386970280383e+01 -6.703210172884e-01
4.150000000000e+00  3.838447581049e+01 -1.016154673605e+01 7.384207106507e+01 -1.181355108281e+00
4.160000000000e+00  3.833860923367e+01 -1.046224867598e+01 7.380407838363e+01 -1.691588803656e+00
4.170000000000e+00  3.828628551383e+01 -1.076205887997e+01 7.375574610393e+01 -2.200786154662e+00
4.180000000000e+00  3.822752647678e+01 -1.106082855240e+01 7.369710100446e+01 -2.708711760851e+00
4.190000000000e+00  3.816235735704e+01 -1.135840944464e+01 7.362817528378e+01 -3.215130895146e+00
4.200000000000e+00  3.809080678435e+01 -1.165465393324e+01 7.354900654350e+01 -3.719809628544e+00
4.210000000000e+00  3.801290676844e+01 -1.194941509780e+01 7.345963776850e+01 -4.222514954392e+00
4.220000000000e+00  3.792869268190e+01 -1.224254679846e+01 7.336011730421e+01 -4.723014912168e+00
4.230000000000e+00  3.783820324141e+01 -1.253390375305e+01 7.325049883114e+01 -5.221078710700e+00
4.240000000000e+00  3.774148048709e+01 -1.282334161366e+01 7.313084133650e+01 -5.716476850763e+00
4.250000000000e+00  3.763856976010e+01 -1.311071704284e+01 7.300120908308e+01 -6.208981246983e+00
4.260000000000e+00  3.752951967856e+01 -1.339588778922e+01 7.286167157528e+01 -6.698365348984e+00
4.270000000000e+00  3.741438211166e+01 -1.367871276260e+01 7.271230352238e+01 -7.184404261725e+00
4.280000000000e+00  3.729321215207e+01 -1.395905210831e+01 7.255318479907e+01 -7.666874864937e+00
4.290000000000e+00  3.716606808665e+01 -1.423676728110e+01 7.238440040322e+01 -8.145555931634e+00
4.300000000000e+00  3.703301136547e+01 -1.451172111822e+01 7.220604041096e+01 -8.620228245599e+00
4.310000000000e+00  3.689410656912e+01 -1.478377791179e+01 7.201819992904e+01 -9.090674717802e+00
4.320000000000e+00  3.674942137442e+01 -1.505280348044e+01 7.182097904453e+01 -9.556680501693e+00
4.330000000000e+00  3.659902651840e+01 -1.531866524011e+01 7.161448277193e+01 -1.001803310728e+01
4.340000000000e+00  3.644299576076e+01 -1.558123227405e+01 7.139882099758e+01 -1.047452251400e+01
4.350000000000e+00  3.628140584464e+01 -1.584037540190e+01 7.117410842161e+01 -1.092594128218e+01
4.360000000000e+00  3.611433645589e+01 -1.609596724789e+01 7.094046449719e+01 -1.137208466324e+01
4.370000000000e+00  3.594187018067e+01 -1.634788230807e+01 7.069801336740e+01 -1.181275070840e+01
4.380000000000e+00  3.576409246162e+01 -1.659599701657e+01 7.044688379955e+01 -1.224774037586e+01
4.390000000000e+00  3.558109155248e+01 -1.684018981081e+01 7.018720911706e+01 -1.267685763653e+01
4.400000000000e+00  3.539295847116e+01 -1.708034119571e+01 6.991912712891e+01 -1.309990957808e+01
4.410000000000e+00  3.519978695144e+01 -1.731633380677e+01 6.964278005675e+01 -1.351670650734e+01
4.420000000000e+00  3.500167339316e+01 -1.754805247202e+01 6.935831445966e+01 -1.392706205104e+01
4.430000000000e+00  3.479871681102e+01 -1.777538427284e+01 6.906588115660e+01 -1.433079325470e+01
4.440000000000e+00  3.459101878198e+01 -1.799821860359e+01 6.876563514662e+01 -1.472772067977e+01
4.450000000000e+00  3.437868339135e+01 -1.821644723005e+01 6.845773552685e+01 -1.511766849886e+01
4.460000000000e+00  3.416181717744e+01 -1.842996434652e+01 6.814234540831e+01 -1.550046458910e+01
4.470000000000e+00  3.394052907504e+01 -1.863866663174e+01 6.781963182963e+01 -1.587594062341e+01
4.480000000000e+00  3.371493035753e+01 -1.884245330346e+01 6.748976566866e+01 -1.624393215992e+01
4.490000000000e+00  3.348513457780e+01 -1.904122617169e+01 6.715292155203e+01 -1.660427872918e+01
4.500000000000e+00  3.325125750791e+01 -1.923488969055e+01 6.680927776281e+01 -1.695682391931e+01
4.510000000000e+00  3.301341707764e+01 -1.942335100874e+01 6.645901614612e+01 -1.730141545901e+01
4.520000000000e+00  3.277173331183e+01 -1.960652001864e+01 6.610232201293e+01 -1.763790529833e+01
4.530000000000e+00  3.252632826666e+01 -1.978430940392e+01 6.573938404205e+01 -1.796614968722e+01
4.540000000000e+00  3.227732596479e+01 -1.995663468566e+01 6.537039418022e+01 -1.828600925176e+01
4.550000000000e+00  3.202485232950e+01 -2.012341426702e+01 6.499554754064e+01 -1.859734906809e+01
4.560000000000e+00  3.176903511783e+01 -2.028456947641e+01 6.461504229965e+01 -1.890003873399e+01
4.570000000000e+00  3.151000385268e+01 -2.044002460904e+01 6.422907959194e+01 -1.919395243798e+01
4.580000000000e+00  3.124788975405e+01 -2.058970696699e+01 6.383786340410e+01 -1.947896902605e+01
4.590000000000e+00  3.098282566932e+01 -2.073354689767e+01 6.344160046671e+01 -1.975497206587e+01
4.600000000000e+00  3.071494600269e+01 -2.087147783064e+01 6.304050014493e+01 -2.002184990849e+01
4.610000000000e+00  3.044438664377e+01 -2.100343631288e+01 6.263477432780e+01 -2.027949574753e+01
4.620000000000e+00  3.017128489542e+01 -2.112936204238e+01 6.222463731606e+01 -2.052780767574e+01
4.630000000000e+00  2.989577940077e+01 -2.124919790003e+01 6.181030570883e+01 -2.076668873897e+01
4.640000000000e+00  2.961801006960e+01 -2.136288997996e+01 6.139199828901e+01 -2.099604698753e+01
4.650000000000e+00  2.933811800399e+01 -2.147038761805e+01 6.096993590753e+01 -2.121579552483e+01
4.660000000000e+00  2.905624542336e+01 -2.157164341880e+01 6.054434136654e+01 -2.142585255340e+01
4.670000000000e+00  2.877253558890e+01 -2.166661328054e+01 6.011543930150e+01 -2.162614141810e+01
4.680000000000e+00  2.848713272743e+01 -2.175525641877e+01 5.968345606242e+01 -2.181659064671e+01
4.690000000000e+00  2.820018195480e+01 -2.183753538787e+01 5.924861959410e+01 -2.199713398765e+01
4.700000000000e+00  2.791182919874e+01 -2.191341610105e+01 5.881115931553e+01 -2.216771044496e+01
4.710000000000e+00  2.762222112132e+01 -2.198286784845e+01 5.837130599860e+01 -2.232826431053e+01
4.720000000000e+00  2.733150504101e+01 -2.204586331354e+01 5.792929164602e+01 -2.247874519341e+01
4.730000000000e+00  2.703982885436e+01 -2.210237858773e+01 5.748534936858e+01 -2.261910804638e+01
4.740000000000e+00  2.674734095743e+01 -2.215239318317e+01 5.703971326194e+01 -2.274931318965e+01
4.750000000000e+00  2.645419016685e+01 -2.219589004374e+01 5.659261828277e+01 -2.286932633163e+01
4.760000000000e+00  2.616052564075e+01 -2.223285555428e+01 5.614430012450e+01 -2.297911858694e+01
4.770000000000e+00  2.586649679945e+01 -2.226327954798e+01 5.569499509273e+01 -2.307866649148e+01
4.780000000000e+00  2.557225324604e+01 -2.228715531195e+01 5.524493998024e+01 -2.316795201458e+01
4.790000000000e+00  2.527794468677e+01 -2.230447959104e+01 5.479437194179e+01 -2.324696256832e+01
4.800000000000e+00  2.498372085151e+01 -2.231525258973e+01 5.434352836872e+01 -2.331569101394e+01
4.810000000000e+00  2.468973141411e+01 -2.231947797233e+01 5.389264676346e+01 -2.337413566528e+01
4.820000000000e+00  2.439612591277e+01 -2.231716286126e+01 5.344196461396e+01 -2.342230028940e+01
4.830000000000e+00  2.410305367052e+01 -2.230831783356e+01 5.299171926813e+01 -2.346019410423e+01
4.840000000000e+00  2.381066371582e+01 -2.229295691561e+01 5.254214780838e+01 -2.348783177338e+01
4.850000000000e+00  2.351910470324e+01 -2.227109757598e+01 5.209348692629e+01 -2.350523339796e+01
4.860000000000e+00  2.322852483438e+01 -2.224276071650e+01 5.164597279749e+01 -2.351242450559e+01
4.870000000000e+00  2.293907177906e+01 -2.220797066154e+01 5.119984095689e+01 -2.350943603650e+01
4.880000000000e+00  2.265089259669e+01 -2.216675514544e+01 5.075532617410e+01 -2.349630432666e+01
4.890000000000e+00  2.236413365806e+01 -2.211914529825e+01 5.031266232943e+01 -2.347307108819e+01
4.900000000000e+00  2.207894056739e+01 -2.206517562953e+01 4.987208229026e+01 -2.343978338677e+01
4.910000000000e+00  2.179545808490e+01 -2.200488401054e+01 4.943381778799e+01 -2.339649361626e+01
4.920000000000e+00  2.151383004969e+01 -2.193831165451e+01 4.899809929562e+01 -2.334325947053e+01
4.930000000000e+00  2.123419930322e+01 -2.186550309528e+01 4.856515590591e+01 -2.328014391232e+01
4.940000000000e+00  2.095670761322e+01 -2.178650616411e+01 4.813521521039e+01 -2.320721513950e+01
4.950000000000e+00  2.068149559826e+01 -2.170137196475e+01 4.770850317913e+01 -2.312454654838e+01
4.960000000000e+00  2.040870265281e+01 -2.161015484684e+01 4.728524404130e+01 -2.303221669431e+01
4.970000000000e+00  2.013846687306e+01 -2.151291237756e+01 4.686566016678e+01 -2.293030924959e+01
4.980000000000e+00  1.987092498336e+01 -2.140970531159e+01 4.644997194867e+01 -2.281891295858e+01
4.990000000000e+00  1.960621226339e+01 -2.130059755939e+01 4.603839768687e+01 -2.269812159018e+01
5.000000000000e+00  1.934446247611e+01 -2.118565615379e+01 4.563115347278e+01 -2.256803388758e+01
5.010000000000e+00  1.908580779650e+01 -2.106495121494e+01 4.522845307519e+01 -2.242875351544e+01
5.020000000000e+00  1.883037874113e+01 -2.093855591368e+01 4.483050782736e+01 -2.228038900444e+01
5.030000000000e+00  1.857830409868e+01 -2.080654643318e+01 4.443752651540e+01 -2.212305369320e+01
5.040000000000e+00  1.832971086124e+01 -2.066900192908e+01 4.404971526804e+01 -2.195686566774e+01
5.050000000000e+00  1.808472415672e+01 -2.052600448799e+01 4.366727744776e+01 -2.178194769836e+01
5.060000000000e+00  1.784346718212e+01 -2.037763908449e+01 4.329041354341e+01 -2.159842717408e+01
5.070000000000e+00  1.760606113790e+01 -2.022399353650e+01 4.291932106432e+01 -2.140643603462e+01
5.080000000000e+00  1.737262516341e+01 -2.006515845923e+01 4.255419443605e+01 -2.120611070002e+01
5.090000000000e+00  1.714327627334e+01 -1.990122721757e+01 4.219522489766e+01 -2.099759199785e+01
5.100000000000e+00  1.691812929543e+01 -1.973229587705e+01 4.184260040082e+01 -2.078102508812e+01
5.110000000000e+00  1.669729680925e+01 -1.955846315328e+01 4.149650551045e+01 -2.055655938591e+01
5.120000000000e+00  1.648088908617e+01 -1.937983036005e+01 4.115712130738e+01 -2.032434848182e+01
5.130000000000e+00  1.626901403065e+01 -1.919650135598e+01 4.082462529265e+01 -2.008455006009e+01
5.140000000000e+00  1.606177712271e+01 -1.900858248982e+01 4.049919129379e+01 -1.983732581476e+01
5.150000000000e+00  1.585928136171e+01 -1.881618254434e+01 4.018098937305e+01 -1.958284136360e+01
5.160000000000e+00  1.566162721153e+01 -1.861941267901e+01 3.987018573757e+01 -1.932126616002e+01
5.170000000000e+00  1.546891254698e+01 -1.841838637127e+01 3.956694265158e+01 -1.905277340306e+01
5.180000000000e+00  1.528123260171e+01 -1.821321935659e+01 3.927141835073e+01 -1.877753994529e+01
5.190000000000e+00  1.509867991749e+01 -1.800402956731e+01 3.898376695846e+01 -1.849574619899e+01
5.200000000000e+00  1.492134429490e+01 -1.779093707022e+01 3.870413840460e+01 -1.820757604032e+01
5.210000000000e+00  1.474931274557e+01 -1.757406400302e+01 3.843267834613e+01 -1.791321671179e+01
5.220000000000e+00  1.458266944583e+01 -1.735353450956e+01 3.816952809020e+01 -1.761285872303e+01
5.230000000000e+00  1.442149569196e+01 -1.712947467406e+01 3.791482451947e+01 -1.730669574977e+01
5.240000000000e+00  1.426586985693e+01 -1.690201245415e+01 3.766870001970e+01 -1.699492453131e+01
5.250000000000e+00  1.411586734873e+01 -1.667127761294e+01 3.743128240976e+01 -1.667774476631e+01
5.260000000000e+00  1.397156057033e+01 -1.643740165002e+01 3.720269487400e+01 -1.635535900720e+01
5.270000000000e+00  1.383301888120e+01 -1.620051773149e+01 3.698305589709e+01 -1.602797255304e+01
5.280000000000e+00  1.370030856051e+01 -1.596076061909e+01 3.677247920130e+01 -1.569579334102e+01
5.290000000000e+00  1.357349277197e+01 -1.571826659833e+01 3.657107368624e+01 -1.535903183664e+01
5.300000000000e+00  1.345263153036e+01 -1.547317340583e+01 3.637894337120e+01 -1.501790092258e+01
5.310000000000e+00  1.333778166977e+01 -1.522562015580e+01 3.619618734000e+01 -1.467261578641e+01
5.320000000000e+00  1.322899681349e+01 -1.497574726567e+01 3.602289968845e+01 -1.432339380710e+01
5.330000000000e+00  1.312632734575e+01 -1.472369638103e+01 3.585916947438e+01 -1.397045444047e+01
5.340000000000e+00  1.302982038509e+01 -1.446961029982e+01 3.570508067036e+01 -1.361401910359e+01
5.350000000000e+00  1.293951975956e+01 -1.421363289583e+01 3.556071211905e+01 -1.325431105821e+01
5.360000000000e+00  1.285546598370e+01 -1.395590904157e+01 3.542613749124e+01 -1.289155529330e+01
5.370000000000e+00  1.277769623726e+01 -1.369658453055e+01 3.530142524661e+01 -1.252597840671e+01
5.380000000000e+00  1.270624434576e+01 -1.343580599901e+01 3.518663859720e+01 -1.215780848612e+01
5.390000000000e+00  1.264114076287e+01 -1.317372084709e+01 3.508183547367e+01 -1.178727498914e+01
5.400000000000e+00  1.258241255456e+01 -1.291047715958e+01 3.498706849422e+01 -1.141460862289e+01
5.410000000000e+00  1.253008338517e+01 -1.264622362624e+01 3.490238493642e+01 -1.104004122285e+01
5.420000000000e+00  1.248417350518e+01 -1.238110946174e+01 3.482782671179e+01 -1.066380563129e+01
5.430000000000e+00  1.244469974098e+01 -1.211528432522e+01 3.476343034311e+01 -1.028613557512e+01
5.440000000000e+00  1.241167548636e+01 -1.184889823962e+01 3.470922694469e+01 -9.907265543408e+00
5.450000000000e+00  1.238511069592e+01 -1.158210151076e+01 3.466524220535e+01 -9.527430664473e+00
5.460000000000e+00  1.236501188031e+01 -1.131504464618e+01 3.463149637433e+01 -9.146866582731e+00
5.470000000000e+00  1.235138210335e+01 -1.104787827390e+01 3.460800425003e+01 -8.765809335286e+00
5.480000000000e+00  1.234422098096e+01 -1.078075306101e+01 3.459477517154e+01 -8.384495228357e+00
5.490000000000e+00  1.234352468201e+01 -1.051381963229e+01 3.459181301315e+01 -8.003160713589e+00
5.500000000000e+00  1.234928593097e+01 -1.024722848872e+01 3.459911618163e+01 -7.622042264308e+00
5.510000000000e+00  1.236149401242e+01 -9.981129926180e+00 3.461667761645e+01 -7.241376251790e+00
5.520000000000e+00  1.238013477747e+01 -9.715673954102e+00 3.464448479279e+01 -6.861398821593e+00
5.530000000000e+00  1.240519065191e+01 -9.451010214360e+00 3.468251972753e+01 -6.482345770013e+00
5.540000000000e+00  1.243664064633e+01 -9.187287900324e+00 3.473075898803e+01 -6.104452420730e+00
5.550000000000e+00  1.247446036794e+01 -8.924655676154e+00 3.478917370377e+01 -5.727953501695e+00
5.560000000000e+00  1.251862203431e+01 -8.663261596399e+00 3.485772958094e+01 -5.353083022326e+00
5.570000000000e+00  1.256909448889e+01 -8.403253025927e+00 3.493638691977e+01 -4.980074151056e+00
5.580000000000e+00  1.262584321832e+01 -8.144776560252e+00 3.502510063481e+01 -4.609159093311e+00
5.590000000000e+00  1.268883037153e+01 -7.887977946301e+00 3.512382027800e+01 -4.240568969960e+00
5.600000000000e+00  1.275801478068e+01 -7.633002003661e+00 3.523249006458e+01 -3.874533696308e+00
5.610000000000e+00  1.283335198376e+01 -7.379992546371e+00 3.535104890182e+01 -3.511281861678e+00
5.620000000000e+00  1.291479424905e+01 -7.129092305290e+00 3.547943042053e+01 -3.151040609651e+00
5.630000000000e+00  1.300229060123e+01 -6.880442851098e+00 3.561756300944e+01 -2.794035519013e+00
5.640000000000e+00  1.309578684930e+01 -6.634184517967e+00 3.576536985226e+01 -2.440490485471e+00
5.650000000000e+00  1.319522561610e+01 -6.390456327963e+00 3.592276896756e+01 -2.090627604199e+00
5.660000000000e+00  1.330054636963e+01 -6.149395916204e+00 3.608967325136e+01 -1.744667053263e+00
5.670000000000e+00  1.341168545594e+01 -5.911139456830e+00 3.626599052243e+01 -1.402826977987e+00
5.680000000000e+00  1.352857613374e+01 -5.675821589834e+00 3.645162357033e+01 -1.065323376324e+00
5.690000000000e+00  1.365114861060e+01 -5.443575348774e+00 3.664647020609e+01 -7.323699852726e-01
5.700000000000e+00  1.377933008075e+01 -5.214532089438e+00 3.685042331550e+01 -4.041781684156e-01
5.710000000000e+00  1.391304476453e+01 -4.988821419470e+00 3.706337091512e+01 -8.095680462170e-02
5.720000000000e+00  1.405221394933e+01 -4.766571129027e+00 3.728519621078e+01 2.370878220227e-01
5.730000000000e+00  1.419675603210e+01 -4.547907122481e+00 3.751577765868e+01 5.497521310004e-01
5.740000000000e+00  1.434658656338e+01 -4.332953351219e+00 3.775498902909e+01 8.568353528101e-01
5.750000000000e+00  1.450161829285e+01 -4.121831747569e+00 3.800269947240e+01 1.158139635018e+00
5.760000000000e+00  1.466176121626e+01 -3.914662159894e+00 3.825877358779e+01 1.453470146858e+00
5.770000000000e+00  1.482692262389e+01 -3.711562288880e+00 3.852307149424e+01 1.742635182324e+00
5.780000000000e+00  1.499700715038e+01 -3.512647625061e+00 3.879544890396e+01 2.025446261703e+00
5.790000000000e+00  1.517191682599e+01 -3.318031387601e+00 3.907575719817e+01 2.301718231485e+00
5.800000000000e+00  1.535155112912e+01 -3.127824464381e+00 3.936384350521e+01 2.571269362610e+00
5.810000000000e+00  1.553580704028e+01 -2.942135353402e+00 3.965955078092e+01 2.833921446985e+00
5.820000000000e+00  1.572457909727e+01 -2.761070105545e+00 3.996271789122e+01 3.089499892221e+00
5.830000000000e+00  1.591775945168e+01 -2.584732268713e+00 4.027317969698e+01 3.337833814543e+00
5.840000000000e+00  1.611523792662e+01 -2.413222833385e+00 4.059076714091e+01 3.578756129816e+00
5.850000000000e+00  1.631690207566e+01 -2.246640179598e+00 4.091530733663e+01 3.812103642634e+00
5.860000000000e+00  1.652263724291e+01 -2.085080025391e+00 4.124662365978e+01 4.037717133428e+00
5.870000000000e+00  1.673232662431e+01 -1.928635376735e+00 4.158453584113e+01 4.255441443534e+00
5.880000000000e+00  1.694585133000e+01 -1.777396478963e+00 4.192886006163e+01 4.465125558184e+00
5.890000000000e+00  1.716309044777e+01 -1.631450769730e+00 4.227940904942e+01 4.666622687363e+00
5.900000000000e+00  1.738392110753e+01 -1.490882833526e+00 4.263599217861e+01 4.859790344482e+00
5.910000000000e+00  1.760821854688e+01 -1.355774357748e+00 4.299841556996e+01 5.044490422839e+00
5.920000000000e+00  1.783585617756e+01 -1.226204090367e+00 4.336648219322e+01 5.220589269797e+00
5.930000000000e+00  1.806670565288e+01 -1.102247799195e+00 4.373999197121e+01 5.387957758661e+00
5.940000000000e+00  1.830063693610e+01 -9.839782327802e-01 4.411874188554e+01 5.546471358194e+00
5.950000000000e+00  1.853751836959e+01 -8.714650829376e-01 4.450252608392e+01 5.696010199736e+00
5.960000000000e+00  1.877721674495e+01 -7.647749489325e-01 4.489113598891e+01 5.836459141892e+00
5.970000000000e+00  1.901959737380e+01 -6.639713033372e-01 4.528436040829e+01 5.967707832739e+00
5.980000000000e+00  1.926452415941e+01 -5.691144595685e-01 4.568198564670e+01 6.089650769528e+00
5.990000000000e+00  1.951185966908e+01 -4.802615411215e-01 4.608379561866e+01 6.202187355831e+00
6.000000000000e+00  1.976146520710e+01 -3.974664525116e-01 4.648957196297e+01 6.305221956108e+00
6.010000000000e+00  2.001320088847e+01 -3.207798519370e-01 4.689909415816e+01 6.398663947668e+00
6.020000000000e+00  2.026692571317e+01 -2.502491256706e-01 4.731213963932e+01 6.482427769965e+00
6.030000000000e+00  2.052249764103e+01 -1.859183641927e-01 4.772848391579e+01 6.556432971238e+00
6.040000000000e+00  2.077977366712e+01 -1.278283400731e-01 4.814790069014e+01 6.620604252434e+00
6.050000000000e+00  2.103860989762e+01 -7.601648761085e-02 4.857016197789e+01 6.674871508402e+00
6.060000000000e+00  2.129886162618e+01 -3.051688423861e-02 4.899503822832e+01 6.719169866332e+00
6.070000000000e+00  2.156038341070e+01 8.639766299918e-03 4.942229844604e+01 6.753439721419e+00
6.080000000000e+00  2.182302915039e+01 4.142614899540e-02 4.985171031332e+01 6.777626769715e+00
6.090000000000e+00  2.208665216333e+01 6.781835083460e-02 5.028304031323e+01 6.791682038169e+00
6.100000000000e+00  2.235110526414e+01 8.779587227452e-02 5.071605385332e+01 6.795561911824e+00
6.110000000000e+00  2.261624084208e+01 1.013416369251e-01 5.115051538994e+01 6.789228158153e+00
6.120000000000e+00  2.288191093923e+01 1.084419994373e-01 5.158618855308e+01 6.772647948530e+00
6.130000000000e+00  2.314796732887e+01 1.090867515953e-01 5.202283627165e+01 6.745793876812e+00
6.140000000000e+00  2.341426159410e+01 1.032691266101e-01 5.246022089912e+01 6.708643975022e+00
6.150000000000e+00  2.368064520637e+01 9.098580161509e-02 5.289810433952e+01 6.661181726131e+00
6.160000000000e+00  2.394696960422e+01 7.223689836315e-02 5.333624817363e+01 6.603396073916e+00
6.170000000000e+00  2.421308627192e+01 4.702598212688e-02 5.377441378540e+01 6.535281429905e+00
6.180000000000e+00  2.447884681817e+01 1.536005880299e-02 5.421236248846e+01 6.456837677390e+00
6.190000000000e+00  2.474410305461e+01 -2.275042977589e-02 5.464985565269e+01 6.368070172509e+00
6.200000000000e+00  2.500870707437e+01 -6.729161231888e-02 5.508665483072e+01 6.268989742401e+00
6.210000000000e+00  2.527251133029e+01 -1.182461963396e-01 5.552252188444e+01 6.159612680425e+00
6.220000000000e+00  2.553536871309e+01 -1.755934781992e-01 5.595721911119e+01 6.039960738453e+00
6.230000000000e+00  2.579713262923e+01 -2.393093549234e-01 5.639050936994e+01 5.910061116233e+00
6.240000000000e+00  2.605765707850e+01 -3.093663377873e-01 5.682215620695e+01 5.769946447837e+00
6.250000000000e+00  2.631679673131e+01 -3.857335676600e-01 5.725192398124e+01 5.619654785188e+00
6.260000000000e+00  2.657440700557e+01 -4.683768321010e-01 5.767957798956e+01 5.459229578687e+00
6.270000000000e+00  2.683034414326e+01 -5.572585841992e-01 5.810488459088e+01 5.288719654944e+00
6.280000000000e+00  2.708446528650e+01 -6.523379631441e-01 5.852761133032e+01 5.108179191622e+00
6.290000000000e+00  2.733662855310e+01 -7.535708165188e-01 5.894752706243e+01 4.917667689415e+00
6.300000000000e+00  2.758669311171e+01 -8.609097243026e-01 5.936440207382e+01 4.717249941166e+00
6.310000000000e+00  2.783451925629e+01 -9.743040245717e-01 5.977800820505e+01 4.506995998154e+00
6.320000000000e+00  2.807996848005e+01 -1.093699840883e+00 6.018811897158e+01 4.286981133551e+00
6.330000000000e+00  2.832290354875e+01 -1.219040111328e+00 6.059450968398e+01 4.057285803086e+00
6.340000000000e+00  2.856318857329e+01 -1.350264619241e+00 6.099695756713e+01 3.817995602927e+00
6.350000000000e+00  2.880068908162e+01 -1.487310025550e+00 6.139524187835e+01 3.569201224799e+00
6.360000000000e+00  2.903527208988e+01 -1.630109902743e+00 6.178914402454e+01 3.310998408386e+00
6.370000000000e+00  2.926680617277e+01 -1.778594770442e+00 6.217844767817e+01 3.043487891005e+00
6.380000000000e+00  2.949516153308e+01 -1.932692132569e+00 6.256293889199e+01 2.766775354618e+00
6.390000000000e+00  2.972021007034e+01 -2.092326516070e+00 6.294240621256e+01 2.480971370186e+00
6.400000000000e+00  2.994182544862e+01 -2.257419511192e+00 6.331664079246e+01 2.186191339395e+00
6.410000000000e+00  3.015988316335e+01 -2.427889813284e+00 6.368543650104e+01 1.882555433808e+00
6.420000000000e+00  3.037426060719e+01 -2.603653266108e+00 6.404859003381e+01 1.570188531444e+00
6.430000000000e+00  3.058483713491e+01 -2.784622906625e+00 6.440590102030e+01 1.249220150846e+00
6.440000000000e+00  3.079149412718e+01 -2.970709011243e+00 6.475717213034e+01 9.197843826588e-01
6.450000000000e+00  3.099411505337e+01 -3.161819143511e+00 6.510220917879e+01 5.820198187524e-01
6.460000000000e+00  3.119258553314e+01 -3.357858203203e+00 6.544082122854e+01 2.360694789399e-01
6.470000000000e+00  3.138679339703e+01 -3.558728476812e+00 6.577282069179e+01 -1.179192646800e-01
6.480000000000e+00  3.157662874572e+01 -3.764329689385e+00 6.609802342963e+01 -4.797947657119e-01
6.490000000000e+00  3.176198400822e+01 -3.974559057698e+00 6.641624884968e+01 -8.494011837417e-01
6.500000000000e+00  3.194275399876e+01 -4.189311344738e+00 6.672732000192e+01 -1.226578566861e+00
6.510000000000e+00  3.211883597245e+01 -4.408478915463e+00 6.703106367260e+01 -1.611162936394e+00
6.520000000000e+00  3.229012967962e+01 -4.631951793799e+00 6.732731047606e+01 -2.002986373780e+00
6.530000000000e+00  3.245653741887e+01 -4.859617720873e+00 6.761589494470e+01 -2.401877109567e+00
6.540000000000e+00  3.261796408874e+01 -5.091362214421e+00 6.789665561668e+01 -2.807659614465e+00
6.550000000000e+00  3.277431723807e+01 -5.327068629356e+00 6.816943512163e+01 -3.220154692416e+00
6.560000000000e+00  3.292550711484e+01 -5.566618219470e+00 6.843408026411e+01 -3.639179575623e+00
6.570000000000e+00  3.307144671370e+01 -5.809890200218e+00 6.869044210492e+01 -4.064548021496e+00
6.580000000000e+00  3.321205182203e+01 -6.056761812573e+00 6.893837604010e+01 -4.496070411452e+00
6.590000000000e+00  3.334724106441e+01 -6.307108387901e+00 6.917774187764e+01 -4.933553851533e+00
6.600000000000e+00  3.347693594575e+01 -6.560803413839e+00 6.940840391185e+01 -5.376802274762e+00
6.610000000000e+00  3.360106089280e+01 -6.817718601123e+00 6.963023099540e+01 -5.825616545214e+00
6.620000000000e+00  3.371954329413e+01 -7.077723951348e+00 6.984309660885e+01 -6.279794563720e+00
6.630000000000e+00  3.383231353853e+01 -7.340687825616e+00 7.004687892778e+01 -6.739131375158e+00
6.640000000000e+00  3.393930505188e+01 -7.606477014033e+00 7.024146088744e+01 -7.203419277282e+00
6.650000000000e+00  3.404045433237e+01 -7.874956806029e+00 7.042673024484e+01 -7.672447931009e+00
6.660000000000e+00  3.413570098408e+01 -8.145991061456e+00 7.060257963831e+01 -8.146004472131e+00
6.670000000000e+00  3.422498774895e+01 -8.419442282428e+00 7.076890664441e+01 -8.623873624370e+00
6.680000000000e+00  3.430826053709e+01 -8.695171685866e+00 7.092561383235e+01 -9.105837813730e+00
6.690000000000e+00  3.438546845540e+01 -8.973039276715e+00 7.107260881561e+01 -9.591677284081e+00
6.700000000000e+00  3.445656383450e+01 -9.252903921784e+00 7.120980430094e+01 -1.008117021391e+01
6.710000000000e+00  3.452150225394e+01 -9.534623424178e+00 7.133711813476e+01 -1.057409283418e+01
6.720000000000e+00  3.458024256577e+01 -9.818054598285e+00 7.145447334661e+01 -1.107021954723e+01
6.730000000000e+00  3.463274691625e+01 -1.010305334527e+01 7.156179819012e+01 -1.156932304668e+01
6.740000000000e+00  3.467898076592e+01 -1.038947472904e+01 7.165902618094e+01 -1.207117443820e+01
6.750000000000e+00  3.471891290791e+01 -1.067717305265e+01 7.174609613210e+01 -1.257554336120e+01
6.760000000000e+00  3.475251548442e+01 -1.096600193510e+01 7.182295218643e+01 -1.308219811127e+01
6.770000000000e+00  3.477976400148e+01 -1.125581438843e+01 7.188954384619e+01 -1.359090576330e+01
6.780000000000e+00  3.480063734195e+01 -1.154646289527e+01 7.194582599986e+01 -1.410143229537e+01
6.790000000000e+00  3.481511777668e+01 -1.183779948646e+01 7.199175894607e+01 -1.461354271315e+01
6.800000000000e+00  3.482319097391e+01 -1.212967581907e+01 7.202730841463e+01 -1.512700117482e+01
6.810000000000e+00  3.482484600686e+01 -1.242194325451e+01 7.205244558477e+01 -1.564157111647e+01
6.820000000000e+00  3.482007535958e+01 -1.271445293684e+01 7.206714710034e+01 -1.615701537793e+01
6.830000000000e+00  3.480887493084e+01 -1.300705587116e+01 7.207139508225e+01 -1.667309632885e+01
6.840000000000e+00  3.479124403644e+01 -1.329960300202e+01 7.206517713797e+01 -1.718957599514e+01
6.850000000000e+00  3.476718540947e+01 -1.359194529198e+01 7.204848636800e+01 -1.770621618543e+01
6.860000000000e+00  3.473670519899e+01 -1.388393380002e+01 7.202132136965e+01 -1.822277861790e+01
6.870000000000e+00  3.469981296673e+01 -1.417541975995e+01 7.198368623767e+01 -1.873902504691e+01
6.880000000000e+00  3.465652168205e+01 -1.446625465870e+01 7.193559056214e+01 -1.925471738983e+01
6.890000000000e+00  3.460684771514e+01 -1.475629031452e+01 7.187704942333e+01 -1.976961785365e+01
6.900000000000e+00  3.455081082837e+01 -1.504537895491e+01 7.180808338372e+01 -2.028348906151e+01
6.910000000000e+00  3.448843416581e+01 -1.533337329437e+01 7.172871847708e+01 -2.079609417902e+01
6.920000000000e+00  3.441974424108e+01 -1.562012661192e+01 7.163898619462e+01 -2.130719704028e+01
6.930000000000e+00  3.434477092328e+01 -1.590549282823e+01 7.153892346832e+01 -2.181656227356e+01
6.940000000000e+00  3.426354742127e+01 -1.618932658249e+01 7.142857265129e+01 -2.232395542655e+01
6.950000000000e+00  3.417611026608e+01 -1.647148330880e+01 7.130798149531e+01 -2.282914309117e+01
6.960000000000e+00  3.408249929162e+01 -1.675181931222e+01 7.117720312550e+01 -2.333189302782e+01
6.970000000000e+00  3.398275761366e+01 -1.703019184429e+01 7.103629601207e+01 -2.383197428898e+01
6.980000000000e+00  3.387693160701e+01 -1.730645917806e+01 7.088532393936e+01 -2.432915734220e+01
6.990000000000e+00  3.376507088103e+01 -1.758048068258e+01 7.072435597196e+01 -2.482321419227e+01
7.000000000000e+00  3.364722825340e+01 -1.785211689680e+01 7.055346641802e+01 -2.531391850268e+01
7.010000000000e+00  3.352345972225e+01 -1.812122960281e+01 7.037273478990e+01 -2.580104571608e+01
7.020000000000e+00  3.339382443649e+01 -1.838768189848e+01 7.018224576190e+01 -2.628437317397e+01
7.030000000000e+00  3.325838466461e+01 -1.865133826931e+01 6.998208912535e+01 -2.676368023520e+01
7.040000000000e+00  3.311720576174e+01 -1.891206465962e+01 6.977235974097e+01 -2.723874839358e+01
7.050000000000e+00  3.297035613513e+01 -1.916972854293e+01 6.955315748854e+01 -2.770936139426e+01
7.060000000000e+00  3.281790720795e+01 -1.942419899146e+01 6.932458721385e+01 -2.817530534895e+01
7.070000000000e+00  3.265993338159e+01 -1.967534674490e+01 6.908675867312e+01 -2.863636884992e+01
7.080000000000e+00  3.249651199630e+01 -1.992304427820e+01 6.883978647472e+01 -2.909234308266e+01
7.090000000000e+00  3.232772329031e+01 -2.016716586842e+01 6.858379001837e+01 -2.954302193716e+01
7.100000000000e+00  3.215365035744e+01 -2.040758766072e+01 6.831889343175e+01 -2.998820211784e+01
7.110000000000e+00  3.197437910316e+01 -2.064418773324e+01 6.804522550467e+01 -3.042768325187e+01
7.120000000000e+00  3.178999819917e+01 -2.087684616101e+01 6.776291962070e+01 -3.086126799609e+01
7.130000000000e+00  3.160059903658e+01 -2.110544507880e+01 6.747211368639e+01 -3.128876214220e+01
7.140000000000e+00  3.140627567754e+01 -2.132986874284e+01 6.717295005811e+01 -3.170997472038e+01
7.150000000000e+00  3.120712480556e+01 -2.155000359144e+01 6.686557546646e+01 -3.212471810117e+01
7.160000000000e+00  3.100324567438e+01 -2.176573830444e+01 6.655014093846e+01 -3.253280809559e+01
7.170000000000e+00  3.079474005553e+01 -2.197696386143e+01 6.622680171736e+01 -3.293406405342e+01
7.180000000000e+00  3.058171218454e+01 -2.218357359882e+01 6.589571718027e+01 -3.332830895966e+01
7.190000000000e+00  3.036426870580e+01 -2.238546326559e+01 6.555705075359e+01 -3.371536952900e+01
7.200000000000e+00  3.014251861623e+01 -2.258253107781e+01 6.521096982628e+01 -3.409507629840e+01
7.210000000000e+00  2.991657320767e+01 -2.277467777179e+01 6.485764566103e+01 -3.446726371755e+01
7.220000000000e+00  2.968654600802e+01 -2.296180665593e+01 6.449725330335e+01 -3.483177023738e+01
7.230000000000e+00  2.945255272127e+01 -2.314382366122e+01 6.412997148871e+01 -3.518843839632e+01
7.240000000000e+00  2.921471116634e+01 -2.332063739029e+01 6.375598254766e+01 -3.553711490450e+01
7.250000000000e+00  2.897314121478e+01 -2.349215916510e+01 6.337547230908e+01 -3.587765072572e+01
7.260000000000e+00  2.872796472743e+01 -2.365830307314e+01 6.298863000154e+01 -3.620990115711e+01
7.270000000000e+00  2.847930549005e+01 -2.381898601221e+01 6.259564815292e+01 -3.653372590660e+01
7.280000000000e+00  2.822728914782e+01 -2.397412773364e+01 6.219672248815e+01 -3.684898916792e+01
7.290000000000e+00  2.797204313900e+01 -2.412365088410e+01 6.179205182544e+01 -3.715555969336e+01
7.300000000000e+00  2.771369662755e+01 -2.426748104576e+01 6.138183797066e+01 -3.745331086404e+01
7.310000000000e+00  2.745238043488e+01 -2.440554677500e+01 6.096628561029e+01 -3.774212075771e+01
7.320000000000e+00  2.718822697070e+01 -2.453777963943e+01 6.054560220277e+01 -3.802187221411e+01
7.330000000000e+00  2.692137016306e+01 -2.466411425347e+01 6.011999786842e+01 -3.829245289778e+01
7.340000000000e+00  2.665194538758e+01 -2.478448831215e+01 5.968968527784e+01 -3.855375535834e+01
7.350000000000e+00  2.638008939587e+01 -2.489884262341e+01 5.925487953911e+01 -3.880567708809e+01
7.360000000000e+00  2.610594024333e+01 -2.500712113867e+01 5.881579808357e+01 -3.904812057711e+01
7.370000000000e+00  2.582963721617e+01 -2.510927098182e+01 5.837266055044e+01 -3.928099336561e+01
7.380000000000e+00  2.555132075780e+01 -2.520524247645e+01 5.792568867019e+01 -3.950420809364e+01
7.390000000000e+00  2.527113239463e+01 -2.529498917145e+01 5.747510614690e+01 -3.971768254811e+01
7.400000000000e+00  2.498921466132e+01 -2.537846786488e+01 5.702113853947e+01 -3.992133970699e+01
7.410000000000e+00  2.470571102546e+01 -2.545563862615e+01 5.656401314189e+01 -4.011510778085e+01
7.420000000000e+00  2.442076581173e+01 -2.552646481648e+01 5.610395886261e+01 -4.029892025157e+01
7.430000000000e+00  2.413452412574e+01 -2.559091310757e+01 5.564120610298e+01 -4.047271590823e+01
7.440000000000e+00  2.384713177732e+01 -2.564895349863e+01 5.517598663499e+01 -4.063643888019e+01
7.450000000000e+00  2.355873520349e+01 -2.570055933155e+01 5.470853347815e+01 -4.079003866734e+01
7.460000000000e+00  2.326948139115e+01 -2.574570730444e+01 5.423908077584e+01 -4.093347016747e+01
7.470000000000e+00  2.297951779942e+01 -2.578437748325e+01 5.376786367097e+01 -4.106669370075e+01
7.480000000000e+00  2.268899228178e+01 -2.581655331181e+01 5.329511818113e+01 -4.118967503133e+01
7.490000000000e+00  2.239805300795e+01 -2.584222161996e+01 5.282108107329e+01 -4.130238538606e+01
7.500000000000e+00  2.210684838568e+01 -2.586137262996e+01 5.234598973805e+01 -4.140480147021e+01
7.510000000000e+00  2.181552698239e+01 -2.587399996116e+01 5.187008206362e+01 -4.149690548036e+01
7.520000000000e+00  2.152423744669e+01 -2.588010063283e+01 5.139359630944e+01 -4.157868511429e+01
7.530000000000e+00  2.123312842994e+01 -2.587967506529e+01 5.091677097971e+01 -4.165013357792e+01
7.540000000000e+00  2.094234850776e+01 -2.587272707921e+01 5.043984469666e+01 -4.171124958935e+01
7.550000000000e+00  2.065204610160e+01 -2.585926389320e+01 4.996305607386e+01 -4.176203737986e+01
7.560000000000e+00  2.036236940041e+01 -2.583929611961e+01 4.948664358947e+01 -4.180250669204e+01
7.570000000000e+00  2.007346628247e+01 -2.581283775854e+01 4.901084545953e+01 -4.183267277488e+01
7.580000000000e+00  1.978548423728e+01 -2.577990619018e+01 4.853589951144e+01 -4.185255637596e+01
7.590000000000e+00  1.949857028784e+01 -2.574052216535e+01 4.806204305759e+01 -4.186218373063e+01
7.600000000000e+00  1.921287091301e+01 -2.569470979430e+01 4.758951276932e+01 -4.186158654827e+01
7.610000000000e+00  1.892853197031e+01 -2.564249653380e+01 4.711854455108e+01 -4.185080199555e+01
7.620000000000e+00  1.864569861896e+01 -2.558391317254e+01 4.664937341514e+01 -4.182987267678e+01
7.630000000000e+00  1.836451524338e+01 -2.551899381480e+01 4.618223335664e+01 -4.179884661131e+01
7.640000000000e+00  1.808512537704e+01 -2.544777586238e+01 4.571735722925e+01 -4.175777720798e+01
7.650000000000e+00  1.780767162683e+01 -2.537029999496e+01 4.525497662136e+01 -4.170672323664e+01
7.660000000000e+00  1.753229559791e+01 -2.528661014871e+01 4.479532173296e+01 -4.164574879681e+01
7.670000000000e+00  1.725913781911e+01 -2.519675349328e+01 4.433862125324e+01 -4.157492328334e+01
7.680000000000e+00  1.698833766891e+01 -2.510078040715e+01 4.388510223897e+01 -4.149432134930e+01
7.690000000000e+00  1.672003330204e+01 -2.499874445135e+01 4.343498999374e+01 -4.140402286591e+01
7.700000000000e+00  1.645436157680e+01 -2.489070234166e+01 4.298850794806e+01 -4.130411287966e+01
7.710000000000e+00  1.619145798299e+01 -2.477671391908e+01 4.254587754052e+01 -4.119468156657e+01
7.720000000000e+00  1.593145657066e+01 -2.465684211894e+01 4.210731809995e+01 -4.107582418367e+01
7.730000000000e+00  1.567448987961e+01 -2.453115293825e+01 4.167304672859e+01 -4.094764101762e+01
7.740000000000e+00  1.542068886975e+01 -2.439971540175e+01 4.124327818662e+01 -4.081023733066e+01
7.750000000000e+00  1.517018285223e+01 -2.426260152628e+01 4.081822477768e+01 -4.066372330370e+01
7.760000000000e+00  1.492309942159e+01 -2.411988628384e+01 4.039809623583e+01 -4.050821397680e+01
7.770000000000e+00  1.467956438873e+01 -2.397164756303e+01 3.998309961380e+01 -4.034382918684e+01
7.780000000000e+00  1.443970171495e+01 -2.381796612924e+01 3.957343917259e+01 -4.017069350264e+01
7.790000000000e+00  1.420363344689e+01 -2.365892558332e+01 3.916931627261e+01 -3.998893615739e+01
7.800000000000e+00  1.397147965264e+01 -2.349461231893e+01 3.877092926623e+01 -3.979869097844e+01
7.810000000000e+00  1.374335835879e+01 -2.332511547852e+01 3.837847339198e+01 -3.960009631462e+01
7.820000000000e+00  1.351938548871e+01 -2.315052690800e+01 3.799214067033e+01 -3.939329496095e+01
7.830000000000e+00  1.329967480193e+01 -2.297094111012e+01 3.761211980114e+01 -3.917843408090e+01
7.840000000000e+00  1.308433783465e+01 -2.278645519658e+01 3.723859606285e+01 -3.895566512613e+01
7.850000000000e+00  1.287348384156e+01 -2.259716883888e+01 3.687175121343e+01 -3.872514375391e+01
7.860000000000e+00  1.266721973882e+01 -2.240318421799e+01 3.651176339322e+01 -3.848702974211e+01
7.870000000000e+00  1.246565004836e+01 -2.220460597284e+01 3.615880702954e+01 -3.824148690182e+01
7.880000000000e+00  1.226887684350e+01 -2.200154114759e+01 3.581305274337e+01 -3.798868298780e+01
7.890000000000e+00  1.207699969580e+01 -2.179409913787e+01 3.547466725788e+01 -3.772878960657e+01
7.900000000000e+00  1.189011562345e+01 -2.158239163580e+01 3.514381330909e+01 -3.746198212241e+01
7.910000000000e+00  1.170831904088e+01 -2.136653257410e+01 3.482064955852e+01 -3.718843956117e+01
7.920000000000e+00  1.153170170988e+01 -2.114663806896e+01 3.450533050804e+01 -3.690834451199e+01
7.930000000000e+00  1.136035269216e+01 -2.092282636208e+01 3.419800641684e+01 -3.662188302705e+01
7.940000000000e+00  1.119435830333e+01 -2.069521776155e+01 3.389882322061e+01 -3.632924451930e+01
7.950000000000e+00  1.103380206844e+01 -2.046393458193e+01 3.360792245297e+01 -3.603062165828e+01
7.960000000000e+00  1.087876467897e+01 -2.022910108323e+01 3.332544116926e+01 -3.572621026410e+01
7.970000000000e+00  1.072932395140e+01 -1.999084340913e+01 3.305151187257e+01 -3.541620919966e+01
7.980000000000e+00  1.058555478732e+01 -1.974928952419e+01 3.278626244221e+01 -3.510082026107e+01
7.990000000000e+00  1.044752913511e+01 -1.950456915028e+01 3.252981606462e+01 -3.478024806651e+01
8.000000000000e+00  1.031531595323e+01 -1.925681370212e+01 3.228229116666e+01 -3.445469994341e+01
8.010000000000e+00  1.018898117511e+01 -1.900615622206e+01 3.204380135148e+01 -3.412438581417e+01
8.020000000000e+00  1.006858767566e+01 -1.875273131398e+01 3.181445533684e+01 -3.378951808043e+01
8.030000000000e+00  9.954195239444e+00 -1.849667507655e+01 3.159435689611e+01 -3.345031150592e+01
8.040000000000e+00  9.845860530453e+00 -1.823812503559e+01 3.138360480177e+01 -3.310698309809e+01
8.050000000000e+00  9.743637063614e+00 -1.797722007584e+01 3.118229277159e+01 -3.275975198845e+01
8.060000000000e+00  9.647575177909e+00 -1.771410037195e+01 3.099050941751e+01 -3.240883931182e+01
8.070000000000e+00  9.557722011209e+00 -1.744890731878e+01 3.080833819722e+01 -3.205446808448e+01
8.080000000000e+00  9.474121476778e+00 -1.718178346107e+01 3.063585736841e+01 -3.169686308140e+01
8.090000000000e+00  9.396814241483e+00 -1.691287242246e+01 3.047313994592e+01 -3.133625071251e+01
8.100000000000e+00  9.325837705689e+00 -1.664231883383e+01 3.032025366157e+01 -3.097285889819e+01
8.110000000000e+00  9.261225984862e+00 -1.637026826107e+01 3.017726092688e+01 -3.060691694407e+01
8.120000000000e+00  9.203009892866e+00 -1.609686713232e+01 3.004421879869e+01 -3.023865541514e+01
8.130000000000e+00  9.151216926963e+00 -1.582226266446e+01 2.992117894756e+01 -2.986830600931e+01
8.140000000000e+00  9.105871254513e+00 -1.554660278928e+01 2.980818762915e+01 -2.949610143056e+01
8.150000000000e+00  9.066993701365e+00 -1.527003607890e+01 2.970528565858e+01 -2.912227526163e+01
8.160000000000e+00  9.034601741943e+00 -1.499271167086e+01 2.961250838765e+01 -2.874706183649e+01
8.170000000000e+00  9.008709491018e+00 -1.471477919253e+01 2.952988568515e+01 -2.837069611257e+01
8.180000000000e+00  8.989327697160e+00 -1.443638868527e+01 2.945744192006e+01 -2.799341354287e+01
8.190000000000e+00  8.976463737863e+00 -1.415769052793e+01 2.939519594790e+01 -2.761544994804e+01
8.200000000000e+00  8.970121616340e+00 -1.387883536005e+01 2.934316110002e+01 -2.723704138851e+01
8.210000000000e+00  8.970301959962e+00 -1.359997400468e+01 2.930134517603e+01 -2.685842403677e+01
8.220000000000e+00  8.977002020366e+00 -1.332125739069e+01 2.926975043923e+01 -2.647983404982e+01
8.230000000000e+00  8.990215675177e+00 -1.304283647494e+01 2.924837361515e+01 -2.610150744196e+01
8.240000000000e+00  9.009933431377e+00 -1.276486216394e+01 2.923720589324e+01 -2.572367995792e+01
8.250000000000e+00  9.036142430279e+00 -1.248748523538e+01 2.923623293157e+01 -2.534658694643e+01
8.260000000000e+00  9.068826454116e+00 -1.221085625937e+01 2.924543486472e+01 -2.497046323438e+01
8.270000000000e+00  9.107965934217e+00 -1.193512551941e+01 2.926478631470e+01 -2.459554300146e+01
8.280000000000e+00  9.153537960778e+00 -1.166044293333e+01 2.929425640507e+01 -2.422205965553e+01
8.290000000000e+00  9.205516294201e+00 -1.138695797398e+01 2.933380877811e+01 -2.385024570874e+01
8.300000000000e+00  9.263871378001e+00 -1.111481958993e+01 2.938340161511e+01 -2.348033265434e+01
8.310000000000e+00  9.328570353265e+00 -1.084417612605e+01 2.944298765974e+01 -2.311255084448e+01
8.320000000000e+00  9.399577074660e+00 -1.057517524421e+01 2.951251424457e+01 -2.274712936875e+01
8.330000000000e+00  9.476852127975e+00 -1.030796384399e+01 2.959192332057e+01 -2.238429593385e+01
8.340000000000e+00  9.560352849190e+00 -1.004268798346e+01 2.968115148973e+01 -2.202427674417e+01
8.350000000000e+00  9.650033345069e+00 -9.779492800268e+00 2.978013004070e+01 -2.166729638346e+01
8.360000000000e+00  9.745844515258e+00 -9.518522432824e+00 2.988878498746e+01 -2.131357769762e+01
8.370000000000e+00  9.847734075897e+00 -9.259919941853e+00 3.000703711092e+01 -2.096334167870e+01
8.380000000000e+00  9.955646584727e+00 -9.003827232270e+00 3.013480200358e+01 -2.061680734999e+01
8.390000000000e+00  1.006952346769e+01 -8.750384975471e+00 3.027199011702e+01 -2.027419165250e+01
8.400000000000e+00  1.018930304701e+01 -8.499732532084e+00 3.041850681235e+01 -1.993570933258e+01
8.410000000000e+00  1.031492057078e+01 -8.252007875264e+00 3.057425241350e+01 -1.960157283100e+01
8.420000000000e+00  1.044630824401e+01 -8.007347514575e+00 3.073912226333e+01 -1.927199217329e+01
8.430000000000e+00  1.058339526112e+01 -7.765886420528e+00 3.091300678249e+01 -1.894717486156e+01
8.440000000000e+00  1.072610783999e+01 -7.527757949839e+00 3.109579153109e+01 -1.862732576769e+01
8.450000000000e+00  1.087436925735e+01 -7.293093771469e+00 3.128735727299e+01 -1.831264702802e+01
8.460000000000e+00  1.102809988574e+01 -7.062023793496e+00 3.148758004275e+01 -1.800333793955e+01
8.470000000000e+00  1.118721723189e+01 -6.834676090900e+00 3.169633121517e+01 -1.769959485764e+01
8.480000000000e+00  1.135163597649e+01 -6.611176834296e+00 3.191347757738e+01 -1.740161109536e+01
8.490000000000e+00  1.152126801550e+01 -6.391650219695e+00 3.213888140339e+01 -1.710957682434e+01
8.500000000000e+00  1.169602250284e+01 -6.176218399325e+00 3.237240053113e+01 -1.682367897732e+01
8.510000000000e+00  1.187580589453e+01 -5.965001413595e+00 3.261388844176e+01 -1.654410115239e+01
8.520000000000e+00  1.206052199419e+01 -5.758117124226e+00 3.286319434140e+01 -1.627102351886e+01
8.530000000000e+00  1.225007200009e+01 -5.555681148616e+00 3.312016324507e+01 -1.600462272498e+01
8.540000000000e+00  1.244435455346e+01 -5.357806795492e+00 3.338463606283e+01 -1.574507180731e+01
8.550000000000e+00  1.264326578824e+01 -5.164605001878e+00 3.365644968807e+01 -1.549254010202e+01
8.560000000000e+00  1.284669938224e+01 -4.976184271432e+00 3.393543708786e+01 -1.524719315794e+01
8.570000000000e+00  1.305454660965e+01 -4.792650614206e+00 3.422142739539e+01 -1.500919265158e+01
8.580000000000e+00  1.326669639483e+01 -4.614107487844e+00 3.451424600425e+01 -1.477869630400e+01
8.590000000000e+00  1.348303536752e+01 -4.440655740279e+00 3.481371466472e+01 -1.455585779970e+01
8.600000000000e+00  1.370344791932e+01 -4.272393553948e+00 3.511965158184e+01 -1.434082670745e+01
8.610000000000e+00  1.392781626145e+01 -4.109416391566e+00 3.543187151525e+01 -1.413374840319e+01
8.620000000000e+00  1.415602048379e+01 -3.951816943491e+00 3.575018588077e+01 -1.393476399503e+01
8.630000000000e+00  1.438793861516e+01 -3.799685076702e+00 3.607440285363e+01 -1.374401025029e+01
8.640000000000e+00  1.462344668484e+01 -3.653107785424e+00 3.640432747329e+01 -1.356161952479e+01
8.650000000000e+00  1.486241878524e+01 -3.512169143421e+00 3.673976174973e+01 -1.338771969422e+01
8.660000000000e+00  1.510472713577e+01 -3.376950257983e+00 3.708050477135e+01 -1.322243408782e+01
8.670000000000e+00  1.535024214782e+01 -3.247529225619e+00 3.742635281409e+01 -1.306588142432e+01
8.680000000000e+00  1.559883249085e+01 -3.123981089497e+00 3.777709945208e+01 -1.291817575016e+01
8.690000000000e+00  1.585036515954e+01 -3.006377798620e+00 3.813253566947e+01 -1.277942638006e+01
8.700000000000e+00  1.610470554200e+01 -2.894788168782e+00 3.849244997347e+01 -1.264973783996e+01
8.710000000000e+00  1.636171748895e+01 -2.789277845296e+00 3.885662850865e+01 -1.252920981242e+01
8.720000000000e+00  1.662126338388e+01 -2.689909267529e+00 3.922485517226e+01 -1.241793708440e+01
8.730000000000e+00  1.688320421410e+01 -2.596741635239e+00 3.959691173064e+01 -1.231600949759e+01
8.740000000000e+00  1.714739964271e+01 -2.509830876735e+00 3.997257793660e+01 -1.222351190124e+01
8.750000000000e+00  1.741370808142e+01 -2.429229618867e+00 4.035163164770e+01 -1.214052410749e+01
8.760000000000e+00  1.768198676415e+01 -2.354987158854e+00 4.073384894546e+01 -1.206712084932e+01
8.770000000000e+00  1.795209182138e+01 -2.287149437964e+00 4.111900425532e+01 -1.200337174116e+01
8.780000000000e+00  1.822387835524e+01 -2.225759017047e+00 4.150687046733e+01 -1.194934124201e+01
8.790000000000e+00  1.849720051528e+01 -2.170855053926e+00 4.189721905761e+01 -1.190508862134e+01
8.800000000000e+00  1.877191157486e+01 -2.122473282658e+00 4.228982021032e+01 -1.187066792762e+01
8.810000000000e+00  1.904786400810e+01 -2.080645994670e+00 4.268444294029e+01 -1.184612795956e+01
8.820000000000e+00  1.932490956744e+01 -2.045402021760e+00 4.308085521608e+01 -1.183151224009e+01
8.830000000000e+00  1.960289936159e+01 -2.016766720986e+00 4.347882408357e+01 -1.182685899310e+01
8.840000000000e+00  1.988168393406e+01 -1.994761961429e+00 4.387811578981e+01 -1.183220112296e+01
8.850000000000e+00  2.016111334194e+01 -1.979406112841e+00 4.427849590730e+01 -1.184756619676e+01
8.860000000000e+00  2.044103723521e+01 -1.970714036179e+00 4.467972945849e+01 -1.187297642944e+01
8.870000000000e+00  2.072130493615e+01 -1.968697076012e+00 4.508158104046e+01 -1.190844867165e+01
8.880000000000e+00  2.100176551922e+01 -1.973363054820e+00 4.548381494976e+01 -1.195399440053e+01
8.890000000000e+00  2.128226789102e+01 -1.984716269172e+00 4.588619530735e+01 -1.200961971320e+01
8.900000000000e+00  2.156266087044e+01 -2.002757487780e+00 4.628848618348e+01 -1.207532532318e+01
8.910000000000e+00  2.184279326898e+01 -2.027483951434e+00 4.669045172261e+01 -1.215110655966e+01
8.920000000000e+00  2.212251397107e+01 -2.058889374806e+00 4.709185626817e+01 -1.223695336956e+01
8.930000000000e+00  2.240167201448e+01 -2.096963950126e+00 4.749246448716e+01 -1.233285032247e+01
8.940000000000e+00  2.268011667066e+01 -2.141694352724e+00 4.789204149456e+01 -1.243877661845e+01
8.950000000000e+00  2.295769752504e+01 -2.193063748425e+00 4.829035297737e+01 -1.255470609871e+01
8.960000000000e+00  2.323426455719e+01 -2.251051802807e+00 4.868716531836e+01 -1.268060725902e+01
8.970000000000e+00  2.350966822085e+01 -2.315634692291e+00 4.908224571937e+01 -1.281644326613e+01
8.980000000000e+00  2.378375952373e+01 -2.386785117083e+00 4.947536232418e+01 -1.296217197689e+01
8.990000000000e+00  2.405639010704e+01 -2.464472315938e+00 4.986628434077e+01 -1.311774596023e+01
9.000000000000e+00  2.432741232477e+01 -2.548662082744e+00 5.025478216305e+01 -1.328311252203e+01
9.010000000000e+00  2.459667932256e+01 -2.639316784924e+00 5.064062749190e+01 -1.345821373266e+01
9.020000000000e+00  2.486404511624e+01 -2.736395383626e+00 5.102359345544e+01 -1.364298645743e+01
9.030000000000e+00  2.512936466987e+01 -2.839853455716e+00 5.140345472864e+01 -1.383736238978e+01
9.040000000000e+00  2.539249397339e+01 -2.949643217534e+00 5.177998765197e+01 -1.404126808715e+01
9.050000000000e+00  2.565329011965e+01 -3.065713550418e+00 5.215297034917e+01 -1.425462500974e+01
9.060000000000e+00  2.591161138092e+01 -3.188010027983e+00 5.252218284414e+01 -1.447734956186e+01
9.070000000000e+00  2.616731728481e+01 -3.316474945120e+00 5.288740717669e+01 -1.470935313600e+01
9.080000000000e+00  2.642026868950e+01 -3.451047348731e+00 5.324842751732e+01 -1.495054215966e+01
9.090000000000e+00  2.667032785830e+01 -3.591663070153e+00 5.360503028073e+01 -1.520081814472e+01
9.100000000000e+00  2.691735853344e+01 -3.738254759273e+00 5.395700423829e+01 -1.546007773951e+01
9.110000000000e+00  2.716122600912e+01 -3.890751920309e+00 5.430414062911e+01 -1.572821278341e+01
9.120000000000e+00  2.740179720376e+01 -4.049080949243e+00 5.464623326990e+01 -1.600511036412e+01
9.130000000000e+00  2.763894073129e+01 -4.213165172878e+00 5.498307866340e+01 -1.629065287732e+01
9.140000000000e+00  2.787252697171e+01 -4.382924889505e+00 5.531447610539e+01 -1.658471808897e+01
9.150000000000e+00  2.810242814054e+01 -4.558277411160e+00 5.564022779028e+01 -1.688717920001e+01
9.160000000000e+00  2.832851835742e+01 -4.739137107446e+00 5.596013891508e+01 -1.719790491351e+01
9.170000000000e+00  2.855067371363e+01 -4.925415450891e+00 5.627401778183e+01 -1.751675950421e+01
9.180000000000e+00  2.876877233864e+01 -5.117021063837e+00 5.658167589837e+01 -1.784360289048e+01
9.190000000000e+00  2.898269446546e+01 -5.313859766813e+00 5.688292807743e+01 -1.817829070848e+01
9.200000000000e+00  2.919232249498e+01 -5.515834628383e+00 5.717759253397e+01 -1.852067438877e+01
9.210000000000e+00  2.939754105909e+01 -5.722846016437e+00 5.746549098072e+01 -1.887060123502e+01
9.220000000000e+00  2.959823708263e+01 -5.934791650897e+00 5.774644872184e+01 -1.922791450499e+01
9.230000000000e+00  2.979429984417e+01 -6.151566657816e+00 5.802029474476e+01 -1.959245349366e+01
9.240000000000e+00  2.998562103541e+01 -6.373063624838e+00 5.828686181000e+01 -1.996405361848e+01
9.250000000000e+00  3.017209481941e+01 -6.599172657984e+00 5.854598653901e+01 -2.034254650663e+01
9.260000000000e+00  3.035361788746e+01 -6.829781439756e+00 5.879750950007e+01 -2.072776008441e+01
9.270000000000e+00  3.053008951463e+01 -7.064775288494e+00 5.904127529192e+01 -2.111951866850e+01
9.280000000000e+00  3.070141161383e+01 -7.304037218997e+00 5.927713262547e+01 -2.151764305918e+01
9.290000000000e+00  3.086748878864e+01 -7.547448004335e+00 5.950493440317e+01 -2.192195063542e+01
9.300000000000e+00  3.102822838456e+01 -7.794886238850e+00 5.972453779630e+01 -2.233225545185e+01
9.310000000000e+00  3.118354053885e+01 -8.046228402302e+00 5.993580431989e+01 -2.274836833737e+01
9.320000000000e+00  3.133333822891e+01 -8.301348925123e+00 6.013859990548e+01 -2.317009699563e+01
9.330000000000e+00  3.147753731906e+01 -8.560120254751e+00 6.033279497139e+01 -2.359724610704e+01
9.340000000000e+00  3.161605660589e+01 -8.822412923008e+00 6.051826449079e+01 -2.402961743250e+01
9.350000000000e+00  3.174881786193e+01 -9.088095614483e+00 6.069488805724e+01 -2.446700991863e+01
9.360000000000e+00  3.187574587786e+01 -9.357035235891e+00 6.086254994785e+01 -2.490921980445e+01
9.370000000000e+00  3.199676850297e+01 -9.629096986363e+00 6.102113918398e+01 -2.535604072963e+01
9.380000000000e+00  3.211181668410e+01 -9.904144428640e+00 6.117054958938e+01 -2.580726384400e+01
9.390000000000e+00  3.222082450289e+01 -1.018203956113e+01 6.131067984585e+01 -2.626267791845e+01
9.400000000000e+00  3.232372921131e+01 -1.046264289077e+01 6.144143354633e+01 -2.672206945708e+01
9.410000000000e+00  3.242047126562e+01 -1.074581350671e+01 6.156271924535e+01 -2.718522281054e+01
9.420000000000e+00  3.251099435847e+01 -1.103140915472e+01 6.167445050692e+01 -2.765192029055e+01
9.430000000000e+00  3.259524544939e+01 -1.131928631228e+01 6.177654594975e+01 -2.812194228547e+01
9.440000000000e+00  3.267317479351e+01 -1.160930026441e+01 6.186892928980e+01 -2.859506737693e+01
9.450000000000e+00  3.274473596848e+01 -1.190130518004e+01 6.195152938015e+01 -2.907107245736e+01
9.460000000000e+00  3.280988589967e+01 -1.219515418907e+01 6.202428024814e+01 -2.954973284851e+01
9.470000000000e+00  3.286858488355e+01 -1.249069945984e+01 6.208712112979e+01 -3.003082242068e+01
9.480000000000e+00  3.292079660935e+01 -1.278779227729e+01 6.213999650148e+01 -3.051411371288e+01
9.490000000000e+00  3.296648817877e+01 -1.308628312138e+01 6.218285610882e+01 -3.099937805353e+01
9.500000000000e+00  3.300563012402e+01 -1.338602174613e+01 6.221565499282e+01 -3.148638568195e+01
9.510000000000e+00  3.303819642393e+01 -1.368685725889e+01 6.223835351316e+01 -3.197490587031e+01
9.520000000000e+00  3.306416451830e+01 -1.398863820003e+01 6.225091736873e+01 -3.246470704619e+01
9.530000000000e+00  3.308351532033e+01 -1.429121262294e+01 6.225331761531e+01 -3.295555691553e+01
9.540000000000e+00  3.309623322729e+01 -1.459442817421e+01 6.224553068045e+01 -3.344722258596e+01
9.550000000000e+00  3.310230612923e+01 -1.489813217413e+01 6.222753837545e+01 -3.393947069050e+01
9.560000000000e+00  3.310172541593e+01 -1.520217169725e+01 6.219932790461e+01 -3.443206751147e+01
9.570000000000e+00  3.309448598193e+01 -1.550639365318e+01 6.216089187150e+01 -3.492477910457e+01
9.580000000000e+00  3.308058622970e+01 -1.581064486737e+01 6.211222828244e+01 -3.541737142317e+01
9.590000000000e+00  3.306002807096e+01 -1.611477216205e+01 6.205334054717e+01 -3.590961044251e+01
9.600000000000e+00  3.303281692613e+01 -1.641862243705e+01 6.198423747656e+01 -3.640126228402e+01
9.610000000000e+00  3.299896172189e+01 -1.672204275066e+01 6.190493327756e+01 -3.689209333953e+01
9.620000000000e+00  3.295847488691e+01 -1.702488040040e+01 6.181544754524e+01 -3.738187039526e+01
9.630000000000e+00  3.291137234568e+01 -1.732698300364e+01 6.171580525202e+01 -3.787036075569e+01
9.640000000000e+00  3.285767351052e+01 -1.762819857804e+01 6.160603673400e+01 -3.835733236716e+01
9.650000000000e+00  3.279740127169e+01 -1.792837562182e+01 6.148617767456e+01 -3.884255394103e+01
9.660000000000e+00  3.273058198571e+01 -1.822736319375e+01 6.135626908500e+01 -3.932579507652e+01
9.670000000000e+00  3.265724546174e+01 -1.852501099284e+01 6.121635728247e+01 -3.980682638309e+01
9.680000000000e+00  3.257742494626e+01 -1.882116943769e+01 6.106649386504e+01 -4.028541960222e+01
9.690000000000e+00  3.249115710577e+01 -1.911568974549e+01 6.090673568401e+01 -4.076134772861e+01
9.700000000000e+00  3.239848200781e+01 -1.940842401057e+01 6.073714481341e+01 -4.123438513075e+01
9.710000000000e+00  3.229944310007e+01 -1.969922528246e+01 6.055778851676e+01 -4.170430767073e+01
9.720000000000e+00  3.219408718777e+01 -1.998794764355e+01 6.036873921105e+01 -4.217089282325e+01
9.730000000000e+00  3.208246440920e+01 -2.027444628602e+01 6.017007442811e+01 -4.263391979381e+01
9.740000000000e+00  3.196462820954e+01 -2.055857758841e+01 5.996187677308e+01 -4.309316963594e+01
9.750000000000e+00  3.184063531289e+01 -2.084019919136e+01 5.974423388039e+01 -4.354842536749e+01
9.760000000000e+00  3.171054569255e+01 -2.111917007281e+01 5.951723836696e+01 -4.399947208583e+01
9.770000000000e+00  3.157442253960e+01 -2.139535062244e+01 5.928098778280e+01 -4.444609708202e+01
9.780000000000e+00  3.143233222978e+01 -2.166860271536e+01 5.903558455903e+01 -4.488808995371e+01
9.790000000000e+00  3.128434428860e+01 -2.193878978506e+01 5.878113595327e+01 -4.532524271692e+01
9.800000000000e+00  3.113053135490e+01 -2.220577689545e+01 5.851775399250e+01 -4.575734991650e+01
9.810000000000e+00  3.097096914261e+01 -2.246943081216e+01 5.824555541338e+01 -4.618420873522e+01
9.820000000000e+00  3.080573640103e+01 -2.272962007281e+01 5.796466160016e+01 -4.660561910149e+01
9.830000000000e+00  3.063491487337e+01 -2.298621505640e+01 5.767519851997e+01 -4.702138379562e+01
9.840000000000e+00  3.045858925374e+01 -2.323908805180e+01 5.737729665587e+01 -4.743130855457e+01
9.850000000000e+00  3.027684714264e+01 -2.348811332505e+01 5.707109093736e+01 -4.783520217515e+01
9.860000000000e+00  3.008977900077e+01 -2.373316718581e+01 5.675672066865e+01 -4.823287661551e+01
9.870000000000e+00  2.989747810146e+01 -2.397412805259e+01 5.643432945454e+01 -4.862414709511e+01
9.880000000000e+00  2.970004048151e+01 -2.421087651691e+01 5.610406512403e+01 -4.900883219278e+01
9.890000000000e+00  2.949756489058e+01 -2.444329540633e+01 5.576607965179e+01 -4.938675394316e+01
9.900000000000e+00  2.929015273920e+01 -2.467126984627e+01 5.542052907729e+01 -4.975773793119e+01
9.910000000000e+00  2.907790804527e+01 -2.489468732061e+01 5.506757342190e+01 -5.012161338479e+01
9.920000000000e+00  2.886093737926e+01 -2.511343773106e+01 5.470737660383e+01 -5.047821326559e+01
9.930000000000e+00  2.863934980796e+01 -2.532741345526e+01 5.434010635098e+01 -5.082737435761e+01
9.940000000000e+00  2.841325683705e+01 -2.553650940349e+01 5.396593411188e+01 -5.116893735408e+01
9.950000000000e+00  2.818277235219e+01 -2.574062307417e+01 5.358503496454e+01 -5.150274694200e+01
9.960000000000e+00  2.794801255900e+01 -2.593965460788e+01 5.319758752345e+01 -5.182865188468e+01
9.970000000000e+00  2.770909592173e+01 -2.613350684000e+01 5.280377384470e+01 -5.214650510214e+01
9.980000000000e+00  2.746614310074e+01 -2.632208535201e+01 5.240377932928e+01 -5.245616374927e+01
9.990000000000e+00  2.721927688882e+01 -2.650529852118e+01 5.199779262456e+01 -5.275748929169e+01
1.000000000000e+01  2.696862214639e+01 -2.668305756893e+01 5.158600552416e+01 -5.305034757945e+01
1.001000000000e+01  2.671430573555e+01 -2.685527660760e+01 5.116861286604e+01 -5.333460891830e+01
1.002000000000e+01  2.645645645315e+01 -2.702187268570e+01 5.074581242908e+01 -5.361014813865e+01
1.003000000000e+01  2.619520496277e+01 -2.718276583162e+01 5.031780482802e+01 -5.387684466212e+01
1.004000000000e+01  2.593068372568e+01 -2.733787909576e+01 4.988479340694e+01 -5.413458256564e+01
1.005000000000e+01  2.566302693095e+01 -2.748713859105e+01 4.944698413134e+01 -5.438325064312e+01
1.006000000000e+01  2.539237042453e+01 -2.763047353183e+01 4.900458547872e+01 -5.462274246457e+01
1.007000000000e+01  2.511885163751e+01 -2.776781627117e+01 4.855780832798e+01 -5.485295643273e+01
1.008000000000e+01  2.484260951354e+01 -2.789910233638e+01 4.810686584739e+01 -5.507379583715e+01
1.009000000000e+01  2.456378443539e+01 -2.802427046298e+01 4.765197338151e+01 -5.528516890560e+01
1.010000000000e+01  2.428251815081e+01 -2.814326262692e+01 4.719334833684e+01 -5.548698885295e+01
1.011000000000e+01  2.399895369764e+01 -2.825602407503e+01 4.673121006642e+01 -5.567917392737e+01
1.012000000000e+01  2.371323532818e+01 -2.836250335383e+01 4.626577975342e+01 -5.586164745389e+01
1.013000000000e+01  2.342550843304e+01 -2.846265233651e+01 4.579728029377e+01 -5.603433787520e+01
1.014000000000e+01  2.313591946422e+01 -2.855642624822e+01 4.532593617780e+01 -5.619717878981e+01
1.015000000000e+01  2.284461585777e+01 -2.864378368950e+01 4.485197337119e+01 -5.635010898745e+01
1.016000000000e+01  2.255174595582e+01 -2.872468665802e+01 4.437561919499e+01 -5.649307248174e+01
1.017000000000e+01  2.225745892822e+01 -2.879910056841e+01 4.389710220500e+01 -5.662601854003e+01
1.018000000000e+01  2.196190469364e+01 -2.886699427039e+01 4.341665207052e+01 -5.674890171054e+01
1.019000000000e+01  2.166523384031e+01 -2.892834006498e+01 4.293449945246e+01 -5.686168184664e+01
1.020000000000e+01  2.136759754646e+01 -2.898311371897e+01 4.245087588097e+01 -5.696432412835e+01
1.021000000000e+01  2.106914750035e+01 -2.903129447747e+01 4.196601363257e+01 -5.705679908099e+01
1.022000000000e+01  2.077003582008e+01 -2.907286507469e+01 4.148014560693e+01 -5.713908259105e+01
1.023000000000e+01  2.047041497315e+01 -2.910781174280e+01 4.099350520332e+01 -5.721115591913e+01
1.024000000000e+01  2.017043769583e+01 -2.913612421902e+01 4.050632619678e+01 -5.727300571017e+01
1.025000000000e+01  1.987025691241e+01 -2.915779575075e+01 4.001884261407e+01 -5.732462400065e+01
1.026000000000e+01  1.957002565429e+01 -2.917282309895e+01 3.953128860958e+01 -5.736600822309e+01
1.027000000000e+01  1.926989697909e+01 -2.918120653955e+01 3.904389834110e+01 -5.739716120762e+01
1.028000000000e+01  1.897002388965e+01 -2.918294986308e+01 3.855690584559e+01 -5.741809118070e+01
1.029000000000e+01  1.867055925310e+01 -2.917806037240e+01 3.807054491508e+01 -5.742881176094e+01
1.030000000000e+01  1.837165572004e+01 -2.916654887858e+01 3.758504897264e+01 -5.742934195218e+01
1.031000000000e+01  1.807346564374e+01 -2.914842969488e+01 3.710065094860e+01 -5.741970613357e+01
1.032000000000e+01  1.777614099954e+01 -2.912372062895e+01 3.661758315701e+01 -5.739993404692e+01
1.033000000000e+01  1.747983330448e+01 -2.909244297310e+01 3.613607717242e+01 -5.737006078114e+01
1.034000000000e+01  1.718469353708e+01 -2.905462149277e+01 3.565636370711e+01 -5.733012675388e+01
1.035000000000e+01  1.689087205748e+01 -2.901028441315e+01 3.517867248873e+01 -5.728017769034e+01
1.036000000000e+01  1.659851852784e+01 -2.895946340395e+01 3.470323213846e+01 -5.722026459924e+01
1.037000000000e+01  1.630778183318e+01 -2.890219356236e+01 3.423027004986e+01 -5.715044374608e+01
1.038000000000e+01  1.601881000252e+01 -2.883851339418e+01 3.376001226822e+01 -5.707077662346e+01
1.039000000000e+01  1.573175013059e+01 -2.876846479315e+01 3.329268337078e+01 -5.698132991882e+01
1.040000000000e+01  1.544674829989e+01 -2.869209301849e+01 3.282850634767e+01 -5.688217547926e+01
1.041000000000e+01  1.516394950341e+01 -2.860944667063e+01 3.236770248366e+01 -5.677339027376e+01
1.042000000000e+01  1.488349756785e+01 -2.852057766522e+01 3.191049124090e+01 -5.665505635256e+01
1.043000000000e+01  1.460553507744e+01 -2.842554120530e+01 3.145709014258e+01 -5.652726080398e+01
1.044000000000e+01  1.433020329844e+01 -2.832439575180e+01 3.100771465765e+01 -5.639009570847e+01
1.045000000000e+01  1.405764210435e+01 -2.821720299229e+01 3.056257808661e+01 -5.624365809006e+01
1.046000000000e+01  1.378798990180e+01 -2.810402780802e+01 3.012189144851e+01 -5.608804986518e+01
1.047000000000e+01  1.352138355721e+01 -2.798493823922e+01 2.968586336910e+01 -5.592337778893e+01
1.048000000000e+01  1.325795832433e+01 -2.786000544882e+01 2.925469997033e+01 -5.574975339869e+01
1.049000000000e+01  1.299784777252e+01 -2.772930368441e+01 2.882860476109e+01 -5.556729295531e+01
1.050000000000e+01  1.274118371603e+01 -2.759291023866e+01 2.840777852946e+01 -5.537611738174e+01
1.051000000000e+01  1.248809614405e+01 -2.745090540804e+01 2.799241923632e+01 -5.517635219916e+01
1.052000000000e+01  1.223871315187e+01 -2.730337244998e+01 2.758272191052e+01 -5.496812746076e+01
1.053000000000e+01  1.199316087297e+01 -2.715039753852e+01 2.717887854558e+01 -5.475157768306e+01
1.054000000000e+01  1.175156341209e+01 -2.699206971828e+01 2.678107799803e+01 -5.452684177486e+01
1.055000000000e+01  1.151404277942e+01 -2.682848085705e+01 2.638950588744e+01 -5.429406296390e+01
1.056000000000e+01  1.128071882592e+01 -2.665972559675e+01 2.600434449813e+01 -5.405338872122e+01
1.057000000000e+01  1.105170917970e+01 -2.648590130307e+01 2.562577268270e+01 -5.380497068326e+01
1.058000000000e+01  1.082712918356e+01 -2.630710801348e+01 2.525396576736e+01 -5.354896457178e+01
1.059000000000e+01  1.060709183385e+01 -2.612344838402e+01 2.488909545917e+01 -5.328553011156e+01
1.060000000000e+01  1.039170772041e+01 -2.593502763451e+01 2.453132975521e+01 -5.301483094607e+01
1.061000000000e+01  1.018108496786e+01 -2.574195349257e+01 2.418083285366e+01 -5.273703455099e+01
1.062000000000e+01  9.975329178153e+00 -2.554433613621e+01 2.383776506704e+01 -5.245231214573e+01
1.063000000000e+01  9.774543374493e+00 -2.534228813509e+01 2.350228273739e+01 -5.216083860294e+01
1.064000000000e+01  9.578827946538e+00 -2.513592439067e+01 2.317453815363e+01 -5.186279235617e+01
1.065000000000e+01  9.388280597039e+00 -2.492536207490e+01 2.285467947107e+01 -5.155835530552e+01
1.066000000000e+01  9.202996289869e+00 -2.471072056792e+01 2.254285063316e+01 -5.124771272155e+01
1.067000000000e+01  9.023067199493e+00 -2.449212139443e+01 2.223919129541e+01 -5.093105314734e+01
1.068000000000e+01  8.848582661902e+00 -2.426968815901e+01 2.194383675164e+01 -5.060856829891e+01
1.069000000000e+01  8.679629127033e+00 -2.404354648033e+01 2.165691786261e+01 -5.028045296383e+01
1.070000000000e+01  8.516290112713e+00 -2.381382392422e+01 2.137856098688e+01 -4.994690489833e+01
1.071000000000e+01  8.358646160133e+00 -2.358064993580e+01 2.110888791422e+01 -4.960812472272e+01
1.072000000000e+01  8.206774790893e+00 -2.334415577059e+01 2.084801580131e+01 -4.926431581541e+01
1.073000000000e+01  8.060750465627e+00 -2.310447442460e+01 2.059605711005e+01 -4.891568420536e+01
1.074000000000e+01  7.920644544242e+00 -2.286174056356e+01 2.035311954828e+01 -4.856243846321e+01
1.075000000000e+01  7.786525247778e+00 -2.261609045128e+01 2.011930601303e+01 -4.820478959103e+01
1.076000000000e+01  7.658457621928e+00 -2.236766187708e+01 1.989471453640e+01 -4.784295091076e+01
1.077000000000e+01  7.536503502216e+00 -2.211659408248e+01 1.967943823399e+01 -4.747713795144e+01
1.078000000000e+01  7.420721480873e+00 -2.186302768714e+01 1.947356525590e+01 -4.710756833530e+01
1.079000000000e+01  7.311166875413e+00 -2.160710461397e+01 1.927717874051e+01 -4.673446166268e+01
1.080000000000e+01  7.207891698934e+00 -2.134896801366e+01 1.909035677076e+01 -4.635803939596e+01
1.081000000000e+01  7.110944632155e+00 -2.108876218852e+01 1.891317233328e+01 -4.597852474244e+01
1.082000000000e+01  7.020370997213e+00 -2.082663251566e+01 1.874569328007e+01 -4.559614253638e+01
1.083000000000e+01  6.936212733224e+00 -2.056272536970e+01 1.858798229309e+01 -4.521111912006e+01
1.084000000000e+01  6.858508373632e+00 -2.029718804485e+01 1.844009685144e+01 -4.482368222415e+01
1.085000000000e+01  6.787293025349e+00 -2.003016867661e+01 1.830208920141e+01 -4.443406084728e+01
1.086000000000e+01  6.722598349702e+00 -1.976181616293e+01 1.817400632926e+01 -4.404248513497e+01
1.087000000000e+01  6.664452545204e+00 -1.949228008504e+01 1.805588993682e+01 -4.364918625790e+01
1.088000000000e+01  6.612880332153e+00 -1.922171062786e+01 1.794777641987e+01 -4.325439628968e+01
1.089000000000e+01  6.567902939062e+00 -1.895025850016e+01 1.784969684938e+01 -4.285834808412e+01
1.090000000000e+01  6.529538090945e+00 -1.867807485440e+01 1.776167695551e+01 -4.246127515210e+01
1.091000000000e+01  6.497799999455e+00 -1.840531120634e+01 1.768373711451e+01 -4.206341153805e+01
1.092000000000e+01  6.472699354880e+00 -1.813211935448e+01 1.761589233843e+01 -4.166499169621e+01
1.093000000000e+01  6.454243320009e+00 -1.785865129935e+01 1.755815226765e+01 -4.126625036655e+01
1.094000000000e+01  6.442435525873e+00 -1.758505916269e+01 1.751052116628e+01 -4.086742245067e+01
1.095000000000e+01  6.437276069356e+00 -1.731149510658e+01 1.747299792040e+01 -4.046874288756e+01
1.096000000000e+01  6.438761512694e+00 -1.703811125257e+01 1.744557603914e+01 -4.007044652923e+01
1.097000000000e+01  6.446884884848e+00 -1.676505960077e+01 1.742824365860e+01 -3.967276801659e+01
1.098000000000e+01  6.461635684767e+00 -1.649249194911e+01 1.742098354860e+01 -3.927594165522e+01
1.099000000000e+01  6.482999886532e+00 -1.622055981264e+01 1.742377312226e+01 -3.888020129147e+01
1.100000000000e+01  6.510959946389e+00 -1.594941434303e+01 1.743658444844e+01 -3.848578018869e+01
1.101000000000e+01  6.545494811659e+00 -1.567920624822e+01 1.745938426692e+01 -3.809291090383e+01
1.102000000000e+01  6.586579931533e+00 -1.541008571239e+01 1.749213400645e+01 -3.770182516437e+01
1.103000000000e+01  6.634187269745e+00 -1.514220231613e+01 1.753478980553e+01 -3.731275374569e+01
1.104000000000e+01  6.688285319122e+00 -1.487570495702e+01 1.758730253606e+01 -3.692592634893e+01
1.105000000000e+01  6.748839117996e+00 -1.461074177051e+01 1.764961782962e+01 -3.654157147944e+01
1.106000000000e+01  6.815810268489e+00 -1.434746005127e+01 1.772167610661e+01 -3.615991632579e+01
1.107000000000e+01  6.889156956654e+00 -1.408600617498e+01 1.780341260804e+01 -3.578118663953e+01
1.108000000000e+01  6.968833974459e+00 -1.382652552058e+01 1.789475743007e+01 -3.540560661567e+01
1.109000000000e+01  7.054792743626e+00 -1.356916239313e+01 1.799563556119e+01 -3.503339877398e+01
1.110000000000e+01  7.146981341287e+00 -1.331405994721e+01 1.810596692212e+01 -3.466478384117e+01
1.111000000000e+01  7.245344527476e+00 -1.306136011090e+01 1.822566640829e+01 -3.429998063398e+01
1.112000000000e+01  7.349823774426e+00 -1.281120351054e+01 1.835464393494e+01 -3.393920594331e+01
1.113000000000e+01  7.460357297657e+00 -1.256372939607e+01 1.849280448485e+01 -3.358267441940e+01
1.114000000000e+01  7.576880088867e+00 -1.231907556717e+01 1.864004815854e+01 -3.323059845808e+01
1.115000000000e+01  7.699323950576e+00 -1.207737830022e+01 1.879627022708e+01 -3.288318808829e+01
1.116000000000e+01  7.827617532534e+00 -1.183877227599e+01 1.896136118735e+01 -3.254065086076e+01
1.117000000000e+01  7.961686369867e+00 -1.160339050828e+01 1.913520681975e+01 -3.220319173804e+01
1.118000000000e+01  8.101452922946e+00 -1.137136427341e+01 1.931768824840e+01 -3.187101298584e+01
1.119000000000e+01  8.246836618949e+00 -1.114282304064e+01 1.950868200363e+01 -3.154431406582e+01
1.120000000000e+01  8.397753895123e+00 -1.091789440361e+01 1.970806008696e+01 -3.122329152984e+01
1.121000000000e+01  8.554118243688e+00 -1.069670401275e+01 1.991569003828e+01 -3.090813891574e+01
1.122000000000e+01  8.715840258399e+00 -1.047937550875e+01 2.013143500539e+01 -3.059904664466e+01
1.123000000000e+01  8.882827682711e+00 -1.026603045711e+01 2.035515381576e+01 -3.029620192006e+01
1.124000000000e+01  9.054985459542e+00 -1.005678828385e+01 2.058670105052e+01 -2.999978862836e+01
1.125000000000e+01  9.232215782606e+00 -9.851766212247e+00 2.082592712057e+01 -2.970998724140e+01
1.126000000000e+01  9.414418149276e+00 -9.651079200948e+00 2.107267834489e+01 -2.942697472059e+01
1.127000000000e+01  9.601489414969e+00 -9.454839883129e+00 2.132679703086e+01 -2.915092442297e+01
1.128000000000e+01  9.793323849007e+00 -9.263158506997e+00 2.158812155665e+01 -2.888200600917e+01
1.129000000000e+01  9.989813191932e+00 -9.076142877562e+00 2.185648645565e+01 -2.862038535323e+01
1.130000000000e+01  1.019084671424e+01 -8.893898299702e+00 2.213172250283e+01 -2.836622445454e+01
1.131000000000e+01  1.039631127651e+01 -8.716527522601e+00 2.241365680294e+01 -2.811968135164e+01
1.132000000000e+01  1.060609139087e+01 -8.544130685539e+00 2.270211288074e+01 -2.788091003825e+01
1.133000000000e+01  1.082006928380e+01 -8.376805265099e+00 2.299691077290e+01 -2.765006038136e+01
1.134000000000e+01  1.103812496020e+01 -8.214646023801e+00 2.329786712175e+01 -2.742727804147e+01
1.135000000000e+01  1.126013626870e+01 -8.057744960199e+00 2.360479527076e+01 -2.721270439507e+01
1.136000000000e+01  1.148597896822e+01 -7.906191260459e+00 2.391750536170e+01 -2.700647645934e+01
1.137000000000e+01  1.171552679562e+01 -7.760071251452e+00 2.423580443343e+01 -2.680872681919e+01
1.138000000000e+01  1.194865153453e+01 -7.619468355384e+00 2.455949652229e+01 -2.661958355656e+01
1.139000000000e+01  1.218522308523e+01 -7.484463045985e+00 2.488838276402e+01 -2.643917018212e+01
1.140000000000e+01  1.242510953561e+01 -7.355132806284e+00 2.522226149721e+01 -2.626760556940e+01
1.141000000000e+01  1.266817723307e+01 -7.231552087987e+00 2.556092836818e+01 -2.610500389128e+01
1.142000000000e+01  1.291429085742e+01 -7.113792272490e+00 2.590417643723e+01 -2.595147455902e+01
1.143000000000e+01  1.316331349465e+01 -7.001921633530e+00 2.625179628629e+01 -2.580712216375e+01
1.144000000000e+01  1.341510671156e+01 -6.896005301518e+00 2.660357612782e+01 -2.567204642055e+01
1.145000000000e+01  1.366953063125e+01 -6.796105229543e+00 2.695930191503e+01 -2.554634211497e+01
1.146000000000e+01  1.392644400928e+01 -6.702280161095e+00 2.731875745321e+01 -2.543009905231e+01
1.147000000000e+01  1.418570431064e+01 -6.614585599504e+00 2.768172451228e+01 -2.532340200936e+01
1.148000000000e+01  1.444716778734e+01 -6.533073779113e+00 2.804798294039e+01 -2.522633068889e+01
1.149000000000e+01  1.471068955658e+01 -6.457793638209e+00 2.841731077863e+01 -2.513895967678e+01
1.150000000000e+01  1.497612367959e+01 -6.388790793721e+00 2.878948437661e+01 -2.506135840181e+01
1.151000000000e+01  1.524332324089e+01 -6.326107517693e+00 2.916427850914e+01 -2.499359109820e+01
1.152000000000e+01  1.551214042804e+01 -6.269782715551e+00 2.954146649365e+01 -2.493571677086e+01
1.153000000000e+01  1.578242661186e+01 -6.219851906177e+00 2.992082030853e+01 -2.488778916343e+01
1.154000000000e+01  1.605403242696e+01 -6.176347203784e+00 3.030211071217e+01 -2.484985672902e+01
1.155000000000e+01  1.632680785260e+01 -6.139297301627e+00 3.068510736285e+01 -2.482196260385e+01
1.156000000000e+01  1.660060229384e+01 -6.108727457532e+00 3.106957893910e+01 -2.480414458353e+01
1.157000000000e+01  1.687526466287e+01 -6.084659481268e+00 3.145529326084e+01 -2.479643510232e+01
1.158000000000e+01  1.715064346059e+01 -6.067111723758e+00 3.184201741097e+01 -2.479886121513e+01
1.159000000000e+01  1.742658685818e+01 -6.056099068140e+00 3.222951785748e+01 -2.481144458232e+01
1.160000000000e+01  1.770294277890e+01 -6.051632922675e+00 3.261756057595e+01 -2.483420145746e+01
1.161000000000e+01  1.797955897977e+01 -6.053721215512e+00 3.300591117249e+01 -2.486714267780e+01
1.162000000000e+01  1.825628313333e+01 -6.062368391311e+00 3.339433500691e+01 -2.491027365777e+01
1.163000000000e+01  1.853296290928e+01 -6.077575409713e+00 3.378259731619e+01 -2.496359438516e+01
1.164000000000e+01  1.880944605604e+01 -6.099339745678e+00 3.417046333808e+01 -2.502709942030e+01
1.165000000000e+01  1.908558048208e+01 -6.127655391669e+00 3.455769843487e+01 -2.510077789805e+01
1.166000000000e+01  1.936121433717e+01 -6.162512861692e+00 3.494406821716e+01 -2.518461353268e+01
1.167000000000e+01  1.963619609324e+01 -6.203899197185e+00 3.532933866769e+01 -2.527858462561e+01
1.168000000000e+01  1.991037462507e+01 -6.251797974751e+00 3.571327626501e+01 -2.538266407599e+01
1.169000000000e+01  2.018359929053e+01 -6.306189315728e+00 3.609564810707e+01 -2.549681939418e+01
1.170000000000e+01  2.045572001056e+01 -6.367049897601e+00 3.647622203458e+01 -2.562101271806e+01
1.171000000000e+01  2.072658734867e+01 -6.434352967224e+00 3.685476675410e+01 -2.575520083218e+01
1.172000000000e+01  2.099605258994e+01 -6.508068355877e+00 3.723105196078e+01 -2.589933518980e+01
1.173000000000e+01  2.126396781964e+01 -6.588162496121e+00 3.760484846069e+01 -2.605336193766e+01
1.174000000000e+01  2.153018600120e+01 -6.674598440446e+00 3.797592829269e+01 -2.621722194364e+01
1.175000000000e+01  2.179456105370e+01 -6.767335881722e+00 3.834406484975e+01 -2.639085082724e+01
1.176000000000e+01  2.205694792865e+01 -6.866331175408e+00 3.870903299962e+01 -2.657417899276e+01
1.177000000000e+01  2.231720268620e+01 -6.971537363532e+00 3.907060920488e+01 -2.676713166531e+01
1.178000000000e+01  2.257518257066e+01 -7.082904200418e+00 3.942857164220e+01 -2.696962892959e+01
1.179000000000e+01  2.283074608526e+01 -7.200378180139e+00 3.978270032080e+01 -2.718158577136e+01
1.180000000000e+01  2.308375306618e+01 -7.323902565695e+00 4.013277720001e+01 -2.740291212164e+01
1.181000000000e+01  2.333406475580e+01 -7.453417419890e+00 4.047858630588e+01 -2.763351290359e+01
1.182000000000e+01  2.358154387511e+01 -7.588859637886e+00 4.081991384682e+01 -2.787328808210e+01
1.183000000000e+01  2.382605469529e+01 -7.730162981430e+00 4.115654832806e+01 -2.812213271593e+01
1.184000000000e+01  2.406746310836e+01 -7.877258114721e+00 4.148828066505e+01 -2.837993701258e+01
1.185000000000e+01  2.430563669699e+01 -8.030072641903e+00 4.181490429558e+01 -2.864658638569e+01
1.186000000000e+01  2.454044480326e+01 -8.188531146167e+00 4.213621529066e+01 -2.892196151494e+01
1.187000000000e+01  2.477175859651e+01 -8.352555230429e+00 4.245201246401e+01 -2.920593840858e+01
1.188000000000e+01  2.499945114018e+01 -8.522063559579e+00 4.276209748021e+01 -2.949838846841e+01
1.189000000000e+01  2.522339745753e+01 -8.696971904257e+00 4.306627496125e+01 -2.979917855719e+01
1.190000000000e+01  2.544347459643e+01 -8.877193186149e+00 4.336435259170e+01 -3.010817106851e+01
1.191000000000e+01  2.565956169290e+01 -9.062637524776e+00 4.365614122217e+01 -3.042522399906e+01
1.192000000000e+01  2.587154003360e+01 -9.253212285736e+00 4.394145497116e+01 -3.075019102323e+01
1.193000000000e+01  2.607929311721e+01 -9.448822130394e+00 4.422011132519e+01 -3.108292156998e+01
1.194000000000e+01  2.628270671451e+01 -9.649369066979e+00 4.449193123714e+01 -3.142326090209e+01
1.195000000000e+01  2.648166892731e+01 -9.854752503067e+00 4.475673922276e+01 -3.177105019754e+01
1.196000000000e+01  2.667607024622e+01 -1.006486929942e+01 4.501436345536e+01 -3.212612663309e+01
1.197000000000e+01  2.686580360699e+01 -1.027961382513e+01 4.526463585844e+01 -3.248832347008e+01
1.198000000000e+01  2.705076444568e+01 -1.049887801414e+01 4.550739219642e+01 -3.285747014224e+01
1.199000000000e+01  2.723085075253e+01 -1.072255142288e+01 4.574247216330e+01 -3.323339234559e+01
1.200000000000e+01  2.740596312438e+01 -1.095052128933e+01 4.596971946922e+01 -3.361591213033e+01
1.201000000000e+01  2.757600481584e+01 -1.118267259313e+01 4.618898192487e+01 -3.400484799471e+01
1.202000000000e+01  2.774088178898e+01 -1.141888811694e+01 4.640011152370e+01 -3.440001498077e+01
1.203000000000e+01  2.790050276171e+01 -1.165904850895e+01 4.660296452191e+01 -3.480122477196e+01
1.204000000000e+01  2.805477925461e+01 -1.190303234645e+01 4.679740151617e+01 -3.520828579257e+01
1.205000000000e+01  2.820362563640e+01 -1.215071620050e+01 4.698328751896e+01 -3.562100330887e+01
1.206000000000e+01  2.834695916786e+01 -1.240197470168e+01 4.716049203157e+01 -3.603917953197e+01
1.207000000000e+01  2.848470004432e+01 -1.265668060675e+01 4.732888911469e+01 -3.646261372234e+01
1.208000000000e+01  2.861677143654e+01 -1.291470486641e+01 4.748835745657e+01 -3.689110229590e+01
1.209000000000e+01  2.874309953017e+01 -1.317591669385e+01 4.763878043864e+01 -3.732443893159e+01
1.210000000000e+01  2.886361356351e+01 -1.344018363434e+01 4.778004619863e+01 -3.776241468052e+01
1.211000000000e+01  2.897824586379e+01 -1.370737163559e+01 4.791204769116e+01 -3.820481807642e+01
1.212000000000e+01  2.908693188183e+01 -1.397734511897e+01 4.803468274572e+01 -3.865143524751e+01
1.213000000000e+01  2.918961022508e+01 -1.424996705150e+01 4.814785412196e+01 -3.910205002964e+01
1.214000000000e+01  2.928622268901e+01 -1.452509901864e+01 4.825146956247e+01 -3.955644408069e+01
1.215000000000e+01  2.937671428687e+01 -1.480260129775e+01 4.834544184271e+01 -4.001439699611e+01
1.216000000000e+01  2.946103327781e+01 -1.508233293220e+01 4.842968881837e+01 -4.047568642559e+01
1.217000000000e+01  2.953913119328e+01 -1.536415180619e+01 4.850413346995e+01 -4.094008819077e+01
1.218000000000e+01  2.961096286174e+01 -1.564791472015e+01 4.856870394450e+01 -4.140737640393e+01
1.219000000000e+01  2.967648643172e+01 -1.593347746660e+01 4.862333359473e+01 -4.187732358763e+01
1.220000000000e+01  2.973566339311e+01 -1.622069490667e+01 4.866796101519e+01 -4.234970079520e+01
1.221000000000e+01  2.978845859671e+01 -1.650942104702e+01 4.870253007571e+01 -4.282427773199e+01
1.222000000000e+01  2.983484027212e+01 -1.679950911719e+01 4.872698995194e+01 -4.330082287737e+01
1.223000000000e+01  2.987478004377e+01 -1.709081164740e+01 4.874129515312e+01 -4.377910360742e+01
1.224000000000e+01  2.990825294530e+01 -1.738318054664e+01 4.874540554688e+01 -4.425888631820e+01
1.225000000000e+01  2.993523743211e+01 -1.767646718114e+01 4.873928638124e+01 -4.473993654953e+01
1.226000000000e+01  2.995571539213e+01 -1.797052245306e+01 4.872290830367e+01 -4.522201910926e+01
1.227000000000e+01  2.996967215486e+01 -1.826519687947e+01 4.869624737732e+01 -4.570489819794e+01
1.228000000000e+01  2.997709649858e+01 -1.856034067146e+01 4.865928509421e+01 -4.618833753382e+01
1.229000000000e+01  2.997798065581e+01 -1.885580381347e+01 4.861200838568e+01 -4.667210047813e+01
1.230000000000e+01  2.997232031693e+01 -1.915143614265e+01 4.855440962974e+01 -4.715595016051e+01
1.231000000000e+01  2.996011463203e+01 -1.944708742836e+01 4.848648665564e+01 -4.763964960464e+01
1.232000000000e+01  2.994136621098e+01 -1.974260745166e+01 4.840824274544e+01 -4.812296185390e+01
1.233000000000e+01  2.991608112168e+01 -2.003784608478e+01 4.831968663267e+01 -4.860565009703e+01
1.234000000000e+01  2.988426888649e+01 -2.033265337057e+01 4.822083249809e+01 -4.908747779371e+01
1.235000000000e+01  2.984594247692e+01 -2.062687960180e+01 4.811169996249e+01 -4.956820880004e+01
1.236000000000e+01  2.980111830646e+01 -2.092037540035e+01 4.799231407662e+01 -5.004760749381e+01
1.237000000000e+01  2.974981622167e+01 -2.121299179623e+01 4.786270530816e+01 -5.052543889945e+01
1.238000000000e+01  2.969205949146e+01 -2.150458030636e+01 4.772290952585e+01 -5.100146881271e+01
1.239000000000e+01  2.962787479457e+01 -2.179499301305e+01 4.757296798068e+01 -5.147546392488e+01
1.240000000000e+01  2.955729220532e+01 -2.208408264227e+01 4.741292728418e+01 -5.194719194664e+01
1.241000000000e+01  2.948034517750e+01 -2.237170264146e+01 4.724283938396e+01 -5.241642173122e+01
1.242000000000e+01  2.939707052662e+01 -2.265770725704e+01 4.706276153622e+01 -5.288292339711e+01
1.243000000000e+01  2.930750841029e+01 -2.294195161146e+01 4.687275627557e+01 -5.334646845000e+01
1.244000000000e+01  2.921170230693e+01 -2.322429177975e+01 4.667289138194e+01 -5.380682990405e+01
1.245000000000e+01  2.910969899270e+01 -2.350458486562e+01 4.646323984474e+01 -5.426378240237e+01
1.246000000000e+01  2.900154851672e+01 -2.378268907698e+01 4.624387982418e+01 -5.471710233656e+01
1.247000000000e+01  2.888730417461e+01 -2.405846380086e+01 4.601489460988e+01 -5.516656796542e+01
1.248000000000e+01  2.876702248027e+01 -2.433176967773e+01 4.577637257672e+01 -5.561195953263e+01
1.249000000000e+01  2.864076313603e+01 -2.460246867513e+01 4.552840713795e+01 -5.605305938337e+01
1.250000000000e+01  2.850858900109e+01 -2.487042416061e+01 4.527109669564e+01 -5.648965207989e+01
1.251000000000e+01  2.837056605836e+01 -2.513550097391e+01 4.500454458847e+01 -5.692152451581e+01
1.252000000000e+01  2.822676337962e+01 -2.539756549838e+01 4.472885903685e+01 -5.734846602926e+01
1.253000000000e+01  2.807725308903e+01 -2.565648573157e+01 4.444415308548e+01 -5.777026851471e+01
1.254000000000e+01  2.792211032516e+01 -2.591213135493e+01 4.415054454328e+01 -5.818672653346e+01
1.255000000000e+01  2.776141320130e+01 -2.616437380269e+01 4.384815592085e+01 -5.859763742266e+01
1.256000000000e+01  2.759524276430e+01 -2.641308632975e+01 4.353711436533e+01 -5.900280140292e+01
1.257000000000e+01  2.742368295184e+01 -2.665814407861e+01 4.321755159291e+01 -5.940202168440e+01
1.258000000000e+01  2.724682054821e+01 -2.689942414532e+01 4.288960381876e+01 -5.979510457123e+01
1.259000000000e+01  2.706474513854e+01 -2.713680564441e+01 4.255341168467e+01 -6.018185956441e+01
1.260000000000e+01  2.687754906158e+01 -2.737016977269e+01 4.220912018430e+01 -6.056209946292e+01
1.261000000000e+01  2.668532736114e+01 -2.759939987200e+01 4.185687858608e+01 -6.093564046312e+01
1.262000000000e+01  2.648817773590e+01 -2.782438149081e+01 4.149684035388e+01 -6.130230225638e+01
1.263000000000e+01  2.628620048804e+01 -2.804500244464e+01 4.112916306541e+01 -6.166190812477e+01
1.264000000000e+01  2.607949847034e+01 -2.826115287531e+01 4.075400832841e+01 -6.201428503496e+01
1.265000000000e+01  2.586817703206e+01 -2.847272530889e+01 4.037154169477e+01 -6.235926373006e+01
1.266000000000e+01  2.565234396342e+01 -2.867961471248e+01 3.998193257247e+01 -6.269667881954e+01
1.267000000000e+01  2.543210943883e+01 -2.888171854963e+01 3.958535413549e+01 -6.302636886704e+01
1.268000000000e+01  2.520758595890e+01 -2.907893683446e+01 3.918198323172e+01 -6.334817647614e+01
1.269000000000e+01  2.497888829119e+01 -2.927117218443e+01 3.877200028895e+01 -6.366194837392e+01
1.270000000000e+01  2.474613340975e+01 -2.945832987173e+01 3.835558921884e+01 -6.396753549238e+01
1.271000000000e+01  2.450944043352e+01 -2.964031787326e+01 3.793293731919e+01 -6.426479304767e+01
1.272000000000e+01  2.426893056368e+01 -2.981704691922e+01 3.750423517428e+01 -6.455358061693e+01
1.273000000000e+01  2.402472701973e+01 -2.998843054014e+01 3.706967655350e+01 -6.483376221290e+01
1.274000000000e+01  2.377695497468e+01 -3.015438511256e+01 3.662945830832e+01 -6.510520635620e+01
1.275000000000e+01  2.352574148914e+01 -3.031482990312e+01 3.618378026758e+01 -6.536778614515e+01
1.276000000000e+01  2.327121544438e+01 -3.046968711111e+01 3.573284513119e+01 -6.562137932320e+01
1.277000000000e+01  2.301350747450e+01 -3.061888190954e+01 3.527685836235e+01 -6.586586834390e+01
1.278000000000e+01  2.275274989766e+01 -3.076234248459e+01 3.481602807821e+01 -6.610114043333e+01
1.279000000000e+01  2.248907664640e+01 -3.090000007344e+01 3.435056493922e+01 -6.632708765008e+01
1.280000000000e+01  2.222262319713e+01 -3.103178900054e+01 3.388068203707e+01 -6.654360694258e+01
1.281000000000e+01  2.195352649880e+01 -3.115764671223e+01 3.340659478131e+01 -6.675060020387e+01
1.282000000000e+01  2.168192490080e+01 -3.127751380969e+01 3.292852078481e+01 -6.694797432378e+01
1.283000000000e+01  2.140795808013e+01 -3.139133408024e+01 3.244667974799e+01 -6.713564123839e+01
1.284000000000e+01  2.113176696785e+01 -3.149905452694e+01 3.196129334196e+01 -6.731351797688e+01
1.285000000000e+01  2.085349367491e+01 -3.160062539650e+01 3.147258509059e+01 -6.748152670563e+01
1.286000000000e+01  2.057328141729e+01 -3.169600020549e+01 3.098078025163e+01 -6.763959476964e+01
1.287000000000e+01  2.029127444065e+01 -3.178513576478e+01 3.048610569686e+01 -6.778765473115e+01
1.288000000000e+01  2.000761794436e+01 -3.186799220227e+01 2.998878979146e+01 -6.792564440552e+01
1.289000000000e+01  1.972245800507e+01 -3.194453298383e+01 2.948906227246e+01 -6.805350689432e+01
1.290000000000e+01  1.943594149981e+01 -3.201472493257e+01 2.898715412659e+01 -6.817119061564e+01
1.291000000000e+01  1.914821602865e+01 -3.207853824618e+01 2.848329746737e+01 -6.827864933152e+01
1.292000000000e+01  1.885942983703e+01 -3.213594651263e+01 2.797772541167e+01 -6.837584217262e+01
1.293000000000e+01  1.856973173769e+01 -3.218692672400e+01 2.747067195565e+01 -6.846273365994e+01
1.294000000000e+01  1.827927103233e+01 -3.223145928851e+01 2.696237185033e+01 -6.853929372380e+01
1.295000000000e+01  1.798819743304e+01 -3.226952804082e+01 2.645306047670e+01 -6.860549771985e+01
1.296000000000e+01  1.769666098346e+01 -3.230112025037e+01 2.594297372048e+01 -6.866132644225e+01
1.297000000000e+01  1.740481197980e+01 -3.232622662810e+01 2.543234784667e+01 -6.870676613397e+01
1.298000000000e+01  1.711280089172e+01 -3.234484133115e+01 2.492141937384e+01 -6.874180849415e+01
1.299000000000e+01  1.682077828314e+01 -3.235696196591e+01 2.441042494830e+01 -6.876645068263e+01
1.300000000000e+01  1.652889473296e+01 -3.236258958912e+01 2.389960121823e+01 -6.878069532149e+01
1.301000000000e+01  1.623730075579e+01 -3.236172870722e+01 2.338918470780e+01 -6.878455049383e+01
1.302000000000e+01  1.594614672274e+01 -3.235438727388e+01 2.287941169130e+01 -6.877802973950e+01
1.303000000000e+01  1.565558278223e+01 -3.234057668561e+01 2.237051806747e+01 -6.876115204802e+01
1.304000000000e+01  1.536575878100e+01 -3.232031177572e+01 2.186273923402e+01 -6.873394184860e+01
1.305000000000e+01  1.507682418519e+01 -3.229361080628e+01 2.135630996237e+01 -6.869642899726e+01
1.306000000000e+01  1.478892800167e+01 -3.226049545843e+01 2.085146427278e+01 -6.864864876104e+01
1.307000000000e+01  1.450221869962e+01 -3.222099082075e+01 2.034843530983e+01 -6.859064179940e+01
1.308000000000e+01  1.421684413234e+01 -3.217512537594e+01 1.984745521844e+01 -6.852245414271e+01
1.309000000000e+01  1.393295145947e+01 -3.212293098565e+01 1.934875502031e+01 -6.844413716790e+01
1.310000000000e+01  1.365068706946e+01 -3.206444287349e+01 1.885256449105e+01 -6.835574757125e+01
1.311000000000e+01  1.337019650257e+01 -3.199969960639e+01 1.835911203797e+01 -6.825734733842e+01
1.312000000000e+01  1.309162437423e+01 -3.192874307403e+01 1.786862457852e+01 -6.814900371156e+01
1.313000000000e+01  1.281511429890e+01 -3.185161846668e+01 1.738132741963e+01 -6.803078915375e+01
1.314000000000e+01  1.254080881446e+01 -3.176837425115e+01 1.689744413782e+01 -6.790278131060e+01
1.315000000000e+01  1.226884930722e+01 -3.167906214515e+01 1.641719646030e+01 -6.776506296907e+01
1.316000000000e+01  1.199937593741e+01 -3.158373708980e+01 1.594080414699e+01 -6.761772201361e+01
1.317000000000e+01  1.173252756547e+01 -3.148245722056e+01 1.546848487366e+01 -6.746085137958e+01
1.318000000000e+01  1.146844167887e+01 -3.137528383639e+01 1.500045411612e+01 -6.729454900400e+01
1.319000000000e+01  1.120725431975e+01 -3.126228136727e+01 1.453692503561e+01 -6.711891777355e+01
1.320000000000e+01  1.094910001329e+01 -3.114351734010e+01 1.407810836546e+01 -6.693406547007e+01
1.321000000000e+01  1.069411169685e+01 -3.101906234294e+01 1.362421229897e+01 -6.674010471338e+01
1.322000000000e+01  1.044242064999e+01 -3.088898998761e+01 1.317544237870e+01 -6.653715290152e+01
1.323000000000e+01  1.019415642531e+01 -3.075337687075e+01 1.273200138718e+01 -6.632533214849e+01
1.324000000000e+01  9.949446780199e+00 -3.061230253328e+01 1.229408923907e+01 -6.610476921944e+01
1.325000000000e+01  9.708417609570e+00 -3.046584941831e+01 1.186190287485e+01 -6.587559546343e+01
1.326000000000e+01  9.471192879508e+00 -3.031410282755e+01 1.143563615611e+01 -6.563794674369e+01
1.327000000000e+01  9.237894561961e+00 -3.015715087618e+01 1.101547976250e+01 -6.539196336555e+01
1.328000000000e+01  9.008642570459e+00 -2.999508444623e+01 1.060162109039e+01 -6.513779000193e+01
1.329000000000e+01  8.783554696917e+00 -2.982799713858e+01 1.019424415320e+01 -6.487557561654e+01
1.330000000000e+01  8.562746549530e+00 -2.965598522348e+01 9.793529483664e+00 -6.460547338481e+01
1.331000000000e+01  8.346331491823e+00 -2.947914758962e+01 9.399654037878e+00 -6.432764061256e+01
1.332000000000e+01  8.134420582855e+00 -2.929758569195e+01 9.012791101284e+00 -6.404223865243e+01
1.333000000000e+01  7.927122518639e+00 -2.911140349802e+01 8.633110196621e+00 -6.374943281821e+01
1.334000000000e+01  7.724543574775e+00 -2.892070743312e+01 8.260776993892e+00 -6.344939229705e+01
1.335000000000e+01  7.526787550355e+00 -2.872560632404e+01 7.895953222400e+00 -6.314229005952e+01
1.336000000000e+01  7.333955713152e+00 -2.852621134164e+01 7.538796584887e+00 -6.282830276779e+01
1.337000000000e+01  7.146146746119e+00 -2.832263594214e+01 7.189460673842e+00 -6.250761068170e+01
1.338000000000e+01  6.963456695238e+00 -2.811499580728e+01 6.848094890012e+00 -6.218039756300e+01
1.339000000000e+01  6.785978918733e+00 -2.790340878324e+01 6.514844363165e+00 -6.184685057768e+01
1.340000000000e+01  6.613804037676e+00 -2.768799481849e+01 6.189849875142e+00 -6.150716019648e+01
1.341000000000e+01  6.447019888012e+00 -2.746887590053e+01 5.873247785248e+00 -6.116152009360e+01
1.342000000000e+01  6.285711474033e+00 -2.724617599155e+01 5.565169958025e+00 -6.081012704379e+01
1.343000000000e+01  6.129960923304e+00 -2.702002096311e+01 5.265743693432e+00 -6.045318081767e+01
1.344000000000e+01  5.979847443091e+00 -2.679053852976e+01 4.975091659488e+00 -6.009088407548e+01
1.345000000000e+01  5.835447278290e+00 -2.655785818174e+01 4.693331827406e+00 -5.972344225929e+01
1.346000000000e+01  5.696833670884e+00 -2.632211111681e+01 4.420577409256e+00 -5.935106348374e+01
1.347000000000e+01  5.564076820962e+00 -2.608343017110e+01 4.156936798188e+00 -5.897395842526e+01
1.348000000000e+01  5.437243849289e+00 -2.584194974918e+01 3.902513511258e+00 -5.859234020998e+01
1.349000000000e+01  5.316398761480e+00 -2.559780575330e+01 3.657406134881e+00 -5.820642430029e+01
1.350000000000e+01  5.201602413765e+00 -2.535113551190e+01 3.421708272938e+00 -5.781642838016e+01
1.351000000000e+01  5.092912480384e+00 -2.510207770729e+01 3.195508497577e+00 -5.742257223922e+01
1.352000000000e+01  4.990383422612e+00 -2.485077230279e+01 2.978890302734e+00 -5.702507765572e+01
1.353000000000e+01  4.894066459440e+00 -2.459736046905e+01 2.771932060385e+00 -5.662416827845e+01
1.354000000000e+01  4.804009539917e+00 -2.434198450988e+01 2.574706979577e+00 -5.622006950756e+01
1.355000000000e+01  4.720257317170e+00 -2.408478778746e+01 2.387283068244e+00 -5.581300837446e+01
1.356000000000e+01  4.642851124120e+00 -2.382591464703e+01 2.209723097835e+00 -5.540321342091e+01
1.357000000000e+01  4.571828950890e+00 -2.356551034102e+01 2.042084570780e+00 -5.499091457712e+01
1.358000000000e+01  4.507225423937e+00 -2.330372095288e+01 1.884419690802e+00 -5.457634303923e+01
1.359000000000e+01  4.449071786893e+00 -2.304069332031e+01 1.736775336098e+00 -5.415973114602e+01
1.360000000000e+01  4.397395883145e+00 -2.277657495828e+01 1.599193035409e+00 -5.374131225499e+01
1.361000000000e+01  4.352222140155e+00 -2.251151398161e+01 1.471708946983e+00 -5.332132061791e+01
1.362000000000e+01  4.313571555517e+00 -2.224565902732e+01 1.354353840452e+00 -5.289999125582e+01
1.363000000000e+01  4.281461684775e+00 -2.197915917672e+01 1.247153081625e+00 -5.247755983359e+01
1.364000000000e+01  4.255906630995e+00 -2.171216387726e+01 1.150126620216e+00 -5.205426253420e+01
1.365000000000e+01  4.236917036100e+00 -2.144482286429e+01 1.063288980505e+00 -5.163033593259e+01
1.366000000000e+01  4.224500073974e+00 -2.117728608262e+01 9.866492549434e-01 -5.120601686934e+01
1.367000000000e+01  4.218659445333e+00 -2.090970360802e+01 9.202111007072e-01 -5.078154232421e+01
1.368000000000e+01  4.219395374370e+00 -2.064222556871e+01 8.639727391922e-01 -5.035714928949e+01
1.369000000000e+01  4.226704607175e+00 -2.037500206681e+01 8.179269584637e-01 -4.993307464343e+01
1.370000000000e+01  4.240580411934e+00 -2.010818309984e+01 7.820611186498e-01 -4.950955502359e+01
1.371000000000e+01  4.261012580895e+00 -1.984191848232e+01 7.563571602784e-01 -4.908682670039e+01
1.372000000000e+01  4.287987434121e+00 -1.957635776746e+01 7.407916155522e-01 -4.866512545073e+01
1.373000000000e+01  4.321487825011e+00 -1.931165016904e+01 7.353356225552e-01 -4.824468643197e+01
1.374000000000e+01  4.361493147596e+00 -1.904794448347e+01 7.399549423798e-01 -4.782574405613e+01
1.375000000000e+01  4.407979345608e+00 -1.878538901211e+01 7.546099791667e-01 -4.740853186446e+01
1.376000000000e+01  4.460918923317e+00 -1.852413148382e+01 7.792558030423e-01 -4.699328240251e+01
1.377000000000e+01  4.520280958131e+00 -1.826431897794e+01 8.138421759406e-01 -4.658022709568e+01
1.378000000000e+01  4.586031114960e+00 -1.800609784748e+01 8.583135802929e-01 -4.616959612537e+01
1.379000000000e+01  4.658131662337e+00 -1.774961364282e+01 9.126092505666e-01 -4.576161830574e+01
1.380000000000e+01  4.736541490287e+00 -1.749501103579e+01 9.766632076338e-01 -4.535652096121e+01
1.381000000000e+01  4.821216129944e+00 -1.724243374424e+01 1.050404295947e+00 -4.495452980478e+01
1.382000000000e+01  4.912107774909e+00 -1.699202445712e+01 1.133756223498e+00 -4.455586881712e+01
1.383000000000e+01  5.009165304338e+00 -1.674392476005e+01 1.226637604536e+00 -4.416076012668e+01
1.384000000000e+01  5.112334307757e+00 -1.649827506155e+01 1.328962005014e+00 -4.376942389071e+01
1.385000000000e+01  5.221557111594e+00 -1.625521451984e+01 1.440637990739e+00 -4.338207817736e+01
1.386000000000e+01  5.336772807419e+00 -1.601488097027e+01 1.561569178189e+00 -4.299893884891e+01
1.387000000000e+01  5.457917281886e+00 -1.577741085349e+01 1.691654287968e+00 -4.262021944618e+01
1.388000000000e+01  5.584923248364e+00 -1.554293914426e+01 1.830787200868e+00 -4.224613107422e+01
1.389000000000e+01  5.717720280246e+00 -1.531159928107e+01 1.978857016488e+00 -4.187688228924e+01
1.390000000000e+01  5.856234845931e+00 -1.508352309651e+01 2.135748114394e+00 -4.151267898703e+01
1.391000000000e+01  6.000390345464e+00 -1.485884074850e+01 2.301340217753e+00 -4.115372429277e+01
1.392000000000e+01  6.150107148815e+00 -1.463768065224e+01 2.475508459429e+00 -4.080021845233e+01
1.393000000000e+01  6.305302635799e+00 -1.442016941321e+01 2.658123450475e+00 -4.045235872520e+01
1.394000000000e+01  6.465891237610e+00 -1.420643176092e+01 2.849051350991e+00 -4.011033927905e+01
1.395000000000e+01  6.631784479963e+00 -1.399659048368e+01 3.048153943297e+00 -3.977435108594e+01
1.396000000000e+01  6.802891027825e+00 -1.379076636431e+01 3.255288707373e+00 -3.944458182032e+01
1.397000000000e+01  6.979116731717e+00 -1.358907811680e+01 3.470308898529e+00 -3.912121575891e+01
1.398000000000e+01  7.160364675580e+00 -1.339164232409e+01 3.693063627237e+00 -3.880443368233e+01
1.399000000000e+01  7.346535226171e+00 -1.319857337678e+01 3.923397941095e+00 -3.849441277877e+01
1.400000000000e+01  7.537526083990e+00 -1.300998341299e+01 4.161152908859e+00 -3.819132654964e+01
1.401000000000e+01  7.733232335701e+00 -1.282598225927e+01 4.406165706494e+00 -3.789534471722e+01
1.402000000000e+01  7.933546508035e+00 -1.264667737268e+01 4.658269705199e+00 -3.760663313445e+01
1.403000000000e+01  8.138358623153e+00 -1.247217378400e+01 4.917294561339e+00 -3.732535369687e+01
1.404000000000e+01  8.347556255441e+00 -1.230257404211e+01 5.183066308243e+00 -3.705166425673e+01
1.405000000000e+01  8.561024589720e+00 -1.213797815960e+01 5.455407449805e+00 -3.678571853944e+01
1.406000000000e+01  8.778646480836e+00 -1.197848355955e+01 5.734137055840e+00 -3.652766606222e+01
1.407000000000e+01  9.000302514616e+00 -1.182418502364e+01 6.019070859131e+00 -3.627765205518e+01
1.408000000000e+01  9.225871070145e+00 -1.167517464150e+01 6.310021354118e+00 -3.603581738476e+01
1.409000000000e+01  9.455228383352e+00 -1.153154176131e+01 6.606797897178e+00 -3.580229847956e+01
1.410000000000e+01  9.688248611861e+00 -1.139337294184e+01 6.909206808425e+00 -3.557722725879e+01
1.411000000000e+01  9.924803901082e+00 -1.126075190576e+01 7.217051474986e+00 -3.536073106305e+01
1.412000000000e+01  1.016476445150e+01 -1.113375949430e+01 7.530132455698e+00 -3.515293258783e+01
1.413000000000e+01  1.040799858715e+01 -1.101247362343e+01 7.848247587158e+00 -3.495394981950e+01
1.414000000000e+01  1.065437282519e+01 -1.089696924131e+01 8.171192091087e+00 -3.476389597394e+01
1.415000000000e+01  1.090375194660e+01 -1.078731828730e+01 8.498758682937e+00 -3.458287943786e+01
1.416000000000e+01  1.115599906794e+01 -1.068358965241e+01 8.830737681692e+00 -3.441100371277e+01
1.417000000000e+01  1.141097571409e+01 -1.058584914120e+01 9.166917120810e+00 -3.424836736166e+01
1.418000000000e+01  1.166854189195e+01 -1.049415943528e+01 9.507082860245e+00 -3.409506395844e+01
1.419000000000e+01  1.192855616517e+01 -1.040858005829e+01 9.851018699501e+00 -3.395118204009e+01
1.420000000000e+01  1.219087572961e+01 -1.032916734244e+01 1.019850649165e+01 -3.381680506164e+01
1.421000000000e+01  1.245535648979e+01 -1.025597439669e+01 1.054932625828e+01 -3.369201135393e+01
1.422000000000e+01  1.272185313600e+01 -1.018905107650e+01 1.090325630530e+01 -3.357687408415e+01
1.423000000000e+01  1.299021922226e+01 -1.012844395523e+01 1.126007333953e+01 -3.347146121925e+01
1.424000000000e+01  1.326030724492e+01 -1.007419629719e+01 1.161955258610e+01 -3.337583549216e+01
1.425000000000e+01  1.353196872191e+01 -1.002634803234e+01 1.198146790650e+01 -3.329005437091e+01
1.426000000000e+01  1.380505427259e+01 -9.984935732777e+00 1.234559191729e+01 -3.321417003051e+01
1.427000000000e+01  1.407941369816e+01 -9.949992590819e+00 1.271169610941e+01 -3.314822932780e+01
1.428000000000e+01  1.435489606256e+01 -9.921548398924e+00 1.307955096799e+01 -3.309227377912e+01
1.429000000000e+01  1.463134977379e+01 -9.899629531325e+00 1.344892609270e+01 -3.304633954083e+01
1.430000000000e+01  1.490862266565e+01 -9.884258927451e+00 1.381959031849e+01 -3.301045739278e+01
1.431000000000e+01  1.518656207980e+01 -9.875456077140e+00 1.419131183668e+01 -3.298465272456e+01
1.432000000000e+01  1.546501494813e+01 -9.873237007673e+00 1.456385831640e+01 -3.296894552472e+01
1.433000000000e+01  1.574382787530e+01 -9.877614272622e+00 1.493699702631e+01 -3.296335037276e+01
1.434000000000e+01  1.602284722156e+01 -9.888596942554e+00 1.531049495643e+01 -3.296787643407e+01
1.435000000000e+01  1.630191918565e+01 -9.906190597577e+00 1.568411894026e+01 -3.298252745767e+01
1.436000000000e+01  1.658088988772e+01 -9.930397321769e+00 1.605763577683e+01 -3.300730177685e+01
1.437000000000e+01  1.685960545240e+01 -9.961215699477e+00 1.643081235291e+01 -3.304219231262e+01
1.438000000000e+01  1.713791209175e+01 -9.998640813504e+00 1.680341576517e+01 -3.308718657998e+01
1.439000000000e+01  1.741565618815e+01 -1.004266424520e+01 1.717521344216e+01 -3.314226669707e+01
1.440000000000e+01  1.769268437712e+01 -1.009327407647e+01 1.754597326631e+01 -3.320740939706e+01
1.441000000000e+01  1.796884362990e+01 -1.015045489365e+01 1.791546369556e+01 -3.328258604288e+01
1.442000000000e+01  1.824398133585e+01 -1.021418779335e+01 1.828345388490e+01 -3.336776264477e+01
1.443000000000e+01  1.851794538453e+01 -1.028445039019e+01 1.864971380742e+01 -3.346289988048e+01
1.444000000000e+01  1.879058424755e+01 -1.036121682642e+01 1.901401437514e+01 -3.356795311833e+01
1.445000000000e+01  1.906174705997e+01 -1.044445778356e+01 1.937612755926e+01 -3.368287244300e+01
1.446000000000e+01  1.933128370129e+01 -1.053414049584e+01 1.973582650999e+01 -3.380760268397e+01
1.447000000000e+01  1.959904487607e+01 -1.063022876561e+01 2.009288567583e+01 -3.394208344669e+01
1.448000000000e+01  1.986488219398e+01 -1.073268298066e+01 2.044708092212e+01 -3.408624914648e+01
1.449000000000e+01  2.012864824929e+01 -1.084146013344e+01 2.079818964905e+01 -3.424002904501e+01
1.450000000000e+01  2.039019669981e+01 -1.095651384215e+01 2.114599090879e+01 -3.440334728947e+01
1.451000000000e+01  2.064938234525e+01 -1.107779437373e+01 2.149026552190e+01 -3.457612295432e+01
1.452000000000e+01  2.090606120477e+01 -1.120524866873e+01 2.183079619281e+01 -3.475827008568e+01
1.453000000000e+01  2.116009059397e+01 -1.133882036801e+01 2.216736762442e+01 -3.494969774823e+01
1.454000000000e+01  2.141132920104e+01 -1.147844984134e+01 2.249976663163e+01 -3.515031007469e+01
1.455000000000e+01  2.165963716215e+01 -1.162407421777e+01 2.282778225388e+01 -3.536000631780e+01
1.456000000000e+01  2.190487613600e+01 -1.177562741782e+01 2.315120586655e+01 -3.557868090484e+01
1.457000000000e+01  2.214690937753e+01 -1.193304018753e+01 2.346983129117e+01 -3.580622349452e+01
1.458000000000e+01  2.238560181072e+01 -1.209624013422e+01 2.378345490438e+01 -3.604251903635e+01
1.459000000000e+01  2.262082010040e+01 -1.226515176400e+01 2.409187574563e+01 -3.628744783249e+01
1.460000000000e+01  2.285243272320e+01 -1.243969652106e+01 2.439489562348e+01 -3.654088560181e+01
1.461000000000e+01  2.308031003738e+01 -1.261979282864e+01 2.469231922047e+01 -3.680270354647e+01
1.462000000000e+01  2.330432435166e+01 -1.280535613171e+01 2.498395419660e+01 -3.707276842065e+01
1.463000000000e+01  2.352434999301e+01 -1.299629894124e+01 2.526961129113e+01 -3.735094260168e+01
1.464000000000e+01  2.374026337328e+01 -1.319253088021e+01 2.554910442292e+01 -3.763708416333e+01
1.465000000000e+01  2.395194305471e+01 -1.339395873113e+01 2.582225078907e+01 -3.793104695136e+01
1.466000000000e+01  2.415926981425e+01 -1.360048648521e+01 2.608887096180e+01 -3.823268066118e+01
1.467000000000e+01  2.436212670674e+01 -1.381201539303e+01 2.634878898368e+01 -3.854183091771e+01
1.468000000000e+01  2.456039912677e+01 -1.402844401673e+01 2.660183246096e+01 -3.885833935727e+01
1.469000000000e+01  2.475397486933e+01 -1.424966828373e+01 2.684783265509e+01 -3.918204371155e+01
1.470000000000e+01  2.494274418913e+01 -1.447558154188e+01 2.708662457227e+01 -3.951277789356e+01
1.471000000000e+01  2.512659985868e+01 -1.470607461601e+01 2.731804705110e+01 -3.985037208564e+01
1.472000000000e+01  2.530543722489e+01 -1.494103586587e+01 2.754194284815e+01 -4.019465282925e+01
1.473000000000e+01  2.547915426442e+01 -1.518035124551e+01 2.775815872150e+01 -4.054544311678e+01
1.474000000000e+01  2.564765163752e+01 -1.542390436385e+01 2.796654551220e+01 -4.090256248507e+01
1.475000000000e+01  2.581083274056e+01 -1.567157654666e+01 2.816695822349e+01 -4.126582711086e+01
1.476000000000e+01  2.596860375696e+01 -1.592324689968e+01 2.835925609790e+01 -4.163504990781e+01
1.477000000000e+01  2.612087370676e+01 -1.617879237302e+01 2.854330269208e+01 -4.201004062539e+01
1.478000000000e+01  2.626755449463e+01 -1.643808782674e+01 2.871896594933e+01 -4.239060594928e+01
1.479000000000e+01  2.640856095634e+01 -1.670100609753e+01 2.888611826982e+01 -4.277654960341e+01
1.480000000000e+01  2.654381090373e+01 -1.696741806648e+01 2.904463657847e+01 -4.316767245358e+01
1.481000000000e+01  2.667322516806e+01 -1.723719272800e+01 2.919440239038e+01 -4.356377261250e+01
1.482000000000e+01  2.679672764175e+01 -1.751019725965e+01 2.933530187383e+01 -4.396464554631e+01
1.483000000000e+01  2.691424531860e+01 -1.778629709304e+01 2.946722591090e+01 -4.437008418246e+01
1.484000000000e+01  2.702570833223e+01 -1.806535598559e+01 2.959007015542e+01 -4.477987901897e+01
1.485000000000e+01  2.713104999300e+01 -1.834723609329e+01 2.970373508853e+01 -4.519381823486e+01
1.486000000000e+01  2.723020682317e+01 -1.863179804423e+01 2.980812607161e+01 -4.561168780193e+01
1.487000000000e+01  2.732311859038e+01 -1.891890101303e+01 2.990315339661e+01 -4.603327159755e+01
1.488000000000e+01  2.740972833949e+01 -1.920840279596e+01 2.998873233377e+01 -4.645835151870e+01
1.489000000000e+01  2.748998242255e+01 -1.950015988692e+01 3.006478317670e+01 -4.688670759691e+01
1.490000000000e+01  2.756383052722e+01 -1.979402755397e+01 3.013123128477e+01 -4.731811811431e+01
1.491000000000e+01  2.763122570324e+01 -2.008985991666e+01 3.018800712277e+01 -4.775235972051e+01
1.492000000000e+01  2.769212438732e+01 -2.038751002383e+01 3.023504629797e+01 -4.818920755037e+01
1.493000000000e+01  2.774648642606e+01 -2.068682993212e+01 3.027228959428e+01 -4.862843534262e+01
1.494000000000e+01  2.779427509722e+01 -2.098767078489e+01 3.029968300378e+01 -4.906981555912e+01
1.495000000000e+01  2.783545712913e+01 -2.128988289169e+01 3.031717775543e+01 -4.951311950488e+01
1.496000000000e+01  2.787000271830e+01 -2.159331580813e+01 3.032473034098e+01 -4.995811744871e+01
1.497000000000e+01  2.789788554515e+01 -2.189781841621e+01 3.032230253808e+01 -5.040457874429e+01
1.498000000000e+01  2.791908278800e+01 -2.220323900491e+01 3.030986143063e+01 -5.085227195190e+01
1.499000000000e+01  2.793357513514e+01 -2.250942535116e+01 3.028737942621e+01 -5.130096496047e+01
1.500000000000e+01  2.794134679509e+01 -2.281622480106e+01 3.025483427078e+01 -5.175042510998e+01
1.501000000000e+01  2.794238550504e+01 -2.312348435132e+01 3.021220906041e+01 -5.220041931425e+01
1.502000000000e+01  2.793668253733e+01 -2.343105073088e+01 3.015949225033e+01 -5.265071418386e+01
1.503000000000e+01  2.792423270418e+01 -2.373877048262e+01 3.009667766097e+01 -5.310107614933e+01
1.504000000000e+01  2.790503436050e+01 -2.404649004527e+01 3.002376448121e+01 -5.355127158428e+01
1.505000000000e+01  2.787908940486e+01 -2.435405583525e+01 2.994075726882e+01 -5.400106692879e+01
1.506000000000e+01  2.784640327854e+01 -2.466131432859e+01 2.984766594793e+01 -5.445022881257e+01
1.507000000000e+01  2.780698496279e+01 -2.496811214278e+01 2.974450580376e+01 -5.489852417818e+01
1.508000000000e+01  2.776084697419e+01 -2.527429611850e+01 2.963129747443e+01 -5.534572040397e+01
1.509000000000e+01  2.770800535812e+01 -2.557971340135e+01 2.950806693993e+01 -5.579158542691e+01
1.510000000000e+01  2.764847968043e+01 -2.588421152323e+01 2.937484550828e+01 -5.623588786502e+01
1.511000000000e+01  2.758229301719e+01 -2.618763848365e+01 2.923166979882e+01 -5.667839713956e+01
1.512000000000e+01  2.750947194265e+01 -2.648984283072e+01 2.907858172267e+01 -5.711888359673e+01
1.513000000000e+01  2.743004651531e+01 -2.679067374184e+01 2.891562846046e+01 -5.755711862891e+01
1.514000000000e+01  2.734405026218e+01 -2.708998110407e+01 2.874286243712e+01 -5.799287479534e+01
1.515000000000e+01  2.725152016121e+01 -2.738761559410e+01 2.856034129400e+01 -5.842592594225e+01
1.516000000000e+01  2.715249662185e+01 -2.768342875780e+01 2.836812785818e+01 -5.885604732223e+01
1.517000000000e+01  2.704702346391e+01 -2.797727308925e+01 2.816629010898e+01 -5.928301571293e+01
1.518000000000e+01  2.693514789447e+01 -2.826900210939e+01 2.795490114181e+01 -5.970660953494e+01
1.519000000000e+01  2.681692048315e+01 -2.855847044391e+01 2.773403912925e+01 -6.012660896883e+01
1.520000000000e+01  2.669239513550e+01 -2.884553390079e+01 2.750378727942e+01 -6.054279607118e+01
1.521000000000e+01  2.656162906471e+01 -2.913004954698e+01 2.726423379174e+01 -6.095495488976e+01
1.522000000000e+01  2.642468276147e+01 -2.941187578453e+01 2.701547180997e+01 -6.136287157758e+01
1.523000000000e+01  2.628161996222e+01 -2.969087242601e+01 2.675759937264e+01 -6.176633450583e+01
1.524000000000e+01  2.613250761557e+01 -2.996690076908e+01 2.649071936093e+01 -6.216513437566e+01
1.525000000000e+01  2.597741584714e+01 -3.023982367038e+01 2.621493944392e+01 -6.255906432880e+01
1.526000000000e+01  2.581641792261e+01 -3.050950561847e+01 2.593037202131e+01 -6.294792005678e+01
1.527000000000e+01  2.564959020920e+01 -3.077581280601e+01 2.563713416365e+01 -6.333149990892e+01
1.528000000000e+01  2.547701213545e+01 -3.103861320092e+01 2.533534755005e+01 -6.370960499885e+01
1.529000000000e+01  2.529876614941e+01 -3.129777661671e+01 2.502513840352e+01 -6.408203930955e+01
1.530000000000e+01  2.511493767523e+01 -3.155317478170e+01 2.470663742379e+01 -6.444860979700e+01
1.531000000000e+01  2.492561506818e+01 -3.180468140728e+01 2.437997971786e+01 -6.480912649212e+01
1.532000000000e+01  2.473088956811e+01 -3.205217225516e+01 2.404530472814e+01 -6.516340260116e+01
1.533000000000e+01  2.453085525140e+01 -3.229552520341e+01 2.370275615829e+01 -6.551125460443e+01
1.534000000000e+01  2.432560898139e+01 -3.253462031150e+01 2.335248189688e+01 -6.585250235326e+01
1.535000000000e+01  2.411525035736e+01 -3.276933988403e+01 2.299463393870e+01 -6.618696916518e+01
1.536000000000e+01  2.389988166203e+01 -3.299956853342e+01 2.262936830401e+01 -6.651448191733e+01
1.537000000000e+01  2.367960780769e+01 -3.322519324128e+01 2.225684495560e+01 -6.683487113790e+01
1.538000000000e+01  2.345453628088e+01 -3.344610341849e+01 2.187722771374e+01 -6.714797109571e+01
1.539000000000e+01  2.322477708576e+01 -3.366219096409e+01 2.149068416913e+01 -6.745361988783e+01
1.540000000000e+01  2.299044268610e+01 -3.387335032274e+01 2.109738559382e+01 -6.775165952507e+01
1.541000000000e+01  2.275164794602e+01 -3.407947854092e+01 2.069750685018e+01 -6.804193601552e+01
1.542000000000e+01  2.250851006943e+01 -3.428047532162e+01 2.029122629798e+01 -6.832429944594e+01
1.543000000000e+01  2.226114853821e+01 -3.447624307778e+01 1.987872569959e+01 -6.859860406095e+01
1.544000000000e+01  2.200968504925e+01 -3.466668698415e+01 1.946019012341e+01 -6.886470834006e+01
1.545000000000e+01  2.175424345023e+01 -3.485171502773e+01 1.903580784553e+01 -6.912247507250e+01
1.546000000000e+01  2.149494967437e+01 -3.503123805675e+01 1.860577024965e+01 -6.937177142968e+01
1.547000000000e+01  2.123193167394e+01 -3.520516982807e+01 1.817027172543e+01 -6.961246903542e+01
1.548000000000e+01  2.096531935283e+01 -3.537342705306e+01 1.772950956520e+01 -6.984444403374e+01
1.549000000000e+01  2.069524449803e+01 -3.553592944194e+01 1.728368385910e+01 -7.006757715437e+01
1.550000000000e+01  2.042184071008e+01 -3.569259974645e+01 1.683299738881e+01 -7.028175377572e+01
1.551000000000e+01  2.014524333264e+01 -3.584336380100e+01 1.637765551980e+01 -7.048686398547e+01
1.552000000000e+01  1.986558938106e+01 -3.598815056209e+01 1.591786609224e+01 -7.068280263863e+01
1.553000000000e+01  1.958301747009e+01 -3.612689214614e+01 1.545383931054e+01 -7.086946941308e+01
1.554000000000e+01  1.929766774081e+01 -3.625952386559e+01 1.498578763174e+01 -7.104676886260e+01
1.555000000000e+01  1.900968178660e+01 -3.638598426337e+01 1.451392565261e+01 -7.121461046725e+01
1.556000000000e+01  1.871920257851e+01 -3.650621514558e+01 1.403846999563e+01 -7.137290868119e+01
1.557000000000e+01  1.842637438980e+01 -3.662016161247e+01 1.355963919397e+01 -7.152158297786e+01
1.558000000000e+01  1.813134271980e+01 -3.672777208768e+01 1.307765357538e+01 -7.166055789253e+01
1.559000000000e+01  1.783425421713e+01 -3.682899834572e+01 1.259273514513e+01 -7.178976306209e+01
1.560000000000e+01  1.753525660234e+01 -3.692379553762e+01 1.210510746811e+01 -7.190913326222e+01
1.561000000000e+01  1.723449858995e+01 -3.701212221487e+01 1.161499555008e+01 -7.201860844181e+01
1.562000000000e+01  1.693212980997e+01 -3.709394035148e+01 1.112262571814e+01 -7.211813375467e+01
1.563000000000e+01  1.662830072891e+01 -3.716921536426e+01 1.062822550050e+01 -7.220765958840e+01
1.564000000000e+01  1.632316257043e+01 -3.723791613126e+01 1.013202350566e+01 -7.228714159058e+01
1.565000000000e+01  1.601686723548e+01 -3.730001500841e+01 9.634249300950e+00 -7.235654069217e+01
1.566000000000e+01  1.570956722216e+01 -3.735548784423e+01 9.135133290620e+00 -7.241582312803e+01
1.567000000000e+01  1.540141554522e+01 -3.740431399282e+01 8.634906593439e+00 -7.246496045474e+01
1.568000000000e+01  1.509256565534e+01 -3.744647632481e+01 8.133800919947e+00 -7.250392956551e+01
1.569000000000e+01  1.478317135811e+01 -3.748196123664e+01 7.632048449382e+00 -7.253271270232e+01
1.570000000000e+01  1.447338673286e+01 -3.751075865780e+01 7.129881706361e+00 -7.255129746523e+01
1.571000000000e+01  1.416336605135e+01 -3.753286205633e+01 6.627533437370e+00 -7.255967681881e+01
1.572000000000e+01  1.385326369636e+01 -3.754826844234e+01 6.125236487146e+00 -7.255784909575e+01
1.573000000000e+01  1.354323408018e+01 -3.755697836969e+01 5.623223675001e+00 -7.254581799768e+01
1.574000000000e+01  1.323343156315e+01 -3.755899593584e+01 5.121727671159e+00 -7.252359259303e+01
1.575000000000e+01  1.292401037218e+01 -3.755432877972e+01 4.620980873177e+00 -7.249118731219e+01
1.576000000000e+01  1.261512451933e+01 -3.754298807782e+01 4.121215282500e+00 -7.244862193969e+01
1.577000000000e+01  1.230692772058e+01 -3.752498853831e+01 3.622662381237e+00 -7.239592160365e+01
1.578000000000e+01  1.199957331467e+01 -3.750034839337e+01 3.125553009203e+00 -7.233311676238e+01
1.579000000000e+01  1.169321418219e+01 -3.746908938961e+01 2.630117241304e+00 -7.226024318809e+01
1.580000000000e+01  1.138800266491e+01 -3.743123677662e+01 2.136584265326e+00 -7.217734194788e+01
1.581000000000e+01  1.108409048535e+01 -3.738681929368e+01 1.645182260199e+00 -7.208445938186e+01
1.582000000000e+01  1.078162866676e+01 -3.733586915463e+01 1.156138274784e+00 -7.198164707851e+01
1.583000000000e+01  1.048076745341e+01 -3.727842203082e+01 6.696781072650e-01 -7.186896184724e+01
1.584000000000e+01  1.018165623130e+01 -3.721451703236e+01 1.860261852069e-01 -7.174646568821e+01
1.585000000000e+01  9.884443449354e+00 -3.714419668742e+01 -2.945945536703e-01 -7.161422575936e+01
1.586000000000e+01  9.589276541076e+00 -3.706750691980e+01 -7.719627799224e-01 -7.147231434077e+01
1.587000000000e+01  9.296301846780e+00 -3.698449702462e+01 -1.245858889962e+00 -7.132080879625e+01
1.588000000000e+01  9.005664536374e+00 -3.689521964234e+01 -1.716065122727e+00 -7.115979153226e+01
1.589000000000e+01  8.717508532774e+00 -3.679973073086e+01 -2.182365675373e+00 -7.098934995417e+01
1.590000000000e+01  8.431976435980e+00 -3.669808953598e+01 -2.644546817924e+00 -7.080957641986e+01
1.591000000000e+01  8.149209447857e+00 -3.659035856007e+01 -3.102397006840e+00 -7.062056819070e+01
1.592000000000e+01  7.869347297654e+00 -3.647660352898e+01 -3.555706997407e+00 -7.042242737991e+01
1.593000000000e+01  7.592528168304e+00 -3.635689335731e+01 -4.004269954929e+00 -7.021526089841e+01
1.594000000000e+01  7.318888623549e+00 -3.623130011193e+01 -4.447881564631e+00 -6.999918039809e+01
1.595000000000e+01  7.048563535918e+00 -3.609989897385e+01 -4.886340140232e+00 -6.977430221253e+01
1.596000000000e+01  6.781686015614e+00 -3.596276819846e+01 -5.319446731132e+00 -6.954074729533e+01
1.597000000000e+01  6.518387340318e+00 -3.581998907406e+01 -5.747005228140e+00 -6.929864115594e+01
1.598000000000e+01  6.258796885985e+00 -3.567164587891e+01 -6.168822467708e+00 -6.904811379307e+01
1.599000000000e+01  6.003042058636e+00 -3.551782583656e+01 -6.584708334597e+00 -6.878929962574e+01
1.600000000000e+01  5.751248227202e+00 -3.535861906971e+01 -6.994475862937e+00 -6.852233742200e+01
1.601000000000e+01  5.503538657447e+00 -3.519411855249e+01 -7.397941335611e+00 -6.824737022534e+01
1.602000000000e+01  5.260034447003e+00 -3.502442006123e+01 -7.794924381930e+00 -6.796454527880e+01
1.603000000000e+01  5.020854461568e+00 -3.484962212375e+01 -8.185248073526e+00 -6.767401394693e+01
1.604000000000e+01  4.786115272272e+00 -3.466982596719e+01 -8.568739018427e+00 -6.737593163549e+01
1.605000000000e+01  4.555931094274e+00 -3.448513546442e+01 -8.945227453261e+00 -6.707045770910e+01
1.606000000000e+01  4.330413726605e+00 -3.429565707900e+01 -9.314547333537e+00 -6.675775540668e+01
1.607000000000e+01  4.109672493290e+00 -3.410149980882e+01 -9.676536421959e+00 -6.643799175495e+01
1.608000000000e+01  3.893814185786e+00 -3.390277512834e+01 -1.003103637472e+01 -6.611133747984e+01
1.609000000000e+01  3.682943006769e+00 -3.369959692959e+01 -1.037789282574e+01 -6.577796691605e+01
1.610000000000e+01  3.477160515283e+00 -3.349208146179e+01 -1.071695546880e+01 -6.543805791453e+01
1.611000000000e+01  3.276565573308e+00 -3.328034726981e+01 -1.104807813752e+01 -6.509179174829e+01
1.612000000000e+01  3.081254293742e+00 -3.306451513134e+01 -1.137111888313e+01 -6.473935301626e+01
1.613000000000e+01  2.891319989855e+00 -3.284470799291e+01 -1.168594005006e+01 -6.438092954549e+01
1.614000000000e+01  2.706853126226e+00 -3.262105090474e+01 -1.199240834920e+01 -6.401671229151e+01
1.615000000000e+01  2.527941271186e+00 -3.239367095452e+01 -1.229039492889e+01 -6.364689523723e+01
1.616000000000e+01  2.354669050804e+00 -3.216269720000e+01 -1.257977544351e+01 -6.327167529004e+01
1.617000000000e+01  2.187118104432e+00 -3.192826060065e+01 -1.286043011974e+01 -6.289125217749e+01
1.618000000000e+01  2.025367041839e+00 -3.169049394825e+01 -1.313224382039e+01 -6.250582834147e+01
1.619000000000e+01  1.869491401942e+00 -3.144953179649e+01 -1.339510610573e+01 -6.211560883087e+01
1.620000000000e+01  1.719563613182e+00 -3.120551038969e+01 -1.364891129237e+01 -6.172080119297e+01
1.621000000000e+01  1.575652955539e+00 -3.095856759054e+01 -1.389355850966e+01 -6.132161536345e+01
1.622000000000e+01  1.437825524219e+00 -3.070884280705e+01 -1.412895175342e+01 -6.091826355515e+01
1.623000000000e+01  1.306144195040e+00 -3.045647691864e+01 -1.435499993725e+01 -6.051096014562e+01
1.624000000000e+01  1.180668591512e+00 -3.020161220147e+01 -1.457161694110e+01 -6.009992156358e+01
1.625000000000e+01  1.061455053656e+00 -2.994439225296e+01 -1.477872165731e+01 -5.968536617420e+01
1.626000000000e+01  9.485566085605e-01 -2.968496191570e+01 -1.497623803392e+01 -5.926751416345e+01
1.627000000000e+01  8.420229426901e-01 -2.942346720062e+01 -1.516409511538e+01 -5.884658742146e+01
1.628000000000e+01  7.419003759768e-01 -2.916005520957e+01 -1.534222708046e+01 -5.842280942497e+01
1.629000000000e+01  6.482318376904e-01 -2.889487405731e+01 -1.551057327757e+01 -5.799640511895e+01
1.630000000000e+01  5.610568441105e-01 -2.862807279292e+01 -1.566907825721e+01 -5.756760079750e+01
1.631000000000e+01  4.804114780091e-01 -2.835980132080e+01 -1.581769180178e+01 -5.713662398391e+01
1.632000000000e+01  4.063283699541e-01 -2.809021032108e+01 -1.595636895253e+01 -5.670370331024e+01
1.633000000000e+01  3.388366814449e-01 -2.781945116975e+01 -1.608507003380e+01 -5.626906839623e+01
1.634000000000e+01  2.779620898881e-01 -2.754767585831e+01 -1.620376067438e+01 -5.583294972767e+01
1.635000000000e+01  2.237267754210e-01 -2.727503691309e+01 -1.631241182616e+01 -5.539557853438e+01
1.636000000000e+01  1.761494095910e-01 -2.700168731440e+01 -1.641099977986e+01 -5.495718666779e+01
1.637000000000e+01  1.352451458946e-01 -2.672778041526e+01 -1.649950617801e+01 -5.451800647816e+01
1.638000000000e+01  1.010256121841e-01 -2.645346986003e+01 -1.657791802508e+01 -5.407827069158e+01
1.639000000000e+01  7.349890494221e-02 -2.617890950285e+01 -1.664622769469e+01 -5.363821228682e+01
1.640000000000e+01  5.266958543038e-02 -2.590425332600e+01 -1.670443293412e+01 -5.319806437192e+01
1.641000000000e+01  3.853867771161e-02 -2.562965535807e+01 -1.675253686585e+01 -5.275806006089e+01
1.642000000000e+01  3.110366854832e-02 -2.535526959223e+01 -1.679054798630e+01 -5.231843235027e+01
1.643000000000e+01  3.035850917584e-02 -2.508124990444e+01 -1.681848016176e+01 -5.187941399590e+01
1.644000000000e+01  3.629361894990e-02 -2.480774997168e+01 -1.683635262138e+01 -5.144123738969e+01
1.645000000000e+01  4.889589086635e-02 -2.453492319036e+01 -1.684418994741e+01 -5.100413443668e+01
1.646000000000e+01  6.814869894966e-02 -2.426292259481e+01 -1.684202206256e+01 -5.056833643238e+01
1.647000000000e+01  9.403190750629e-02 -2.399190077595e+01 -1.682988421454e+01 -5.013407394037e+01
1.648000000000e+01  1.265218822376e-01 -2.372200980019e+01 -1.680781695777e+01 -4.970157667036e+01
1.649000000000e+01  1.655915032062e-01 -2.345340112865e+01 -1.677586613228e+01 -4.927107335670e+01
1.650000000000e+01  2.112101796490e-01 -2.318622553659e+01 -1.673408283984e+01 -4.884279163742e+01
1.651000000000e+01  2.633438666278e-01 -2.292063303326e+01 -1.668252341724e+01 -4.841695793385e+01
1.652000000000e+01  3.219550835094e-01 -2.265677278213e+01 -1.662124940683e+01 -4.799379733090e+01
1.653000000000e+01  3.870029342644e-01 -2.239479302154e+01 -1.655032752432e+01 -4.757353345808e+01
1.654000000000e+01  4.584431295744e-01 -2.213484098585e+01 -1.646982962377e+01 -4.715638837129e+01
1.655000000000e+01  5.362280107338e-01 -2.187706282711e+01 -1.637983265995e+01 -4.674258243547e+01
1.656000000000e+01  6.203065753353e-01 -2.162160353723e+01 -1.628041864792e+01 -4.633233420811e+01
1.657000000000e+01  7.106245047238e-01 -2.136860687084e+01 -1.617167461991e+01 -4.592586032383e+01
1.658000000000e+01  8.071241932039e-01 -2.111821526875e+01 -1.605369257963e+01 -4.552337537987e+01
1.659000000000e+01  9.097447789852e-01 -2.087056978208e+01 -1.592656945387e+01 -4.512509182278e+01
1.660000000000e+01  1.018422176849e+00 -2.062580999711e+01 -1.579040704147e+01 -4.473121983619e+01
1.661000000000e+01  1.133089112516e+00 -2.038407396095e+01 -1.564531195979e+01 -4.434196722985e+01
1.662000000000e+01  1.253675158703e+00 -2.014549810794e+01 -1.549139558850e+01 -4.395753932990e+01
1.663000000000e+01  1.380106772841e+00 -1.991021718694e+01 -1.532877401099e+01 -4.357813887048e+01
1.664000000000e+01  1.512307336435e+00 -1.967836418945e+01 -1.515756795311e+01 -4.320396588672e+01
1.665000000000e+01  1.650197196055e+00 -1.945007027872e+01 -1.497790271960e+01 -4.283521760921e+01
1.666000000000e+01  1.793693705918e+00 -1.922546471977e+01 -1.478990812797e+01 -4.247208835993e+01
1.667000000000e+01  1.942711272055e+00 -1.900467481036e+01 -1.459371844007e+01 -4.211476944974e+01
1.668000000000e+01  2.097161398028e+00 -1.878782581312e+01 -1.438947229121e+01 -4.176344907749e+01
1.669000000000e+01  2.256952732176e+00 -1.857504088859e+01 -1.417731261701e+01 -4.141831223079e+01
1.670000000000e+01  2.421991116365e+00 -1.836644102952e+01 -1.395738657796e+01 -4.107954058848e+01
1.671000000000e+01  2.592179636211e+00 -1.816214499613e+01 -1.372984548172e+01 -4.074731242487e+01
1.672000000000e+01  2.767418672759e+00 -1.796226925274e+01 -1.349484470318e+01 -4.042180251581e+01
1.673000000000e+01  2.947605955578e+00 -1.776692790545e+01 -1.325254360240e+01 -4.010318204657e+01
1.674000000000e+01  3.132636617248e+00 -1.757623264113e+01 -1.300310544042e+01 -3.979161852171e+01
1.675000000000e+01  3.322403249217e+00 -1.739029266771e+01 -1.274669729295e+01 -3.948727567686e+01
1.676000000000e+01  3.516795958978e+00 -1.720921465572e+01 -1.248348996205e+01 -3.919031339247e+01
1.677000000000e+01  3.715702428564e+00 -1.703310268118e+01 -1.221365788586e+01 -3.890088760968e+01
1.678000000000e+01  3.919007974298e+00 -1.686205816993e+01 -1.193737904632e+01 -3.861915024822e+01
1.679000000000e+01  4.126595607792e+00 -1.669617984327e+01 -1.165483487500e+01 -3.834524912649e+01
1.680000000000e+01  4.338346098145e+00 -1.653556366512e+01 -1.136621015719e+01 -3.807932788375e+01
1.681000000000e+01  4.554138035313e+00 -1.638030279056e+01 -1.107169293404e+01 -3.782152590461e+01
1.682000000000e+01  4.773847894620e+00 -1.623048751592e+01 -1.077147440306e+01 -3.757197824567e+01
1.683000000000e+01  4.997350102366e+00 -1.608620523041e+01 -1.046574881693e+01 -3.733081556451e+01
1.684000000000e+01  5.224517102508e+00 -1.594754036924e+01 -1.015471338062e+01 -3.709816405098e+01
1.685000000000e+01  5.455219424369e+00 -1.581457436836e+01 -9.838568146946e+00 -3.687414536087e+01
1.686000000000e+01  5.689325751339e+00 -1.568738562077e+01 -9.517515910635e+00 -3.665887655193e+01
1.687000000000e+01  5.926702990547e+00 -1.556604943454e+01 -9.191762100860e+00 -3.645247002231e+01
1.688000000000e+01  6.167216343435e+00 -1.545063799237e+01 -8.861514672398e+00 -3.625503345148e+01
1.689000000000e+01  6.410729377235e+00 -1.534122031294e+01 -8.526983995412e+00 -3.606666974362e+01
1.690000000000e+01  6.657104097275e+00 -1.523786221391e+01 -8.188382743941e+00 -3.588747697345e+01
1.691000000000e+01  6.906201020105e+00 -1.514062627661e+01 -7.845925783142e+00 -3.571754833470e+01
1.692000000000e+01  7.157879247380e+00 -1.504957181262e+01 -7.499830055351e+00 -3.555697209100e+01
1.693000000000e+01  7.411996540482e+00 -1.496475483194e+01 -7.150314465028e+00 -3.540583152945e+01
1.694000000000e+01  7.668409395822e+00 -1.488622801311e+01 -6.797599762633e+00 -3.526420491674e+01
1.695000000000e+01  7.926973120798e+00 -1.481404067506e+01 -6.441908427510e+00 -3.513216545786e+01
1.696000000000e+01  8.187541910360e+00 -1.474823875081e+01 -6.083464549827e+00 -3.500978125747e+01
1.697000000000e+01  8.449968924146e+00 -1.468886476302e+01 -5.722493711654e+00 -3.489711528390e+01
1.698000000000e+01  8.714106364146e+00 -1.463595780146e+01 -5.359222867217e+00 -3.479422533583e+01
1.699000000000e+01  8.979805552852e+00 -1.458955350226e+01 -4.993880222415e+00 -3.470116401161e+01
1.700000000000e+01  9.246917011859e+00 -1.454968402920e+01 -4.626695113649e+00 -3.461797868128e+01
1.701000000000e+01  9.515290540871e+00 -1.451637805677e+01 -4.257897886041e+00 -3.454471146128e+01
1.702000000000e+01  9.784775297074e+00 -1.448966075528e+01 -3.887719771097e+00 -3.448139919191e+01
1.703000000000e+01  1.005521987483e+01 -1.446955377788e+01 -3.516392763880e+00 -3.442807341737e+01
1.704000000000e+01  1.032647238564e+01 -1.445607524948e+01 -3.144149499773e+00 -3.438476036867e+01
1.705000000000e+01  1.059838053842e+01 -1.444923975772e+01 -2.771223130877e+00 -3.435148094917e+01
1.706000000000e+01  1.087079171983e+01 -1.444905834583e+01 -2.397847202136e+00 -3.432825072284e+01
1.707000000000e+01  1.114355307495e+01 -1.445553850760e+01 -2.024255527226e+00 -3.431507990529e+01
1.708000000000e+01  1.141651158790e+01 -1.446868418415e+01 -1.650682064302e+00 -3.431197335750e+01
1.709000000000e+01  1.168951416267e+01 -1.448849576288e+01 -1.277360791658e+00 -3.431893058226e+01
1.710000000000e+01  1.196240770387e+01 -1.451497007834e+01 -9.045255833651e-01 -3.433594572337e+01
1.711000000000e+01  1.223503919760e+01 -1.454810041506e+01 -5.324100849586e-01 -3.436300756753e+01
1.712000000000e+01  1.250725579214e+01 -1.458787651246e+01 -1.612475892448e-01 -3.440009954895e+01
1.713000000000e+01  1.277890487866e+01 -1.463428457172e+01 2.087290877124e-01 -3.444719975671e+01
1.714000000000e+01  1.304983417170e+01 -1.468730726466e+01 5.772877303524e-01 -3.450428094475e+01
1.715000000000e+01  1.331989178960e+01 -1.474692374463e+01 9.441968470624e-01 -3.457131054467e+01
1.716000000000e+01  1.358892633458e+01 -1.481310965937e+01 1.309225793237e+00 -3.464825068110e+01
1.717000000000e+01  1.385678697268e+01 -1.488583716583e+01 1.672144893886e+00 -3.473505818986e+01
1.718000000000e+01  1.412332351332e+01 -1.496507494707e+01 2.032725565729e+00 -3.483168463875e+01
1.719000000000e+01  1.438838648859e+01 -1.505078823099e+01 2.390740438702e+00 -3.493807635098e+01
1.720000000000e+01  1.465182723213e+01 -1.514293881108e+01 2.745963476816e+00 -3.505417443133e+01
1.721000000000e+01  1.491349795756e+01 -1.524148506916e+01 3.098170098311e+00 -3.517991479492e+01
1.722000000000e+01  1.517325183655e+01 -1.534638199991e+01 3.447137295019e+00 -3.531522819855e+01
1.723000000000e+01  1.543094307624e+01 -1.545758123743e+01 3.792643750899e+00 -3.546004027483e+01
1.724000000000e+01  1.568642699629e+01 -1.557503108361e+01 4.134469959654e+00 -3.561427156873e+01
1.725000000000e+01  1.593956010520e+01 -1.569867653841e+01 4.472398341394e+00 -3.577783757687e+01
1.726000000000e+01  1.619020017610e+01 -1.582845933191e+01 4.806213358263e+00 -3.595064878933e+01
1.727000000000e+01  1.643820632182e+01 -1.596431795826e+01 5.135701628977e+00 -3.613261073407e+01
1.728000000000e+01  1.668343906933e+01 -1.610618771135e+01 5.460652042211e+00 -3.632362402387e+01
1.729000000000e+01  1.692576043336e+01 -1.625400072227e+01 5.780855868784e+00 -3.652358440581e+01
1.730000000000e+01  1.716503398925e+01 -1.640768599848e+01 6.096106872567e+00 -3.673238281337e+01
1.731000000000e+01  1.740112494505e+01 -1.656716946467e+01 6.406201420073e+00 -3.694990542089e+01
1.732000000000e+01  1.763390021265e+01 -1.673237400532e+01 6.710938588661e+00 -3.717603370068e+01
1.733000000000e+01  1.786322847808e+01 -1.690321950884e+01 7.010120273305e+00 -3.741064448248e+01
1.734000000000e+01  1.808898027086e+01 -1.707962291329e+01 7.303551291875e+00 -3.765361001546e+01
1.735000000000e+01  1.831102803232e+01 -1.726149825374e+01 7.591039488863e+00 -3.790479803264e+01
1.736000000000e+01  1.852924618299e+01 -1.744875671101e+01 7.872395837524e+00 -3.816407181768e+01
1.737000000000e+01  1.874351118884e+01 -1.764130666201e+01 8.147434540355e+00 -3.843129027416e+01
1.738000000000e+01  1.895370162648e+01 -1.783905373142e+01 8.415973127883e+00 -3.870630799717e+01
1.739000000000e+01  1.915969824721e+01 -1.804190084480e+01 8.677832555703e+00 -3.898897534723e+01
1.740000000000e+01  1.936138403991e+01 -1.824974828307e+01 8.932837299710e+00 -3.927913852662e+01
1.741000000000e+01  1.955864429269e+01 -1.846249373825e+01 9.180815449500e+00 -3.957663965792e+01
1.742000000000e+01  1.975136665338e+01 -1.868003237049e+01 9.421598799862e+00 -3.988131686486e+01
1.743000000000e+01  1.993944118862e+01 -1.890225686633e+01 9.655022940352e+00 -4.019300435544e+01
1.744000000000e+01  2.012276044177e+01 -1.912905749813e+01 9.880927342865e+00 -4.051153250717e+01
1.745000000000e+01  2.030121948937e+01 -1.936032218458e+01 1.009915544720e+01 -4.083672795460e+01
1.746000000000e+01  2.047471599628e+01 -1.959593655245e+01 1.030955474454e+01 -4.116841367886e+01
1.747000000000e+01  2.064315026939e+01 -1.983578399921e+01 1.051197685885e+01 -4.150640909942e+01
1.748000000000e+01  2.080642530994e+01 -2.007974575679e+01 1.070627762607e+01 -4.185053016784e+01
1.749000000000e+01  2.096444686424e+01 -2.032770095622e+01 1.089231717122e+01 -4.220058946353e+01
1.750000000000e+01  2.111712347306e+01 -2.057952669331e+01 1.106995998312e+01 -4.255639629156e+01
1.751000000000e+01  2.126436651938e+01 -2.083509809504e+01 1.123907498702e+01 -4.291775678228e+01
1.752000000000e+01  2.140609027459e+01 -2.109428838698e+01 1.139953561479e+01 -4.328447399299e+01
1.753000000000e+01  2.154221194321e+01 -2.135696896139e+01 1.155121987284e+01 -4.365634801123e+01
1.754000000000e+01  2.167265170585e+01 -2.162300944611e+01 1.169401040762e+01 -4.403317606003e+01
1.755000000000e+01  2.179733276071e+01 -2.189227777427e+01 1.182779456880e+01 -4.441475260482e+01
1.756000000000e+01  2.191618136327e+01 -2.216464025454e+01 1.195246446984e+01 -4.480086946193e+01
1.757000000000e+01  2.202912686448e+01 -2.243996164215e+01 1.206791704629e+01 -4.519131590884e+01
1.758000000000e+01  2.213610174710e+01 -2.271810521053e+01 1.217405411142e+01 -4.558587879585e+01
1.759000000000e+01  2.223704166043e+01 -2.299893282343e+01 1.227078240938e+01 -4.598434265933e+01
1.760000000000e+01  2.233188545333e+01 -2.328230500775e+01 1.235801366581e+01 -4.638648983633e+01
1.761000000000e+01  2.242057520539e+01 -2.356808102676e+01 1.243566463580e+01 -4.679210058055e+01
1.762000000000e+01  2.250305625647e+01 -2.385611895385e+01 1.250365714929e+01 -4.720095317965e+01
1.763000000000e+01  2.257927723443e+01 -2.414627574677e+01 1.256191815375e+01 -4.761282407371e+01
1.764000000000e+01  2.264919008102e+01 -2.443840732222e+01 1.261037975426e+01 -4.802748797487e+01
1.765000000000e+01  2.271275007606e+01 -2.473236863091e+01 1.264897925082e+01 -4.844471798805e+01
1.766000000000e+01  2.276991585980e+01 -2.502801373291e+01 1.267765917301e+01 -4.886428573268e+01
1.767000000000e+01  2.282064945344e+01 -2.532519587338e+01 1.269636731184e+01 -4.928596146532e+01
1.768000000000e+01  2.286491627788e+01 -2.562376755858e+01 1.270505674888e+01 -4.970951420318e+01
1.769000000000e+01  2.290268517059e+01 -2.592358063213e+01 1.270368588260e+01 -5.013471184842e+01
1.770000000000e+01  2.293392840070e+01 -2.622448635155e+01 1.269221845188e+01 -5.056132131308e+01
1.771000000000e+01  2.295862168225e+01 -2.652633546497e+01 1.267062355676e+01 -5.098910864475e+01
1.772000000000e+01  2.297674418557e+01 -2.682897828804e+01 1.263887567630e+01 -5.141783915270e+01
1.773000000000e+01  2.298827854688e+01 -2.713226478098e+01 1.259695468366e+01 -5.184727753453e+01
1.774000000000e+01  2.299321087601e+01 -2.743604462576e+01 1.254484585822e+01 -5.227718800318e+01
1.775000000000e+01  2.299153076227e+01 -2.774016730333e+01 1.248253989497e+01 -5.270733441433e+01
1.776000000000e+01  2.298323127853e+01 -2.804448217094e+01 1.241003291092e+01 -5.313748039391e+01
1.777000000000e+01  2.296830898342e+01 -2.834883853950e+01 1.232732644865e+01 -5.356738946592e+01
1.778000000000e+01  2.294676392170e+01 -2.865308575087e+01 1.223442747703e+01 -5.399682518024e+01
1.779000000000e+01  2.291859962284e+01 -2.895707325516e+01 1.213134838897e+01 -5.442555124048e+01
1.780000000000e+01  2.288382309770e+01 -2.926065068797e+01 1.201810699629e+01 -5.485333163175e+01
1.781000000000e+01  2.284244483346e+01 -2.956366794746e+01 1.189472652177e+01 -5.527993074832e+01
1.782000000000e+01  2.279447878670e+01 -2.986597527137e+01 1.176123558823e+01 -5.570511352103e+01
1.783000000000e+01  2.273994237463e+01 -3.016742331379e+01 1.161766820473e+01 -5.612864554437e+01
1.784000000000e+01  2.267885646463e+01 -3.046786322180e+01 1.146406374991e+01 -5.655029320330e+01
1.785000000000e+01  2.261124536185e+01 -3.076714671180e+01 1.130046695245e+01 -5.696982379953e+01
1.786000000000e+01  2.253713679513e+01 -3.106512614562e+01 1.112692786863e+01 -5.738700567731e+01
1.787000000000e+01  2.245656190111e+01 -3.136165460628e+01 1.094350185709e+01 -5.780160834865e+01
1.788000000000e+01  2.236955520656e+01 -3.165658597350e+01 1.075024955066e+01 -5.821340261786e+01
1.789000000000e+01  2.227615460898e+01 -3.194977499867e+01 1.054723682539e+01 -5.862216070541e+01
1.790000000000e+01  2.217640135541e+01 -3.224107737959e+01 1.033453476683e+01 -5.902765637088e+01
1.791000000000e+01  2.207034001958e+01 -3.253034983462e+01 1.011221963338e+01 -5.942966503518e+01
1.792000000000e+01  2.195801847727e+01 -3.281745017643e+01 9.880372816935e+00 -5.982796390174e+01
1.793000000000e+01  2.183948788001e+01 -3.310223738518e+01 9.639080800751e+00 -6.022233207670e+01
1.794000000000e+01  2.171480262705e+01 -3.338457168116e+01 9.388435114566e+00 -6.061255068810e+01
1.795000000000e+01  2.158402033572e+01 -3.366431459685e+01 9.128532286993e+00 -6.099840300386e+01
1.796000000000e+01  2.144720181007e+01 -3.394132904836e+01 8.859473795225e+00 -6.137967454858e+01
1.797000000000e+01  2.130441100786e+01 -3.421547940611e+01 8.581366012067e+00 -6.175615321911e+01
1.798000000000e+01  2.115571500601e+01 -3.448663156497e+01 8.294320150332e+00 -6.212762939878e+01
1.799000000000e+01  2.100118396435e+01 -3.475465301349e+01 7.998452204624e+00 -6.249389607017e+01
1.800000000000e+01  2.084089108780e+01 -3.501941290248e+01 7.693882890539e+00 -6.285474892659e+01
1.801000000000e+01  2.067491258706e+01 -3.528078211272e+01 7.380737581321e+00 -6.320998648191e+01
1.802000000000e+01  2.050332763763e+01 -3.553863332184e+01 7.059146242006e+00 -6.355941017888e+01
1.803000000000e+01  2.032621833741e+01 -3.579284107029e+01 6.729243361085e+00 -6.390282449585e+01
1.804000000000e+01  2.014366966273e+01 -3.604328182642e+01 6.391167879731e+00 -6.424003705177e+01
1.805000000000e+01  1.995576942291e+01 -3.628983405063e+01 6.045063118615e+00 -6.457085870950e+01
1.806000000000e+01  1.976260821340e+01 -3.653237825847e+01 5.691076702374e+00 -6.489510367731e+01
1.807000000000e+01  1.956427936742e+01 -3.677079708272e+01 5.329360481739e+00 -6.521258960854e+01
1.808000000000e+01  1.936087890623e+01 -3.700497533451e+01 4.960070453401e+00 -6.552313769936e+01
1.809000000000e+01  1.915250548802e+01 -3.723480006321e+01 4.583366677626e+00 -6.582657278465e+01
1.810000000000e+01  1.893926035544e+01 -3.746016061532e+01 4.199413193690e+00 -6.612272343179e+01
1.811000000000e+01  1.872124728173e+01 -3.768094869208e+01 3.808377933166e+00 -6.641142203251e+01
1.812000000000e+01  1.849857251565e+01 -3.789705840605e+01 3.410432631104e+00 -6.669250489256e+01
1.813000000000e+01  1.827134472506e+01 -3.810838633631e+01 3.005752735177e+00 -6.696581231936e+01
1.814000000000e+01  1.803967493930e+01 -3.831483158249e+01 2.594517312810e+00 -6.723118870735e+01
1.815000000000e+01  1.780367649027e+01 -3.851629581754e+01 2.176908956373e+00 -6.748848262120e+01
1.816000000000e+01  1.756346495242e+01 -3.871268333912e+01 1.753113686466e+00 -6.773754687678e+01
1.817000000000e+01  1.731915808151e+01 -3.890390111973e+01 1.323320853359e+00 -6.797823861970e+01
1.818000000000e+01  1.707087575231e+01 -3.908985885538e+01 8.877230366442e-01 -6.821041940166e+01
1.819000000000e+01  1.681873989508e+01 -3.927046901296e+01 4.465159431445e-01 -6.843395525430e+01
1.820000000000e+01  1.656287443116e+01 -3.944564687612e+01 -1.016968585079e-04 -6.864871676072e+01
1.821000000000e+01  1.630340520737e+01 -3.961531058971e+01 -4.519282350244e-01 -6.885457912444e+01
1.822000000000e+01  1.604045992953e+01 -3.977938120281e+01 -9.087592119232e-01 -6.905142223599e+01
1.823000000000e+01  1.577416809491e+01 -3.993778271018e+01 -1.370387465517e+00 -6.923913073686e+01
1.824000000000e+01  1.550466092389e+01 -4.009044209220e+01 -1.836603241095e+00 -6.941759408100e+01
1.825000000000e+01  1.523207129056e+01 -4.023728935336e+01 -2.307194302602e+00 -6.958670659360e+01
1.826000000000e+01  1.495653365263e+01 -4.037825755902e+01 -2.781946045302e+00 -6.974636752743e+01
1.827000000000e+01  1.467818398038e+01 -4.051328287077e+01 -3.260641609716e+00 -6.989648111633e+01
1.828000000000e+01  1.439715968492e+01 -4.064230458001e+01 -3.743061996767e+00 -7.003695662621e+01
1.829000000000e+01  1.411359954563e+01 -4.076526514003e+01 -4.228986184081e+00 -7.016770840324e+01
1.830000000000e+01  1.382764363699e+01 -4.088211019638e+01 -4.718191243370e+00 -7.028865591932e+01
1.831000000000e+01  1.353943325459e+01 -4.099278861559e+01 -5.210452458842e+00 -7.039972381490e+01
1.832000000000e+01  1.324911084069e+01 -4.109725251222e+01 -5.705543446573e+00 -7.050084193891e+01
1.833000000000e+01  1.295681990898e+01 -4.119545727421e+01 -6.203236274769e+00 -7.059194538599e+01
1.834000000000e+01  1.266270496896e+01 -4.128736158653e+01 -6.703301584865e+00 -7.067297453086e+01
1.835000000000e+01  1.236691144974e+01 -4.137292745307e+01 -7.205508713393e+00 -7.074387505993e+01
1.836000000000e+01  1.206958562328e+01 -4.145212021687e+01 -7.709625814541e+00 -7.080459800001e+01
1.837000000000e+01  1.177087452735e+01 -4.152490857851e+01 -8.215419983359e+00 -7.085509974417e+01
1.838000000000e+01  1.147092588795e+01 -4.159126461280e+01 -8.722657379530e+00 -7.089534207483e+01
1.839000000000e+01  1.116988804147e+01 -4.165116378369e+01 -9.231103351639e+00 -7.092529218384e+01
1.840000000000e+01  1.086790985649e+01 -4.170458495741e+01 -9.740522561890e+00 -7.094492268976e+01
1.841000000000e+01  1.056514065527e+01 -4.175151041380e+01 -1.025067911118e+01 -7.095421165222e+01
1.842000000000e+01  1.026173013509e+01 -4.179192585586e+01 -1.076133666450e+01 -7.095314258342e+01
1.843000000000e+01  9.957828289364e+00 -4.182582041753e+01 -1.127225857652e+01 -7.094170445662e+01
1.844000000000e+01  9.653585328523e+00 -4.185318666960e+01 -1.178320801741e+01 -7.091989171187e+01
1.845000000000e+01  9.349151600913e+00 -4.187402062390e+01 -1.229394809873e+01 -7.088770425869e+01
1.846000000000e+01  9.044677513536e+00 -4.188832173559e+01 -1.280424199932e+01 -7.084514747593e+01
1.847000000000e+01  8.740313452799e+00 -4.189609290372e+01 -1.331385309124e+01 -7.079223220868e+01
1.848000000000e+01  8.436209705262e+00 -4.189734046993e+01 -1.382254506553e+01 -7.072897476227e+01
1.849000000000e+01  8.132516378449e+00 -4.189207421530e+01 -1.433008205784e+01 -7.065539689339e+01
1.850000000000e+01  7.829383321754e+00 -4.188030735553e+01 -1.483622877383e+01 -7.057152579829e+01
1.851000000000e+01  7.526960047476e+00 -4.186205653411e+01 -1.534075061426e+01 -7.047739409808e+01
1.852000000000e+01  7.225395652051e+00 -4.183734181385e+01 -1.584341379968e+01 -7.037303982116e+01
1.853000000000e+01  6.924838737486e+00 -4.180618666654e+01 -1.634398549477e+01 -7.025850638281e+01
1.854000000000e+01  6.625437333068e+00 -4.176861796078e+01 -1.684223393211e+01 -7.013384256183e+01
1.855000000000e+01  6.327338817369e+00 -4.172466594809e+01 -1.733792853537e+01 -6.999910247441e+01
1.856000000000e+01  6.030689840600e+00 -4.167436424719e+01 -1.783084004194e+01 -6.985434554512e+01
1.857000000000e+01  5.735636247345e+00 -4.161774982649e+01 -1.832074062480e+01 -6.969963647512e+01
1.858000000000e+01  5.442322999726e+00 -4.155486298485e+01 -1.880740401366e+01 -6.953504520753e+01
1.859000000000e+01  5.150894101029e+00 -4.148574733057e+01 -1.929060561526e+01 -6.936064689000e+01
1.860000000000e+01  4.861492519840e+00 -4.141044975861e+01 -1.977012263280e+01 -6.917652183461e+01
1.861000000000e+01  4.574260114724e+00 -4.132902042608e+01 -2.024573418436e+01 -6.898275547489e+01
1.862000000000e+01  4.289337559495e+00 -4.124151272604e+01 -2.071722142037e+01 -6.877943832027e+01
1.863000000000e+01  4.006864269103e+00 -4.114798325955e+01 -2.118436763999e+01 -6.856666590769e+01
1.864000000000e+01  3.726978326195e+00 -4.104849180603e+01 -2.164695840629e+01 -6.834453875066e+01
1.865000000000e+01  3.449816408373e+00 -4.094310129197e+01 -2.210478166029e+01 -6.811316228562e+01
1.866000000000e+01  3.175513716190e+00 -4.083187775792e+01 -2.255762783374e+01 -6.787264681568e+01
1.867000000000e+01  2.904203901937e+00 -4.071489032392e+01 -2.300528996049e+01 -6.762310745184e+01
1.868000000000e+01  2.636018999235e+00 -4.059221115318e+01 -2.344756378660e+01 -6.736466405157e+01
1.869000000000e+01  2.371089353486e+00 -4.046391541427e+01 -2.388424787890e+01 -6.709744115494e+01
1.870000000000e+01  2.109543553217e+00 -4.033008124166e+01 -2.431514373216e+01 -6.682156791824e+01
1.871000000000e+01  1.851508362345e+00 -4.019078969466e+01 -2.474005587458e+01 -6.653717804517e+01
1.872000000000e+01  1.597108653409e+00 -4.004612471491e+01 -2.515879197176e+01 -6.624440971559e+01
1.873000000000e+01  1.346467341800e+00 -3.989617308224e+01 -2.557116292898e+01 -6.594340551191e+01
1.874000000000e+01  1.099705321018e+00 -3.974102436908e+01 -2.597698299175e+01 -6.563431234315e+01
1.875000000000e+01  8.569413990062e-01 -3.958077089339e+01 -2.637606984458e+01 -6.531728136671e+01
1.876000000000e+01  6.182922355723e-01 -3.941550767014e+01 -2.676824470795e+01 -6.499246790787e+01
1.877000000000e+01  3.838722809542e-01 -3.924533236132e+01 -2.715333243336e+01 -6.466003137709e+01
1.878000000000e+01  1.537937155449e-01 -3.907034522461e+01 -2.753116159648e+01 -6.432013518516e+01
1.879000000000e+01  -7.183360918264e-02 -3.889064906064e+01 -2.790156458833e+01 -6.397294665620e+01
1.880000000000e+01  -2.929022285224e-01 -3.870634915889e+01 -2.826437770439e+01 -6.361863693861e+01
1.881000000000e+01  -5.093071211236e-01 -3.851755324228e+01 -2.861944123169e+01 -6.325738091396e+01
1.882000000000e+01  -7.209457642894e-01 -3.832437141053e+01 -2.896659953373e+01 -6.288935710397e+01
1.883000000000e+01  -9.277181879582e-01 -3.812691608214e+01 -2.930570113326e+01 -6.251474757549e+01
1.884000000000e+01  -1.129527027338e+00 -3.792530193527e+01 -2.963659879286e+01 -6.213373784362e+01
1.885000000000e+01  -1.326277574164e+00 -3.771964584730e+01 -2.995914959323e+01 -6.174651677306e+01
1.886000000000e+01  -1.517877826564e+00 -3.751006683333e+01 -3.027321500920e+01 -6.135327647757e+01
1.887000000000e+01  -1.704238537480e+00 -3.729668598351e+01 -3.057866098346e+01 -6.095421221784e+01
1.888000000000e+01  -1.885273261656e+00 -3.707962639921e+01 -3.087535799780e+01 -6.054952229761e+01
1.889000000000e+01  -2.060898401130e+00 -3.685901312818e+01 -3.116318114206e+01 -6.013940795819e+01
1.890000000000e+01  -2.231033249240e+00 -3.663497309874e+01 -3.144201018055e+01 -5.972407327145e+01
1.891000000000e+01  -2.395600033092e+00 -3.640763505279e+01 -3.171172961601e+01 -5.930372503131e+01
1.892000000000e+01  -2.554523954489e+00 -3.617712947805e+01 -3.197222875107e+01 -5.887857264374e+01
1.893000000000e+01  -2.707733229290e+00 -3.594358853925e+01 -3.222340174713e+01 -5.844882801548e+01
1.894000000000e+01  -2.855159125177e+00 -3.570714600850e+01 -3.246514768065e+01 -5.801470544132e+01
1.895000000000e+01  -2.996735997812e+00 -3.546793719472e+01 -3.269737059689e+01 -5.757642149018e+01
1.896000000000e+01  -3.132401325375e+00 -3.522609887235e+01 -3.291997956093e+01 -5.713419489001e+01
1.897000000000e+01  -3.262095741442e+00 -3.498176920922e+01 -3.313288870607e+01 -5.668824641150e+01
1.898000000000e+01  -3.385763066210e+00 -3.473508769370e+01 -3.333601727953e+01 -5.623879875073e+01
1.899000000000e+01  -3.503350336039e+00 -3.448619506111e+01 -3.352928968539e+01 -5.578607641082e+01
1.900000000000e+01  -3.614807831298e+00 -3.423523321954e+01 -3.371263552487e+01 -5.533030558258e+01
1.901000000000e+01  -3.720089102502e+00 -3.398234517495e+01 -3.388598963376e+01 -5.487171402436e+01
1.902000000000e+01  -3.819150994726e+00 -3.372767495577e+01 -3.404929211711e+01 -5.441053094096e+01
1.903000000000e+01  -3.911953670282e+00 -3.347136753687e+01 -3.420248838114e+01 -5.394698686185e+01
1.904000000000e+01  -3.998460629651e+00 -3.321356876312e+01 -3.434552916225e+01 -5.348131351872e+01
1.905000000000e+01  -4.078638730654e+00 -3.295442527238e+01 -3.447837055330e+01 -5.301374372231e+01
1.906000000000e+01  -4.152458205854e+00 -3.269408441815e+01 -3.460097402698e+01 -5.254451123873e+01
1.907000000000e+01  -4.219892678183e+00 -3.243269419176e+01 -3.471330645627e+01 -5.207385066532e+01
1.908000000000e+01  -4.280919174784e+00 -3.217040314428e+01 -3.481534013216e+01 -5.160199730595e+01
1.909000000000e+01  -4.335518139059e+00 -3.190736030807e+01 -3.490705277837e+01 -5.112918704614e+01
1.910000000000e+01  -4.383673440917e+00 -3.164371511812e+01 -3.498842756322e+01 -5.065565622766e+01
1.911000000000e+01  -4.425372385223e+00 -3.137961733315e+01 -3.505945310862e+01 -5.018164152311e+01
1.912000000000e+01  -4.460605718437e+00 -3.111521695646e+01 -3.512012349610e+01 -4.970737981018e+01
1.913000000000e+01  -4.489367633444e+00 -3.085066415677e+01 -3.517043827003e+01 -4.923310804586e+01
1.914000000000e+01  -4.511655772566e+00 -3.058610918887e+01 -3.521040243782e+01 -4.875906314067e+01
1.915000000000e+01  -4.527471228768e+00 -3.032170231421e+01 -3.524002646731e+01 -4.828548183283e+01
1.916000000000e+01  -4.536818545042e+00 -3.005759372156e+01 -3.525932628117e+01 -4.781260056262e+01
1.917000000000e+01  -4.539705711981e+00 -2.979393344758e+01 -3.526832324845e+01 -4.734065534684e+01
1.918000000000e+01  -4.536144163545e+00 -2.953087129757e+01 -3.526704417322e+01 -4.686988165356e+01
1.919000000000e+01  -4.526148771008e+00 -2.926855676624e+01 -3.525552128029e+01 -4.640051427713e+01
1.920000000000e+01  -4.509737835108e+00 -2.900713895871e+01 -3.523379219807e+01 -4.593278721362e+01
1.921000000000e+01  -4.486933076393e+00 -2.874676651161e+01 -3.520189993853e+01 -4.546693353659e+01
1.922000000000e+01  -4.457759623770e+00 -2.848758751452e+01 -3.515989287428e+01 -4.500318527352e+01
1.923000000000e+01  -4.422246001269e+00 -2.822974943159e+01 -3.510782471286e+01 -4.454177328264e+01
1.924000000000e+01  -4.380424113020e+00 -2.797339902354e+01 -3.504575446808e+01 -4.408292713054e+01
1.925000000000e+01  -4.332329226464e+00 -2.771868226998e+01 -3.497374642861e+01 -4.362687497037e+01
1.926000000000e+01  -4.277999953793e+00 -2.746574429215e+01 -3.489187012374e+01 -4.317384342089e+01
1.927000000000e+01  -4.217478231641e+00 -2.721472927608e+01 -3.480020028632e+01 -4.272405744630e+01
1.928000000000e+01  -4.150809299034e+00 -2.696578039622e+01 -3.469881681292e+01 -4.227774023698e+01
1.929000000000e+01  -4.078041673604e+00 -2.671903973963e+01 -3.458780472131e+01 -4.183511309120e+01
1.930000000000e+01  -3.999227126094e+00 -2.647464823067e+01 -3.446725410508e+01 -4.139639529784e+01
1.931000000000e+01  -3.914420653155e+00 -2.623274555632e+01 -3.433726008567e+01 -4.096180402020e+01
1.932000000000e+01  -3.823680448452e+00 -2.599347009210e+01 -3.419792276161e+01 -4.053155418095e+01
1.933000000000e+01  -3.727067872110e+00 -2.575695882874e+01 -3.404934715520e+01 -4.010585834831e+01
1.934000000000e+01  -3.624647418486e+00 -2.552334729945e+01 -3.389164315648e+01 -3.968492662349e+01
1.935000000000e+01  -3.516486682321e+00 -2.529276950804e+01 -3.372492546463e+01 -3.926896652946e+01
1.936000000000e+01  -3.402656323260e+00 -2.506535785775e+01 -3.354931352681e+01 -3.885818290109e+01
1.937000000000e+01  -3.283230028775e+00 -2.484124308093e+01 -3.336493147443e+01 -3.845277777682e+01
1.938000000000e+01  -3.158284475511e+00 -2.462055416964e+01 -3.317190805694e+01 -3.805295029169e+01
1.939000000000e+01  -3.027899289064e+00 -2.440341830698e+01 -3.297037657314e+01 -3.765889657213e+01
1.940000000000e+01  -2.892157002229e+00 -2.418996079958e+01 -3.276047480005e+01 -3.727080963220e+01
1.941000000000e+01  -2.751143011729e+00 -2.398030501083e+01 -3.254234491937e+01 -3.688887927159e+01
1.942000000000e+01  -2.604945533450e+00 -2.377457229527e+01 -3.231613344163e+01 -3.651329197536e+01
1.943000000000e+01  -2.453655556207e+00 -2.357288193395e+01 -3.208199112797e+01 -3.614423081544e+01
1.944000000000e+01  -2.297366794072e+00 -2.337535107085e+01 -3.184007290964e+01 -3.578187535397e+01
1.945000000000e+01  -2.136175637275e+00 -2.318209465041e+01 -3.159053780531e+01 -3.542640154854e+01
1.946000000000e+01  -1.970181101720e+00 -2.299322535623e+01 -3.133354883616e+01 -3.507798165938e+01
1.947000000000e+01  -1.799484777127e+00 -2.280885355088e+01 -3.106927293882e+01 -3.473678415855e+01
1.948000000000e+01  -1.624190773844e+00 -2.262908721692e+01 -3.079788087620e+01 -3.440297364110e+01
1.949000000000e+01  -1.444405668345e+00 -2.245403189918e+01 -3.051954714631e+01 -3.407671073845e+01
1.950000000000e+01  -1.260238447441e+00 -2.228379064828e+01 -3.023444988902e+01 -3.375815203377e+01
1.951000000000e+01  -1.071800451252e+00 -2.211846396539e+01 -2.994277079094e+01 -3.344744997962e+01
1.952000000000e+01  -8.792053149408e-01 -2.195814974841e+01 -2.964469498827e+01 -3.314475281780e+01
1.953000000000e+01  -6.825689092666e-01 -2.180294323934e+01 -2.934041096796e+01 -3.285020450145e+01
1.954000000000e+01  -4.820092799709e-01 -2.165293697323e+01 -2.903011046694e+01 -3.256394461949e+01
1.955000000000e+01  -2.776465860361e-01 -2.150822072830e+01 -2.871398836966e+01 -3.228610832335e+01
1.956000000000e+01  -6.960303684543e-02 -2.136888147766e+01 -2.839224260393e+01 -3.201682625616e+01
1.957000000000e+01  1.419971717217e-01 -2.123500334242e+01 -2.806507403515e+01 -3.175622448432e+01
1.958000000000e+01  3.570279222282e-01 -2.110666754622e+01 -2.773268635892e+01 -3.150442443154e+01
1.959000000000e+01  5.753612416159e-01 -2.098395237136e+01 -2.739528599216e+01 -3.126154281536e+01
1.960000000000e+01  7.968673681087e-01 -2.086693311641e+01 -2.705308196276e+01 -3.102769158624e+01
1.961000000000e+01  1.021414819047e+00 -2.075568205532e+01 -2.670628579786e+01 -3.080297786921e+01
1.962000000000e+01  1.248870459620e+00 -2.065026839819e+01 -2.635511141071e+01 -3.058750390800e+01
1.963000000000e+01  1.479099572459e+00 -2.055075825352e+01 -2.599977498636e+01 -3.038136701197e+01
1.964000000000e+01  1.711965928059e+00 -2.045721459224e+01 -2.564049486607e+01 -3.018465950556e+01
1.965000000000e+01  1.947331855994e+00 -2.036969721313e+01 -2.527749143056e+01 -2.999746868042e+01
1.966000000000e+01  2.185058316887e+00 -2.028826271015e+01 -2.491098698220e+01 -2.981987675031e+01
1.967000000000e+01  2.425004975102e+00 -2.021296444125e+01 -2.454120562621e+01 -2.965196080864e+01
1.968000000000e+01  2.667030272118e+00 -2.014385249893e+01 -2.416837315078e+01 -2.949379278879e+01
1.969000000000e+01  2.910991500556e+00 -2.008097368256e+01 -2.379271690648e+01 -2.934543942720e+01
1.970000000000e+01  3.156744878816e+00 -2.002437147232e+01 -2.341446568465e+01 -2.920696222920e+01
1.971000000000e+01  3.404145626285e+00 -1.997408600495e+01 -2.303384959521e+01 -2.907841743766e+01
1.972000000000e+01  3.653048039094e+00 -1.993015405127e+01 -2.265109994364e+01 -2.895985600444e+01
1.973000000000e+01  3.903305566363e+00 -1.989260899533e+01 -2.226644910745e+01 -2.885132356468e+01
1.974000000000e+01  4.154770886927e+00 -1.986148081556e+01 -2.188013041199e+01 -2.875286041388e+01
1.975000000000e+01  4.407295986471e+00 -1.983679606750e+01 -2.149237800588e+01 -2.866450148786e+01
1.976000000000e+01  4.660732235073e+00 -1.981857786846e+01 -2.110342673596e+01 -2.858627634555e+01
1.977000000000e+01  4.914930465084e+00 -1.980684588397e+01 -2.071351202191e+01 -2.851820915465e+01
1.978000000000e+01  5.169741049337e+00 -1.980161631603e+01 -2.032286973063e+01 -2.846031868014e+01
1.979000000000e+01  5.425013979623e+00 -1.980290189322e+01 -1.993173605034e+01 -2.841261827564e+01
1.980000000000e+01  5.680598945417e+00 -1.981071186267e+01 -1.954034736466e+01 -2.837511587767e+01
1.981000000000e+01  5.936345412792e+00 -1.982505198382e+01 -1.914894012652e+01 -2.834781400275e+01
1.982000000000e+01  6.192102703515e+00 -1.984592452408e+01 -1.875775073214e+01 -2.833070974734e+01
1.983000000000e+01  6.447720074256e+00 -1.987332825641e+01 -1.836701539509e+01 -2.832379479070e+01
1.984000000000e+01  6.703046795892e+00 -1.990725845861e+01 -1.797697002047e+01 -2.832705540055e+01
1.985000000000e+01  6.957932232860e+00 -1.994770691468e+01 -1.758785007932e+01 -2.834047244160e+01
1.986000000000e+01  7.212225922520e+00 -1.999466191789e+01 -1.719989048338e+01 -2.836402138690e+01
1.987000000000e+01  7.465777654498e+00 -2.004810827584e+01 -1.681332546008e+01 -2.839767233207e+01
1.988000000000e+01  7.718437549956e+00 -2.010802731731e+01 -1.642838842813e+01 -2.844139001226e+01
1.989000000000e+01  7.970056140769e+00 -2.017439690110e+01 -1.604531187347e+01 -2.849513382202e+01
1.990000000000e+01  8.220484448550e+00 -2.024719142658e+01 -1.566432722585e+01 -2.855885783786e+01
1.991000000000e+01  8.469574063505e+00 -2.032638184634e+01 -1.528566473609e+01 -2.863251084369e+01
1.992000000000e+01  8.717177223058e+00 -2.041193568046e+01 -1.490955335393e+01 -2.871603635890e+01
1.993000000000e+01  8.963146890230e+00 -2.050381703288e+01 -1.453622060680e+01 -2.880937266932e+01
1.994000000000e+01  9.207336831710e+00 -2.060198660946e+01 -1.416589247931e+01 -2.891245286075e+01
1.995000000000e+01  9.449601695593e+00 -2.070640173799e+01 -1.379879329369e+01 -2.902520485534e+01
1.996000000000e+01  9.689797088743e+00 -2.081701639000e+01 -1.343514559125e+01 -2.914755145054e+01
1.997000000000e+01  9.927779653741e+00 -2.093378120446e+01 -1.307517001478e+01 -2.927941036075e+01
1.998000000000e+01  1.016340714537e+01 -2.105664351321e+01 -1.271908519213e+01 -2.942069426162e+01
1.999000000000e+01  1.039653850662e+01 -2.118554736833e+01 -1.236710762092e+01 -2.957131083692e+01
2.000000000000e+01  1.062703394412e+01 -2.132043357123e+01 -1.201945155446e+01 -2.973116282799e+01
2.001000000000e+01  1.085475500307e+01 -2.146123970352e+01 -1.167632888896e+01 -2.990014808582e+01
2.002000000000e+01  1.107956464146e+01 -2.160790015973e+01 -1.133794905215e+01 -3.007815962550e+01
2.003000000000e+01  1.130132730367e+01 -2.176034618170e+01 -1.100451889314e+01 -3.026508568338e+01
2.004000000000e+01  1.151990899345e+01 -2.191850589476e+01 -1.067624257391e+01 -3.046080977646e+01
2.005000000000e+01  1.173517734600e+01 -2.208230434562e+01 -1.035332146222e+01 -3.066521076442e+01
2.006000000000e+01  1.194700169945e+01 -2.225166354194e+01 -1.003595402607e+01 -3.087816291389e+01
2.007000000000e+01  1.215525316536e+01 -2.242650249361e+01 -9.724335729861e+00 -3.109953596522e+01
2.008000000000e+01  1.235980469847e+01 -2.260673725566e+01 -9.418658932120e+00 -3.132919520145e+01
2.009000000000e+01  1.256053116549e+01 -2.279228097278e+01 -9.119112785049e+00 -3.156700151973e+01
2.010000000000e+01  1.275730941299e+01 -2.298304392550e+01 -8.825883135768e+00 -3.181281150484e+01
2.011000000000e+01  1.295001833425e+01 -2.317893357793e+01 -8.539152429412e+00 -3.206647750508e+01
2.012000000000e+01  1.313853893514e+01 -2.337985462697e+01 -8.259099614083e+00 -3.232784771024e+01
2.013000000000e+01  1.332275439891e+01 -2.358570905320e+01 -7.985900047707e+00 -3.259676623178e+01
2.014000000000e+01  1.350255014987e+01 -2.379639617310e+01 -7.719725406847e+00 -3.287307318508e+01
2.015000000000e+01  1.367781391596e+01 -2.401181269285e+01 -7.460743597513e+00 -3.315660477383e+01
2.016000000000e+01  1.384843579008e+01 -2.423185276349e+01 -7.209118668003e+00 -3.344719337630e+01
2.017000000000e+01  1.401430829027e+01 -2.445640803752e+01 -6.965010723822e+00 -3.374466763377e+01
2.018000000000e+01  1.417532641856e+01 -2.468536772680e+01 -6.728575844717e+00 -3.404885254080e+01
2.019000000000e+01  1.433138771858e+01 -2.491861866189e+01 -6.499966003863e+00 -3.435956953739e+01
2.020000000000e+01  1.448239233179e+01 -2.515604535255e+01 -6.279328989235e+00 -3.467663660303e+01
2.021000000000e+01  1.462824305237e+01 -2.539753004963e+01 -6.066808327212e+00 -3.499986835256e+01
2.022000000000e+01  1.476884538070e+01 -2.564295280805e+01 -5.862543208423e+00 -3.532907613374e+01
2.023000000000e+01  1.490410757535e+01 -2.589219155106e+01 -5.666668415901e+00 -3.566406812660e+01
2.024000000000e+01  1.503394070371e+01 -2.614512213565e+01 -5.479314255546e+00 -3.600464944441e+01
2.025000000000e+01  1.515825869096e+01 -2.640161841894e+01 -5.300606488947e+00 -3.635062223622e+01
2.026000000000e+01  1.527697836763e+01 -2.666155232583e+01 -5.130666268583e+00 -3.670178579109e+01
2.027000000000e+01  1.539001951552e+01 -2.692479391753e+01 -4.969610075438e+00 -3.705793664369e+01
2.028000000000e+01  1.549730491202e+01 -2.719121146109e+01 -4.817549659055e+00 -3.741886868147e+01
2.029000000000e+01  1.559876037282e+01 -2.746067150001e+01 -4.674591980046e+00 -3.778437325315e+01
2.030000000000e+01  1.569431479300e+01 -2.773303892558e+01 -4.540839155109e+00 -3.815423927861e+01
2.031000000000e+01  1.578390018634e+01 -2.800817704919e+01 -4.416388404540e+00 -3.852825336006e+01
2.032000000000e+01  1.586745172298e+01 -2.828594767548e+01 -4.301332002303e+00 -3.890619989450e+01
2.033000000000e+01  1.594490776538e+01 -2.856621117619e+01 -4.195757228648e+00 -3.928786118722e+01
2.034000000000e+01  1.601620990247e+01 -2.884882656484e+01 -4.099746325318e+00 -3.967301756662e+01
2.035000000000e+01  1.608130298201e+01 -2.913365157204e+01 -4.013376453357e+00 -4.006144749996e+01
2.036000000000e+01  1.614013514125e+01 -2.942054272153e+01 -3.936719653543e+00 -4.045292771015e+01
2.037000000000e+01  1.619265783566e+01 -2.970935540674e+01 -3.869842809462e+00 -4.084723329349e+01
2.038000000000e+01  1.623882586588e+01 -2.999994396806e+01 -3.812807613242e+00 -4.124413783833e+01
2.039000000000e+01  1.627859740286e+01 -3.029216177047e+01 -3.765670533966e+00 -4.164341354451e+01
2.040000000000e+01  1.631193401106e+01 -3.058586128184e+01 -3.728482788771e+00 -4.204483134358e+01
2.041000000000e+01  1.633880066986e+01 -3.088089415154e+01 -3.701290316657e+00 -4.244816101972e+01
2.042000000000e+01  1.635916579298e+01 -3.117711128950e+01 -3.684133755021e+00 -4.285317133129e+01
2.043000000000e+01  1.637300124611e+01 -3.147436294569e+01 -3.677048418915e+00 -4.325963013296e+01
2.044000000000e+01  1.638028236259e+01 -3.177249878982e+01 -3.680064283053e+00 -4.366730449836e+01
2.045000000000e+01  1.638098795713e+01 -3.207136799138e+01 -3.693205966573e+00 -4.407596084316e+01
2.046000000000e+01  1.637510033769e+01 -3.237081929993e+01 -3.716492720558e+00 -4.448536504849e+01
2.047000000000e+01  1.636260531539e+01 -3.267070112552e+01 -3.749938418333e+00 -4.489528258476e+01
2.048000000000e+01  1.634349221251e+01 -3.297086161932e+01 -3.793551548537e+00 -4.530547863564e+01
2.049000000000e+01  1.631775386851e+01 -3.327114875434e+01 -3.847335210979e+00 -4.571571822229e+01
2.050000000000e+01  1.628538664422e+01 -3.357141040621e+01 -3.911287115279e+00 -4.612576632761e+01
2.051000000000e+01  1.624639042399e+01 -3.387149443399e+01 -3.985399582305e+00 -4.653538802067e+01
2.052000000000e+01  1.620076861597e+01 -3.417124876099e+01 -4.069659548393e+00 -4.694434858097e+01
2.053000000000e+01  1.614852815044e+01 -3.447052145547e+01 -4.164048572372e+00 -4.735241362274e+01
2.054000000000e+01  1.608967947623e+01 -3.476916081130e+01 -4.268542845362e+00 -4.775934921900e+01
2.055000000000e+01  1.602423655519e+01 -3.506701542847e+01 -4.383113203378e+00 -4.816492202545e+01
2.056000000000e+01  1.595221685479e+01 -3.536393429336e+01 -4.507725142708e+00 -4.856889940404e+01
2.057000000000e+01  1.587364133878e+01 -3.565976685891e+01 -4.642338838071e+00 -4.897104954619e+01
2.058000000000e+01  1.578853445594e+01 -3.595436312436e+01 -4.786909163552e+00 -4.937114159562e+01
2.059000000000e+01  1.569692412696e+01 -3.624757371482e+01 -4.941385716295e+00 -4.976894577064e+01
2.060000000000e+01  1.559884172945e+01 -3.653924996044e+01 -5.105712842958e+00 -5.016423348591e+01
2.061000000000e+01  1.549432208103e+01 -3.682924397519e+01 -5.279829668899e+00 -5.055677747361e+01
2.062000000000e+01  1.538340342064e+01 -3.711740873522e+01 -5.463670130110e+00 -5.094635190386e+01
2.063000000000e+01  1.526612738789e+01 -3.740359815674e+01 -5.657163007852e+00 -5.133273250445e+01
2.064000000000e+01  1.514253900071e+01 -3.768766717343e+01 -5.860231965998e+00 -5.171569667972e+01
2.065000000000e+01  1.501268663108e+01 -3.796947181326e+01 -6.072795591062e+00 -5.209502362857e+01
2.066000000000e+01  1.487662197897e+01 -3.824886927475e+01 -6.294767434886e+00 -5.247049446152e+01
2.067000000000e+01  1.473440004459e+01 -3.852571800255e+01 -6.526056059984e+00 -5.284189231676e+01
2.068000000000e+01  1.458607909871e+01 -3.879987776248e+01 -6.766565087496e+00 -5.320900247516e+01
2.069000000000e+01  1.443172065138e+01 -3.907120971570e+01 -7.016193247752e+00 -5.357161247412e+01
2.070000000000e+01  1.427138941883e+01 -3.933957649228e+01 -7.274834433414e+00 -5.392951222020e+01
2.071000000000e+01  1.410515328869e+01 -3.960484226390e+01 -7.542377755161e+00 -5.428249410058e+01
2.072000000000e+01  1.393308328350e+01 -3.986687281579e+01 -7.818707599902e+00 -5.463035309313e+01
2.073000000000e+01  1.375525352258e+01 -4.012553561774e+01 -8.103703691483e+00 -5.497288687513e+01
2.074000000000e+01  1.357174118220e+01 -4.038069989435e+01 -8.397241153857e+00 -5.530989593055e+01
2.075000000000e+01  1.338262645420e+01 -4.063223669418e+01 -8.699190576687e+00 -5.564118365589e+01
2.076000000000e+01  1.318799250294e+01 -4.088001895811e+01 -9.009418083350e+00 -5.596655646439e+01
2.077000000000e+01  1.298792542071e+01 -4.112392158654e+01 -9.327785401301e+00 -5.628582388874e+01
2.078000000000e+01  1.278251418156e+01 -4.136382150569e+01 -9.654149934772e+00 -5.659879868201e+01
2.079000000000e+01  1.257185059366e+01 -4.159959773273e+01 -9.988364839761e+00 -5.690529691698e+01
2.080000000000e+01  1.235602925007e+01 -4.183113143988e+01 -1.033027910127e+01 -5.720513808366e+01
2.081000000000e+01  1.213514747813e+01 -4.205830601734e+01 -1.067973761277e+01 -5.749814518499e+01
2.082000000000e+01  1.190930528735e+01 -4.228100713502e+01 -1.103658125782e+01 -5.778414483066e+01
2.083000000000e+01  1.167860531590e+01 -4.249912280315e+01 -1.140064699384e+01 -5.806296732908e+01
2.084000000000e+01  1.144315277574e+01 -4.271254343156e+01 -1.177176793794e+01 -5.833444677728e+01
2.085000000000e+01  1.120305539632e+01 -4.292116188779e+01 -1.214977345482e+01 -5.859842114888e+01
2.086000000000e+01  1.095842336703e+01 -4.312487355380e+01 -1.253448924667e+01 -5.885473237997e+01
2.087000000000e+01  1.070936927833e+01 -4.332357638148e+01 -1.292573744498e+01 -5.910322645289e+01
2.088000000000e+01  1.045600806162e+01 -4.351717094666e+01 -1.332333670431e+01 -5.934375347783e+01
2.089000000000e+01  1.019845692784e+01 -4.370556050189e+01 -1.372710229784e+01 -5.957616777226e+01
2.090000000000e+01  9.936835304951e+00 -4.388865102767e+01 -1.413684621480e+01 -5.980032793813e+01
2.091000000000e+01  9.671264774186e+00 -4.406635128236e+01 -1.455237725961e+01 -6.001609693679e+01
2.092000000000e+01  9.401869005193e+00 -4.423857285051e+01 -1.497350115272e+01 -6.022334216156e+01
2.093000000000e+01  9.128773690088e+00 -4.440523018981e+01 -1.540002063308e+01 -6.042193550800e+01
2.094000000000e+01  8.852106476448e+00 -4.456624067646e+01 -1.583173556226e+01 -6.061175344171e+01
2.095000000000e+01  8.571996899270e+00 -4.472152464902e+01 -1.626844303004e+01 -6.079267706378e+01
2.096000000000e+01  8.288576311955e+00 -4.487100545066e+01 -1.670993746154e+01 -6.096459217373e+01
2.097000000000e+01  8.001977816328e+00 -4.501460946991e+01 -1.715601072570e+01 -6.112738932998e+01
2.098000000000e+01  7.712336191756e+00 -4.515226617975e+01 -1.760645224523e+01 -6.128096390775e+01
2.099000000000e+01  7.419787823382e+00 -4.528390817501e+01 -1.806104910777e+01 -6.142521615442e+01
2.100000000000e+01  7.124470629522e+00 -4.540947120828e+01 -1.851958617836e+01 -6.156005124234e+01
2.101000000000e+01  6.826523988267e+00 -4.552889422400e+01 -1.898184621306e+01 -6.168537931897e+01
2.102000000000e+01  6.526088663314e+00 -4.564211939094e+01 -1.944760997376e+01 -6.180111555438e+01
2.103000000000e+01  6.223306729087e+00 -4.574909213299e+01 -1.991665634401e+01 -6.190718018614e+01
2.104000000000e+01  5.918321495167e+00 -4.584976115818e+01 -2.038876244582e+01 -6.200349856141e+01
2.105000000000e+01  5.611277430081e+00 -4.594407848600e+01 -2.086370375753e+01 -6.209000117646e+01
2.106000000000e+01  5.302320084495e+00 -4.603199947298e+01 -2.134125423246e+01 -6.216662371331e+01
2.107000000000e+01  4.991596013839e+00 -4.611348283648e+01 -2.182118641836e+01 -6.223330707370e+01
2.108000000000e+01  4.679252700411e+00 -4.618849067674e+01 -2.230327157776e+01 -6.228999741032e+01
2.109000000000e+01  4.365438475008e+00 -4.625698849707e+01 -2.278727980882e+01 -6.233664615510e+01
2.110000000000e+01  4.050302438108e+00 -4.631894522236e+01 -2.327298016698e+01 -6.237321004490e+01
2.111000000000e+01  3.733994380669e+00 -4.637433321567e+01 -2.376014078704e+01 -6.239965114423e+01
2.112000000000e+01  3.416664704559e+00 -4.642312829308e+01 -2.424852900587e+01 -6.241593686518e+01
2.113000000000e+01  3.098464342683e+00 -4.646530973666e+01 -2.473791148538e+01 -6.242203998457e+01
2.114000000000e+01  2.779544678835e+00 -4.650086030565e+01 -2.522805433608e+01 -6.241793865815e+01
2.115000000000e+01  2.460057467319e+00 -4.652976624579e+01 -2.571872324072e+01 -6.240361643206e+01
2.116000000000e+01  2.140154752389e+00 -4.655201729679e+01 -2.620968357831e+01 -6.237906225132e+01
2.117000000000e+01  1.819988787542e+00 -4.656760669796e+01 -2.670070054830e+01 -6.234427046553e+01
2.118000000000e+01  1.499711954706e+00 -4.657653119205e+01 -2.719153929477e+01 -6.229924083166e+01
2.119000000000e+01  1.179476683377e+00 -4.657879102710e+01 -2.768196503078e+01 -6.224397851399e+01
2.120000000000e+01  8.594353697356e-01 -4.657438995660e+01 -2.817174316257e+01 -6.217849408119e+01
2.121000000000e+01  5.397402957849e-01 -4.656333523767e+01 -2.866063941382e+01 -6.210280350048e+01
2.122000000000e+01  2.205435485671e-01 -4.654563762746e+01 -2.914841994958e+01 -6.201692812903e+01
2.123000000000e+01  -9.800306051531e-02 -4.652131137766e+01 -2.963485150010e+01 -6.192089470233e+01
2.124000000000e+01  -4.157480762219e-01 -4.649037422717e+01 -3.011970148430e+01 -6.181473531992e+01
2.125000000000e+01  -7.325404798009e-01 -4.645284739296e+01 -3.060273813293e+01 -6.169848742808e+01
2.126000000000e+01  -1.048229769077e+00 -4.640875555906e+01 -3.108373061127e+01 -6.157219379981e+01
2.127000000000e+01  -1.362666038257e+00 -4.635812686366e+01 -3.156244914136e+01 -6.143590251193e+01
2.128000000000e+01  -1.675700057414e+00 -4.630099288452e+01 -3.203866512367e+01 -6.128966691934e+01
2.129000000000e+01  -1.987183351607e+00 -4.623738862245e+01 -3.251215125815e+01 -6.113354562658e+01
2.130000000000e+01  -2.296968279591e+00 -4.616735248300e+01 -3.298268166461e+01 -6.096760245651e+01
2.131000000000e+01  -2.604908112082e+00 -4.609092625637e+01 -3.345003200237e+01 -6.079190641622e+01
2.132000000000e+01  -2.910857109532e+00 -4.600815509552e+01 -3.391397958903e+01 -6.060653166028e+01
2.133000000000e+01  -3.214670599372e+00 -4.591908749250e+01 -3.437430351846e+01 -6.041155745116e+01
2.134000000000e+01  -3.516205052683e+00 -4.582377525302e+01 -3.483078477777e+01 -6.020706811699e+01
2.135000000000e+01  -3.815318160262e+00 -4.572227346924e+01 -3.528320636336e+01 -5.999315300665e+01
2.136000000000e+01  -4.111868908027e+00 -4.561464049086e+01 -3.573135339584e+01 -5.976990644214e+01
2.137000000000e+01  -4.405717651738e+00 -4.550093789449e+01 -3.617501323389e+01 -5.953742766835e+01
2.138000000000e+01  -4.696726190981e+00 -4.538123045121e+01 -3.661397558687e+01 -5.929582080022e+01
2.139000000000e+01  -4.984757842390e+00 -4.525558609263e+01 -3.704803262630e+01 -5.904519476731e+01
2.140000000000e+01  -5.269677512048e+00 -4.512407587507e+01 -3.747697909588e+01 -5.878566325582e+01
2.141000000000e+01  -5.551351767056e+00 -4.498677394226e+01 -3.790061242032e+01 -5.851734464806e+01
2.142000000000e+01  -5.829648906206e+00 -4.484375748627e+01 -3.831873281263e+01 -5.824036195948e+01
2.143000000000e+01  -6.104439029738e+00 -4.469510670694e+01 -3.873114338001e+01 -5.795484277318e+01
2.144000000000e+01  -6.375594108132e+00 -4.454090476962e+01 -3.913765022814e+01 -5.766091917207e+01
2.145000000000e+01  -6.642988049916e+00 -4.438123776141e+01 -3.953806256398e+01 -5.735872766856e+01
2.146000000000e+01  -6.906496768432e+00 -4.421619464587e+01 -3.993219279685e+01 -5.704840913200e+01
2.147000000000e+01  -7.165998247539e+00 -4.404586721607e+01 -4.031985663784e+01 -5.673010871369e+01
2.148000000000e+01  -7.421372606221e+00 -4.387035004634e+01 -4.070087319749e+01 -5.640397576973e+01
2.149000000000e+01  -7.672502162052e+00 -4.368974044242e+01 -4.107506508166e+01 -5.607016378157e+01
2.150000000000e+01  -7.919271493495e+00 -4.350413839016e+01 -4.144225848554e+01 -5.572883027441e+01
2.151000000000e+01  -8.161567501004e+00 -4.331364650288e+01 -4.180228328580e+01 -5.538013673340e+01
2.152000000000e+01  -8.399279466885e+00 -4.311836996729e+01 -4.215497313072e+01 -5.502424851782e+01
2.153000000000e+01  -8.632299113897e+00 -4.291841648804e+01 -4.250016552844e+01 -5.466133477314e+01
2.154000000000e+01  -8.860520662556e+00 -4.271389623097e+01 -4.283770193302e+01 -5.429156834111e+01
2.155000000000e+01  -9.083840887109e+00 -4.250492176504e+01 -4.316742782854e+01 -5.391512566783e+01
2.156000000000e+01  -9.302159170153e+00 -4.229160800299e+01 -4.348919281100e+01 -5.353218671001e+01
2.157000000000e+01  -9.515377555874e+00 -4.207407214074e+01 -4.380285066807e+01 -5.314293483925e+01
2.158000000000e+01  -9.723400801867e+00 -4.185243359565e+01 -4.410825945661e+01 -5.274755674461e+01
2.159000000000e+01  -9.926136429513e+00 -4.162681394352e+01 -4.440528157791e+01 -5.234624233335e+01
2.160000000000e+01  -1.012349477290e+01 -4.139733685451e+01 -4.469378385072e+01 -5.193918462999e+01
2.161000000000e+01  -1.031538902623e+01 -4.116412802792e+01 -4.497363758177e+01 -5.152657967372e+01
2.162000000000e+01  -1.050173528975e+01 -4.092731512590e+01 -4.524471863414e+01 -5.110862641418e+01
2.163000000000e+01  -1.068245261406e+01 -4.068702770617e+01 -4.550690749299e+01 -5.068552660575e+01
2.164000000000e+01  -1.085746304296e+01 -4.044339715364e+01 -4.576008932904e+01 -5.025748470030e+01
2.165000000000e+01  -1.102669165463e+01 -4.019655661119e+01 -4.600415405942e+01 -4.982470773853e+01
2.166000000000e+01  -1.119006660121e+01 -3.994664090937e+01 -4.623899640609e+01 -4.938740523993e+01
2.167000000000e+01  -1.134751914680e+01 -3.969378649539e+01 -4.646451595171e+01 -4.894578909141e+01
2.168000000000e+01  -1.149898370373e+01 -3.943813136108e+01 -4.668061719289e+01 -4.850007343473e+01
2.169000000000e+01  -1.164439786723e+01 -3.917981497016e+01 -4.688720959092e+01 -4.805047455265e+01
2.170000000000e+01  -1.178370244835e+01 -3.891897818465e+01 -4.708420761975e+01 -4.759721075401e+01
2.171000000000e+01  -1.191684150523e+01 -3.865576319062e+01 -4.727153081146e+01 -4.714050225767e+01
2.172000000000e+01  -1.204376237263e+01 -3.839031342317e+01 -4.744910379894e+01 -4.668057107552e+01
2.173000000000e+01  -1.216441568965e+01 -3.812277349078e+01 -4.761685635593e+01 -4.621764089445e+01
2.174000000000e+01  -1.227875542584e+01 -3.785328909907e+01 -4.777472343430e+01 -4.575193695749e+01
2.175000000000e+01  -1.238673890539e+01 -3.758200697391e+01 -4.792264519863e+01 -4.528368594409e+01
2.176000000000e+01  -1.248832682965e+01 -3.730907478408e+01 -4.806056705798e+01 -4.481311584963e+01
2.177000000000e+01  -1.258348329781e+01 -3.703464106336e+01 -4.818843969496e+01 -4.434045586429e+01
2.178000000000e+01  -1.267217582577e+01 -3.675885513222e+01 -4.830621909189e+01 -4.386593625116e+01
2.179000000000e+01  -1.275437536322e+01 -3.648186701904e+01 -4.841386655430e+01 -4.338978822396e+01
2.180000000000e+01  -1.283005630887e+01 -3.620382738102e+01 -4.851134873149e+01 -4.291224382406e+01
2.181000000000e+01  -1.289919652390e+01 -3.592488742473e+01 -4.859863763432e+01 -4.243353579718e+01
2.182000000000e+01  -1.296177734351e+01 -3.564519882633e+01 -4.867571065014e+01 -4.195389746969e+01
2.183000000000e+01  -1.301778358666e+01 -3.536491365167e+01 -4.874255055491e+01 -4.147356262457e+01
2.184000000000e+01  -1.306720356396e+01 -3.508418427601e+01 -4.879914552242e+01 -4.099276537715e+01
2.185000000000e+01  -1.311002908369e+01 -3.480316330374e+01 -4.884548913069e+01 -4.051174005067e+01
2.186000000000e+01  -1.314625545600e+01 -3.452200348790e+01 -4.888158036549e+01 -4.003072105170e+01
2.187000000000e+01  -1.317588149519e+01 -3.424085764964e+01 -4.890742362098e+01 -3.954994274556e+01
2.188000000000e+01  -1.319890952018e+01 -3.395987859765e+01 -4.892302869756e+01 -3.906963933169e+01
2.189000000000e+01  -1.321534535311e+01 -3.367921904761e+01 -4.892841079675e+01 -3.859004471917e+01
2.190000000000e+01  -1.322519831607e+01 -3.339903154167e+01 -4.892359051333e+01 -3.811139240237e+01
2.191000000000e+01  -1.322848122596e+01 -3.311946836806e+01 -4.890859382452e+01 -3.763391533678e+01
2.192000000000e+01  -1.322521038751e+01 -3.284068148081e+01 -4.888345207639e+01 -3.715784581515e+01
2.193000000000e+01  -1.321540558448e+01 -3.256282241966e+01 -4.884820196738e+01 -3.668341534400e+01
2.194000000000e+01  -1.319909006892e+01 -3.228604223018e+01 -4.880288552901e+01 -3.621085452052e+01
2.195000000000e+01  -1.317629054871e+01 -3.201049138422e+01 -4.874755010376e+01 -3.574039290991e+01
2.196000000000e+01  -1.314703717312e+01 -3.173631970056e+01 -4.868224832018e+01 -3.527225892332e+01
2.197000000000e+01  -1.311136351669e+01 -3.146367626604e+01 -4.860703806512e+01 -3.480667969639e+01
2.198000000000e+01  -1.306930656120e+01 -3.119270935692e+01 -4.852198245325e+01 -3.434388096841e+01
2.199000000000e+01  -1.302090667583e+01 -3.092356636087e+01 -4.842714979380e+01 -3.388408696228e+01
2.200000000000e+01  -1.296620759555e+01 -3.065639369926e+01 -4.832261355452e+01 -3.342752026526e+01
2.201000000000e+01  -1.290525639772e+01 -3.039133675006e+01 -4.820845232298e+01 -3.297440171049e+01
2.202000000000e+01  -1.283810347689e+01 -3.012853977131e+01 -4.808474976507e+01 -3.252495025959e+01
2.203000000000e+01  -1.276480251785e+01 -2.986814582509e+01 -4.795159458090e+01 -3.207938288611e+01
2.204000000000e+01  -1.268541046693e+01 -2.961029670227e+01 -4.780908045797e+01 -3.163791446011e+01
2.205000000000e+01  -1.259998750158e+01 -2.935513284781e+01 -4.765730602179e+01 -3.120075763381e+01
2.206000000000e+01  -1.250859699819e+01 -2.910279328683e+01 -4.749637478378e+01 -3.076812272842e+01
2.207000000000e+01  -1.241130549826e+01 -2.885341555148e+01 -4.732639508666e+01 -3.034021762225e+01
2.208000000000e+01  -1.230818267281e+01 -2.860713560853e+01 -4.714748004729e+01 -2.991724763998e+01
2.209000000000e+01  -1.219930128526e+01 -2.836408778783e+01 -4.695974749696e+01 -2.949941544345e+01
2.210000000000e+01  -1.208473715249e+01 -2.812440471166e+01 -4.676331991917e+01 -2.908692092370e+01
2.211000000000e+01  -1.196456910442e+01 -2.788821722496e+01 -4.655832438502e+01 -2.867996109459e+01
2.212000000000e+01  -1.183887894189e+01 -2.765565432650e+01 -4.634489248611e+01 -2.827872998786e+01
2.213000000000e+01  -1.170775139302e+01 -2.742684310108e+01 -4.612316026508e+01 -2.788341854984e+01
2.214000000000e+01  -1.157127406798e+01 -2.720190865269e+01 -4.589326814382e+01 -2.749421453968e+01
2.215000000000e+01  -1.142953741223e+01 -2.698097403879e+01 -4.565536084930e+01 -2.711130242941e+01
2.216000000000e+01  -1.128263465822e+01 -2.676416020559e+01 -4.540958733725e+01 -2.673486330560e+01
2.217000000000e+01  -1.113066177569e+01 -2.655158592457e+01 -4.515610071343e+01 -2.636507477292e+01
2.218000000000e+01  -1.097371742039e+01 -2.634336773003e+01 -4.489505815293e+01 -2.600211085945e+01
2.219000000000e+01  -1.081190288146e+01 -2.613961985792e+01 -4.462662081711e+01 -2.564614192394e+01
2.220000000000e+01  -1.064532202739e+01 -2.594045418587e+01 -4.435095376857e+01 -2.529733456501e+01
2.221000000000e+01  -1.047408125054e+01 -2.574598017446e+01 -4.406822588404e+01 -2.495585153227e+01
2.222000000000e+01  -1.029828941040e+01 -2.555630480977e+01 -4.377860976523e+01 -2.462185163959e+01
2.223000000000e+01  -1.011805777546e+01 -2.537153254727e+01 -4.348228164774e+01 -2.429548968035e+01
2.224000000000e+01  -9.933499963851e+00 -2.519176525705e+01 -4.317942130802e+01 -2.397691634489e+01
2.225000000000e+01  -9.744731882667e+00 -2.501710217039e+01 -4.287021196854e+01 -2.366627814005e+01
2.226000000000e+01  -9.551871666124e+00 -2.484763982775e+01 -4.255484020109e+01 -2.336371731101e+01
2.227000000000e+01  -9.355039612485e+00 -2.468347202825e+01 -4.223349582827e+01 -2.306937176535e+01
2.228000000000e+01  -9.154358119844e+00 -2.452468978047e+01 -4.190637182341e+01 -2.278337499938e+01
2.229000000000e+01  -8.949951620779e+00 -2.437138125486e+01 -4.157366420869e+01 -2.250585602687e+01
2.230000000000e+01  -8.741946515917e+00 -2.422363173760e+01 -4.123557195172e+01 -2.223693931005e+01
2.231000000000e+01  -8.530471106441e+00 -2.408152358597e+01 -4.089229686060e+01 -2.197674469317e+01
2.232000000000e+01  -8.315655525580e+00 -2.394513618533e+01 -4.054404347743e+01 -2.172538733834e+01
2.233000000000e+01  -8.097631669107e+00 -2.381454590762e+01 -4.019101897040e+01 -2.148297766400e+01
2.234000000000e+01  -7.876533124904e+00 -2.368982607147e+01 -3.983343302455e+01 -2.124962128579e+01
2.235000000000e+01  -7.652495101600e+00 -2.357104690396e+01 -3.947149773114e+01 -2.102541896004e+01
2.236000000000e+01  -7.425654356345e+00 -2.345827550401e+01 -3.910542747579e+01 -2.081046652979e+01
2.237000000000e+01  -7.196149121756e+00 -2.335157580735e+01 -3.873543882544e+01 -2.060485487343e+01
2.238000000000e+01  -6.964119032047e+00 -2.325100855327e+01 -3.836175041413e+01 -2.040866985601e+01
2.239000000000e+01  -6.729705048426e+00 -2.315663125303e+01 -3.798458282771e+01 -2.022199228316e+01
2.240000000000e+01  -6.493049383759e+00 -2.306849815990e+01 -3.760415848757e+01 -2.004489785767e+01
2.241000000000e+01  -6.254295426557e+00 -2.298666024105e+01 -3.722070153333e+01 -1.987745713889e+01
2.242000000000e+01  -6.013587664338e+00 -2.291116515107e+01 -3.683443770472e+01 -1.971973550474e+01
2.243000000000e+01  -5.771071606378e+00 -2.284205720730e+01 -3.644559422256e+01 -1.957179311654e+01
2.244000000000e+01  -5.526893705918e+00 -2.277937736690e+01 -3.605439966900e+01 -1.943368488658e+01
2.245000000000e+01  -5.281201281847e+00 -2.272316320569e+01 -3.566108386706e+01 -1.930546044850e+01
2.246000000000e+01  -5.034142439925e+00 -2.267344889879e+01 -3.526587775951e+01 -1.918716413048e+01
2.247000000000e+01  -4.785865993565e+00 -2.263026520303e+01 -3.486901328716e+01 -1.907883493122e+01
2.248000000000e+01  -4.536521384234e+00 -2.259363944120e+01 -3.447072326666e+01 -1.898050649874e+01
2.249000000000e+01  -4.286258601507e+00 -2.256359548803e+01 -3.407124126782e+01 -1.889220711214e+01
2.250000000000e+01  -4.035228102821e+00 -2.254015375812e+01 -3.367080149058e+01 -1.881395966606e+01
2.251000000000e+01  -3.783580732964e+00 -2.252333119553e+01 -3.326963864161e+01 -1.874578165811e+01
2.252000000000e+01  -3.531467643361e+00 -2.251314126533e+01 -3.286798781068e+01 -1.868768517915e+01
2.253000000000e+01  -3.279040211175e+00 -2.250959394688e+01 -3.246608434685e+01 -1.863967690643e+01
2.254000000000e+01  -3.026449958290e+00 -2.251269572902e+01 -3.206416373449e+01 -1.860175809966e+01
2.255000000000e+01  -2.773848470205e+00 -2.252244960704e+01 -3.166246146925e+01 -1.857392459989e+01
2.256000000000e+01  -2.521387314896e+00 -2.253885508147e+01 -3.126121293407e+01 -1.855616683140e+01
2.257000000000e+01  -2.269217961671e+00 -2.256190815878e+01 -3.086065327519e+01 -1.854846980635e+01
2.258000000000e+01  -2.017491700088e+00 -2.259160135383e+01 -3.046101727831e+01 -1.855081313242e+01
2.259000000000e+01  -1.766359558961e+00 -2.262792369417e+01 -3.006253924499e+01 -1.856317102326e+01
2.260000000000e+01  -1.515972225505e+00 -2.267086072619e+01 -2.966545286923e+01 -1.858551231191e+01
2.261000000000e+01  -1.266479964670e+00 -2.272039452306e+01 -2.926999111440e+01 -1.861780046701e+01
2.262000000000e+01  -1.018032538696e+00 -2.277650369450e+01 -2.887638609058e+01 -1.865999361190e+01
2.263000000000e+01  -7.707791269577e-01 -2.283916339833e+01 -2.848486893230e+01 -1.871204454667e+01
2.264000000000e+01  -5.248682461121e-01 -2.290834535389e+01 -2.809566967681e+01 -1.877390077290e+01
2.265000000000e+01  -2.804476706244e-01 -2.298401785714e+01 -2.770901714290e+01 -1.884550452137e+01
2.266000000000e+01  -3.766435369917e-02 -2.306614579767e+01 -2.732513881037e+01 -1.892679278256e+01
2.267000000000e+01  2.033356513316e-01 -2.315469067737e+01 -2.694426070018e+01 -1.901769733991e+01
2.268000000000e+01  4.424072691175e-01 -2.324961063094e+01 -2.656660725532e+01 -1.911814480596e+01
2.269000000000e+01  6.794064798532e-01 -2.335086044809e+01 -2.619240122257e+01 -1.922805666115e+01
2.270000000000e+01  9.141903962479e-01 -2.345839159755e+01 -2.582186353498e+01 -1.934734929553e+01
2.271000000000e+01  1.146617339858e+00 -2.357215225272e+01 -2.545521319546e+01 -1.947593405304e+01
2.272000000000e+01  1.376546916735e+00 -2.369208731909e+01 -2.509266716118e+01 -1.961371727860e+01
2.273000000000e+01  1.603840092347e+00 -2.381813846334e+01 -2.473444022910e+01 -1.976060036791e+01
2.274000000000e+01  1.828359265727e+00 -2.395024414407e+01 -2.438074492259e+01 -1.991647981979e+01
2.275000000000e+01  2.049968342796e+00 -2.408833964431e+01 -2.403179137916e+01 -2.008124729128e+01
2.276000000000e+01  2.268532808833e+00 -2.423235710550e+01 -2.368778723937e+01 -2.025478965529e+01
2.277000000000e+01  2.483919800029e+00 -2.438222556327e+01 -2.334893753711e+01 -2.043698906081e+01
2.278000000000e+01  2.695998174090e+00 -2.453787098472e+01 -2.301544459102e+01 -2.062772299568e+01
2.279000000000e+01  2.904638579843e+00 -2.469921630734e+01 -2.268750789739e+01 -2.082686435189e+01
2.280000000000e+01  3.109713525805e+00 -2.486618147942e+01 -2.236532402440e+01 -2.103428149329e+01
2.281000000000e+01  3.311097447662e+00 -2.503868350215e+01 -2.204908650784e+01 -2.124983832583e+01
2.282000000000e+01  3.508666774619e+00 -2.521663647309e+01 -2.173898574830e+01 -2.147339437008e+01
2.283000000000e+01  3.702299994591e+00 -2.539995163126e+01 -2.143520890999e+01 -2.170480483622e+01
2.284000000000e+01  3.891877718166e+00 -2.558853740366e+01 -2.113793982100e+01 -2.194392070127e+01
2.285000000000e+01  4.077282741323e+00 -2.578229945327e+01 -2.084735887538e+01 -2.219058878862e+01
2.286000000000e+01  4.258400106852e+00 -2.598114072846e+01 -2.056364293675e+01 -2.244465184977e+01
2.287000000000e+01  4.435117164438e+00 -2.618496151385e+01 -2.028696524372e+01 -2.270594864830e+01
2.288000000000e+01  4.607323629368e+00 -2.639365948257e+01 -2.001749531708e+01 -2.297431404592e+01
2.289000000000e+01  4.774911639826e+00 -2.660712974982e+01 -1.975539886872e+01 -2.324957909061e+01
2.290000000000e+01  4.937775812732e+00 -2.682526492786e+01 -1.950083771251e+01 -2.353157110685e+01
2.291000000000e+01  5.095813298095e+00 -2.704795518223e+01 -1.925396967699e+01 -2.382011378774e+01
2.292000000000e+01  5.248923831839e+00 -2.727508828934e+01 -1.901494852000e+01 -2.411502728913e+01
2.293000000000e+01  5.397009787073e+00 -2.750654969530e+01 -1.878392384533e+01 -2.441612832559e+01
2.294000000000e+01  5.539976223763e+00 -2.774222257594e+01 -1.856104102130e+01 -2.472323026821e+01
2.295000000000e+01  5.677730936785e+00 -2.798198789813e+01 -1.834644110145e+01 -2.503614324412e+01
2.296000000000e+01  5.810184502321e+00 -2.822572448220e+01 -1.814026074727e+01 -2.535467423780e+01
2.297000000000e+01  5.937250322575e+00 -2.847330906560e+01 -1.794263215308e+01 -2.567862719394e+01
2.298000000000e+01  6.058844668777e+00 -2.872461636766e+01 -1.775368297304e+01 -2.600780312191e+01
2.299000000000e+01  6.174886722456e+00 -2.897951915538e+01 -1.757353625034e+01 -2.634200020184e+01
2.300000000000e+01  6.285298614953e+00 -2.923788831042e+01 -1.740231034869e+01 -2.668101389201e+01
2.301000000000e+01  6.390005465167e+00 -2.949959289707e+01 -1.724011888599e+01 -2.702463703776e+01
2.302000000000e+01  6.488935415489e+00 -2.976450023120e+01 -1.708707067036e+01 -2.737265998166e+01
2.303000000000e+01  6.582019665945e+00 -3.003247595024e+01 -1.694326963847e+01 -2.772487067501e+01
2.304000000000e+01  6.669192506499e+00 -3.030338408412e+01 -1.680881479630e+01 -2.808105479052e+01
2.305000000000e+01  6.750391347529e+00 -3.057708712706e+01 -1.668380016227e+01 -2.844099583609e+01
2.306000000000e+01  6.825556748459e+00 -3.085344611033e+01 -1.656831471284e+01 -2.880447526976e+01
2.307000000000e+01  6.894632444540e+00 -3.113232067578e+01 -1.646244233057e+01 -2.917127261558e+01
2.308000000000e+01  6.957565371781e+00 -3.141356915025e+01 -1.636626175480e+01 -2.954116558052e+01
2.309000000000e+01  7.014305690023e+00 -3.169704862067e+01 -1.627984653479e+01 -2.991393017216e+01
2.310000000000e+01  7.064806804174e+00 -3.198261501001e+01 -1.620326498555e+01 -3.028934081730e+01
2.311000000000e+01  7.109025383582e+00 -3.227012315381e+01 -1.613658014625e+01 -3.066717048126e+01
2.312000000000e+01  7.146921379590e+00 -3.255942687746e+01 -1.607984974139e+01 -3.104719078793e+01
2.313000000000e+01  7.178458041248e+00 -3.285037907402e+01 -1.603312614465e+01 -3.142917214040e+01
2.314000000000e+01  7.203601929219e+00 -3.314283178267e+01 -1.599645634552e+01 -3.181288384219e+01
2.315000000000e+01  7.222322927886e+00 -3.343663626764e+01 -1.596988191875e+01 -3.219809421899e+01
2.316000000000e+01  7.234594255669e+00 -3.373164309764e+01 -1.595343899663e+01 -3.258457074082e+01
2.317000000000e+01  7.240392473590e+00 -3.402770222575e+01 -1.594715824416e+01 -3.297208014466e+01
2.318000000000e+01  7.239697492086e+00 -3.432466306958e+01 -1.595106483719e+01 -3.336038855731e+01
2.319000000000e+01  7.232492576104e+00 -3.462237459192e+01 -1.596517844343e+01 -3.374926161862e+01
2.320000000000e+01  7.218764348510e+00 -3.492068538155e+01 -1.598951320657e+01 -3.413846460484e+01
2.321000000000e+01  7.198502791812e+00 -3.521944373431e+01 -1.602407773337e+01 -3.452776255225e+01
2.322000000000e+01  7.171701248251e+00 -3.551849773435e+01 -1.606887508381e+01 -3.491692038084e+01
2.323000000000e+01  7.138356418269e+00 -3.581769533551e+01 -1.612390276439e+01 -3.530570301799e+01
2.324000000000e+01  7.098468357384e+00 -3.611688444271e+01 -1.618915272456e+01 -3.569387552228e+01
2.325000000000e+01  7.052040471509e+00 -3.641591299341e+01 -1.626461135622e+01 -3.608120320715e+01
2.326000000000e+01  6.999079510721e+00 -3.671462903898e+01 -1.635025949654e+01 -3.646745176452e+01
2.327000000000e+01  6.939595561538e+00 -3.701288082595e+01 -1.644607243388e+01 -3.685238738818e+01
2.328000000000e+01  6.873602037689e+00 -3.731051687716e+01 -1.655201991699e+01 -3.723577689709e+01
2.329000000000e+01  6.801115669446e+00 -3.760738607260e+01 -1.666806616740e+01 -3.761738785830e+01
2.330000000000e+01  6.722156491501e+00 -3.790333773003e+01 -1.679416989512e+01 -3.799698870968e+01
2.331000000000e+01  6.636747829442e+00 -3.819822168526e+01 -1.693028431753e+01 -3.837434888218e+01
2.332000000000e+01  6.544916284830e+00 -3.849188837201e+01 -1.707635718161e+01 -3.874923892179e+01
2.333000000000e+01  6.446691718898e+00 -3.878418890137e+01 -1.723233078936e+01 -3.912143061091e+01
2.334000000000e+01  6.342107234907e+00 -3.907497514072e+01 -1.739814202651e+01 -3.949069708935e+01
2.335000000000e+01  6.231199159140e+00 -3.936409979214e+01 -1.757372239447e+01 -3.985681297463e+01
2.336000000000e+01  6.114007020587e+00 -3.965141647017e+01 -1.775899804554e+01 -4.021955448171e+01
2.337000000000e+01  5.990573529306e+00 -3.993677977899e+01 -1.795388982125e+01 -4.057869954206e+01
2.338000000000e+01  5.860944553473e+00 -4.022004538883e+01 -1.815831329401e+01 -4.093402792196e+01
2.339000000000e+01  5.725169095143e+00 -4.050107011169e+01 -1.837217881187e+01 -4.128532133999e+01
2.340000000000e+01  5.583299264715e+00 -4.077971197626e+01 -1.859539154637e+01 -4.163236358371e+01
2.341000000000e+01  5.435390254108e+00 -4.105583030201e+01 -1.882785154360e+01 -4.197494062541e+01
2.342000000000e+01  5.281500308652e+00 -4.132928577240e+01 -1.906945377823e+01 -4.231284073684e+01
2.343000000000e+01  5.121690697706e+00 -4.159994050724e+01 -1.932008821061e+01 -4.264585460299e+01
2.344000000000e+01  4.956025683980e+00 -4.186765813402e+01 -1.957963984684e+01 -4.297377543468e+01
2.345000000000e+01  4.784572491586e+00 -4.213230385835e+01 -1.984798880177e+01 -4.329639908005e+01
2.346000000000e+01  4.607401272803e+00 -4.239374453337e+01 -2.012501036487e+01 -4.361352413481e+01
2.347000000000e+01  4.424585073558e+00 -4.265184872806e+01 -2.041057506894e+01 -4.392495205114e+01
2.348000000000e+01  4.236199797614e+00 -4.290648679463e+01 -2.070454876156e+01 -4.423048724534e+01
2.349000000000e+01  4.042324169483e+00 -4.315753093465e+01 -2.100679267930e+01 -4.452993720392e+01
2.350000000000e+01  3.843039696039e+00 -4.340485526419e+01 -2.131716352450e+01 -4.482311258835e+01
2.351000000000e+01  3.638430626838e+00 -4.364833587775e+01 -2.163551354474e+01 -4.510982733810e+01
2.352000000000e+01  3.428583913156e+00 -4.388785091109e+01 -2.196169061471e+01 -4.538989877219e+01
2.353000000000e+01  3.213589165723e+00 -4.412328060281e+01 -2.229553832065e+01 -4.566314768893e+01
2.354000000000e+01  2.993538611173e+00 -4.435450735475e+01 -2.263689604710e+01 -4.592939846403e+01
2.355000000000e+01  2.768527047199e+00 -4.458141579124e+01 -2.298559906602e+01 -4.618847914676e+01
2.356000000000e+01  2.538651796424e+00 -4.480389281696e+01 -2.334147862812e+01 -4.644022155433e+01
2.357000000000e+01  2.304012658988e+00 -4.502182767369e+01 -2.370436205645e+01 -4.668446136427e+01
2.358000000000e+01  2.064711863859e+00 -4.523511199573e+01 -2.407407284201e+01 -4.692103820482e+01
2.359000000000e+01  1.820854018876e+00 -4.544363986396e+01 -2.445043074151e+01 -4.714979574322e+01
2.360000000000e+01  1.572546059525e+00 -4.564730785873e+01 -2.483325187700e+01 -4.737058177192e+01
2.361000000000e+01  1.319897196482e+00 -4.584601511132e+01 -2.522234883753e+01 -4.758324829254e+01
2.362000000000e+01  1.063018861898e+00 -4.603966335411e+01 -2.561753078255e+01 -4.778765159766e+01
2.363000000000e+01  8.020246544813e-01 -4.622815696937e+01 -2.601860354714e+01 -4.798365235023e+01
2.364000000000e+01  5.370302833648e-01 -4.641140303671e+01 -2.642536974895e+01 -4.817111566070e+01
2.365000000000e+01  2.681535107856e-01 -4.658931137911e+01 -2.683762889670e+01 -4.834991116168e+01
2.366000000000e+01  -4.485906399654e-03 -4.676179460763e+01 -2.725517750036e+01 -4.851991308021e+01
2.367000000000e+01  -2.807662763464e-01 -4.692876816459e+01 -2.767780918274e+01 -4.868100030750e+01
2.368000000000e+01  -5.605640329769e-01 -4.709015036542e+01 -2.810531479254e+01 -4.883305646611e+01
2.369000000000e+01  -8.437537978316e-01 -4.724586243904e+01 -2.853748251881e+01 -4.897596997458e+01
2.370000000000e+01  -1.130208442991e+00 -4.739582856675e+01 -2.897409800664e+01 -4.910963410940e+01
2.371000000000e+01  -1.419799155041e+00 -4.753997591967e+01 -2.941494447412e+01 -4.923394706434e+01
2.372000000000e+01  -1.712395500048e+00 -4.767823469474e+01 -2.985980283044e+01 -4.934881200705e+01
2.373000000000e+01  -2.007865489517e+00 -4.781053814914e+01 -3.030845179518e+01 -4.945413713293e+01
2.374000000000e+01  -2.306075647301e+00 -4.793682263322e+01 -3.076066801849e+01 -4.954983571627e+01
2.375000000000e+01  -2.606891077416e+00 -4.805702762193e+01 -3.121622620236e+01 -4.963582615852e+01
2.376000000000e+01  -2.910175532749e+00 -4.817109574469e+01 -3.167489922274e+01 -4.971203203377e+01
2.377000000000e+01  -3.215791484594e+00 -4.827897281365e+01 -3.213645825253e+01 -4.977838213140e+01
2.378000000000e+01  -3.523600193006e+00 -4.838060785048e+01 -3.260067288531e+01 -4.983481049583e+01
2.379000000000e+01  -3.833461777918e+00 -4.847595311147e+01 -3.306731125981e+01 -4.988125646331e+01
2.380000000000e+01  -4.145235290983e+00 -4.856496411107e+01 -3.353614018502e+01 -4.991766469594e+01
2.381000000000e+01  -4.458778788113e+00 -4.864759964388e+01 -3.400692526589e+01 -4.994398521259e+01
2.382000000000e+01  -4.773949402658e+00 -4.872382180486e+01 -3.447943102951e+01 -4.996017341698e+01
2.383000000000e+01  -5.090603419191e+00 -4.879359600810e+01 -3.495342105180e+01 -4.996619012275e+01
2.384000000000e+01  -5.408596347868e+00 -4.885689100376e+01 -3.542865808453e+01 -4.996200157557e+01
2.385000000000e+01  -5.727782999295e+00 -4.891367889347e+01 -3.590490418275e+01 -4.994757947223e+01
2.386000000000e+01  -6.048017559884e+00 -4.896393514401e+01 -3.638192083237e+01 -4.992290097679e+01
2.387000000000e+01  -6.369153667640e+00 -4.900763859932e+01 -3.685946907803e+01 -4.988794873368e+01
2.388000000000e+01  -6.691044488343e+00 -4.904477149084e+01 -3.733730965105e+01 -4.984271087781e+01
2.389000000000e+01  -7.013542792074e+00 -4.907531944607e+01 -3.781520309749e+01 -4.978718104171e+01
2.390000000000e+01  -7.336501030045e+00 -4.909927149559e+01 -3.829290990617e+01 -4.972135835957e+01
2.391000000000e+01  -7.659771411687e+00 -4.911662007818e+01 -3.877019063665e+01 -4.964524746840e+01
2.392000000000e+01  -7.983205981956e+00 -4.912736104434e+01 -3.924680604711e+01 -4.955885850605e+01
2.393000000000e+01  -8.306656698806e+00 -4.913149365810e+01 -3.972251722202e+01 -4.946220710635e+01
2.394000000000e+01  -8.629975510779e+00 -4.912902059698e+01 -4.019708569951e+01 -4.935531439117e+01
2.395000000000e+01  -8.953014434691e+00 -4.911994795037e+01 -4.067027359857e+01 -4.923820695952e+01
2.396000000000e+01  -9.275625633335e+00 -4.910428521609e+01 -4.114184374568e+01 -4.911091687370e+01
2.397000000000e+01  -9.597661493188e+00 -4.908204529522e+01 -4.161155980115e+01 -4.897348164245e+01
2.398000000000e+01  -9.918974702053e+00 -4.905324448522e+01 -4.207918638490e+01 -4.882594420116e+01
2.399000000000e+01  -1.023941832661e+01 -4.901790247130e+01 -4.254448920164e+01 -4.866835288909e+01
2.400000000000e+01  -1.055884588981e+01 -4.897604231607e+01 -4.300723516547e+01 -4.850076142379e+01
2.401000000000e+01  -1.087711144812e+01 -4.892769044746e+01 -4.346719252374e+01 -4.832322887245e+01
2.402000000000e+01  -1.119406966845e+01 -4.887287664488e+01 -4.392413098023e+01 -4.813581962049e+01
2.403000000000e+01  -1.150957590493e+01 -4.881163402367e+01 -4.437782181738e+01 -4.793860333721e+01
2.404000000000e+01  -1.182348627525e+01 -4.874399901789e+01 -4.482803801778e+01 -4.773165493859e+01
2.405000000000e+01  -1.213565773669e+01 -4.867001136132e+01 -4.527455438462e+01 -4.751505454734e+01
2.406000000000e+01  -1.244594816178e+01 -4.858971406674e+01 -4.571714766117e+01 -4.728888745002e+01
2.407000000000e+01  -1.275421641342e+01 -4.850315340366e+01 -4.615559664919e+01 -4.705324405149e+01
2.408000000000e+01  -1.306032241960e+01 -4.841037887415e+01 -4.658968232623e+01 -4.680821982659e+01
2.409000000000e+01  -1.336412724754e+01 -4.831144318716e+01 -4.701918796173e+01 -4.655391526902e+01
2.410000000000e+01  -1.366549317727e+01 -4.820640223113e+01 -4.744389923185e+01 -4.629043583766e+01
2.411000000000e+01  -1.396428377457e+01 -4.809531504488e+01 -4.786360433308e+01 -4.601789190010e+01
2.412000000000e+01  -1.426036396331e+01 -4.797824378693e+01 -4.827809409436e+01 -4.573639867363e+01
2.413000000000e+01  -1.455360009706e+01 -4.785525370320e+01 -4.868716208790e+01 -4.544607616356e+01
2.414000000000e+01  -1.484386002994e+01 -4.772641309304e+01 -4.909060473848e+01 -4.514704909909e+01
2.415000000000e+01  -1.513101318673e+01 -4.759179327369e+01 -4.948822143118e+01 -4.483944686651e+01
2.416000000000e+01  -1.541493063219e+01 -4.745146854319e+01 -4.987981461760e+01 -4.452340344001e+01
2.417000000000e+01  -1.569548513946e+01 -4.730551614168e+01 -5.026518992033e+01 -4.419905731006e+01
2.418000000000e+01  -1.597255125762e+01 -4.715401621119e+01 -5.064415623587e+01 -4.386655140926e+01
2.419000000000e+01  -1.624600537833e+01 -4.699705175391e+01 -5.101652583563e+01 -4.352603303597e+01
2.420000000000e+01  -1.651572580148e+01 -4.683470858893e+01 -5.138211446530e+01 -4.317765377549e+01
2.421000000000e+01  -1.678159279984e+01 -4.666707530752e+01 -5.174074144220e+01 -4.282156941903e+01
2.422000000000e+01  -1.704348868269e+01 -4.649424322694e+01 -5.209222975086e+01 -4.245793988044e+01
2.423000000000e+01  -1.730129785841e+01 -4.631630634282e+01 -5.243640613657e+01 -4.208692911068e+01
2.424000000000e+01  -1.755490689589e+01 -4.613336128014e+01 -5.277310119698e+01 -4.170870501022e+01
2.425000000000e+01  -1.780420458491e+01 -4.594550724281e+01 -5.310214947155e+01 -4.132343933929e+01
2.426000000000e+01  -1.804908199521e+01 -4.575284596189e+01 -5.342338952905e+01 -4.093130762612e+01
2.427000000000e+01  -1.828943253453e+01 -4.555548164246e+01 -5.373666405282e+01 -4.053248907314e+01
2.428000000000e+01  -1.852515200526e+01 -4.535352090921e+01 -5.404181992381e+01 -4.012716646124e+01
2.429000000000e+01  -1.875613865994e+01 -4.514707275075e+01 -5.433870830153e+01 -3.971552605218e+01
2.430000000000e+01  -1.898229325538e+01 -4.493624846265e+01 -5.462718470257e+01 -3.929775748904e+01
2.431000000000e+01  -1.920351910554e+01 -4.472116158926e+01 -5.490710907691e+01 -3.887405369502e+01
2.432000000000e+01  -1.941972213301e+01 -4.450192786433e+01 -5.517834588185e+01 -3.844461077037e+01
2.433000000000e+01  -1.963081091909e+01 -4.427866515054e+01 -5.544076415352e+01 -3.800962788775e+01
2.434000000000e+01  -1.983669675252e+01 -4.405149337778e+01 -5.569423757599e+01 -3.756930718587e+01
2.435000000000e+01  -2.003729367676e+01 -4.382053448044e+01 -5.593864454791e+01 -3.712385366162e+01
2.436000000000e+01  -2.023251853577e+01 -4.358591233356e+01 -5.617386824665e+01 -3.667347506066e+01
2.437000000000e+01  -2.042229101840e+01 -4.334775268801e+01 -5.639979668990e+01 -3.621838176659e+01
2.438000000000e+01  -2.060653370114e+01 -4.310618310464e+01 -5.661632279470e+01 -3.575878668866e+01
2.439000000000e+01  -2.078517208949e+01 -4.286133288746e+01 -5.682334443386e+01 -3.529490514819e+01
2.440000000000e+01  -2.095813465766e+01 -4.261333301589e+01 -5.702076448982e+01 -3.482695476375e+01
2.441000000000e+01  -2.112535288678e+01 -4.236231607616e+01 -5.720849090574e+01 -3.435515533507e+01
2.442000000000e+01  -2.128676130143e+01 -4.210841619183e+01 -5.738643673402e+01 -3.387972872579e+01
2.443000000000e+01  -2.144229750469e+01 -4.185176895344e+01 -5.755452018206e+01 -3.340089874519e+01
2.444000000000e+01  -2.159190221139e+01 -4.159251134744e+01 -5.771266465525e+01 -3.291889102883e+01
2.445000000000e+01  -2.173551927986e+01 -4.133078168439e+01 -5.786079879730e+01 -3.243393291825e+01
2.446000000000e+01  -2.187309574194e+01 -4.106671952636e+01 -5.799885652773e+01 -3.194625333981e+01
2.447000000000e+01  -2.200458183130e+01 -4.080046561378e+01 -5.812677707652e+01 -3.145608268261e+01
2.448000000000e+01  -2.212993101011e+01 -4.053216179154e+01 -5.824450501609e+01 -3.096365267574e+01
2.449000000000e+01  -2.224909999398e+01 -4.026195093458e+01 -5.835199029030e+01 -3.046919626474e+01
2.450000000000e+01  -2.236204877513e+01 -3.998997687291e+01 -5.844918824069e+01 -2.997294748749e+01
2.451000000000e+01  -2.246874064390e+01 -3.971638431609e+01 -5.853605962982e+01 -2.947514134949e+01
2.452000000000e+01  -2.256914220846e+01 -3.944131877728e+01 -5.861257066176e+01 -2.897601369864e+01
2.453000000000e+01  -2.266322341277e+01 -3.916492649681e+01 -5.867869299973e+01 -2.847580109959e+01
2.454000000000e+01  -2.275095755279e+01 -3.888735436539e+01 -5.873440378072e+01 -2.797474070773e+01
2.455000000000e+01  -2.283232129087e+01 -3.860874984695e+01 -5.877968562739e+01 -2.747307014281e+01
2.456000000000e+01  -2.290729466844e+01 -3.832926090118e+01 -5.881452665692e+01 -2.697102736244e+01
2.457000000000e+01  -2.297586111677e+01 -3.804903590581e+01 -5.883892048704e+01 -2.646885053527e+01
2.458000000000e+01  -2.303800746610e+01 -3.776822357861e+01 -5.885286623906e+01 -2.596677791422e+01
2.459000000000e+01  -2.309372395282e+01 -3.748697289927e+01 -5.885636853808e+01 -2.546504770955e+01
2.460000000000e+01  -2.314300422495e+01 -3.720543303110e+01 -5.884943751020e+01 -2.496389796200e+01
2.461000000000e+01  -2.318584534572e+01 -3.692375324260e+01 -5.883208877690e+01 -2.446356641608e+01
2.462000000000e+01  -2.322224779545e+01 -3.664208282901e+01 -5.880434344642e+01 -2.396429039347e+01
2.463000000000e+01  -2.325221547150e+01 -3.636057103384e+01 -5.876622810229e+01 -2.346630666663e+01
2.464000000000e+01  -2.327575568646e+01 -3.607936697033e+01 -5.871777478895e+01 -2.296985133276e+01
2.465000000000e+01  -2.329287916461e+01 -3.579861954314e+01 -5.865902099449e+01 -2.247515968814e+01
2.466000000000e+01  -2.330360003637e+01 -3.551847736993e+01 -5.859000963046e+01 -2.198246610285e+01
2.467000000000e+01  -2.330793583119e+01 -3.523908870330e+01 -5.851078900885e+01 -2.149200389597e+01
2.468000000000e+01  -2.330590746842e+01 -3.496060135272e+01 -5.842141281621e+01 -2.100400521147e+01
2.469000000000e+01  -2.329753924652e+01 -3.468316260685e+01 -5.832194008490e+01 -2.051870089458e+01
2.470000000000e+01  -2.328285883042e+01 -3.440691915601e+01 -5.821243516150e+01 -2.003632036895e+01
2.471000000000e+01  -2.326189723714e+01 -3.413201701500e+01 -5.809296767248e+01 -1.955709151456e+01
2.472000000000e+01  -2.323468881954e+01 -3.385860144631e+01 -5.796361248696e+01 -1.908124054642e+01
2.473000000000e+01  -2.320127124841e+01 -3.358681688365e+01 -5.782444967676e+01 -1.860899189420e+01
2.474000000000e+01  -2.316168549274e+01 -3.331680685594e+01 -5.767556447373e+01 -1.814056808277e+01
2.475000000000e+01  -2.311597579825e+01 -3.304871391179e+01 -5.751704722426e+01 -1.767618961384e+01
2.476000000000e+01  -2.306418966417e+01 -3.278267954446e+01 -5.734899334112e+01 -1.721607484859e+01
2.477000000000e+01  -2.300637781836e+01 -3.251884411741e+01 -5.717150325268e+01 -1.676043989150e+01
2.478000000000e+01  -2.294259419058e+01 -3.225734679036e+01 -5.698468234933e+01 -1.630949847533e+01
2.479000000000e+01  -2.287289588422e+01 -3.199832544611e+01 -5.678864092741e+01 -1.586346184746e+01
2.480000000000e+01  -2.279734314627e+01 -3.174191661786e+01 -5.658349413051e+01 -1.542253865747e+01
2.481000000000e+01  -2.271599933556e+01 -3.148825541740e+01 -5.636936188812e+01 -1.498693484613e+01
2.482000000000e+01  -2.262893088952e+01 -3.123747546394e+01 -5.614636885185e+01 -1.455685353583e+01
2.483000000000e+01  -2.253620728910e+01 -3.098970881373e+01 -5.591464432909e+01 -1.413249492257e+01
2.484000000000e+01  -2.243790102223e+01 -3.074508589055e+01 -5.567432221426e+01 -1.371405616941e+01
2.485000000000e+01  -2.233408754564e+01 -3.050373541704e+01 -5.542554091753e+01 -1.330173130163e+01
2.486000000000e+01  -2.222484524506e+01 -3.026578434685e+01 -5.516844329127e+01 -1.289571110351e+01
2.487000000000e+01  -2.211025539394e+01 -3.003135779782e+01 -5.490317655406e+01 -1.249618301681e+01
2.488000000000e+01  -2.199040211056e+01 -2.980057898607e+01 -5.462989221245e+01 -1.210333104117e+01
2.489000000000e+01  -2.186537231370e+01 -2.957356916105e+01 -5.434874598038e+01 -1.171733563615e+01
2.490000000000e+01  -2.173525567678e+01 -2.935044754175e+01 -5.405989769645e+01 -1.133837362529e+01
2.491000000000e+01  -2.160014458056e+01 -2.913133125380e+01 -5.376351123894e+01 -1.096661810209e+01
2.492000000000e+01  -2.146013406435e+01 -2.891633526784e+01 -5.345975443877e+01 -1.060223833793e+01
2.493000000000e+01  -2.131532177592e+01 -2.870557233886e+01 -5.314879899025e+01 -1.024539969207e+01
2.494000000000e+01  -2.116580791989e+01 -2.849915294686e+01 -5.283082035994e+01 -9.896263523732e+00
2.495000000000e+01  -2.101169520486e+01 -2.829718523856e+01 -5.250599769337e+01 -9.554987106255e+00
2.496000000000e+01  -2.085308878919e+01 -2.809977497045e+01 -5.217451371991e+01 -9.221723543527e+00
2.497000000000e+01  -2.069009622541e+01 -2.790702545302e+01 -5.183655465567e+01 -8.896621688553e+00
2.498000000000e+01  -2.052282740347e+01 -2.771903749631e+01 -5.149231010467e+01 -8.579826064331e+00
2.499000000000e+01  -2.035139449265e+01 -2.753590935675e+01 -5.114197295806e+01 -8.271476787024e+00
2.500000000000e+01  -2.017591188231e+01 -2.735773668537e+01 -5.078573929174e+01 -7.971709491476e+00
2.501000000000e+01  -1.999649612145e+01 -2.718461247734e+01 -5.042380826226e+01 -7.680655259123e+00
2.502000000000e+01  -1.981326585710e+01 -2.701662702295e+01 -5.005638200102e+01 -7.398440548330e+00
2.503000000000e+01  -1.962634177162e+01 -2.685386785996e+01 -4.968366550699e+01 -7.125187127187e+00
2.504000000000e+01  -1.943584651894e+01 -2.669641972740e+01 -4.930586653790e+01 -6.861012008807e+00
2.505000000000e+01  -1.924190465963e+01 -2.654436452093e+01 -4.892319549991e+01 -6.606027389164e+00
2.506000000000e+01  -1.904464259511e+01 -2.639778124952e+01 -4.853586533596e+01 -6.360340587486e+00
2.507000000000e+01  -1.884418850081e+01 -2.625674599382e+01 -4.814409141276e+01 -6.124053989263e+00
2.508000000000e+01  -1.864067225832e+01 -2.612133186594e+01 -4.774809140644e+01 -5.897264991873e+00
2.509000000000e+01  -1.843422538676e+01 -2.599160897086e+01 -4.734808518710e+01 -5.680065952873e+00
2.510000000000e+01  -1.822498097315e+01 -2.586764436940e+01 -4.694429470206e+01 -5.472544140978e+00
2.511000000000e+01  -1.801307360204e+01 -2.574950204274e+01 -4.653694385819e+01 -5.274781689750e+00
2.512000000000e+01  -1.779863928427e+01 -2.563724285862e+01 -4.612625840304e+01 -5.086855554031e+00
2.513000000000e+01  -1.758181538500e+01 -2.553092453916e+01 -4.571246580510e+01 -4.908837469130e+00
2.514000000000e+01  -1.736274055100e+01 -2.543060163027e+01 -4.529579513315e+01 -4.740793912807e+00
2.515000000000e+01  -1.714155463727e+01 -2.533632547282e+01 -4.487647693471e+01 -4.582786070048e+00
2.516000000000e+01  -1.691839863301e+01 -2.524814417537e+01 -4.445474311383e+01 -4.434869800671e+00
2.517000000000e+01  -1.669341458691e+01 -2.516610258874e+01 -4.403082680803e+01 -4.297095609779e+00
2.518000000000e+01  -1.646674553202e+01 -2.509024228213e+01 -4.360496226472e+01 -4.169508621057e+00
2.519000000000e+01  -1.623853540990e+01 -2.502060152110e+01 -4.317738471694e+01 -4.052148552958e+00
2.520000000000e+01  -1.600892899443e+01 -2.495721524717e+01 -4.274833025868e+01 -3.945049697758e+00
2.521000000000e+01  -1.577807181512e+01 -2.490011505920e+01 -4.231803571969e+01 -3.848240903524e+00
2.522000000000e+01  -1.554611007995e+01 -2.484932919657e+01 -4.188673853996e+01 -3.761745558975e+00
2.523000000000e+01  -1.531319059791e+01 -2.480488252402e+01 -4.145467664381e+01 -3.685581581273e+00
2.524000000000e+01  -1.507946070120e+01 -2.476679651832e+01 -4.102208831385e+01 -3.619761406723e+00
2.525000000000e+01  -1.484506816712e+01 -2.473508925672e+01 -4.058921206466e+01 -3.564291984409e+00
2.526000000000e+01  -1.461016113969e+01 -2.470977540712e+01 -4.015628651643e+01 -3.519174772762e+00
2.527000000000e+01  -1.437488805112e+01 -2.469086622008e+01 -3.972355026850e+01 -3.484405739062e+00
2.528000000000e+01  -1.413939754308e+01 -2.467836952258e+01 -3.929124177299e+01 -3.459975361868e+00
2.529000000000e+01  -1.390383838781e+01 -2.467228971358e+01 -3.885959920848e+01 -3.445868636396e+00
2.530000000000e+01  -1.366835940921e+01 -2.467262776140e+01 -3.842886035384e+01 -3.442065082814e+00
2.531000000000e+01  -1.343310940386e+01 -2.467938120281e+01 -3.799926246232e+01 -3.448538757473e+00
2.532000000000e+01  -1.319823706202e+01 -2.469254414401e+01 -3.757104213592e+01 -3.465258267061e+00
2.533000000000e+01  -1.296389088869e+01 -2.471210726334e+01 -3.714443520016e+01 -3.492186785666e+00
2.534000000000e+01  -1.273021912475e+01 -2.473805781580e+01 -3.671967657916e+01 -3.529282074749e+00
2.535000000000e+01  -1.249736966820e+01 -2.477037963934e+01 -3.629700017140e+01 -3.576496506016e+00
2.536000000000e+01  -1.226548999562e+01 -2.480905316295e+01 -3.587663872585e+01 -3.633777087164e+00
2.537000000000e+01  -1.203472708374e+01 -2.485405541654e+01 -3.545882371888e+01 -3.701065490510e+00
2.538000000000e+01  -1.180522733138e+01 -2.490536004255e+01 -3.504378523177e+01 -3.778298084462e+00
2.539000000000e+01  -1.157713648154e+01 -2.496293730937e+01 -3.463175182901e+01 -3.865405967844e+00
2.540000000000e+01  -1.135059954394e+01 -2.502675412652e+01 -3.422295043746e+01 -3.962315007027e+00
2.541000000000e+01  -1.112576071783e+01 -2.509677406151e+01 -3.381760622630e+01 -4.068945875868e+00
2.542000000000e+01  -1.090276331531e+01 -2.517295735856e+01 -3.341594248804e+01 -4.185214098430e+00
2.543000000000e+01  -1.068174968499e+01 -2.525526095896e+01 -3.301818052051e+01 -4.311030094454e+00
2.544000000000e+01  -1.046286113621e+01 -2.534363852321e+01 -3.262453950985e+01 -4.446299227568e+00
2.545000000000e+01  -1.024623786380e+01 -2.543804045480e+01 -3.223523641478e+01 -4.590921856194e+00
2.546000000000e+01  -1.003201887333e+01 -2.553841392579e+01 -3.185048585196e+01 -4.744793387144e+00
2.547000000000e+01  -9.820341907078e+00 -2.564470290400e+01 -3.147049998267e+01 -4.907804331860e+00
2.548000000000e+01  -9.611343370539e+00 -2.575684818188e+01 -3.109548840077e+01 -5.079840365271e+00
2.549000000000e+01  -9.405158259699e+00 -2.587478740711e+01 -3.072565802209e+01 -5.260782387244e+00
2.550000000000e+01  -9.201920088993e+00 -2.599845511471e+01 -3.036121297524e+01 -5.450506586581e+00
2.551000000000e+01  -9.001760820044e+00 -2.612778276094e+01 -3.000235449388e+01 -5.648884507541e+00
2.552000000000e+01  -8.804810791195e+00 -2.626269875866e+01 -2.964928081063e+01 -5.855783118837e+00
2.553000000000e+01  -8.611198647885e+00 -2.640312851438e+01 -2.930218705252e+01 -6.071064885089e+00
2.554000000000e+01  -8.421051273898e+00 -2.654899446685e+01 -2.896126513812e+01 -6.294587840664e+00
2.555000000000e+01  -8.234493723526e+00 -2.670021612724e+01 -2.862670367642e+01 -6.526205665898e+00
2.556000000000e+01  -8.051649154679e+00 -2.685671012077e+01 -2.829868786747e+01 -6.765767765630e+00
2.557000000000e+01  -7.872638762986e+00 -2.701839022997e+01 -2.797739940482e+01 -7.013119350013e+00
2.558000000000e+01  -7.697581716911e+00 -2.718516743934e+01 -2.766301637986e+01 -7.268101517567e+00
2.559000000000e+01  -7.526595093926e+00 -2.735694998158e+01 -2.735571318811e+01 -7.530551340407e+00
2.560000000000e+01  -7.359793817774e+00 -2.753364338515e+01 -2.705566043746e+01 -7.800301951625e+00
2.561000000000e+01  -7.197290596859e+00 -2.771515052339e+01 -2.676302485840e+01 -8.077182634747e+00
2.562000000000e+01  -7.039195863790e+00 -2.790137166493e+01 -2.647796921640e+01 -8.361018915242e+00
2.563000000000e+01  -6.885617716118e+00 -2.809220452561e+01 -2.620065222637e+01 -8.651632654018e+00
2.564000000000e+01  -6.736661858297e+00 -2.828754432161e+01 -2.593122846921e+01 -8.948842142849e+00
2.565000000000e+01  -6.592431544896e+00 -2.848728382402e+01 -2.566984831072e+01 -9.252462201690e+00
2.566000000000e+01  -6.453027525107e+00 -2.869131341471e+01 -2.541665782260e+01 -9.562304277821e+00
2.567000000000e+01  -6.318547988557e+00 -2.889952114343e+01 -2.517179870580e+01 -9.878176546756e+00
2.568000000000e+01  -6.189088512480e+00 -2.911179278618e+01 -2.493540821625e+01 -1.019988401488e+01
2.569000000000e+01  -6.064742010261e+00 -2.932801190487e+01 -2.470761909284e+01 -1.052722862372e+01
2.570000000000e+01  -5.945598681381e+00 -2.954805990807e+01 -2.448855948787e+01 -1.086000935584e+01
2.571000000000e+01  -5.831745962809e+00 -2.977181611305e+01 -2.427835289995e+01 -1.119802234226e+01
2.572000000000e+01  -5.723268481839e+00 -2.999915780886e+01 -2.407711810930e+01 -1.154106097137e+01
2.573000000000e+01  -5.620248010433e+00 -3.022996032057e+01 -2.388496911563e+01 -1.188891599920e+01
2.574000000000e+01  -5.522763421063e+00 -3.046409707461e+01 -2.370201507848e+01 -1.224137566114e+01
2.575000000000e+01  -5.430890644106e+00 -3.070143966513e+01 -2.352836026017e+01 -1.259822578485e+01
2.576000000000e+01  -5.344702626791e+00 -3.094185792139e+01 -2.336410397132e+01 -1.295924990449e+01
2.577000000000e+01  -5.264269293747e+00 -3.118521997613e+01 -2.320934051900e+01 -1.332422937603e+01
2.578000000000e+01  -5.189657509151e+00 -3.143139233492e+01 -2.306415915749e+01 -1.369294349370e+01
2.579000000000e+01  -5.120931040517e+00 -3.168023994643e+01 -2.292864404176e+01 -1.406516960747e+01
2.580000000000e+01  -5.058150524136e+00 -3.193162627356e+01 -2.280287418358e+01 -1.444068324148e+01
2.581000000000e+01  -5.001373432191e+00 -3.218541336544e+01 -2.268692341037e+01 -1.481925821339e+01
2.582000000000e+01  -4.950654041570e+00 -3.244146193031e+01 -2.258086032680e+01 -1.520066675452e+01
2.583000000000e+01  -4.906043404385e+00 -3.269963140906e+01 -2.248474827910e+01 -1.558467963083e+01
2.584000000000e+01  -4.867589320227e+00 -3.295978004964e+01 -2.239864532214e+01 -1.597106626452e+01
2.585000000000e+01  -4.835336310170e+00 -3.322176498214e+01 -2.232260418931e+01 -1.635959485630e+01
2.586000000000e+01  -4.809325592530e+00 -3.348544229450e+01 -2.225667226520e+01 -1.675003250823e+01
2.587000000000e+01  -4.789595060407e+00 -3.375066710894e+01 -2.220089156104e+01 -1.714214534704e+01
2.588000000000e+01  -4.776179261022e+00 -3.401729365893e+01 -2.215529869301e+01 -1.753569864787e+01
2.589000000000e+01  -4.769109376843e+00 -3.428517536674e+01 -2.211992486337e+01 -1.793045695844e+01
2.590000000000e+01  -4.768413208544e+00 -3.455416492150e+01 -2.209479584440e+01 -1.832618422341e+01
2.591000000000e+01  -4.774115159777e+00 -3.482411435775e+01 -2.207993196520e+01 -1.872264390904e+01
2.592000000000e+01  -4.786236223780e+00 -3.509487513444e+01 -2.207534810135e+01 -1.911959912801e+01
2.593000000000e+01  -4.804793971835e+00 -3.536629821426e+01 -2.208105366741e+01 -1.951681276434e+01
2.594000000000e+01  -4.829802543564e+00 -3.563823414341e+01 -2.209705261230e+01 -1.991404759829e+01
2.595000000000e+01  -4.861272639094e+00 -3.591053313162e+01 -2.212334341749e+01 -2.031106643128e+01
2.596000000000e+01  -4.899211513070e+00 -3.618304513247e+01 -2.215991909811e+01 -2.070763221070e+01
2.597000000000e+01  -4.943622970537e+00 -3.645561992390e+01 -2.220676720689e+01 -2.110350815457e+01
2.598000000000e+01  -4.994507364692e+00 -3.672810718888e+01 -2.226386984092e+01 -2.149845787592e+01
2.599000000000e+01  -5.051861596495e+00 -3.700035659632e+01 -2.233120365138e+01 -2.189224550696e+01
2.600000000000e+01  -5.115679116153e+00 -3.727221788189e+01 -2.240873985595e+01 -2.228463582282e+01
2.601000000000e+01  -5.185949926470e+00 -3.754354092902e+01 -2.249644425422e+01 -2.267539436496e+01
2.602000000000e+01  -5.262660588057e+00 -3.781417584984e+01 -2.259427724581e+01 -2.306428756404e+01
2.603000000000e+01  -5.345794226408e+00 -3.808397306604e+01 -2.270219385143e+01 -2.345108286225e+01
2.604000000000e+01  -5.435330540826e+00 -3.835278338965e+01 -2.282014373663e+01 -2.383554883513e+01
2.605000000000e+01  -5.531245815203e+00 -3.862045810366e+01 -2.294807123849e+01 -2.421745531264e+01
2.606000000000e+01  -5.633512930641e+00 -3.888684904246e+01 -2.308591539496e+01 -2.459657349956e+01
2.607000000000e+01  -5.742101379909e+00 -3.915180867199e+01 -2.323360997709e+01 -2.497267609514e+01
2.608000000000e+01  -5.856977283723e+00 -3.941519016961e+01 -2.339108352399e+01 -2.534553741187e+01
2.609000000000e+01  -5.978103408849e+00 -3.967684750362e+01 -2.355825938045e+01 -2.571493349340e+01
2.610000000000e+01  -6.105439187999e+00 -3.993663551240e+01 -2.373505573745e+01 -2.608064223153e+01
2.611000000000e+01  -6.238940741530e+00 -4.019440998311e+01 -2.392138567521e+01 -2.644244348219e+01
2.612000000000e+01  -6.378560900913e+00 -4.045002772981e+01 -2.411715720903e+01 -2.680011918033e+01
2.613000000000e+01  -6.524249233972e+00 -4.070334667121e+01 -2.432227333777e+01 -2.715345345378e+01
2.614000000000e+01  -6.675952071866e+00 -4.095422590763e+01 -2.453663209492e+01 -2.750223273589e+01
2.615000000000e+01  -6.833612537811e+00 -4.120252579751e+01 -2.476012660237e+01 -2.784624587701e+01
2.616000000000e+01  -6.997170577508e+00 -4.144810803310e+01 -2.499264512670e+01 -2.818528425462e+01
2.617000000000e+01  -7.166562991275e+00 -4.169083571549e+01 -2.523407113805e+01 -2.851914188225e+01
2.618000000000e+01  -7.341723467853e+00 -4.193057342888e+01 -2.548428337152e+01 -2.884761551696e+01
2.619000000000e+01  -7.522582619870e+00 -4.216718731393e+01 -2.574315589110e+01 -2.917050476541e+01
2.620000000000e+01  -7.709068020947e+00 -4.240054514040e+01 -2.601055815601e+01 -2.948761218848e+01
2.621000000000e+01  -7.901104244407e+00 -4.263051637873e+01 -2.628635508952e+01 -2.979874340435e+01
2.622000000000e+01  -8.098612903591e+00 -4.285697227079e+01 -2.657040715015e+01 -3.010370719002e+01
2.623000000000e+01  -8.301512693736e+00 -4.307978589954e+01 -2.686257040526e+01 -3.040231558119e+01
2.624000000000e+01  -8.509719435400e+00 -4.329883225774e+01 -2.716269660694e+01 -3.069438397053e+01
2.625000000000e+01  -8.723146119408e+00 -4.351398831553e+01 -2.747063327021e+01 -3.097973120413e+01
2.626000000000e+01  -8.941702953295e+00 -4.372513308691e+01 -2.778622375343e+01 -3.125817967629e+01
2.627000000000e+01  -9.165297409216e+00 -4.393214769509e+01 -2.810930734097e+01 -3.152955542245e+01
2.628000000000e+01  -9.393834273302e+00 -4.413491543661e+01 -2.843971932802e+01 -3.179368821023e+01
2.629000000000e+01  -9.627215696432e+00 -4.433332184428e+01 -2.877729110754e+01 -3.205041162866e+01
2.630000000000e+01  -9.865341246388e+00 -4.452725474885e+01 -2.912185025923e+01 -3.229956317533e+01
2.631000000000e+01  -1.010810796137e+01 -4.471660433934e+01 -2.947322064059e+01 -3.254098434168e+01
2.632000000000e+01  -1.035541040486e+01 -4.490126322211e+01 -2.983122247998e+01 -3.277452069615e+01
2.633000000000e+01  -1.060714072173e+01 -4.508112647852e+01 -3.019567247151e+01 -3.300002196528e+01
2.634000000000e+01  -1.086318869570e+01 -4.525609172126e+01 -3.056638387195e+01 -3.321734211270e+01
2.635000000000e+01  -1.112344180798e+01 -4.542605914915e+01 -3.094316659937e+01 -3.342633941594e+01
2.636000000000e+01  -1.138778529711e+01 -4.559093160065e+01 -3.132582733361e+01 -3.362687654104e+01
2.637000000000e+01  -1.165610222004e+01 -4.575061460575e+01 -3.171416961847e+01 -3.381882061487e+01
2.638000000000e+01  -1.192827351427e+01 -4.590501643644e+01 -3.210799396559e+01 -3.400204329521e+01
2.639000000000e+01  -1.220417806115e+01 -4.605404815563e+01 -3.250709795989e+01 -3.417642083851e+01
2.640000000000e+01  -1.248369275027e+01 -4.619762366453e+01 -3.291127636669e+01 -3.434183416520e+01
2.641000000000e+01  -1.276669254483e+01 -4.633565974844e+01 -3.332032124019e+01 -3.449816892272e+01
2.642000000000e+01  -1.305305054811e+01 -4.646807612096e+01 -3.373402203354e+01 -3.464531554599e+01
2.643000000000e+01  -1.334263807079e+01 -4.659479546656e+01 -3.415216571021e+01 -3.478316931552e+01
2.644000000000e+01  -1.363532469933e+01 -4.671574348156e+01 -3.457453685671e+01 -3.491163041292e+01
2.645000000000e+01  -1.393097836519e+01 -4.683084891340e+01 -3.500091779660e+01 -3.503060397393e+01
2.646000000000e+01  -1.422946541489e+01 -4.694004359826e+01 -3.543108870574e+01 -3.514000013889e+01
2.647000000000e+01  -1.453065068097e+01 -4.704326249703e+01 -3.586482772858e+01 -3.523973410053e+01
2.648000000000e+01  -1.483439755370e+01 -4.714044372948e+01 -3.630191109567e+01 -3.532972614923e+01
2.649000000000e+01  -1.514056805351e+01 -4.723152860681e+01 -3.674211324209e+01 -3.540990171557e+01
2.650000000000e+01  -1.544902290424e+01 -4.731646166238e+01 -3.718520692693e+01 -3.548019141022e+01
2.651000000000e+01  -1.575962160694e+01 -4.739519068076e+01 -3.763096335358e+01 -3.554053106113e+01
2.652000000000e+01  -1.607222251440e+01 -4.746766672500e+01 -3.807915229092e+01 -3.559086174795e+01
2.653000000000e+01  -1.638668290626e+01 -4.753384416207e+01 -3.852954219522e+01 -3.563112983377e+01
2.654000000000e+01  -1.670285906467e+01 -4.759368068660e+01 -3.898190033282e+01 -3.566128699405e+01
2.655000000000e+01  -1.702060635048e+01 -4.764713734281e+01 -3.943599290336e+01 -3.568129024275e+01
2.656000000000e+01  -1.733977927988e+01 -4.769417854457e+01 -3.989158516364e+01 -3.569110195571e+01
2.657000000000e+01  -1.766023160157e+01 -4.773477209377e+01 -4.034844155198e+01 -3.569068989114e+01
2.658000000000e+01  -1.798181637422e+01 -4.776888919676e+01 -4.080632581297e+01 -3.568002720734e+01
2.659000000000e+01  -1.830438604440e+01 -4.779650447904e+01 -4.126500112265e+01 -3.565909247754e+01
2.660000000000e+01  -1.862779252472e+01 -4.781759599812e+01 -4.172423021397e+01 -3.562786970190e+01
2.661000000000e+01  -1.895188727234e+01 -4.783214525451e+01 -4.218377550249e+01 -3.558634831664e+01
2.662000000000e+01  -1.927652136772e+01 -4.784013720090e+01 -4.264339921223e+01 -3.553452320026e+01
2.663000000000e+01  -1.960154559347e+01 -4.784156024953e+01 -4.310286350166e+01 -3.547239467700e+01
2.664000000000e+01  -1.992681051347e+01 -4.783640627769e+01 -4.356193058970e+01 -3.539996851727e+01
2.665000000000e+01  -2.025216655203e+01 -4.782467063136e+01 -4.402036288169e+01 -3.531725593527e+01
2.666000000000e+01  -2.057746407319e+01 -4.780635212707e+01 -4.447792309529e+01 -3.522427358378e+01
2.667000000000e+01  -2.090255345998e+01 -4.778145305190e+01 -4.493437438616e+01 -3.512104354592e+01
2.668000000000e+01  -2.122728519371e+01 -4.774997916161e+01 -4.538948047346e+01 -3.500759332419e+01
2.669000000000e+01  -2.155150993323e+01 -4.771193967699e+01 -4.584300576501e+01 -3.488395582652e+01
2.670000000000e+01  -2.187507859403e+01 -4.766734727834e+01 -4.629471548214e+01 -3.475016934948e+01
2.671000000000e+01  -2.219784242729e+01 -4.761621809814e+01 -4.674437578400e+01 -3.460627755867e+01
2.672000000000e+01  -2.251965309868e+01 -4.755857171191e+01 -4.719175389152e+01 -3.445232946620e+01
2.673000000000e+01  -2.284036276701e+01 -4.749443112724e+01 -4.763661821067e+01 -3.428837940533e+01
2.674000000000e+01  -2.315982416254e+01 -4.742382277103e+01 -4.807873845517e+01 -3.411448700231e+01
2.675000000000e+01  -2.347789066507e+01 -4.734677647490e+01 -4.851788576846e+01 -3.393071714541e+01
2.676000000000e+01  -2.379441638165e+01 -4.726332545883e+01 -4.895383284494e+01 -3.373713995107e+01
2.677000000000e+01  -2.410925622390e+01 -4.717350631304e+01 -4.938635405039e+01 -3.353383072736e+01
2.678000000000e+01  -2.442226598494e+01 -4.707735897806e+01 -4.981522554145e+01 -3.332086993464e+01
2.679000000000e+01  -2.473330241582e+01 -4.697492672307e+01 -5.024022538418e+01 -3.309834314343e+01
2.680000000000e+01  -2.504222330146e+01 -4.686625612245e+01 -5.066113367166e+01 -3.286634098963e+01
2.681000000000e+01  -2.534888753608e+01 -4.675139703065e+01 -5.107773264037e+01 -3.262495912699e+01
2.682000000000e+01  -2.565315519797e+01 -4.663040255532e+01 -5.148980678562e+01 -3.237429817691e+01
2.683000000000e+01  -2.595488762371e+01 -4.650332902868e+01 -5.189714297557e+01 -3.211446367562e+01
2.684000000000e+01  -2.625394748169e+01 -4.637023597732e+01 -5.229953056420e+01 -3.184556601867e+01
2.685000000000e+01  -2.655019884494e+01 -4.623118609016e+01 -5.269676150276e+01 -3.156772040294e+01
2.686000000000e+01  -2.684350726322e+01 -4.608624518493e+01 -5.308863045000e+01 -3.128104676597e+01
2.687000000000e+01  -2.713373983432e+01 -4.593548217286e+01 -5.347493488088e+01 -3.098566972282e+01
2.688000000000e+01  -2.742076527455e+01 -4.577896902182e+01 -5.385547519376e+01 -3.068171850042e+01
2.689000000000e+01  -2.770445398838e+01 -4.561678071787e+01 -5.423005481613e+01 -3.036932686951e+01
2.690000000000e+01  -2.798467813721e+01 -4.544899522519e+01 -5.459848030864e+01 -3.004863307404e+01
2.691000000000e+01  -2.826131170716e+01 -4.527569344448e+01 -5.496056146752e+01 -2.971977975828e+01
2.692000000000e+01  -2.853423057594e+01 -4.509695916977e+01 -5.531611142525e+01 -2.938291389156e+01
2.693000000000e+01  -2.880331257871e+01 -4.491287904381e+01 -5.566494674946e+01 -2.903818669067e+01
2.694000000000e+01  -2.906843757292e+01 -4.472354251185e+01 -5.600688754007e+01 -2.868575354005e+01
2.695000000000e+01  -2.932948750205e+01 -4.452904177405e+01 -5.634175752442e+01 -2.832577390964e+01
2.696000000000e+01  -2.958634645826e+01 -4.432947173639e+01 -5.666938415062e+01 -2.795841127072e+01
2.697000000000e+01  -2.983890074396e+01 -4.412492996019e+01 -5.698959867883e+01 -2.758383300945e+01
2.698000000000e+01  -3.008703893210e+01 -4.391551661022e+01 -5.730223627054e+01 -2.720221033842e+01
2.699000000000e+01  -3.033065192538e+01 -4.370133440146e+01 -5.760713607582e+01 -2.681371820611e+01
2.700000000000e+01  -3.056963301414e+01 -4.348248854451e+01 -5.790414131835e+01 -2.641853520439e+01
2.701000000000e+01  -3.080387793306e+01 -4.325908668972e+01 -5.819309937842e+01 -2.601684347403e+01
2.702000000000e+01  -3.103328491648e+01 -4.303123887000e+01 -5.847386187363e+01 -2.560882860833e+01
2.703000000000e+01  -3.125775475252e+01 -4.279905744245e+01 -5.874628473736e+01 -2.519467955496e+01
2.704000000000e+01  -3.147719083569e+01 -4.256265702866e+01 -5.901022829497e+01 -2.477458851592e+01
2.705000000000e+01  -3.169149921833e+01 -4.232215445396e+01 -5.926555733764e+01 -2.434875084581e+01
2.706000000000e+01  -3.190058866041e+01 -4.207766868541e+01 -5.951214119390e+01 -2.391736494842e+01
2.707000000000e+01  -3.210437067811e+01 -4.182932076871e+01 -5.974985379866e+01 -2.348063217168e+01
2.708000000000e+01  -3.230275959079e+01 -4.157723376403e+01 -5.997857375987e+01 -2.303875670103e+01
2.709000000000e+01  -3.249567256658e+01 -4.132153268077e+01 -6.019818442266e+01 -2.259194545128e+01
2.710000000000e+01  -3.268302966637e+01 -4.106234441131e+01 -6.040857393102e+01 -2.214040795702e+01
2.711000000000e+01  -3.286475388638e+01 -4.079979766372e+01 -6.060963528684e+01 -2.168435626162e+01
2.712000000000e+01  -3.304077119909e+01 -4.053402289364e+01 -6.080126640647e+01 -2.122400480490e+01
2.713000000000e+01  -3.321101059263e+01 -4.026515223511e+01 -6.098337017461e+01 -2.075957030948e+01
2.714000000000e+01  -3.337540410854e+01 -3.999331943062e+01 -6.115585449560e+01 -2.029127166598e+01
2.715000000000e+01  -3.353388687801e+01 -3.971865976026e+01 -6.131863234203e+01 -1.981932981700e+01
2.716000000000e+01  -3.368639715637e+01 -3.944130997007e+01 -6.147162180064e+01 -1.934396764000e+01
2.717000000000e+01  -3.383287635598e+01 -3.916140819970e+01 -6.161474611557e+01 -1.886540982922e+01
2.718000000000e+01  -3.397326907747e+01 -3.887909390920e+01 -6.174793372880e+01 -1.838388277655e+01
2.719000000000e+01  -3.410752313926e+01 -3.859450780528e+01 -6.187111831788e+01 -1.789961445148e+01
2.720000000000e+01  -3.423558960540e+01 -3.830779176676e+01 -6.198423883088e+01 -1.741283428030e+01
2.721000000000e+01  -3.435742281166e+01 -3.801908876957e+01 -6.208723951850e+01 -1.692377302442e+01
2.722000000000e+01  -3.447298038993e+01 -3.772854281101e+01 -6.218006996347e+01 -1.643266265805e+01
2.723000000000e+01  -3.458222329084e+01 -3.743629883361e+01 -6.226268510696e+01 -1.593973624514e+01
2.724000000000e+01  -3.468511580468e+01 -3.714250264846e+01 -6.233504527233e+01 -1.544522781584e+01
2.725000000000e+01  -3.478162558045e+01 -3.684730085803e+01 -6.239711618587e+01 -1.494937224236e+01
2.726000000000e+01  -3.487172364326e+01 -3.655084077866e+01 -6.244886899478e+01 -1.445240511439e+01
2.727000000000e+01  -3.495538440984e+01 -3.625327036262e+01 -6.249028028221e+01 -1.395456261420e+01
2.728000000000e+01  -3.503258570233e+01 -3.595473811988e+01 -6.252133207946e+01 -1.345608139130e+01
2.729000000000e+01  -3.510330876019e+01 -3.565539303956e+01 -6.254201187527e+01 -1.295719843696e+01
2.730000000000e+01  -3.516753825039e+01 -3.535538451119e+01 -6.255231262220e+01 -1.245815095845e+01
2.731000000000e+01  -3.522526227572e+01 -3.505486224564e+01 -6.255223274014e+01 -1.195917625324e+01
2.732000000000e+01  -3.527647238130e+01 -3.475397619605e+01 -6.254177611692e+01 -1.146051158307e+01
2.733000000000e+01  -3.532116355930e+01 -3.445287647852e+01 -6.252095210598e+01 -1.096239404812e+01
2.734000000000e+01  -3.535933425177e+01 -3.415171329276e+01 -6.248977552120e+01 -1.046506046114e+01
2.735000000000e+01  -3.539098635173e+01 -3.385063684270e+01 -6.244826662879e+01 -9.968747221857e+00
2.736000000000e+01  -3.541612520234e+01 -3.354979725709e+01 -6.239645113629e+01 -9.473690191489e+00
2.737000000000e+01  -3.543475959433e+01 -3.324934451018e+01 -6.233436017872e+01 -8.980124567610e+00
2.738000000000e+01  -3.544690176155e+01 -3.294942834247e+01 -6.226203030179e+01 -8.488284759319e+00
2.739000000000e+01  -3.545256737472e+01 -3.265019818154e+01 -6.217950344233e+01 -7.998404262839e+00
2.740000000000e+01  -3.545177553337e+01 -3.235180306316e+01 -6.208682690574e+01 -7.510715537589e+00
2.741000000000e+01  -3.544454875593e+01 -3.205439155249e+01 -6.198405334072e+01 -7.025449882804e+00
2.742000000000e+01  -3.543091296805e+01 -3.175811166564e+01 -6.187124071105e+01 -6.542837314759e+00
2.743000000000e+01  -3.541089748912e+01 -3.146311079145e+01 -6.174845226464e+01 -6.063106444671e+00
2.744000000000e+01  -3.538453501695e+01 -3.116953561366e+01 -6.161575649975e+01 -5.586484357340e+00
2.745000000000e+01  -3.535186161068e+01 -3.087753203342e+01 -6.147322712837e+01 -5.113196490592e+00
2.746000000000e+01  -3.531291667196e+01 -3.058724509226e+01 -6.132094303693e+01 -4.643466515593e+00
2.747000000000e+01  -3.526774292432e+01 -3.029881889547e+01 -6.115898824416e+01 -4.177516218090e+00
2.748000000000e+01  -3.521638639074e+01 -3.001239653603e+01 -6.098745185635e+01 -3.715565380646e+00
2.749000000000e+01  -3.515889636957e+01 -2.972812001905e+01 -6.080642801979e+01 -3.257831665938e+00
2.750000000000e+01  -3.509532540865e+01 -2.944613018683e+01 -6.061601587061e+01 -2.804530501163e+00
2.751000000000e+01  -3.502572927774e+01 -2.916656664447e+01 -6.041631948195e+01 -2.355874963634e+00
2.752000000000e+01  -3.495016693921e+01 -2.888956768619e+01 -6.020744780849e+01 -1.912075667605e+00
2.753000000000e+01  -3.486870051711e+01 -2.861527022241e+01 -5.998951462847e+01 -1.473340652408e+00
2.754000000000e+01  -3.478139526448e+01 -2.834380970742e+01 -5.976263848301e+01 -1.039875271939e+00
2.755000000000e+01  -3.468831952908e+01 -2.807532006795e+01 -5.952694261306e+01 -6.118820855693e-01
2.756000000000e+01  -3.458954471745e+01 -2.780993363252e+01 -5.928255489374e+01 -1.895607505269e-01
2.757000000000e+01  -3.448514525736e+01 -2.754778106161e+01 -5.902960776627e+01 2.268920841854e-01
2.758000000000e+01  -3.437519855864e+01 -2.728899127878e+01 -5.876823816747e+01 6.372828822852e-01
2.759000000000e+01  -3.425978497248e+01 -2.703369140266e+01 -5.849858745687e+01 1.041421323061e+00
2.760000000000e+01  -3.413898774912e+01 -2.678200667994e+01 -5.822080134148e+01 1.439120402526e+00
2.761000000000e+01  -3.401289299407e+01 -2.653406041931e+01 -5.793502979824e+01 1.830196532815e+00
2.762000000000e+01  -3.388158962275e+01 -2.628997392651e+01 -5.764142699422e+01 2.214469639782e+00
2.763000000000e+01  -3.374516931373e+01 -2.604986644036e+01 -5.734015120458e+01 2.591763258739e+00
2.764000000000e+01  -3.360372646039e+01 -2.581385506997e+01 -5.703136472836e+01 2.961904628290e+00
2.765000000000e+01  -3.345735812128e+01 -2.558205473303e+01 -5.671523380212e+01 3.324724782204e+00
2.766000000000e+01  -3.330616396899e+01 -2.535457809525e+01 -5.639192851151e+01 3.680058639286e+00
2.767000000000e+01  -3.315024623765e+01 -2.513153551112e+01 -5.606162270078e+01 4.027745091197e+00
2.768000000000e+01  -3.298970966906e+01 -2.491303496572e+01 -5.572449388030e+01 4.367627088172e+00
2.769000000000e+01  -3.282466145758e+01 -2.469918201796e+01 -5.538072313213e+01 4.699551722596e+00
2.770000000000e+01  -3.265521119361e+01 -2.449007974499e+01 -5.503049501371e+01 5.023370310387e+00
2.771000000000e+01  -3.248147080589e+01 -2.428582868803e+01 -5.467399745965e+01 5.338938470155e+00
2.772000000000e+01  -3.230355450250e+01 -2.408652679946e+01 -5.431142168181e+01 5.646116200083e+00
2.773000000000e+01  -3.212157871075e+01 -2.389226939134e+01 -5.394296206757e+01 5.944767952492e+00
2.774000000000e+01  -3.193566201575e+01 -2.370314908535e+01 -5.356881607645e+01 6.234762706058e+00
2.775000000000e+01  -3.174592509803e+01 -2.351925576413e+01 -5.318918413507e+01 6.515974035637e+00
2.776000000000e+01  -3.155249066986e+01 -2.334067652407e+01 -5.280426953056e+01 6.788280179658e+00
2.777000000000e+01  -3.135548341067e+01 -2.316749562964e+01 -5.241427830242e+01 7.051564105057e+00
2.778000000000e+01  -3.115502990130e+01 -2.299979446915e+01 -5.201941913295e+01 7.305713569709e+00
2.779000000000e+01  -3.095125855733e+01 -2.283765151215e+01 -5.161990323627e+01 7.550621182333e+00
2.780000000000e+01  -3.074429956140e+01 -2.268114226823e+01 -5.121594424594e+01 7.786184459835e+00
2.781000000000e+01  -3.053428479462e+01 -2.253033924758e+01 -5.080775810139e+01 8.012305882053e+00
2.782000000000e+01  -3.032134776708e+01 -2.238531192300e+01 -5.039556293302e+01 8.228892943888e+00
2.783000000000e+01  -3.010562354749e+01 -2.224612669359e+01 -4.997957894622e+01 8.435858204781e+00
2.784000000000e+01  -2.988724869199e+01 -2.211284685010e+01 -4.956002830421e+01 8.633119335522e+00
2.785000000000e+01  -2.966636117225e+01 -2.198553254187e+01 -4.913713500993e+01 8.820599162349e+00
2.786000000000e+01  -2.944310030269e+01 -2.186424074552e+01 -4.871112478685e+01 8.998225708338e+00
2.787000000000e+01  -2.921760666716e+01 -2.174902523529e+01 -4.828222495892e+01 9.165932232038e+00
2.788000000000e+01  -2.899002204478e+01 -2.163993655505e+01 -4.785066432968e+01 9.323657263349e+00
2.789000000000e+01  -2.876048933529e+01 -2.153702199215e+01 -4.741667306053e+01 9.471344636612e+00
2.790000000000e+01  -2.852915248375e+01 -2.144032555286e+01 -4.698048254832e+01 9.608943520905e+00
2.791000000000e+01  -2.829615640467e+01 -2.134988793968e+01 -4.654232530225e+01 9.736408447517e+00
2.792000000000e+01  -2.806164690569e+01 -2.126574653033e+01 -4.610243482021e+01 9.853699334595e+00
2.793000000000e+01  -2.782577061074e+01 -2.118793535859e+01 -4.566104546456e+01 9.960781508946e+00
2.794000000000e+01  -2.758867488282e+01 -2.111648509682e+01 -4.521839233746e+01 1.005762572499e+01
2.795000000000e+01  -2.735050774631e+01 -2.105142304039e+01 -4.477471115580e+01 1.014420818084e+01
2.796000000000e+01  -2.711141780906e+01 -2.099277309383e+01 -4.433023812580e+01 1.022051053152e+01
2.797000000000e+01  -2.687155418404e+01 -2.094055575883e+01 -4.388520981736e+01 1.028651989930e+01
2.798000000000e+01  -2.663106641084e+01 -2.089478812403e+01 -4.343986303818e+01 1.034222888113e+01
2.799000000000e+01  -2.639010437687e+01 -2.085548385665e+01 -4.299443470780e+01 1.038763555323e+01
2.800000000000e+01  -2.614881823844e+01 -2.082265319594e+01 -4.254916173150e+01 1.042274347274e+01
2.801000000000e+01  -2.590735834163e+01 -2.079630294848e+01 -4.210428087432e+01 1.044756167650e+01
2.802000000000e+01  -2.566587514313e+01 -2.077643648527e+01 -4.166002863500e+01 1.046210467699e+01
2.803000000000e+01  -2.542451913101e+01 -2.076305374069e+01 -4.121664112021e+01 1.046639245524e+01
2.804000000000e+01  -2.518344074545e+01 -2.075615121330e+01 -4.077435391886e+01 1.046045045105e+01
2.805000000000e+01  -2.494279029951e+01 -2.075572196844e+01 -4.033340197678e+01 1.044430955019e+01
2.806000000000e+01  -2.470271789999e+01 -2.076175564271e+01 -3.989401947163e+01 1.041800606876e+01
2.807000000000e+01  -2.446337336839e+01 -2.077423845027e+01 -3.945643968834e+01 1.038158173474e+01
2.808000000000e+01  -2.422490616201e+01 -2.079315319090e+01 -3.902089489492e+01 1.033508366663e+01
2.809000000000e+01  -2.398746529527e+01 -2.081847926002e+01 -3.858761621883e+01 1.027856434925e+01
2.810000000000e+01  -2.375119926126e+01 -2.085019266043e+01 -3.815683352401e+01 1.021208160678e+01
2.811000000000e+01  -2.351625595354e+01 -2.088826601585e+01 -3.772877528848e+01 1.013569857291e+01
2.812000000000e+01  -2.328278258830e+01 -2.093266858639e+01 -3.730366848277e+01 1.004948365822e+01
2.813000000000e+01  -2.305092562685e+01 -2.098336628566e+01 -3.688173844905e+01 9.953510514786e+00
2.814000000000e+01  -2.282083069855e+01 -2.104032169979e+01 -3.646320878125e+01 9.847857998048e+00
2.815000000000e+01  -2.259264252413e+01 -2.110349410819e+01 -3.604830120595e+01 9.732610125886e+00
2.816000000000e+01  -2.236650483951e+01 -2.117283950606e+01 -3.563723546439e+01 9.607856035015e+00
2.817000000000e+01  -2.214256032017e+01 -2.124831062869e+01 -3.523022919547e+01 9.473689934676e+00
2.818000000000e+01  -2.192095050605e+01 -2.132985697750e+01 -3.482749781989e+01 9.330211057655e+00
2.819000000000e+01  -2.170181572706e+01 -2.141742484776e+01 -3.442925442542e+01 9.177523608659e+00
2.820000000000e+01  -2.148529502920e+01 -2.151095735815e+01 -3.403570965349e+01 9.015736710073e+00
2.821000000000e+01  -2.127152610144e+01 -2.161039448187e+01 -3.364707158701e+01 8.844964345130e+00
2.822000000000e+01  -2.106064520321e+01 -2.171567307951e+01 -3.326354563956e+01 8.665325298524e+00
2.823000000000e+01  -2.085278709271e+01 -2.182672693364e+01 -3.288533444604e+01 8.476943094486e+00
2.824000000000e+01  -2.064808495601e+01 -2.194348678492e+01 -3.251263775475e+01 8.279945932383e+00
2.825000000000e+01  -2.044667033694e+01 -2.206588036994e+01 -3.214565232102e+01 8.074466619837e+00
2.826000000000e+01  -2.024867306787e+01 -2.219383246065e+01 -3.178457180247e+01 7.860642503430e+00
2.827000000000e+01  -2.005422120142e+01 -2.232726490532e+01 -3.142958665582e+01 7.638615397013e+00
2.828000000000e+01  -1.986344094300e+01 -2.246609667115e+01 -3.108088403554e+01 7.408531507668e+00
2.829000000000e+01  -1.967645658447e+01 -2.261024388834e+01 -3.073864769415e+01 7.170541359352e+00
2.830000000000e+01  -1.949339043868e+01 -2.275961989574e+01 -3.040305788437e+01 6.924799714262e+00
2.831000000000e+01  -1.931436277509e+01 -2.291413528796e+01 -3.007429126317e+01 6.671465491981e+00
2.832000000000e+01  -1.913949175648e+01 -2.307369796392e+01 -2.975252079764e+01 6.410701686415e+00
2.833000000000e+01  -1.896889337675e+01 -2.323821317692e+01 -2.943791567296e+01 6.142675280592e+00
2.834000000000e+01  -1.880268139984e+01 -2.340758358604e+01 -2.913064120228e+01 5.867557159353e+00
2.835000000000e+01  -1.864096729984e+01 -2.358170930894e+01 -2.883085873872e+01 5.585522019980e+00
2.836000000000e+01  -1.848386020227e+01 -2.376048797605e+01 -2.853872558948e+01 5.296748280812e+00
2.837000000000e+01  -1.833146682665e+01 -2.394381478603e+01 -2.825439493207e+01 5.001417987891e+00
2.838000000000e+01  -1.818389143020e+01 -2.413158256258e+01 -2.797801573283e+01 4.699716719689e+00
2.839000000000e+01  -1.804123575300e+01 -2.432368181244e+01 -2.770973266761e+01 4.391833489959e+00
2.840000000000e+01  -1.790359896430e+01 -2.452000078465e+01 -2.744968604479e+01 4.077960648768e+00
2.841000000000e+01  -1.777107761026e+01 -2.472042553103e+01 -2.719801173067e+01 3.758293781747e+00
2.842000000000e+01  -1.764376556306e+01 -2.492483996773e+01 -2.695484107713e+01 3.433031607628e+00
2.843000000000e+01  -1.752175397134e+01 -2.513312593801e+01 -2.672030085185e+01 3.102375874097e+00
2.844000000000e+01  -1.740513121212e+01 -2.534516327600e+01 -2.649451317087e+01 2.766531252040e+00
2.845000000000e+01  -1.729398284414e+01 -2.556082987159e+01 -2.627759543368e+01 2.425705228205e+00
2.846000000000e+01  -1.718839156268e+01 -2.578000173625e+01 -2.606966026085e+01 2.080107996363e+00
2.847000000000e+01  -1.708843715581e+01 -2.600255306988e+01 -2.587081543420e+01 1.729952346991e+00
2.848000000000e+01  -1.699419646224e+01 -2.622835632856e+01 -2.568116383959e+01 1.375453555562e+00
2.849000000000e+01  -1.690574333064e+01 -2.645728229316e+01 -2.550080341230e+01 1.016829269467e+00
2.850000000000e+01  -1.682314858051e+01 -2.668920013887e+01 -2.532982708510e+01 6.542993936451e-01
2.851000000000e+01  -1.674647996471e+01 -2.692397750544e+01 -2.516832273896e+01 2.880859749628e-01
2.852000000000e+01  -1.667580213346e+01 -2.716148056825e+01 -2.501637315652e+01 -8.158691459425e-02
2.853000000000e+01  -1.661117660000e+01 -2.740157411005e+01 -2.487405597826e+01 -4.544932958659e-01
2.854000000000e+01  -1.655266170797e+01 -2.764412159340e+01 -2.474144366143e+01 -8.304054015422e-01
2.855000000000e+01  -1.650031260027e+01 -2.788898523369e+01 -2.461860344176e+01 -1.209093796211e+00
2.856000000000e+01  -1.645418118972e+01 -2.813602607282e+01 -2.450559729800e+01 -1.590327497377e+00
2.857000000000e+01  -1.641431613132e+01 -2.838510405328e+01 -2.440248191923e+01 -1.973874097388e+00
2.858000000000e+01  -1.638076279629e+01 -2.863607809283e+01 -2.430930867503e+01 -2.359499886222e+00
2.859000000000e+01  -1.635356324768e+01 -2.888880615958e+01 -2.422612358851e+01 -2.746969975075e+00
2.860000000000e+01  -1.633275621790e+01 -2.914314534740e+01 -2.415296731215e+01 -3.136048420686e+00
2.861000000000e+01  -1.631837708777e+01 -2.939895195174e+01 -2.408987510661e+01 -3.526498350363e+00
2.862000000000e+01  -1.631045786750e+01 -2.965608154568e+01 -2.403687682230e+01 -3.918082087627e+00
2.863000000000e+01  -1.630902717938e+01 -2.991438905625e+01 -2.399399688394e+01 -4.310561278441e+00
2.864000000000e+01  -1.631411024214e+01 -3.017372884090e+01 -2.396125427795e+01 -4.703697017955e+00
2.865000000000e+01  -1.632572885729e+01 -3.043395476409e+01 -2.393866254280e+01 -5.097249977716e+00
2.866000000000e+01  -1.634390139710e+01 -3.069492027407e+01 -2.392622976218e+01 -5.490980533284e+00
2.867000000000e+01  -1.636864279447e+01 -3.095647847948e+01 -2.392395856112e+01 -5.884648892196e+00
2.868000000000e+01  -1.639996453460e+01 -3.121848222615e+01 -2.393184610503e+01 -6.278015222231e+00
2.869000000000e+01  -1.643787464846e+01 -3.148078417365e+01 -2.394988410153e+01 -6.670839779906e+00
2.870000000000e+01  -1.648237770817e+01 -3.174323687181e+01 -2.397805880531e+01 -7.062883039155e+00
2.871000000000e+01  -1.653347482415e+01 -3.200569283704e+01 -2.401635102570e+01 -7.453905820133e+00
2.872000000000e+01  -1.659116364419e+01 -3.226800462836e+01 -2.406473613723e+01 -7.843669418082e+00
2.873000000000e+01  -1.665543835434e+01 -3.253002492323e+01 -2.412318409302e+01 -8.231935732208e+00
2.874000000000e+01  -1.672628968170e+01 -3.279160659302e+01 -2.419165944091e+01 -8.618467394509e+00
2.875000000000e+01  -1.680370489906e+01 -3.305260277807e+01 -2.427012134256e+01 -9.003027898485e+00
2.876000000000e+01  -1.688766783147e+01 -3.331286696235e+01 -2.435852359520e+01 -9.385381727692e+00
2.877000000000e+01  -1.697815886468e+01 -3.357225304762e+01 -2.445681465627e+01 -9.765294484054e+00
2.878000000000e+01  -1.707515495546e+01 -3.383061542711e+01 -2.456493767074e+01 -1.014253301589e+01
2.879000000000e+01  -1.717862964381e+01 -3.408780905860e+01 -2.468283050122e+01 -1.051686554557e+01
2.880000000000e+01  -1.728855306717e+01 -3.434368953686e+01 -2.481042576074e+01 -1.088806179680e+01
2.881000000000e+01  -1.740489197640e+01 -3.459811316554e+01 -2.494765084820e+01 -1.125589312135e+01
2.882000000000e+01  -1.752760975378e+01 -3.485093702826e+01 -2.509442798649e+01 -1.162013262530e+01
2.883000000000e+01  -1.765666643285e+01 -3.510201905905e+01 -2.525067426323e+01 -1.198055529462e+01
2.884000000000e+01  -1.779201872020e+01 -3.535121811202e+01 -2.541630167409e+01 -1.233693812008e+01
2.885000000000e+01  -1.793362001915e+01 -3.559839403019e+01 -2.559121716865e+01 -1.268906022142e+01
2.886000000000e+01  -1.808142045533e+01 -3.584340771360e+01 -2.577532269880e+01 -1.303670297061e+01
2.887000000000e+01  -1.823536690415e+01 -3.608612118648e+01 -2.596851526967e+01 -1.337965011431e+01
2.888000000000e+01  -1.839540302020e+01 -3.632639766361e+01 -2.617068699289e+01 -1.371768789523e+01
2.889000000000e+01  -1.856146926844e+01 -3.656410161580e+01 -2.638172514244e+01 -1.405060517251e+01
2.890000000000e+01  -1.873350295735e+01 -3.679909883442e+01 -2.660151221274e+01 -1.437819354088e+01
2.891000000000e+01  -1.891143827388e+01 -3.703125649510e+01 -2.682992597922e+01 -1.470024744861e+01
2.892000000000e+01  -1.909520632023e+01 -3.726044322042e+01 -2.706683956109e+01 -1.501656431416e+01
2.893000000000e+01  -1.928473515249e+01 -3.748652914173e+01 -2.731212148651e+01 -1.532694464135e+01
2.894000000000e+01  -1.947994982097e+01 -3.770938596001e+01 -2.756563575994e+01 -1.563119213315e+01
2.895000000000e+01  -1.968077241241e+01 -3.792888700583e+01 -2.782724193178e+01 -1.592911380369e+01
2.896000000000e+01  -1.988712209384e+01 -3.814490729834e+01 -2.809679517014e+01 -1.622052008878e+01
2.897000000000e+01  -2.009891515816e+01 -3.835732360336e+01 -2.837414633487e+01 -1.650522495451e+01
2.898000000000e+01  -2.031606507140e+01 -3.856601449055e+01 -2.865914205365e+01 -1.678304600402e+01
2.899000000000e+01  -2.053848252155e+01 -3.877086038968e+01 -2.895162480025e+01 -1.705380458227e+01
2.900000000000e+01  -2.076607546903e+01 -3.897174364596e+01 -2.925143297488e+01 -1.731732587880e+01
2.901000000000e+01  -2.099874919868e+01 -3.916854857460e+01 -2.955840098658e+01 -1.757343902822e+01
2.902000000000e+01  -2.123640637315e+01 -3.936116151431e+01 -2.987235933775e+01 -1.782197720854e+01
2.903000000000e+01  -2.147894708781e+01 -3.954947088017e+01 -3.019313471057e+01 -1.806277773707e+01
2.904000000000e+01  -2.172626892703e+01 -3.973336721547e+01 -3.052055005559e+01 -1.829568216386e+01
2.905000000000e+01  -2.197826702168e+01 -3.991274324284e+01 -3.085442468222e+01 -1.852053636269e+01
2.906000000000e+01  -2.223483410798e+01 -4.008749391450e+01 -3.119457435120e+01 -1.873719061931e+01
2.907000000000e+01  -2.249586058750e+01 -4.025751646172e+01 -3.154081136908e+01 -1.894549971704e+01
2.908000000000e+01  -2.276123458826e+01 -4.042271044354e+01 -3.189294468462e+01 -1.914532301955e+01
2.909000000000e+01  -2.303084202692e+01 -4.058297779461e+01 -3.225077998709e+01 -1.933652455078e+01
2.910000000000e+01  -2.330456667199e+01 -4.073822287233e+01 -3.261411980653e+01 -1.951897307188e+01
2.911000000000e+01  -2.358229020787e+01 -4.088835250313e+01 -3.298276361582e+01 -1.969254215517e+01
2.912000000000e+01  -2.386389229988e+01 -4.103327602807e+01 -3.335650793472e+01 -1.985711025504e+01
2.913000000000e+01  -2.414925065995e+01 -4.117290534754e+01 -3.373514643561e+01 -2.001256077564e+01
2.914000000000e+01  -2.443824111318e+01 -4.130715496525e+01 -3.411847005122e+01 -2.015878213550e+01
2.915000000000e+01  -2.473073766490e+01 -4.143594203135e+01 -3.450626708396e+01 -2.029566782883e+01
2.916000000000e+01  -2.502661256855e+01 -4.155918638474e+01 -3.489832331715e+01 -2.042311648364e+01
2.917000000000e+01  -2.532573639390e+01 -4.167681059453e+01 -3.529442212783e+01 -2.054103191646e+01
2.918000000000e+01  -2.562797809589e+01 -4.178874000063e+01 -3.569434460141e+01 -2.064932318388e+01
2.919000000000e+01  -2.593320508389e+01 -4.189490275341e+01 -3.609786964776e+01 -2.074790463062e+01
2.920000000000e+01  -2.624128329133e+01 -4.199522985244e+01 -3.650477411902e+01 -2.083669593437e+01
2.921000000000e+01  -2.655207724570e+01 -4.208965518420e+01 -3.691483292887e+01 -2.091562214716e+01
2.922000000000e+01  -2.686545013884e+01 -4.217811555887e+01 -3.732781917329e+01 -2.098461373346e+01
2.923000000000e+01  -2.718126389754e+01 -4.226055074592e+01 -3.774350425269e+01 -2.104360660492e+01
2.924000000000e+01  -2.749937925427e+01 -4.233690350873e+01 -3.816165799541e+01 -2.109254215168e+01
2.925000000000e+01  -2.781965581828e+01 -4.240711963791e+01 -3.858204878245e+01 -2.113136727048e+01
2.926000000000e+01  -2.814195214672e+01 -4.247114798353e+01 -3.900444367345e+01 -2.116003438935e+01
2.927000000000e+01  -2.846612581601e+01 -4.252894048604e+01 -3.942860853365e+01 -2.117850148907e+01
2.928000000000e+01  -2.879203349329e+01 -4.258045220583e+01 -3.985430816200e+01 -2.118673212135e+01
2.929000000000e+01  -2.911953100807e+01 -4.262564135152e+01 -4.028130642010e+01 -2.118469542373e+01
2.930000000000e+01  -2.944847342385e+01 -4.266446930676e+01 -4.070936636206e+01 -2.117236613132e+01
2.931000000000e+01  -2.977871510996e+01 -4.269690065560e+01 -4.113825036503e+01 -2.114972458537e+01
2.932000000000e+01  -3.011010981340e+01 -4.272290320631e+01 -4.156772026042e+01 -2.111675673861e+01
2.933000000000e+01  -3.044251073082e+01 -4.274244801367e+01 -4.199753746564e+01 -2.107345415756e+01
2.934000000000e+01  -3.077577058045e+01 -4.275550939961e+01 -4.242746311635e+01 -2.101981402171e+01
2.935000000000e+01  -3.110974167424e+01 -4.276206497222e+01 -4.285725819894e+01 -2.095583911969e+01
2.936000000000e+01  -3.144427598990e+01 -4.276209564305e+01 -4.328668368337e+01 -2.088153784238e+01
2.937000000000e+01  -3.177922524314e+01 -4.275558564265e+01 -4.371550065609e+01 -2.079692417308e+01
2.938000000000e+01  -3.211444095977e+01 -4.274252253435e+01 -4.414347045298e+01 -2.070201767473e+01
2.939000000000e+01  -3.244977454802e+01 -4.272289722628e+01 -4.457035479231e+01 -2.059684347418e+01
2.940000000000e+01  -3.278507737075e+01 -4.269670398142e+01 -4.499591590740e+01 -2.048143224364e+01
2.941000000000e+01  -3.312020081772e+01 -4.266394042592e+01 -4.541991667918e+01 -2.035582017924e+01
2.942000000000e+01  -3.345499637790e+01 -4.262460755545e+01 -4.584212076822e+01 -2.022004897675e+01
2.943000000000e+01  -3.378931571171e+01 -4.257870973964e+01 -4.626229274642e+01 -2.007416580463e+01
2.944000000000e+01  -3.412301072332e+01 -4.252625472463e+01 -4.668019822808e+01 -1.991822327413e+01
2.945000000000e+01  -3.445593363285e+01 -4.246725363364e+01 -4.709560400036e+01 -1.975227940686e+01
2.946000000000e+01  -3.478793704856e+01 -4.240172096561e+01 -4.750827815292e+01 -1.957639759952e+01
2.947000000000e+01  -3.511887403897e+01 -4.232967459184e+01 -4.791799020686e+01 -1.939064658600e+01
2.948000000000e+01  -3.544859820490e+01 -4.225113575070e+01 -4.832451124262e+01 -1.919510039686e+01
2.949000000000e+01  -3.577696375136e+01 -4.216612904035e+01 -4.872761402694e+01 -1.898983831616e+01
2.950000000000e+01  -3.610382555939e+01 -4.207468240953e+01 -4.912707313871e+01 -1.877494483566e+01
2.951000000000e+01  -3.642903925764e+01 -4.197682714628e+01 -4.952266509371e+01 -1.855050960654e+01
2.952000000000e+01  -3.675246129386e+01 -4.187259786486e+01 -4.991416846808e+01 -1.831662738850e+01
2.953000000000e+01  -3.707394900612e+01 -4.176203249055e+01 -5.030136402041e+01 -1.807339799637e+01
2.954000000000e+01  -3.739336069379e+01 -4.164517224264e+01 -5.068403481261e+01 -1.782092624422e+01
2.955000000000e+01  -3.771055568823e+01 -4.152206161541e+01 -5.106196632915e+01 -1.755932188704e+01
2.956000000000e+01  -3.802539442326e+01 -4.139274835724e+01 -5.143494659493e+01 -1.728869955991e+01
2.957000000000e+01  -3.833773850513e+01 -4.125728344778e+01 -5.180276629147e+01 -1.700917871484e+01
2.958000000000e+01  -3.864745078219e+01 -4.111572107328e+01 -5.216521887147e+01 -1.672088355518e+01
2.959000000000e+01  -3.895439541420e+01 -4.096811860001e+01 -5.252210067173e+01 -1.642394296767e+01
2.960000000000e+01  -3.925843794105e+01 -4.081453654590e+01 -5.287321102423e+01 -1.611849045220e+01
2.961000000000e+01  -3.955944535105e+01 -4.065503855029e+01 -5.321835236543e+01 -1.580466404927e+01
2.962000000000e+01  -3.985728614870e+01 -4.048969134192e+01 -5.355733034367e+01 -1.548260626515e+01
2.963000000000e+01  -4.015183042184e+01 -4.031856470514e+01 -5.388995392468e+01 -1.515246399485e+01
2.964000000000e+01  -4.044294990817e+01 -4.014173144437e+01 -5.421603549510e+01 -1.481438844292e+01
2.965000000000e+01  -4.073051806119e+01 -3.995926734683e+01 -5.453539096396e+01 -1.446853504198e+01
2.966000000000e+01  -4.101441011531e+01 -3.977125114357e+01 -5.484783986209e+01 -1.411506336927e+01
2.967000000000e+01  -4.129450315035e+01 -3.957776446887e+01 -5.515320543943e+01 -1.375413706102e+01
2.968000000000e+01  -4.157067615513e+01 -3.937889181790e+01 -5.545131476015e+01 -1.338592372478e+01
2.969000000000e+01  -4.184281009035e+01 -3.917472050290e+01 -5.574199879559e+01 -1.301059484978e+01
2.970000000000e+01  -4.211078795050e+01 -3.896534060769e+01 -5.602509251495e+01 -1.262832571527e+01
2.971000000000e+01  -4.237449482493e+01 -3.875084494061e+01 -5.630043497366e+01 -1.223929529700e+01
2.972000000000e+01  -4.263381795795e+01 -3.853132898606e+01 -5.656786939944e+01 -1.184368617176e+01
2.973000000000e+01  -4.288864680794e+01 -3.830689085437e+01 -5.682724327604e+01 -1.144168442013e+01
2.974000000000e+01  -4.313887310544e+01 -3.807763123038e+01 -5.707840842448e+01 -1.103347952738e+01
2.975000000000e+01  -4.338439091016e+01 -3.784365332052e+01 -5.732122108195e+01 -1.061926428270e+01
2.976000000000e+01  -4.362509666690e+01 -3.760506279844e+01 -5.755554197818e+01 -1.019923467667e+01
2.977000000000e+01  -4.386088926034e+01 -3.736196774944e+01 -5.778123640936e+01 -9.773589797129e+00
2.978000000000e+01  -4.409167006862e+01 -3.711447861338e+01 -5.799817430942e+01 -9.342531723438e+00
2.979000000000e+01  -4.431734301576e+01 -3.686270812649e+01 -5.820623031887e+01 -8.906265419179e+00
2.980000000000e+01  -4.453781462275e+01 -3.660677126176e+01 -5.840528385096e+01 -8.464998623396e+00
2.981000000000e+01  -4.475299405746e+01 -3.634678516823e+01 -5.859521915527e+01 -8.018941740378e+00
2.982000000000e+01  -4.496279318317e+01 -3.608286910900e+01 -5.877592537856e+01 -7.568307728073e+00
2.983000000000e+01  -4.516712660574e+01 -3.581514439821e+01 -5.894729662307e+01 -7.113311985172e+00
2.984000000000e+01  -4.536591171949e+01 -3.554373433677e+01 -5.910923200199e+01 -6.654172236924e+00
2.985000000000e+01  -4.555906875157e+01 -3.526876414709e+01 -5.926163569233e+01 -6.191108419749e+00
2.986000000000e+01  -4.574652080496e+01 -3.499036090683e+01 -5.940441698489e+01 -5.724342564687e+00
2.987000000000e+01  -4.592819389998e+01 -3.470865348147e+01 -5.953749033163e+01 -5.254098679767e+00
2.988000000000e+01  -4.610401701433e+01 -3.442377245614e+01 -5.966077539012e+01 -4.780602631335e+00
2.989000000000e+01  -4.627392212156e+01 -3.413585006632e+01 -5.977419706521e+01 -4.304082024415e+00
2.990000000000e+01  -4.643784422808e+01 -3.384502012783e+01 -5.987768554796e+01 -3.824766082163e+00
2.991000000000e+01  -4.659572140852e+01 -3.355141796581e+01 -5.997117635158e+01 -3.342885524469e+00
2.992000000000e+01  -4.674749483958e+01 -3.325518034304e+01 -6.005461034465e+01 -2.858672445773e+00
2.993000000000e+01  -4.689310883218e+01 -3.295644538737e+01 -6.012793378139e+01 -2.372360192171e+00
2.994000000000e+01  -4.703251086208e+01 -3.265535251851e+01 -6.019109832905e+01 -1.884183237851e+00
2.995000000000e+01  -4.716565159875e+01 -3.235204237407e+01 -6.024406109246e+01 -1.394377060940e+00
2.996000000000e+01  -4.729248493264e+01 -3.204665673497e+01 -6.028678463563e+01 -9.031780188306e-01
2.997000000000e+01  -4.741296800073e+01 -3.173933845026e+01 -6.031923700042e+01 -4.108232230342e-01
2.998000000000e+01  -4.752706121041e+01 -3.143023136136e+01 -6.034139172235e+01 8.244958635795e-02
2.999000000000e+01  -4.763472826158e+01 -3.111948022573e+01 -6.035322784342e+01 5.764021665454e-01
3.000000000000e+01  -4.773593616708e+01 -3.080723064016e+01 -6.035472992208e+01 1.070795898155e+00
3.001000000000e+01  -4.783065527132e+01 -3.049362896347e+01 -6.034588804017e+01 1.565391911579e+00
3.002000000000e+01  -4.791885926723e+01 -3.017882223893e+01 -6.032669780700e+01 2.059951213439e+00
3.003000000000e+01  -4.800052521134e+01 -2.986295811628e+01 -6.029716036046e+01 2.554234813126e+00
3.004000000000e+01  -4.807563353716e+01 -2.954618477339e+01 -6.025728236522e+01 3.048003849332e+00
3.005000000000e+01  -4.814416806673e+01 -2.922865083767e+01 -6.020707600799e+01 3.541019716519e+00
3.006000000000e+01  -4.820611602039e+01 -2.891050530729e+01 -6.014655898982e+01 4.033044191248e+00
3.007000000000e+01  -4.826146802477e+01 -2.859189747211e+01 -6.007575451554e+01 4.523839558318e+00
3.008000000000e+01  -4.831021811891e+01 -2.827297683455e+01 -5.999469128025e+01 5.013168736624e+00
3.009000000000e+01  -4.835236375863e+01 -2.795389303026e+01 -5.990340345288e+01 5.500795404694e+00
3.010000000000e+01  -4.838790581909e+01 -2.763479574883e+01 -5.980193065693e+01 5.986484125818e+00
3.011000000000e+01  -4.841684859544e+01 -2.731583465436e+01 -5.969031794826e+01 6.470000472711e+00
3.012000000000e+01  -4.843919980176e+01 -2.699715930613e+01 -5.956861579000e+01 6.951111151648e+00
3.013000000000e+01  -4.845497056814e+01 -2.667891907930e+01 -5.943688002467e+01 7.429584125996e+00
3.014000000000e+01  -4.846417543590e+01 -2.636126308567e+01 -5.929517184339e+01 7.905188739082e+00
3.015000000000e+01  -4.846683235109e+01 -2.604434009467e+01 -5.914355775230e+01 8.377695836340e+00
3.016000000000e+01  -4.846296265604e+01 -2.572829845444e+01 -5.898210953615e+01 8.846877886655e+00
3.017000000000e+01  -4.845259107926e+01 -2.541328601323e+01 -5.881090421916e+01 9.312509102852e+00
3.018000000000e+01  -4.843574572337e+01 -2.509945004096e+01 -5.863002402301e+01 9.774365561269e+00
3.019000000000e+01  -4.841245805140e+01 -2.478693715118e+01 -5.843955632221e+01 1.023222532033e+01
3.020000000000e+01  -4.838276287113e+01 -2.447589322334e+01 -5.823959359662e+01 1.068586853811e+01
3.021000000000e+01  -4.834669831779e+01 -2.416646332544e+01 -5.803023338141e+01 1.113507758869e+01
3.022000000000e+01  -4.830430583488e+01 -2.385879163717e+01 -5.781157821426e+01 1.157963717752e+01
3.023000000000e+01  -4.825563015329e+01 -2.355302137345e+01 -5.758373557993e+01 1.201933445532e+01
3.024000000000e+01  -4.820071926863e+01 -2.324929470849e+01 -5.734681785228e+01 1.245395913089e+01
3.025000000000e+01  -4.813962441684e+01 -2.294775270050e+01 -5.710094223365e+01 1.288330358245e+01
3.026000000000e+01  -4.807240004805e+01 -2.264853521687e+01 -5.684623069170e+01 1.330716296760e+01
3.027000000000e+01  -4.799910379872e+01 -2.235178086004e+01 -5.658280989380e+01 1.372533533179e+01
3.028000000000e+01  -4.791979646215e+01 -2.205762689405e+01 -5.631081113884e+01 1.413762171532e+01
3.029000000000e+01  -4.783454195718e+01 -2.176620917178e+01 -5.603037028669e+01 1.454382625870e+01
3.030000000000e+01  -4.774340729531e+01 -2.147766206295e+01 -5.574162768523e+01 1.494375630635e+01
3.031000000000e+01  -4.764646254616e+01 -2.119211838290e+01 -5.544472809496e+01 1.533722250867e+01
3.032000000000e+01  -4.754378080127e+01 -2.090970932221e+01 -5.513982061137e+01 1.572403892233e+01
3.033000000000e+01  -4.743543813630e+01 -2.063056437715e+01 -5.482705858499e+01 1.610402310872e+01
3.034000000000e+01  -4.732151357163e+01 -2.035481128107e+01 -5.450659953915e+01 1.647699623059e+01
3.035000000000e+01  -4.720208903139e+01 -2.008257593670e+01 -5.417860508562e+01 1.684278314678e+01
3.036000000000e+01  -4.707724930095e+01 -1.981398234944e+01 -5.384324083806e+01 1.720121250496e+01
3.037000000000e+01  -4.694708198285e+01 -1.954915256159e+01 -5.350067632334e+01 1.755211683241e+01
3.038000000000e+01  -4.681167745129e+01 -1.928820658774e+01 -5.315108489086e+01 1.789533262467e+01
3.039000000000e+01  -4.667112880501e+01 -1.903126235114e+01 -5.279464361979e+01 1.823070043218e+01
3.040000000000e+01  -4.652553181890e+01 -1.877843562120e+01 -5.243153322437e+01 1.855806494471e+01
3.041000000000e+01  -4.637498489399e+01 -1.852983995214e+01 -5.206193795732e+01 1.887727507362e+01
3.042000000000e+01  -4.621958900616e+01 -1.828558662282e+01 -5.168604551135e+01 1.918818403187e+01
3.043000000000e+01  -4.605944765347e+01 -1.804578457779e+01 -5.130404691892e+01 1.949064941175e+01
3.044000000000e+01  -4.589466680204e+01 -1.781054036951e+01 -5.091613645012e+01 1.978453326031e+01
3.045000000000e+01  -4.572535483072e+01 -1.757995810192e+01 -5.052251150901e+01 2.006970215241e+01
3.046000000000e+01  -4.555162247444e+01 -1.735413937526e+01 -5.012337252815e+01 2.034602726140e+01
3.047000000000e+01  -4.537358276625e+01 -1.713318323225e+01 -4.971892286168e+01 2.061338442730e+01
3.048000000000e+01  -4.519135097822e+01 -1.691718610555e+01 -4.930936867673e+01 2.087165422257e+01
3.049000000000e+01  -4.500504456103e+01 -1.670624176671e+01 -4.889491884349e+01 2.112072201536e+01
3.050000000000e+01  -4.481478308252e+01 -1.650044127647e+01 -4.847578482370e+01 2.136047803019e+01
3.051000000000e+01  -4.462068816501e+01 -1.629987293647e+01 -4.805218055794e+01 2.159081740606e+01
3.052000000000e+01  -4.442288342155e+01 -1.610462224248e+01 -4.762432235148e+01 2.181164025201e+01
3.053000000000e+01  -4.422149439111e+01 -1.591477183909e+01 -4.719242875899e+01 2.202285169998e+01
3.054000000000e+01  -4.401664847278e+01 -1.573040147593e+01 -4.675672046800e+01 2.222436195504e+01
3.055000000000e+01  -4.380847485886e+01 -1.555158796535e+01 -4.631742018127e+01 2.241608634291e+01
3.056000000000e+01  -4.359710446713e+01 -1.537840514176e+01 -4.587475249811e+01 2.259794535480e+01
3.057000000000e+01  -4.338266987208e+01 -1.521092382251e+01 -4.542894379468e+01 2.276986468947e+01
3.058000000000e+01  -4.316530523531e+01 -1.504921177030e+01 -4.498022210337e+01 2.293177529258e+01
3.059000000000e+01  -4.294514623507e+01 -1.489333365732e+01 -4.452881699133e+01 2.308361339322e+01
3.060000000000e+01  -4.272232999500e+01 -1.474335103095e+01 -4.407495943819e+01 2.322532053764e+01
3.061000000000e+01  -4.249699501205e+01 -1.459932228112e+01 -4.361888171298e+01 2.335684362017e+01
3.062000000000e+01  -4.226928108370e+01 -1.446130260941e+01 -4.316081725049e+01 2.347813491134e+01
3.063000000000e+01  -4.203932923448e+01 -1.432934399974e+01 -4.270100052693e+01 2.358915208307e+01
3.064000000000e+01  -4.180728164180e+01 -1.420349519085e+01 -4.223966693509e+01 2.368985823110e+01
3.065000000000e+01  -4.157328156122e+01 -1.408380165042e+01 -4.177705265900e+01 2.378022189444e+01
3.066000000000e+01  -4.133747325104e+01 -1.397030555104e+01 -4.131339454822e+01 2.386021707201e+01
3.067000000000e+01  -4.110000189647e+01 -1.386304574776e+01 -4.084892999172e+01 2.392982323636e+01
3.068000000000e+01  -4.086101353320e+01 -1.376205775754e+01 -4.038389679158e+01 2.398902534449e+01
3.069000000000e+01  -4.062065497056e+01 -1.366737374044e+01 -3.991853303636e+01 2.403781384575e+01
3.070000000000e+01  -4.037907371423e+01 -1.357902248249e+01 -3.945307697445e+01 2.407618468685e+01
3.071000000000e+01  -4.013641788864e+01 -1.349702938050e+01 -3.898776688727e+01 2.410413931396e+01
3.072000000000e+01  -3.989283615891e+01 -1.342141642855e+01 -3.852284096244e+01 2.412168467185e+01
3.073000000000e+01  -3.964847765261e+01 -1.335220220630e+01 -3.805853716713e+01 2.412883320019e+01
3.074000000000e+01  -3.940349188122e+01 -1.328940186917e+01 -3.759509312139e+01 2.412560282686e+01
3.075000000000e+01  -3.915802866137e+01 -1.323302714029e+01 -3.713274597175e+01 2.411201695839e+01
3.076000000000e+01  -3.891223803591e+01 -1.318308630423e+01 -3.667173226512e+01 2.408810446753e+01
3.077000000000e+01  -3.866627019486e+01 -1.313958420263e+01 -3.621228782290e+01 2.405389967783e+01
3.078000000000e+01  -3.842027539626e+01 -1.310252223161e+01 -3.575464761560e+01 2.400944234542e+01
3.079000000000e+01  -3.817440388701e+01 -1.307189834100e+01 -3.529904563785e+01 2.395477763789e+01
3.080000000000e+01  -3.792880582363e+01 -1.304770703542e+01 -3.484571478399e+01 2.388995611024e+01
3.081000000000e+01  -3.768363119316e+01 -1.302993937716e+01 -3.439488672420e+01 2.381503367808e+01
3.082000000000e+01  -3.743902973404e+01 -1.301858299093e+01 -3.394679178132e+01 2.373007158789e+01
3.083000000000e+01  -3.719515085716e+01 -1.301362207035e+01 -3.350165880841e+01 2.363513638451e+01
3.084000000000e+01  -3.695214356710e+01 -1.301503738634e+01 -3.305971506704e+01 2.353029987582e+01
3.085000000000e+01  -3.671015638349e+01 -1.302280629726e+01 -3.262118610652e+01 2.341563909461e+01
3.086000000000e+01  -3.646933726273e+01 -1.303690276095e+01 -3.218629564397e+01 2.329123625768e+01
3.087000000000e+01  -3.622983351986e+01 -1.305729734842e+01 -3.175526544543e+01 2.315717872224e+01
3.088000000000e+01  -3.599179175089e+01 -1.308395725950e+01 -3.132831520796e+01 2.301355893951e+01
3.089000000000e+01  -3.575535775543e+01 -1.311684634018e+01 -3.090566244292e+01 2.286047440567e+01
3.090000000000e+01  -3.552067645971e+01 -1.315592510172e+01 -3.048752236034e+01 2.269802761016e+01
3.091000000000e+01  -3.528789184013e+01 -1.320115074159e+01 -3.007410775462e+01 2.252632598125e+01
3.092000000000e+01  -3.505714684719e+01 -1.325247716614e+01 -2.966562889140e+01 2.234548182908e+01
3.093000000000e+01  -3.482858333006e+01 -1.330985501495e+01 -2.926229339588e+01 2.215561228607e+01
3.094000000000e+01  -3.460234196167e+01 -1.337323168704e+01 -2.886430614254e+01 2.195683924478e+01
3.095000000000e+01  -3.437856216436e+01 -1.344255136868e+01 -2.847186914630e+01 2.174928929325e+01
3.096000000000e+01  -3.415738203630e+01 -1.351775506298e+01 -2.808518145520e+01 2.153309364785e+01
3.097000000000e+01  -3.393893827847e+01 -1.359878062110e+01 -2.770443904474e+01 2.130838808370e+01
3.098000000000e+01  -3.372336612243e+01 -1.368556277520e+01 -2.732983471378e+01 2.107531286265e+01
3.099000000000e+01  -3.351079925887e+01 -1.377803317303e+01 -2.696155798217e+01 2.083401265888e+01
3.100000000000e+01  -3.330136976693e+01 -1.387612041407e+01 -2.659979499017e+01 2.058463648216e+01
3.101000000000e+01  -3.309520804431e+01 -1.397975008743e+01 -2.624472839962e+01 2.032733759889e+01
3.102000000000e+01  -3.289244273839e+01 -1.408884481124e+01 -2.589653729700e+01 2.006227345075e+01
3.103000000000e+01  -3.269320067810e+01 -1.420332427365e+01 -2.555539709839e+01 1.978960557126e+01
3.104000000000e+01  -3.249760680685e+01 -1.432310527536e+01 -2.522147945644e+01 1.950949950010e+01
3.105000000000e+01  -3.230578411640e+01 -1.444810177378e+01 -2.489495216925e+01 1.922212469536e+01
3.106000000000e+01  -3.211785358175e+01 -1.457822492851e+01 -2.457597909143e+01 1.892765444367e+01
3.107000000000e+01  -3.193393409704e+01 -1.471338314855e+01 -2.426472004719e+01 1.862626576833e+01
3.108000000000e+01  -3.175414241263e+01 -1.485348214072e+01 -2.396133074562e+01 1.831813933548e+01
3.109000000000e+01  -3.157859307318e+01 -1.499842495971e+01 -2.366596269814e+01 1.800345935827e+01
3.110000000000e+01  -3.140739835697e+01 -1.514811205943e+01 -2.337876313826e+01 1.768241349925e+01
3.111000000000e+01  -3.124066821633e+01 -1.530244134581e+01 -2.309987494354e+01 1.735519277087e+01
3.112000000000e+01  -3.107851021934e+01 -1.546130823086e+01 -2.282943655996e+01 1.702199143422e+01
3.113000000000e+01  -3.092102949271e+01 -1.562460568815e+01 -2.256758192862e+01 1.668300689606e+01
3.114000000000e+01  -3.076832866601e+01 -1.579222430956e+01 -2.231444041485e+01 1.633843960421e+01
3.115000000000e+01  -3.062050781709e+01 -1.596405236324e+01 -2.207013673980e+01 1.598849294126e+01
3.116000000000e+01  -3.047766441895e+01 -1.613997585290e+01 -2.183479091447e+01 1.563337311682e+01
3.117000000000e+01  -3.033989328786e+01 -1.631987857821e+01 -2.160851817630e+01 1.527328905820e+01
3.118000000000e+01  -3.020728653291e+01 -1.650364219645e+01 -2.139142892829e+01 1.490845229973e+01
3.119000000000e+01  -3.007993350700e+01 -1.669114628527e+01 -2.118362868074e+01 1.453907687059e+01
3.120000000000e+01  -2.995792075918e+01 -1.688226840650e+01 -2.098521799558e+01 1.416537918147e+01
3.121000000000e+01  -2.984133198852e+01 -1.707688417117e+01 -2.079629243335e+01 1.378757790984e+01
3.122000000000e+01  -2.973024799946e+01 -1.727486730542e+01 -2.061694250288e+01 1.340589388411e+01
3.123000000000e+01  -2.962474665859e+01 -1.747608971751e+01 -2.044725361364e+01 1.302054996663e+01
3.124000000000e+01  -2.952490285305e+01 -1.768042156577e+01 -2.028730603091e+01 1.263177093558e+01
3.125000000000e+01  -2.943078845044e+01 -1.788773132748e+01 -2.013717483353e+01 1.223978336593e+01
3.126000000000e+01  -2.934247226028e+01 -1.809788586867e+01 -1.999692987466e+01 1.184481550938e+01
3.127000000000e+01  -2.926001999711e+01 -1.831075051472e+01 -1.986663574512e+01 1.144709717347e+01
3.128000000000e+01  -2.918349424514e+01 -1.852618912187e+01 -1.974635173972e+01 1.104685959981e+01
3.129000000000e+01  -2.911295442458e+01 -1.874406414945e+01 -1.963613182628e+01 1.064433534166e+01
3.130000000000e+01  -2.904845675960e+01 -1.896423673290e+01 -1.953602461766e+01 1.023975814071e+01
3.131000000000e+01  -2.899005424792e+01 -1.918656675743e+01 -1.944607334651e+01 9.833362803314e+00
3.132000000000e+01  -2.893779663213e+01 -1.941091293247e+01 -1.936631584301e+01 9.425385076135e+00
3.133000000000e+01  -2.889173037270e+01 -1.963713286663e+01 -1.929678451544e+01 9.016061521304e+00
3.134000000000e+01  -2.885189862262e+01 -1.986508314329e+01 -1.923750633367e+01 8.605629391160e+00
3.135000000000e+01  -2.881834120388e+01 -2.009461939682e+01 -1.918850281562e+01 8.194326502634e+00
3.136000000000e+01  -2.879109458557e+01 -2.032559638918e+01 -1.914979001652e+01 7.782391111338e+00
3.137000000000e+01  -2.877019186386e+01 -2.055786808710e+01 -1.912137852121e+01 7.370061785431e+00
3.138000000000e+01  -2.875566274357e+01 -2.079128773959e+01 -1.910327343932e+01 6.957577279330e+00
3.139000000000e+01  -2.874753352167e+01 -2.102570795599e+01 -1.909547440335e+01 6.545176407331e+00
3.140000000000e+01  -2.874582707243e+01 -2.126098078419e+01 -1.909797556977e+01 6.133097917207e+00
3.141000000000e+01  -2.875056283449e+01 -2.149695778927e+01 -1.911076562292e+01 5.721580363853e+00
3.142000000000e+01  -2.876175679954e+01 -2.173349013239e+01 -1.913382778199e+01 5.310861983040e+00
3.143000000000e+01  -2.877942150302e+01 -2.197042864989e+01 -1.916713981076e+01 4.901180565350e+00
3.144000000000e+01  -2.880356601642e+01 -2.220762393256e+01 -1.921067403040e+01 4.492773330352e+00
3.145000000000e+01  -2.883419594156e+01 -2.244492640507e+01 -1.926439733508e+01 4.085876801100e+00
3.146000000000e+01  -2.887131340658e+01 -2.268218640549e+01 -1.932827121051e+01 3.680726679000e+00
3.147000000000e+01  -2.891491706382e+01 -2.291925426486e+01 -1.940225175536e+01 3.277557719126e+00
3.148000000000e+01  -2.896500208944e+01 -2.315598038681e+01 -1.948628970558e+01 2.876603606051e+00
3.149000000000e+01  -2.902156018499e+01 -2.339221532708e+01 -1.958033046152e+01 2.478096830247e+00
3.150000000000e+01  -2.908457958069e+01 -2.362780987305e+01 -1.968431411794e+01 2.082268565137e+00
3.151000000000e+01  -2.915404504062e+01 -2.386261512308e+01 -1.979817549682e+01 1.689348544845e+00
3.152000000000e+01  -2.922993786968e+01 -2.409648256577e+01 -1.992184418295e+01 1.299564942725e+00
3.153000000000e+01  -2.931223592245e+01 -2.432926415895e+01 -2.005524456239e+01 9.131442507245e-01
3.154000000000e+01  -2.940091361379e+01 -2.456081240849e+01 -2.019829586353e+01 5.303111596467e-01
3.155000000000e+01  -2.949594193134e+01 -2.479098044680e+01 -2.035091220106e+01 1.512884403762e-01
3.156000000000e+01  -2.959728844981e+01 -2.501962211100e+01 -2.051300262250e+01 -2.237031738680e-01
3.157000000000e+01  -2.970491734706e+01 -2.524659202073e+01 -2.068447115747e+01 -5.944451041925e-01
3.158000000000e+01  -2.981878942207e+01 -2.547174565560e+01 -2.086521686965e+01 -9.607210415398e-01
3.159000000000e+01  -2.993886211460e+01 -2.569493943207e+01 -2.105513391122e+01 -1.322317060989e+00
3.160000000000e+01  -3.006508952679e+01 -2.591603078002e+01 -2.125411158006e+01 -1.679021734783e+00
3.161000000000e+01  -3.019742244643e+01 -2.613487821860e+01 -2.146203437934e+01 -2.030626244034e+00
3.162000000000e+01  -3.033580837209e+01 -2.635134143164e+01 -2.167878207973e+01 -2.376924489027e+00
3.163000000000e+01  -3.048019153997e+01 -2.656528134243e+01 -2.190422978400e+01 -2.717713198090e+00
3.164000000000e+01  -3.063051295259e+01 -2.677656018778e+01 -2.213824799418e+01 -3.052792034956e+00
3.165000000000e+01  -3.078671040916e+01 -2.698504159144e+01 -2.238070268095e+01 -3.381963704558e+00
3.166000000000e+01  -3.094871853774e+01 -2.719059063682e+01 -2.263145535552e+01 -3.705034057222e+00
3.167000000000e+01  -3.111646882911e+01 -2.739307393886e+01 -2.289036314378e+01 -4.021812191176e+00
3.168000000000e+01  -3.128988967235e+01 -2.759235971515e+01 -2.315727886271e+01 -4.332110553351e+00
3.169000000000e+01  -3.146890639215e+01 -2.778831785620e+01 -2.343205109900e+01 -4.635745038387e+00
3.170000000000e+01  -3.165344128781e+01 -2.798081999478e+01 -2.371452428991e+01 -4.932535085831e+00
3.171000000000e+01  -3.184341367385e+01 -2.816973957437e+01 -2.400453880619e+01 -5.222303775440e+00
3.172000000000e+01  -3.203873992233e+01 -2.835495191668e+01 -2.430193103712e+01 -5.504877920563e+00
3.173000000000e+01  -3.223933350681e+01 -2.853633428810e+01 -2.460653347758e+01 -5.780088159545e+00
3.174000000000e+01  -3.244510504790e+01 -2.871376596519e+01 -2.491817481712e+01 -6.047769045110e+00
3.175000000000e+01  -3.265596236038e+01 -2.888712829903e+01 -2.523668003094e+01 -6.307759131661e+00
3.176000000000e+01  -3.287181050195e+01 -2.905630477854e+01 -2.556187047274e+01 -6.559901060477e+00
3.177000000000e+01  -3.309255182349e+01 -2.922118109264e+01 -2.589356396946e+01 -6.804041642739e+00
3.178000000000e+01  -3.331808602084e+01 -2.938164519117e+01 -2.623157491776e+01 -7.040031940356e+00
3.179000000000e+01  -3.354831018813e+01 -2.953758734471e+01 -2.657571438218e+01 -7.267727344544e+00
3.180000000000e+01  -3.378311887250e+01 -2.968890020311e+01 -2.692579019509e+01 -7.486987652117e+00
3.181000000000e+01  -3.402240413034e+01 -2.983547885276e+01 -2.728160705814e+01 -7.697677139452e+00
3.182000000000e+01  -3.426605558493e+01 -2.997722087253e+01 -2.764296664532e+01 -7.899664634085e+00
3.183000000000e+01  -3.451396048541e+01 -3.011402638845e+01 -2.800966770756e+01 -8.092823583911e+00
3.184000000000e+01  -3.476600376717e+01 -3.024579812696e+01 -2.838150617872e+01 -8.277032123939e+00
3.185000000000e+01  -3.502206811356e+01 -3.037244146681e+01 -2.875827528303e+01 -8.452173140576e+00
3.186000000000e+01  -3.528203401883e+01 -3.049386448954e+01 -2.913976564383e+01 -8.618134333406e+00
3.187000000000e+01  -3.554577985239e+01 -3.060997802849e+01 -2.952576539364e+01 -8.774808274427e+00
3.188000000000e+01  -3.581318192422e+01 -3.072069571641e+01 -2.991606028541e+01 -8.922092464719e+00
3.189000000000e+01  -3.608411455154e+01 -3.082593403144e+01 -3.031043380499e+01 -9.059889388514e+00
3.190000000000e+01  -3.635845012653e+01 -3.092561234174e+01 -3.070866728470e+01 -9.188106564637e+00
3.191000000000e+01  -3.663605918523e+01 -3.101965294842e+01 -3.111054001791e+01 -9.306656595291e+00
3.192000000000e+01  -3.691681047744e+01 -3.110798112703e+01 -3.151582937475e+01 -9.415457212169e+00
3.193000000000e+01  -3.720057103769e+01 -3.119052516735e+01 -3.192431091861e+01 -9.514431319849e+00
3.194000000000e+01  -3.748720625712e+01 -3.126721641163e+01 -3.233575852367e+01 -9.603507036476e+00
3.195000000000e+01  -3.777657995638e+01 -3.133798929120e+01 -3.274994449317e+01 -9.682617731690e+00
3.196000000000e+01  -3.806855445931e+01 -3.140278136143e+01 -3.316663967849e+01 -9.751702061778e+00
3.197000000000e+01  -3.836299066758e+01 -3.146153333494e+01 -3.358561359900e+01 -9.810704002056e+00
3.198000000000e+01  -3.865974813601e+01 -3.151418911326e+01 -3.400663456246e+01 -9.859572876431e+00
3.199000000000e+01  -3.895868514872e+01 -3.156069581666e+01 -3.442946978617e+01 -9.898263384150e+00
3.200000000000e+01  -3.925965879594e+01 -3.160100381235e+01 -3.485388551851e+01 -9.926735623722e+00
3.201000000000e+01  -3.956252505152e+01 -3.163506674086e+01 -3.527964716114e+01 -9.944955113979e+00
3.202000000000e+01  -3.986713885096e+01 -3.166284154077e+01 -3.570651939150e+01 -9.952892812287e+00
3.203000000000e+01  -4.017335417008e+01 -3.168428847159e+01 -3.613426628576e+01 -9.950525129896e+00
3.204000000000e+01  -4.048102410417e+01 -3.169937113490e+01 -3.656265144209e+01 -9.937833944398e+00
3.205000000000e+01  -4.079000094757e+01 -3.170805649373e+01 -3.699143810414e+01 -9.914806609315e+00
3.206000000000e+01  -4.110013627368e+01 -3.171031489010e+01 -3.742038928478e+01 -9.881435960791e+00
3.207000000000e+01  -4.141128101535e+01 -3.170612006081e+01 -3.784926788997e+01 -9.837720321398e+00
3.208000000000e+01  -4.172328554556e+01 -3.169544915134e+01 -3.827783684268e+01 -9.783663501041e+00
3.209000000000e+01  -4.203599975831e+01 -3.167828272801e+01 -3.870585920692e+01 -9.719274794972e+00
3.210000000000e+01  -4.234927314983e+01 -3.165460478830e+01 -3.913309831165e+01 -9.644568978903e+00
3.211000000000e+01  -4.266295489986e+01 -3.162440276927e+01 -3.955931787464e+01 -9.559566301235e+00
3.212000000000e+01  -4.297689395306e+01 -3.158766755425e+01 -3.998428212620e+01 -9.464292472389e+00
3.213000000000e+01  -4.329093910052e+01 -3.154439347764e+01 -4.040775593264e+01 -9.358778651258e+00
3.214000000000e+01  -4.360493906125e+01 -3.149457832786e+01 -4.082950491953e+01 -9.243061428780e+00
3.215000000000e+01  -4.391874256364e+01 -3.143822334845e+01 -4.124929559458e+01 -9.117182808643e+00
3.216000000000e+01  -4.423219842690e+01 -3.137533323744e+01 -4.166689547010e+01 -8.981190185127e+00
3.217000000000e+01  -4.454515564226e+01 -3.130591614469e+01 -4.208207318511e+01 -8.835136318103e+00
3.218000000000e+01  -4.485746345412e+01 -3.122998366760e+01 -4.249459862681e+01 -8.679079305194e+00
3.219000000000e+01  -4.516897144090e+01 -3.114755084481e+01 -4.290424305153e+01 -8.513082551112e+00
3.220000000000e+01  -4.547952959567e+01 -3.105863614819e+01 -4.331077920507e+01 -8.337214734195e+00
3.221000000000e+01  -4.578898840647e+01 -3.096326147293e+01 -4.371398144227e+01 -8.151549770151e+00
3.222000000000e+01  -4.609719893626e+01 -3.086145212588e+01 -4.411362584584e+01 -7.956166773037e+00
3.223000000000e+01  -4.640401290249e+01 -3.075323681198e+01 -4.450949034442e+01 -7.751150013485e+00
3.224000000000e+01  -4.670928275625e+01 -3.063864761900e+01 -4.490135482961e+01 -7.536588874203e+00
3.225000000000e+01  -4.701286176091e+01 -3.051772000036e+01 -4.528900127221e+01 -7.312577802769e+00
3.226000000000e+01  -4.731460407031e+01 -3.039049275629e+01 -4.567221383734e+01 -7.079216261751e+00
3.227000000000e+01  -4.761436480630e+01 -3.025700801309e+01 -4.605077899848e+01 -6.836608676162e+00
3.228000000000e+01  -4.791200013574e+01 -3.011731120074e+01 -4.642448565048e+01 -6.584864378303e+00
3.229000000000e+01  -4.820736734687e+01 -2.997145102863e+01 -4.679312522117e+01 -6.324097550000e+00
3.230000000000e+01  -4.850032492502e+01 -2.981947945968e+01 -4.715649178196e+01 -6.054427162271e+00
3.231000000000e+01  -4.879073262751e+01 -2.966145168262e+01 -4.751438215687e+01 -5.775976912469e+00
3.232000000000e+01  -4.907845155794e+01 -2.949742608266e+01 -4.786659603033e+01 -5.488875158908e+00
3.233000000000e+01  -4.936334423959e+01 -2.932746421038e+01 -4.821293605352e+01 -5.193254853035e+00
3.234000000000e+01  -4.964527468808e+01 -2.915163074896e+01 -4.855320794912e+01 -4.889253469158e+00
3.235000000000e+01  -4.992410848309e+01 -2.896999347981e+01 -4.888722061459e+01 -4.577012931784e+00
3.236000000000e+01  -5.019971283928e+01 -2.878262324647e+01 -4.921478622378e+01 -4.256679540600e+00
3.237000000000e+01  -5.047195667620e+01 -2.858959391697e+01 -4.953572032687e+01 -3.928403893135e+00
3.238000000000e+01  -5.074071068732e+01 -2.839098234450e+01 -4.984984194857e+01 -3.592340805144e+00
3.239000000000e+01  -5.100584740804e+01 -2.818686832655e+01 -5.015697368457e+01 -3.248649228759e+00
3.240000000000e+01  -5.126724128264e+01 -2.797733456251e+01 -5.045694179605e+01 -2.897492168444e+00
3.241000000000e+01  -5.152476873024e+01 -2.776246660968e+01 -5.074957630237e+01 -2.539036594811e+00
3.242000000000e+01  -5.177830820966e+01 -2.754235283780e+01 -5.103471107181e+01 -2.173453356323e+00
3.243000000000e+01  -5.202774028313e+01 -2.731708438206e+01 -5.131218391023e+01 -1.800917088950e+00
3.244000000000e+01  -5.227294767887e+01 -2.708675509472e+01 -5.158183664774e+01 -1.421606123812e+00
3.245000000000e+01  -5.251381535257e+01 -2.685146149515e+01 -5.184351522327e+01 -1.035702392871e+00
3.246000000000e+01  -5.275023054750e+01 -2.661130271863e+01 -5.209706976689e+01 -6.433913326993e-01
3.247000000000e+01  -5.298208285359e+01 -2.636638046361e+01 -5.234235468009e+01 -2.448617864085e-01
3.248000000000e+01  -5.320926426508e+01 -2.611679893772e+01 -5.257922871362e+01 1.596940962442e-01
3.249000000000e+01  -5.343166923700e+01 -2.586266480241e+01 -5.280755504322e+01 5.700809604934e-01
3.250000000000e+01  -5.364919474025e+01 -2.560408711629e+01 -5.302720134290e+01 9.861003499060e-01
3.251000000000e+01  -5.386174031542e+01 -2.534117727718e+01 -5.323803985586e+01 1.407550811366e+00
3.252000000000e+01  -5.406920812519e+01 -2.507404896298e+01 -5.343994746304e+01 1.834228001651e+00
3.253000000000e+01  -5.427150300533e+01 -2.480281807129e+01 -5.363280574914e+01 2.265924795534e+00
3.254000000000e+01  -5.446853251438e+01 -2.452760265785e+01 -5.381650106623e+01 2.702431395372e+00
3.255000000000e+01  -5.466020698172e+01 -2.424852287387e+01 -5.399092459477e+01 3.143535442107e+00
3.256000000000e+01  -5.484643955436e+01 -2.396570090223e+01 -5.415597240207e+01 3.589022127619e+00
3.257000000000e+01  -5.502714624216e+01 -2.367926089259e+01 -5.431154549817e+01 4.038674308392e+00
3.258000000000e+01  -5.520224596148e+01 -2.338932889551e+01 -5.445754988909e+01 4.492272620410e+00
3.259000000000e+01  -5.537166057745e+01 -2.309603279550e+01 -5.459389662743e+01 4.949595595232e+00
3.260000000000e+01  -5.553531494457e+01 -2.279950224317e+01 -5.472050186022e+01 5.410419777188e+00
3.261000000000e+01  -5.569313694577e+01 -2.249986858636e+01 -5.483728687415e+01 5.874519841624e+00
3.262000000000e+01  -5.584505752993e+01 -2.219726480047e+01 -5.494417813798e+01 6.341668714147e+00
3.263000000000e+01  -5.599101074774e+01 -2.189182541783e+01 -5.504110734225e+01 6.811637690788e+00
3.264000000000e+01  -5.613093378594e+01 -2.158368645634e+01 -5.512801143612e+01 7.284196559041e+00
3.265000000000e+01  -5.626476699993e+01 -2.127298534725e+01 -5.520483266151e+01 7.759113719697e+00
3.266000000000e+01  -5.639245394476e+01 -2.095986086224e+01 -5.527151858433e+01 8.236156309415e+00
3.267000000000e+01  -5.651394140435e+01 -2.064445303976e+01 -5.532802212292e+01 8.715090323966e+00
3.268000000000e+01  -5.662917941913e+01 -2.032690311073e+01 -5.537430157355e+01 9.195680742083e+00
3.269000000000e+01  -5.673812131189e+01 -2.000735342359e+01 -5.541032063320e+01 9.677691649848e+00
3.270000000000e+01  -5.684072371196e+01 -1.968594736874e+01 -5.543604841926e+01 1.016088636556e+01
3.271000000000e+01  -5.693694657768e+01 -1.936282930249e+01 -5.545145948652e+01 1.064502756501e+01
3.272000000000e+01  -5.702675321704e+01 -1.903814447045e+01 -5.545653384111e+01 1.112987740708e+01
3.273000000000e+01  -5.711011030668e+01 -1.871203893044e+01 -5.545125695162e+01 1.161519765966e+01
3.274000000000e+01  -5.718698790908e+01 -1.838465947501e+01 -5.543561975725e+01 1.210074982573e+01
3.275000000000e+01  -5.725735948792e+01 -1.805615355358e+01 -5.540961867308e+01 1.258629526958e+01
3.276000000000e+01  -5.732120192179e+01 -1.772666919416e+01 -5.537325559236e+01 1.307159534319e+01
3.277000000000e+01  -5.737849551601e+01 -1.739635492485e+01 -5.532653788592e+01 1.355641151246e+01
3.278000000000e+01  -5.742922401270e+01 -1.706535969501e+01 -5.526947839862e+01 1.404050548357e+01
3.279000000000e+01  -5.747337459903e+01 -1.673383279629e+01 -5.520209544292e+01 1.452363932903e+01
3.280000000000e+01  -5.751093791369e+01 -1.640192378335e+01 -5.512441278947e+01 1.500557561370e+01
3.281000000000e+01  -5.754190805158e+01 -1.606978239460e+01 -5.503645965485e+01 1.548607752042e+01
3.282000000000e+01  -5.756628256660e+01 -1.573755847268e+01 -5.493827068631e+01 1.596490897539e+01
3.283000000000e+01  -5.758406247272e+01 -1.540540188504e+01 -5.482988594374e+01 1.644183477315e+01
3.284000000000e+01  -5.759525224323e+01 -1.507346244440e+01 -5.471135087861e+01 1.691662070104e+01
3.285000000000e+01  -5.759985980809e+01 -1.474188982928e+01 -5.458271631013e+01 1.738903366324e+01
3.286000000000e+01  -5.759789654960e+01 -1.441083350460e+01 -5.444403839850e+01 1.785884180411e+01
3.287000000000e+01  -5.758937729616e+01 -1.408044264238e+01 -5.429537861534e+01 1.832581463094e+01
3.288000000000e+01  -5.757432031427e+01 -1.375086604263e+01 -5.413680371123e+01 1.878972313598e+01
3.289000000000e+01  -5.755274729873e+01 -1.342225205440e+01 -5.396838568049e+01 1.925033991763e+01
3.290000000000e+01  -5.752468336101e+01 -1.309474849707e+01 -5.379020172312e+01 1.970743930084e+01
3.291000000000e+01  -5.749015701586e+01 -1.276850258198e+01 -5.360233420401e+01 2.016079745656e+01
3.292000000000e+01  -5.744920016614e+01 -1.244366083428e+01 -5.340487060933e+01 2.061019252023e+01
3.293000000000e+01  -5.740184808585e+01 -1.212036901525e+01 -5.319790350026e+01 2.105540470922e+01
3.294000000000e+01  -5.734813940139e+01 -1.179877204496e+01 -5.298153046393e+01 2.149621643913e+01
3.295000000000e+01  -5.728811607108e+01 -1.147901392539e+01 -5.275585406177e+01 2.193241243905e+01
3.296000000000e+01  -5.722182336291e+01 -1.116123766402e+01 -5.252098177511e+01 2.236377986541e+01
3.297000000000e+01  -5.714930983062e+01 -1.084558519802e+01 -5.227702594827e+01 2.279010841471e+01
3.298000000000e+01  -5.707062728792e+01 -1.053219731890e+01 -5.202410372893e+01 2.321119043481e+01
3.299000000000e+01  -5.698583078112e+01 -1.022121359786e+01 -5.176233700606e+01 2.362682103483e+01
3.300000000000e+01  -5.689497856004e+01 -9.912772311716e+00 -5.149185234523e+01 2.403679819363e+01
3.301000000000e+01  -5.679813204719e+01 -9.607010369576e+00 -5.121278092147e+01 2.444092286671e+01
3.302000000000e+01  -5.669535580529e+01 -9.304063240180e+00 -5.092525844969e+01 2.483899909155e+01
3.303000000000e+01  -5.658671750322e+01 -9.004064880044e+00 -5.062942511261e+01 2.523083409136e+01
3.304000000000e+01  -5.647228788023e+01 -8.707147662393e+00 -5.032542548641e+01 2.561623837708e+01
3.305000000000e+01  -5.635214070861e+01 -8.413442306930e+00 -5.001340846392e+01 2.599502584767e+01
3.306000000000e+01  -5.622635275471e+01 -8.123077810481e+00 -4.969352717564e+01 2.636701388862e+01
3.307000000000e+01  -5.609500373847e+01 -7.836181378557e+00 -4.936593890840e+01 2.673202346854e+01
3.308000000000e+01  -5.595817629127e+01 -7.552878357861e+00 -4.903080502183e+01 2.708987923395e+01
3.309000000000e+01  -5.581595591239e+01 -7.273292169780e+00 -4.868829086271e+01 2.744040960206e+01
3.310000000000e+01  -5.566843092385e+01 -6.997544244898e+00 -4.833856567712e+01 2.778344685154e+01
3.311000000000e+01  -5.551569242383e+01 -6.725753958562e+00 -4.798180252056e+01 2.811882721129e+01
3.312000000000e+01  -5.535783423859e+01 -6.458038567534e+00 -4.761817816605e+01 2.844639094707e+01
3.313000000000e+01  -5.519495287299e+01 -6.194513147774e+00 -4.724787301021e+01 2.876598244606e+01
3.314000000000e+01  -5.502714745958e+01 -5.935290533366e+00 -4.687107097741e+01 2.907745029912e+01
3.315000000000e+01  -5.485451970631e+01 -5.680481256637e+00 -4.648795942212e+01 2.938064738093e+01
3.316000000000e+01  -5.467717384286e+01 -5.430193489497e+00 -4.609872902929e+01 2.967543092781e+01
3.317000000000e+01  -5.449521656575e+01 -5.184532986024e+00 -4.570357371313e+01 2.996166261323e+01
3.318000000000e+01  -5.430875698195e+01 -4.943603026332e+00 -4.530269051399e+01 3.023920862096e+01
3.319000000000e+01  -5.411790655147e+01 -4.707504361749e+00 -4.489627949372e+01 3.050793971589e+01
3.320000000000e+01  -5.392277902848e+01 -4.476335161332e+00 -4.448454362935e+01 3.076773131231e+01
3.321000000000e+01  -5.372349040141e+01 -4.250190959751e+00 -4.406768870520e+01 3.101846353982e+01
3.322000000000e+01  -5.352015883173e+01 -4.029164606568e+00 -4.364592320356e+01 3.126002130671e+01
3.323000000000e+01  -5.331290459170e+01 -3.813346216936e+00 -4.321945819388e+01 3.149229436079e+01
3.324000000000e+01  -5.310185000091e+01 -3.602823123744e+00 -4.278850722057e+01 3.171517734769e+01
3.325000000000e+01  -5.288711936185e+01 -3.397679831243e+00 -4.235328618956e+01 3.192856986651e+01
3.326000000000e+01  -5.266883889433e+01 -3.197997970160e+00 -4.191401325349e+01 3.213237652288e+01
3.327000000000e+01  -5.244713666898e+01 -3.003856254340e+00 -4.147090869578e+01 3.232650697941e+01
3.328000000000e+01  -5.222214253969e+01 -2.815330438924e+00 -4.102419481354e+01 3.251087600333e+01
3.329000000000e+01  -5.199398807523e+01 -2.632493280107e+00 -4.057409579943e+01 3.268540351155e+01
3.330000000000e+01  -5.176280648985e+01 -2.455414496468e+00 -4.012083762242e+01 3.285001461296e+01
3.331000000000e+01  -5.152873257307e+01 -2.284160731923e+00 -3.966464790773e+01 3.300463964789e+01
3.332000000000e+01  -5.129190261866e+01 -2.118795520291e+00 -3.920575581579e+01 3.314921422495e+01
3.333000000000e+01  -5.105245435281e+01 -1.959379251518e+00 -3.874439192040e+01 3.328367925491e+01
3.334000000000e+01  -5.081052686152e+01 -1.805969139558e+00 -3.828078808616e+01 3.340798098191e+01
3.335000000000e+01  -5.056626051732e+01 -1.658619191944e+00 -3.781517734519e+01 3.352207101176e+01
3.336000000000e+01  -5.031979690534e+01 -1.517380181043e+00 -3.734779377319e+01 3.362590633741e+01
3.337000000000e+01  -5.007127874863e+01 -1.382299617035e+00 -3.687887236503e+01 3.371944936158e+01
3.338000000000e+01  -4.982084983302e+01 -1.253421722617e+00 -3.640864890974e+01 3.380266791652e+01
3.339000000000e+01  -4.956865493134e+01 -1.130787409441e+00 -3.593735986515e+01 3.387553528088e+01
3.340000000000e+01  -4.931483972716e+01 -1.014434256310e+00 -3.546524223212e+01 3.393803019369e+01
3.341000000000e+01  -4.905955073804e+01 -9.043964891380e-01 -3.499253342851e+01 3.399013686546e+01
3.342000000000e+01  -4.880293523833e+01 -8.007049626840e-01 -3.451947116287e+01 3.403184498636e+01
3.343000000000e+01  -4.854514118164e+01 -7.033871440689e-01 -3.404629330807e+01 3.406314973150e+01
3.344000000000e+01  -4.828631712289e+01 -6.124670980874e-01 -3.357323777470e+01 3.408405176334e+01
3.345000000000e+01  -4.802661214005e+01 -5.279654743206e-01 -3.310054238453e+01 3.409455723110e+01
3.346000000000e+01  -4.776617575570e+01 -4.498994960558e-01 -3.262844474402e+01 3.409467776735e+01
3.347000000000e+01  -4.750515785822e+01 -3.782829510197e-01 -3.215718211785e+01 3.408443048167e+01
3.348000000000e+01  -4.724370862294e+01 -3.131261839312e-01 -3.168699130274e+01 3.406383795135e+01
3.349000000000e+01  -4.698197843302e+01 -2.544360908752e-01 -3.121810850139e+01 3.403292820926e+01
3.350000000000e+01  -4.672011780034e+01 -2.022161155029e-01 -3.075076919682e+01 3.399173472881e+01
3.351000000000e+01  -4.645827728624e+01 -1.564662470583e-01 -3.028520802704e+01 3.394029640598e+01
3.352000000000e+01  -4.619660742229e+01 -1.171830202348e-01 -2.982165866015e+01 3.387865753857e+01
3.353000000000e+01  -4.593525863109e+01 -8.435951685830e-02 -2.936035366999e+01 3.380686780244e+01
3.354000000000e+01  -4.567438114709e+01 -5.798536939958e-02 -2.890152441230e+01 3.372498222506e+01
3.355000000000e+01  -4.541412493759e+01 -3.804676631127e-02 -2.844540090156e+01 3.363306115609e+01
3.356000000000e+01  -4.515463962380e+01 -2.452645918834e-02 -2.799221168853e+01 3.353117023524e+01
3.357000000000e+01  -4.489607440221e+01 -1.740377174743e-02 -2.754218373852e+01 3.341938035723e+01
3.358000000000e+01  -4.463857796608e+01 -1.665461062065e-02 -2.709554231057e+01 3.329776763403e+01
3.359000000000e+01  -4.438229842725e+01 -2.225147795794e-02 -2.665251083738e+01 3.316641335433e+01
3.360000000000e+01  -4.412738323833e+01 -3.416348583155e-02 -2.621331080636e+01 3.302540394022e+01
3.361000000000e+01  -4.387397911514e+01 -5.235637243477e-02 -2.577816164162e+01 3.287483090116e+01
3.362000000000e+01  -4.362223195962e+01 -7.679252006655e-02 -2.534728058702e+01 3.271479078534e+01
3.363000000000e+01  -4.337228678320e+01 -1.074309748924e-01 -2.492088259040e+01 3.254538512821e+01
3.364000000000e+01  -4.312428763057e+01 -1.442274684712e-01 -2.449918018904e+01 3.236672039850e+01
3.365000000000e+01  -4.287837750407e+01 -1.871344410366e-01 -2.408238339633e+01 3.217890794154e+01
3.366000000000e+01  -4.263469828855e+01 -2.361010665201e-01 -2.367069958979e+01 3.198206392007e+01
3.367000000000e+01  -4.239339067695e+01 -2.910732793043e-01 -2.326433340049e+01 3.177630925242e+01
3.368000000000e+01  -4.215459409639e+01 -3.519938026893e-01 -2.286348660390e+01 3.156176954821e+01
3.369000000000e+01  -4.191844663506e+01 -4.188021790610e-01 -2.246835801222e+01 3.133857504155e+01
3.370000000000e+01  -4.168508496975e+01 -4.914348017412e-01 -2.207914336833e+01 3.110686052179e+01
3.371000000000e+01  -4.145464429419e+01 -5.698249485067e-01 -2.169603524127e+01 3.086676526187e+01
3.372000000000e+01  -4.122725824818e+01 -6.539028167563e-01 -2.131922292344e+01 3.061843294424e+01
3.373000000000e+01  -4.100305884752e+01 -7.435955603098e-01 -2.094889232953e+01 3.036201158453e+01
3.374000000000e+01  -4.078217641487e+01 -8.388273278178e-01 -2.058522589719e+01 3.009765345285e+01
3.375000000000e+01  -4.056473951152e+01 -9.395193027632e-01 -2.022840248957e+01 2.982551499282e+01
3.376000000000e+01  -4.035087487000e+01 -1.045589745032e+00 -1.987859729969e+01 2.954575673848e+01
3.377000000000e+01  -4.014070732787e+01 -1.156954034034e+00 -1.953598175678e+01 2.925854322893e+01
3.378000000000e+01  -3.993435976232e+01 -1.273524713346e+00 -1.920072343461e+01 2.896404292095e+01
3.379000000000e+01  -3.973195302597e+01 -1.395211536860e+00 -1.887298596177e+01 2.866242809938e+01
3.380000000000e+01  -3.953360588372e+01 -1.521921516410e+00 -1.855292893413e+01 2.835387478570e+01
3.381000000000e+01  -3.933943495066e+01 -1.653558970843e+00 -1.824070782936e+01 2.803856264441e+01
3.382000000000e+01  -3.914955463126e+01 -1.790025576530e+00 -1.793647392361e+01 2.771667488761e+01
3.383000000000e+01  -3.896407705962e+01 -1.931220419266e+00 -1.764037421042e+01 2.738839817766e+01
3.384000000000e+01  -3.878311204100e+01 -2.077040047548e+00 -1.735255132188e+01 2.705392252802e+01
3.385000000000e+01  -3.860676699463e+01 -2.227378527195e+00 -1.707314345213e+01 2.671344120229e+01
3.386000000000e+01  -3.843514689776e+01 -2.382127497291e+00 -1.680228428304e+01 2.636715061158e+01
3.387000000000e+01  -3.826835423100e+01 -2.541176227400e+00 -1.654010291251e+01 2.601525021014e+01
3.388000000000e+01  -3.810648892506e+01 -2.704411676057e+00 -1.628672378491e+01 2.565794238946e+01
3.389000000000e+01  -3.794964830883e+01 -2.871718550468e+00 -1.604226662419e+01 2.529543237073e+01
3.390000000000e+01  -3.779792705884e+01 -3.042979367413e+00 -1.580684636935e+01 2.492792809589e+01
3.391000000000e+01  -3.765141715020e+01 -3.218074515309e+00 -1.558057311247e+01 2.455564011713e+01
3.392000000000e+01  -3.751020780890e+01 -3.396882317404e+00 -1.536355203927e+01 2.417878148517e+01
3.393000000000e+01  -3.737438546570e+01 -3.579279096067e+00 -1.515588337227e+01 2.379756763601e+01
3.394000000000e+01  -3.724403371139e+01 -3.765139238141e+00 -1.495766231654e+01 2.341221627663e+01
3.395000000000e+01  -3.711923325370e+01 -3.954335261320e+00 -1.476897900813e+01 2.302294726932e+01
3.396000000000e+01  -3.700006187568e+01 -4.146737881533e+00 -1.458991846510e+01 2.262998251497e+01
3.397000000000e+01  -3.688659439567e+01 -4.342216081267e+00 -1.442056054133e+01 2.223354583525e+01
3.398000000000e+01  -3.677890262884e+01 -4.540637178831e+00 -1.426097988295e+01 2.183386285379e+01
3.399000000000e+01  -3.667705535040e+01 -4.741866898497e+00 -1.411124588761e+01 2.143116087637e+01
3.400000000000e+01  -3.658111826037e+01 -4.945769441486e+00 -1.397142266640e+01 2.102566877029e+01
3.401000000000e+01  -3.649115395004e+01 -5.152207557782e+00 -1.384156900869e+01 2.061761684285e+01
3.402000000000e+01  -3.640722187008e+01 -5.361042618701e+00 -1.372173834964e+01 2.020723671912e+01
3.403000000000e+01  -3.632937830035e+01 -5.572134690215e+00 -1.361197874060e+01 1.979476121900e+01
3.404000000000e+01  -3.625767632138e+01 -5.785342606959e+00 -1.351233282232e+01 1.938042423366e+01
3.405000000000e+01  -3.619216578759e+01 -6.000524046911e+00 -1.342283780107e+01 1.896446060138e+01
3.406000000000e+01  -3.613289330224e+01 -6.217535606679e+00 -1.334352542749e+01 1.854710598298e+01
3.407000000000e+01  -3.607990219406e+01 -6.436232877384e+00 -1.327442197847e+01 1.812859673674e+01
3.408000000000e+01  -3.603323249576e+01 -6.656470521070e+00 -1.321554824179e+01 1.770916979299e+01
3.409000000000e+01  -3.599292092412e+01 -6.878102347624e+00 -1.316691950373e+01 1.728906252842e+01
3.410000000000e+01  -3.595900086204e+01 -7.100981392159e+00 -1.312854553954e+01 1.686851264015e+01
3.411000000000e+01  -3.593150234224e+01 -7.324959992806e+00 -1.310043060685e+01 1.644775801963e+01
3.412000000000e+01  -3.591045203278e+01 -7.549889868902e+00 -1.308257344194e+01 1.602703662646e+01
3.413000000000e+01  -3.589587322442e+01 -7.775622199503e+00 -1.307496725900e+01 1.560658636218e+01
3.414000000000e+01  -3.588778581972e+01 -8.002007702207e+00 -1.307759975224e+01 1.518664494412e+01
3.415000000000e+01  -3.588620632397e+01 -8.228896712220e+00 -1.309045310091e+01 1.476744977934e+01
3.416000000000e+01  -3.589114783794e+01 -8.456139261653e+00 -1.311350397735e+01 1.434923783874e+01
3.417000000000e+01  -3.590262005242e+01 -8.683585158978e+00 -1.314672355777e+01 1.393224553142e+01
3.418000000000e+01  -3.592062924454e+01 -8.911084068629e+00 -1.319007753612e+01 1.351670857941e+01
3.419000000000e+01  -3.594517827598e+01 -9.138485590683e+00 -1.324352614073e+01 1.310286189265e+01
3.420000000000e+01  -3.597626659294e+01 -9.365639340594e+00 -1.330702415394e+01 1.269093944456e+01
3.421000000000e+01  -3.601389022787e+01 -9.592395028938e+00 -1.338052093457e+01 1.228117414800e+01
3.422000000000e+01  -3.605804180309e+01 -9.818602541112e+00 -1.346396044326e+01 1.187379773189e+01
3.423000000000e+01  -3.610871053617e+01 -1.004411201696e+01 -1.355728127077e+01 1.146904061842e+01
3.424000000000e+01  -3.616588224704e+01 -1.026877393030e+01 -1.366041666899e+01 1.106713180102e+01
3.425000000000e+01  -3.622953936701e+01 -1.049243916823e+01 -1.377329458497e+01 1.066829872304e+01
3.426000000000e+01  -3.629966094942e+01 -1.071495911032e+01 -1.389583769765e+01 1.027276715730e+01
3.427000000000e+01  -3.637622268219e+01 -1.093618570747e+01 -1.402796345746e+01 9.880761086562e+00
3.428000000000e+01  -3.645919690199e+01 -1.115597156052e+01 -1.416958412871e+01 9.492502584924e+00
3.429000000000e+01  -3.654855261026e+01 -1.137416999857e+01 -1.432060683482e+01 9.108211700259e+00
3.430000000000e+01  -3.664425549090e+01 -1.159063515683e+01 -1.448093360621e+01 8.728106337742e+00
3.431000000000e+01  -3.674626792968e+01 -1.180522205415e+01 -1.465046143104e+01 8.352402144525e+00
3.432000000000e+01  -3.685454903532e+01 -1.201778667004e+01 -1.482908230859e+01 7.981312395614e+00
3.433000000000e+01  -3.696905466231e+01 -1.222818602121e+01 -1.501668330542e+01 7.615047881022e+00
3.434000000000e+01  -3.708973743535e+01 -1.243627823756e+01 -1.521314661418e+01 7.253816794243e+00
3.435000000000e+01  -3.721654677537e+01 -1.264192263761e+01 -1.541834961504e+01 6.897824622112e+00
3.436000000000e+01  -3.734942892729e+01 -1.284497980327e+01 -1.563216493981e+01 6.547274036101e+00
3.437000000000e+01  -3.748832698925e+01 -1.304531165398e+01 -1.585446053865e+01 6.202364785115e+00
3.438000000000e+01  -3.763318094350e+01 -1.324278152012e+01 -1.608509974932e+01 5.863293589837e+00
3.439000000000e+01  -3.778392768877e+01 -1.343725421567e+01 -1.632394136907e+01 5.530254038669e+00
3.440000000000e+01  -3.794050107418e+01 -1.362859611007e+01 -1.657083972895e+01 5.203436485332e+00
3.441000000000e+01  -3.810283193467e+01 -1.381667519931e+01 -1.682564477069e+01 4.883027948176e+00
3.442000000000e+01  -3.827084812782e+01 -1.400136117602e+01 -1.708820212602e+01 4.569212011231e+00
3.443000000000e+01  -3.844447457215e+01 -1.418252549878e+01 -1.735835319840e+01 4.262168727068e+00
3.444000000000e+01  -3.862363328684e+01 -1.436004146038e+01 -1.763593524720e+01 3.962074521509e+00
3.445000000000e+01  -3.880824343274e+01 -1.453378425510e+01 -1.792078147419e+01 3.669102100223e+00
3.446000000000e+01  -3.899822135476e+01 -1.470363104495e+01 -1.821272111239e+01 3.383420357262e+00
3.447000000000e+01  -3.919348062559e+01 -1.486946102484e+01 -1.851157951724e+01 3.105194285576e+00
3.448000000000e+01  -3.939393209061e+01 -1.503115548662e+01 -1.881717825999e+01 2.834584889543e+00
3.449000000000e+01  -3.959948391410e+01 -1.518859788191e+01 -1.912933522332e+01 2.571749099555e+00
3.450000000000e+01  -3.981004162657e+01 -1.534167388377e+01 -1.944786469916e+01 2.316839688699e+00
3.451000000000e+01  -4.002550817332e+01 -1.549027144710e+01 -1.977257748865e+01 2.070005191568e+00
3.452000000000e+01  -4.024578396404e+01 -1.563428086774e+01 -2.010328100420e+01 1.831389825225e+00
3.453000000000e+01  -4.047076692357e+01 -1.577359484026e+01 -2.043977937360e+01 1.601133412373e+00
3.454000000000e+01  -4.070035254365e+01 -1.590810851431e+01 -2.078187354615e+01 1.379371306739e+00
3.455000000000e+01  -4.093443393566e+01 -1.603771954964e+01 -2.112936140079e+01 1.166234320717e+00
3.456000000000e+01  -4.117290188438e+01 -1.616232816961e+01 -2.148203785610e+01 9.618486552805e-01
3.457000000000e+01  -4.141564490263e+01 -1.628183721321e+01 -2.183969498222e+01 7.663358322115e-01
3.458000000000e+01  -4.166254928682e+01 -1.639615218552e+01 -2.220212211456e+01 5.798126286475e-01
3.459000000000e+01  -4.191349917336e+01 -1.650518130667e+01 -2.256910596931e+01 4.023910139833e-01
3.460000000000e+01  -4.216837659589e+01 -1.660883555906e+01 -2.294043076063e+01 2.341780891434e-01
3.461000000000e+01  -4.242706154324e+01 -1.670702873308e+01 -2.331587831954e+01 7.527602824465e-02
3.462000000000e+01  -4.268943201827e+01 -1.679967747100e+01 -2.369522821435e+01 -7.421797733127e-02
3.463000000000e+01  -4.295536409726e+01 -1.688670130921e+01 -2.407825787267e+01 -2.142117724380e-01
3.464000000000e+01  -4.322473199011e+01 -1.696802271870e+01 -2.446474270488e+01 -3.446182892212e-01
3.465000000000e+01  -4.349740810117e+01 -1.704356714371e+01 -2.485445622895e+01 -4.653555957146e-01
3.466000000000e+01  -4.377326309066e+01 -1.711326303861e+01 -2.524717019669e+01 -5.763469419605e-01
3.467000000000e+01  -4.405216593679e+01 -1.717704190291e+01 -2.564265472113e+01 -6.775208036389e-01
3.468000000000e+01  -4.433398399834e+01 -1.723483831435e+01 -2.604067840515e+01 -7.688109231894e-01
3.469000000000e+01  -4.461858307794e+01 -1.728658996016e+01 -2.644100847121e+01 -8.501563484103e-01
3.470000000000e+01  -4.490582748578e+01 -1.733223766637e+01 -2.684341089203e+01 -9.215014685194e-01
3.471000000000e+01  -4.519558010396e+01 -1.737172542516e+01 -2.724765052222e+01 -9.827960476581e-01
3.472000000000e+01  -4.548770245126e+01 -1.740500042028e+01 -2.765349123075e+01 -1.033995255822e+00
3.473000000000e+01  -4.578205474853e+01 -1.743201305056e+01 -2.806069603413e+01 -1.075059697200e+00
3.474000000000e+01  -4.607849598450e+01 -1.745271695130e+01 -2.846902723021e+01 -1.105955435895e+00
3.475000000000e+01  -4.637688398217e+01 -1.746706901386e+01 -2.887824653255e+01 -1.126654019018e+00
3.476000000000e+01  -4.667707546562e+01 -1.747502940318e+01 -2.928811520516e+01 -1.137132497111e+00
3.477000000000e+01  -4.697892612739e+01 -1.747656157333e+01 -2.969839419762e+01 -1.137373441895e+00
3.478000000000e+01  -4.728229069639e+01 -1.747163228118e+01 -3.010884428031e+01 -1.127364961298e+00
3.479000000000e+01  -4.758702300622e+01 -1.746021159803e+01 -3.051922617986e+01 -1.107100711739e+00
3.480000000000e+01  -4.789297606411e+01 -1.744227291941e+01 -3.092930071444e+01 -1.076579907641e+00
3.481000000000e+01  -4.820000212035e+01 -1.741779297291e+01 -3.133882892902e+01 -1.035807328121e+00
3.482000000000e+01  -4.850795273827e+01 -1.738675182422e+01 -3.174757223031e+01 -9.847933208484e-01
3.483000000000e+01  -4.881667886476e+01 -1.734913288126e+01 -3.215529252134e+01 -9.235538030010e-01
3.484000000000e+01  -4.912603090133e+01 -1.730492289657e+01 -3.256175233554e+01 -8.521102593015e-01
3.485000000000e+01  -4.943585877578e+01 -1.725411196792e+01 -3.296671497028e+01 -7.704897370826e-01
3.486000000000e+01  -4.974601201438e+01 -1.719669353723e+01 -3.336994461953e+01 -6.787248383387e-01
3.487000000000e+01  -5.005633981468e+01 -1.713266438782e+01 -3.377120650587e+01 -5.768537087215e-01
3.488000000000e+01  -5.036669111888e+01 -1.706202464002e+01 -3.417026701141e+01 -4.649200234346e-01
3.489000000000e+01  -5.067691468773e+01 -1.698477774533e+01 -3.456689380771e+01 -3.429729699835e-01
3.490000000000e+01  -5.098685917513e+01 -1.690093047894e+01 -3.496085598455e+01 -2.110672277386e-01
3.491000000000e+01  -5.129637320313e+01 -1.681049293092e+01 -3.535192417739e+01 -6.926294426970e-02
3.492000000000e+01  -5.160530543760e+01 -1.671347849596e+01 -3.573987069354e+01 8.237429158631e-02
3.493000000000e+01  -5.191350466442e+01 -1.660990386182e+01 -3.612446963683e+01 2.437734799614e-01
3.494000000000e+01  -5.222081986612e+01 -1.649978899645e+01 -3.650549703079e+01 4.148582435271e-01
3.495000000000e+01  -5.252710029909e+01 -1.638315713394e+01 -3.688273094019e+01 5.955468644283e-01
3.496000000000e+01  -5.283219557117e+01 -1.626003475927e+01 -3.725595159096e+01 7.857523246029e-01
3.497000000000e+01  -5.313595571970e+01 -1.613045159191e+01 -3.762494148825e+01 9.853823495035e-01
3.498000000000e+01  -5.343823128989e+01 -1.599444056839e+01 -3.798948553286e+01 1.194339455233e+00
3.499000000000e+01  -5.373887341357e+01 -1.585203782376e+01 -3.834937113567e+01 1.412520999097e+00
3.500000000000e+01  -5.403773388812e+01 -1.570328267208e+01 -3.870438833022e+01 1.639819233569e+00
3.501000000000e+01  -5.433466525568e+01 -1.554821758589e+01 -3.905432988335e+01 1.876121363658e+00
3.502000000000e+01  -5.462952088242e+01 -1.538688817474e+01 -3.939899140390e+01 2.121309607662e+00
3.503000000000e+01  -5.492215503795e+01 -1.521934316276e+01 -3.973817144931e+01 2.375261261273e+00
3.504000000000e+01  -5.521242297461e+01 -1.504563436527e+01 -4.007167163032e+01 2.637848765002e+00
3.505000000000e+01  -5.550018100681e+01 -1.486581666452e+01 -4.039929671346e+01 2.908939774890e+00
3.506000000000e+01  -5.578528659009e+01 -1.467994798442e+01 -4.072085472163e+01 3.188397236431e+00
3.507000000000e+01  -5.606759839998e+01 -1.448808926436e+01 -4.103615703250e+01 3.476079461670e+00
3.508000000000e+01  -5.634697641051e+01 -1.429030443209e+01 -4.134501847484e+01 3.771840209400e+00
3.509000000000e+01  -5.662328197234e+01 -1.408666037560e+01 -4.164725742277e+01 4.075528768380e+00
3.510000000000e+01  -5.689637789035e+01 -1.387722691406e+01 -4.194269588788e+01 4.386990043504e+00
3.511000000000e+01  -5.716612850064e+01 -1.366207676765e+01 -4.223115960923e+01 4.706064644826e+00
3.512000000000e+01  -5.743239974691e+01 -1.344128552646e+01 -4.251247814127e+01 5.032588979359e+00
3.513000000000e+01  -5.769505925607e+01 -1.321493161821e+01 -4.278648493958e+01 5.366395345537e+00
3.514000000000e+01  -5.795397641299e+01 -1.298309627495e+01 -4.305301744452e+01 5.707312030268e+00
3.515000000000e+01  -5.820902243440e+01 -1.274586349855e+01 -4.331191716270e+01 6.055163408437e+00
3.516000000000e+01  -5.846007044179e+01 -1.250332002507e+01 -4.356302974636e+01 6.409770044790e+00
3.517000000000e+01  -5.870699553324e+01 -1.225555528789e+01 -4.380620507052e+01 6.770948798075e+00
3.518000000000e+01  -5.894967485419e+01 -1.200266137957e+01 -4.404129730803e+01 7.138512927323e+00
3.519000000000e+01  -5.918798766697e+01 -1.174473301253e+01 -4.426816500237e+01 7.512272200183e+00
3.520000000000e+01  -5.942181541912e+01 -1.148186747829e+01 -4.448667113830e+01 7.892033003186e+00
3.521000000000e+01  -5.965104181045e+01 -1.121416460551e+01 -4.469668321028e+01 8.277598453833e+00
3.522000000000e+01  -5.987555285865e+01 -1.094172671658e+01 -4.489807328866e+01 8.668768514400e+00
3.523000000000e+01  -6.009523696361e+01 -1.066465858287e+01 -4.509071808359e+01 9.065340107363e+00
3.524000000000e+01  -6.030998497026e+01 -1.038306737859e+01 -4.527449900668e+01 9.467107232326e+00
3.525000000000e+01  -6.051969022986e+01 -1.009706263316e+01 -4.544930223037e+01 9.873861084360e+00
3.526000000000e+01  -6.072424865990e+01 -9.806756182289e+00 -4.561501874494e+01 1.028539017365e+01
3.527000000000e+01  -6.092355880226e+01 -9.512262117486e+00 -4.577154441316e+01 1.070148044636e+01
3.528000000000e+01  -6.111752188000e+01 -9.213696734232e+00 -4.591878002263e+01 1.112191540660e+01
3.529000000000e+01  -6.130604185229e+01 -8.911178478668e+00 -4.605663133561e+01 1.154647623946e+01
3.530000000000e+01  -6.148902546788e+01 -8.604827892876e+00 -4.618500913651e+01 1.197494193495e+01
3.531000000000e+01  -6.166638231681e+01 -8.294767558733e+00 -4.630382927685e+01 1.240708941278e+01
3.532000000000e+01  -6.183802488043e+01 -7.981122040368e+00 -4.641301271773e+01 1.284269364798e+01
3.533000000000e+01  -6.200386857970e+01 -7.664017825224e+00 -4.651248556984e+01 1.328152779715e+01
3.534000000000e+01  -6.216383182179e+01 -7.343583263763e+00 -4.660217913078e+01 1.372336332536e+01
3.535000000000e+01  -6.231783604491e+01 -7.019948507819e+00 -4.668202992001e+01 1.416797013357e+01
3.536000000000e+01  -6.246580576136e+01 -6.693245447650e+00 -4.675197971093e+01 1.461511668655e+01
3.537000000000e+01  -6.260766859880e+01 -6.363607647699e+00 -4.681197556059e+01 1.506457014118e+01
3.538000000000e+01  -6.274335533980e+01 -6.031170281114e+00 -4.686196983654e+01 1.551609647507e+01
3.539000000000e+01  -6.287279995946e+01 -5.696070063049e+00 -4.690192024108e+01 1.596946061550e+01
3.540000000000e+01  -6.299593966132e+01 -5.358445182806e+00 -4.693178983282e+01 1.642442656850e+01
3.541000000000e+01  -6.311271491144e+01 -5.018435234835e+00 -4.695154704549e+01 1.688075754807e+01
3.542000000000e+01  -6.322306947058e+01 -4.676181148659e+00 -4.696116570397e+01 1.733821610558e+01
3.543000000000e+01  -6.332695042459e+01 -4.331825117748e+00 -4.696062503761e+01 1.779656425903e+01
3.544000000000e+01  -6.342430821301e+01 -3.985510527408e+00 -4.694990969074e+01 1.825556362243e+01
3.545000000000e+01  -6.351509665569e+01 -3.637381881722e+00 -4.692900973042e+01 1.871497553492e+01
3.546000000000e+01  -6.359927297764e+01 -3.287584729596e+00 -4.689792065130e+01 1.917456118990e+01
3.547000000000e+01  -6.367679783203e+01 -2.936265589962e+00 -4.685664337777e+01 1.963408176379e+01
3.548000000000e+01  -6.374763532125e+01 -2.583571876188e+00 -4.680518426319e+01 2.009329854466e+01
3.549000000000e+01  -6.381175301617e+01 -2.229651819748e+00 -4.674355508638e+01 2.055197306042e+01
3.550000000000e+01  -6.386912197346e+01 -1.874654393205e+00 -4.667177304515e+01 2.100986720669e+01
3.551000000000e+01  -6.391971675111e+01 -1.518729232563e+00 -4.658986074713e+01 2.146674337424e+01
3.552000000000e+01  -6.396351542198e+01 -1.162026559038e+00 -4.649784619766e+01 2.192236457593e+01
3.553000000000e+01  -6.400049958554e+01 -8.046971003030e-01 -4.639576278486e+01 2.237649457305e+01
3.554000000000e+01  -6.403065437765e+01 -4.468920112632e-01 -4.628364926189e+01 2.282889800116e+01
3.555000000000e+01  -6.405396847855e+01 -8.876279441639e-02 -4.616154972638e+01 2.327934049523e+01
3.556000000000e+01  -6.407043411890e+01 2.695387801522e-01 -4.602951359698e+01 2.372758881402e+01
3.557000000000e+01  -6.408004708390e+01 6.278607550813e-01 -4.588759558719e+01 2.417341096379e+01
3.558000000000e+01  -6.408280671563e+01 9.860510662993e-01 -4.573585567628e+01 2.461657632114e+01
3.559000000000e+01  -6.407871591339e+01 1.343957623791e+00 -4.557435907749e+01 2.505685575497e+01
3.560000000000e+01  -6.406778113227e+01 1.701428392513e+00 -4.540317620346e+01 2.549402174758e+01
3.561000000000e+01  -6.405001237973e+01 2.058311473396e+00 -4.522238262885e+01 2.592784851470e+01
3.562000000000e+01  -6.402542321039e+01 2.414455184402e+00 -4.503205905022e+01 2.635811212458e+01
3.563000000000e+01  -6.399403071891e+01 2.769708141554e+00 -4.483229124327e+01 2.678459061593e+01
3.564000000000e+01  -6.395585553099e+01 3.123919339917e+00 -4.462317001725e+01 2.720706411471e+01
3.565000000000e+01  -6.391092179257e+01 3.476938234455e+00 -4.440479116682e+01 2.762531494985e+01
3.566000000000e+01  -6.385925715709e+01 3.828614820732e+00 -4.417725542115e+01 2.803912776751e+01
3.567000000000e+01  -6.380089277100e+01 4.178799715386e+00 -4.394066839047e+01 2.844828964428e+01
3.568000000000e+01  -6.373586325734e+01 4.527344236352e+00 -4.369514051000e+01 2.885259019884e+01
3.569000000000e+01  -6.366420669752e+01 4.874100482755e+00 -4.344078698126e+01 2.925182170229e+01
3.570000000000e+01  -6.358596461134e+01 5.218921414455e+00 -4.317772771091e+01 2.964577918706e+01
3.571000000000e+01  -6.350118193513e+01 5.561660931172e+00 -4.290608724706e+01 3.003426055426e+01
3.572000000000e+01  -6.340990699809e+01 5.902173951151e+00 -4.262599471311e+01 3.041706667945e+01
3.573000000000e+01  -6.331219149690e+01 6.240316489330e+00 -4.233758373912e+01 3.079400151686e+01
3.574000000000e+01  -6.320809046851e+01 6.575945734948e+00 -4.204099239083e+01 3.116487220193e+01
3.575000000000e+01  -6.309766226121e+01 6.908920128559e+00 -4.173636309628e+01 3.152948915211e+01
3.576000000000e+01  -6.298096850392e+01 7.239099438405e+00 -4.142384257012e+01 3.188766616594e+01
3.577000000000e+01  -6.285807407377e+01 7.566344836102e+00 -4.110358173566e+01 3.223922052028e+01
3.578000000000e+01  -6.272904706198e+01 7.890518971590e+00 -4.077573564461e+01 3.258397306573e+01
3.579000000000e+01  -6.259395873802e+01 8.211486047319e+00 -4.044046339472e+01 3.292174832009e+01
3.580000000000e+01  -6.245288351214e+01 8.529111891613e+00 -4.009792804516e+01 3.325237455995e+01
3.581000000000e+01  -6.230589889620e+01 8.843264031178e+00 -3.974829652989e+01 3.357568391018e+01
3.582000000000e+01  -6.215308546288e+01 9.153811762713e+00 -3.939173956888e+01 3.389151243147e+01
3.583000000000e+01  -6.199452680332e+01 9.460626223580e+00 -3.902843157738e+01 3.419970020574e+01
3.584000000000e+01  -6.183030948306e+01 9.763580461499e+00 -3.865855057322e+01 3.450009141945e+01
3.585000000000e+01  -6.166052299655e+01 1.006254950322e+01 -3.828227808211e+01 3.479253444466e+01
3.586000000000e+01  -6.148525972001e+01 1.035741042216e+01 -3.789979904120e+01 3.507688191802e+01
3.587000000000e+01  -6.130461486281e+01 1.064804240489e+01 -3.751130170074e+01 3.535299081736e+01
3.588000000000e+01  -6.111868641735e+01 1.093432681660e+01 -3.711697752398e+01 3.562072253611e+01
3.589000000000e+01  -6.092757510749e+01 1.121614726528e+01 -3.671702108542e+01 3.587994295530e+01
3.590000000000e+01  -6.073138433549e+01 1.149338966475e+01 -3.631162996736e+01 3.613052251323e+01
3.591000000000e+01  -6.053022012757e+01 1.176594229652e+01 -3.590100465483e+01 3.637233627277e+01
3.592000000000e+01  -6.032419107809e+01 1.203369587023e+01 -3.548534842906e+01 3.660526398617e+01
3.593000000000e+01  -6.011340829235e+01 1.229654358298e+01 -3.506486725937e+01 3.682919015741e+01
3.594000000000e+01  -5.989798532808e+01 1.255438117712e+01 -3.463976969370e+01 3.704400410209e+01
3.595000000000e+01  -5.967803813561e+01 1.280710699689e+01 -3.421026674775e+01 3.724960000473e+01
3.596000000000e+01  -5.945368499680e+01 1.305462204345e+01 -3.377657179279e+01 3.744587697355e+01
3.597000000000e+01  -5.922504646272e+01 1.329683002867e+01 -3.333890044225e+01 3.763273909261e+01
3.598000000000e+01  -5.899224529014e+01 1.353363742735e+01 -3.289747043712e+01 3.781009547138e+01
3.599000000000e+01  -5.875540637683e+01 1.376495352802e+01 -3.245250153019e+01 3.797786029166e+01
3.600000000000e+01  -5.851465669578e+01 1.399069048216e+01 -3.200421536922e+01 3.813595285177e+01
3.601000000000e+01  -5.827012522825e+01 1.421076335199e+01 -3.155283537922e+01 3.828429760813e+01
3.602000000000e+01  -5.802194289577e+01 1.442509015661e+01 -3.109858664357e+01 3.842282421405e+01
3.603000000000e+01  -5.777024249119e+01 1.463359191658e+01 -3.064169578450e+01 3.855146755585e+01
3.604000000000e+01  -5.751515860864e+01 1.483619269695e+01 -3.018239084259e+01 3.867016778616e+01
3.605000000000e+01  -5.725682757257e+01 1.503281964851e+01 -2.972090115555e+01 3.877887035452e+01
3.606000000000e+01  -5.699538736587e+01 1.522340304760e+01 -2.925745723641e+01 3.887752603512e+01
3.607000000000e+01  -5.673097755717e+01 1.540787633403e+01 -2.879229065095e+01 3.896609095177e+01
3.608000000000e+01  -5.646373922715e+01 1.558617614746e+01 -2.832563389465e+01 3.904452660007e+01
3.609000000000e+01  -5.619381489422e+01 1.575824236202e+01 -2.785772026919e+01 3.911279986670e+01
3.610000000000e+01  -5.592134843932e+01 1.592401811914e+01 -2.738878375839e+01 3.917088304595e+01
3.611000000000e+01  -5.564648503003e+01 1.608344985873e+01 -2.691905890393e+01 3.921875385330e+01
3.612000000000e+01  -5.536937104401e+01 1.623648734852e+01 -2.644878068073e+01 3.925639543624e+01
3.613000000000e+01  -5.509015399178e+01 1.638308371167e+01 -2.597818437204e+01 3.928379638215e+01
3.614000000000e+01  -5.480898243890e+01 1.652319545254e+01 -2.550750544446e+01 3.930095072339e+01
3.615000000000e+01  -5.452600592758e+01 1.665678248067e+01 -2.503697942283e+01 3.930785793946e+01
3.616000000000e+01  -5.424137489778e+01 1.678380813297e+01 -2.456684176507e+01 3.930452295630e+01
3.617000000000e+01  -5.395524060786e+01 1.690423919403e+01 -2.409732773711e+01 3.929095614276e+01
3.618000000000e+01  -5.366775505472e+01 1.701804591461e+01 -2.362867228784e+01 3.926717330414e+01
3.619000000000e+01  -5.337907089362e+01 1.712520202828e+01 -2.316110992435e+01 3.923319567293e+01
3.620000000000e+01  -5.308934135758e+01 1.722568476619e+01 -2.269487458730e+01 3.918904989664e+01
3.621000000000e+01  -5.279872017657e+01 1.731947486999e+01 -2.223019952663e+01 3.913476802277e+01
3.622000000000e+01  -5.250736149629e+01 1.740655660283e+01 -2.176731717770e+01 3.907038748099e+01
3.623000000000e+01  -5.221541979687e+01 1.748691775857e+01 -2.130645903774e+01 3.899595106245e+01
3.624000000000e+01  -5.192304981130e+01 1.756054966896e+01 -2.084785554291e+01 3.891150689621e+01
3.625000000000e+01  -5.163040644375e+01 1.762744720911e+01 -2.039173594589e+01 3.881710842296e+01
3.626000000000e+01  -5.133764468778e+01 1.768760880090e+01 -1.993832819409e+01 3.871281436585e+01
3.627000000000e+01  -5.104491954455e+01 1.774103641464e+01 -1.948785880855e+01 3.859868869858e+01
3.628000000000e+01  -5.075238594094e+01 1.778773556870e+01 -1.904055276364e+01 3.847480061071e+01
3.629000000000e+01  -5.046019864779e+01 1.782771532738e+01 -1.859663336754e+01 3.834122447021e+01
3.630000000000e+01  -5.016851219814e+01 1.786098829679e+01 -1.815632214362e+01 3.819803978330e+01
3.631000000000e+01  -4.987748080566e+01 1.788757061888e+01 -1.771983871278e+01 3.804533115154e+01
3.632000000000e+01  -4.958725828323e+01 1.790748196359e+01 -1.728740067680e+01 3.788318822627e+01
3.633000000000e+01  -4.929799796165e+01 1.792074551911e+01 -1.685922350275e+01 3.771170566038e+01
3.634000000000e+01  -4.900985260876e+01 1.792738798027e+01 -1.643552040853e+01 3.753098305743e+01
3.635000000000e+01  -4.872297434868e+01 1.792743953502e+01 -1.601650224968e+01 3.734112491814e+01
3.636000000000e+01  -4.843751458152e+01 1.792093384912e+01 -1.560237740728e+01 3.714224058434e+01
3.637000000000e+01  -4.815362390339e+01 1.790790804894e+01 -1.519335167739e+01 3.693444418035e+01
3.638000000000e+01  -4.787145202689e+01 1.788840270237e+01 -1.478962816164e+01 3.671785455179e+01
3.639000000000e+01  -4.759114770200e+01 1.786246179799e+01 -1.439140715944e+01 3.649259520197e+01
3.640000000000e+01  -4.731285863755e+01 1.783013272233e+01 -1.399888606152e+01 3.625879422580e+01
3.641000000000e+01  -4.703673142315e+01 1.779146623539e+01 -1.361225924515e+01 3.601658424122e+01
3.642000000000e+01  -4.676291145183e+01 1.774651644431e+01 -1.323171797086e+01 3.576610231833e+01
3.643000000000e+01  -4.649154284316e+01 1.769534077526e+01 -1.285745028090e+01 3.550748990610e+01
3.644000000000e+01  -4.622276836720e+01 1.763799994360e+01 -1.248964089931e+01 3.524089275682e+01
3.645000000000e+01  -4.595672936900e+01 1.757455792228e+01 -1.212847113384e+01 3.496646084825e+01
3.646000000000e+01  -4.569356569401e+01 1.750508190845e+01 -1.177411877965e+01 3.468434830355e+01
3.647000000000e+01  -4.543341561415e+01 1.742964228840e+01 -1.142675802488e+01 3.439471330901e+01
3.648000000000e+01  -4.517641575479e+01 1.734831260084e+01 -1.108655935811e+01 3.409771802964e+01
3.649000000000e+01  -4.492270102259e+01 1.726116949838e+01 -1.075368947782e+01 3.379352852270e+01
3.650000000000e+01  -4.467240453417e+01 1.716829270749e+01 -1.042831120386e+01 3.348231464909e+01
3.651000000000e+01  -4.442565754587e+01 1.706976498671e+01 -1.011058339095e+01 3.316424998282e+01
3.652000000000e+01  -4.418258938432e+01 1.696567208334e+01 -9.800660844299e+00 3.283951171849e+01
3.653000000000e+01  -4.394332737819e+01 1.685610268843e+01 -9.498694237392e+00 3.250828057683e+01
3.654000000000e+01  -4.370799679089e+01 1.674114839031e+01 -9.204830031941e+00 3.217074070842e+01
3.655000000000e+01  -4.347672075440e+01 1.662090362653e+01 -8.919210400091e+00 3.182707959556e+01
3.656000000000e+01  -4.324962020420e+01 1.649546563425e+01 -8.641973148895e+00 3.147748795247e+01
3.657000000000e+01  -4.302681381542e+01 1.636493439916e+01 -8.373251647107e+00 3.112215962364e+01
3.658000000000e+01  -4.280841794010e+01 1.622941260301e+01 -8.113174754329e+00 3.076129148069e+01
3.659000000000e+01  -4.259454654575e+01 1.608900556956e+01 -7.861866752555e+00 3.039508331751e+01
3.660000000000e+01  -4.238531115513e+01 1.594382120925e+01 -7.619447280140e+00 3.002373774390e+01
3.661000000000e+01  -4.218082078737e+01 1.579396996241e+01 -7.386031268236e+00 2.964746007779e+01
3.662000000000e+01  -4.198118190031e+01 1.563956474118e+01 -7.161728879722e+00 2.926645823590e+01
3.663000000000e+01  -4.178649833431e+01 1.548072087004e+01 -6.946645450671e+00 2.888094262317e+01
3.664000000000e+01  -4.159687125739e+01 1.531755602516e+01 -6.740881434371e+00 2.849112602077e+01
3.665000000000e+01  -4.141239911178e+01 1.515019017236e+01 -6.544532347939e+00 2.809722347293e+01
3.666000000000e+01  -4.123317756192e+01 1.497874550399e+01 -6.357688721559e+00 2.769945217256e+01
3.667000000000e+01  -4.105929944395e+01 1.480334637449e+01 -6.180436050360e+00 2.729803134570e+01
3.668000000000e+01  -4.089085471662e+01 1.462411923489e+01 -6.012854748964e+00 2.689318213499e+01
3.669000000000e+01  -4.072793041384e+01 1.444119256619e+01 -5.855020108739e+00 2.648512748201e+01
3.670000000000e+01  -4.057061059866e+01 1.425469681154e+01 -5.707002257763e+00 2.607409200880e+01
3.671000000000e+01  -4.041897631892e+01 1.406476430754e+01 -5.568866123522e+00 2.566030189843e+01
3.672000000000e+01  -4.027310556439e+01 1.387152921438e+01 -5.440671398385e+00 2.524398477474e+01
3.673000000000e+01  -4.013307322565e+01 1.367512744511e+01 -5.322472507836e+00 2.482536958137e+01
3.674000000000e+01  -3.999895105449e+01 1.347569659392e+01 -5.214318581513e+00 2.440468646008e+01
3.675000000000e+01  -3.987080762605e+01 1.327337586349e+01 -5.116253427054e+00 2.398216662843e+01
3.676000000000e+01  -3.974870830263e+01 1.306830599157e+01 -5.028315506766e+00 2.355804225694e+01
3.677000000000e+01  -3.963271519914e+01 1.286062917666e+01 -4.950537917128e+00 2.313254634570e+01
3.678000000000e+01  -3.952288715035e+01 1.265048900292e+01 -4.882948371141e+00 2.270591260060e+01
3.679000000000e+01  -3.941927967983e+01 1.243803036435e+01 -4.825569183538e+00 2.227837530916e+01
3.680000000000e+01  -3.932194497061e+01 1.222339938826e+01 -4.778417258857e+00 2.185016921611e+01
3.681000000000e+01  -3.923093183771e+01 1.200674335807e+01 -4.741504082377e+00 2.142152939867e+01
3.682000000000e+01  -3.914628570235e+01 1.178821063551e+01 -4.714835713939e+00 2.099269114172e+01
3.683000000000e+01  -3.906804856797e+01 1.156795058217e+01 -4.698412784638e+00 2.056388981287e+01
3.684000000000e+01  -3.899625899813e+01 1.134611348060e+01 -4.692230496400e+00 2.013536073746e+01
3.685000000000e+01  -3.893095209614e+01 1.112285045486e+01 -4.696278624439e+00 1.970733907363e+01
3.686000000000e+01  -3.887215948659e+01 1.089831339057e+01 -4.710541522584e+00 1.928005968747e+01
3.687000000000e+01  -3.881990929865e+01 1.067265485464e+01 -4.734998131500e+00 1.885375702836e+01
3.688000000000e+01  -3.877422615131e+01 1.044602801457e+01 -4.769621989761e+00 1.842866500453e+01
3.689000000000e+01  -3.873513114037e+01 1.021858655737e+01 -4.814381247804e+00 1.800501685892e+01
3.690000000000e+01  -3.870264182741e+01 9.990484608298e+00 -4.869238684736e+00 1.758304504540e+01
3.691000000000e+01  -3.867677223052e+01 9.761876649282e+00 -4.934151727988e+00 1.716298110545e+01
3.692000000000e+01  -3.865753281698e+01 9.532917437129e+00 -5.009072475812e+00 1.674505554532e+01
3.693000000000e+01  -3.864493049776e+01 9.303761921610e+00 -5.093947722610e+00 1.632949771375e+01
3.694000000000e+01  -3.863896862400e+01 9.074565163408e+00 -5.188718987063e+00 1.591653568032e+01
3.695000000000e+01  -3.863964698521e+01 8.845482251990e+00 -5.293322543076e+00 1.550639611451e+01
3.696000000000e+01  -3.864696180955e+01 8.616668223449e+00 -5.407689453493e+00 1.509930416552e+01
3.697000000000e+01  -3.866090576582e+01 8.388277978355e+00 -5.531745606587e+00 1.469548334288e+01
3.698000000000e+01  -3.868146796744e+01 8.160466199665e+00 -5.665411755284e+00 1.429515539801e+01
3.699000000000e+01  -3.870863397825e+01 7.933387270717e+00 -5.808603559124e+00 1.389854020664e+01
3.700000000000e+01  -3.874238582026e+01 7.707195193376e+00 -5.961231628917e+00 1.350585565233e+01
3.701000000000e+01  -3.878270198319e+01 7.482043506355e+00 -6.123201574081e+00 1.311731751104e+01
3.702000000000e+01  -3.882955743593e+01 7.258085203763e+00 -6.294414052635e+00 1.273313933681e+01
3.703000000000e+01  -3.888292363983e+01 7.035472653918e+00 -6.474764823813e+00 1.235353234864e+01
3.704000000000e+01  -3.894276856389e+01 6.814357518473e+00 -6.664144803288e+00 1.197870531870e+01
3.705000000000e+01  -3.900905670176e+01 6.594890671891e+00 -6.862440120960e+00 1.160886446176e+01
3.706000000000e+01  -3.908174909057e+01 6.377222121317e+00 -7.069532181284e+00 1.124421332607e+01
3.707000000000e+01  -3.916080333164e+01 6.161500926883e+00 -7.285297726104e+00 1.088495268564e+01
3.708000000000e+01  -3.924617361293e+01 5.947875122493e+00 -7.509608899973e+00 1.053128043402e+01
3.709000000000e+01  -3.933781073339e+01 5.736491637125e+00 -7.742333317894e+00 1.018339147966e+01
3.710000000000e+01  -3.943566212899e+01 5.527496216698e+00 -7.983334135486e+00 9.841477642829e+00
3.711000000000e+01  -3.953967190063e+01 5.321033346532e+00 -8.232470121498e+00 9.505727554245e+00
3.712000000000e+01  -3.964978084379e+01 5.117246174457e+00 -8.489595732666e+00 9.176326555374e+00
3.713000000000e+01  -3.976592647983e+01 4.916276434602e+00 -8.754561190850e+00 8.853456600538e+00
3.714000000000e+01  -3.988804308919e+01 4.718264371905e+00 -9.027212562424e+00 8.537296160824e+00
3.715000000000e+01  -4.001606174615e+01 4.523348667382e+00 -9.307391839868e+00 8.228020129876e+00
3.716000000000e+01  -4.014991035541e+01 4.331666364205e+00 -9.594937025526e+00 7.925799731606e+00
3.717000000000e+01  -4.028951369022e+01 4.143352794612e+00 -9.889682217481e+00 7.630802429874e+00
3.718000000000e+01  -4.043479343227e+01 3.958541507696e+00 -1.019145769750e+01 7.343191840202e+00
3.719000000000e+01  -4.058566821318e+01 3.777364198116e+00 -1.050009002101e+01 7.063127643543e+00
3.720000000000e+01  -4.074205365757e+01 3.599950635753e+00 -1.081540210905e+01 6.790765502169e+00
3.721000000000e+01  -4.090386242780e+01 3.426428596362e+00 -1.113721334216e+01 6.526256977722e+00
3.722000000000e+01  -4.107100427017e+01 3.256923793257e+00 -1.146533965610e+01 6.269749451457e+00
3.723000000000e+01  -4.124338606273e+01 3.091559810046e+00 -1.179959363951e+01 6.021386046742e+00
3.724000000000e+01  -4.142091186463e+01 2.930458034478e+00 -1.213978463322e+01 5.781305553830e+00
3.725000000000e+01  -4.160348296689e+01 2.773737593420e+00 -1.248571883135e+01 5.549642356967e+00
3.726000000000e+01  -4.179099794468e+01 2.621515289007e+00 -1.283719938410e+01 5.326526363856e+00
3.727000000000e+01  -4.198335271103e+01 2.473905535988e+00 -1.319402650209e+01 5.112082937525e+00
3.728000000000e+01  -4.218044057193e+01 2.331020300319e+00 -1.355599756232e+01 4.906432830631e+00
3.729000000000e+01  -4.238215228286e+01 2.192969039023e+00 -1.392290721560e+01 4.709692122229e+00
3.730000000000e+01  -4.258837610656e+01 2.059858641353e+00 -1.429454749543e+01 4.521972157048e+00
3.731000000000e+01  -4.279899787229e+01 1.931793371292e+00 -1.467070792830e+01 4.343379487302e+00
3.732000000000e+01  -4.301390103619e+01 1.808874811419e+00 -1.505117564528e+01 4.174015817061e+00
3.733000000000e+01  -4.323296674305e+01 1.691201808174e+00 -1.543573549490e+01 4.013977949216e+00
3.734000000000e+01  -4.345607388921e+01 1.578870418552e+00 -1.582417015723e+01 3.863357735059e+00
3.735000000000e+01  -4.368309918668e+01 1.471973858253e+00 -1.621626025912e+01 3.722242026516e+00
3.736000000000e+01  -4.391391722844e+01 1.370602451323e+00 -1.661178449054e+01 3.590712631038e+00
3.737000000000e+01  -4.414840055482e+01 1.274843581309e+00 -1.701051972191e+01 3.468846269186e+00
3.738000000000e+01  -4.438641972103e+01 1.184781643955e+00 -1.741224112243e+01 3.356714534923e+00
3.739000000000e+01  -4.462784336562e+01 1.100498001473e+00 -1.781672227926e+01 3.254383858643e+00
3.740000000000e+01  -4.487253828016e+01 1.022070938412e+00 -1.822373531764e+01 3.161915472936e+00
3.741000000000e+01  -4.512036947969e+01 9.495756191477e-01 -1.863305102165e+01 3.079365381122e+00
3.742000000000e+01  -4.537120027423e+01 8.830840470204e-01 -1.904443895577e+01 3.006784328557e+00
3.743000000000e+01  -4.562489234120e+01 8.226650251505e-01 -1.945766758704e+01 2.944217776728e+00
3.744000000000e+01  -4.588130579866e+01 7.683841189469e-01 -1.987250440783e+01 2.891705880150e+00
3.745000000000e+01  -4.614029927941e+01 7.203036203379e-01 -2.028871605910e+01 2.849283466066e+00
3.746000000000e+01  -4.640173000588e+01 6.784825137432e-01 -2.070606845409e+01 2.816980016966e+00
3.747000000000e+01  -4.666545386575e+01 6.429764438115e-01 -2.112432690243e+01 2.794819655923e+00
3.748000000000e+01  -4.693132548835e+01 6.138376849412e-01 -2.154325623455e+01 2.782821134759e+00
3.749000000000e+01  -4.719919832163e+01 5.911151126078e-01 -2.196262092631e+01 2.780997825035e+00
3.750000000000e+01  -4.746892470986e+01 5.748541765136e-01 -2.238218522382e+01 2.789357711870e+00
3.751000000000e+01  -4.774035597190e+01 5.650968755811e-01 -2.280171326843e+01 2.807903390590e+00
3.752000000000e+01  -4.801334247996e+01 5.618817348051e-01 -2.322096922166e+01 2.836632066194e+00
3.753000000000e+01  -4.828773373896e+01 5.652437839818e-01 -2.363971739021e+01 2.875535555655e+00
3.754000000000e+01  -4.856337846631e+01 5.752145383289e-01 -2.405772235081e+01 2.924600293023e+00
3.755000000000e+01  -4.884012467212e+01 5.918219810125e-01 -2.447474907497e+01 2.983807337346e+00
3.756000000000e+01  -4.911781973984e+01 6.150905475941e-01 -2.489056305345e+01 3.053132383383e+00
3.757000000000e+01  -4.939631050719e+01 6.450411124099e-01 -2.530493042052e+01 3.132545775118e+00
3.758000000000e+01  -4.967544334741e+01 6.816909768938e-01 -2.571761807777e+01 3.222012522040e+00
3.759000000000e+01  -4.995506425079e+01 7.250538598559e-01 -2.612839381759e+01 3.321492318200e+00
3.760000000000e+01  -5.023501890642e+01 7.751398897229e-01 -2.653702644608e+01 3.430939564013e+00
3.761000000000e+01  -5.051515278407e+01 8.319555987522e-01 -2.694328590549e+01 3.550303390796e+00
3.762000000000e+01  -5.079531121625e+01 8.955039192233e-01 -2.734694339597e+01 3.679527688031e+00
3.763000000000e+01  -5.107533948036e+01 9.657841816136e-01 -2.774777149667e+01 3.818551133322e+00
3.764000000000e+01  -5.135508288084e+01 1.042792114763e+00 -2.814554428610e+01 3.967307225040e+00
3.765000000000e+01  -5.163438683136e+01 1.126519848032e+00 -2.854003746166e+01 4.125724317628e+00
3.766000000000e+01  -5.191309693699e+01 1.216955915446e+00 -2.893102845830e+01 4.293725659540e+00
3.767000000000e+01  -5.219105907622e+01 1.314085261845e+00 -2.931829656624e+01 4.471229433809e+00
3.768000000000e+01  -5.246811948291e+01 1.417889251012e+00 -2.970162304771e+01 4.658148801201e+00
3.769000000000e+01  -5.274412482805e+01 1.528345675803e+00 -3.008079125256e+01 4.854391945938e+00
3.770000000000e+01  -5.301892230134e+01 1.645428770255e+00 -3.045558673285e+01 5.059862123971e+00
3.771000000000e+01  -5.329235969241e+01 1.769109223676e+00 -3.082579735618e+01 5.274457713762e+00
3.772000000000e+01  -5.356428547187e+01 1.899354196711e+00 -3.119121341777e+01 5.498072269568e+00
3.773000000000e+01  -5.383454887194e+01 2.036127339365e+00 -3.155162775129e+01 5.730594577172e+00
3.774000000000e+01  -5.410299996670e+01 2.179388810989e+00 -3.190683583832e+01 5.971908712062e+00
3.775000000000e+01  -5.436948975193e+01 2.329095302202e+00 -3.225663591630e+01 6.221894100005e+00
3.776000000000e+01  -5.463387022446e+01 2.485200058743e+00 -3.260082908516e+01 6.480425579994e+00
3.777000000000e+01  -5.489599446099e+01 2.647652907238e+00 -3.293921941228e+01 6.747373469544e+00
3.778000000000e+01  -5.515571669639e+01 2.816400282864e+00 -3.327161403595e+01 7.022603632293e+00
3.779000000000e+01  -5.541289240139e+01 2.991385258894e+00 -3.359782326715e+01 7.305977547878e+00
3.780000000000e+01  -5.566737835957e+01 3.172547578099e+00 -3.391766068965e+01 7.597352384066e+00
3.781000000000e+01  -5.591903274373e+01 3.359823685992e+00 -3.423094325838e+01 7.896581071084e+00
3.782000000000e+01  -5.616771519151e+01 3.553146765887e+00 -3.453749139597e+01 8.203512378134e+00
3.783000000000e+01  -5.641328688021e+01 3.752446775750e+00 -3.483712908750e+01 8.517990992044e+00
3.784000000000e+01  -5.665561060087e+01 3.957650486822e+00 -3.512968397331e+01 8.839857598027e+00
3.785000000000e+01  -5.689455083139e+01 4.168681523976e+00 -3.541498743989e+01 9.168948962507e+00
3.786000000000e+01  -5.712997380886e+01 4.385460407793e+00 -3.569287470878e+01 9.505098017975e+00
3.787000000000e+01  -5.736174760092e+01 4.607904598317e+00 -3.596318492346e+01 9.848133949841e+00
3.788000000000e+01  -5.758974217611e+01 4.835928540469e+00 -3.622576123413e+01 1.019788228524e+01
3.789000000000e+01  -5.781382947326e+01 5.069443711082e+00 -3.648045088040e+01 1.055416498373e+01
3.790000000000e+01  -5.803388346979e+01 5.308358667520e+00 -3.672710527178e+01 1.091680052992e+01
3.791000000000e+01  -5.824978024898e+01 5.552579097860e+00 -3.696558006603e+01 1.128560402787e+01
3.792000000000e+01  -5.846139806601e+01 5.802007872598e+00 -3.719573524525e+01 1.166038729729e+01
3.793000000000e+01  -5.866861741296e+01 6.056545097837e+00 -3.741743518961e+01 1.204095897153e+01
3.794000000000e+01  -5.887132108251e+01 6.316088169930e+00 -3.763054874891e+01 1.242712459722e+01
3.795000000000e+01  -5.906939423047e+01 6.580531831535e+00 -3.783494931165e+01 1.281868673560e+01
3.796000000000e+01  -5.926272443697e+01 6.849768229055e+00 -3.803051487182e+01 1.321544506541e+01
3.797000000000e+01  -5.945120176645e+01 7.123686971412e+00 -3.821712809318e+01 1.361719648744e+01
3.798000000000e+01  -5.963471882622e+01 7.402175190127e+00 -3.839467637115e+01 1.402373523049e+01
3.799000000000e+01  -5.981317082366e+01 7.685117600665e+00 -3.856305189219e+01 1.443485295884e+01
3.800000000000e+01  -5.998645562208e+01 7.972396565002e+00 -3.872215169067e+01 1.485033888114e+01
3.801000000000e+01  -6.015447379510e+01 8.263892155387e+00 -3.887187770319e+01 1.526997986066e+01
3.802000000000e+01  -6.031712867955e+01 8.559482219241e+00 -3.901213682031e+01 1.569356052682e+01
3.803000000000e+01  -6.047432642694e+01 8.859042445172e+00 -3.914284093576e+01 1.612086338803e+01
3.804000000000e+01  -6.062597605333e+01 9.162446430059e+00 -3.926390699290e+01 1.655166894563e+01
3.805000000000e+01  -6.077198948776e+01 9.469565747161e+00 -3.937525702868e+01 1.698575580914e+01
3.806000000000e+01  -6.091228161897e+01 9.780270015218e+00 -3.947681821478e+01 1.742290081236e+01
3.807000000000e+01  -6.104677034066e+01 1.009442696850e+01 -3.956852289618e+01 1.786287913076e+01
3.808000000000e+01  -6.117537659505e+01 1.041190252779e+01 -3.965030862695e+01 1.830546439961e+01
3.809000000000e+01  -6.129802441480e+01 1.073256087219e+01 -3.972211820333e+01 1.875042883314e+01
3.810000000000e+01  -6.141464096325e+01 1.105626451179e+01 -3.978389969407e+01 1.919754334455e+01
3.811000000000e+01  -6.152515657307e+01 1.138287436117e+01 -3.983560646798e+01 1.964657766668e+01
3.812000000000e+01  -6.162950478304e+01 1.171224981356e+01 -3.987719721874e+01 2.009730047358e+01
3.813000000000e+01  -6.172762237325e+01 1.204424881579e+01 -3.990863598686e+01 2.054947950255e+01
3.814000000000e+01  -6.181944939847e+01 1.237872794391e+01 -3.992989217890e+01 2.100288167693e+01
3.815000000000e+01  -6.190492921977e+01 1.271554247940e+01 -3.994094058382e+01 2.145727322927e+01
3.816000000000e+01  -6.198400853440e+01 1.305454648603e+01 -3.994176138655e+01 2.191241982503e+01
3.817000000000e+01  -6.205663740384e+01 1.339559288725e+01 -3.993234017865e+01 2.236808668667e+01
3.818000000000e+01  -6.212276928003e+01 1.373853354412e+01 -3.991266796625e+01 2.282403871807e+01
3.819000000000e+01  -6.218236102984e+01 1.408321933369e+01 -3.988274117502e+01 2.328004062909e+01
3.820000000000e+01  -6.223537295763e+01 1.442950022784e+01 -3.984256165236e+01 2.373585706048e+01
3.821000000000e+01  -6.228176882606e+01 1.477722537254e+01 -3.979213666673e+01 2.419125270877e+01
3.822000000000e+01  -6.232151587493e+01 1.512624316749e+01 -3.973147890413e+01 2.464599245125e+01
3.823000000000e+01  -6.235458483830e+01 1.547640134600e+01 -3.966060646168e+01 2.509984147095e+01
3.824000000000e+01  -6.238094995960e+01 1.582754705524e+01 -3.957954283841e+01 2.555256538146e+01
3.825000000000e+01  -6.240058900498e+01 1.617952693678e+01 -3.948831692319e+01 2.600393035163e+01
3.826000000000e+01  -6.241348327469e+01 1.653218720717e+01 -3.938696297978e+01 2.645370323002e+01
3.827000000000e+01  -6.241961761267e+01 1.688537373889e+01 -3.927552062909e+01 2.690165166902e+01
3.828000000000e+01  -6.241898041413e+01 1.723893214134e+01 -3.915403482858e+01 2.734754424866e+01
3.829000000000e+01  -6.241156363137e+01 1.759270784189e+01 -3.902255584885e+01 2.779115059985e+01
3.830000000000e+01  -6.239736277759e+01 1.794654616705e+01 -3.888113924748e+01 2.823224152725e+01
3.831000000000e+01  -6.237637692889e+01 1.830029242368e+01 -3.872984583994e+01 2.867058913143e+01
3.832000000000e+01  -6.234860872432e+01 1.865379198006e+01 -3.856874166786e+01 2.910596693044e+01
3.833000000000e+01  -6.231406436410e+01 1.900689034706e+01 -3.839789796448e+01 2.953814998065e+01
3.834000000000e+01  -6.227275360587e+01 1.935943325905e+01 -3.821739111730e+01 2.996691499680e+01
3.835000000000e+01  -6.222468975909e+01 1.971126675481e+01 -3.802730262812e+01 3.039204047112e+01
3.836000000000e+01  -6.216988967763e+01 2.006223725819e+01 -3.782771907023e+01 3.081330679167e+01
3.837000000000e+01  -6.210837375031e+01 2.041219165853e+01 -3.761873204304e+01 3.123049635953e+01
3.838000000000e+01  -6.204016588977e+01 2.076097739092e+01 -3.740043812397e+01 3.164339370506e+01
3.839000000000e+01  -6.196529351929e+01 2.110844251606e+01 -3.717293881769e+01 3.205178560291e+01
3.840000000000e+01  -6.188378755793e+01 2.145443579985e+01 -3.693634050282e+01 3.245546118601e+01
3.841000000000e+01  -6.179568240363e+01 2.179880679260e+01 -3.669075437598e+01 3.285421205814e+01
3.842000000000e+01  -6.170101591467e+01 2.214140590779e+01 -3.643629639326e+01 3.324783240527e+01
3.843000000000e+01  -6.159982938913e+01 2.248208450043e+01 -3.617308720927e+01 3.363611910556e+01
3.844000000000e+01  -6.149216754265e+01 2.282069494490e+01 -3.590125211358e+01 3.401887183784e+01
3.845000000000e+01  -6.137807848432e+01 2.315709071225e+01 -3.562092096473e+01 3.439589318865e+01
3.846000000000e+01  -6.125761369084e+01 2.349112644697e+01 -3.533222812186e+01 3.476698875773e+01
3.847000000000e+01  -6.113082797883e+01 2.382265804311e+01 -3.503531237389e+01 3.513196726185e+01
3.848000000000e+01  -6.099777947542e+01 2.415154271980e+01 -3.473031686636e+01 3.549064063703e+01
3.849000000000e+01  -6.085852958713e+01 2.447763909601e+01 -3.441738902595e+01 3.584282413902e+01
3.850000000000e+01  -6.071314296693e+01 2.480080726471e+01 -3.409668048276e+01 3.618833644194e+01
3.851000000000e+01  -6.056168747968e+01 2.512090886615e+01 -3.376834699025e+01 3.652699973520e+01
3.852000000000e+01  -6.040423416584e+01 2.543780716038e+01 -3.343254834313e+01 3.685863981844e+01
3.853000000000e+01  -6.024085720349e+01 2.575136709900e+01 -3.308944829299e+01 3.718308619456e+01
3.854000000000e+01  -6.007163386872e+01 2.606145539593e+01 -3.273921446183e+01 3.750017216080e+01
3.855000000000e+01  -5.989664449441e+01 2.636794059734e+01 -3.238201825359e+01 3.780973489773e+01
3.856000000000e+01  -5.971597242733e+01 2.667069315064e+01 -3.201803476363e+01 3.811161555619e+01
3.857000000000e+01  -5.952970398378e+01 2.696958547244e+01 -3.164744268619e+01 3.840565934209e+01
3.858000000000e+01  -5.933792840347e+01 2.726449201555e+01 -3.127042422004e+01 3.869171559904e+01
3.859000000000e+01  -5.914073780211e+01 2.755528933486e+01 -3.088716497218e+01 3.896963788875e+01
3.860000000000e+01  -5.893822712226e+01 2.784185615220e+01 -3.049785385974e+01 3.923928406920e+01
3.861000000000e+01  -5.873049408284e+01 2.812407342005e+01 -3.010268301014e+01 3.950051637041e+01
3.862000000000e+01  -5.851763912709e+01 2.840182438408e+01 -2.970184765951e+01 3.975320146803e+01
3.863000000000e+01  -5.829976536919e+01 2.867499464454e+01 -2.929554604947e+01 3.999721055439e+01
3.864000000000e+01  -5.807697853938e+01 2.894347221640e+01 -2.888397932226e+01 4.023241940718e+01
3.865000000000e+01  -5.784938692774e+01 2.920714758823e+01 -2.846735141445e+01 4.045870845576e+01
3.866000000000e+01  -5.761710132669e+01 2.946591377984e+01 -2.804586894897e+01 4.067596284482e+01
3.867000000000e+01  -5.738023497202e+01 2.971966639855e+01 -2.761974112587e+01 4.088407249562e+01
3.868000000000e+01  -5.713890348282e+01 2.996830369418e+01 -2.718917961163e+01 4.108293216470e+01
3.869000000000e+01  -5.689322480000e+01 3.021172661258e+01 -2.675439842714e+01 4.127244149987e+01
3.870000000000e+01  -5.664331912368e+01 3.044983884786e+01 -2.631561383448e+01 4.145250509372e+01
3.871000000000e+01  -5.638930884939e+01 3.068254689307e+01 -2.587304422246e+01 4.162303253440e+01
3.872000000000e+01  -5.613131850305e+01 3.090976008958e+01 -2.542690999101e+01 4.178393845376e+01
3.873000000000e+01  -5.586947467490e+01 3.113139067478e+01 -2.497743343456e+01 4.193514257281e+01
3.874000000000e+01  -5.560390595229e+01 3.134735382844e+01 -2.452483862434e+01 4.207656974439e+01
3.875000000000e+01  -5.533474285149e+01 3.155756771745e+01 -2.406935128978e+01 4.220814999318e+01
3.876000000000e+01  -5.506211774840e+01 3.176195353902e+01 -2.361119869896e+01 4.232981855288e+01
3.877000000000e+01  -5.478616480835e+01 3.196043556228e+01 -2.315060953833e+01 4.244151590068e+01
3.878000000000e+01  -5.450701991493e+01 3.215294116828e+01 -2.268781379158e+01 4.254318778883e+01
3.879000000000e+01  -5.422482059793e+01 3.233940088842e+01 -2.222304261788e+01 4.263478527349e+01
3.880000000000e+01  -5.393970596037e+01 3.251974844113e+01 -2.175652822943e+01 4.271626474069e+01
3.881000000000e+01  -5.365181660477e+01 3.269392076695e+01 -2.128850376852e+01 4.278758792946e+01
3.882000000000e+01  -5.336129455863e+01 3.286185806192e+01 -2.081920318403e+01 4.284872195209e+01
3.883000000000e+01  -5.306828319905e+01 3.302350380925e+01 -2.034886110750e+01 4.289963931159e+01
3.884000000000e+01  -5.277292717680e+01 3.317880480922e+01 -1.987771272888e+01 4.294031791616e+01
3.885000000000e+01  -5.247537233961e+01 3.332771120749e+01 -1.940599367192e+01 4.297074109086e+01
3.886000000000e+01  -5.217576565487e+01 3.347017652143e+01 -1.893393986938e+01 4.299089758640e+01
3.887000000000e+01  -5.187425513174e+01 3.360615766492e+01 -1.846178743800e+01 4.300078158497e+01
3.888000000000e+01  -5.157098974271e+01 3.373561497117e+01 -1.798977255345e+01 4.300039270322e+01
3.889000000000e+01  -5.126611934465e+01 3.385851221386e+01 -1.751813132519e+01 4.298973599234e+01
3.890000000000e+01  -5.095979459941e+01 3.397481662644e+01 -1.704709967136e+01 4.296882193525e+01
3.891000000000e+01  -5.065216689397e+01 3.408449891962e+01 -1.657691319380e+01 4.293766644088e+01
3.892000000000e+01  -5.034338826027e+01 3.418753329700e+01 -1.610780705320e+01 4.289629083556e+01
3.893000000000e+01  -5.003361129461e+01 3.428389746891e+01 -1.564001584449e+01 4.284472185153e+01
3.894000000000e+01  -4.972298907684e+01 3.437357266437e+01 -1.517377347257e+01 4.278299161256e+01
3.895000000000e+01  -4.941167508925e+01 3.445654364123e+01 -1.470931302830e+01 4.271113761676e+01
3.896000000000e+01  -4.909982313526e+01 3.453279869441e+01 -1.424686666503e+01 4.262920271640e+01
3.897000000000e+01  -4.878758725799e+01 3.460232966234e+01 -1.378666547555e+01 4.253723509502e+01
3.898000000000e+01  -4.847512165858e+01 3.466513193149e+01 -1.332893936962e+01 4.243528824161e+01
3.899000000000e+01  -4.816258061458e+01 3.472120443903e+01 -1.287391695213e+01 4.232342092203e+01
3.900000000000e+01  -4.785011839822e+01 3.477054967365e+01 -1.242182540197e+01 4.220169714751e+01
3.901000000000e+01  -4.753788919470e+01 3.481317367449e+01 -1.197289035158e+01 4.207018614053e+01
3.902000000000e+01  -4.722604702050e+01 3.484908602819e+01 -1.152733576741e+01 4.192896229777e+01
3.903000000000e+01  -4.691474564185e+01 3.487829986413e+01 -1.108538383117e+01 4.177810515038e+01
3.904000000000e+01  -4.660413849328e+01 3.490083184770e+01 -1.064725482212e+01 4.161769932153e+01
3.905000000000e+01  -4.629437859635e+01 3.491670217181e+01 -1.021316700028e+01 4.144783448121e+01
3.906000000000e+01  -4.598561847864e+01 3.492593454650e+01 -9.783336490743e+00 4.126860529835e+01
3.907000000000e+01  -4.567801009297e+01 3.492855618667e+01 -9.357977169140e+00 4.108011139031e+01
3.908000000000e+01  -4.537170473692e+01 3.492459779798e+01 -8.937300548252e+00 4.088245726972e+01
3.909000000000e+01  -4.506685297271e+01 3.491409356096e+01 -8.521515665900e+00 4.067575228874e+01
3.910000000000e+01  -4.476360454752e+01 3.489708111322e+01 -8.110828974142e+00 4.046011058065e+01
3.911000000000e+01  -4.446210831414e+01 3.487360152986e+01 -7.705444229827e+00 4.023565099905e+01
3.912000000000e+01  -4.416251215218e+01 3.484369930210e+01 -7.305562386591e+00 4.000249705442e+01
3.913000000000e+01  -4.386496288979e+01 3.480742231402e+01 -6.911381488324e+00 3.976077684828e+01
3.914000000000e+01  -4.356960622588e+01 3.476482181767e+01 -6.523096564191e+00 3.951062300483e+01
3.915000000000e+01  -4.327658665301e+01 3.471595240620e+01 -6.140899525232e+00 3.925217260030e+01
3.916000000000e+01  -4.298604738086e+01 3.466087198541e+01 -5.764979062633e+00 3.898556708981e+01
3.917000000000e+01  -4.269813026043e+01 3.459964174347e+01 -5.395520547686e+00 3.871095223199e+01
3.918000000000e+01  -4.241297570896e+01 3.453232611888e+01 -5.032705933516e+00 3.842847801125e+01
3.919000000000e+01  -4.213072263554e+01 3.445899276679e+01 -4.676713658618e+00 3.813829855783e+01
3.920000000000e+01  -4.185150836762e+01 3.437971252359e+01 -4.327718552248e+00 3.784057206567e+01
3.921000000000e+01  -4.157546857829e+01 3.429455936980e+01 -3.985891741739e+00 3.753546070806e+01
3.922000000000e+01  -4.130273721444e+01 3.420361039134e+01 -3.651400561765e+00 3.722313055120e+01
3.923000000000e+01  -4.103344642592e+01 3.410694573915e+01 -3.324408465621e+00 3.690375146571e+01
3.924000000000e+01  -4.076772649549e+01 3.400464858720e+01 -3.005074938556e+00 3.657749703610e+01
3.925000000000e+01  -4.050570576995e+01 3.389680508887e+01 -2.693555413212e+00 3.624454446821e+01
3.926000000000e+01  -4.024751059214e+01 3.378350433183e+01 -2.390001187204e+00 3.590507449482e+01
3.927000000000e+01  -3.999326523411e+01 3.366483829130e+01 -2.094559342896e+00 3.555927127934e+01
3.928000000000e+01  -3.974309183131e+01 3.354090178185e+01 -1.807372669406e+00 3.520732231760e+01
3.929000000000e+01  -3.949711031799e+01 3.341179240765e+01 -1.528579586888e+00 3.484941833800e+01
3.930000000000e+01  -3.925543836368e+01 3.327761051130e+01 -1.258314073124e+00 3.448575319984e+01
3.931000000000e+01  -3.901819131094e+01 3.313845912118e+01 -9.967055924780e-01 3.411652379001e+01
3.932000000000e+01  -3.878548211434e+01 3.299444389743e+01 -7.438790272294e-01 3.374192991806e+01
3.933000000000e+01  -3.855742128063e+01 3.284567307647e+01 -4.999546113441e-01 3.336217420974e+01
3.934000000000e+01  -3.833411681033e+01 3.269225741424e+01 -2.650478667014e-01 3.297746199901e+01
3.935000000000e+01  -3.811567414055e+01 3.253431012811e+01 -3.926954181967e-02 3.258800121859e+01
3.936000000000e+01  -3.790219608921e+01 3.237194683740e+01 1.772744468898e-01 3.219400228918e+01
3.937000000000e+01  -3.769378280063e+01 3.220528550279e+01 3.844830713097e-01 3.179567800729e+01
3.938000000000e+01  -3.749053169257e+01 3.203444636433e+01 5.822602452142e-01 3.139324343185e+01
3.939000000000e+01  -3.729253740469e+01 3.185955187841e+01 7.705148752482e-01 3.098691576959e+01
3.940000000000e+01  -3.709989174850e+01 3.168072665348e+01 9.491609092626e-01 3.057691425923e+01
3.941000000000e+01  -3.691268365878e+01 3.149809738460e+01 1.118117381979e+00 3.016346005470e+01
3.942000000000e+01  -3.673099914654e+01 3.131179278703e+01 1.277308457960e+00 2.974677610717e+01
3.943000000000e+01  -3.655492125357e+01 3.112194352862e+01 1.426663471864e+00 2.932708704629e+01
3.944000000000e+01  -3.638453000852e+01 3.092868216124e+01 1.566116965958e+00 2.890461906040e+01
3.945000000000e+01  -3.621990238456e+01 3.073214305126e+01 1.695608724875e+00 2.847959977594e+01
3.946000000000e+01  -3.606111225874e+01 3.053246230898e+01 1.815083807599e+00 2.805225813613e+01
3.947000000000e+01  -3.590823037289e+01 3.032977771725e+01 1.924492576646e+00 2.762282427889e+01
3.948000000000e+01  -3.576132429629e+01 3.012422865915e+01 2.023790724447e+00 2.719152941413e+01
3.949000000000e+01  -3.562045838994e+01 2.991595604484e+01 2.112939296906e+00 2.675860570045e+01
3.950000000000e+01  -3.548569377255e+01 2.970510223766e+01 2.191904714115e+00 2.632428612136e+01
3.951000000000e+01  -3.535708828830e+01 2.949181097939e+01 2.260658788238e+00 2.588880436104e+01
3.952000000000e+01  -3.523469647627e+01 2.927622731492e+01 2.319178738525e+00 2.545239467966e+01
3.953000000000e+01  -3.511856954165e+01 2.905849751605e+01 2.367447203475e+00 2.501529178846e+01
3.954000000000e+01  -3.500875532876e+01 2.883876900487e+01 2.405452250122e+00 2.457773072453e+01
3.955000000000e+01  -3.490529829579e+01 2.861719027638e+01 2.433187380450e+00 2.413994672543e+01
3.956000000000e+01  -3.480823949136e+01 2.839391082062e+01 2.450651534934e+00 2.370217510368e+01
3.957000000000e+01  -3.471761653291e+01 2.816908104430e+01 2.457849093193e+00 2.326465112119e+01
3.958000000000e+01  -3.463346358689e+01 2.794285219192e+01 2.454789871775e+00 2.282760986369e+01
3.959000000000e+01  -3.455581135078e+01 2.771537626648e+01 2.441489119057e+00 2.239128611531e+01
3.960000000000e+01  -3.448468703700e+01 2.748680594979e+01 2.417967507270e+00 2.195591423322e+01
3.961000000000e+01  -3.442011435855e+01 2.725729452248e+01 2.384251121660e+00 2.152172802251e+01
3.962000000000e+01  -3.436211351668e+01 2.702699578361e+01 2.340371446777e+00 2.108896061137e+01
3.963000000000e+01  -3.431070119028e+01 2.679606397014e+01 2.286365349909e+00 2.065784432660e+01
3.964000000000e+01  -3.426589052720e+01 2.656465367609e+01 2.222275061672e+00 2.022861056954e+01
3.965000000000e+01  -3.422769113746e+01 2.633291977159e+01 2.148148153759e+00 1.980148969241e+01
3.966000000000e+01  -3.419610908832e+01 2.610101732172e+01 2.064037513859e+00 1.937671087532e+01
3.967000000000e+01  -3.417114690119e+01 2.586910150537e+01 1.970001317776e+00 1.895450200377e+01
3.968000000000e+01  -3.415280355054e+01 2.563732753393e+01 1.866102998737e+00 1.853508954684e+01
3.969000000000e+01  -3.414107446456e+01 2.540585057012e+01 1.752411213931e+00 1.811869843618e+01
3.970000000000e+01  -3.413595152779e+01 2.517482564673e+01 1.628999808274e+00 1.770555194574e+01
3.971000000000e+01  -3.413742308564e+01 2.494440758552e+01 1.495947775445e+00 1.729587157235e+01
3.972000000000e+01  -3.414547395069e+01 2.471475091623e+01 1.353339216186e+00 1.688987691730e+01
3.973000000000e+01  -3.416008541103e+01 2.448600979578e+01 1.201263293907e+00 1.648778556880e+01
3.974000000000e+01  -3.418123524031e+01 2.425833792761e+01 1.039814187621e+00 1.608981298561e+01
3.975000000000e+01  -3.420889770978e+01 2.403188848141e+01 8.690910422182e-01 1.569617238170e+01
3.976000000000e+01  -3.424304360214e+01 2.380681401299e+01 6.891979161206e-01 1.530707461210e+01
3.977000000000e+01  -3.428364022724e+01 2.358326638464e+01 5.002437263407e-01 1.492272805999e+01
3.978000000000e+01  -3.433065143965e+01 2.336139668574e+01 3.023421909712e-01 1.454333852508e+01
3.979000000000e+01  -3.438403765807e+01 2.314135515394e+01 9.561176913963e-02 1.416910911338e+01
3.980000000000e+01  -3.444375588655e+01 2.292329109665e+01 -1.198244015419e-01 1.380024012832e+01
3.981000000000e+01  -3.450975973753e+01 2.270735281318e+01 -3.438385699979e-01 1.343692896335e+01
3.982000000000e+01  -3.458199945672e+01 2.249368751733e+01 -5.762984391467e-01 1.307936999612e+01
3.983000000000e+01  -3.466042194971e+01 2.228244126062e+01 -8.170672357578e-01 1.272775448421e+01
3.984000000000e+01  -3.474497081043e+01 2.207375885614e+01 -1.066003782673e+00 1.238227046244e+01
3.985000000000e+01  -3.483558635133e+01 2.186778380308e+01 -1.322962573350e+00 1.204310264199e+01
3.986000000000e+01  -3.493220563530e+01 2.166465821194e+01 -1.587793848696e+00 1.171043231119e+01
3.987000000000e+01  -3.503476250935e+01 2.146452273052e+01 -1.860343676137e+00 1.138443723809e+01
3.988000000000e+01  -3.514318764002e+01 2.126751647070e+01 -2.140454030897e+00 1.106529157497e+01
3.989000000000e+01  -3.525740855040e+01 2.107377693603e+01 -2.427962879432e+00 1.075316576465e+01
3.990000000000e+01  -3.537734965896e+01 2.088343995015e+01 -2.722704264979e+00 1.044822644887e+01
3.991000000000e+01  -3.550293231987e+01 2.069663958624e+01 -3.024508395175e+00 1.015063637853e+01
3.992000000000e+01  -3.563407486515e+01 2.051350809720e+01 -3.333201731694e+00 9.860554326124e+00
3.993000000000e+01  -3.577069264821e+01 2.033417584704e+01 -3.648607081871e+00 9.578135000193e+00
3.994000000000e+01  -3.591269808920e+01 2.015877124306e+01 -3.970543692236e+00 9.303528961927e+00
3.995000000000e+01  -3.606000072174e+01 1.998742066924e+01 -4.298827343939e+00 9.036882543988e+00
3.996000000000e+01  -3.621250724130e+01 1.982024842060e+01 -4.633270449994e+00 8.778337771548e+00
3.997000000000e+01  -3.637012155505e+01 1.965737663874e+01 -4.973682154303e+00 8.528032285615e+00
3.998000000000e+01  -3.653274483324e+01 1.949892524846e+01 -5.319868432399e+00 8.286099268674e+00
3.999000000000e+01  -3.670027556194e+01 1.934501189564e+01 -5.671632193863e+00 8.052667372697e+00
4.000000000000e+01  -3.687260959735e+01 1.919575188620e+01 -6.028773386356e+00 7.827860649556e+00
4.001000000000e+01  -3.704964022138e+01 1.905125812643e+01 -6.391089101212e+00 7.611798483870e+00
4.002000000000e+01  -3.723125819869e+01 1.891164106452e+01 -6.758373680540e+00 7.404595528341e+00
4.003000000000e+01  -3.741735183505e+01 1.877700863335e+01 -7.130418825773e+00 7.206361641602e+00
4.004000000000e+01  -3.760780703695e+01 1.864746619465e+01 -7.507013707616e+00 7.017201828621e+00
4.005000000000e+01  -3.780250737258e+01 1.852311648454e+01 -7.887945077325e+00 6.837216183690e+00
4.006000000000e+01  -3.800133413400e+01 1.840405956033e+01 -8.272997379272e+00 6.666499836031e+00
4.007000000000e+01  -3.820416640049e+01 1.829039274883e+01 -8.661952864724e+00 6.505142898062e+00
4.008000000000e+01  -3.841088110316e+01 1.818221059604e+01 -9.054591706786e+00 6.353230416342e+00
4.009000000000e+01  -3.862135309059e+01 1.807960481827e+01 -9.450692116453e+00 6.210842325231e+00
4.010000000000e+01  -3.883545519565e+01 1.798266425474e+01 -9.850030459694e+00 6.078053403292e+00
4.011000000000e+01  -3.905305830337e+01 1.789147482166e+01 -1.025238137553e+01 5.954933232463e+00
4.012000000000e+01  -3.927403141978e+01 1.780611946783e+01 -1.065751789503e+01 5.841546160028e+00
4.013000000000e+01  -3.949824174182e+01 1.772667813178e+01 -1.106521156117e+01 5.737951263401e+00
4.014000000000e+01  -3.972555472811e+01 1.765322770039e+01 -1.147523254950e+01 5.644202317770e+00
4.015000000000e+01  -3.995583417068e+01 1.758584196913e+01 -1.188734978953e+01 5.560347766593e+00
4.016000000000e+01  -4.018894226757e+01 1.752459160385e+01 -1.230133108684e+01 5.486430694996e+00
4.017000000000e+01  -4.042473969620e+01 1.746954410415e+01 -1.271694324577e+01 5.422488806074e+00
4.018000000000e+01  -4.066308568752e+01 1.742076376841e+01 -1.313395219269e+01 5.368554400122e+00
4.019000000000e+01  -4.090383810098e+01 1.737831166030e+01 -1.355212309976e+01 5.324654356818e+00
4.020000000000e+01  -4.114685350008e+01 1.734224557709e+01 -1.397122050912e+01 5.290810120359e+00
4.021000000000e+01  -4.139198722862e+01 1.731262001943e+01 -1.439100845749e+01 5.267037687584e+00
4.022000000000e+01  -4.163909348754e+01 1.728948616288e+01 -1.481125060106e+01 5.253347599086e+00
4.023000000000e+01  -4.188802541229e+01 1.727289183104e+01 -1.523171034063e+01 5.249744933330e+00
4.024000000000e+01  -4.213863515074e+01 1.726288147036e+01 -1.565215094698e+01 5.256229303784e+00
4.025000000000e+01  -4.239077394149e+01 1.725949612659e+01 -1.607233568634e+01 5.272794859078e+00
4.026000000000e+01  -4.264429219266e+01 1.726277342287e+01 -1.649202794598e+01 5.299430286198e+00
4.027000000000e+01  -4.289903956094e+01 1.727274753958e+01 -1.691099135980e+01 5.336118816720e+00
4.028000000000e+01  -4.315486503100e+01 1.728944919572e+01 -1.732898993389e+01 5.382838236088e+00
4.029000000000e+01  -4.341161699517e+01 1.731290563213e+01 -1.774578817196e+01 5.439560895948e+00
4.030000000000e+01  -4.366914333330e+01 1.734314059617e+01 -1.816115120072e+01 5.506253729531e+00
4.031000000000e+01  -4.392729149269e+01 1.738017432831e+01 -1.857484489492e+01 5.582878270088e+00
4.032000000000e+01  -4.418590856830e+01 1.742402355016e+01 -1.898663600223e+01 5.669390672381e+00
4.033000000000e+01  -4.444484138276e+01 1.747470145432e+01 -1.939629226777e+01 5.765741737224e+00
4.034000000000e+01  -4.470393656663e+01 1.753221769584e+01 -1.980358255825e+01 5.871876939059e+00
4.035000000000e+01  -4.496304063834e+01 1.759657838532e+01 -2.020827698571e+01 5.987736456588e+00
4.036000000000e+01  -4.522200008420e+01 1.766778608370e+01 -2.061014703078e+01 6.113255206413e+00
4.037000000000e+01  -4.548066143813e+01 1.774583979870e+01 -2.100896566538e+01 6.248362879712e+00
4.038000000000e+01  -4.573887136120e+01 1.783073498286e+01 -2.140450747488e+01 6.392983981912e+00
4.039000000000e+01  -4.599647672089e+01 1.792246353328e+01 -2.179654877958e+01 6.547037875351e+00
4.040000000000e+01  -4.625332466996e+01 1.802101379297e+01 -2.218486775552e+01 6.710438824915e+00
4.041000000000e+01  -4.650926272497e+01 1.812637055383e+01 -2.256924455457e+01 6.883096046626e+00
4.042000000000e+01  -4.676413884437e+01 1.823851506129e+01 -2.294946142369e+01 7.064913759156e+00
4.043000000000e+01  -4.701780150603e+01 1.835742502052e+01 -2.332530282335e+01 7.255791238245e+00
4.044000000000e+01  -4.727009978427e+01 1.848307460430e+01 -2.369655554513e+01 7.455622873995e+00
4.045000000000e+01  -4.752088342622e+01 1.861543446252e+01 -2.406300882823e+01 7.664298230996e+00
4.046000000000e+01  -4.777000292764e+01 1.875447173329e+01 -2.442445447512e+01 7.881702111271e+00
4.047000000000e+01  -4.801730960791e+01 1.890015005561e+01 -2.478068696607e+01 8.107714619976e+00
4.048000000000e+01  -4.826265568436e+01 1.905242958376e+01 -2.513150357257e+01 8.342211233840e+00
4.049000000000e+01  -4.850589434576e+01 1.921126700323e+01 -2.547670446961e+01 8.585062872273e+00
4.050000000000e+01  -4.874687982499e+01 1.937661554826e+01 -2.581609284673e+01 8.836135971113e+00
4.051000000000e+01  -4.898546747084e+01 1.954842502113e+01 -2.614947501779e+01 9.095292558955e+00
4.052000000000e+01  -4.922151381892e+01 1.972664181288e+01 -2.647666052944e+01 9.362390335999e+00
4.053000000000e+01  -4.945487666156e+01 1.991120892586e+01 -2.679746226813e+01 9.637282755370e+00
4.054000000000e+01  -4.968541511679e+01 2.010206599779e+01 -2.711169656571e+01 9.919819106836e+00
4.055000000000e+01  -4.991298969630e+01 2.029914932753e+01 -2.741918330349e+01 1.020984460286e+01
4.056000000000e+01  -5.013746237238e+01 2.050239190252e+01 -2.771974601470e+01 1.050720046694e+01
4.057000000000e+01  -5.035869664382e+01 2.071172342787e+01 -2.801321198529e+01 1.081172402410e+01
4.058000000000e+01  -5.057655760072e+01 2.092707035711e+01 -2.829941235300e+01 1.112324879354e+01
4.059000000000e+01  -5.079091198827e+01 2.114835592475e+01 -2.857818220460e+01 1.144160458332e+01
4.060000000000e+01  -5.100162826943e+01 2.137550018040e+01 -2.884936067124e+01 1.176661758699e+01
4.061000000000e+01  -5.120857668654e+01 2.160842002475e+01 -2.911279102183e+01 1.209811048208e+01
4.062000000000e+01  -5.141162932185e+01 2.184702924721e+01 -2.936832075437e+01 1.243590253043e+01
4.063000000000e+01  -5.161066015700e+01 2.209123856534e+01 -2.961580168508e+01 1.277980968017e+01
4.064000000000e+01  -5.180554513141e+01 2.234095566606e+01 -2.985509003540e+01 1.312964466937e+01
4.065000000000e+01  -5.199616219966e+01 2.259608524858e+01 -3.008604651651e+01 1.348521713114e+01
4.066000000000e+01  -5.218239138783e+01 2.285652906923e+01 -3.030853641157e+01 1.384633370024e+01
4.067000000000e+01  -5.236411484883e+01 2.312218598797e+01 -3.052242965535e+01 1.421279812101e+01
4.068000000000e+01  -5.254121691678e+01 2.339295201679e+01 -3.072760091128e+01 1.458441135655e+01
4.069000000000e+01  -5.271358416043e+01 2.366872036986e+01 -3.092392964580e+01 1.496097169907e+01
4.070000000000e+01  -5.288110543564e+01 2.394938151560e+01 -3.111130019982e+01 1.534227488140e+01
4.071000000000e+01  -5.304367193698e+01 2.423482323036e+01 -3.128960185743e+01 1.572811418935e+01
4.072000000000e+01  -5.320117724852e+01 2.452493065414e+01 -3.145872891143e+01 1.611828057518e+01
4.073000000000e+01  -5.335351739368e+01 2.481958634788e+01 -3.161858072590e+01 1.651256277177e+01
4.074000000000e+01  -5.350059088442e+01 2.511867035270e+01 -3.176906179555e+01 1.691074740763e+01
4.075000000000e+01  -5.364229876952e+01 2.542206025073e+01 -3.191008180176e+01 1.731261912260e+01
4.076000000000e+01  -5.377854468225e+01 2.572963122779e+01 -3.204155566537e+01 1.771796068419e+01
4.077000000000e+01  -5.390923488719e+01 2.604125613773e+01 -3.216340359592e+01 1.812655310446e+01
4.078000000000e+01  -5.403427832643e+01 2.635680556834e+01 -3.227555113752e+01 1.853817575742e+01
4.079000000000e+01  -5.415358666506e+01 2.667614790902e+01 -3.237792921109e+01 1.895260649694e+01
4.080000000000e+01  -5.426707433593e+01 2.699914941988e+01 -3.247047415302e+01 1.936962177499e+01
4.081000000000e+01  -5.437465858383e+01 2.732567430246e+01 -3.255312775014e+01 1.978899676027e+01
4.082000000000e+01  -5.447625950887e+01 2.765558477182e+01 -3.262583727107e+01 2.021050545713e+01
4.083000000000e+01  -5.457180010927e+01 2.798874113011e+01 -3.268855549375e+01 2.063392082483e+01
4.084000000000e+01  -5.466120632335e+01 2.832500184141e+01 -3.274124072929e+01 2.105901489694e+01
4.085000000000e+01  -5.474440707088e+01 2.866422360786e+01 -3.278385684202e+01 2.148555890102e+01
4.086000000000e+01  -5.482133429359e+01 2.900626144696e+01 -3.281637326583e+01 2.191332337839e+01
4.087000000000e+01  -5.489192299494e+01 2.935096877008e+01 -3.283876501669e+01 2.234207830412e+01
4.088000000000e+01  -5.495611127899e+01 2.969819746185e+01 -3.285101270148e+01 2.277159320709e+01
4.089000000000e+01  -5.501384038848e+01 3.004779796073e+01 -3.285310252307e+01 2.320163729005e+01
4.090000000000e+01  -5.506505474180e+01 3.039961934026e+01 -3.284502628177e+01 2.363197954988e+01
4.091000000000e+01  -5.510970196916e+01 3.075350939127e+01 -3.282678137307e+01 2.406238889772e+01
4.092000000000e+01  -5.514773294751e+01 3.110931470482e+01 -3.279837078180e+01 2.449263427921e+01
4.093000000000e+01  -5.517910183443e+01 3.146688075569e+01 -3.275980307281e+01 2.492248479455e+01
4.094000000000e+01  -5.520376610078e+01 3.182605198659e+01 -3.271109237803e+01 2.535170981864e+01
4.095000000000e+01  -5.522168656206e+01 3.218667189282e+01 -3.265225838027e+01 2.578007912094e+01
4.096000000000e+01  -5.523282740842e+01 3.254858310737e+01 -3.258332629351e+01 2.620736298533e+01
4.097000000000e+01  -5.523715623323e+01 3.291162748642e+01 -3.250432684004e+01 2.663333232969e+01
4.098000000000e+01  -5.523464406016e+01 3.327564619511e+01 -3.241529622427e+01 2.705775882525e+01
4.099000000000e+01  -5.522526536863e+01 3.364047979361e+01 -3.231627610347e+01 2.748041501571e+01
4.100000000000e+01  -5.520899811765e+01 3.400596832336e+01 -3.220731355549e+01 2.790107443602e+01
4.101000000000e+01  -5.518582376790e+01 3.437195139334e+01 -3.208846104335e+01 2.831951173071e+01
4.102000000000e+01  -5.515572730200e+01 3.473826826660e+01 -3.195977637710e+01 2.873550277192e+01
4.103000000000e+01  -5.511869724295e+01 3.510475794659e+01 -3.182132267271e+01 2.914882477685e+01
4.104000000000e+01  -5.507472567058e+01 3.547125926365e+01 -3.167316830828e+01 2.955925642467e+01
4.105000000000e+01  -5.502380823608e+01 3.583761096129e+01 -3.151538687754e+01 2.996657797291e+01
4.106000000000e+01  -5.496594417446e+01 3.620365178239e+01 -3.134805714072e+01 3.037057137306e+01
4.107000000000e+01  -5.490113631486e+01 3.656922055529e+01 -3.117126297291e+01 3.077102038555e+01
4.108000000000e+01  -5.482939108885e+01 3.693415627953e+01 -3.098509330989e+01 3.116771069387e+01
4.109000000000e+01  -5.475071853644e+01 3.729829821150e+01 -3.078964209162e+01 3.156043001782e+01
4.110000000000e+01  -5.466513230994e+01 3.766148594971e+01 -3.058500820327e+01 3.194896822593e+01
4.111000000000e+01  -5.457264967558e+01 3.802355951978e+01 -3.037129541405e+01 3.233311744670e+01
4.112000000000e+01  -5.447329151288e+01 3.838435945903e+01 -3.014861231372e+01 3.271267217899e+01
4.113000000000e+01  -5.436708231168e+01 3.874372690074e+01 -2.991707224694e+01 3.308742940104e+01
4.114000000000e+01  -5.425405016698e+01 3.910150365796e+01 -2.967679324552e+01 3.345718867850e+01
4.115000000000e+01  -5.413422677140e+01 3.945753230685e+01 -2.942789795848e+01 3.382175227101e+01
4.116000000000e+01  -5.400764740538e+01 3.981165626956e+01 -2.917051358011e+01 3.418092523757e+01
4.117000000000e+01  -5.387435092505e+01 4.016371989657e+01 -2.890477177608e+01 3.453451554039e+01
4.118000000000e+01  -5.373437974782e+01 4.051356854851e+01 -2.863080860746e+01 3.488233414730e+01
4.119000000000e+01  -5.358777983570e+01 4.086104867734e+01 -2.834876445292e+01 3.522419513267e+01
4.120000000000e+01  -5.343460067627e+01 4.120600790697e+01 -2.805878392899e+01 3.555991577663e+01
4.121000000000e+01  -5.327489526148e+01 4.154829511323e+01 -2.776101580849e+01 3.588931666267e+01
4.122000000000e+01  -5.310872006412e+01 4.188776050312e+01 -2.745561293712e+01 3.621222177350e+01
4.123000000000e+01  -5.293613501215e+01 4.222425569339e+01 -2.714273214830e+01 3.652845858509e+01
4.124000000000e+01  -5.275720346078e+01 4.255763378834e+01 -2.682253417623e+01 3.683785815888e+01
4.125000000000e+01  -5.257199216234e+01 4.288774945689e+01 -2.649518356728e+01 3.714025523209e+01
4.126000000000e+01  -5.238057123414e+01 4.321445900879e+01 -2.616084858966e+01 3.743548830603e+01
4.127000000000e+01  -5.218301412404e+01 4.353762047000e+01 -2.581970114152e+01 3.772339973242e+01
4.128000000000e+01  -5.197939757410e+01 4.385709365721e+01 -2.547191665731e+01 3.800383579762e+01
4.129000000000e+01  -5.176980158205e+01 4.417274025145e+01 -2.511767401274e+01 3.827664680472e+01
4.130000000000e+01  -5.155430936086e+01 4.448442387070e+01 -2.475715542806e+01 3.854168715355e+01
4.131000000000e+01  -5.133300729624e+01 4.479201014156e+01 -2.439054636991e+01 3.879881541837e+01
4.132000000000e+01  -5.110598490227e+01 4.509536676993e+01 -2.401803545171e+01 3.904789442333e+01
4.133000000000e+01  -5.087333477508e+01 4.539436361058e+01 -2.363981433258e+01 3.928879131568e+01
4.134000000000e+01  -5.063515254471e+01 4.568887273564e+01 -2.325607761494e+01 3.952137763658e+01
4.135000000000e+01  -5.039153682512e+01 4.597876850202e+01 -2.286702274069e+01 3.974552938952e+01
4.136000000000e+01  -5.014258916240e+01 4.626392761766e+01 -2.247284988614e+01 3.996112710638e+01
4.137000000000e+01  -4.988841398132e+01 4.654422920649e+01 -2.207376185567e+01 4.016805591101e+01
4.138000000000e+01  -4.962911853011e+01 4.681955487234e+01 -2.166996397413e+01 4.036620558025e+01
4.139000000000e+01  -4.936481282359e+01 4.708978876145e+01 -2.126166397812e+01 4.055547060256e+01
4.140000000000e+01  -4.909560958470e+01 4.735481762373e+01 -2.084907190609e+01 4.073575023399e+01
4.141000000000e+01  -4.882162418450e+01 4.761453087274e+01 -2.043239998739e+01 4.090694855160e+01
4.142000000000e+01  -4.854297458056e+01 4.786882064422e+01 -2.001186253026e+01 4.106897450431e+01
4.143000000000e+01  -4.825978125394e+01 4.811758185334e+01 -1.958767580883e+01 4.122174196105e+01
4.144000000000e+01  -4.797216714469e+01 4.836071225043e+01 -1.916005794924e+01 4.136516975632e+01
4.145000000000e+01  -4.768025758597e+01 4.859811247531e+01 -1.872922881475e+01 4.149918173301e+01
4.146000000000e+01  -4.738418023681e+01 4.882968611013e+01 -1.829540989015e+01 4.162370678255e+01
4.147000000000e+01  -4.708406501357e+01 4.905533973069e+01 -1.785882416528e+01 4.173867888235e+01
4.148000000000e+01  -4.678004402013e+01 4.927498295621e+01 -1.741969601788e+01 4.184403713047e+01
4.149000000000e+01  -4.647225147685e+01 4.948852849754e+01 -1.697825109573e+01 4.193972577754e+01
4.150000000000e+01  -4.616082364843e+01 4.969589220377e+01 -1.653471619821e+01 4.202569425593e+01
4.151000000000e+01  -4.584589877048e+01 4.989699310722e+01 -1.608931915725e+01 4.210189720613e+01
4.152000000000e+01  -4.552761697522e+01 5.009175346676e+01 -1.564228871778e+01 4.216829450033e+01
4.153000000000e+01  -4.520612021594e+01 5.028009880947e+01 -1.519385441777e+01 4.222485126319e+01
4.154000000000e+01  -4.488155219061e+01 5.046195797061e+01 -1.474424646783e+01 4.227153788978e+01
4.155000000000e+01  -4.455405826448e+01 5.063726313182e+01 -1.429369563049e+01 4.230833006074e+01
4.156000000000e+01  -4.422378539177e+01 5.080594985764e+01 -1.384243309923e+01 4.233520875460e+01
4.157000000000e+01  -4.389088203651e+01 5.096795713022e+01 -1.339069037727e+01 4.235216025722e+01
4.158000000000e+01  -4.355549809263e+01 5.112322738221e+01 -1.293869915622e+01 4.235917616845e+01
4.159000000000e+01  -4.321778480317e+01 5.127170652797e+01 -1.248669119462e+01 4.235625340592e+01
4.160000000000e+01  -4.287789467890e+01 5.141334399278e+01 -1.203489819647e+01 4.234339420604e+01
4.161000000000e+01  -4.253598141614e+01 5.154809274036e+01 -1.158355168979e+01 4.232060612206e+01
4.162000000000e+01  -4.219219981404e+01 5.167590929843e+01 -1.113288290525e+01 4.228790201943e+01
4.163000000000e+01  -4.184670569128e+01 5.179675378247e+01 -1.068312265497e+01 4.224530006823e+01
4.164000000000e+01  -4.149965580217e+01 5.191058991751e+01 -1.023450121152e+01 4.219282373280e+01
4.165000000000e+01  -4.115120775233e+01 5.201738505812e+01 -9.787248187258e+00 4.213050175860e+01
4.166000000000e+01  -4.080151991388e+01 5.211711020638e+01 -9.341592413897e+00 4.205836815619e+01
4.167000000000e+01  -4.045075134027e+01 5.220974002802e+01 -8.897761822586e+00 4.197646218243e+01
4.168000000000e+01  -4.009906168074e+01 5.229525286656e+01 -8.455983324388e+00 4.188482831897e+01
4.169000000000e+01  -3.974661109449e+01 5.237363075555e+01 -8.016482691310e+00 4.178351624782e+01
4.170000000000e+01  -3.939356016461e+01 5.244485942882e+01 -7.579484437915e+00 4.167258082432e+01
4.171000000000e+01  -3.904006981173e+01 5.250892832881e+01 -7.145211703589e+00 4.155208204720e+01
4.172000000000e+01  -3.868630120759e+01 5.256583061293e+01 -6.713886135516e+00 4.142208502608e+01
4.173000000000e+01  -3.833241568849e+01 5.261556315794e+01 -6.285727772431e+00 4.128265994612e+01
4.174000000000e+01  -3.797857466859e+01 5.265812656236e+01 -5.860954929200e+00 4.113388203004e+01
4.175000000000e+01  -3.762493955327e+01 5.269352514692e+01 -5.439784082307e+00 4.097583149747e+01
4.176000000000e+01  -3.727167165248e+01 5.272176695304e+01 -5.022429756285e+00 4.080859352169e+01
4.177000000000e+01  -3.691893209416e+01 5.274286373931e+01 -4.609104411169e+00 4.063225818361e+01
4.178000000000e+01  -3.656688173780e+01 5.275683097606e+01 -4.200018331024e+00 4.044692042333e+01
4.179000000000e+01  -3.621568108810e+01 5.276368783787e+01 -3.795379513602e+00 4.025267998900e+01
4.180000000000e+01  -3.586549020889e+01 5.276345719418e+01 -3.395393561199e+00 4.004964138318e+01
4.181000000000e+01  -3.551646863734e+01 5.275616559794e+01 -3.000263572754e+00 3.983791380669e+01
4.182000000000e+01  -3.516877529832e+01 5.274184327227e+01 -2.610190037262e+00 3.961761109996e+01
4.183000000000e+01  -3.482256841932e+01 5.272052409518e+01 -2.225370728546e+00 3.938885168193e+01
4.184000000000e+01  -3.447800544554e+01 5.269224558236e+01 -1.846000601449e+00 3.915175848655e+01
4.185000000000e+01  -3.413524295557e+01 5.265704886803e+01 -1.472271689505e+00 3.890645889682e+01
4.186000000000e+01  -3.379443657750e+01 5.261497868388e+01 -1.104373004137e+00 3.865308467658e+01
4.187000000000e+01  -3.345574090549e+01 5.256608333607e+01 -7.424904354336e-01 3.839177189995e+01
4.188000000000e+01  -3.311930941703e+01 5.251041468033e+01 -3.868066545690e-01 3.812266087840e+01
4.189000000000e+01  -3.278529439068e+01 5.244802809525e+01 -3.750101790410e-02 3.784589608574e+01
4.190000000000e+01  -3.245384682460e+01 5.237898245353e+01 3.052505271703e-01 3.756162608079e+01
4.191000000000e+01  -3.212511635560e+01 5.230334009158e+01 6.412755346024e-01 3.727000342793e+01
4.192000000000e+01  -3.179925117914e+01 5.222116677712e+01 9.704051502104e-01 3.697118461556e+01
4.193000000000e+01  -3.147639796990e+01 5.213253167499e+01 1.292474200326e+00 3.666532997246e+01
4.194000000000e+01  -3.115670180336e+01 5.203750731120e+01 1.607321278508e+00 3.635260358209e+01
4.195000000000e+01  -3.084030607810e+01 5.193616953517e+01 1.914788830268e+00 3.603317319500e+01
4.196000000000e+01  -3.052735243908e+01 5.182859748014e+01 2.214723235780e+00 3.570721013922e+01
4.197000000000e+01  -3.021798070185e+01 5.171487352193e+01 2.506974890516e+00 3.537488922879e+01
4.198000000000e+01  -2.991232877775e+01 5.159508323592e+01 2.791398283769e+00 3.503638867048e+01
4.199000000000e+01  -2.961053260011e+01 5.146931535230e+01 3.067852075023e+00 3.469188996864e+01
4.200000000000e+01  -2.931272605152e+01 5.133766170971e+01 3.336199168126e+00 3.434157782844e+01
4.201000000000e+01  -2.901904089225e+01 5.120021720717e+01 3.596306783232e+00 3.398564005726e+01
4.202000000000e+01  -2.872960668974e+01 5.105707975441e+01 3.848046526463e+00 3.362426746460e+01
4.203000000000e+01  -2.844455074929e+01 5.090835022057e+01 4.091294457272e+00 3.325765376029e+01
4.204000000000e+01  -2.816399804598e+01 5.075413238134e+01 4.325931153442e+00 3.288599545126e+01
4.205000000000e+01  -2.788807115783e+01 5.059453286458e+01 4.551841773723e+00 3.250949173675e+01
4.206000000000e+01  -2.761689020022e+01 5.042966109433e+01 4.768916118040e+00 3.212834440217e+01
4.207000000000e+01  -2.735057276166e+01 5.025962923346e+01 4.977048685259e+00 3.174275771156e+01
4.208000000000e+01  -2.708923384090e+01 5.008455212474e+01 5.176138728478e+00 3.135293829879e+01
4.209000000000e+01  -2.683298578538e+01 4.990454723057e+01 5.366090307802e+00 3.095909505742e+01
4.210000000000e+01  -2.658193823121e+01 4.971973457124e+01 5.546812340593e+00 3.056143902948e+01
4.211000000000e+01  -2.633619804446e+01 4.953023666190e+01 5.718218649145e+00 3.016018329305e+01
4.212000000000e+01  -2.609586926403e+01 4.933617844815e+01 5.880228005785e+00 2.975554284878e+01
4.213000000000e+01  -2.586105304596e+01 4.913768724034e+01 6.032764175346e+00 2.934773450543e+01
4.214000000000e+01  -2.563184760934e+01 4.893489264664e+01 6.175755955016e+00 2.893697676441e+01
4.215000000000e+01  -2.540834818377e+01 4.872792650485e+01 6.309137211527e+00 2.852348970346e+01
4.216000000000e+01  -2.519064695835e+01 4.851692281304e+01 6.432846915664e+00 2.810749485950e+01
4.217000000000e+01  -2.497883303239e+01 4.830201765901e+01 6.546829174084e+00 2.768921511075e+01
4.218000000000e+01  -2.477299236767e+01 4.808334914870e+01 6.651033258416e+00 2.726887455803e+01
4.219000000000e+01  -2.457320774249e+01 4.786105733346e+01 6.745413631644e+00 2.684669840557e+01
4.220000000000e+01  -2.437955870727e+01 4.763528413627e+01 6.829929971733e+00 2.642291284113e+01
4.221000000000e+01  -2.419212154200e+01 4.740617327708e+01 6.904547192515e+00 2.599774491566e+01
4.222000000000e+01  -2.401096921535e+01 4.717387019700e+01 6.969235461794e+00 2.557142242251e+01
4.223000000000e+01  -2.383617134557e+01 4.693852198177e+01 7.023970216690e+00 2.514417377621e+01
4.224000000000e+01  -2.366779416317e+01 4.670027728419e+01 7.068732176184e+00 2.471622789095e+01
4.225000000000e+01  -2.350590047545e+01 4.645928624583e+01 7.103507350884e+00 2.428781405887e+01
4.226000000000e+01  -2.335054963273e+01 4.621570041787e+01 7.128287049988e+00 2.385916182801e+01
4.227000000000e+01  -2.320179749655e+01 4.596967268121e+01 7.143067885443e+00 2.343050088029e+01
4.228000000000e+01  -2.305969640967e+01 4.572135716590e+01 7.147851773315e+00 2.300206090929e+01
4.229000000000e+01  -2.292429516792e+01 4.547090916984e+01 7.142645932335e+00 2.257407149814e+01
4.230000000000e+01  -2.279563899399e+01 4.521848507690e+01 7.127462879662e+00 2.214676199740e+01
4.231000000000e+01  -2.267376951306e+01 4.496424227447e+01 7.102320423831e+00 2.172036140309e+01
4.232000000000e+01  -2.255872473040e+01 4.470833907041e+01 7.067241654911e+00 2.129509823493e+01
4.233000000000e+01  -2.245053901085e+01 4.445093460957e+01 7.022254931866e+00 2.087120041484e+01
4.234000000000e+01  -2.234924306028e+01 4.419218878984e+01 6.967393867133e+00 2.044889514571e+01
4.235000000000e+01  -2.225486390893e+01 4.393226217778e+01 6.902697308422e+00 2.002840879064e+01
4.236000000000e+01  -2.216742489679e+01 4.367131592390e+01 6.828209317748e+00 1.960996675256e+01
4.237000000000e+01  -2.208694566084e+01 4.340951167764e+01 6.743979147706e+00 1.919379335441e+01
4.238000000000e+01  -2.201344212439e+01 4.314701150204e+01 6.650061214997e+00 1.878011171986e+01
4.239000000000e+01  -2.194692648823e+01 4.288397778825e+01 6.546515071233e+00 1.836914365470e+01
4.240000000000e+01  -2.188740722391e+01 4.262057316979e+01 6.433405371016e+00 1.796110952894e+01
4.241000000000e+01  -2.183488906892e+01 4.235696043672e+01 6.310801837326e+00 1.755622815963e+01
4.242000000000e+01  -2.178937302385e+01 4.209330244972e+01 6.178779224225e+00 1.715471669456e+01
4.243000000000e+01  -2.175085635160e+01 4.182976205410e+01 6.037417276901e+00 1.675679049684e+01
4.244000000000e+01  -2.171933257849e+01 4.156650199385e+01 5.886800689079e+00 1.636266303037e+01
4.245000000000e+01  -2.169479149745e+01 4.130368482569e+01 5.727019057803e+00 1.597254574645e+01
4.246000000000e+01  -2.167721917310e+01 4.104147283328e+01 5.558166835637e+00 1.558664797130e+01
4.247000000000e+01  -2.166659794887e+01 4.078002794151e+01 5.380343280291e+00 1.520517679487e+01
4.248000000000e+01  -2.166290645610e+01 4.051951163101e+01 5.193652401712e+00 1.482833696069e+01
4.249000000000e+01  -2.166611962509e+01 4.026008485284e+01 4.998202906658e+00 1.445633075711e+01
4.250000000000e+01  -2.167620869809e+01 4.000190794358e+01 4.794108140788e+00 1.408935790975e+01
4.251000000000e+01  -2.169314124434e+01 3.974514054055e+01 4.581486028307e+00 1.372761547532e+01
4.252000000000e+01  -2.171688117697e+01 3.948994149758e+01 4.360459009180e+00 1.337129773694e+01
4.253000000000e+01  -2.174738877188e+01 3.923646880108e+01 4.131153973968e+00 1.302059610082e+01
4.254000000000e+01  -2.178462068856e+01 3.898487948658e+01 3.893702196306e+00 1.267569899455e+01
4.255000000000e+01  -2.182852999285e+01 3.873532955582e+01 3.648239263064e+00 1.233679176694e+01
4.256000000000e+01  -2.187906618151e+01 3.848797389431e+01 3.394905002234e+00 1.200405658952e+01
4.257000000000e+01  -2.193617520887e+01 3.824296618956e+01 3.133843408570e+00 1.167767235973e+01
4.258000000000e+01  -2.199979951517e+01 3.800045884983e+01 2.865202567027e+00 1.135781460576e+01
4.259000000000e+01  -2.206987805687e+01 3.776060292370e+01 2.589134574044e+00 1.104465539335e+01
4.260000000000e+01  -2.214634633886e+01 3.752354802017e+01 2.305795456699e+00 1.073836323428e+01
4.261000000000e+01  -2.222913644836e+01 3.728944222973e+01 2.015345089798e+00 1.043910299681e+01
4.262000000000e+01  -2.231817709077e+01 3.705843204601e+01 1.717947110921e+00 1.014703581805e+01
4.263000000000e+01  -2.241339362727e+01 3.683066228849e+01 1.413768833494e+00 9.862319018325e+00
4.264000000000e+01  -2.251470811419e+01 3.660627602589e+01 1.102981157906e+00 9.585106017537e+00
4.265000000000e+01  -2.262203934413e+01 3.638541450062e+01 7.857584807440e-01 9.315546253628e+00
4.266000000000e+01  -2.273530288889e+01 3.616821705417e+01 4.622786021756e-01 9.053785103139e+00
4.267000000000e+01  -2.285441114401e+01 3.595482105341e+01 1.327226315423e-01 8.799963803941e+00
4.268000000000e+01  -2.297927337506e+01 3.574536181807e+01 -2.027251087991e-01 8.554219380150e+00
4.269000000000e+01  -2.310979576564e+01 3.553997254920e+01 -5.438771813249e-01 8.316684569297e+00
4.270000000000e+01  -2.324588146688e+01 3.533878425878e+01 -8.905431328378e-01 8.087487751761e+00
4.271000000000e+01  -2.338743064875e+01 3.514192570048e+01 -1.242529595548e+00 7.866752882521e+00
4.272000000000e+01  -2.353434055276e+01 3.494952330163e+01 -1.599640389689e+00 7.654599425266e+00
4.273000000000e+01  -2.368650554640e+01 3.476170109636e+01 -1.961676627617e+00 7.451142288877e+00
4.274000000000e+01  -2.384381717898e+01 3.457858066009e+01 -2.328436819333e+00 7.256491766344e+00
4.275000000000e+01  -2.400616423902e+01 3.440028104526e+01 -2.699716979374e+00 7.070753476121e+00
4.276000000000e+01  -2.417343281316e+01 3.422691871836e+01 -3.075310735017e+00 6.894028305975e+00
4.277000000000e+01  -2.434550634641e+01 3.405860749841e+01 -3.455009435740e+00 6.726412359342e+00
4.278000000000e+01  -2.452226570395e+01 3.389545849677e+01 -3.838602263870e+00 6.567996904228e+00
4.279000000000e+01  -2.470358923414e+01 3.373758005842e+01 -4.225876346381e+00 6.418868324675e+00
4.280000000000e+01  -2.488935283302e+01 3.358507770463e+01 -4.616616867759e+00 6.279108074829e+00
4.281000000000e+01  -2.507943001007e+01 3.343805407724e+01 -5.010607183888e+00 6.148792635617e+00
4.282000000000e+01  -2.527369195521e+01 3.329660888432e+01 -5.407628936894e+00 6.027993474078e+00
4.283000000000e+01  -2.547200760708e+01 3.316083884748e+01 -5.807462170879e+00 5.916777005348e+00
4.284000000000e+01  -2.567424372257e+01 3.303083765072e+01 -6.209885448497e+00 5.815204557334e+00
4.285000000000e+01  -2.588026494741e+01 3.290669589086e+01 -6.614675968293e+00 5.723332338092e+00
4.286000000000e+01  -2.608993388799e+01 3.278850102967e+01 -7.021609682753e+00 5.641211405926e+00
4.287000000000e+01  -2.630311118423e+01 3.267633734753e+01 -7.430461417004e+00 5.568887642219e+00
4.288000000000e+01  -2.651965558352e+01 3.257028589892e+01 -7.841004988089e+00 5.506401727020e+00
4.289000000000e+01  -2.673942401569e+01 3.247042446946e+01 -8.253013324767e+00 5.453789117395e+00
4.290000000000e+01  -2.696227166891e+01 3.237682753483e+01 -8.666258587767e+00 5.411080028550e+00
4.291000000000e+01  -2.718805206660e+01 3.228956622127e+01 -9.080512290425e+00 5.378299417750e+00
4.292000000000e+01  -2.741661714519e+01 3.220870826799e+01 -9.495545419661e+00 5.355466971017e+00
4.293000000000e+01  -2.764781733273e+01 3.213431799129e+01 -9.911128557203e+00 5.342597092647e+00
4.294000000000e+01  -2.788150162840e+01 3.206645625048e+01 -1.032703200102e+01 5.339698897524e+00
4.295000000000e+01  -2.811751768265e+01 3.200518041568e+01 -1.074302588688e+01 5.346776206250e+00
4.296000000000e+01  -2.835571187825e+01 3.195054433737e+01 -1.115888030997e+01 5.363827543089e+00
4.297000000000e+01  -2.859592941185e+01 3.190259831791e+01 -1.157436544655e+01 5.390846136728e+00
4.298000000000e+01  -2.883801437633e+01 3.186138908484e+01 -1.198925167548e+01 5.427819923853e+00
4.299000000000e+01  -2.908180984371e+01 3.182695976610e+01 -1.240330969972e+01 5.474731555539e+00
4.300000000000e+01  -2.932715794857e+01 3.179934986712e+01 -1.281631066750e+01 5.531558406455e+00
4.301000000000e+01  -2.957389997204e+01 3.177859524988e+01 -1.322802629338e+01 5.598272586866e+00
4.302000000000e+01  -2.982187642629e+01 3.176472811382e+01 -1.363822897891e+01 5.674840957444e+00
4.303000000000e+01  -3.007092713937e+01 3.175777697873e+01 -1.404669193287e+01 5.761225146867e+00
4.304000000000e+01  -3.032089134049e+01 3.175776666956e+01 -1.445318929117e+01 5.857381572202e+00
4.305000000000e+01  -3.057160774562e+01 3.176471830317e+01 -1.485749623612e+01 5.963261462059e+00
4.306000000000e+01  -3.082291464340e+01 3.177864927707e+01 -1.525938911523e+01 6.078810882507e+00
4.307000000000e+01  -3.107464998127e+01 3.179957326006e+01 -1.565864555926e+01 6.203970765735e+00
4.308000000000e+01  -3.132665145184e+01 3.182750018488e+01 -1.605504459968e+01 6.338676941443e+00
4.309000000000e+01  -3.157875657936e+01 3.186243624286e+01 -1.644836678529e+01 6.482860170951e+00
4.310000000000e+01  -3.183080280638e+01 3.190438388044e+01 -1.683839429801e+01 6.636446184000e+00
4.311000000000e+01  -3.208262758040e+01 3.195334179776e+01 -1.722491106787e+01 6.799355718234e+00
4.312000000000e+01  -3.233406844059e+01 3.200930494919e+01 -1.760770288693e+01 6.971504561334e+00
4.313000000000e+01  -3.258496310446e+01 3.207226454583e+01 -1.798655752229e+01 7.152803595791e+00
4.314000000000e+01  -3.283514955446e+01 3.214220805999e+01 -1.836126482798e+01 7.343158846278e+00
4.315000000000e+01  -3.308446612446e+01 3.221911923164e+01 -1.873161685574e+01 7.542471529619e+00
4.316000000000e+01  -3.333275158606e+01 3.230297807683e+01 -1.909740796460e+01 7.750638107305e+00
4.317000000000e+01  -3.357984523474e+01 3.239376089808e+01 -1.945843492927e+01 7.967550340544e+00
4.318000000000e+01  -3.382558697562e+01 3.249144029670e+01 -1.981449704714e+01 8.193095347813e+00
4.319000000000e+01  -3.406981740909e+01 3.259598518712e+01 -2.016539624402e+01 8.427155664870e+00
4.320000000000e+01  -3.431237791594e+01 3.270736081309e+01 -2.051093717837e+01 8.669609307213e+00
4.321000000000e+01  -3.455311074218e+01 3.282552876590e+01 -2.085092734418e+01 8.920329834936e+00
4.322000000000e+01  -3.479185908339e+01 3.295044700445e+01 -2.118517717226e+01 9.179186419950e+00
4.323000000000e+01  -3.502846716858e+01 3.308206987731e+01 -2.151350012993e+01 9.446043915546e+00
4.324000000000e+01  -3.526278034349e+01 3.322034814664e+01 -2.183571281916e+01 9.720762928243e+00
4.325000000000e+01  -3.549464515339e+01 3.336522901399e+01 -2.215163507303e+01 1.000319989189e+01
4.326000000000e+01  -3.572390942515e+01 3.351665614805e+01 -2.246109005040e+01 1.029320714400e+01
4.327000000000e+01  -3.595042234872e+01 3.367456971425e+01 -2.276390432888e+01 1.059063300423e+01
4.328000000000e+01  -3.617403455786e+01 3.383890640612e+01 -2.305990799596e+01 1.089532185501e+01
4.329000000000e+01  -3.639459821009e+01 3.400959947864e+01 -2.334893473827e+01 1.120711422426e+01
4.330000000000e+01  -3.661196706587e+01 3.418657878329e+01 -2.363082192891e+01 1.152584687017e+01
4.331000000000e+01  -3.682599656694e+01 3.436977080498e+01 -2.390541071289e+01 1.185135286790e+01
4.332000000000e+01  -3.703654391370e+01 3.455909870073e+01 -2.417254609051e+01 1.218346169832e+01
4.333000000000e+01  -3.724346814173e+01 3.475448234010e+01 -2.443207699873e+01 1.252199933863e+01
4.334000000000e+01  -3.744663019727e+01 3.495583834744e+01 -2.468385639048e+01 1.286678835475e+01
4.335000000000e+01  -3.764589301172e+01 3.516308014578e+01 -2.492774131181e+01 1.321764799566e+01
4.336000000000e+01  -3.784112157504e+01 3.537611800248e+01 -2.516359297691e+01 1.357439428932e+01
4.337000000000e+01  -3.803218300808e+01 3.559485907654e+01 -2.539127684094e+01 1.393684014044e+01
4.338000000000e+01  -3.821894663370e+01 3.581920746758e+01 -2.561066267063e+01 1.430479542981e+01
4.339000000000e+01  -3.840128404676e+01 3.604906426643e+01 -2.582162461265e+01 1.467806711520e+01
4.340000000000e+01  -3.857906918287e+01 3.628432760738e+01 -2.602404125957e+01 1.505645933388e+01
4.341000000000e+01  -3.875217838581e+01 3.652489272196e+01 -2.621779571369e+01 1.543977350654e+01
4.342000000000e+01  -3.892049047372e+01 3.677065199427e+01 -2.640277564831e+01 1.582780844269e+01
4.343000000000e+01  -3.908388680392e+01 3.702149501791e+01 -2.657887336677e+01 1.622036044735e+01
4.344000000000e+01  -3.924225133626e+01 3.727730865434e+01 -2.674598585896e+01 1.661722342912e+01
4.345000000000e+01  -3.939547069519e+01 3.753797709275e+01 -2.690401485552e+01 1.701818900949e+01
4.346000000000e+01  -3.954343423026e+01 3.780338191132e+01 -2.705286687943e+01 1.742304663327e+01
4.347000000000e+01  -3.968603407514e+01 3.807340213998e+01 -2.719245329526e+01 1.783158368022e+01
4.348000000000e+01  -3.982316520518e+01 3.834791432443e+01 -2.732269035575e+01 1.824358557772e+01
4.349000000000e+01  -3.995472549329e+01 3.862679259164e+01 -2.744349924602e+01 1.865883591443e+01
4.350000000000e+01  -4.008061576435e+01 3.890990871653e+01 -2.755480612513e+01 1.907711655493e+01
4.351000000000e+01  -4.020073984788e+01 3.919713219004e+01 -2.765654216504e+01 1.949820775519e+01
4.352000000000e+01  -4.031500462911e+01 3.948833028834e+01 -2.774864358712e+01 1.992188827893e+01
4.353000000000e+01  -4.042332009837e+01 3.978336814337e+01 -2.783105169590e+01 2.034793551466e+01
4.354000000000e+01  -4.052559939869e+01 4.008210881443e+01 -2.790371291028e+01 2.077612559345e+01
4.355000000000e+01  -4.062175887177e+01 4.038441336099e+01 -2.796657879210e+01 2.120623350735e+01
4.356000000000e+01  -4.071171810206e+01 4.069014091653e+01 -2.801960607206e+01 2.163803322836e+01
4.357000000000e+01  -4.079539995912e+01 4.099914876354e+01 -2.806275667295e+01 2.207129782786e+01
4.358000000000e+01  -4.087273063811e+01 4.131129240938e+01 -2.809599773023e+01 2.250579959655e+01
4.359000000000e+01  -4.094363969852e+01 4.162642566331e+01 -2.811930160994e+01 2.294131016474e+01
4.360000000000e+01  -4.100806010091e+01 4.194440071427e+01 -2.813264592390e+01 2.337760062292e+01
4.361000000000e+01  -4.106592824187e+01 4.226506820971e+01 -2.813601354222e+01 2.381444164262e+01
4.362000000000e+01  -4.111718398703e+01 4.258827733516e+01 -2.812939260310e+01 2.425160359745e+01
4.363000000000e+01  -4.116177070221e+01 4.291387589469e+01 -2.811277651992e+01 2.468885668425e+01
4.364000000000e+01  -4.119963528251e+01 4.324171039210e+01 -2.808616398562e+01 2.512597104428e+01
4.365000000000e+01  -4.123072817961e+01 4.357162611280e+01 -2.804955897432e+01 2.556271688446e+01
4.366000000000e+01  -4.125500342699e+01 4.390346720645e+01 -2.800297074032e+01 2.599886459850e+01
4.367000000000e+01  -4.127241866325e+01 4.423707677018e+01 -2.794641381422e+01 2.643418488792e+01
4.368000000000e+01  -4.128293515339e+01 4.457229693236e+01 -2.787990799647e+01 2.686844888287e+01
4.369000000000e+01  -4.128651780818e+01 4.490896893700e+01 -2.780347834809e+01 2.730142826267e+01
4.370000000000e+01  -4.128313520145e+01 4.524693322855e+01 -2.771715517866e+01 2.773289537615e+01
4.371000000000e+01  -4.127275958546e+01 4.558602953721e+01 -2.762097403170e+01 2.816262336143e+01
4.372000000000e+01  -4.125536690418e+01 4.592609696460e+01 -2.751497566720e+01 2.859038626546e+01
4.373000000000e+01  -4.123093680468e+01 4.626697406979e+01 -2.739920604150e+01 2.901595916289e+01
4.374000000000e+01  -4.119945264638e+01 4.660849895562e+01 -2.727371628443e+01 2.943911827455e+01
4.375000000000e+01  -4.116090150841e+01 4.695050935529e+01 -2.713856267381e+01 2.985964108515e+01
4.376000000000e+01  -4.111527419492e+01 4.729284271909e+01 -2.699380660714e+01 3.027730646045e+01
4.377000000000e+01  -4.106256523837e+01 4.763533630138e+01 -2.683951457075e+01 3.069189476363e+01
4.378000000000e+01  -4.100277290084e+01 4.797782724758e+01 -2.667575810609e+01 3.110318797084e+01
4.379000000000e+01  -4.093589917340e+01 4.832015268124e+01 -2.650261377356e+01 3.151096978597e+01
4.380000000000e+01  -4.086194977342e+01 4.866214979113e+01 -2.632016311350e+01 3.191502575450e+01
4.381000000000e+01  -4.078093413996e+01 4.900365591823e+01 -2.612849260466e+01 3.231514337636e+01
4.382000000000e+01  -4.069286542714e+01 4.934450864272e+01 -2.592769362003e+01 3.271111221776e+01
4.383000000000e+01  -4.059776049567e+01 4.968454587068e+01 -2.571786237998e+01 3.310272402204e+01
4.384000000000e+01  -4.049563990224e+01 5.002360592070e+01 -2.549909990292e+01 3.348977281929e+01
4.385000000000e+01  -4.038652788722e+01 5.036152761020e+01 -2.527151195334e+01 3.387205503484e+01
4.386000000000e+01  -4.027045236021e+01 5.069815034148e+01 -2.503520898729e+01 3.424936959649e+01
4.387000000000e+01  -4.014744488387e+01 5.103331418736e+01 -2.479030609536e+01 3.462151804047e+01
4.388000000000e+01  -4.001754065570e+01 5.136685997650e+01 -2.453692294314e+01 3.498830461607e+01
4.389000000000e+01  -3.988077848811e+01 5.169862937824e+01 -2.427518370925e+01 3.534953638883e+01
4.390000000000e+01  -3.973720078645e+01 5.202846498696e+01 -2.400521702085e+01 3.570502334231e+01
4.391000000000e+01  -3.958685352535e+01 5.235621040586e+01 -2.372715588679e+01 3.605457847835e+01
4.392000000000e+01  -3.942978622315e+01 5.268171033027e+01 -2.344113762838e+01 3.639801791580e+01
4.393000000000e+01  -3.926605191453e+01 5.300481063017e+01 -2.314730380775e+01 3.673516098766e+01
4.394000000000e+01  -3.909570712133e+01 5.332535843219e+01 -2.284580015395e+01 3.706583033647e+01
4.395000000000e+01  -3.891881182170e+01 5.364320220078e+01 -2.253677648674e+01 3.738985200815e+01
4.396000000000e+01  -3.873542941734e+01 5.395819181867e+01 -2.222038663813e+01 3.770705554397e+01
4.397000000000e+01  -3.854562669910e+01 5.427017866653e+01 -2.189678837174e+01 3.801727407079e+01
4.398000000000e+01  -3.834947381088e+01 5.457901570173e+01 -2.156614329999e+01 3.832034438941e+01
4.399000000000e+01  -3.814704421175e+01 5.488455753628e+01 -2.122861679912e+01 3.861610706106e+01
4.400000000000e+01  -3.793841463651e+01 5.518666051378e+01 -2.088437792220e+01 3.890440649195e+01
4.401000000000e+01  -3.772366505446e+01 5.548518278543e+01 -2.053359931011e+01 3.918509101581e+01
4.402000000000e+01  -3.750287862668e+01 5.577998438500e+01 -2.017645710043e+01 3.945801297443e+01
4.403000000000e+01  -3.727614166159e+01 5.607092730280e+01 -1.981313083455e+01 3.972302879613e+01
4.404000000000e+01  -3.704354356900e+01 5.635787555851e+01 -1.944380336277e+01 3.997999907207e+01
4.405000000000e+01  -3.680517681253e+01 5.664069527291e+01 -1.906866074762e+01 4.022878863047e+01
4.406000000000e+01  -3.656113686055e+01 5.691925473846e+01 -1.868789216542e+01 4.046926660860e+01
4.407000000000e+01  -3.631152213559e+01 5.719342448864e+01 -1.830168980602e+01 4.070130652248e+01
4.408000000000e+01  -3.605643396221e+01 5.746307736614e+01 -1.791024877103e+01 4.092478633444e+01
4.409000000000e+01  -3.579597651346e+01 5.772808858966e+01 -1.751376697024e+01 4.113958851819e+01
4.410000000000e+01  -3.553025675591e+01 5.798833581956e+01 -1.711244501666e+01 4.134560012171e+01
4.411000000000e+01  -3.525938439320e+01 5.824369922206e+01 -1.670648611993e+01 4.154271282760e+01
4.412000000000e+01  -3.498347180825e+01 5.849406153211e+01 -1.629609597837e+01 4.173082301114e+01
4.413000000000e+01  -3.470263400409e+01 5.873930811494e+01 -1.588148266963e+01 4.190983179577e+01
4.414000000000e+01  -3.441698854342e+01 5.897932702607e+01 -1.546285653999e+01 4.207964510623e+01
4.415000000000e+01  -3.412665548673e+01 5.921400906994e+01 -1.504043009246e+01 4.224017371901e+01
4.416000000000e+01  -3.383175732931e+01 5.944324785708e+01 -1.461441787368e+01 4.239133331039e+01
4.417000000000e+01  -3.353241893688e+01 5.966693985969e+01 -1.418503635961e+01 4.253304450186e+01
4.418000000000e+01  -3.322876748007e+01 5.988498446576e+01 -1.375250384029e+01 4.266523290290e+01
4.419000000000e+01  -3.292093236774e+01 6.009728403159e+01 -1.331704030349e+01 4.278782915118e+01
4.420000000000e+01  -3.260904517905e+01 6.030374393276e+01 -1.287886731746e+01 4.290076895011e+01
4.421000000000e+01  -3.229323959456e+01 6.050427261345e+01 -1.243820791288e+01 4.300399310367e+01
4.422000000000e+01  -3.197365132606e+01 6.069878163415e+01 -1.199528646386e+01 4.309744754858e+01
4.423000000000e+01  -3.165041804553e+01 6.088718571771e+01 -1.155032856836e+01 4.318108338374e+01
4.424000000000e+01  -3.132367931294e+01 6.106940279371e+01 -1.110356092783e+01 4.325485689697e+01
4.425000000000e+01  -3.099357650317e+01 6.124535404111e+01 -1.065521122634e+01 4.331872958895e+01
4.426000000000e+01  -3.066025273188e+01 6.141496392924e+01 -1.020550800909e+01 4.337266819443e+01
4.427000000000e+01  -3.032385278056e+01 6.157816025698e+01 -9.754680560472e+00 4.341664470065e+01
4.428000000000e+01  -2.998452302064e+01 6.173487419022e+01 -9.302958781826e+00 4.345063636298e+01
4.429000000000e+01  -2.964241133682e+01 6.188504029753e+01 -8.850573068727e+00 4.347462571774e+01
4.430000000000e+01  -2.929766704952e+01 6.202859658406e+01 -8.397754188098e+00 4.348860059226e+01
4.431000000000e+01  -2.895044083668e+01 6.216548452358e+01 -7.944733155100e+00 4.349255411204e+01
4.432000000000e+01  -2.860088465470e+01 6.229564908874e+01 -7.491741109899e+00 4.348648470521e+01
4.433000000000e+01  -2.824915165883e+01 6.241903877951e+01 -7.039009194364e+00 4.347039610402e+01
4.434000000000e+01  -2.789539612280e+01 6.253560564965e+01 -6.586768428785e+00 4.344429734366e+01
4.435000000000e+01  -2.753977335796e+01 6.264530533148e+01 -6.135249588651e+00 4.340820275812e+01
4.436000000000e+01  -2.718243963176e+01 6.274809705864e+01 -5.684683081584e+00 4.336213197330e+01
4.437000000000e+01  -2.682355208577e+01 6.284394368699e+01 -5.235298824469e+00 4.330610989729e+01
4.438000000000e+01  -2.646326865320e+01 6.293281171367e+01 -4.787326120867e+00 4.324016670780e+01
4.439000000000e+01  -2.610174797599e+01 6.301467129418e+01 -4.340993538765e+00 4.316433783681e+01
4.440000000000e+01  -2.573914932151e+01 6.308949625755e+01 -3.896528788736e+00 4.307866395241e+01
4.441000000000e+01  -2.537563249887e+01 6.315726411963e+01 -3.454158602569e+00 4.298319093783e+01
4.442000000000e+01  -2.501135777500e+01 6.321795609441e+01 -3.014108612445e+00 4.287796986767e+01
4.443000000000e+01  -2.464648579042e+01 6.327155710341e+01 -2.576603230705e+00 4.276305698142e+01
4.444000000000e+01  -2.428117747476e+01 6.331805578309e+01 -2.141865530296e+00 4.263851365416e+01
4.445000000000e+01  -2.391559396217e+01 6.335744449043e+01 -1.710117125944e+00 4.250440636455e+01
4.446000000000e+01  -2.354989650656e+01 6.338971930642e+01 -1.281578056126e+00 4.236080666004e+01
4.447000000000e+01  -2.318424639676e+01 6.341488003767e+01 -8.564666658939e-01 4.220779111948e+01
4.448000000000e+01  -2.281880487163e+01 6.343293021609e+01 -4.349994906280e-01 4.204544131291e+01
4.449000000000e+01  -2.245373303521e+01 6.344387709654e+01 -1.739114076761e-02 4.187384375878e+01
4.450000000000e+01  -2.208919177185e+01 6.344773165262e+01 3.961458124117e-01 4.169308987848e+01
4.451000000000e+01  -2.172534166149e+01 6.344450857045e+01 8.054009499164e-01 4.150327594827e+01
4.452000000000e+01  -2.136234289507e+01 6.343422624052e+01 1.210166116988e+00 4.130450304859e+01
4.453000000000e+01  -2.100035519009e+01 6.341690674761e+01 1.610235533834e+00 4.109687701085e+01
4.454000000000e+01  -2.063953770641e+01 6.339257585877e+01 2.005405905070e+00 4.088050836161e+01
4.455000000000e+01  -2.028004896236e+01 6.336126300934e+01 2.395476527828e+00 4.065551226432e+01
4.456000000000e+01  -1.992204675110e+01 6.332300128710e+01 2.780249398463e+00 4.042200845854e+01
4.457000000000e+01  -1.956568805739e+01 6.327782741448e+01 3.159529317804e+00 4.018012119673e+01
4.458000000000e+01  -1.921112897473e+01 6.322578172881e+01 3.533123994899e+00 3.992997917865e+01
4.459000000000e+01  -1.885852462300e+01 6.316690816081e+01 3.900844149192e+00 3.967171548330e+01
4.460000000000e+01  -1.850802906652e+01 6.310125421102e+01 4.262503611084e+00 3.940546749865e+01
4.461000000000e+01  -1.815979523272e+01 6.302887092452e+01 4.617919420817e+00 3.913137684895e+01
4.462000000000e+01  -1.781397483132e+01 6.294981286367e+01 4.966911925644e+00 3.884958931986e+01
4.463000000000e+01  -1.747071827420e+01 6.286413807908e+01 5.309304875218e+00 3.856025478127e+01
4.464000000000e+01  -1.713017459591e+01 6.277190807868e+01 5.644925515154e+00 3.826352710807e+01
4.465000000000e+01  -1.679249137484e+01 6.267318779506e+01 5.973604678725e+00 3.795956409862e+01
4.466000000000e+01  -1.645781465523e+01 6.256804555095e+01 6.295176876627e+00 3.764852739126e+01
4.467000000000e+01  -1.612628886989e+01 6.245655302291e+01 6.609480384783e+00 3.733058237868e+01
4.468000000000e+01  -1.579805676383e+01 6.233878520333e+01 6.916357330124e+00 3.700589812037e+01
4.469000000000e+01  -1.547325931869e+01 6.221482036060e+01 7.215653774317e+00 3.667464725299e+01
4.470000000000e+01  -1.515203567815e+01 6.208473999760e+01 7.507219795380e+00 3.633700589899e+01
4.471000000000e+01  -1.483452307422e+01 6.194862880853e+01 7.790909567160e+00 3.599315357318e+01
4.472000000000e+01  -1.452085675464e+01 6.180657463399e+01 8.066581436614e+00 3.564327308770e+01
4.473000000000e+01  -1.421116991117e+01 6.165866841441e+01 8.334097998864e+00 3.528755045502e+01
4.474000000000e+01  -1.390559360908e+01 6.150500414196e+01 8.593326169984e+00 3.492617478940e+01
4.475000000000e+01  -1.360425671768e+01 6.134567881068e+01 8.844137257477e+00 3.455933820660e+01
4.476000000000e+01  -1.330728584199e+01 6.118079236519e+01 9.086407028412e+00 3.418723572200e+01
4.477000000000e+01  -1.301480525567e+01 6.101044764774e+01 9.320015775181e+00 3.381006514721e+01
4.478000000000e+01  -1.272693683504e+01 6.083475034379e+01 9.544848378838e+00 3.342802698517e+01
4.479000000000e+01  -1.244379999451e+01 6.065380892611e+01 9.760794369999e+00 3.304132432375e+01
4.480000000000e+01  -1.216551162317e+01 6.046773459732e+01 9.967747987251e+00 3.265016272811e+01
4.481000000000e+01  -1.189218602278e+01 6.027664123111e+01 1.016560823307e+01 3.225475013157e+01
4.482000000000e+01  -1.162393484707e+01 6.008064531198e+01 1.035427892716e+01 3.185529672537e+01
4.483000000000e+01  -1.136086704248e+01 5.987986587362e+01 1.053366875731e+01 3.145201484711e+01
4.484000000000e+01  -1.110308879025e+01 5.967442443598e+01 1.070369132755e+01 3.104511886809e+01
4.485000000000e+01  -1.085070345006e+01 5.946444494095e+01 1.086426520375e+01 3.063482507960e+01
4.486000000000e+01  -1.060381150504e+01 5.925005368690e+01 1.101531395658e+01 3.022135157810e+01
4.487000000000e+01  -1.036251050838e+01 5.903137926181e+01 1.115676620181e+01 2.980491814951e+01
4.488000000000e+01  -1.012689503146e+01 5.880855247534e+01 1.128855563784e+01 2.938574615256e+01
4.489000000000e+01  -9.897056613496e+00 5.858170628967e+01 1.141062108069e+01 2.896405840130e+01
4.490000000000e+01  -9.673083712854e+00 5.835097574918e+01 1.152290649606e+01 2.854007904688e+01
4.491000000000e+01  -9.455061659944e+00 5.811649790907e+01 1.162536102885e+01 2.811403345853e+01
4.492000000000e+01  -9.243072611770e+00 5.787841176293e+01 1.171793902977e+01 2.768614810394e+01
4.493000000000e+01  -9.037195508147e+00 5.763685816925e+01 1.180060007928e+01 2.725665042908e+01
4.494000000000e+01  -8.837506029619e+00 5.739197977698e+01 1.187330900867e+01 2.682576873743e+01
4.495000000000e+01  -8.644076557083e+00 5.714392095014e+01 1.193603591842e+01 2.639373206879e+01
4.496000000000e+01  -8.456976133167e+00 5.689282769151e+01 1.198875619371e+01 2.596077007768e+01
4.497000000000e+01  -8.276270425350e+00 5.663884756547e+01 1.203145051715e+01 2.552711291144e+01
4.498000000000e+01  -8.102021690871e+00 5.638212962004e+01 1.206410487864e+01 2.509299108799e+01
4.499000000000e+01  -7.934288743433e+00 5.612282430809e+01 1.208671058246e+01 2.465863537349e+01
4.500000000000e+01  -7.773126921720e+00 5.586108340784e+01 1.209926425155e+01 2.422427665978e+01
4.501000000000e+01  -7.618588059748e+00 5.559705994267e+01 1.210176782888e+01 2.379014584176e+01
4.502000000000e+01  -7.470720459064e+00 5.533090810026e+01 1.209422857606e+01 2.335647369484e+01
4.503000000000e+01  -7.329568862805e+00 5.506278315113e+01 1.207665906910e+01 2.292349075234e+01
4.504000000000e+01  -7.195174431637e+00 5.479284136657e+01 1.204907719136e+01 2.249142718309e+01
4.505000000000e+01  -7.067574721581e+00 5.452123993612e+01 1.201150612367e+01 2.206051266919e+01
4.506000000000e+01  -6.946803663739e+00 5.424813688450e+01 1.196397433159e+01 2.163097628402e+01
4.507000000000e+01  -6.832891545935e+00 5.397369098811e+01 1.190651554993e+01 2.120304637058e+01
4.508000000000e+01  -6.725864996279e+00 5.369806169119e+01 1.183916876445e+01 2.077695042021e+01
4.509000000000e+01  -6.625746968651e+00 5.342140902156e+01 1.176197819072e+01 2.035291495177e+01
4.510000000000e+01  -6.532556730140e+00 5.314389350610e+01 1.167499325029e+01 1.993116539131e+01
4.511000000000e+01  -6.446309850414e+00 5.286567608595e+01 1.157826854397e+01 1.951192595229e+01
4.512000000000e+01  -6.367018193045e+00 5.258691803151e+01 1.147186382250e+01 1.909541951653e+01
4.513000000000e+01  -6.294689908792e+00 5.230778085725e+01 1.135584395433e+01 1.868186751575e+01
4.514000000000e+01  -6.229329430840e+00 5.202842623639e+01 1.123027889083e+01 1.827148981399e+01
4.515000000000e+01  -6.170937472000e+00 5.174901591556e+01 1.109524362869e+01 1.786450459071e+01
4.516000000000e+01  -6.119511023873e+00 5.146971162933e+01 1.095081816966e+01 1.746112822494e+01
4.517000000000e+01  -6.075043357977e+00 5.119067501483e+01 1.079708747768e+01 1.706157518028e+01
4.518000000000e+01  -6.037524028836e+00 5.091206752636e+01 1.063414143330e+01 1.666605789090e+01
4.519000000000e+01  -6.006938879029e+00 5.063405035020e+01 1.046207478552e+01 1.627478664871e+01
4.520000000000e+01  -5.983270046203e+00 5.035678431942e+01 1.028098710107e+01 1.588796949155e+01
4.521000000000e+01  -5.966495972028e+00 5.008042982903e+01 1.009098271107e+01 1.550581209263e+01
4.522000000000e+01  -5.956591413120e+00 4.980514675128e+01 9.892170655188e+00 1.512851765121e+01
4.523000000000e+01  -5.953527453887e+00 4.953109435123e+01 9.684664623299e+00 1.475628678460e+01
4.524000000000e+01  -5.957271521330e+00 4.925843120271e+01 9.468582894663e+00 1.438931742147e+01
4.525000000000e+01  -5.967787401761e+00 4.898731510463e+01 9.244048274653e+00 1.402780469665e+01
4.526000000000e+01  -5.985035259451e+00 4.871790299765e+01 9.011188029089e+00 1.367194084739e+01
4.527000000000e+01  -6.008971657174e+00 4.845035088136e+01 8.770133816192e+00 1.332191511108e+01
4.528000000000e+01  -6.039549578668e+00 4.818481373199e+01 8.521021616202e+00 1.297791362465e+01
4.529000000000e+01  -6.076718452970e+00 4.792144542060e+01 8.263991658698e+00 1.264011932559e+01
4.530000000000e+01  -6.120424180629e+00 4.766039863189e+01 7.999188347655e+00 1.230871185458e+01
4.531000000000e+01  -6.170609161783e+00 4.740182478367e+01 7.726760184281e+00 1.198386746000e+01
4.532000000000e+01  -6.227212326074e+00 4.714587394695e+01 7.446859687669e+00 1.166575890406e+01
4.533000000000e+01  -6.290169164402e+00 4.689269476680e+01 7.159643313318e+00 1.135455537098e+01
4.534000000000e+01  -6.359411762480e+00 4.664243438397e+01 6.865271369550e+00 1.105042237685e+01
4.535000000000e+01  -6.434868836197e+00 4.639523835723e+01 6.563907931881e+00 1.075352168158e+01
4.536000000000e+01  -6.516465768743e+00 4.615125058668e+01 6.255720755382e+00 1.046401120279e+01
4.537000000000e+01  -6.604124649501e+00 4.591061323786e+01 5.940881185083e+00 1.018204493169e+01
4.538000000000e+01  -6.697764314668e+00 4.567346666680e+01 5.619564064464e+00 9.907772851086e+00
4.539000000000e+01  -6.797300389593e+00 4.543994934605e+01 5.291947642078e+00 9.641340855497e+00
4.540000000000e+01  -6.902645332803e+00 4.521019779167e+01 4.958213476366e+00 9.382890673407e+00
4.541000000000e+01  -7.013708481703e+00 4.498434649138e+01 4.618546338704e+00 9.132559791743e+00
4.542000000000e+01  -7.130396099912e+00 4.476252783361e+01 4.273134114734e+00 8.890481382586e+00
4.543000000000e+01  -7.252611426220e+00 4.454487203783e+01 3.922167704040e+00 8.656784232162e+00
4.544000000000e+01  -7.380254725143e+00 4.433150708596e+01 3.565840918214e+00 8.431592672154e+00
4.545000000000e+01  -7.513223339035e+00 4.412255865498e+01 3.204350377364e+00 8.215026513361e+00
4.546000000000e+01  -7.651411741740e+00 4.391815005075e+01 2.837895405133e+00 8.007200981757e+00
4.547000000000e+01  -7.794711593762e+00 4.371840214317e+01 2.466677922262e+00 7.808226656964e+00
4.548000000000e+01  -7.943011798901e+00 4.352343330253e+01 2.090902338779e+00 7.618209413183e+00
4.549000000000e+01  -8.096198562350e+00 4.333335933730e+01 1.710775444847e+00 7.437250362613e+00
4.550000000000e+01  -8.254155450206e+00 4.314829343316e+01 1.326506300345e+00 7.265445801386e+00
4.551000000000e+01  -8.416763450374e+00 4.296834609357e+01 9.383061232388e-01 7.102887158044e+00
4.552000000000e+01  -8.583901034817e+00 4.279362508164e+01 5.463881767900e-01 6.949660944592e+00
4.553000000000e+01  -8.755444223141e+00 4.262423536356e+01 1.509676556760e-01 6.805848710150e+00
4.554000000000e+01  -8.931266647457e+00 4.246027905344e+01 -2.477384289262e-01 6.671526997220e+00
4.555000000000e+01  -9.111239618508e+00 4.230185535972e+01 -6.495113652290e-01 6.546767300607e+00
4.556000000000e+01  -9.295232193007e+00 4.214906053312e+01 -1.054130857635e+00 6.431636029003e+00
4.557000000000e+01  -9.483111242165e+00 4.200198781614e+01 -1.461375144387e+00 6.326194469258e+00
4.558000000000e+01  -9.674741521363e+00 4.186072739418e+01 -1.871021116006e+00 6.230498753361e+00
4.559000000000e+01  -9.869985740939e+00 4.172536634831e+01 -2.282844434452e+00 6.144599828142e+00
4.560000000000e+01  -1.006870463805e+01 4.159598860965e+01 -2.696619652949e+00 6.068543427714e+00
4.561000000000e+01  -1.027075704956e+01 4.147267491543e+01 -3.112120336403e+00 6.002370048671e+00
4.562000000000e+01  -1.047599998592e+01 4.135550276681e+01 -3.529119182354e+00 5.946114928053e+00
4.563000000000e+01  -1.068428870608e+01 4.124454638834e+01 -3.947388142401e+00 5.899808024092e+00
4.564000000000e+01  -1.089547679316e+01 4.113987668924e+01 -4.366698544024e+00 5.863473999742e+00
4.565000000000e+01  -1.110941623119e+01 4.104156122636e+01 -4.786821212754e+00 5.837132209018e+00
4.566000000000e+01  -1.132595748255e+01 4.094966416901e+01 -5.207526594607e+00 5.820796686132e+00
4.567000000000e+01  -1.154494956629e+01 4.086424626554e+01 -5.628584878734e+00 5.814476137442e+00
4.568000000000e+01  -1.176624013713e+01 4.078536481177e+01 -6.049766120213e+00 5.818173936226e+00
4.569000000000e+01  -1.198967556529e+01 4.071307362120e+01 -6.470840362914e+00 5.831888120262e+00
4.570000000000e+01  -1.221510101685e+01 4.064742299716e+01 -6.891577762385e+00 5.855611392244e+00
4.571000000000e+01  -1.244236053489e+01 4.058845970675e+01 -7.311748708672e+00 5.889331123003e+00
4.572000000000e+01  -1.267129712111e+01 4.053622695666e+01 -7.731123949031e+00 5.933029357564e+00
4.573000000000e+01  -1.290175281805e+01 4.049076437098e+01 -8.149474710446e+00 5.986682824011e+00
4.574000000000e+01  -1.313356879181e+01 4.045210797079e+01 -8.566572821898e+00 6.050262945165e+00
4.575000000000e+01  -1.336658541522e+01 4.042029015570e+01 -8.982190836322e+00 6.123735853074e+00
4.576000000000e+01  -1.360064235142e+01 4.039533968739e+01 -9.396102152173e+00 6.207062406302e+00
4.577000000000e+01  -1.383557863789e+01 4.037728167494e+01 -9.808081134550e+00 6.300198210010e+00
4.578000000000e+01  -1.407123277069e+01 4.036613756225e+01 -1.021790323580e+01 6.403093638818e+00
4.579000000000e+01  -1.430744278908e+01 4.036192511726e+01 -1.062534511556e+01 6.515693862440e+00
4.580000000000e+01  -1.454404636037e+01 4.036465842323e+01 -1.103018476012e+01 6.637938874080e+00
4.581000000000e+01  -1.478088086497e+01 4.037434787188e+01 -1.143220160113e+01 6.769763521570e+00
4.582000000000e+01  -1.501778348155e+01 4.039100015860e+01 -1.183117663348e+01 6.911097541239e+00
4.583000000000e+01  -1.525459127242e+01 4.041461827944e+01 -1.222689253237e+01 7.061865594495e+00
4.584000000000e+01  -1.549114126886e+01 4.044520153025e+01 -1.261913376949e+01 7.221987307104e+00
4.585000000000e+01  -1.572727055659e+01 4.048274550763e+01 -1.300768672822e+01 7.391377311146e+00
4.586000000000e+01  -1.596281636114e+01 4.052724211187e+01 -1.339233981779e+01 7.569945289623e+00
4.587000000000e+01  -1.619761613320e+01 4.057867955189e+01 -1.377288358639e+01 7.757596023707e+00
4.588000000000e+01  -1.643150763390e+01 4.063704235201e+01 -1.414911083306e+01 7.954229442601e+00
4.589000000000e+01  -1.666432901985e+01 4.070231136080e+01 -1.452081671848e+01 8.159740675977e+00
4.590000000000e+01  -1.689591892813e+01 4.077446376172e+01 -1.488779887434e+01 8.374020108992e+00
4.591000000000e+01  -1.712611656092e+01 4.085347308577e+01 -1.524985751148e+01 8.596953439831e+00
4.592000000000e+01  -1.735476176994e+01 4.093930922601e+01 -1.560679552663e+01 8.828421739761e+00
4.593000000000e+01  -1.758169514056e+01 4.103193845400e+01 -1.595841860761e+01 9.068301515664e+00
4.594000000000e+01  -1.780675807554e+01 4.113132343811e+01 -1.630453533714e+01 9.316464775027e+00
4.595000000000e+01  -1.802979287841e+01 4.123742326371e+01 -1.664495729493e+01 9.572779093348e+00
4.596000000000e+01  -1.825064283635e+01 4.135019345523e+01 -1.697949915832e+01 9.837107683927e+00
4.597000000000e+01  -1.846915230267e+01 4.146958600004e+01 -1.730797880104e+01 1.010930947002e+01
4.598000000000e+01  -1.868516677872e+01 4.159554937417e+01 -1.763021739040e+01 1.038923915932e+01
4.599000000000e+01  -1.889853299526e+01 4.172802856983e+01 -1.794603948255e+01 1.067674732070e+01
4.600000000000e+01  -1.910909899327e+01 4.186696512472e+01 -1.825527311598e+01 1.097168046325e+01
4.601000000000e+01  -1.931671420403e+01 4.201229715315e+01 -1.855774990305e+01 1.127388111750e+01
4.602000000000e+01  -1.952122952866e+01 4.216395937877e+01 -1.885330511962e+01 1.158318791882e+01
4.603000000000e+01  -1.972249741682e+01 4.232188316920e+01 -1.914177779261e+01 1.189943569297e+01
4.604000000000e+01  -1.992037194475e+01 4.248599657220e+01 -1.942301078556e+01 1.222245554379e+01
4.605000000000e+01  -2.011470889249e+01 4.265622435362e+01 -1.969685088202e+01 1.255207494285e+01
4.606000000000e+01  -2.030536582029e+01 4.283248803690e+01 -1.996314886683e+01 1.288811782128e+01
4.607000000000e+01  -2.049220214415e+01 4.301470594429e+01 -2.022175960518e+01 1.323040466337e+01
4.608000000000e+01  -2.067507921048e+01 4.320279323950e+01 -2.047254211939e+01 1.357875260236e+01
4.609000000000e+01  -2.085386036981e+01 4.339666197211e+01 -2.071535966346e+01 1.393297551789e+01
4.610000000000e+01  -2.102841104955e+01 4.359622112328e+01 -2.095007979518e+01 1.429288413547e+01
4.611000000000e+01  -2.119859882579e+01 4.380137665311e+01 -2.117657444594e+01 1.465828612769e+01
4.612000000000e+01  -2.136429349398e+01 4.401203154939e+01 -2.139471998809e+01 1.502898621716e+01
4.613000000000e+01  -2.152536713864e+01 4.422808587778e+01 -2.160439729984e+01 1.540478628129e+01
4.614000000000e+01  -2.168169420189e+01 4.444943683334e+01 -2.180549182762e+01 1.578548545860e+01
4.615000000000e+01  -2.183315155093e+01 4.467597879347e+01 -2.199789364594e+01 1.617088025676e+01
4.616000000000e+01  -2.197961854428e+01 4.490760337211e+01 -2.218149751471e+01 1.656076466216e+01
4.617000000000e+01  -2.212097709687e+01 4.514419947523e+01 -2.235620293382e+01 1.695493025100e+01
4.618000000000e+01  -2.225711174389e+01 4.538565335755e+01 -2.252191419527e+01 1.735316630194e+01
4.619000000000e+01  -2.238790970339e+01 4.563184868045e+01 -2.267854043245e+01 1.775525991003e+01
4.620000000000e+01  -2.251326093756e+01 4.588266657101e+01 -2.282599566685e+01 1.816099610222e+01
4.621000000000e+01  -2.263305821275e+01 4.613798568223e+01 -2.296419885201e+01 1.857015795397e+01
4.622000000000e+01  -2.274719715805e+01 4.639768225426e+01 -2.309307391467e+01 1.898252670735e+01
4.623000000000e+01  -2.285557632253e+01 4.666163017664e+01 -2.321254979322e+01 1.939788189019e+01
4.624000000000e+01  -2.295809723112e+01 4.692970105166e+01 -2.332256047339e+01 1.981600143648e+01
4.625000000000e+01  -2.305466443892e+01 4.720176425851e+01 -2.342304502099e+01 2.023666180785e+01
4.626000000000e+01  -2.314518558416e+01 4.747768701845e+01 -2.351394761202e+01 2.065963811611e+01
4.627000000000e+01  -2.322957143952e+01 4.775733446083e+01 -2.359521755980e+01 2.108470424675e+01
4.628000000000e+01  -2.330773596204e+01 4.804056968990e+01 -2.366680933934e+01 2.151163298335e+01
4.629000000000e+01  -2.337959634138e+01 4.832725385254e+01 -2.372868260882e+01 2.194019613293e+01
4.630000000000e+01  -2.344507304645e+01 4.861724620657e+01 -2.378080222824e+01 2.237016465198e+01
4.631000000000e+01  -2.350408987048e+01 4.891040418995e+01 -2.382313827519e+01 2.280130877332e+01
4.632000000000e+01  -2.355657397439e+01 4.920658349062e+01 -2.385566605781e+01 2.323339813352e+01
4.633000000000e+01  -2.360245592840e+01 4.950563811695e+01 -2.387836612480e+01 2.366620190095e+01
4.634000000000e+01  -2.364166975204e+01 4.980742046892e+01 -2.389122427269e+01 2.409948890434e+01
4.635000000000e+01  -2.367415295222e+01 5.011178140982e+01 -2.389423155021e+01 2.453302776176e+01
4.636000000000e+01  -2.369984655966e+01 5.041857033856e+01 -2.388738425981e+01 2.496658700992e+01
4.637000000000e+01  -2.371869516338e+01 5.072763526260e+01 -2.387068395642e+01 2.539993523376e+01
4.638000000000e+01  -2.373064694340e+01 5.103882287127e+01 -2.384413744336e+01 2.583284119624e+01
4.639000000000e+01  -2.373565370148e+01 5.135197860978e+01 -2.380775676543e+01 2.626507396812e+01
4.640000000000e+01  -2.373367088999e+01 5.166694675356e+01 -2.376155919935e+01 2.669640305788e+01
4.641000000000e+01  -2.372465763880e+01 5.198357048325e+01 -2.370556724130e+01 2.712659854141e+01
4.642000000000e+01  -2.370857678013e+01 5.230169196005e+01 -2.363980859184e+01 2.755543119156e+01
4.643000000000e+01  -2.368539487149e+01 5.262115240155e+01 -2.356431613809e+01 2.798267260744e+01
4.644000000000e+01  -2.365508221652e+01 5.294179215812e+01 -2.347912793324e+01 2.840809534319e+01
4.645000000000e+01  -2.361761288367e+01 5.326345078959e+01 -2.338428717339e+01 2.883147303641e+01
4.646000000000e+01  -2.357296472297e+01 5.358596714260e+01 -2.327984217180e+01 2.925258053581e+01
4.647000000000e+01  -2.352111938050e+01 5.390917942816e+01 -2.316584633053e+01 2.967119402829e+01
4.648000000000e+01  -2.346206231082e+01 5.423292529989e+01 -2.304235810951e+01 3.008709116512e+01
4.649000000000e+01  -2.339578278721e+01 5.455704193261e+01 -2.290944099307e+01 3.050005118711e+01
4.650000000000e+01  -2.332227390970e+01 5.488136610137e+01 -2.276716345399e+01 3.090985504891e+01
4.651000000000e+01  -2.324153261096e+01 5.520573426103e+01 -2.261559891505e+01 3.131628554193e+01
4.652000000000e+01  -2.315355965997e+01 5.552998262626e+01 -2.245482570813e+01 3.171912741617e+01
4.653000000000e+01  -2.305835966342e+01 5.585394725201e+01 -2.228492703090e+01 3.211816750053e+01
4.654000000000e+01  -2.295594106497e+01 5.617746411452e+01 -2.210599090113e+01 3.251319482171e+01
4.655000000000e+01  -2.284631614224e+01 5.650036919273e+01 -2.191811010860e+01 3.290400072144e+01
4.656000000000e+01  -2.272950100160e+01 5.682249855021e+01 -2.172138216468e+01 3.329037897208e+01
4.657000000000e+01  -2.260551557072e+01 5.714368841757e+01 -2.151590924962e+01 3.367212589033e+01
4.658000000000e+01  -2.247438358897e+01 5.746377527531e+01 -2.130179815751e+01 3.404904044910e+01
4.659000000000e+01  -2.233613259555e+01 5.778259593717e+01 -2.107916023902e+01 3.442092438738e+01
4.660000000000e+01  -2.219079391549e+01 5.809998763386e+01 -2.084811134181e+01 3.478758231792e+01
4.661000000000e+01  -2.203840264347e+01 5.841578809729e+01 -2.060877174882e+01 3.514882183295e+01
4.662000000000e+01  -2.187899762552e+01 5.872983564512e+01 -2.036126611425e+01 3.550445360743e+01
4.663000000000e+01  -2.171262143859e+01 5.904196926574e+01 -2.010572339741e+01 3.585429150014e+01
4.664000000000e+01  -2.153932036800e+01 5.935202870357e+01 -1.984227679438e+01 3.619815265233e+01
4.665000000000e+01  -2.135914438290e+01 5.965985454463e+01 -1.957106366755e+01 3.653585758397e+01
4.666000000000e+01  -2.117214710966e+01 5.996528830235e+01 -1.929222547297e+01 3.686723028746e+01
4.667000000000e+01  -2.097838580325e+01 6.026817250368e+01 -1.900590768562e+01 3.719209831886e+01
4.668000000000e+01  -2.077792131672e+01 6.056835077515e+01 -1.871225972259e+01 3.751029288658e+01
4.669000000000e+01  -2.057081806869e+01 6.086566792921e+01 -1.841143486419e+01 3.782164893737e+01
4.670000000000e+01  -2.035714400900e+01 6.115997005042e+01 -1.810359017297e+01 3.812600523985e+01
4.671000000000e+01  -2.013697058251e+01 6.145110458167e+01 -1.778888641076e+01 3.842320446525e+01
4.672000000000e+01  -1.991037269107e+01 6.173892041018e+01 -1.746748795367e+01 3.871309326561e+01
4.673000000000e+01  -1.967742865374e+01 6.202326795334e+01 -1.713956270514e+01 3.899552234931e+01
4.674000000000e+01  -1.943822016527e+01 6.230399924421e+01 -1.680528200701e+01 3.927034655391e+01
4.675000000000e+01  -1.919283225287e+01 6.258096801659e+01 -1.646482054873e+01 3.953742491643e+01
4.676000000000e+01  -1.894135323134e+01 6.285402978968e+01 -1.611835627463e+01 3.979662074089e+01
4.677000000000e+01  -1.868387465656e+01 6.312304195204e+01 -1.576607028937e+01 4.004780166332e+01
4.678000000000e+01  -1.842049127740e+01 6.338786384499e+01 -1.540814676163e+01 4.029083971410e+01
4.679000000000e+01  -1.815130098609e+01 6.364835684514e+01 -1.504477282598e+01 4.052561137774e+01
4.680000000000e+01  -1.787640476699e+01 6.390438444615e+01 -1.467613848304e+01 4.075199765006e+01
4.681000000000e+01  -1.759590664395e+01 6.415581233942e+01 -1.430243649807e+01 4.096988409289e+01
4.682000000000e+01  -1.730991362617e+01 6.440250849383e+01 -1.392386229781e+01 4.117916088610e+01
4.683000000000e+01  -1.701853565261e+01 6.464434323424e+01 -1.354061386590e+01 4.137972287729e+01
4.684000000000e+01  -1.672188553500e+01 6.488118931889e+01 -1.315289163673e+01 4.157146962883e+01
4.685000000000e+01  -1.642007889944e+01 6.511292201534e+01 -1.276089838785e+01 4.175430546255e+01
4.686000000000e+01  -1.611323412668e+01 6.533941917509e+01 -1.236483913106e+01 4.192813950188e+01
4.687000000000e+01  -1.580147229104e+01 6.556056130673e+01 -1.196492100215e+01 4.209288571166e+01
4.688000000000e+01  -1.548491709800e+01 6.577623164750e+01 -1.156135314945e+01 4.224846293542e+01
4.689000000000e+01  -1.516369482050e+01 6.598631623323e+01 -1.115434662111e+01 4.239479493031e+01
4.690000000000e+01  -1.483793423403e+01 6.619070396663e+01 -1.074411425145e+01 4.253181039966e+01
4.691000000000e+01  -1.450776655036e+01 6.638928668377e+01 -1.033087054610e+01 4.265944302309e+01
4.692000000000e+01  -1.417332535017e+01 6.658195921879e+01 -9.914831566307e+00 4.277763148428e+01
4.693000000000e+01  -1.383474651439e+01 6.676861946671e+01 -9.496214812345e+00 4.288631949637e+01
4.694000000000e+01  -1.349216815438e+01 6.694916844433e+01 -9.075239106083e+00 4.298545582499e+01
4.695000000000e+01  -1.314573054103e+01 6.712351034921e+01 -8.652124472849e+00 4.307499430887e+01
4.696000000000e+01  -1.279557603258e+01 6.729155261657e+01 -8.227092022648e+00 4.315489387819e+01
4.697000000000e+01  -1.244184900153e+01 6.745320597418e+01 -7.800363830779e+00 4.322511857046e+01
4.698000000000e+01  -1.208469576029e+01 6.760838449521e+01 -7.372162817970e+00 4.328563754406e+01
4.699000000000e+01  -1.172426448591e+01 6.775700564890e+01 -6.942712630070e+00 4.333642508941e+01
4.700000000000e+01  -1.136070514373e+01 6.789899034916e+01 -6.512237517400e+00 4.337746063777e+01
4.701000000000e+01  -1.099416941008e+01 6.803426300094e+01 -6.080962213810e+00 4.340872876761e+01
4.702000000000e+01  -1.062481059397e+01 6.816275154451e+01 -5.649111815549e+00 4.343021920861e+01
4.703000000000e+01  -1.025278355788e+01 6.828438749747e+01 -5.216911659984e+00 4.344192684326e+01
4.704000000000e+01  -9.878244637719e+00 6.839910599455e+01 -4.784587204271e+00 4.344385170601e+01
4.705000000000e+01  -9.501351561812e+00 6.850684582524e+01 -4.352363904033e+00 4.343599898007e+01
4.706000000000e+01  -9.122263369169e+00 6.860754946914e+01 -3.920467092116e+00 4.341837899169e+01
4.707000000000e+01  -8.741140326924e+00 6.870116312905e+01 -3.489121857503e+00 4.339100720204e+01
4.708000000000e+01  -8.358143847044e+00 6.878763676187e+01 -3.058552924443e+00 4.335390419673e+01
4.709000000000e+01  -7.973436402340e+00 6.886692410718e+01 -2.628984531867e+00 4.330709567270e+01
4.710000000000e+01  -7.587181441815e+00 6.893898271362e+01 -2.200640313161e+00 4.325061242284e+01
4.711000000000e+01  -7.199543305395e+00 6.900377396297e+01 -1.773743176358e+00 4.318449031805e+01
4.712000000000e+01  -6.810687138089e+00 6.906126309196e+01 -1.348515184821e+00 4.310877028680e+01
4.713000000000e+01  -6.420778803619e+00 6.911141921191e+01 -9.251774384629e-01 4.302349829237e+01
4.714000000000e+01  -6.029984797565e+00 6.915421532599e+01 -5.039499555941e-01 4.292872530744e+01
4.715000000000e+01  -5.638472160076e+00 6.918962834434e+01 -8.505155543644e-02 4.282450728639e+01
4.716000000000e+01  -5.246408388190e+00 6.921763909686e+01 3.313002586236e-01 4.271090513498e+01
4.717000000000e+01  -4.853961347811e+00 6.923823234381e+01 7.448894149835e-01 4.258798467770e+01
4.718000000000e+01  -4.461299185388e+00 6.925139678419e+01 1.155501388917e+00 4.245581662257e+01
4.719000000000e+01  -4.068590239360e+00 6.925712506180e+01 1.562923316749e+00 4.231447652355e+01
4.720000000000e+01  -3.676002951393e+00 6.925541376919e+01 1.966944109056e+00 4.216404474046e+01
4.721000000000e+01  -3.283705777475e+00 6.924626344935e+01 2.367354562838e+00 4.200460639656e+01
4.722000000000e+01  -2.891867098918e+00 6.922967859519e+01 2.763947472596e+00 4.183625133361e+01
4.723000000000e+01  -2.500655133309e+00 6.920566764684e+01 3.156517740266e+00 4.165907406459e+01
4.724000000000e+01  -2.110237845465e+00 6.917424298678e+01 3.544862483964e+00 4.147317372399e+01
4.725000000000e+01  -1.720782858448e+00 6.913542093277e+01 3.928781145459e+00 4.127865401582e+01
4.726000000000e+01  -1.332457364679e+00 6.908922172867e+01 4.308075596358e+00 4.107562315915e+01
4.727000000000e+01  -9.454280372146e-01 6.903566953309e+01 4.682550242913e+00 4.086419383139e+01
4.728000000000e+01  -5.598609412193e-01 6.897479240588e+01 5.052012129434e+00 4.064448310930e+01
4.729000000000e+01  -1.759214457074e-01 6.890662229256e+01 5.416271040221e+00 4.041661240759e+01
4.730000000000e+01  2.062258644163e-01 6.883119500661e+01 5.775139599997e+00 4.018070741542e+01
4.731000000000e+01  5.864172759558e-01 6.874855020967e+01 6.128433372772e+00 3.993689803057e+01
4.732000000000e+01  9.644900346159e-01 6.865873138972e+01 6.475970959087e+00 3.968531829141e+01
4.733000000000e+01  1.340282431738e+00 6.856178583712e+01 6.817574091615e+00 3.942610630678e+01
4.734000000000e+01  1.713633890527e+00 6.845776461872e+01 7.153067729036e+00 3.915940418367e+01
4.735000000000e+01  2.084385051730e+00 6.834672254983e+01 7.482280148172e+00 3.888535795279e+01
4.736000000000e+01  2.452377858702e+00 6.822871816429e+01 7.805043034313e+00 3.860411749213e+01
4.737000000000e+01  2.817455641823e+00 6.810381368253e+01 8.121191569702e+00 3.831583644845e+01
4.738000000000e+01  3.179463202221e+00 6.797207497764e+01 8.430564520137e+00 3.802067215676e+01
4.739000000000e+01  3.538246894740e+00 6.783357153955e+01 8.733004319627e+00 3.771878555793e+01
4.740000000000e+01  3.893654710116e+00 6.768837643725e+01 9.028357153093e+00 3.741034111430e+01
4.741000000000e+01  4.245536356318e+00 6.753656627912e+01 9.316473037041e+00 3.709550672346e+01
4.742000000000e+01  4.593743338997e+00 6.737822117145e+01 9.597205898183e+00 3.677445363024e+01
4.743000000000e+01  4.938129041006e+00 6.721342467502e+01 9.870413649970e+00 3.644735633683e+01
4.744000000000e+01  5.278548800949e+00 6.704226375989e+01 1.013595826699e+01 3.611439251126e+01
4.745000000000e+01  5.614859990705e+00 6.686482875847e+01 1.039370585717e+01 3.577574289414e+01
4.746000000000e+01  5.946922091891e+00 6.668121331669e+01 1.064352673186e+01 3.543159120379e+01
4.747000000000e+01  6.274596771224e+00 6.649151434351e+01 1.088529547354e+01 3.508212403974e+01
4.748000000000e+01  6.597747954732e+00 6.629583195870e+01 1.111889100136e+01 3.472753078473e+01
4.749000000000e+01  6.916241900780e+00 6.609426943892e+01 1.134419663435e+01 3.436800350521e+01
4.750000000000e+01  7.229947271866e+00 6.588693316216e+01 1.156110015226e+01 3.400373685038e+01
4.751000000000e+01  7.538735205149e+00 6.567393255050e+01 1.176949385407e+01 3.363492794988e+01
4.752000000000e+01  7.842479381675e+00 6.545538001136e+01 1.196927461405e+01 3.326177631016e+01
4.753000000000e+01  8.141056094251e+00 6.523139087712e+01 1.216034393543e+01 3.288448370948e+01
4.754000000000e+01  8.434344313942e+00 6.500208334322e+01 1.234260800163e+01 3.250325409183e+01
4.755000000000e+01  8.722225755151e+00 6.476757840474e+01 1.251597772497e+01 3.211829345957e+01
4.756000000000e+01  9.004584939239e+00 6.452799979160e+01 1.268036879287e+01 3.172980976502e+01
4.757000000000e+01  9.281309256662e+00 6.428347390219e+01 1.283570171158e+01 3.133801280101e+01
4.758000000000e+01  9.552289027583e+00 6.403412973573e+01 1.298190184727e+01 3.094311409036e+01
4.759000000000e+01  9.817417560928e+00 6.378009882320e+01 1.311889946465e+01 3.054532677452e+01
4.760000000000e+01  1.007659121186e+01 6.352151515695e+01 1.324662976291e+01 3.014486550128e+01
4.761000000000e+01  1.032970943761e+01 6.325851511908e+01 1.336503290909e+01 2.974194631169e+01
4.762000000000e+01  1.057667485171e+01 6.299123740844e+01 1.347405406882e+01 2.933678652619e+01
4.763000000000e+01  1.081739327650e+01 6.271982296661e+01 1.357364343442e+01 2.892960463011e+01
4.764000000000e+01  1.105177379391e+01 6.244441490252e+01 1.366375625032e+01 2.852062015845e+01
4.765000000000e+01  1.127972879461e+01 6.216515841606e+01 1.374435283585e+01 2.811005358016e+01
4.766000000000e+01  1.150117402526e+01 6.188220072053e+01 1.381539860531e+01 2.769812618187e+01
4.767000000000e+01  1.171602863411e+01 6.159569096413e+01 1.387686408537e+01 2.728505995121e+01
4.768000000000e+01  1.192421521465e+01 6.130578015028e+01 1.392872492975e+01 2.687107745966e+01
4.769000000000e+01  1.212565984756e+01 6.101262105717e+01 1.397096193123e+01 2.645640174521e+01
4.770000000000e+01  1.232029214071e+01 6.071636815619e+01 1.400356103090e+01 2.604125619461e+01
4.771000000000e+01  1.250804526732e+01 6.041717752966e+01 1.402651332469e+01 2.562586442551e+01
4.772000000000e+01  1.268885600222e+01 6.011520678755e+01 1.403981506725e+01 2.521045016849e+01
4.773000000000e+01  1.286266475617e+01 5.981061498355e+01 1.404346767302e+01 2.479523714889e+01
4.774000000000e+01  1.302941560828e+01 5.950356253028e+01 1.403747771462e+01 2.438044896879e+01
4.775000000000e+01  1.318905633644e+01 5.919421111386e+01 1.402185691850e+01 2.396630898890e+01
4.776000000000e+01  1.334153844579e+01 5.888272360778e+01 1.399662215788e+01 2.355304021068e+01
4.777000000000e+01  1.348681719525e+01 5.856926398618e+01 1.396179544298e+01 2.314086515853e+01
4.778000000000e+01  1.362485162194e+01 5.825399723653e+01 1.391740390849e+01 2.273000576233e+01
4.779000000000e+01  1.375560456373e+01 5.793708927184e+01 1.386347979842e+01 2.232068324019e+01
4.780000000000e+01  1.387904267965e+01 5.761870684229e+01 1.380006044818e+01 2.191311798165e+01
4.781000000000e+01  1.399513646832e+01 5.729901744654e+01 1.372718826398e+01 2.150752943121e+01
4.782000000000e+01  1.410386028431e+01 5.697818924259e+01 1.364491069959e+01 2.110413597243e+01
4.783000000000e+01  1.420519235250e+01 5.665639095829e+01 1.355328023043e+01 2.070315481259e+01
4.784000000000e+01  1.429911478029e+01 5.633379180161e+01 1.345235432495e+01 2.030480186787e+01
4.785000000000e+01  1.438561356782e+01 5.601056137065e+01 1.334219541346e+01 1.990929164930e+01
4.786000000000e+01  1.446467861609e+01 5.568686956339e+01 1.322287085426e+01 1.951683714940e+01
4.787000000000e+01  1.453630373296e+01 5.536288648738e+01 1.309445289727e+01 1.912764972963e+01
4.788000000000e+01  1.460048663718e+01 5.503878236929e+01 1.295701864493e+01 1.874193900869e+01
4.789000000000e+01  1.465722896020e+01 5.471472746436e+01 1.281065001070e+01 1.835991275174e+01
4.790000000000e+01  1.470653624600e+01 5.439089196594e+01 1.265543367490e+01 1.798177676056e+01
4.791000000000e+01  1.474841794879e+01 5.406744591499e+01 1.249146103809e+01 1.760773476483e+01
4.792000000000e+01  1.478288742867e+01 5.374455910970e+01 1.231882817196e+01 1.723798831439e+01
4.793000000000e+01  1.480996194512e+01 5.342240101522e+01 1.213763576773e+01 1.687273667273e+01
4.794000000000e+01  1.482966264853e+01 5.310114067364e+01 1.194798908209e+01 1.651217671164e+01
4.795000000000e+01  1.484201456958e+01 5.278094661411e+01 1.174999788082e+01 1.615650280716e+01
4.796000000000e+01  1.484704660657e+01 5.246198676333e+01 1.154377637994e+01 1.580590673677e+01
4.797000000000e+01  1.484479151072e+01 5.214442835627e+01 1.132944318453e+01 1.546057757809e+01
4.798000000000e+01  1.483528586941e+01 5.182843784735e+01 1.110712122529e+01 1.512070160881e+01
4.799000000000e+01  1.481857008730e+01 5.151418082200e+01 1.087693769270e+01 1.478646220831e+01
4.800000000000e+01  1.479468836557e+01 5.120182190865e+01 1.063902396908e+01 1.445803976062e+01
4.801000000000e+01  1.476368867902e+01 5.089152469133e+01 1.039351555831e+01 1.413561155910e+01
4.802000000000e+01  1.472562275116e+01 5.058345162274e+01 1.014055201343e+01 1.381935171267e+01
4.803000000000e+01  1.468054602743e+01 5.027776393795e+01 9.880276862129e+00 1.350943105377e+01
4.804000000000e+01  1.462851764625e+01 4.997462156875e+01 9.612837530056e+00 1.320601704804e+01
4.805000000000e+01  1.456960040829e+01 4.967418305875e+01 9.338385262158e+00 1.290927370574e+01
4.806000000000e+01  1.450386074367e+01 4.937660547909e+01 9.057075041950e+00 1.261936149506e+01
4.807000000000e+01  1.443136867728e+01 4.908204434510e+01 8.769065508827e+00 1.233643725723e+01
4.808000000000e+01  1.435219779216e+01 4.879065353365e+01 8.474518873444e+00 1.206065412366e+01
4.809000000000e+01  1.426642519101e+01 4.850258520144e+01 8.173600831219e+00 1.179216143491e+01
4.810000000000e+01  1.417413145584e+01 4.821798970422e+01 7.866480473983e+00 1.153110466172e+01
4.811000000000e+01  1.407540060572e+01 4.793701551689e+01 7.553330199848e+00 1.127762532816e+01
4.812000000000e+01  1.397032005273e+01 4.765980915471e+01 7.234325621326e+00 1.103186093671e+01
4.813000000000e+01  1.385898055614e+01 4.738651509545e+01 6.909645471751e+00 1.079394489564e+01
4.814000000000e+01  1.374147617474e+01 4.711727570269e+01 6.579471510057e+00 1.056400644840e+01
4.815000000000e+01  1.361790421747e+01 4.685223115023e+01 6.243988423953e+00 1.034217060535e+01
4.816000000000e+01  1.348836519228e+01 4.659151934764e+01 5.903383731562e+00 1.012855807762e+01
4.817000000000e+01  1.335296275334e+01 4.633527586701e+01 5.557847681558e+00 9.923285213302e+00
4.818000000000e+01  1.321180364652e+01 4.608363387103e+01 5.207573151866e+00 9.726463935962e+00
4.819000000000e+01  1.306499765325e+01 4.583672404219e+01 4.852755546977e+00 9.538201685443e+00
4.820000000000e+01  1.291265753279e+01 4.559467451347e+01 4.493592693925e+00 9.358601361082e+00
4.821000000000e+01  1.275489896287e+01 4.535761080025e+01 4.130284736992e+00 9.187761267315e+00
4.822000000000e+01  1.259184047881e+01 4.512565573370e+01 3.763034031186e+00 9.025775061717e+00
4.823000000000e+01  1.242360341110e+01 4.489892939552e+01 3.392045034556e+00 8.872731705496e+00
4.824000000000e+01  1.225031182153e+01 4.467754905423e+01 3.017524199399e+00 8.728715416483e+00
4.825000000000e+01  1.207209243779e+01 4.446162910286e+01 2.639679862417e+00 8.593805624619e+00
4.826000000000e+01  1.188907458675e+01 4.425128099821e+01 2.258722133872e+00 8.468076929994e+00
4.827000000000e+01  1.170139012629e+01 4.404661320171e+01 1.874862785822e+00 8.351599063422e+00
4.828000000000e+01  1.150917337577e+01 4.384773112178e+01 1.488315139466e+00 8.244436849610e+00
4.829000000000e+01  1.131256104529e+01 4.365473705789e+01 1.099293951687e+00 8.146650172918e+00
4.830000000000e+01  1.111169216354e+01 4.346773014623e+01 7.080153008317e-01 8.058293945731e+00
4.831000000000e+01  1.090670800453e+01 4.328680630707e+01 3.146964717939e-01 7.979418079469e+00
4.832000000000e+01  1.069775201306e+01 4.311205819384e+01 -8.044415952878e-02 7.910067458239e+00
4.833000000000e+01  1.048496972907e+01 4.294357514389e+01 -4.771872423571e-01 7.850281915151e+00
4.834000000000e+01  1.026850871084e+01 4.278144313109e+01 -8.753125676620e-01 7.800096211308e+00
4.835000000000e+01  1.004851845714e+01 4.262574472019e+01 -1.274599185246e+00 7.759540017478e+00
4.836000000000e+01  9.825150328348e+00 4.247655902291e+01 -1.674825521213e+00 7.728637898465e+00
4.837000000000e+01  9.598557466576e+00 4.233396165599e+01 -2.075769495761e+00 7.707409300177e+00
4.838000000000e+01  9.368894714819e+00 4.219802470101e+01 -2.477208641243e+00 7.695868539409e+00
4.839000000000e+01  9.136318535236e+00 4.206881666611e+01 -2.878920220422e+00 7.694024796339e+00
4.840000000000e+01  8.900986926541e+00 4.194640244962e+01 -3.280681344867e+00 7.701882109741e+00
4.841000000000e+01  8.663059340591e+00 4.183084330557e+01 -3.682269093426e+00 7.719439374920e+00
4.842000000000e+01  8.422696598190e+00 4.172219681118e+01 -4.083460630710e+00 7.746690344371e+00
4.843000000000e+01  8.180060804163e+00 4.162051683627e+01 -4.484033325521e+00 7.783623631161e+00
4.844000000000e+01  7.935315261749e+00 4.152585351465e+01 -4.883764869176e+00 7.830222715026e+00
4.845000000000e+01  7.688624386348e+00 4.143825321749e+01 -5.282433393650e+00 7.886465951187e+00
4.846000000000e+01  7.440153618680e+00 4.135775852870e+01 -5.679817589476e+00 7.952326581882e+00
4.847000000000e+01  7.190069337392e+00 4.128440822229e+01 -6.075696823357e+00 8.027772750597e+00
4.848000000000e+01  6.938538771157e+00 4.121823724178e+01 -6.469851255397e+00 8.112767519000e+00
4.849000000000e+01  6.685729910332e+00 4.115927668167e+01 -6.862061955922e+00 8.207268886560e+00
4.850000000000e+01  6.431811418192e+00 4.110755377084e+01 -7.252111021805e+00 8.311229812850e+00
4.851000000000e+01  6.176952541809e+00 4.106309185819e+01 -7.639781692240e+00 8.424598242510e+00
4.852000000000e+01  5.921323022617e+00 4.102591040015e+01 -8.024858463913e+00 8.547317132867e+00
4.853000000000e+01  5.665093006707e+00 4.099602495037e+01 -8.407127205495e+00 8.679324484193e+00
4.854000000000e+01  5.408432954904e+00 4.097344715147e+01 -8.786375271403e+00 8.820553372583e+00
4.855000000000e+01  5.151513552667e+00 4.095818472882e+01 -9.162391614769e+00 8.970931985440e+00
4.856000000000e+01  4.894505619871e+00 4.095024148647e+01 -9.534966899558e+00 9.130383659546e+00
4.857000000000e+01  4.637580020508e+00 4.094961730510e+01 -9.903893611768e+00 9.298826921692e+00
4.858000000000e+01  4.380907572354e+00 4.095630814208e+01 -1.026896616967e+01 9.476175531862e+00
4.859000000000e+01  4.124658956668e+00 4.097030603364e+01 -1.062998103298e+01 9.662338528928e+00
4.860000000000e+01  3.869004627939e+00 4.099159909906e+01 -1.098673681103e+01 9.857220278845e+00
4.861000000000e+01  3.614114723763e+00 4.102017154704e+01 -1.133903436969e+01 1.006072052532e+01
4.862000000000e+01  3.360158974870e+00 4.105600368402e+01 -1.168667693712e+01 1.027273444290e+01
4.863000000000e+01  3.107306615368e+00 4.109907192470e+01 -1.202947020834e+01 1.049315269254e+01
4.864000000000e+01  2.855726293235e+00 4.114934880455e+01 -1.236722244835e+01 1.072186147945e+01
4.865000000000e+01  2.605585981123e+00 4.120680299440e+01 -1.269974459403e+01 1.095874261341e+01
4.866000000000e+01  2.357052887509e+00 4.127139931711e+01 -1.302685035447e+01 1.120367357133e+01
4.867000000000e+01  2.110293368240e+00 4.134309876625e+01 -1.334835630992e+01 1.145652756211e+01
4.868000000000e+01  1.865472838527e+00 4.142185852686e+01 -1.366408200922e+01 1.171717359380e+01
4.869000000000e+01  1.622755685433e+00 4.150763199818e+01 -1.397385006557e+01 1.198547654292e+01
4.870000000000e+01  1.382305180883e+00 4.160036881844e+01 -1.427748625072e+01 1.226129722599e+01
4.871000000000e+01  1.144283395279e+00 4.170001489165e+01 -1.457481958748e+01 1.254449247322e+01
4.872000000000e+01  9.088511117230e-01 4.180651241635e+01 -1.486568244051e+01 1.283491520423e+01
4.873000000000e+01  6.761677409234e-01 4.191979991633e+01 -1.514991060525e+01 1.313241450597e+01
4.874000000000e+01  4.463912368211e-01 4.203981227338e+01 -1.542734339517e+01 1.343683571247e+01
4.875000000000e+01  2.196780129738e-01 4.216648076185e+01 -1.569782372696e+01 1.374802048680e+01
4.876000000000e+01  -3.817140250393e-03 4.229973308529e+01 -1.596119820399e+01 1.406580690472e+01
4.877000000000e+01  -2.239411376288e-01 4.243949341482e+01 -1.621731719767e+01 1.439002954044e+01
4.878000000000e+01  -4.405426801461e-01 4.258568242953e+01 -1.646603492685e+01 1.472051955407e+01
4.879000000000e+01  -6.534723351200e-01 4.273821735868e+01 -1.670720953521e+01 1.505710478097e+01
4.880000000000e+01  -8.625826153475e-01 4.289701202569e+01 -1.694070316648e+01 1.539960982275e+01
4.881000000000e+01  -1.067728057231e+00 4.306197689408e+01 -1.716638203758e+01 1.574785614009e+01
4.882000000000e+01  -1.268765297845e+00 4.323301911503e+01 -1.738411650962e+01 1.610166214712e+01
4.883000000000e+01  -1.465553150891e+00 4.341004257685e+01 -1.759378115663e+01 1.646084330744e+01
4.884000000000e+01  -1.657952681528e+00 4.359294795615e+01 -1.779525483204e+01 1.682521223169e+01
4.885000000000e+01  -1.845827280001e+00 4.378163277064e+01 -1.798842073299e+01 1.719457877663e+01
4.886000000000e+01  -2.029042734062e+00 4.397599143379e+01 -1.817316646218e+01 1.756875014562e+01
4.887000000000e+01  -2.207467300128e+00 4.417591531096e+01 -1.834938408748e+01 1.794753099055e+01
4.888000000000e+01  -2.380971773146e+00 4.438129277727e+01 -1.851697019913e+01 1.833072351510e+01
4.889000000000e+01  -2.549429555115e+00 4.459200927707e+01 -1.867582596449e+01 1.871812757922e+01
4.890000000000e+01  -2.712716722254e+00 4.480794738493e+01 -1.882585718045e+01 1.910954080496e+01
4.891000000000e+01  -2.870712090751e+00 4.502898686817e+01 -1.896697432326e+01 1.950475868332e+01
4.892000000000e+01  -3.023297281083e+00 4.525500475091e+01 -1.909909259594e+01 1.990357468237e+01
4.893000000000e+01  -3.170356780852e+00 4.548587537961e+01 -1.922213197316e+01 2.030578035630e+01
4.894000000000e+01  -3.311778006129e+00 4.572147048997e+01 -1.933601724357e+01 2.071116545557e+01
4.895000000000e+01  -3.447451361242e+00 4.596165927532e+01 -1.944067804957e+01 2.111951803790e+01
4.896000000000e+01  -3.577270297010e+00 4.620630845629e+01 -1.953604892450e+01 2.153062458028e+01
4.897000000000e+01  -3.701131367360e+00 4.645528235184e+01 -1.962206932719e+01 2.194427009163e+01
4.898000000000e+01  -3.818934284324e+00 4.670844295159e+01 -1.969868367397e+01 2.236023822640e+01
4.899000000000e+01  -3.930581971369e+00 4.696564998938e+01 -1.976584136792e+01 2.277831139875e+01
4.900000000000e+01  -4.035980615042e+00 4.722676101804e+01 -1.982349682559e+01 2.319827089740e+01
4.901000000000e+01  -4.135039714892e+00 4.749163148532e+01 -1.987160950097e+01 2.361989700114e+01
4.902000000000e+01  -4.227672131656e+00 4.776011481097e+01 -1.991014390679e+01 2.404296909472e+01
4.903000000000e+01  -4.313794133675e+00 4.803206246492e+01 -1.993906963316e+01 2.446726578535e+01
4.904000000000e+01  -4.393325441506e+00 4.830732404642e+01 -1.995836136346e+01 2.489256501950e+01
4.905000000000e+01  -4.466189270732e+00 4.858574736433e+01 -1.996799888755e+01 2.531864420006e+01
4.906000000000e+01  -4.532312372918e+00 4.886717851823e+01 -1.996796711229e+01 2.574528030381e+01
4.907000000000e+01  -4.591625074709e+00 4.915146198050e+01 -1.995825606925e+01 2.617224999905e+01
4.908000000000e+01  -4.644061315046e+00 4.943844067934e+01 -1.993886091981e+01 2.659932976345e+01
4.909000000000e+01  -4.689558680470e+00 4.972795608247e+01 -1.990978195742e+01 2.702629600192e+01
4.910000000000e+01  -4.728058438509e+00 5.001984828176e+01 -1.987102460720e+01 2.745292516457e+01
4.911000000000e+01  -4.759505569121e+00 5.031395607854e+01 -1.982259942283e+01 2.787899386457e+01
4.912000000000e+01  -4.783848794172e+00 5.061011706952e+01 -1.976452208061e+01 2.830427899603e+01
4.913000000000e+01  -4.801040604942e+00 5.090816773353e+01 -1.969681337094e+01 2.872855785158e+01
4.914000000000e+01  -4.811037287640e+00 5.120794351869e+01 -1.961949918697e+01 2.915160823985e+01
4.915000000000e+01  -4.813798946908e+00 5.150927893022e+01 -1.953261051062e+01 2.957320860262e+01
4.916000000000e+01  -4.809289527308e+00 5.181200761875e+01 -1.943618339583e+01 2.999313813163e+01
4.917000000000e+01  -4.797476832774e+00 5.211596246901e+01 -1.933025894917e+01 3.041117688504e+01
4.918000000000e+01  -4.778332544019e+00 5.242097568905e+01 -1.921488330778e+01 3.082710590335e+01
4.919000000000e+01  -4.751832233892e+00 5.272687889968e+01 -1.909010761460e+01 3.124070732487e+01
4.920000000000e+01  -4.717955380663e+00 5.303350322432e+01 -1.895598799097e+01 3.165176450059e+01
4.921000000000e+01  -4.676685379238e+00 5.334067937907e+01 -1.881258550661e+01 3.206006210841e+01
4.922000000000e+01  -4.628009550296e+00 5.364823776298e+01 -1.865996614698e+01 3.246538626669e+01
4.923000000000e+01  -4.571919147331e+00 5.395600854848e+01 -1.849820077802e+01 3.286752464701e+01
4.924000000000e+01  -4.508409361606e+00 5.426382177194e+01 -1.832736510832e+01 3.326626658615e+01
4.925000000000e+01  -4.437479325009e+00 5.457150742426e+01 -1.814753964877e+01 3.366140319721e+01
4.926000000000e+01  -4.359132110809e+00 5.487889554151e+01 -1.795880966961e+01 3.405272747977e+01
4.927000000000e+01  -4.273374732301e+00 5.518581629545e+01 -1.776126515507e+01 3.444003442908e+01
4.928000000000e+01  -4.180218139360e+00 5.549210008405e+01 -1.755500075540e+01 3.482312114427e+01
4.929000000000e+01  -4.079677212870e+00 5.579757762182e+01 -1.734011573658e+01 3.520178693535e+01
4.930000000000e+01  -3.971770757071e+00 5.610208002990e+01 -1.711671392752e+01 3.557583342920e+01
4.931000000000e+01  -3.856521489786e+00 5.640543892604e+01 -1.688490366488e+01 3.594506467424e+01
4.932000000000e+01  -3.733956030555e+00 5.670748651410e+01 -1.664479773554e+01 3.630928724394e+01
4.933000000000e+01  -3.604104886675e+00 5.700805567341e+01 -1.639651331675e+01 3.666831033898e+01
4.934000000000e+01  -3.467002437148e+00 5.730698004755e+01 -1.614017191397e+01 3.702194588805e+01
4.935000000000e+01  -3.322686914543e+00 5.760409413282e+01 -1.587589929641e+01 3.737000864728e+01
4.936000000000e+01  -3.171200384785e+00 5.789923336612e+01 -1.560382543043e+01 3.771231629814e+01
4.937000000000e+01  -3.012588724875e+00 5.819223421239e+01 -1.532408441069e+01 3.804868954396e+01
4.938000000000e+01  -2.846901598550e+00 5.848293425135e+01 -1.503681438915e+01 3.837895220475e+01
4.939000000000e+01  -2.674192429901e+00 5.877117226369e+01 -1.474215750199e+01 3.870293131052e+01
4.940000000000e+01  -2.494518374949e+00 5.905678831649e+01 -1.444025979443e+01 3.902045719291e+01
4.941000000000e+01  -2.307940291205e+00 5.933962384800e+01 -1.413127114359e+01 3.933136357511e+01
4.942000000000e+01  -2.114522705225e+00 5.961952175155e+01 -1.381534517924e+01 3.963548766008e+01
4.943000000000e+01  -1.914333778164e+00 5.989632645870e+01 -1.349263920274e+01 3.993267021698e+01
4.944000000000e+01  -1.707445269370e+00 6.016988402145e+01 -1.316331410398e+01 4.022275566569e+01
4.945000000000e+01  -1.493932498013e+00 6.044004219359e+01 -1.282753427655e+01 4.050559215958e+01
4.946000000000e+01  -1.273874302779e+00 6.070665051105e+01 -1.248546753106e+01 4.078103166624e+01
4.947000000000e+01  -1.047352999652e+00 6.096956037127e+01 -1.213728500664e+01 4.104893004638e+01
4.948000000000e+01  -8.144543378024e-01 6.122862511147e+01 -1.178316108090e+01 4.130914713060e+01
4.949000000000e+01  -5.752674536055e-01 6.148370008591e+01 -1.142327327799e+01 4.156154679421e+01
4.950000000000e+01  -3.298848228137e-01 6.173464274194e+01 -1.105780217528e+01 4.180599702996e+01
4.951000000000e+01  -7.840221091273e-02 6.198131269488e+01 -1.068693130827e+01 4.204237001862e+01
4.952000000000e+01  1.790813783159e-01 6.222357180176e+01 -1.031084707410e+01 4.227054219740e+01
4.953000000000e+01  4.424637559941e-01 6.246128423374e+01 -9.929738633573e+00 4.249039432625e+01
4.954000000000e+01  7.116396030807e-01 6.269431654724e+01 -9.543797811722e+00 4.270181155186e+01
4.955000000000e+01  9.865005270065e-01 6.292253775377e+01 -9.153218997034e+00 4.290468346942e+01
4.956000000000e+01  1.266935119980e+00 6.314581938844e+01 -8.758199039357e+00 4.309890418206e+01
4.957000000000e+01  1.552829018928e+00 6.336403557694e+01 -8.358937146538e+00 4.328437235804e+01
4.958000000000e+01  1.844064967043e+00 6.357706310125e+01 -7.955634779845e+00 4.346099128547e+01
4.959000000000e+01  2.140522876891e+00 6.378478146379e+01 -7.548495548229e+00 4.362866892472e+01
4.960000000000e+01  2.442079895049e+00 6.398707295010e+01 -7.137725101482e+00 4.378731795835e+01
4.961000000000e+01  2.748610468241e+00 6.418382269001e+01 -6.723531022331e+00 4.393685583859e+01
4.962000000000e+01  3.059986410920e+00 6.437491871725e+01 -6.306122717536e+00 4.407720483241e+01
4.963000000000e+01  3.376076974260e+00 6.456025202747e+01 -5.885711308033e+00 4.420829206396e+01
4.964000000000e+01  3.696748916527e+00 6.473971663470e+01 -5.462509518190e+00 4.433004955457e+01
4.965000000000e+01  4.021866574775e+00 6.491320962608e+01 -5.036731564211e+00 4.444241426012e+01
4.966000000000e+01  4.351291937826e+00 6.508063121507e+01 -4.608593041761e+00 4.454532810590e+01
4.967000000000e+01  4.684884720498e+00 6.524188479286e+01 -4.178310812857e+00 4.463873801878e+01
4.968000000000e+01  5.022502439031e+00 6.539687697813e+01 -3.746102892076e+00 4.472259595677e+01
4.969000000000e+01  5.364000487659e+00 6.554551766512e+01 -3.312188332149e+00 4.479685893596e+01
4.970000000000e+01  5.709232216302e+00 6.568772006987e+01 -2.876787108983e+00 4.486148905479e+01
4.971000000000e+01  6.058049009310e+00 6.582340077477e+01 -2.440120006169e+00 4.491645351555e+01
4.972000000000e+01  6.410300365224e+00 6.595247977130e+01 -2.002408499046e+00 4.496172464325e+01
4.973000000000e+01  6.765833977507e+00 6.607488050096e+01 -1.563874638354e+00 4.499727990179e+01
4.974000000000e+01  7.124495816189e+00 6.619052989442e+01 -1.124740933552e+00 4.502310190729e+01
4.975000000000e+01  7.486130210395e+00 6.629935840881e+01 -6.852302358505e-01 4.503917843878e+01
4.976000000000e+01  7.850579931681e+00 6.640130006312e+01 -2.455656210151e-01 4.504550244607e+01
4.977000000000e+01  8.217686278155e+00 6.649629247187e+01 1.940297279968e-01 4.504207205488e+01
4.978000000000e+01  8.587289159327e+00 6.658427687677e+01 6.333326385130e-01 4.502889056916e+01
4.979000000000e+01  8.959227181623e+00 6.666519817652e+01 1.072120065676e+00 4.500596647072e+01
4.980000000000e+01  9.333337734544e+00 6.673900495482e+01 1.510169209964e+00 4.497331341594e+01
4.981000000000e+01  9.709457077392e+00 6.680564950631e+01 1.947257634653e+00 4.493095022983e+01
4.982000000000e+01  1.008742042654e+01 6.686508786072e+01 2.383163383147e+00 4.487890089719e+01
4.983000000000e+01  1.046706204315e+01 6.691727980501e+01 2.817665096131e+00 4.481719455109e+01
4.984000000000e+01  1.084821532140e+01 6.696218890361e+01 3.250542128473e+00 4.474586545847e+01
4.985000000000e+01  1.123071287701e+01 6.699978251674e+01 3.681574665830e+00 4.466495300305e+01
4.986000000000e+01  1.161438663613e+01 6.703003181670e+01 4.110543840882e+00 4.457450166538e+01
4.987000000000e+01  1.199906792457e+01 6.705291180226e+01 4.537231849142e+00 4.447456100022e+01
4.988000000000e+01  1.238458755722e+01 6.706840131111e+01 4.961422064285e+00 4.436518561110e+01
4.989000000000e+01  1.277077592764e+01 6.707648303024e+01 5.382899152923e+00 4.424643512216e+01
4.990000000000e+01  1.315746309787e+01 6.707714350447e+01 5.801449188775e+00 4.411837414732e+01
4.991000000000e+01  1.354447888829e+01 6.707037314288e+01 6.216859766167e+00 4.398107225659e+01
4.992000000000e+01  1.393165296754e+01 6.705616622336e+01 6.628920112801e+00 4.383460393990e+01
4.993000000000e+01  1.431881494244e+01 6.703452089512e+01 7.037421201734e+00 4.367904856804e+01
4.994000000000e+01  1.470579444789e+01 6.700543917925e+01 7.442155862500e+00 4.351449035114e+01
4.995000000000e+01  1.509242123670e+01 6.696892696722e+01 7.842918891324e+00 4.334101829434e+01
4.996000000000e+01  1.547852526919e+01 6.692499401750e+01 8.239507160358e+00 4.315872615103e+01
4.997000000000e+01  1.586393680280e+01 6.687365395014e+01 8.631719725883e+00 4.296771237334e+01
4.998000000000e+01  1.624848648127e+01 6.681492423934e+01 9.019357935418e+00 4.276808006023e+01
4.999000000000e+01  1.663200542369e+01 6.674882620407e+01 9.402225533670e+00 4.255993690294e+01
5.000000000000e+01  1.701432531324e+01 6.667538499674e+01 9.780128767276e+00 4.234339512802e+01
5.001000000000e+01  1.739527848550e+01 6.659462958984e+01 1.015287648827e+01 4.211857143786e+01
5.002000000000e+01  1.777469801642e+01 6.650659276066e+01 1.052028025621e+01 4.188558694878e+01
5.003000000000e+01  1.815241780987e+01 6.641131107398e+01 1.088215443893e+01 4.164456712683e+01
5.004000000000e+01  1.852827268461e+01 6.630882486290e+01 1.123831631186e+01 4.139564172107e+01
5.005000000000e+01  1.890209846092e+01 6.619917820765e+01 1.158858615579e+01 4.113894469466e+01
5.006000000000e+01  1.927373204642e+01 6.608241891244e+01 1.193278735313e+01 4.087461415365e+01
5.007000000000e+01  1.964301152152e+01 6.595859848050e+01 1.227074648252e+01 4.060279227347e+01
5.008000000000e+01  2.000977622406e+01 6.582777208703e+01 1.260229341184e+01 4.032362522328e+01
5.009000000000e+01  2.037386683333e+01 6.568999855040e+01 1.292726138938e+01 4.003726308819e+01
5.010000000000e+01  2.073512545335e+01 6.554534030135e+01 1.324548713338e+01 3.974385978926e+01
5.011000000000e+01  2.109339569537e+01 6.539386335033e+01 1.355681091962e+01 3.944357300157e+01
5.012000000000e+01  2.144852275956e+01 6.523563725304e+01 1.386107666724e+01 3.913656407019e+01
5.013000000000e+01  2.180035351584e+01 6.507073507399e+01 1.415813202256e+01 3.882299792417e+01
5.014000000000e+01  2.214873658387e+01 6.489923334836e+01 1.444782844098e+01 3.850304298867e+01
5.015000000000e+01  2.249352241203e+01 6.472121204194e+01 1.473002126684e+01 3.817687109518e+01
5.016000000000e+01  2.283456335550e+01 6.453675450931e+01 1.500456981123e+01 3.784465738987e+01
5.017000000000e+01  2.317171375329e+01 6.434594745027e+01 1.527133742770e+01 3.750658024028e+01
5.018000000000e+01  2.350483000427e+01 6.414888086445e+01 1.553019158577e+01 3.716282114017e+01
5.019000000000e+01  2.383377064204e+01 6.394564800423e+01 1.578100394234e+01 3.681356461281e+01
5.020000000000e+01  2.415839640880e+01 6.373634532593e+01 1.602365041081e+01 3.645899811252e+01
5.021000000000e+01  2.447857032793e+01 6.352107243930e+01 1.625801122790e+01 3.609931192482e+01
5.022000000000e+01  2.479415777548e+01 6.329993205533e+01 1.648397101824e+01 3.573469906492e+01
5.023000000000e+01  2.510502655037e+01 6.307302993250e+01 1.670141885658e+01 3.536535517488e+01
5.024000000000e+01  2.541104694339e+01 6.284047482129e+01 1.691024832759e+01 3.499147841927e+01
5.025000000000e+01  2.571209180483e+01 6.260237840724e+01 1.711035758331e+01 3.461326937958e+01
5.026000000000e+01  2.600803661079e+01 6.235885525231e+01 1.730164939809e+01 3.423093094731e+01
5.027000000000e+01  2.629875952822e+01 6.211002273484e+01 1.748403122113e+01 3.384466821587e+01
5.028000000000e+01  2.658414147839e+01 6.185600098793e+01 1.765741522641e+01 3.345468837127e+01
5.029000000000e+01  2.686406619911e+01 6.159691283640e+01 1.782171836024e+01 3.306120058172e+01
5.030000000000e+01  2.713842030533e+01 6.133288373228e+01 1.797686238609e+01 3.266441588628e+01
5.031000000000e+01  2.740709334836e+01 6.106404168891e+01 1.812277392694e+01 3.226454708235e+01
5.032000000000e+01  2.766997787349e+01 6.079051721369e+01 1.825938450502e+01 3.186180861241e+01
5.033000000000e+01  2.792696947610e+01 6.051244323951e+01 1.838663057884e+01 3.145641644982e+01
5.034000000000e+01  2.817796685616e+01 6.022995505479e+01 1.850445357772e+01 3.104858798380e+01
5.035000000000e+01  2.842287187114e+01 5.994319023238e+01 1.861279993347e+01 3.063854190373e+01
5.036000000000e+01  2.866158958722e+01 5.965228855718e+01 1.871162110956e+01 3.022649808272e+01
5.037000000000e+01  2.889402832894e+01 5.935739195256e+01 1.880087362748e+01 2.981267746062e+01
5.038000000000e+01  2.912009972703e+01 5.905864440564e+01 1.888051909043e+01 2.939730192645e+01
5.039000000000e+01  2.933971876464e+01 5.875619189151e+01 1.895052420427e+01 2.898059420032e+01
5.040000000000e+01  2.955280382171e+01 5.845018229627e+01 1.901086079574e+01 2.856277771499e+01
5.041000000000e+01  2.975927671767e+01 5.814076533920e+01 1.906150582794e+01 2.814407649697e+01
5.042000000000e+01  2.995906275230e+01 5.782809249380e+01 1.910244141307e+01 2.772471504743e+01
5.043000000000e+01  3.015209074477e+01 5.751231690793e+01 1.913365482235e+01 2.730491822283e+01
5.044000000000e+01  3.033829307088e+01 5.719359332309e+01 1.915513849323e+01 2.688491111533e+01
5.045000000000e+01  3.051760569845e+01 5.687207799280e+01 1.916689003384e+01 2.646491893314e+01
5.046000000000e+01  3.068996822077e+01 5.654792860013e+01 1.916891222460e+01 2.604516688085e+01
5.047000000000e+01  3.085532388823e+01 5.622130417455e+01 1.916121301716e+01 2.562588003975e+01
5.048000000000e+01  3.101361963802e+01 5.589236500792e+01 1.914380553046e+01 2.520728324819e+01
5.049000000000e+01  3.116480612190e+01 5.556127256995e+01 1.911670804412e+01 2.478960098215e+01
5.050000000000e+01  3.130883773203e+01 5.522818942285e+01 1.907994398898e+01 2.437305723599e+01
5.051000000000e+01  3.144567262485e+01 5.489327913554e+01 1.903354193499e+01 2.395787540348e+01
5.052000000000e+01  3.157527274298e+01 5.455670619721e+01 1.897753557621e+01 2.354427815918e+01
5.053000000000e+01  3.169760383519e+01 5.421863593039e+01 1.891196371321e+01 2.313248734015e+01
5.054000000000e+01  3.181263547427e+01 5.387923440360e+01 1.883687023262e+01 2.272272382820e+01
5.055000000000e+01  3.192034107305e+01 5.353866834359e+01 1.875230408403e+01 2.231520743262e+01
5.056000000000e+01  3.202069789826e+01 5.319710504715e+01 1.865831925420e+01 2.191015677354e+01
5.057000000000e+01  3.211368708249e+01 5.285471229265e+01 1.855497473848e+01 2.150778916583e+01
5.058000000000e+01  3.219929363404e+01 5.251165825133e+01 1.844233450964e+01 2.110832050384e+01
5.059000000000e+01  3.227750644481e+01 5.216811139835e+01 1.832046748402e+01 2.071196514680e+01
5.060000000000e+01  3.234831829609e+01 5.182424042360e+01 1.818944748501e+01 2.031893580513e+01
5.061000000000e+01  3.241172586232e+01 5.148021414249e+01 1.804935320395e+01 1.992944342758e+01
5.062000000000e+01  3.246772971291e+01 5.113620140661e+01 1.790026815840e+01 1.954369708934e+01
5.063000000000e+01  3.251633431181e+01 5.079237101431e+01 1.774228064783e+01 1.916190388116e+01
5.064000000000e+01  3.255754801528e+01 5.044889162137e+01 1.757548370678e+01 1.878426879952e+01
5.065000000000e+01  3.259138306739e+01 5.010593165170e+01 1.739997505548e+01 1.841099463796e+01
5.066000000000e+01  3.261785559367e+01 4.976365920814e+01 1.721585704797e+01 1.804228187954e+01
5.067000000000e+01  3.263698559257e+01 4.942224198344e+01 1.702323661772e+01 1.767832859058e+01
5.068000000000e+01  3.264879692496e+01 4.908184717140e+01 1.682222522087e+01 1.731933031566e+01
5.069000000000e+01  3.265331730162e+01 4.874264137835e+01 1.661293877698e+01 1.696547997400e+01
5.070000000000e+01  3.265057826864e+01 4.840479053481e+01 1.639549760746e+01 1.661696775721e+01
5.071000000000e+01  3.264061519084e+01 4.806845980763e+01 1.617002637165e+01 1.627398102853e+01
5.072000000000e+01  3.262346723317e+01 4.773381351237e+01 1.593665400051e+01 1.593670422356e+01
5.073000000000e+01  3.259917734016e+01 4.740101502627e+01 1.569551362811e+01 1.560531875259e+01
5.074000000000e+01  3.256779221328e+01 4.707022670161e+01 1.544674252091e+01 1.528000290443e+01
5.075000000000e+01  3.252936228642e+01 4.674160977964e+01 1.519048200470e+01 1.496093175210e+01
5.076000000000e+01  3.248394169934e+01 4.641532430504e+01 1.492687738949e+01 1.464827706003e+01
5.077000000000e+01  3.243158826921e+01 4.609152904112e+01 1.465607789230e+01 1.434220719316e+01
5.078000000000e+01  3.237236346021e+01 4.577038138554e+01 1.437823655772e+01 1.404288702781e+01
5.079000000000e+01  3.230633235115e+01 4.545203728684e+01 1.409351017659e+01 1.375047786440e+01
5.080000000000e+01  3.223356360129e+01 4.513665116169e+01 1.380205920261e+01 1.346513734209e+01
5.081000000000e+01  3.215412941417e+01 4.482437581299e+01 1.350404766696e+01 1.318701935534e+01
5.082000000000e+01  3.206810549964e+01 4.451536234875e+01 1.319964309114e+01 1.291627397252e+01
5.083000000000e+01  3.197557103400e+01 4.420976010189e+01 1.288901639778e+01 1.265304735650e+01
5.084000000000e+01  3.187660861835e+01 4.390771655096e+01 1.257234181979e+01 1.239748168734e+01
5.085000000000e+01  3.177130423513e+01 4.360937724188e+01 1.224979680767e+01 1.214971508712e+01
5.086000000000e+01  3.165974720282e+01 4.331488571064e+01 1.192156193510e+01 1.190988154692e+01
5.087000000000e+01  3.154203012896e+01 4.302438340707e+01 1.158782080293e+01 1.167811085595e+01
5.088000000000e+01  3.141824886138e+01 4.273800961970e+01 1.124875994145e+01 1.145452853298e+01
5.089000000000e+01  3.128850243777e+01 4.245590140180e+01 1.090456871123e+01 1.123925576002e+01
5.090000000000e+01  3.115289303349e+01 4.217819349856e+01 1.055543920233e+01 1.103240931829e+01
5.091000000000e+01  3.101152590784e+01 4.190501827548e+01 1.020156613215e+01 1.083410152656e+01
5.092000000000e+01  3.086450934857e+01 4.163650564801e+01 9.843146741809e+00 1.064444018181e+01
5.093000000000e+01  3.071195461490e+01 4.137278301254e+01 9.480380691255e+00 1.046352850237e+01
5.094000000000e+01  3.055397587894e+01 4.111397517862e+01 9.113469952995e+00 1.029146507344e+01
5.095000000000e+01  3.039069016552e+01 4.086020430262e+01 8.742618704670e+00 1.012834379509e+01
5.096000000000e+01  3.022221729061e+01 4.061158982276e+01 8.368033220413e+00 9.974253832719e+00
5.097000000000e+01  3.004867979818e+01 4.036824839560e+01 7.989921761106e+00 9.829279570100e+00
5.098000000000e+01  2.987020289571e+01 4.013029383390e+01 7.608494463568e+00 9.693500564905e+00
5.099000000000e+01  2.968691438818e+01 3.989783704614e+01 7.223963228755e+00 9.566991506816e+00
5.100000000000e+01  2.949894461079e+01 3.967098597743e+01 6.836541609002e+00 9.449822178225e+00
5.101000000000e+01  2.930642636032e+01 3.944984555205e+01 6.446444694400e+00 9.342057417538e+00
5.102000000000e+01  2.910949482515e+01 3.923451761756e+01 6.053888998341e+00 9.243757085108e+00
5.103000000000e+01  2.890828751408e+01 3.902510089056e+01 5.659092342312e+00 9.154976031814e+00
5.104000000000e+01  2.870294418386e+01 3.882169090409e+01 5.262273739977e+00 9.075764070296e+00
5.105000000000e+01  2.849360676562e+01 3.862437995667e+01 4.863653280636e+00 9.006165948875e+00
5.106000000000e+01  2.828041929004e+01 3.843325706314e+01 4.463452012101e+00 8.946221328158e+00
5.107000000000e+01  2.806352781154e+01 3.824840790711e+01 4.061891823056e+00 8.895964760351e+00
5.108000000000e+01  2.784308033130e+01 3.806991479529e+01 3.659195324972e+00 8.855425671277e+00
5.109000000000e+01  2.761922671929e+01 3.789785661352e+01 3.255585733629e+00 8.824628345130e+00
5.110000000000e+01  2.739211863537e+01 3.773230878463e+01 2.851286750315e+00 8.803591911950e+00
5.111000000000e+01  2.716190944932e+01 3.757334322814e+01 2.446522442762e+00 8.792330337841e+00
5.112000000000e+01  2.692875416010e+01 3.742102832181e+01 2.041517125877e+00 8.790852417932e+00
5.113000000000e+01  2.669280931419e+01 3.727542886503e+01 1.636495242350e+00 8.799161772084e+00
5.114000000000e+01  2.645423292309e+01 3.713660604413e+01 1.231681243171e+00 8.817256843349e+00
5.115000000000e+01  2.621318438012e+01 3.700461739960e+01 8.272994681562e-01 8.845130899170e+00
5.116000000000e+01  2.596982437643e+01 3.687951679521e+01 4.235740265098e-01 8.882772035346e+00
5.117000000000e+01  2.572431481636e+01 3.676135438909e+01 2.072867751795e-02 8.930163182729e+00
5.118000000000e+01  2.547681873216e+01 3.665017660675e+01 -3.810132885857e-01 8.987282116672e+00
5.119000000000e+01  2.522750019809e+01 3.654602611612e+01 -7.814291695084e-01 9.054101469217e+00
5.120000000000e+01  2.497652424401e+01 3.644894180450e+01 -1.180296969480e+00 9.130588744010e+00
5.121000000000e+01  2.472405676844e+01 3.635895875757e+01 -1.577395517466e+00 9.216706333945e+00
5.122000000000e+01  2.447026445122e+01 3.627610824037e+01 -1.972504584948e+00 9.312411541518e+00
5.123000000000e+01  2.421531466563e+01 3.620041768032e+01 -2.365405003210e+00 9.417656601892e+00
5.124000000000e+01  2.395937539035e+01 3.613191065227e+01 -2.755878780068e+00 9.532388708643e+00
5.125000000000e+01  2.370261512087e+01 3.607060686554e+01 -3.143709215978e+00 9.656550042199e+00
5.126000000000e+01  2.344520278085e+01 3.601652215308e+01 -3.528681019471e+00 9.790077800925e+00
5.127000000000e+01  2.318730763311e+01 3.596966846260e+01 -3.910580421842e+00 9.932904234869e+00
5.128000000000e+01  2.292909919048e+01 3.593005384982e+01 -4.289195291031e+00 1.008495668213e+01
5.129000000000e+01  2.267074712659e+01 3.589768247370e+01 -4.664315244655e+00 1.024615760782e+01
5.130000000000e+01  2.241242118647e+01 3.587255459383e+01 -5.035731762103e+00 1.041642464567e+01
5.131000000000e+01  2.215429109720e+01 3.585466656976e+01 -5.403238295660e+00 1.059567064210e+01
5.132000000000e+01  2.189652647853e+01 3.584401086252e+01 -5.766630380583e+00 1.078380370297e+01
5.133000000000e+01  2.163929675358e+01 3.584057603806e+01 -6.125705744079e+00 1.098072724269e+01
5.134000000000e+01  2.138277105968e+01 3.584434677290e+01 -6.480264413129e+00 1.118634003599e+01
5.135000000000e+01  2.112711815927e+01 3.585530386169e+01 -6.830108821089e+00 1.140053627200e+01
5.136000000000e+01  2.087250635109e+01 3.587342422692e+01 -7.175043913032e+00 1.162320561087e+01
5.137000000000e+01  2.061910338161e+01 3.589868093068e+01 -7.514877249746e+00 1.185423324275e+01
5.138000000000e+01  2.036707635670e+01 3.593104318834e+01 -7.849419110368e+00 1.209349994916e+01
5.139000000000e+01  2.011659165372e+01 3.597047638444e+01 -8.178482593564e+00 1.234088216670e+01
5.140000000000e+01  1.986781483393e+01 3.601694209046e+01 -8.501883717227e+00 1.259625205304e+01
5.141000000000e+01  1.962091055537e+01 3.607039808466e+01 -8.819441516629e+00 1.285947755524e+01
5.142000000000e+01  1.937604248622e+01 3.613079837396e+01 -9.130978140974e+00 1.313042248025e+01
5.143000000000e+01  1.913337321868e+01 3.619809321776e+01 -9.436318948305e+00 1.340894656763e+01
5.144000000000e+01  1.889306418342e+01 3.627222915376e+01 -9.735292598711e+00 1.369490556444e+01
5.145000000000e+01  1.865527556466e+01 3.635314902575e+01 -1.002773114578e+01 1.398815130223e+01
5.146000000000e+01  1.842016621587e+01 3.644079201336e+01 -1.031347012628e+01 1.428853177613e+01
5.147000000000e+01  1.818789357625e+01 3.653509366373e+01 -1.059234864794e+01 1.459589122594e+01
5.148000000000e+01  1.795861358789e+01 3.663598592513e+01 -1.086420947541e+01 1.491007021927e+01
5.149000000000e+01  1.773248061375e+01 3.674339718247e+01 -1.112889911420e+01 1.523090573658e+01
5.150000000000e+01  1.750964735645e+01 3.685725229466e+01 -1.138626789272e+01 1.555823125815e+01
5.151000000000e+01  1.729026477801e+01 3.697747263391e+01 -1.163617004225e+01 1.589187685287e+01
5.152000000000e+01  1.707448202042e+01 3.710397612684e+01 -1.187846377480e+01 1.623166926890e+01
5.153000000000e+01  1.686244632723e+01 3.723667729735e+01 -1.211301135893e+01 1.657743202603e+01
5.154000000000e+01  1.665430296610e+01 3.737548731144e+01 -1.233967919338e+01 1.692898550982e+01
5.155000000000e+01  1.645019515244e+01 3.752031402364e+01 -1.255833787850e+01 1.728614706730e+01
5.156000000000e+01  1.625026397408e+01 3.767106202534e+01 -1.276886228545e+01 1.764873110440e+01
5.157000000000e+01  1.605464831710e+01 3.782763269475e+01 -1.297113162313e+01 1.801654918485e+01
5.158000000000e+01  1.586348479278e+01 3.798992424863e+01 -1.316502950285e+01 1.838941013062e+01
5.159000000000e+01  1.567690766578e+01 3.815783179563e+01 -1.335044400054e+01 1.876712012378e+01
5.160000000000e+01  1.549504878357e+01 3.833124739135e+01 -1.352726771671e+01 1.914948280983e+01
5.161000000000e+01  1.531803750702e+01 3.851006009497e+01 -1.369539783393e+01 1.953629940230e+01
5.162000000000e+01  1.514600064245e+01 3.869415602752e+01 -1.385473617188e+01 1.992736878863e+01
5.163000000000e+01  1.497906237488e+01 3.888341843162e+01 -1.400518923991e+01 2.032248763737e+01
5.164000000000e+01  1.481734420275e+01 3.907772773289e+01 -1.414666828718e+01 2.072145050642e+01
5.165000000000e+01  1.466096487396e+01 3.927696160272e+01 -1.427908935011e+01 2.112404995249e+01
5.166000000000e+01  1.451004032343e+01 3.948099502260e+01 -1.440237329745e+01 2.153007664156e+01
5.167000000000e+01  1.436468361207e+01 3.968970034982e+01 -1.451644587263e+01 2.193931946034e+01
5.168000000000e+01  1.422500486727e+01 3.990294738464e+01 -1.462123773360e+01 2.235156562871e+01
5.169000000000e+01  1.409111122489e+01 4.012060343875e+01 -1.471668448992e+01 2.276660081293e+01
5.170000000000e+01  1.396310677284e+01 4.034253340513e+01 -1.480272673736e+01 2.318420923979e+01
5.171000000000e+01  1.384109249624e+01 4.056859982912e+01 -1.487931008964e+01 2.360417381141e+01
5.172000000000e+01  1.372516622415e+01 4.079866298082e+01 -1.494638520764e+01 2.402627622080e+01
5.173000000000e+01  1.361542257797e+01 4.103258092870e+01 -1.500390782576e+01 2.445029706796e+01
5.174000000000e+01  1.351195292151e+01 4.127020961434e+01 -1.505183877568e+01 2.487601597669e+01
5.175000000000e+01  1.341484531268e+01 4.151140292837e+01 -1.509014400724e+01 2.530321171171e+01
5.176000000000e+01  1.332418445695e+01 4.175601278750e+01 -1.511879460667e+01 2.573166229640e+01
5.177000000000e+01  1.324005166252e+01 4.200388921257e+01 -1.513776681201e+01 2.616114513080e+01
5.178000000000e+01  1.316252479717e+01 4.225488040770e+01 -1.514704202569e+01 2.659143710994e+01
5.179000000000e+01  1.309167824700e+01 4.250883284036e+01 -1.514660682443e+01 2.702231474246e+01
5.180000000000e+01  1.302758287683e+01 4.276559132245e+01 -1.513645296621e+01 2.745355426936e+01
5.181000000000e+01  1.297030599247e+01 4.302499909216e+01 -1.511657739451e+01 2.788493178291e+01
5.182000000000e+01  1.291991130478e+01 4.328689789684e+01 -1.508698223972e+01 2.831622334558e+01
5.183000000000e+01  1.287645889557e+01 4.355112807660e+01 -1.504767481770e+01 2.874720510900e+01
5.184000000000e+01  1.284000518534e+01 4.381752864866e+01 -1.499866762550e+01 2.917765343278e+01
5.185000000000e+01  1.281060290284e+01 4.408593739250e+01 -1.493997833435e+01 2.960734500326e+01
5.186000000000e+01  1.278830105661e+01 4.435619093568e+01 -1.487162977966e+01 3.003605695202e+01
5.187000000000e+01  1.277314490822e+01 4.462812484023e+01 -1.479364994832e+01 3.046356697414e+01
5.188000000000e+01  1.276517594760e+01 4.490157368974e+01 -1.470607196313e+01 3.088965344609e+01
5.189000000000e+01  1.276443187005e+01 4.517637117694e+01 -1.460893406437e+01 3.131409554329e+01
5.190000000000e+01  1.277094655538e+01 4.545235019182e+01 -1.450227958862e+01 3.173667335715e+01
5.191000000000e+01  1.278475004873e+01 4.572934291015e+01 -1.438615694469e+01 3.215716801160e+01
5.192000000000e+01  1.280586854350e+01 4.600718088251e+01 -1.426061958679e+01 3.257536177911e+01
5.193000000000e+01  1.283432436606e+01 4.628569512362e+01 -1.412572598491e+01 3.299103819591e+01
5.194000000000e+01  1.287013596248e+01 4.656471620201e+01 -1.398153959235e+01 3.340398217669e+01
5.195000000000e+01  1.291331788706e+01 4.684407432998e+01 -1.382812881058e+01 3.381398012835e+01
5.196000000000e+01  1.296388079293e+01 4.712359945377e+01 -1.366556695120e+01 3.422082006305e+01
5.197000000000e+01  1.302183142447e+01 4.740312134393e+01 -1.349393219532e+01 3.462429171029e+01
5.198000000000e+01  1.308717261169e+01 4.768246968582e+01 -1.331330755004e+01 3.502418662808e+01
5.199000000000e+01  1.315990326650e+01 4.796147417018e+01 -1.312378080237e+01 3.542029831310e+01
5.200000000000e+01  1.324001838097e+01 4.823996458379e+01 -1.292544447035e+01 3.581242230974e+01
5.201000000000e+01  1.332750902744e+01 4.851777090002e+01 -1.271839575159e+01 3.620035631807e+01
5.202000000000e+01  1.342236236057e+01 4.879472336947e+01 -1.250273646908e+01 3.658390030062e+01
5.203000000000e+01  1.352456162130e+01 4.907065261035e+01 -1.227857301445e+01 3.696285658788e+01
5.204000000000e+01  1.363408614272e+01 4.934538969881e+01 -1.204601628862e+01 3.733702998252e+01
5.205000000000e+01  1.375091135782e+01 4.961876625905e+01 -1.180518163990e+01 3.770622786230e+01
5.206000000000e+01  1.387500880917e+01 4.989061455314e+01 -1.155618879953e+01 3.807026028155e+01
5.207000000000e+01  1.400634616047e+01 5.016076757057e+01 -1.129916181477e+01 3.842894007114e+01
5.208000000000e+01  1.414488720999e+01 5.042905911744e+01 -1.103422897950e+01 3.878208293704e+01
5.209000000000e+01  1.429059190587e+01 5.069532390525e+01 -1.076152276244e+01 3.912950755727e+01
5.210000000000e+01  1.444341636335e+01 5.095939763928e+01 -1.048117973293e+01 3.947103567723e+01
5.211000000000e+01  1.460331288382e+01 5.122111710639e+01 -1.019334048444e+01 3.980649220341e+01
5.212000000000e+01  1.477022997572e+01 5.148032026235e+01 -9.898149555749e+00 4.013570529540e+01
5.213000000000e+01  1.494411237739e+01 5.173684631854e+01 -9.595755349915e+00 4.045850645608e+01
5.214000000000e+01  1.512490108164e+01 5.199053582801e+01 -9.286310051011e+00 4.077473062012e+01
5.215000000000e+01  1.531253336228e+01 5.224123077088e+01 -8.969969538755e+00 4.108421624060e+01
5.216000000000e+01  1.550694280246e+01 5.248877463891e+01 -8.646893301043e+00 4.138680537371e+01
5.217000000000e+01  1.570805932480e+01 5.273301251940e+01 -8.317244344458e+00 4.168234376158e+01
5.218000000000e+01  1.591580922346e+01 5.297379117814e+01 -7.981189102807e+00 4.197068091315e+01
5.219000000000e+01  1.613011519795e+01 5.321095914158e+01 -7.638897343760e+00 4.225167018301e+01
5.220000000000e+01  1.635089638880e+01 5.344436677794e+01 -7.290542073642e+00 4.252516884822e+01
5.221000000000e+01  1.657806841509e+01 5.367386637749e+01 -6.936299440454e+00 4.279103818304e+01
5.222000000000e+01  1.681154341379e+01 5.389931223169e+01 -6.576348635197e+00 4.304914353159e+01
5.223000000000e+01  1.705123008089e+01 5.412056071129e+01 -6.210871791553e+00 4.329935437830e+01
5.224000000000e+01  1.729703371439e+01 5.433747034334e+01 -5.840053884017e+00 4.354154441622e+01
5.225000000000e+01  1.754885625913e+01 5.454990188702e+01 -5.464082624540e+00 4.377559161314e+01
5.226000000000e+01  1.780659635341e+01 5.475771840827e+01 -5.083148357774e+00 4.400137827537e+01
5.227000000000e+01  1.807014937745e+01 5.496078535317e+01 -4.697443954986e+00 4.421879110937e+01
5.228000000000e+01  1.833940750363e+01 5.515897062006e+01 -4.307164706731e+00 4.442772128099e+01
5.229000000000e+01  1.861425974864e+01 5.535214463028e+01 -3.912508214358e+00 4.462806447236e+01
5.230000000000e+01  1.889459202734e+01 5.554018039763e+01 -3.513674280444e+00 4.481972093648e+01
5.231000000000e+01  1.918028720852e+01 5.572295359632e+01 -3.110864798227e+00 4.500259554937e+01
5.232000000000e+01  1.947122517242e+01 5.590034262761e+01 -2.704283640130e+00 4.517659785982e+01
5.233000000000e+01  1.976728287009e+01 5.607222868486e+01 -2.294136545456e+00 4.534164213666e+01
5.234000000000e+01  2.006833438450e+01 5.623849581714e+01 -1.880631007352e+00 4.549764741358e+01
5.235000000000e+01  2.037425099353e+01 5.639903099130e+01 -1.463976159099e+00 4.564453753144e+01
5.236000000000e+01  2.068490123465e+01 5.655372415242e+01 -1.044382659848e+00 4.578224117811e+01
5.237000000000e+01  2.100015097140e+01 5.670246828274e+01 -6.220625798521e-01 4.591069192561e+01
5.238000000000e+01  2.131986346170e+01 5.684515945892e+01 -1.972292852954e-01 4.602982826489e+01
5.239000000000e+01  2.164389942775e+01 5.698169690764e+01 2.299026772048e-01 4.613959363780e+01
5.240000000000e+01  2.197211712782e+01 5.711198305955e+01 6.591176963484e-01 4.623993646662e+01
5.241000000000e+01  2.230437242959e+01 5.723592360149e+01 1.090199212075e+00 4.633081018083e+01
5.242000000000e+01  2.264051888525e+01 5.735342752706e+01 1.522929831586e+00 4.641217324128e+01
5.243000000000e+01  2.298040780820e+01 5.746440718537e+01 1.957091445397e+00 4.648398916167e+01
5.244000000000e+01  2.332388835141e+01 5.756877832806e+01 2.392465343343e+00 4.654622652733e+01
5.245000000000e+01  2.367080758722e+01 5.766646015455e+01 2.828832330488e+00 4.659885901128e+01
5.246000000000e+01  2.402101058887e+01 5.775737535549e+01 3.265972842853e+00 4.664186538756e+01
5.247000000000e+01  2.437434051332e+01 5.784145015442e+01 3.703667062926e+00 4.667522954188e+01
5.248000000000e+01  2.473063868561e+01 5.791861434756e+01 4.141695034878e+00 4.669894047938e+01
5.249000000000e+01  2.508974468459e+01 5.798880134179e+01 4.579836779446e+00 4.671299232976e+01
5.250000000000e+01  2.545149642996e+01 5.805194819081e+01 5.017872408422e+00 4.671738434954e+01
5.251000000000e+01  2.581573027059e+01 5.810799562934e+01 5.455582238710e+00 4.671212092162e+01
5.252000000000e+01  2.618228107403e+01 5.815688810555e+01 5.892746905899e+00 4.669721155195e+01
5.253000000000e+01  2.655098231717e+01 5.819857381155e+01 6.329147477313e+00 4.667267086347e+01
5.254000000000e+01  2.692166617798e+01 5.823300471195e+01 6.764565564503e+00 4.663851858728e+01
5.255000000000e+01  2.729416362821e+01 5.826013657058e+01 7.198783435141e+00 4.659477955092e+01
5.256000000000e+01  2.766830452708e+01 5.827992897521e+01 7.631584124278e+00 4.654148366399e+01
5.257000000000e+01  2.804391771573e+01 5.829234536039e+01 8.062751544940e+00 4.647866590084e+01
5.258000000000e+01  2.842083111250e+01 5.829735302835e+01 8.492070598032e+00 4.640636628060e+01
5.259000000000e+01  2.879887180890e+01 5.829492316789e+01 8.919327281512e+00 4.632462984442e+01
5.260000000000e+01  2.917786616617e+01 5.828503087135e+01 9.344308798817e+00 4.623350662986e+01
5.261000000000e+01  2.955763991237e+01 5.826765514957e+01 9.766803666503e+00 4.613305164269e+01
5.262000000000e+01  2.993801823989e+01 5.824277894493e+01 1.018660182109e+01 4.602332482585e+01
5.263000000000e+01  3.031882590343e+01 5.821038914229e+01 1.060349472504e+01 4.590439102577e+01
5.264000000000e+01  3.069988731812e+01 5.817047657800e+01 1.101727547193e+01 4.577631995598e+01
5.265000000000e+01  3.108102665794e+01 5.812303604690e+01 1.142773889069e+01 4.563918615808e+01
5.266000000000e+01  3.146206795423e+01 5.806806630719e+01 1.183468164893e+01 4.549306896008e+01
5.267000000000e+01  3.184283519430e+01 5.800557008340e+01 1.223790235535e+01 4.533805243213e+01
5.268000000000e+01  3.222315241989e+01 5.793555406722e+01 1.263720166114e+01 4.517422533971e+01
5.269000000000e+01  3.260284382563e+01 5.785802891631e+01 1.303238236042e+01 4.500168109421e+01
5.270000000000e+01  3.298173385730e+01 5.777300925104e+01 1.342324948959e+01 4.482051770113e+01
5.271000000000e+01  3.335964730979e+01 5.768051364919e+01 1.380961042569e+01 4.463083770568e+01
5.272000000000e+01  3.373640942478e+01 5.758056463851e+01 1.419127498353e+01 4.443274813604e+01
5.273000000000e+01  3.411184598802e+01 5.747318868728e+01 1.456805551186e+01 4.422636044420e+01
5.274000000000e+01  3.448578342613e+01 5.735841619275e+01 1.493976698820e+01 4.401179044445e+01
5.275000000000e+01  3.485804890292e+01 5.723628146748e+01 1.530622711253e+01 4.378915824958e+01
5.276000000000e+01  3.522847041509e+01 5.710682272360e+01 1.566725639978e+01 4.355858820478e+01
5.277000000000e+01  3.559687688732e+01 5.697008205504e+01 1.602267827091e+01 4.332020881934e+01
5.278000000000e+01  3.596309826664e+01 5.682610541756e+01 1.637231914273e+01 4.307415269618e+01
5.279000000000e+01  3.632696561605e+01 5.667494260680e+01 1.671600851638e+01 4.282055645925e+01
5.280000000000e+01  3.668831120734e+01 5.651664723422e+01 1.705357906427e+01 4.255956067880e+01
5.281000000000e+01  3.704696861308e+01 5.635127670092e+01 1.738486671568e+01 4.229130979466e+01
5.282000000000e+01  3.740277279767e+01 5.617889216947e+01 1.770971074075e+01 4.201595203751e+01
5.283000000000e+01  3.775556020741e+01 5.599955853362e+01 1.802795383299e+01 4.173363934823e+01
5.284000000000e+01  3.810516885971e+01 5.581334438598e+01 1.833944219014e+01 4.144452729530e+01
5.285000000000e+01  3.845143843105e+01 5.562032198370e+01 1.864402559340e+01 4.114877499037e+01
5.286000000000e+01  3.879421034405e+01 5.542056721205e+01 1.894155748492e+01 4.084654500212e+01
5.287000000000e+01  3.913332785334e+01 5.521415954610e+01 1.923189504364e+01 4.053800326822e+01
5.288000000000e+01  3.946863613024e+01 5.500118201030e+01 1.951489925925e+01 4.022331900571e+01
5.289000000000e+01  3.979998234627e+01 5.478172113615e+01 1.979043500434e+01 3.990266461968e+01
5.290000000000e+01  4.012721575546e+01 5.455586691795e+01 2.005837110469e+01 3.957621561040e+01
5.291000000000e+01  4.045018777534e+01 5.432371276653e+01 2.031858040761e+01 3.924415047881e+01
5.292000000000e+01  4.076875206663e+01 5.408535546115e+01 2.057093984833e+01 3.890665063063e+01
5.293000000000e+01  4.108276461160e+01 5.384089509949e+01 2.081533051433e+01 3.856390027895e+01
5.294000000000e+01  4.139208379108e+01 5.359043504581e+01 2.105163770768e+01 3.821608634542e+01
5.295000000000e+01  4.169657046002e+01 5.333408187723e+01 2.127975100520e+01 3.786339836020e+01
5.296000000000e+01  4.199608802163e+01 5.307194532825e+01 2.149956431657e+01 3.750602836048e+01
5.297000000000e+01  4.229050250009e+01 5.280413823354e+01 2.171097594016e+01 3.714417078789e+01
5.298000000000e+01  4.257968261171e+01 5.253077646891e+01 2.191388861676e+01 3.677802238463e+01
5.299000000000e+01  4.286349983460e+01 5.225197889063e+01 2.210820958091e+01 3.640778208858e+01
5.300000000000e+01  4.314182847674e+01 5.196786727309e+01 2.229385061008e+01 3.603365092721e+01
5.301000000000e+01  4.341454574257e+01 5.167856624478e+01 2.247072807147e+01 3.565583191057e+01
5.302000000000e+01  4.368153179780e+01 5.138420322274e+01 2.263876296638e+01 3.527452992330e+01
5.303000000000e+01  4.394266983278e+01 5.108490834538e+01 2.279788097236e+01 3.488995161563e+01
5.304000000000e+01  4.419784612404e+01 5.078081440381e+01 2.294801248275e+01 3.450230529370e+01
5.305000000000e+01  4.444695009422e+01 5.047205677170e+01 2.308909264396e+01 3.411180080890e+01
5.306000000000e+01  4.468987437028e+01 5.015877333370e+01 2.322106139012e+01 3.371864944658e+01
5.307000000000e+01  4.492651483997e+01 4.984110441243e+01 2.334386347536e+01 3.332306381403e+01
5.308000000000e+01  4.515677070647e+01 4.951919269411e+01 2.345744850348e+01 3.292525772783e+01
5.309000000000e+01  4.538054454137e+01 4.919318315291e+01 2.356177095515e+01 3.252544610064e+01
5.310000000000e+01  4.559774233572e+01 4.886322297399e+01 2.365679021252e+01 3.212384482743e+01
5.311000000000e+01  4.580827354927e+01 4.852946147537e+01 2.374247058127e+01 3.172067067129e+01
5.312000000000e+01  4.601205115792e+01 4.819205002849e+01 2.381878131002e+01 3.131614114881e+01
5.313000000000e+01  4.620899169922e+01 4.785114197779e+01 2.388569660722e+01 3.091047441515e+01
5.314000000000e+01  4.639901531598e+01 4.750689255905e+01 2.394319565536e+01 3.050388914875e+01
5.315000000000e+01  4.658204579803e+01 4.715945881681e+01 2.399126262256e+01 3.009660443586e+01
5.316000000000e+01  4.675801062191e+01 4.680899952068e+01 2.402988667153e+01 2.968883965491e+01
5.317000000000e+01  4.692684098879e+01 4.645567508075e+01 2.405906196592e+01 2.928081436074e+01
5.318000000000e+01  4.708847186022e+01 4.609964746211e+01 2.407878767393e+01 2.887274816875e+01
5.319000000000e+01  4.724284199203e+01 4.574108009846e+01 2.408906796937e+01 2.846486063908e+01
5.320000000000e+01  4.738989396619e+01 4.538013780495e+01 2.408991202997e+01 2.805737116088e+01
5.321000000000e+01  4.752957422060e+01 4.501698669025e+01 2.408133403310e+01 2.765049883666e+01
5.322000000000e+01  4.766183307691e+01 4.465179406788e+01 2.406335314879e+01 2.724446236679e+01
5.323000000000e+01  4.778662476627e+01 4.428472836694e+01 2.403599353013e+01 2.683947993434e+01
5.324000000000e+01  4.790390745298e+01 4.391595904215e+01 2.399928430096e+01 2.643576909010e+01
5.325000000000e+01  4.801364325616e+01 4.354565648337e+01 2.395325954101e+01 2.603354663804e+01
5.326000000000e+01  4.811579826921e+01 4.317399192462e+01 2.389795826826e+01 2.563302852112e+01
5.327000000000e+01  4.821034257732e+01 4.280113735260e+01 2.383342441883e+01 2.523442970765e+01
5.328000000000e+01  4.829725027276e+01 4.242726541481e+01 2.375970682412e+01 2.483796407809e+01
5.329000000000e+01  4.837649946811e+01 4.205254932731e+01 2.367685918540e+01 2.444384431251e+01
5.330000000000e+01  4.844807230740e+01 4.167716278217e+01 2.358494004583e+01 2.405228177868e+01
5.331000000000e+01  4.851195497510e+01 4.130127985468e+01 2.348401275981e+01 2.366348642082e+01
5.332000000000e+01  4.856813770295e+01 4.092507491028e+01 2.337414545984e+01 2.327766664919e+01
5.333000000000e+01  4.861661477476e+01 4.054872251140e+01 2.325541102081e+01 2.289502923043e+01
5.334000000000e+01  4.865738452898e+01 4.017239732416e+01 2.312788702178e+01 2.251577917883e+01
5.335000000000e+01  4.869044935917e+01 3.979627402503e+01 2.299165570518e+01 2.214011964847e+01
5.336000000000e+01  4.871581571238e+01 3.942052720744e+01 2.284680393364e+01 2.176825182642e+01
5.337000000000e+01  4.873349408532e+01 3.904533128849e+01 2.269342314421e+01 2.140037482695e+01
5.338000000000e+01  4.874349901849e+01 3.867086041568e+01 2.253160930030e+01 2.103668558680e+01
5.339000000000e+01  4.874584908810e+01 3.829728837390e+01 2.236146284106e+01 2.067737876170e+01
5.340000000000e+01  4.874056689588e+01 3.792478849244e+01 2.218308862848e+01 2.032264662400e+01
5.341000000000e+01  4.872767905687e+01 3.755353355244e+01 2.199659589206e+01 1.997267896160e+01
5.342000000000e+01  4.870721618494e+01 3.718369569446e+01 2.180209817120e+01 1.962766297823e+01
5.343000000000e+01  4.867921287633e+01 3.681544632650e+01 2.159971325526e+01 1.928778319503e+01
5.344000000000e+01  4.864370769107e+01 3.644895603239e+01 2.138956312136e+01 1.895322135361e+01
5.345000000000e+01  4.860074313222e+01 3.608439448059e+01 2.117177386997e+01 1.862415632052e+01
5.346000000000e+01  4.855036562320e+01 3.572193033350e+01 2.094647565825e+01 1.830076399328e+01
5.347000000000e+01  4.849262548290e+01 3.536173115734e+01 2.071380263131e+01 1.798321720796e+01
5.348000000000e+01  4.842757689882e+01 3.500396333255e+01 2.047389285123e+01 1.767168564839e+01
5.349000000000e+01  4.835527789816e+01 3.464879196486e+01 2.022688822413e+01 1.736633575703e+01
5.350000000000e+01  4.827579031689e+01 3.429638079710e+01 1.997293442503e+01 1.706733064754e+01
5.351000000000e+01  4.818917976678e+01 3.394689212159e+01 1.971218082088e+01 1.677483001911e+01
5.352000000000e+01  4.809551560050e+01 3.360048669348e+01 1.944478039146e+01 1.648899007260e+01
5.353000000000e+01  4.799487087468e+01 3.325732364480e+01 1.917088964847e+01 1.620996342853e+01
5.354000000000e+01  4.788732231105e+01 3.291756039938e+01 1.889066855264e+01 1.593789904695e+01
5.355000000000e+01  4.777295025570e+01 3.258135258876e+01 1.860428042914e+01 1.567294214923e+01
5.356000000000e+01  4.765183863633e+01 3.224885396897e+01 1.831189188102e+01 1.541523414188e+01
5.357000000000e+01  4.752407491765e+01 3.192021633837e+01 1.801367270107e+01 1.516491254229e+01
5.358000000000e+01  4.738975005499e+01 3.159558945652e+01 1.770979578186e+01 1.492211090660e+01
5.359000000000e+01  4.724895844591e+01 3.127512096410e+01 1.740043702422e+01 1.468695875965e+01
5.360000000000e+01  4.710179788017e+01 3.095895630403e+01 1.708577524401e+01 1.445958152701e+01
5.361000000000e+01  4.694836948779e+01 3.064723864374e+01 1.676599207749e+01 1.424010046924e+01
5.362000000000e+01  4.678877768538e+01 3.034010879860e+01 1.644127188500e+01 1.402863261830e+01
5.363000000000e+01  4.662313012073e+01 3.003770515667e+01 1.611180165340e+01 1.382529071619e+01
5.364000000000e+01  4.645153761577e+01 2.974016360474e+01 1.577777089689e+01 1.363018315593e+01
5.365000000000e+01  4.627411410768e+01 2.944761745564e+01 1.543937155666e+01 1.344341392472e+01
5.366000000000e+01  4.609097658857e+01 2.916019737703e+01 1.509679789920e+01 1.326508254951e+01
5.367000000000e+01  4.590224504338e+01 2.887803132149e+01 1.475024641328e+01 1.309528404491e+01
5.368000000000e+01  4.570804238628e+01 2.860124445813e+01 1.439991570590e+01 1.293410886346e+01
5.369000000000e+01  4.550849439550e+01 2.832995910565e+01 1.404600639696e+01 1.278164284835e+01
5.370000000000e+01  4.530372964663e+01 2.806429466692e+01 1.368872101301e+01 1.263796718850e+01
5.371000000000e+01  4.509387944454e+01 2.780436756514e+01 1.332826387983e+01 1.250315837620e+01
5.372000000000e+01  4.487907775367e+01 2.755029118159e+01 1.296484101419e+01 1.237728816713e+01
5.373000000000e+01  4.465946112712e+01 2.730217579489e+01 1.259866001461e+01 1.226042354298e+01
5.374000000000e+01  4.443516863425e+01 2.706012852211e+01 1.222992995133e+01 1.215262667648e+01
5.375000000000e+01  4.420634178695e+01 2.682425326139e+01 1.185886125547e+01 1.205395489910e+01
5.376000000000e+01  4.397312446469e+01 2.659465063633e+01 1.148566560749e+01 1.196446067118e+01
5.377000000000e+01  4.373566283827e+01 2.637141794217e+01 1.111055582498e+01 1.188419155475e+01
5.378000000000e+01  4.349410529235e+01 2.615464909368e+01 1.073374574980e+01 1.181319018881e+01
5.379000000000e+01  4.324860234685e+01 2.594443457485e+01 1.035545013474e+01 1.175149426736e+01
5.380000000000e+01  4.299930657718e+01 2.574086139048e+01 9.975884529656e+00 1.169913651994e+01
5.381000000000e+01  4.274637253342e+01 2.554401301951e+01 9.595265167184e+00 1.165614469478e+01
5.382000000000e+01  4.248995665842e+01 2.535396937029e+01 9.213808848096e+00 1.162254154468e+01
5.383000000000e+01  4.223021720493e+01 2.517080673778e+01 8.831732826352e+00 1.159834481545e+01
5.384000000000e+01  4.196731415178e+01 2.499459776259e+01 8.449254693905e+00 1.158356723703e+01
5.385000000000e+01  4.170140911909e+01 2.482541139201e+01 8.066592265328e+00 1.157821651723e+01
5.386000000000e+01  4.143266528268e+01 2.466331284303e+01 7.683963462322e+00 1.158229533817e+01
5.387000000000e+01  4.116124728762e+01 2.450836356728e+01 7.301586198159e+00 1.159580135535e+01
5.388000000000e+01  4.088732116102e+01 2.436062121799e+01 6.919678262139e+00 1.161872719936e+01
5.389000000000e+01  4.061105422407e+01 2.422013961905e+01 6.538457204096e+00 1.165106048029e+01
5.390000000000e+01  4.033261500342e+01 2.408696873595e+01 6.158140219042e+00 1.169278379479e+01
5.391000000000e+01  4.005217314191e+01 2.396115464893e+01 5.778944031992e+00 1.174387473572e+01
5.392000000000e+01  3.976989930871e+01 2.384273952808e+01 5.401084783036e+00 1.180430590451e+01
5.393000000000e+01  3.948596510892e+01 2.373176161057e+01 5.024777912720e+00 1.187404492615e+01
5.394000000000e+01  3.920054299264e+01 2.362825517998e+01 4.650238047797e+00 1.195305446677e+01
5.395000000000e+01  3.891380616371e+01 2.353225054767e+01 4.277678887409e+00 1.204129225391e+01
5.396000000000e+01  3.862592848788e+01 2.344377403636e+01 3.907313089759e+00 1.213871109935e+01
5.397000000000e+01  3.833708440078e+01 2.336284796571e+01 3.539352159329e+00 1.224525892454e+01
5.398000000000e+01  3.804744881550e+01 2.328949064012e+01 3.174006334714e+00 1.236087878864e+01
5.399000000000e+01  3.775719702995e+01 2.322371633862e+01 2.811484477125e+00 1.248550891914e+01
5.400000000000e+01  3.746650463403e+01 2.316553530691e+01 2.451993959614e+00 1.261908274498e+01
5.401000000000e+01  3.717554741662e+01 2.311495375155e+01 2.095740557102e+00 1.276152893228e+01
5.402000000000e+01  3.688450127248e+01 2.307197383624e+01 1.742928337230e+00 1.291277142256e+01
5.403000000000e+01  3.659354210908e+01 2.303659368037e+01 1.393759552140e+00 1.307272947342e+01
5.404000000000e+01  3.630284575345e+01 2.300880735955e+01 1.048434531192e+00 1.324131770175e+01
5.405000000000e+01  3.601258785905e+01 2.298860490844e+01 7.071515747197e-01 1.341844612938e+01
5.406000000000e+01  3.572294381275e+01 2.297597232566e+01 3.701068488478e-01 1.360402023116e+01
5.407000000000e+01  3.543408864193e+01 2.297089158079e+01 3.749428144394e-02 1.379794098544e+01
5.408000000000e+01  3.514619692181e+01 2.297334062362e+01 -2.904945407443e-01 1.400010492692e+01
5.409000000000e+01  3.485944268296e+01 2.298329339548e+01 -6.136704737129e-01 1.421040420189e+01
5.410000000000e+01  3.457399931917e+01 2.300071984264e+01 -9.318469165320e-01 1.442872662572e+01
5.411000000000e+01  3.429003949560e+01 2.302558593197e+01 -1.244839910328e+00 1.465495574273e+01
5.412000000000e+01  3.400773505736e+01 2.305785366855e+01 -1.552468235869e+00 1.488897088825e+01
5.413000000000e+01  3.372725693849e+01 2.309748111551e+01 -1.854553509695e+00 1.513064725294e+01
5.414000000000e+01  3.344877507145e+01 2.314442241594e+01 -2.150920278754e+00 1.537985594929e+01
5.415000000000e+01  3.317245829712e+01 2.319862781678e+01 -2.441396113477e+00 1.563646408026e+01
5.416000000000e+01  3.289847427540e+01 2.326004369494e+01 -2.725811699255e+00 1.590033481012e+01
5.417000000000e+01  3.262698939643e+01 2.332861258534e+01 -3.004000926273e+00 1.617132743725e+01
5.418000000000e+01  3.235816869249e+01 2.340427321105e+01 -3.275800977635e+00 1.644929746908e+01
5.419000000000e+01  3.209217575057e+01 2.348696051546e+01 -3.541052415754e+00 1.673409669903e+01
5.420000000000e+01  3.182917262581e+01 2.357660569642e+01 -3.799599266948e+00 1.702557328533e+01
5.421000000000e+01  3.156931975564e+01 2.367313624241e+01 -4.051289104202e+00 1.732357183189e+01
5.422000000000e+01  3.131277587487e+01 2.377647597063e+01 -4.295973128057e+00 1.762793347093e+01
5.423000000000e+01  3.105969793162e+01 2.388654506710e+01 -4.533506245566e+00 1.793849594754e+01
5.424000000000e+01  3.081024100422e+01 2.400326012863e+01 -4.763747147300e+00 1.825509370597e+01
5.425000000000e+01  3.056455821913e+01 2.412653420673e+01 -4.986558382343e+00 1.857755797768e+01
5.426000000000e+01  3.032280066983e+01 2.425627685340e+01 -5.201806431243e+00 1.890571687111e+01
5.427000000000e+01  3.008511733688e+01 2.439239416874e+01 -5.409361776887e+00 1.923939546310e+01
5.428000000000e+01  2.985165500901e+01 2.453478885049e+01 -5.609098973252e+00 1.957841589186e+01
5.429000000000e+01  2.962255820542e+01 2.468336024522e+01 -5.800896712000e+00 1.992259745158e+01
5.430000000000e+01  2.939796909929e+01 2.483800440145e+01 -5.984637886882e+00 2.027175668846e+01
5.431000000000e+01  2.917802744250e+01 2.499861412446e+01 -6.160209655921e+00 2.062570749827e+01
5.432000000000e+01  2.896287049170e+01 2.516507903279e+01 -6.327503501332e+00 2.098426122523e+01
5.433000000000e+01  2.875263293562e+01 2.533728561650e+01 -6.486415287156e+00 2.134722676230e+01
5.434000000000e+01  2.854744682379e+01 2.551511729703e+01 -6.636845314569e+00 2.171441065276e+01
5.435000000000e+01  2.834744149667e+01 2.569845448873e+01 -6.778698374850e+00 2.208561719298e+01
5.436000000000e+01  2.815274351721e+01 2.588717466197e+01 -6.911883799963e+00 2.246064853647e+01
5.437000000000e+01  2.796347660383e+01 2.608115240782e+01 -7.036315510739e+00 2.283930479893e+01
5.438000000000e+01  2.777976156503e+01 2.628025950425e+01 -7.151912062630e+00 2.322138416452e+01
5.439000000000e+01  2.760171623540e+01 2.648436498387e+01 -7.258596689008e+00 2.360668299304e+01
5.440000000000e+01  2.742945541333e+01 2.669333520301e+01 -7.356297341984e+00 2.399499592815e+01
5.441000000000e+01  2.726309080024e+01 2.690703391241e+01 -7.444946730737e+00 2.438611600640e+01
5.442000000000e+01  2.710273094153e+01 2.712532232909e+01 -7.524482357319e+00 2.477983476723e+01
5.443000000000e+01  2.694848116916e+01 2.734805920973e+01 -7.594846549920e+00 2.517594236367e+01
5.444000000000e+01  2.680044354594e+01 2.757510092526e+01 -7.655986493591e+00 2.557422767378e+01
5.445000000000e+01  2.665871681155e+01 2.780630153680e+01 -7.707854258382e+00 2.597447841280e+01
5.446000000000e+01  2.652339633038e+01 2.804151287271e+01 -7.750406824901e+00 2.637648124587e+01
5.447000000000e+01  2.639457404107e+01 2.828058460697e+01 -7.783606107279e+00 2.678002190134e+01
5.448000000000e+01  2.627233840794e+01 2.852336433857e+01 -7.807418973514e+00 2.718488528453e+01
5.449000000000e+01  2.615677437423e+01 2.876969767215e+01 -7.821817263200e+00 2.759085559195e+01
5.450000000000e+01  2.604796331726e+01 2.901942829955e+01 -7.826777802627e+00 2.799771642590e+01
5.451000000000e+01  2.594598300539e+01 2.927239808251e+01 -7.822282417235e+00 2.840525090933e+01
5.452000000000e+01  2.585090755697e+01 2.952844713623e+01 -7.808317941427e+00 2.881324180099e+01
5.453000000000e+01  2.576280740126e+01 2.978741391399e+01 -7.784876225738e+00 2.922147161079e+01
5.454000000000e+01  2.568174924117e+01 3.004913529253e+01 -7.751954141335e+00 2.962972271521e+01
5.455000000000e+01  2.560779601815e+01 3.031344665835e+01 -7.709553581880e+00 3.003777747281e+01
5.456000000000e+01  2.554100687895e+01 3.058018199478e+01 -7.657681462719e+00 3.044541833983e+01
5.457000000000e+01  2.548143714445e+01 3.084917396982e+01 -7.596349717423e+00 3.085242798553e+01
5.458000000000e+01  2.542913828054e+01 3.112025402466e+01 -7.525575291677e+00 3.125858940765e+01
5.459000000000e+01  2.538415787099e+01 3.139325246284e+01 -7.445380134514e+00 3.166368604749e+01
5.460000000000e+01  2.534653959244e+01 3.166799854011e+01 -7.355791186901e+00 3.206750190488e+01
5.461000000000e+01  2.531632319143e+01 3.194432055470e+01 -7.256840367689e+00 3.246982165274e+01
5.462000000000e+01  2.529354446352e+01 3.222204593829e+01 -7.148564556932e+00 3.287043075140e+01
5.463000000000e+01  2.527823523456e+01 3.250100134728e+01 -7.031005576577e+00 3.326911556237e+01
5.464000000000e+01  2.527042334396e+01 3.278101275460e+01 -6.904210168547e+00 3.366566346169e+01
5.465000000000e+01  2.527013263022e+01 3.306190554180e+01 -6.768229970216e+00 3.405986295274e+01
5.466000000000e+01  2.527738291848e+01 3.334350459154e+01 -6.623121487308e+00 3.445150377842e+01
5.467000000000e+01  2.529219001022e+01 3.362563438029e+01 -6.468946064205e+00 3.484037703267e+01
5.468000000000e+01  2.531456567515e+01 3.390811907131e+01 -6.305769851715e+00 3.522627527124e+01
5.469000000000e+01  2.534451764519e+01 3.419078260776e+01 -6.133663772288e+00 3.560899262176e+01
5.470000000000e+01  2.538204961062e+01 3.447344880596e+01 -5.952703482715e+00 3.598832489283e+01
5.471000000000e+01  2.542716121839e+01 3.475594144873e+01 -5.762969334324e+00 3.636406968236e+01
5.472000000000e+01  2.547984807252e+01 3.503808437874e+01 -5.564546330693e+00 3.673602648484e+01
5.473000000000e+01  2.554010173674e+01 3.531970159185e+01 -5.357524082914e+00 3.710399679763e+01
5.474000000000e+01  2.560790973923e+01 3.560061733039e+01 -5.141996762406e+00 3.746778422619e+01
5.475000000000e+01  2.568325557945e+01 3.588065617632e+01 -4.918063051339e+00 3.782719458816e+01
5.476000000000e+01  2.576611873725e+01 3.615964314417e+01 -4.685826090656e+00 3.818203601631e+01
5.477000000000e+01  2.585647468400e+01 3.643740377388e+01 -4.445393425753e+00 3.853211906013e+01
5.478000000000e+01  2.595429489588e+01 3.671376422320e+01 -4.196876949828e+00 3.887725678627e+01
5.479000000000e+01  2.605954686931e+01 3.698855135999e+01 -3.940392844932e+00 3.921726487757e+01
5.480000000000e+01  2.617219413851e+01 3.726159285392e+01 -3.676061520758e+00 3.955196173063e+01
5.481000000000e+01  2.629219629514e+01 3.753271726799e+01 -3.404007551194e+00 3.988116855207e+01
5.482000000000e+01  2.641950901004e+01 3.780175414940e+01 -3.124359608683e+00 4.020470945313e+01
5.483000000000e+01  2.655408405706e+01 3.806853412002e+01 -2.837250396409e+00 4.052241154285e+01
5.484000000000e+01  2.669586933897e+01 3.833288896628e+01 -2.542816578367e+00 4.083410501958e+01
5.485000000000e+01  2.684480891542e+01 3.859465172842e+01 -2.241198707329e+00 4.113962326085e+01
5.486000000000e+01  2.700084303295e+01 3.885365678917e+01 -1.932541150767e+00 4.143880291152e+01
5.487000000000e+01  2.716390815703e+01 3.910973996163e+01 -1.616992014755e+00 4.173148397026e+01
5.488000000000e+01  2.733393700609e+01 3.936273857648e+01 -1.294703065901e+00 4.201750987414e+01
5.489000000000e+01  2.751085858756e+01 3.961249156838e+01 -9.658296513441e-01 4.229672758147e+01
5.490000000000e+01  2.769459823592e+01 3.985883956154e+01 -6.305306168616e-01 4.256898765269e+01
5.491000000000e+01  2.788507765261e+01 4.010162495434e+01 -2.889682231296e-01 4.283414432940e+01
5.492000000000e+01  2.808221494796e+01 4.034069200317e+01 5.869193982148e-02 4.309205561140e+01
5.493000000000e+01  2.828592468499e+01 4.057588690513e+01 4.122810399092e-01 4.334258333167e+01
5.494000000000e+01  2.849611792508e+01 4.080705787984e+01 7.716270920132e-01 4.358559322945e+01
5.495000000000e+01  2.871270227557e+01 4.103405525014e+01 1.136555048656e+00 4.382095502105e+01
5.496000000000e+01  2.893558193909e+01 4.125673152166e+01 1.506886892303e+00 4.404854246870e+01
5.497000000000e+01  2.916465776479e+01 4.147494146132e+01 1.882441729226e+00 4.426823344718e+01
5.498000000000e+01  2.939982730131e+01 4.168854217457e+01 2.263035884900e+00 4.447991000820e+01
5.499000000000e+01  2.964098485150e+01 4.189739318144e+01 2.648483000857e+00 4.468345844271e+01
5.500000000000e+01  2.988802152886e+01 4.210135649133e+01 3.038594132967e+00 4.487876934078e+01
5.501000000000e+01  3.014082531572e+01 4.230029667642e+01 3.433177851089e+00 4.506573764931e+01
5.502000000000e+01  3.039928112300e+01 4.249408094385e+01 3.832040340033e+00 4.524426272739e+01
5.503000000000e+01  3.066327085166e+01 4.268257920638e+01 4.234985501793e+00 4.541424839929e+01
5.504000000000e+01  3.093267345570e+01 4.286566415171e+01 4.641815058985e+00 4.557560300514e+01
5.505000000000e+01  3.120736500678e+01 4.304321131034e+01 5.052328659444e+00 4.572823944910e+01
5.506000000000e+01  3.148721876030e+01 4.321509912183e+01 5.466323981926e+00 4.587207524527e+01
5.507000000000e+01  3.177210522299e+01 4.338120899963e+01 5.883596842852e+00 4.600703256098e+01
5.508000000000e+01  3.206189222199e+01 4.354142539431e+01 6.303941304054e+00 4.613303825775e+01
5.509000000000e+01  3.235644497526e+01 4.369563585509e+01 6.727149781444e+00 4.625002392969e+01
5.510000000000e+01  3.265562616345e+01 4.384373108990e+01 7.153013154579e+00 4.635792593941e+01
5.511000000000e+01  3.295929600305e+01 4.398560502355e+01 7.581320877034e+00 4.645668545143e+01
5.512000000000e+01  3.326731232087e+01 4.412115485438e+01 8.011861087556e+00 4.654624846301e+01
5.513000000000e+01  3.357953062976e+01 4.425028110905e+01 8.444420721913e+00 4.662656583247e+01
5.514000000000e+01  3.389580420550e+01 4.437288769562e+01 8.878785625409e+00 4.669759330491e+01
5.515000000000e+01  3.421598416494e+01 4.448888195475e+01 9.314740665979e+00 4.675929153538e+01
5.516000000000e+01  3.453991954524e+01 4.459817470915e+01 9.752069847830e+00 4.681162610944e+01
5.517000000000e+01  3.486745738412e+01 4.470068031114e+01 1.019055642555e+01 4.685456756112e+01
5.518000000000e+01  3.519844280127e+01 4.479631668828e+01 1.062998301865e+01 4.688809138833e+01
5.519000000000e+01  3.553271908064e+01 4.488500538715e+01 1.107013172644e+01 4.691217806559e+01
5.520000000000e+01  3.587012775377e+01 4.496667161513e+01 1.151078424322e+01 4.692681305418e+01
5.521000000000e+01  3.621050868397e+01 4.504124428025e+01 1.195172197374e+01 4.693198680971e+01
5.522000000000e+01  3.655370015136e+01 4.510865602901e+01 1.239272614878e+01 4.692769478697e+01
5.523000000000e+01  3.689953893874e+01 4.516884328225e+01 1.283357794089e+01 4.691393744231e+01
5.524000000000e+01  3.724786041819e+01 4.522174626892e+01 1.327405858022e+01 4.689072023328e+01
5.525000000000e+01  3.759849863841e+01 4.526730905784e+01 1.371394947030e+01 4.685805361570e+01
5.526000000000e+01  3.795128641272e+01 4.530547958732e+01 1.415303230377e+01 4.681595303817e+01
5.527000000000e+01  3.830605540768e+01 4.533620969279e+01 1.459108917807e+01 4.676443893387e+01
5.528000000000e+01  3.866263623224e+01 4.535945513221e+01 1.502790271084e+01 4.670353670991e+01
5.529000000000e+01  3.902085852747e+01 4.537517560942e+01 1.546325615516e+01 4.663327673393e+01
5.530000000000e+01  3.938055105672e+01 4.538333479533e+01 1.589693351451e+01 4.655369431827e+01
5.531000000000e+01  3.974154179621e+01 4.538390034695e+01 1.632871965733e+01 4.646482970148e+01
5.532000000000e+01  4.010365802596e+01 4.537684392424e+01 1.675840043115e+01 4.636672802731e+01
5.533000000000e+01  4.046672642113e+01 4.536214120481e+01 1.718576277636e+01 4.625943932116e+01
5.534000000000e+01  4.083057314349e+01 4.533977189642e+01 1.761059483933e+01 4.614301846399e+01
5.535000000000e+01  4.119502393329e+01 4.530971974724e+01 1.803268608499e+01 4.601752516373e+01
5.536000000000e+01  4.155990420109e+01 4.527197255400e+01 1.845182740878e+01 4.588302392418e+01
5.537000000000e+01  4.192503911992e+01 4.522652216783e+01 1.886781124787e+01 4.573958401147e+01
5.538000000000e+01  4.229025371737e+01 4.517336449794e+01 1.928043169162e+01 4.558727941801e+01
5.539000000000e+01  4.265537296775e+01 4.511249951309e+01 1.968948459123e+01 4.542618882403e+01
5.540000000000e+01  4.302022188423e+01 4.504393124081e+01 2.009476766850e+01 4.525639555671e+01
5.541000000000e+01  4.338462561091e+01 4.496766776443e+01 2.049608062367e+01 4.507798754689e+01
5.542000000000e+01  4.374840951473e+01 4.488372121788e+01 2.089322524223e+01 4.489105728343e+01
5.543000000000e+01  4.411139927725e+01 4.479210777829e+01 2.128600550074e+01 4.469570176518e+01
5.544000000000e+01  4.447342098616e+01 4.469284765638e+01 2.167422767146e+01 4.449202245067e+01
5.545000000000e+01  4.483430122659e+01 4.458596508465e+01 2.205770042591e+01 4.428012520548e+01
5.546000000000e+01  4.519386717204e+01 4.447148830338e+01 2.243623493715e+01 4.406012024729e+01
5.547000000000e+01  4.555194667497e+01 4.434944954448e+01 2.280964498077e+01 4.383212208877e+01
5.548000000000e+01  4.590836835701e+01 4.421988501309e+01 2.317774703465e+01 4.359624947818e+01
5.549000000000e+01  4.626296169864e+01 4.408283486713e+01 2.354036037718e+01 4.335262533776e+01
5.550000000000e+01  4.661555712845e+01 4.393834319462e+01 2.389730718421e+01 4.310137670002e+01
5.551000000000e+01  4.696598611184e+01 4.378645798895e+01 2.424841262436e+01 4.284263464186e+01
5.552000000000e+01  4.731408123904e+01 4.362723112196e+01 2.459350495292e+01 4.257653421657e+01
5.553000000000e+01  4.765967631264e+01 4.346071831505e+01 2.493241560402e+01 4.230321438373e+01
5.554000000000e+01  4.800260643430e+01 4.328697910808e+01 2.526497928127e+01 4.202281793720e+01
5.555000000000e+01  4.834270809088e+01 4.310607682635e+01 2.559103404659e+01 4.173549143089e+01
5.556000000000e+01  4.867981923965e+01 4.291807854550e+01 2.591042140741e+01 4.144138510274e+01
5.557000000000e+01  4.901377939284e+01 4.272305505442e+01 2.622298640197e+01 4.114065279666e+01
5.558000000000e+01  4.934442970127e+01 4.252108081619e+01 2.652857768280e+01 4.083345188255e+01
5.559000000000e+01  4.967161303706e+01 4.231223392709e+01 2.682704759834e+01 4.051994317451e+01
5.560000000000e+01  4.999517407553e+01 4.209659607370e+01 2.711825227254e+01 4.020029084717e+01
5.561000000000e+01  5.031495937600e+01 4.187425248811e+01 2.740205168256e+01 3.987466235024e+01
5.562000000000e+01  5.063081746169e+01 4.164529190123e+01 2.767830973439e+01 3.954322832125e+01
5.563000000000e+01  5.094259889851e+01 4.140980649440e+01 2.794689433635e+01 3.920616249664e+01
5.564000000000e+01  5.125015637279e+01 4.116789184906e+01 2.820767747054e+01 3.886364162113e+01
5.565000000000e+01  5.155334476792e+01 4.091964689478e+01 2.846053526209e+01 3.851584535545e+01
5.566000000000e+01  5.185202123981e+01 4.066517385553e+01 2.870534804620e+01 3.816295618244e+01
5.567000000000e+01  5.214604529113e+01 4.040457819426e+01 2.894200043294e+01 3.780515931169e+01
5.568000000000e+01  5.243527884439e+01 4.013796855579e+01 2.917038136978e+01 3.744264258255e+01
5.569000000000e+01  5.271958631368e+01 3.986545670820e+01 2.939038420181e+01 3.707559636579e+01
5.570000000000e+01  5.299883467524e+01 3.958715748253e+01 2.960190672952e+01 3.670421346371e+01
5.571000000000e+01  5.327289353653e+01 3.930318871097e+01 2.980485126434e+01 3.632868900903e+01
5.572000000000e+01  5.354163520409e+01 3.901367116359e+01 2.999912468158e+01 3.594922036231e+01
5.573000000000e+01  5.380493474990e+01 3.871872848353e+01 3.018463847110e+01 3.556600700823e+01
5.574000000000e+01  5.406267007640e+01 3.841848712086e+01 3.036130878533e+01 3.517925045054e+01
5.575000000000e+01  5.431472197998e+01 3.811307626494e+01 3.052905648491e+01 3.478915410590e+01
5.576000000000e+01  5.456097421300e+01 3.780262777552e+01 3.068780718169e+01 3.439592319662e+01
5.577000000000e+01  5.480131354432e+01 3.748727611249e+01 3.083749127923e+01 3.399976464227e+01
5.578000000000e+01  5.503562981824e+01 3.716715826434e+01 3.097804401072e+01 3.360088695035e+01
5.579000000000e+01  5.526381601189e+01 3.684241367546e+01 3.110940547420e+01 3.319950010600e+01
5.580000000000e+01  5.548576829096e+01 3.651318417211e+01 3.123152066530e+01 3.279581546078e+01
5.581000000000e+01  5.570138606388e+01 3.617961388743e+01 3.134433950716e+01 3.239004562068e+01
5.582000000000e+01  5.591057203424e+01 3.584184918513e+01 3.144781687786e+01 3.198240433329e+01
5.583000000000e+01  5.611323225159e+01 3.550003858224e+01 3.154191263503e+01 3.157310637433e+01
5.584000000000e+01  5.630927616048e+01 3.515433267078e+01 3.162659163782e+01 3.116236743347e+01
5.585000000000e+01  5.649861664776e+01 3.480488403842e+01 3.170182376621e+01 3.075040399961e+01
5.586000000000e+01  5.668117008814e+01 3.445184718822e+01 3.176758393752e+01 3.033743324561e+01
5.587000000000e+01  5.685685638793e+01 3.409537845741e+01 3.182385212024e+01 2.992367291253e+01
5.588000000000e+01  5.702559902695e+01 3.373563593531e+01 3.187061334517e+01 2.950934119359e+01
5.589000000000e+01  5.718732509864e+01 3.337277938043e+01 3.190785771370e+01 2.909465661764e+01
5.590000000000e+01  5.734196534827e+01 3.300697013673e+01 3.193558040353e+01 2.867983793250e+01
5.591000000000e+01  5.748945420928e+01 3.263837104916e+01 3.195378167147e+01 2.826510398804e+01
5.592000000000e+01  5.762972983775e+01 3.226714637847e+01 3.196246685359e+01 2.785067361911e+01
5.593000000000e+01  5.776273414487e+01 3.189346171533e+01 3.196164636266e+01 2.743676552847e+01
5.594000000000e+01  5.788841282754e+01 3.151748389384e+01 3.195133568276e+01 2.702359816967e+01
5.595000000000e+01  5.800671539697e+01 3.113938090442e+01 3.193155536123e+01 2.661138963001e+01
5.596000000000e+01  5.811759520531e+01 3.075932180611e+01 3.190233099788e+01 2.620035751366e+01
5.597000000000e+01  5.822100947033e+01 3.037747663850e+01 3.186369323141e+01 2.579071882494e+01
5.598000000000e+01  5.831691929800e+01 2.999401633296e+01 3.181567772324e+01 2.538268985191e+01
5.599000000000e+01  5.840528970314e+01 2.960911262367e+01 3.175832513856e+01 2.497648605028e+01
5.600000000000e+01  5.848608962799e+01 2.922293795810e+01 3.169168112467e+01 2.457232192775e+01
5.601000000000e+01  5.855929195874e+01 2.883566540721e+01 3.161579628675e+01 2.417041092877e+01
5.602000000000e+01  5.862487354001e+01 2.844746857532e+01 3.153072616081e+01 2.377096531988e+01
5.603000000000e+01  5.868281518725e+01 2.805852150977e+01 3.143653118418e+01 2.337419607564e+01
5.604000000000e+01  5.873310169708e+01 2.766899861028e+01 3.133327666324e+01 2.298031276523e+01
5.605000000000e+01  5.877572185556e+01 2.727907453823e+01 3.122103273855e+01 2.258952343981e+01
5.606000000000e+01  5.881066844431e+01 2.688892412568e+01 3.109987434752e+01 2.220203452060e+01
5.607000000000e+01  5.883793824463e+01 2.649872228446e+01 3.096988118430e+01 2.181805068791e+01
5.608000000000e+01  5.885753203942e+01 2.610864391506e+01 3.083113765737e+01 2.143777477105e+01
5.609000000000e+01  5.886945461307e+01 2.571886381564e+01 3.068373284442e+01 2.106140763924e+01
5.610000000000e+01  5.887371474924e+01 2.532955659102e+01 3.052776044481e+01 2.068914809357e+01
5.611000000000e+01  5.887032522651e+01 2.494089656178e+01 3.036331872963e+01 2.032119276005e+01
5.612000000000e+01  5.885930281192e+01 2.455305767344e+01 3.019051048917e+01 1.995773598384e+01
5.613000000000e+01  5.884066825245e+01 2.416621340596e+01 3.000944297817e+01 1.959896972476e+01
5.614000000000e+01  5.881444626439e+01 2.378053668326e+01 2.982022785849e+01 1.924508345399e+01
5.615000000000e+01  5.878066552058e+01 2.339619978320e+01 2.962298113964e+01 1.889626405221e+01
5.616000000000e+01  5.873935863559e+01 2.301337424775e+01 2.941782311685e+01 1.855269570906e+01
5.617000000000e+01  5.869056214883e+01 2.263223079353e+01 2.920487830689e+01 1.821455982415e+01
5.618000000000e+01  5.863431650555e+01 2.225293922286e+01 2.898427538174e+01 1.788203490948e+01
5.619000000000e+01  5.857066603582e+01 2.187566833510e+01 2.875614709992e+01 1.755529649351e+01
5.620000000000e+01  5.849965893139e+01 2.150058583860e+01 2.852063023573e+01 1.723451702679e+01
5.621000000000e+01  5.842134722058e+01 2.112785826316e+01 2.827786550639e+01 1.691986578933e+01
5.622000000000e+01  5.833578674108e+01 2.075765087305e+01 2.802799749697e+01 1.661150879958e+01
5.623000000000e+01  5.824303711076e+01 2.039012758068e+01 2.777117458342e+01 1.630960872529e+01
5.624000000000e+01  5.814316169647e+01 2.002545086095e+01 2.750754885348e+01 1.601432479614e+01
5.625000000000e+01  5.803622758081e+01 1.966378166632e+01 2.723727602565e+01 1.572581271821e+01
5.626000000000e+01  5.792230552704e+01 1.930527934258e+01 2.696051536631e+01 1.544422459043e+01
5.627000000000e+01  5.780146994189e+01 1.895010154556e+01 2.667742960485e+01 1.516970882289e+01
5.628000000000e+01  5.767379883656e+01 1.859840415856e+01 2.638818484706e+01 1.490241005725e+01
5.629000000000e+01  5.753937378571e+01 1.825034121072e+01 2.609295048667e+01 1.464246908913e+01
5.630000000000e+01  5.739827988465e+01 1.790606479639e+01 2.579189911522e+01 1.439002279257e+01
5.631000000000e+01  5.725060570454e+01 1.756572499537e+01 2.548520643019e+01 1.414520404668e+01
5.632000000000e+01  5.709644324588e+01 1.722946979425e+01 2.517305114150e+01 1.390814166439e+01
5.633000000000e+01  5.693588789005e+01 1.689744500882e+01 2.485561487643e+01 1.367896032340e+01
5.634000000000e+01  5.676903834915e+01 1.656979420751e+01 2.453308208300e+01 1.345778049943e+01
5.635000000000e+01  5.659599661399e+01 1.624665863607e+01 2.420563993186e+01 1.324471840164e+01
5.636000000000e+01  5.641686790038e+01 1.592817714340e+01 2.387347821675e+01 1.303988591046e+01
5.637000000000e+01  5.623176059371e+01 1.561448610858e+01 2.353678925354e+01 1.284339051764e+01
5.638000000000e+01  5.604078619182e+01 1.530571936920e+01 2.319576777802e+01 1.265533526882e+01
5.639000000000e+01  5.584405924617e+01 1.500200815102e+01 2.285061084237e+01 1.247581870830e+01
5.640000000000e+01  5.564169730150e+01 1.470348099891e+01 2.250151771034e+01 1.230493482642e+01
5.641000000000e+01  5.543382083381e+01 1.441026370921e+01 2.214868975144e+01 1.214277300928e+01
5.642000000000e+01  5.522055318673e+01 1.412247926354e+01 2.179233033383e+01 1.198941799099e+01
5.643000000000e+01  5.500202050654e+01 1.384024776397e+01 2.143264471631e+01 1.184494980837e+01
5.644000000000e+01  5.477835167546e+01 1.356368636980e+01 2.106983993922e+01 1.170944375828e+01
5.645000000000e+01  5.454967824371e+01 1.329290923576e+01 2.070412471447e+01 1.158297035732e+01
5.646000000000e+01  5.431613435996e+01 1.302802745183e+01 2.033570931464e+01 1.146559530431e+01
5.647000000000e+01  5.407785670053e+01 1.276914898462e+01 1.996480546130e+01 1.135737944519e+01
5.648000000000e+01  5.383498439714e+01 1.251637862039e+01 1.959162621254e+01 1.125837874061e+01
5.649000000000e+01  5.358765896346e+01 1.226981790972e+01 1.921638584985e+01 1.116864423611e+01
5.650000000000e+01  5.333602422027e+01 1.202956511385e+01 1.883929976430e+01 1.108822203492e+01
5.651000000000e+01  5.308022621946e+01 1.179571515277e+01 1.846058434217e+01 1.101715327348e+01
5.652000000000e+01  5.282041316683e+01 1.156835955498e+01 1.808045685006e+01 1.095547409952e+01
5.653000000000e+01  5.255673534374e+01 1.134758640912e+01 1.769913531956e+01 1.090321565291e+01
5.654000000000e+01  5.228934502765e+01 1.113348031729e+01 1.731683843150e+01 1.086040404909e+01
5.655000000000e+01  5.201839641156e+01 1.092612235030e+01 1.693378539983e+01 1.082706036528e+01
5.656000000000e+01  5.174404552249e+01 1.072559000464e+01 1.655019585532e+01 1.080320062936e+01
5.657000000000e+01  5.146645013892e+01 1.053195716146e+01 1.616628972896e+01 1.078883581139e+01
5.658000000000e+01  5.118576970734e+01 1.034529404731e+01 1.578228713525e+01 1.078397181792e+01
5.659000000000e+01  5.090216525790e+01 1.016566719691e+01 1.539840825539e+01 1.078860948894e+01
5.660000000000e+01  5.061579931915e+01 9.993139417762e+00 1.501487322044e+01 1.080274459759e+01
5.661000000000e+01  5.032683583210e+01 9.827769756759e+00 1.463190199452e+01 1.082636785253e+01
5.662000000000e+01  5.003544006338e+01 9.669613468782e+00 1.424971425812e+01 1.085946490305e+01
5.663000000000e+01  4.974177851782e+01 9.518721987253e+00 1.386852929154e+01 1.090201634683e+01
5.664000000000e+01  4.944601885030e+01 9.375142896713e+00 1.348856585856e+01 1.095399774048e+01
5.665000000000e+01  4.914832977697e+01 9.238919907417e+00 1.311004209038e+01 1.101537961266e+01
5.666000000000e+01  4.884888098594e+01 9.110092831967e+00 1.273317536996e+01 1.108612748000e+01
5.667000000000e+01  4.854784304742e+01 8.988697563989e+00 1.235818221667e+01 1.116620186558e+01
5.668000000000e+01  4.824538732342e+01 8.874766058884e+00 1.198527817149e+01 1.125555832015e+01
5.669000000000e+01  4.794168587699e+01 8.768326316632e+00 1.161467768269e+01 1.135414744600e+01
5.670000000000e+01  4.763691138105e+01 8.669402366691e+00 1.124659399208e+01 1.146191492336e+01
5.671000000000e+01  4.733123702702e+01 8.578014254987e+00 1.088123902198e+01 1.157880153961e+01
5.672000000000e+01  4.702483643299e+01 8.494178032989e+00 1.051882326280e+01 1.170474322090e+01
5.673000000000e+01  4.671788355181e+01 8.417905748903e+00 1.015955566147e+01 1.183967106651e+01
5.674000000000e+01  4.641055257890e+01 8.349205440965e+00 9.803643510640e+00 1.198351138566e+01
5.675000000000e+01  4.610301785999e+01 8.288081132852e+00 9.451292338773e+00 1.213618573700e+01
5.676000000000e+01  4.579545379870e+01 8.234532831207e+00 9.102705801207e+00 1.229761097049e+01
5.677000000000e+01  4.548803476417e+01 8.188556525284e+00 8.758085572180e+00 1.246769927191e+01
5.678000000000e+01  4.518093499863e+01 8.150144188709e+00 8.417631237935e+00 1.264635820973e+01
5.679000000000e+01  4.487432852506e+01 8.119283783362e+00 8.081540190923e+00 1.283349078459e+01
5.680000000000e+01  4.456838905499e+01 8.095959265376e+00 7.750007525188e+00 1.302899548103e+01
5.681000000000e+01  4.426328989641e+01 8.080150593243e+00 7.423225932961e+00 1.323276632177e+01
5.682000000000e+01  4.395920386187e+01 8.071833738041e+00 7.101385602545e+00 1.344469292430e+01
5.683000000000e+01  4.365630317695e+01 8.070980695753e+00 6.784674117528e+00 1.366466055982e+01
5.684000000000e+01  4.335475938890e+01 8.077559501699e+00 6.473276357378e+00 1.389255021446e+01
5.685000000000e+01  4.305474327571e+01 8.091534247045e+00 6.167374399486e+00 1.412823865285e+01
5.686000000000e+01  4.275642475558e+01 8.112865097407e+00 5.867147422688e+00 1.437159848388e+01
5.687000000000e+01  4.245997279680e+01 8.141508313519e+00 5.572771612341e+00 1.462249822867e+01
5.688000000000e+01  4.216555532817e+01 8.177416273970e+00 5.284420066979e+00 1.488080239075e+01
5.689000000000e+01  4.187333914995e+01 8.220537499991e+00 5.002262706616e+00 1.514637152831e+01
5.690000000000e+01  4.158348984539e+01 8.270816682276e+00 4.726466182742e+00 1.541906232864e+01
5.691000000000e+01  4.129617169293e+01 8.328194709833e+00 4.457193790049e+00 1.569872768453e+01
5.692000000000e+01  4.101154757905e+01 8.392608700842e+00 4.194605379946e+00 1.598521677275e+01
5.693000000000e+01  4.072977891187e+01 8.463992035502e+00 3.938857275901e+00 1.627837513448e+01
5.694000000000e+01  4.045102553554e+01 8.542274390863e+00 3.690102190661e+00 1.657804475770e+01
5.695000000000e+01  4.017544564545e+01 8.627381777608e+00 3.448489145388e+00 1.688406416138e+01
5.696000000000e+01  3.990319570425e+01 8.719236578773e+00 3.214163390756e+00 1.719626848166e+01
5.697000000000e+01  3.963443035891e+01 8.817757590396e+00 2.987266330055e+00 1.751448955967e+01
5.698000000000e+01  3.936930235862e+01 8.922860064047e+00 2.767935444331e+00 1.783855603121e+01
5.699000000000e+01  3.910796247370e+01 9.034455751248e+00 2.556304219619e+00 1.816829341811e+01
5.700000000000e+01  3.885055941567e+01 9.152452949731e+00 2.352502076290e+00 1.850352422119e+01
5.701000000000e+01  3.859723975823e+01 9.276756551536e+00 2.156654300563e+00 1.884406801488e+01
5.702000000000e+01  3.834814785953e+01 9.407268092897e+00 1.968881978207e+00 1.918974154339e+01
5.703000000000e+01  3.810342578550e+01 9.543885805917e+00 1.789301930480e+00 1.954035881834e+01
5.704000000000e+01  3.786321323445e+01 9.686504671981e+00 1.618026652329e+00 1.989573121791e+01
5.705000000000e+01  3.762764746289e+01 9.835016476896e+00 1.455164252884e+00 2.025566758732e+01
5.706000000000e+01  3.739686321265e+01 9.989309867717e+00 1.300818398291e+00 2.061997434067e+01
5.707000000000e+01  3.717099263932e+01 1.014927041124e+01 1.155088256893e+00 2.098845556412e+01
5.708000000000e+01  3.695016524207e+01 1.031478065412e+01 1.018068446805e+00 2.136091312025e+01
5.709000000000e+01  3.673450779488e+01 1.048572018460e+01 8.898489859049e-01 2.173714675361e+01
5.710000000000e+01  3.652414427917e+01 1.066196569577e+01 7.705152442631e-01 2.211695419740e+01
5.711000000000e+01  3.631919581794e+01 1.084339105043e+01 6.601478990451e-01 2.250013128124e+01
5.712000000000e+01  3.611978061142e+01 1.102986734738e+01 5.588228919005e-01 2.288647203990e+01
5.713000000000e+01  3.592601387424e+01 1.122126298920e+01 4.666113888684e-01 2.327576882304e+01
5.714000000000e+01  3.573800777421e+01 1.141744375147e+01 3.835797428178e-01 2.366781240576e+01
5.715000000000e+01  3.555587137267e+01 1.161827285340e+01 3.097894584421e-01 2.406239210011e+01
5.716000000000e+01  3.537971056654e+01 1.182361102974e+01 2.452971598280e-01 2.445929586723e+01
5.717000000000e+01  3.520962803197e+01 1.203331660408e+01 1.901545606151e-01 2.485831043033e+01
5.718000000000e+01  3.504572316976e+01 1.224724556343e+01 1.444084367611e-01 2.525922138821e+01
5.719000000000e+01  3.488809205246e+01 1.246525163398e+01 1.081006019290e-01 2.566181332953e+01
5.720000000000e+01  3.473682737326e+01 1.268718635812e+01 8.126788550751e-02 2.606586994741e+01
5.721000000000e+01  3.459201839667e+01 1.291289917256e+01 6.394211327679e-02 2.647117415469e+01
5.722000000000e+01  3.445375091097e+01 1.314223748765e+01 5.615009073064e-02 2.687750819948e+01
5.723000000000e+01  3.432210718258e+01 1.337504676770e+01 5.791358906242e-02 2.728465378114e+01
5.724000000000e+01  3.419716591217e+01 1.361117061237e+01 6.924933382333e-02 2.769239216646e+01
5.725000000000e+01  3.407900219279e+01 1.385045083906e+01 9.016899625829e-02 2.810050430616e+01
5.726000000000e+01  3.396768746981e+01 1.409272756621e+01 1.206791873243e-01 2.850877095146e+01
5.727000000000e+01  3.386328950284e+01 1.433783929755e+01 1.607814543945e-01 2.891697277086e+01
5.728000000000e+01  3.376587232957e+01 1.458562300720e+01 2.104722806489e-01 2.932489046684e+01
5.729000000000e+01  3.367549623159e+01 1.483591422555e+01 2.697430871534e-01 2.973230489261e+01
5.730000000000e+01  3.359221770223e+01 1.508854712598e+01 3.385802376242e-01 3.013899716877e+01
5.731000000000e+01  3.351608941632e+01 1.534335461222e+01 4.169650458769e-01 3.054474879979e+01
5.732000000000e+01  3.344716020205e+01 1.560016840648e+01 5.048737859549e-01 3.094934179032e+01
5.733000000000e+01  3.338547501484e+01 1.585881913814e+01 6.022777049315e-01 3.135255876115e+01
5.734000000000e+01  3.333107491327e+01 1.611913643308e+01 7.091430383807e-01 3.175418306496e+01
5.735000000000e+01  3.328399703699e+01 1.638094900353e+01 8.254310285065e-01 3.215399890155e+01
5.736000000000e+01  3.324427458686e+01 1.664408473842e+01 9.510979449214e-01 3.255179143264e+01
5.737000000000e+01  3.321193680702e+01 1.690837079416e+01 1.086095108064e+00 3.294734689623e+01
5.738000000000e+01  3.318700896914e+01 1.717363368584e+01 1.230368915242e+00 3.334045272026e+01
5.739000000000e+01  3.316951235874e+01 1.743969937881e+01 1.383860869287e+00 3.373089763572e+01
5.740000000000e+01  3.315946426366e+01 1.770639338049e+01 1.546507609809e+00 3.411847178898e+01
5.741000000000e+01  3.315687796455e+01 1.797354083251e+01 1.718240947024e+00 3.450296685341e+01
5.742000000000e+01  3.316176272763e+01 1.824096660305e+01 1.898987898154e+00 3.488417614015e+01
5.743000000000e+01  3.317412379942e+01 1.850849537927e+01 2.088670726358e+00 3.526189470800e+01
5.744000000000e+01  3.319396240369e+01 1.877595175999e+01 2.287206982196e+00 3.563591947235e+01
5.745000000000e+01  3.322127574053e+01 1.904316034828e+01 2.494509547584e+00 3.600604931315e+01
5.746000000000e+01  3.325605698753e+01 1.930994584421e+01 2.710486682233e+00 3.637208518176e+01
5.747000000000e+01  3.329829530306e+01 1.957613313748e+01 2.935042072533e+00 3.673383020669e+01
5.748000000000e+01  3.334797583178e+01 1.984154740001e+01 3.168074882867e+00 3.709108979824e+01
5.749000000000e+01  3.340507971215e+01 2.010601417839e+01 3.409479809324e+00 3.744367175177e+01
5.750000000000e+01  3.346958408615e+01 2.036935948618e+01 3.659147135775e+00 3.779138634983e+01
5.751000000000e+01  3.354146211106e+01 2.063140989596e+01 3.916962792300e+00 3.813404646278e+01
5.752000000000e+01  3.362068297340e+01 2.089199263117e+01 4.182808415915e+00 3.847146764817e+01
5.753000000000e+01  3.370721190494e+01 2.115093565757e+01 4.456561413578e+00 3.880346824854e+01
5.754000000000e+01  3.380101020082e+01 2.140806777435e+01 4.738095027441e+00 3.912986948780e+01
5.755000000000e+01  3.390203523971e+01 2.166321870492e+01 5.027278402304e+00 3.945049556596e+01
5.756000000000e+01  3.401024050612e+01 2.191621918710e+01 5.323976655247e+00 3.976517375233e+01
5.757000000000e+01  3.412557561475e+01 2.216690106298e+01 5.628050947397e+00 4.007373447701e+01
5.758000000000e+01  3.424798633680e+01 2.241509736807e+01 5.939358557789e+00 4.037601142065e+01
5.759000000000e+01  3.437741462846e+01 2.266064241997e+01 6.257752959285e+00 4.067184160249e+01
5.760000000000e+01  3.451379866133e+01 2.290337190641e+01 6.583083896514e+00 4.096106546655e+01
5.761000000000e+01  3.465707285487e+01 2.314312297251e+01 6.915197465784e+00 4.124352696596e+01
5.762000000000e+01  3.480716791081e+01 2.337973430744e+01 7.253936196931e+00 4.151907364543e+01
5.763000000000e+01  3.496401084959e+01 2.361304623023e+01 7.599139137052e+00 4.178755672166e+01
5.764000000000e+01  3.512752504871e+01 2.384290077480e+01 7.950641936091e+00 4.204883116188e+01
5.765000000000e+01  3.529763028298e+01 2.406914177413e+01 8.308276934221e+00 4.230275576024e+01
5.766000000000e+01  3.547424276679e+01 2.429161494354e+01 8.671873250973e+00 4.254919321217e+01
5.767000000000e+01  3.565727519811e+01 2.451016796306e+01 9.041256876083e+00 4.278801018662e+01
5.768000000000e+01  3.584663680452e+01 2.472465055875e+01 9.416250761990e+00 4.301907739607e+01
5.769000000000e+01  3.604223339094e+01 2.493491458305e+01 9.796674917936e+00 4.324226966439e+01
5.770000000000e+01  3.624396738927e+01 2.514081409408e+01 1.018234650564e+01 4.345746599248e+01
5.771000000000e+01  3.645173790978e+01 2.534220543384e+01 1.057307993645e+01 4.366454962151e+01
5.772000000000e+01  3.666544079423e+01 2.553894730521e+01 1.096868697002e+01 4.386340809396e+01
5.773000000000e+01  3.688496867084e+01 2.573090084784e+01 1.136897681425e+01 4.405393331229e+01
5.774000000000e+01  3.711021101081e+01 2.591792971279e+01 1.177375622677e+01 4.423602159512e+01
5.775000000000e+01  3.734105418662e+01 2.609990013596e+01 1.218282961754e+01 4.440957373116e+01
5.776000000000e+01  3.757738153197e+01 2.627668101016e+01 1.259599915279e+01 4.457449503055e+01
5.777000000000e+01  3.781907340329e+01 2.644814395590e+01 1.301306486015e+01 4.473069537377e+01
5.778000000000e+01  3.806600724283e+01 2.661416339080e+01 1.343382473483e+01 4.487808925811e+01
5.779000000000e+01  3.831805764337e+01 2.677461659764e+01 1.385807484696e+01 4.501659584147e+01
5.780000000000e+01  3.857509641437e+01 2.692938379089e+01 1.428560944992e+01 4.514613898376e+01
5.781000000000e+01  3.883699264962e+01 2.707834818187e+01 1.471622108958e+01 4.526664728562e+01
5.782000000000e+01  3.910361279632e+01 2.722139604234e+01 1.514970071454e+01 4.537805412456e+01
5.783000000000e+01  3.937482072563e+01 2.735841676661e+01 1.558583778708e+01 4.548029768853e+01
5.784000000000e+01  3.965047780453e+01 2.748930293200e+01 1.602442039503e+01 4.557332100676e+01
5.785000000000e+01  3.993044296898e+01 2.761395035782e+01 1.646523536427e+01 4.565707197806e+01
5.786000000000e+01  4.021457279851e+01 2.773225816259e+01 1.690806837190e+01 4.573150339636e+01
5.787000000000e+01  4.050272159188e+01 2.784412881971e+01 1.735270406008e+01 4.579657297362e+01
5.788000000000e+01  4.079474144415e+01 2.794946821136e+01 1.779892615031e+01 4.585224336002e+01
5.789000000000e+01  4.109048232472e+01 2.804818568071e+01 1.824651755832e+01 4.589848216149e+01
5.790000000000e+01  4.138979215673e+01 2.814019408240e+01 1.869526050921e+01 4.593526195447e+01
5.791000000000e+01  4.169251689731e+01 2.822540983117e+01 1.914493665312e+01 4.596256029801e+01
5.792000000000e+01  4.199850061913e+01 2.830375294875e+01 1.959532718108e+01 4.598035974315e+01
5.793000000000e+01  4.230758559271e+01 2.837514710887e+01 2.004621294117e+01 4.598864783950e+01
5.794000000000e+01  4.261961236991e+01 2.843951968046e+01 2.049737455475e+01 4.598741713927e+01
5.795000000000e+01  4.293441986820e+01 2.849680176887e+01 2.094859253295e+01 4.597666519838e+01
5.796000000000e+01  4.325184545587e+01 2.854692825522e+01 2.139964739304e+01 4.595639457501e+01
5.797000000000e+01  4.357172503806e+01 2.858983783386e+01 2.185031977492e+01 4.592661282537e+01
5.798000000000e+01  4.389389314355e+01 2.862547304772e+01 2.230039055747e+01 4.588733249683e+01
5.799000000000e+01  4.421818301238e+01 2.865378032180e+01 2.274964097476e+01 4.583857111826e+01
5.800000000000e+01  4.454442668402e+01 2.867470999459e+01 2.319785273207e+01 4.578035118782e+01
5.801000000000e+01  4.487245508636e+01 2.868821634737e+01 2.364480812164e+01 4.571270015799e+01
5.802000000000e+01  4.520209812517e+01 2.869425763161e+01 2.409029013810e+01 4.563565041803e+01
5.803000000000e+01  4.553318477421e+01 2.869279609408e+01 2.453408259349e+01 4.554923927373e+01
5.804000000000e+01  4.586554316578e+01 2.868379800000e+01 2.497597023186e+01 4.545350892463e+01
5.805000000000e+01  4.619900068182e+01 2.866723365396e+01 2.541573884332e+01 4.534850643862e+01
5.806000000000e+01  4.653338404534e+01 2.864307741876e+01 2.585317537752e+01 4.523428372396e+01
5.807000000000e+01  4.686851941228e+01 2.861130773195e+01 2.628806805655e+01 4.511089749880e+01
5.808000000000e+01  4.720423246370e+01 2.857190712034e+01 2.672020648703e+01 4.497840925818e+01
5.809000000000e+01  4.754034849820e+01 2.852486221214e+01 2.714938177156e+01 4.483688523853e+01
5.810000000000e+01  4.787669252462e+01 2.847016374692e+01 2.757538661924e+01 4.468639637974e+01
5.811000000000e+01  4.821308935491e+01 2.840780658337e+01 2.799801545540e+01 4.452701828478e+01
5.812000000000e+01  4.854936369712e+01 2.833778970470e+01 2.841706453032e+01 4.435883117701e+01
5.813000000000e+01  4.888534024848e+01 2.826011622183e+01 2.883233202700e+01 4.418191985503e+01
5.814000000000e+01  4.922084378856e+01 2.817479337425e+01 2.924361816781e+01 4.399637364529e+01
5.815000000000e+01  4.955569927238e+01 2.808183252857e+01 2.965072532012e+01 4.380228635243e+01
5.816000000000e+01  4.988973192349e+01 2.798124917475e+01 3.005345810062e+01 4.359975620730e+01
5.817000000000e+01  5.022276732695e+01 2.787306292005e+01 3.045162347851e+01 4.338888581286e+01
5.818000000000e+01  5.055463152214e+01 2.775729748057e+01 3.084503087738e+01 4.316978208788e+01
5.819000000000e+01  5.088515109541e+01 2.763398067050e+01 3.123349227571e+01 4.294255620851e+01
5.820000000000e+01  5.121415327246e+01 2.750314438902e+01 3.161682230596e+01 4.270732354776e+01
5.821000000000e+01  5.154146601045e+01 2.736482460484e+01 3.199483835230e+01 4.246420361300e+01
5.822000000000e+01  5.186691808978e+01 2.721906133839e+01 3.236736064669e+01 4.221331998137e+01
5.823000000000e+01  5.219033920544e+01 2.706589864170e+01 3.273421236349e+01 4.195480023326e+01
5.824000000000e+01  5.251156005800e+01 2.690538457589e+01 3.309521971245e+01 4.168877588394e+01
5.825000000000e+01  5.283041244408e+01 2.673757118640e+01 3.345021202999e+01 4.141538231317e+01
5.826000000000e+01  5.314672934628e+01 2.656251447582e+01 3.379902186882e+01 4.113475869315e+01
5.827000000000e+01  5.346034502263e+01 2.638027437445e+01 3.414148508572e+01 4.084704791448e+01
5.828000000000e+01  5.377109509530e+01 2.619091470858e+01 3.447744092761e+01 4.055239651055e+01
5.829000000000e+01  5.407881663873e+01 2.599450316646e+01 3.480673211570e+01 4.025095458005e+01
5.830000000000e+01  5.438334826705e+01 2.579111126200e+01 3.512920492769e+01 3.994287570797e+01
5.831000000000e+01  5.468453022071e+01 2.558081429627e+01 3.544470927816e+01 3.962831688479e+01
5.832000000000e+01  5.498220445233e+01 2.536369131677e+01 3.575309879686e+01 3.930743842421e+01
5.833000000000e+01  5.527621471169e+01 2.513982507450e+01 3.605423090498e+01 3.898040387928e+01
5.834000000000e+01  5.556640662985e+01 2.490930197887e+01 3.634796688941e+01 3.864737995696e+01
5.835000000000e+01  5.585262780232e+01 2.467221205050e+01 3.663417197486e+01 3.830853643127e+01
5.836000000000e+01  5.613472787124e+01 2.442864887193e+01 3.691271539381e+01 3.796404605496e+01
5.837000000000e+01  5.641255860651e+01 2.417870953620e+01 3.718347045431e+01 3.761408446978e+01
5.838000000000e+01  5.668597398591e+01 2.392249459356e+01 3.744631460557e+01 3.725883011537e+01
5.839000000000e+01  5.695483027404e+01 2.366010799600e+01 3.770112950132e+01 3.689846413684e+01
5.840000000000e+01  5.721898610013e+01 2.339165704003e+01 3.794780106082e+01 3.653317029101e+01
5.841000000000e+01  5.747830253459e+01 2.311725230743e+01 3.818621952768e+01 3.616313485146e+01
5.842000000000e+01  5.773264316440e+01 2.283700760421e+01 3.841627952624e+01 3.578854651228e+01
5.843000000000e+01  5.798187416710e+01 2.255103989775e+01 3.863788011563e+01 3.540959629068e+01
5.844000000000e+01  5.822586438353e+01 2.225946925219e+01 3.885092484151e+01 3.502647742846e+01
5.845000000000e+01  5.846448538912e+01 2.196241876209e+01 3.905532178528e+01 3.463938529232e+01
5.846000000000e+01  5.869761156378e+01 2.166001448447e+01 3.925098361097e+01 3.424851727315e+01
5.847000000000e+01  5.892512016036e+01 2.135238536917e+01 3.943782760964e+01 3.385407268425e+01
5.848000000000e+01  5.914689137152e+01 2.103966318774e+01 3.961577574127e+01 3.345625265860e+01
5.849000000000e+01  5.936280839515e+01 2.072198246077e+01 3.978475467427e+01 3.305526004510e+01
5.850000000000e+01  5.957275749813e+01 2.039948038377e+01 3.994469582238e+01 3.265129930399e+01
5.851000000000e+01  5.977662807849e+01 2.007229675166e+01 4.009553537910e+01 3.224457640134e+01
5.852000000000e+01  5.997431272592e+01 1.974057388191e+01 4.023721434965e+01 3.183529870271e+01
5.853000000000e+01  6.016570728054e+01 1.940445653638e+01 4.036967858025e+01 3.142367486608e+01
5.854000000000e+01  6.035071088999e+01 1.906409184189e+01 4.049287878501e+01 3.100991473399e+01
5.855000000000e+01  6.052922606469e+01 1.871962920970e+01 4.060677057013e+01 3.059422922503e+01
5.856000000000e+01  6.070115873135e+01 1.837122025367e+01 4.071131445560e+01 3.017683022462e+01
5.857000000000e+01  6.086641828456e+01 1.801901870754e+01 4.080647589431e+01 2.975793047531e+01
5.858000000000e+01  6.102491763664e+01 1.766318034102e+01 4.089222528858e+01 2.933774346644e+01
5.859000000000e+01  6.117657326543e+01 1.730386287495e+01 4.096853800409e+01 2.891648332335e+01
5.860000000000e+01  6.132130526028e+01 1.694122589555e+01 4.103539438121e+01 2.849436469614e+01
5.861000000000e+01  6.145903736603e+01 1.657543076778e+01 4.109277974382e+01 2.807160264805e+01
5.862000000000e+01  6.158969702500e+01 1.620664054779e+01 4.114068440541e+01 2.764841254351e+01
5.863000000000e+01  6.171321541696e+01 1.583501989473e+01 4.117910367270e+01 2.722500993595e+01
5.864000000000e+01  6.182952749710e+01 1.546073498167e+01 4.120803784659e+01 2.680161045531e+01
5.865000000000e+01  6.193857203194e+01 1.508395340599e+01 4.122749222056e+01 2.637842969549e+01
5.866000000000e+01  6.204029163311e+01 1.470484409898e+01 4.123747707649e+01 2.595568310164e+01
5.867000000000e+01  6.213463278910e+01 1.432357723498e+01 4.123800767785e+01 2.553358585741e+01
5.868000000000e+01  6.222154589486e+01 1.394032413990e+01 4.122910426038e+01 2.511235277227e+01
5.869000000000e+01  6.230098527924e+01 1.355525719927e+01 4.121079202014e+01 2.469219816888e+01
5.870000000000e+01  6.237290923034e+01 1.316854976587e+01 4.118310109900e+01 2.427333577055e+01
5.871000000000e+01  6.243728001866e+01 1.278037606688e+01 4.114606656765e+01 2.385597858904e+01
5.872000000000e+01  6.249406391805e+01 1.239091111077e+01 4.109972840595e+01 2.344033881251e+01
5.873000000000e+01  6.254323122456e+01 1.200033059382e+01 4.104413148083e+01 2.302662769382e+01
5.874000000000e+01  6.258475627295e+01 1.160881080640e+01 4.097932552164e+01 2.261505543930e+01
5.875000000000e+01  6.261861745116e+01 1.121652853904e+01 4.090536509299e+01 2.220583109787e+01
5.876000000000e+01  6.264479721242e+01 1.082366098826e+01 4.082230956507e+01 2.179916245078e+01
5.877000000000e+01  6.266328208524e+01 1.043038566239e+01 4.073022308154e+01 2.139525590185e+01
5.878000000000e+01  6.267406268115e+01 1.003688028723e+01 4.062917452490e+01 2.099431636842e+01
5.879000000000e+01  6.267713370016e+01 9.643322711648e+00 4.051923747946e+01 2.059654717297e+01
5.880000000000e+01  6.267249393407e+01 9.249890813286e+00 4.040049019182e+01 2.020214993553e+01
5.881000000000e+01  6.266014626750e+01 8.856762404221e+00 4.027301552902e+01 1.981132446692e+01
5.882000000000e+01  6.264009767674e+01 8.464115136777e+00 4.013690093423e+01 1.942426866287e+01
5.883000000000e+01  6.261235922631e+01 8.072126409469e+00 3.999223838009e+01 1.904117839913e+01
5.884000000000e+01  6.257694606335e+01 7.680973273130e+00 3.983912431973e+01 1.866224742756e+01
5.885000000000e+01  6.253387740978e+01 7.290832337279e+00 3.967765963547e+01 1.828766727332e+01
5.886000000000e+01  6.248317655224e+01 6.901879676762e+00 3.950794958514e+01 1.791762713319e+01
5.887000000000e+01  6.242487082982e+01 6.514290738720e+00 3.933010374627e+01 1.755231377508e+01
5.888000000000e+01  6.235899161962e+01 6.128240249921e+00 3.914423595792e+01 1.719191143876e+01
5.889000000000e+01  6.228557432014e+01 5.743902124513e+00 3.895046426038e+01 1.683660173801e+01
5.890000000000e+01  6.220465833242e+01 5.361449372224e+00 3.874891083260e+01 1.648656356396e+01
5.891000000000e+01  6.211628703907e+01 4.981054007074e+00 3.853970192757e+01 1.614197299002e+01
5.892000000000e+01  6.202050778119e+01 4.602886956633e+00 3.832296780547e+01 1.580300317817e+01
5.893000000000e+01  6.191737183308e+01 4.227117971866e+00 3.809884266486e+01 1.546982428681e+01
5.894000000000e+01  6.180693437486e+01 3.853915537620e+00 3.786746457168e+01 1.514260338023e+01
5.895000000000e+01  6.168925446299e+01 3.483446783792e+00 3.762897538637e+01 1.482150433964e+01
5.896000000000e+01  6.156439499872e+01 3.115877397217e+00 3.738352068889e+01 1.450668777590e+01
5.897000000000e+01  6.143242269446e+01 2.751371534335e+00 3.713124970187e+01 1.419831094404e+01
5.898000000000e+01  6.129340803808e+01 2.390091734658e+00 3.687231521184e+01 1.389652765944e+01
5.899000000000e+01  6.114742525522e+01 2.032198835107e+00 3.660687348860e+01 1.360148821598e+01
5.900000000000e+01  6.099455226959e+01 1.677851885242e+00 3.633508420274e+01 1.331333930589e+01
5.901000000000e+01  6.083487066125e+01 1.327208063434e+00 3.605711034144e+01 1.303222394167e+01
5.902000000000e+01  6.066846562300e+01 9.804225940281e-01 3.577311812246e+01 1.275828137986e+01
5.903000000000e+01  6.049542591477e+01 6.376486655284e-01 3.548327690646e+01 1.249164704684e+01
5.904000000000e+01  6.031584381617e+01 2.990373498595e-01 3.518775910774e+01 1.223245246671e+01
5.905000000000e+01  6.012981507708e+01 -3.526247726528e-02 3.488674010325e+01 1.198082519116e+01
5.906000000000e+01  5.993743886645e+01 -3.651042148209e-01 3.458039814016e+01 1.173688873153e+01
5.907000000000e+01  5.973881771927e+01 -6.903436137548e-01 3.426891424185e+01 1.150076249303e+01
5.908000000000e+01  5.953405748171e+01 -1.010838853037e+00 3.395247211249e+01 1.127256171105e+01
5.909000000000e+01  5.932326725451e+01 -1.326450614439e+00 3.363125804012e+01 1.105239738982e+01
5.910000000000e+01  5.910655933469e+01 -1.637042155997e+00 3.330546079852e+01 1.084037624325e+01
5.911000000000e+01  5.888404915546e+01 -1.942479384130e+00 3.297527154761e+01 1.063660063806e+01
5.912000000000e+01  5.865585522455e+01 -2.242630924363e+00 3.264088373270e+01 1.044116853928e+01
5.913000000000e+01  5.842209906083e+01 -2.537368190634e+00 3.230249298249e+01 1.025417345802e+01
5.914000000000e+01  5.818290512942e+01 -2.826565453126e+00 3.196029700593e+01 1.007570440171e+01
5.915000000000e+01  5.793840077516e+01 -3.110099904615e+00 3.161449548796e+01 9.905845826623e+00
5.916000000000e+01  5.768871615457e+01 -3.387851725276e+00 3.126528998425e+01 9.744677592977e+00
5.917000000000e+01  5.743398416633e+01 -3.659704145926e+00 3.091288381488e+01 9.592274922344e+00
5.918000000000e+01  5.717434038032e+01 -3.925543509665e+00 3.055748195719e+01 9.448708357619e+00
5.919000000000e+01  5.690992296518e+01 -4.185259331882e+00 3.019929093763e+01 9.314043725458e+00
5.920000000000e+01  5.664087261460e+01 -4.438744358601e+00 2.983851872290e+01 9.188342101234e+00
5.921000000000e+01  5.636733247214e+01 -4.685894623122e+00 2.947537461022e+01 9.071659776524e+00
5.922000000000e+01  5.608944805490e+01 -4.926609500946e+00 2.911006911701e+01 8.964048229146e+00
5.923000000000e+01  5.580736717577e+01 -5.160791762934e+00 2.874281386982e+01 8.865554095772e+00
5.924000000000e+01  5.552123986465e+01 -5.388347626687e+00 2.837382149275e+01 8.776219147103e+00
5.925000000000e+01  5.523121828832e+01 -5.609186806114e+00 2.800330549523e+01 8.696080265656e+00
5.926000000000e+01  5.493745666931e+01 -5.823222559158e+00 2.763148015947e+01 8.625169426142e+00
5.927000000000e+01  5.464011120361e+01 -6.030371733661e+00 2.725856042739e+01 8.563513678469e+00
5.928000000000e+01  5.433933997739e+01 -6.230554811340e+00 2.688476178725e+01 8.511135133354e+00
5.929000000000e+01  5.403530288268e+01 -6.423695949848e+00 2.651030015993e+01 8.468050950585e+00
5.930000000000e+01  5.372816153211e+01 -6.609723022901e+00 2.613539178505e+01 8.434273329902e+00
5.931000000000e+01  5.341807917276e+01 -6.788567658450e+00 2.576025310687e+01 8.409809504526e+00
5.932000000000e+01  5.310522059913e+01 -6.960165274873e+00 2.538510066008e+01 8.394661737334e+00
5.933000000000e+01  5.278975206530e+01 -7.124455115171e+00 2.501015095556e+01 8.388827319677e+00
5.934000000000e+01  5.247184119633e+01 -7.281380279146e+00 2.463562036611e+01 8.392298572840e+00
5.935000000000e+01  5.215165689891e+01 -7.430887753552e+00 2.426172501230e+01 8.405062852156e+00
5.936000000000e+01  5.182936927139e+01 -7.572928440189e+00 2.388868064836e+01 8.427102553749e+00
5.937000000000e+01  5.150514951313e+01 -7.707457181941e+00 2.351670254841e+01 8.458395123929e+00
5.938000000000e+01  5.117916983329e+01 -7.834432786722e+00 2.314600539275e+01 8.498913071209e+00
5.939000000000e+01  5.085160335912e+01 -7.953818049349e+00 2.277680315461e+01 8.548623980951e+00
5.940000000000e+01  5.052262404370e+01 -8.065579771289e+00 2.240930898720e+01 8.607490532635e+00
5.941000000000e+01  5.019240657333e+01 -8.169688778311e+00 2.204373511121e+01 8.675470519724e+00
5.942000000000e+01  4.986112627450e+01 -8.266119936003e+00 2.168029270277e+01 8.752516872144e+00
5.943000000000e+01  4.952895902050e+01 -8.354852163155e+00 2.131919178201e+01 8.838577681330e+00
5.944000000000e+01  4.919608113776e+01 -8.435868443009e+00 2.096064110217e+01 8.933596227857e+00
5.945000000000e+01  4.886266931202e+01 -8.509155832352e+00 2.060484803939e+01 9.037511011622e+00
5.946000000000e+01  4.852890049421e+01 -8.574705468471e+00 2.025201848331e+01 9.150255784568e+00
5.947000000000e+01  4.819495180629e+01 -8.632512573938e+00 1.990235672826e+01 9.271759585930e+00
5.948000000000e+01  4.786100044692e+01 -8.682576459242e+00 1.955606536552e+01 9.401946779981e+00
5.949000000000e+01  4.752722359715e+01 -8.724900523265e+00 1.921334517630e+01 9.540737096268e+00
5.950000000000e+01  4.719379832614e+01 -8.759492251590e+00 1.887439502574e+01 9.688045672304e+00
5.951000000000e+01  4.686090149689e+01 -8.786363212650e+00 1.853941175797e+01 9.843783098702e+00
5.952000000000e+01  4.652870967210e+01 -8.805529051723e+00 1.820859009210e+01 1.000785546672e+01
5.953000000000e+01  4.619739902023e+01 -8.817009482766e+00 1.788212251951e+01 1.018016441820e+01
5.954000000000e+01  4.586714522174e+01 -8.820828278102e+00 1.756019920213e+01 1.036060719787e+01
5.955000000000e+01  4.553812337562e+01 -8.817013255954e+00 1.724300787212e+01 1.054907670797e+01
5.956000000000e+01  4.521050790616e+01 -8.805596265847e+00 1.693073373269e+01 1.074546156518e+01
5.957000000000e+01  4.488447247023e+01 -8.786613171870e+00 1.662355936035e+01 1.094964615986e+01
5.958000000000e+01  4.456018986480e+01 -8.760103833824e+00 1.632166460850e+01 1.116151071749e+01
5.959000000000e+01  4.423783193503e+01 -8.726112086242e+00 1.602522651249e+01 1.138093136234e+01
5.960000000000e+01  4.391756948285e+01 -8.684685715319e+00 1.573441919614e+01 1.160778018331e+01
5.961000000000e+01  4.359957217608e+01 -8.635876433745e+00 1.544941377980e+01 1.184192530191e+01
5.962000000000e+01  4.328400845815e+01 -8.579739853460e+00 1.517037829003e+01 1.208323094237e+01
5.963000000000e+01  4.297104545853e+01 -8.516335456345e+00 1.489747757086e+01 1.233155750378e+01
5.964000000000e+01  4.266084890373e+01 -8.445726562869e+00 1.463087319682e+01 1.258676163429e+01
5.965000000000e+01  4.235358302925e+01 -8.367980298699e+00 1.437072338758e+01 1.284869630726e+01
5.966000000000e+01  4.204941049211e+01 -8.283167559297e+00 1.411718292446e+01 1.311721089943e+01
5.967000000000e+01  4.174849228436e+01 -8.191362972527e+00 1.387040306871e+01 1.339215127092e+01
5.968000000000e+01  4.145098764745e+01 -8.092644859275e+00 1.363053148171e+01 1.367335984716e+01
5.969000000000e+01  4.115705398748e+01 -7.987095192127e+00 1.339771214695e+01 1.396067570258e+01
5.970000000000e+01  4.086684679151e+01 -7.874799552102e+00 1.317208529410e+01 1.425393464614e+01
5.971000000000e+01  4.058051954478e+01 -7.755847083482e+00 1.295378732500e+01 1.455296930855e+01
5.972000000000e+01  4.029822364912e+01 -7.630330446754e+00 1.274295074163e+01 1.485760923119e+01
5.973000000000e+01  4.002010834239e+01 -7.498345769686e+00 1.253970407624e+01 1.516768095666e+01
5.974000000000e+01  3.974632061903e+01 -7.359992596572e+00 1.234417182348e+01 1.548300812095e+01
5.975000000000e+01  3.947700515196e+01 -7.215373835666e+00 1.215647437478e+01 1.580341154709e+01
5.976000000000e+01  3.921230421552e+01 -7.064595704834e+00 1.197672795477e+01 1.612870934039e+01
5.977000000000e+01  3.895235760981e+01 -6.907767675455e+00 1.180504456002e+01 1.645871698500e+01
5.978000000000e+01  3.869730258633e+01 -6.745002414598e+00 1.164153189994e+01 1.679324744197e+01
5.979000000000e+01  3.844727377491e+01 -6.576415725504e+00 1.148629334002e+01 1.713211124857e+01
5.980000000000e+01  3.820240311210e+01 -6.402126486413e+00 1.133942784728e+01 1.747511661895e+01
5.981000000000e+01  3.796281977096e+01 -6.222256587761e+00 1.120102993812e+01 1.782206954599e+01
5.982000000000e+01  3.772865009235e+01 -6.036930867773e+00 1.107118962850e+01 1.817277390437e+01
5.983000000000e+01  3.750001751762e+01 -5.846277046510e+00 1.094999238652e+01 1.852703155470e+01
5.984000000000e+01  3.727704252301e+01 -5.650425658378e+00 1.083751908736e+01 1.888464244882e+01
5.985000000000e+01  3.705984255544e+01 -5.449509983148e+00 1.073384597072e+01 1.924540473598e+01
5.986000000000e+01  3.684853197006e+01 -5.243665975531e+00 1.063904460065e+01 1.960911487012e+01
5.987000000000e+01  3.664322196934e+01 -5.033032193324e+00 1.055318182790e+01 1.997556771792e+01
5.988000000000e+01  3.644402054389e+01 -4.817749724184e+00 1.047631975474e+01 2.034455666775e+01
5.989000000000e+01  3.625103241495e+01 -4.597962111065e+00 1.040851570230e+01 2.071587373947e+01
5.990000000000e+01  3.606435897861e+01 -4.373815276347e+00 1.034982218047e+01 2.108930969479e+01
5.991000000000e+01  3.588409825186e+01 -4.145457444714e+00 1.030028686030e+01 2.146465414848e+01
5.992000000000e+01  3.571034482036e+01 -3.913039064802e+00 1.025995254898e+01 2.184169568006e+01
5.993000000000e+01  3.554318978803e+01 -3.676712729681e+00 1.022885716743e+01 2.222022194611e+01
5.994000000000e+01  3.538272072854e+01 -3.436633096193e+00 1.020703373041e+01 2.260001979301e+01
5.995000000000e+01  3.522902163864e+01 -3.192956803202e+00 1.019451032930e+01 2.298087537018e+01
5.996000000000e+01  3.508217289340e+01 -2.945842388791e+00 1.019131011744e+01 2.336257424366e+01
5.997000000000e+01  3.494225120332e+01 -2.695450206459e+00 1.019745129810e+01 2.374490150995e+01
5.998000000000e+01  3.480932957350e+01 -2.441942340349e+00 1.021294711505e+01 2.412764191019e+01
5.999000000000e+01  3.468347726461e+01 -2.185482519567e+00 1.023780584583e+01 2.451057994447e+01
6.000000000000e+01  3.456475975603e+01 -1.926236031629e+00 1.027203079754e+01 2.489349998628e+01
6.001000000000e+01  3.445323871081e+01 -1.664369635080e+00 1.031562030535e+01 2.527618639703e+01
6.002000000000e+01  3.434897194283e+01 -1.400051471337e+00 1.036856773360e+01 2.565842364060e+01
6.003000000000e+01  3.425201338585e+01 -1.133450975802e+00 1.043086147957e+01 2.603999639780e+01
6.004000000000e+01  3.416241306475e+01 -8.647387882859e-01 1.050248497983e+01 2.642068968071e+01
6.005000000000e+01  3.408021706870e+01 -5.940866628011e-01 1.058341671925e+01 2.680028894692e+01
6.006000000000e+01  3.400546752658e+01 -3.216673767601e-01 1.067363024263e+01 2.717858021345e+01
6.007000000000e+01  3.393820258433e+01 -4.765463963609e-02 1.077309416893e+01 2.755535017041e+01
6.008000000000e+01  3.387845638457e+01 2.277769988698e-01 1.088177220817e+01 2.793038629431e+01
6.009000000000e+01  3.382625904822e+01 5.044522411051e-01 1.099962318081e+01 2.830347696095e+01
6.010000000000e+01  3.378163665833e+01 7.821951341374e-01 1.112660103984e+01 2.867441155784e+01
6.011000000000e+01  3.374461124602e+01 1.060829162771e+00 1.126265489538e+01 2.904298059605e+01
6.012000000000e+01  3.371520077857e+01 1.340177342859e+00 1.140772904188e+01 2.940897582153e+01
6.013000000000e+01  3.369341914963e+01 1.620062314867e+00 1.156176298784e+01 2.977219032574e+01
6.014000000000e+01  3.367927617172e+01 1.900306437624e+00 1.172469148809e+01 3.013241865553e+01
6.015000000000e+01  3.367277757069e+01 2.180731882231e+00 1.189644457858e+01 3.048945692234e+01
6.016000000000e+01  3.367392498255e+01 2.461160726064e+00 1.207694761362e+01 3.084310291050e+01
6.017000000000e+01  3.368271595233e+01 2.741415046818e+00 1.226612130574e+01 3.119315618470e+01
6.018000000000e+01  3.369914393515e+01 3.021317016560e+00 1.246388176781e+01 3.153941819643e+01
6.019000000000e+01  3.372319829953e+01 3.300688995718e+00 1.267014055778e+01 3.188169238955e+01
6.020000000000e+01  3.375486433271e+01 3.579353626982e+00 1.288480472571e+01 3.221978430469e+01
6.021000000000e+01  3.379412324831e+01 3.857133929034e+00 1.310777686324e+01 3.255350168261e+01
6.022000000000e+01  3.384095219603e+01 4.133853390099e+00 1.333895515539e+01 3.288265456638e+01
6.023000000000e+01  3.389532427353e+01 4.409336061222e+00 1.357823343477e+01 3.320705540232e+01
6.024000000000e+01  3.395720854052e+01 4.683406649264e+00 1.382550123796e+01 3.352651913970e+01
6.025000000000e+01  3.402657003490e+01 4.955890609532e+00 1.408064386431e+01 3.384086332912e+01
6.026000000000e+01  3.410336979112e+01 5.226614238021e+00 1.434354243686e+01 3.414990821945e+01
6.027000000000e+01  3.418756486058e+01 5.495404763199e+00 1.461407396559e+01 3.445347685345e+01
6.028000000000e+01  3.427910833422e+01 5.762090437303e+00 1.489211141271e+01 3.475139516180e+01
6.029000000000e+01  3.437794936716e+01 6.026500627083e+00 1.517752376022e+01 3.504349205572e+01
6.030000000000e+01  3.448403320545e+01 6.288465903954e+00 1.547017607950e+01 3.532959951786e+01
6.031000000000e+01  3.459730121488e+01 6.547818133508e+00 1.576992960301e+01 3.560955269175e+01
6.032000000000e+01  3.471769091188e+01 6.804390564337e+00 1.607664179796e+01 3.588318996943e+01
6.033000000000e+01  3.484513599642e+01 7.058017916116e+00 1.639016644210e+01 3.615035307741e+01
6.034000000000e+01  3.497956638697e+01 7.308536466908e+00 1.671035370127e+01 3.641088716092e+01
6.035000000000e+01  3.512090825744e+01 7.555784139635e+00 1.703705020906e+01 3.666464086625e+01
6.036000000000e+01  3.526908407615e+01 7.799600587678e+00 1.737009914821e+01 3.691146642133e+01
6.037000000000e+01  3.542401264670e+01 8.039827279550e+00 1.770934033387e+01 3.715121971436e+01
6.038000000000e+01  3.558560915087e+01 8.276307582613e+00 1.805461029864e+01 3.738376037053e+01
6.039000000000e+01  3.575378519334e+01 8.508886845774e+00 1.840574237939e+01 3.760895182675e+01
6.040000000000e+01  3.592844884843e+01 8.737412481136e+00 1.876256680565e+01 3.782666140439e+01
6.041000000000e+01  3.610950470862e+01 8.961734044544e+00 1.912491078980e+01 3.803676037991e+01
6.042000000000e+01  3.629685393495e+01 9.181703314996e+00 1.949259861875e+01 3.823912405348e+01
6.043000000000e+01  3.649039430927e+01 9.397174372870e+00 1.986545174714e+01 3.843363181538e+01
6.044000000000e+01  3.669002028824e+01 9.608003676929e+00 2.024328889218e+01 3.862016721033e+01
6.045000000000e+01  3.689562305911e+01 9.814050140053e+00 2.062592612976e+01 3.879861799953e+01
6.046000000000e+01  3.710709059729e+01 1.001517520368e+01 2.101317699206e+01 3.896887622055e+01
6.047000000000e+01  3.732430772555e+01 1.021124291089e+01 2.140485256652e+01 3.913083824491e+01
6.048000000000e+01  3.754715617494e+01 1.040211997812e+01 2.180076159598e+01 3.928440483340e+01
6.049000000000e+01  3.777551464736e+01 1.058767586542e+01 2.220071058019e+01 3.942948118903e+01
6.050000000000e+01  3.800925887969e+01 1.076778284531e+01 2.260450387845e+01 3.956597700770e+01
6.051000000000e+01  3.824826170960e+01 1.094231607011e+01 2.301194381333e+01 3.969380652641e+01
6.052000000000e+01  3.849239314280e+01 1.111115363772e+01 2.342283077553e+01 3.981288856916e+01
6.053000000000e+01  3.874152042182e+01 1.127417665585e+01 2.383696332974e+01 3.992314659037e+01
6.054000000000e+01  3.899550809634e+01 1.143126930468e+01 2.425413832142e+01 4.002450871583e+01
6.055000000000e+01  3.925421809484e+01 1.158231889784e+01 2.467415098457e+01 4.011690778124e+01
6.056000000000e+01  3.951750979775e+01 1.172721594176e+01 2.509679505021e+01 4.020028136821e+01
6.057000000000e+01  3.978524011188e+01 1.186585419330e+01 2.552186285580e+01 4.027457183779e+01
6.058000000000e+01  4.005726354621e+01 1.199813071565e+01 2.594914545526e+01 4.033972636141e+01
6.059000000000e+01  4.033343228898e+01 1.212394593251e+01 2.637843272976e+01 4.039569694938e+01
6.060000000000e+01  4.061359628595e+01 1.224320368045e+01 2.680951349906e+01 4.044244047669e+01
6.061000000000e+01  4.089760331995e+01 1.235581125943e+01 2.724217563340e+01 4.047991870638e+01
6.062000000000e+01  4.118529909149e+01 1.246167948158e+01 2.767620616594e+01 4.050809831023e+01
6.063000000000e+01  4.147652730060e+01 1.256072271800e+01 2.811139140557e+01 4.052695088686e+01
6.064000000000e+01  4.177112972960e+01 1.265285894374e+01 2.854751705011e+01 4.053645297728e+01
6.065000000000e+01  4.206894632702e+01 1.273800978084e+01 2.898436829986e+01 4.053658607778e+01
6.066000000000e+01  4.236981529245e+01 1.281610053942e+01 2.942172997134e+01 4.052733665020e+01
6.067000000000e+01  4.267357316235e+01 1.288706025689e+01 2.985938661129e+01 4.050869612960e+01
6.068000000000e+01  4.298005489671e+01 1.295082173502e+01 3.029712261070e+01 4.048066092924e+01
6.069000000000e+01  4.328909396661e+01 1.300732157522e+01 3.073472231903e+01 4.044323244303e+01
6.070000000000e+01  4.360052244256e+01 1.305650021162e+01 3.117197015837e+01 4.039641704520e+01
6.071000000000e+01  4.391417108360e+01 1.309830194222e+01 3.160865073751e+01 4.034022608750e+01
6.072000000000e+01  4.422986942711e+01 1.313267495795e+01 3.204454896600e+01 4.027467589360e+01
6.073000000000e+01  4.454744587926e+01 1.315957136968e+01 3.247945016797e+01 4.019978775100e+01
6.074000000000e+01  4.486672780614e+01 1.317894723317e+01 3.291314019570e+01 4.011558790019e+01
6.075000000000e+01  4.518754162534e+01 1.319076257183e+01 3.334540554293e+01 4.002210752131e+01
6.076000000000e+01  4.550971289819e+01 1.319498139754e+01 3.377603345783e+01 3.991938271808e+01
6.077000000000e+01  4.583306642234e+01 1.319157172920e+01 3.420481205551e+01 3.980745449920e+01
6.078000000000e+01  4.615742632487e+01 1.318050560922e+01 3.463153043008e+01 3.968636875710e+01
6.079000000000e+01  4.648261615566e+01 1.316175911793e+01 3.505597876618e+01 3.955617624415e+01
6.080000000000e+01  4.680845898116e+01 1.313531238574e+01 3.547794844991e+01 3.941693254625e+01
6.081000000000e+01  4.713477747846e+01 1.310114960325e+01 3.589723217907e+01 3.926869805392e+01
6.082000000000e+01  4.746139402943e+01 1.305925902914e+01 3.631362407280e+01 3.911153793072e+01
6.083000000000e+01  4.778813081524e+01 1.300963299598e+01 3.672691978031e+01 3.894552207929e+01
6.084000000000e+01  4.811480991083e+01 1.295226791380e+01 3.713691658890e+01 3.877072510479e+01
6.085000000000e+01  4.844125337951e+01 1.288716427158e+01 3.754341353100e+01 3.858722627584e+01
6.086000000000e+01  4.876728336764e+01 1.281432663653e+01 3.794621149039e+01 3.839510948300e+01
6.087000000000e+01  4.909272219918e+01 1.273376365124e+01 3.834511330729e+01 3.819446319481e+01
6.088000000000e+01  4.941739247023e+01 1.264548802868e+01 3.873992388251e+01 3.798538041141e+01
6.089000000000e+01  4.974111714337e+01 1.254951654501e+01 3.913045028043e+01 3.776795861568e+01
6.090000000000e+01  5.006371964193e+01 1.244587003031e+01 3.951650183085e+01 3.754229972205e+01
6.091000000000e+01  5.038502394391e+01 1.233457335713e+01 3.989789022964e+01 3.730851002300e+01
6.092000000000e+01  5.070485467566e+01 1.221565542689e+01 4.027442963807e+01 3.706670013311e+01
6.093000000000e+01  5.102303720527e+01 1.208914915420e+01 4.064593678090e+01 3.681698493089e+01
6.094000000000e+01  5.133939773547e+01 1.195509144908e+01 4.101223104305e+01 3.655948349834e+01
6.095000000000e+01  5.165376339623e+01 1.181352319697e+01 4.137313456488e+01 3.629431905824e+01
6.096000000000e+01  5.196596233673e+01 1.166448923678e+01 4.172847233600e+01 3.602161890924e+01
6.097000000000e+01  5.227582381693e+01 1.150803833681e+01 4.207807228753e+01 3.574151435874e+01
6.098000000000e+01  5.258317829843e+01 1.134422316855e+01 4.242176538290e+01 3.545414065372e+01
6.099000000000e+01  5.288785753476e+01 1.117310027856e+01 4.275938570693e+01 3.515963690935e+01
6.100000000000e+01  5.318969466099e+01 1.099473005814e+01 4.309077055332e+01 3.485814603562e+01
6.101000000000e+01  5.348852428258e+01 1.080917671119e+01 4.341576051043e+01 3.454981466187e+01
6.102000000000e+01  5.378418256340e+01 1.061650821990e+01 4.373419954536e+01 3.423479305934e+01
6.103000000000e+01  5.407650731302e+01 1.041679630855e+01 4.404593508615e+01 3.391323506184e+01
6.104000000000e+01  5.436533807301e+01 1.021011640536e+01 4.435081810231e+01 3.358529798438e+01
6.105000000000e+01  5.465051620236e+01 9.996547602344e+00 4.464870318334e+01 3.325114253999e+01
6.106000000000e+01  5.493188496188e+01 9.776172613340e+00 4.493944861544e+01 3.291093275474e+01
6.107000000000e+01  5.520928959765e+01 9.549077730071e+00 4.522291645628e+01 3.256483588092e+01
6.108000000000e+01  5.548257742326e+01 9.315352776396e+00 4.549897260776e+01 3.221302230849e+01
6.109000000000e+01  5.575159790104e+01 9.075091060710e+00 4.576748688682e+01 3.185566547484e+01
6.110000000000e+01  5.601620272208e+01 8.828389326530e+00 4.602833309412e+01 3.149294177287e+01
6.111000000000e+01  5.627624588499e+01 8.575347701309e+00 4.628138908075e+01 3.112503045752e+01
6.112000000000e+01  5.653158377345e+01 8.316069643489e+00 4.652653681277e+01 3.075211355070e+01
6.113000000000e+01  5.678207523242e+01 8.050661887843e+00 4.676366243366e+01 3.037437574470e+01
6.114000000000e+01  5.702758164299e+01 7.779234389111e+00 4.699265632455e+01 2.999200430419e+01
6.115000000000e+01  5.726796699587e+01 7.501900263988e+00 4.721341316233e+01 2.960518896675e+01
6.116000000000e+01  5.750309796338e+01 7.218775731472e+00 4.742583197546e+01 2.921412184210e+01
6.117000000000e+01  5.773284397001e+01 6.929980051627e+00 4.762981619765e+01 2.881899731000e+01
6.118000000000e+01  5.795707726137e+01 6.635635462776e+00 4.782527371917e+01 2.842001191685e+01
6.119000000000e+01  5.817567297171e+01 6.335867117172e+00 4.801211693590e+01 2.801736427122e+01
6.120000000000e+01  5.838850918968e+01 6.030803015171e+00 4.819026279613e+01 2.761125493809e+01
6.121000000000e+01  5.859546702254e+01 5.720573937954e+00 4.835963284494e+01 2.720188633207e+01
6.122000000000e+01  5.879643065866e+01 5.405313378825e+00 4.852015326630e+01 2.678946260960e+01
6.123000000000e+01  5.899128742828e+01 5.085157473126e+00 4.867175492275e+01 2.637418956016e+01
6.124000000000e+01  5.917992786256e+01 4.760244926809e+00 4.881437339273e+01 2.595627449653e+01
6.125000000000e+01  5.936224575076e+01 4.430716943695e+00 4.894794900546e+01 2.553592614421e+01
6.126000000000e+01  5.953813819566e+01 4.096717151472e+00 4.907242687351e+01 2.511335453007e+01
6.127000000000e+01  5.970750566714e+01 3.758391526452e+00 4.918775692277e+01 2.468877087020e+01
6.128000000000e+01  5.987025205376e+01 3.415888317150e+00 4.929389392010e+01 2.426238745711e+01
6.129000000000e+01  6.002628471258e+01 3.069357966699e+00 4.939079749851e+01 2.383441754629e+01
6.130000000000e+01  6.017551451691e+01 2.718953034171e+00 4.947843217979e+01 2.340507524221e+01
6.131000000000e+01  6.031785590213e+01 2.364828114809e+00 4.955676739472e+01 2.297457538384e+01
6.132000000000e+01  6.045322690957e+01 2.007139759250e+00 4.962577750078e+01 2.254313342971e+01
6.133000000000e+01  6.058154922830e+01 1.646046391744e+00 4.968544179732e+01 2.211096534257e+01
6.134000000000e+01  6.070274823488e+01 1.281708227442e+00 4.973574453827e+01 2.167828747379e+01
6.135000000000e+01  6.081675303116e+01 9.142871887681e-01 4.977667494225e+01 2.124531644745e+01
6.136000000000e+01  6.092349647989e+01 5.439468209393e-01 4.980822720021e+01 2.081226904431e+01
6.137000000000e+01  6.102291523826e+01 1.708522066614e-01 4.983040048051e+01 2.037936208557e+01
6.138000000000e+01  6.111494978945e+01 -2.048301199498e-01 4.984319893145e+01 1.994681231667e+01
6.139000000000e+01  6.119954447191e+01 -5.829322601802e-01 4.984663168122e+01 1.951483629099e+01
6.140000000000e+01  6.127664750662e+01 -9.632850382202e-01 4.984071283536e+01 1.908365025370e+01
6.141000000000e+01  6.134621102222e+01 -1.345718089314e+00 4.982546147158e+01 1.865347002571e+01
6.142000000000e+01  6.140819107793e+01 -1.730059948512e+00 4.980090163204e+01 1.822451088782e+01
6.143000000000e+01  6.146254768444e+01 -2.116138139986e+00 4.976706231303e+01 1.779698746513e+01
6.144000000000e+01  6.150924482255e+01 -2.503779266854e+00 4.972397745215e+01 1.737111361179e+01
6.145000000000e+01  6.154825045978e+01 -2.892809101482e+00 4.967168591280e+01 1.694710229614e+01
6.146000000000e+01  6.157953656473e+01 -3.283052676216e+00 4.961023146616e+01 1.652516548628e+01
6.147000000000e+01  6.160307911937e+01 -3.674334374489e+00 4.953966277055e+01 1.610551403622e+01
6.148000000000e+01  6.161885812922e+01 -4.066478022274e+00 4.946003334822e+01 1.568835757253e+01
6.149000000000e+01  6.162685763134e+01 -4.459306979826e+00 4.937140155957e+01 1.527390438175e+01
6.150000000000e+01  6.162706570024e+01 -4.852644233682e+00 4.927383057473e+01 1.486236129839e+01
6.151000000000e+01  6.161947445169e+01 -5.246312488850e+00 4.916738834262e+01 1.445393359380e+01
6.152000000000e+01  6.160408004440e+01 -5.640134261172e+00 4.905214755743e+01 1.404882486585e+01
6.153000000000e+01  6.158088267966e+01 -6.033931969794e+00 4.892818562248e+01 1.364723692946e+01
6.154000000000e+01  6.154988659886e+01 -6.427528029700e+00 4.879558461153e+01 1.324936970819e+01
6.155000000000e+01  6.151110007898e+01 -6.820744944276e+00 4.865443122762e+01 1.285542112677e+01
6.156000000000e+01  6.146453542603e+01 -7.213405397843e+00 4.850481675920e+01 1.246558700475e+01
6.157000000000e+01  6.141020896643e+01 -7.605332348126e+00 4.834683703390e+01 1.208006095125e+01
6.158000000000e+01  6.134814103644e+01 -7.996349118603e+00 4.818059236966e+01 1.169903426100e+01
6.159000000000e+01  6.127835596951e+01 -8.386279490695e+00 4.800618752338e+01 1.132269581151e+01
6.160000000000e+01  6.120088208173e+01 -8.774947795739e+00 4.782373163714e+01 1.095123196170e+01
6.161000000000e+01  6.111575165521e+01 -9.162179006720e+00 4.763333818186e+01 1.058482645176e+01
6.162000000000e+01  6.102300091966e+01 -9.547798829685e+00 4.743512489860e+01 1.022366030453e+01
6.163000000000e+01  6.092267003188e+01 -9.931633794821e+00 4.722921373735e+01 9.867911728331e+00
6.164000000000e+01  6.081480305344e+01 -1.031351134713e+01 4.701573079351e+01 9.517756021320e+00
6.165000000000e+01  6.069944792642e+01 -1.069325993666e+01 4.679480624194e+01 9.173365477443e+00
6.166000000000e+01  6.057665644732e+01 -1.107070910826e+01 4.656657426868e+01 8.834909294019e+00
6.167000000000e+01  6.044648423902e+01 -1.144568959080e+01 4.633117300039e+01 8.502553481005e+00
6.168000000000e+01  6.030899072099e+01 -1.181803338574e+01 4.608874443150e+01 8.176460772003e+00
6.169000000000e+01  6.016423907761e+01 -1.218757385524e+01 4.583943434909e+01 7.856790537039e+00
6.170000000000e+01  6.001229622472e+01 -1.255414580935e+01 4.558339225568e+01 7.543698697186e+00
6.171000000000e+01  5.985323277433e+01 -1.291758559273e+01 4.532077128973e+01 7.237337641040e+00
6.172000000000e+01  5.968712299762e+01 -1.327773117042e+01 4.505172814412e+01 6.937856143133e+00
6.173000000000e+01  5.951404478611e+01 -1.363442221288e+01 4.477642298258e+01 6.645399284291e+00
6.174000000000e+01  5.933407961117e+01 -1.398750018014e+01 4.449501935400e+01 6.360108374008e+00
6.175000000000e+01  5.914731248168e+01 -1.433680840508e+01 4.420768410491e+01 6.082120874851e+00
6.176000000000e+01  5.895383190016e+01 -1.468219217573e+01 4.391458728992e+01 5.811570328955e+00
6.177000000000e+01  5.875372981703e+01 -1.502349881660e+01 4.361590208039e+01 5.548586286636e+00
6.178000000000e+01  5.854710158332e+01 -1.536057776891e+01 4.331180467125e+01 5.293294237161e+00
6.179000000000e+01  5.833404590165e+01 -1.569328066988e+01 4.300247418611e+01 5.045815541712e+00
6.180000000000e+01  5.811466477563e+01 -1.602146143071e+01 4.268809258059e+01 4.806267368576e+00
6.181000000000e+01  5.788906345764e+01 -1.634497631355e+01 4.236884454414e+01 4.574762630599e+00
6.182000000000e+01  5.765735039490e+01 -1.666368400719e+01 4.204491740019e+01 4.351409924928e+00
6.183000000000e+01  5.741963717413e+01 -1.697744570150e+01 4.171650100487e+01 4.136313475078e+00
6.184000000000e+01  5.717603846453e+01 -1.728612516058e+01 4.138378764421e+01 3.929573075355e+00
6.185000000000e+01  5.692667195924e+01 -1.758958879464e+01 4.104697193003e+01 3.731284037660e+00
6.186000000000e+01  5.667165831530e+01 -1.788770573041e+01 4.070625069446e+01 3.541537140691e+00
6.187000000000e+01  5.641112109213e+01 -1.818034788022e+01 4.036182288325e+01 3.360418581594e+00
6.188000000000e+01  5.614518668849e+01 -1.846739000959e+01 4.001388944785e+01 3.188009930063e+00
6.189000000000e+01  5.587398427799e+01 -1.874870980339e+01 3.966265323642e+01 3.024388084920e+00
6.190000000000e+01  5.559764574325e+01 -1.902418793040e+01 3.930831888379e+01 2.869625233200e+00
6.191000000000e+01  5.531630560856e+01 -1.929370810638e+01 3.895109270039e+01 2.723788811765e+00
6.192000000000e+01  5.503010097122e+01 -1.955715715555e+01 3.859118256029e+01 2.586941471451e+00
6.193000000000e+01  5.473917143154e+01 -1.981442507041e+01 3.822879778844e+01 2.459141043783e+00
6.194000000000e+01  5.444365902150e+01 -2.006540506990e+01 3.786414904705e+01 2.340440510261e+00
6.195000000000e+01  5.414370813210e+01 -2.030999365595e+01 3.749744822134e+01 2.230887974243e+00
6.196000000000e+01  5.383946543955e+01 -2.054809066821e+01 3.712890830455e+01 2.130526635431e+00
6.197000000000e+01  5.353107983011e+01 -2.077959933708e+01 3.675874328254e+01 2.039394766981e+00
6.198000000000e+01  5.321870232378e+01 -2.100442633500e+01 3.638716801767e+01 1.957525695232e+00
6.199000000000e+01  5.290248599694e+01 -2.122248182583e+01 3.601439813244e+01 1.884947782087e+00
6.200000000000e+01  5.258258590366e+01 -2.143367951252e+01 3.564064989265e+01 1.821684410030e+00
6.201000000000e+01  5.225915899612e+01 -2.163793668283e+01 3.526614009026e+01 1.767753969813e+00
6.202000000000e+01  5.193236404384e+01 -2.183517425321e+01 3.489108592611e+01 1.723169850786e+00
6.203000000000e+01  5.160236155201e+01 -2.202531681074e+01 3.451570489231e+01 1.687940433908e+00
6.204000000000e+01  5.126931367873e+01 -2.220829265319e+01 3.414021465470e+01 1.662069087415e+00
6.205000000000e+01  5.093338415143e+01 -2.238403382706e+01 3.376483293518e+01 1.645554165167e+00
6.206000000000e+01  5.059473818232e+01 -2.255247616372e+01 3.338977739406e+01 1.638389007653e+00
6.207000000000e+01  5.025354238302e+01 -2.271355931347e+01 3.301526551255e+01 1.640561945680e+00
6.208000000000e+01  4.990996467838e+01 -2.286722677769e+01 3.264151447541e+01 1.652056306712e+00
6.209000000000e+01  4.956417421955e+01 -2.301342593887e+01 3.226874105379e+01 1.672850423887e+00
6.210000000000e+01  4.921634129629e+01 -2.315210808861e+01 3.189716148837e+01 1.702917647676e+00
6.211000000000e+01  4.886663724867e+01 -2.328322845365e+01 3.152699137291e+01 1.742226360201e+00
6.212000000000e+01  4.851523437805e+01 -2.340674621967e+01 3.115844553810e+01 1.790739992197e+00
6.213000000000e+01  4.816230585758e+01 -2.352262455313e+01 3.079173793600e+01 1.848417042597e+00
6.214000000000e+01  4.780802564210e+01 -2.363083062094e+01 3.042708152493e+01 1.915211100745e+00
6.215000000000e+01  4.745256837755e+01 -2.373133560805e+01 3.006468815506e+01 1.991070871220e+00
6.216000000000e+01  4.709610930997e+01 -2.382411473290e+01 2.970476845456e+01 2.075940201251e+00
6.217000000000e+01  4.673882419410e+01 -2.390914726073e+01 2.934753171653e+01 2.169758110714e+00
6.218000000000e+01  4.638088920164e+01 -2.398641651481e+01 2.899318578667e+01 2.272458824696e+00
6.219000000000e+01  4.602248082918e+01 -2.405590988543e+01 2.864193695187e+01 2.383971808604e+00
6.220000000000e+01  4.566377580596e+01 -2.411761883681e+01 2.829398982959e+01 2.504221805800e+00
6.221000000000e+01  4.530495100134e+01 -2.417153891188e+01 2.794954725827e+01 2.633128877744e+00
6.222000000000e+01  4.494618333221e+01 -2.421766973479e+01 2.760881018874e+01 2.770608446629e+00
6.223000000000e+01  4.458764967030e+01 -2.425601501139e+01 2.727197757665e+01 2.916571340468e+00
6.224000000000e+01  4.422952674935e+01 -2.428658252748e+01 2.693924627612e+01 3.070923840631e+00
6.225000000000e+01  4.387199107243e+01 -2.430938414489e+01 2.661081093445e+01 3.233567731781e+00
6.226000000000e+01  4.351521881922e+01 -2.432443579546e+01 2.628686388819e+01 3.404400354215e+00
6.227000000000e+01  4.315938575340e+01 -2.433175747285e+01 2.596759506037e+01 3.583314658544e+00
6.228000000000e+01  4.280466713028e+01 -2.433137322213e+01 2.565319185919e+01 3.770199262715e+00
6.229000000000e+01  4.245123760457e+01 -2.432331112734e+01 2.534383907799e+01 3.964938511326e+00
6.230000000000e+01  4.209927113837e+01 -2.430760329680e+01 2.503971879675e+01 4.167412537211e+00
6.231000000000e+01  4.174894090964e+01 -2.428428584642e+01 2.474101028505e+01 4.377497325251e+00
6.232000000000e+01  4.140041922083e+01 -2.425339888070e+01 2.444788990656e+01 4.595064778397e+00
6.233000000000e+01  4.105387740803e+01 -2.421498647185e+01 2.416053102514e+01 4.819982785845e+00
6.234000000000e+01  4.070948575061e+01 -2.416909663658e+01 2.387910391256e+01 5.052115293347e+00
6.235000000000e+01  4.036741338128e+01 -2.411578131097e+01 2.360377565797e+01 5.291322375613e+00
6.236000000000e+01  4.002782819680e+01 -2.405509632320e+01 2.333471007900e+01 5.537460310755e+00
6.237000000000e+01  3.969089676920e+01 -2.398710136419e+01 2.307206763470e+01 5.790381656758e+00
6.238000000000e+01  3.935678425780e+01 -2.391185995623e+01 2.281600534032e+01 6.049935329909e+00
6.239000000000e+01  3.902565432177e+01 -2.382943941959e+01 2.256667668394e+01 6.315966685167e+00
6.240000000000e+01  3.869766903359e+01 -2.373991083707e+01 2.232423154495e+01 6.588317598408e+00
6.241000000000e+01  3.837298879324e+01 -2.364334901662e+01 2.208881611459e+01 6.866826550526e+00
6.242000000000e+01  3.805177224325e+01 -2.353983245191e+01 2.186057281837e+01 7.151328713321e+00
6.243000000000e+01  3.773417618464e+01 -2.342944328100e+01 2.163964024061e+01 7.441656037148e+00
6.244000000000e+01  3.742035549382e+01 -2.331226724310e+01 2.142615305099e+01 7.737637340269e+00
6.245000000000e+01  3.711046304051e+01 -2.318839363331e+01 2.122024193324e+01 8.039098399859e+00
6.246000000000e+01  3.680464960658e+01 -2.305791525562e+01 2.102203351593e+01 8.345862044631e+00
6.247000000000e+01  3.650306380611e+01 -2.292092837393e+01 2.083165030551e+01 8.657748249017e+00
6.248000000000e+01  3.620585200648e+01 -2.277753266129e+01 2.064921062149e+01 8.974574228857e+00
6.249000000000e+01  3.591315825064e+01 -2.262783114735e+01 2.047482853388e+01 9.296154538554e+00
6.250000000000e+01  3.562512418060e+01 -2.247193016395e+01 2.030861380297e+01 9.622301169633e+00
6.251000000000e+01  3.534188896219e+01 -2.230993928909e+01 2.015067182131e+01 9.952823650659e+00
6.252000000000e+01  3.506358921106e+01 -2.214197128900e+01 2.000110355811e+01 1.028752914846e+01
6.253000000000e+01  3.479035892002e+01 -2.196814205870e+01 1.986000550598e+01 1.062622257058e+01
6.254000000000e+01  3.452232938781e+01 -2.178857056076e+01 1.972746963005e+01 1.096870666896e+01
6.255000000000e+01  3.425962914922e+01 -2.160337876253e+01 1.960358331955e+01 1.131478214474e+01
6.256000000000e+01  3.400238390664e+01 -2.141269157169e+01 1.948842934174e+01 1.166424775414e+01
6.257000000000e+01  3.375071646316e+01 -2.121663677032e+01 1.938208579843e+01 1.201690041537e+01
6.258000000000e+01  3.350474665715e+01 -2.101534494738e+01 1.928462608489e+01 1.237253531652e+01
6.259000000000e+01  3.326459129840e+01 -2.080894942972e+01 1.919611885131e+01 1.273094602438e+01
6.260000000000e+01  3.303036410585e+01 -2.059758621167e+01 1.911662796679e+01 1.309192459405e+01
6.261000000000e+01  3.280217564694e+01 -2.038139388316e+01 1.904621248588e+01 1.345526167944e+01
6.262000000000e+01  3.258013327867e+01 -2.016051355650e+01 1.898492661764e+01 1.382074664446e+01
6.263000000000e+01  3.236434109024e+01 -1.993508879179e+01 1.893281969735e+01 1.418816767484e+01
6.264000000000e+01  3.215489984753e+01 -1.970526552105e+01 1.888993616074e+01 1.455731189070e+01
6.265000000000e+01  3.195190693923e+01 -1.947119197110e+01 1.885631552091e+01 1.492796545955e+01
6.266000000000e+01  3.175545632487e+01 -1.923301858517e+01 1.883199234778e+01 1.529991370987e+01
6.267000000000e+01  3.156563848451e+01 -1.899089794342e+01 1.881699625021e+01 1.567294124510e+01
6.268000000000e+01  3.138254037038e+01 -1.874498468220e+01 1.881135186080e+01 1.604683205803e+01
6.269000000000e+01  3.120624536035e+01 -1.849543541236e+01 1.881507882324e+01 1.642136964550e+01
6.270000000000e+01  3.103683321324e+01 -1.824240863639e+01 1.882819178239e+01 1.679633712332e+01
6.271000000000e+01  3.087438002614e+01 -1.798606466462e+01 1.885070037700e+01 1.717151734147e+01
6.272000000000e+01  3.071895819358e+01 -1.772656553042e+01 1.888260923502e+01 1.754669299939e+01
6.273000000000e+01  3.057063636865e+01 -1.746407490454e+01 1.892391797172e+01 1.792164676132e+01
6.274000000000e+01  3.042947942618e+01 -1.719875800849e+01 1.897462119028e+01 1.829616137169e+01
6.275000000000e+01  3.029554842787e+01 -1.693078152719e+01 1.903470848520e+01 1.867001977049e+01
6.276000000000e+01  3.016890058937e+01 -1.666031352077e+01 1.910416444832e+01 1.904300520846e+01
6.277000000000e+01  3.004958924955e+01 -1.638752333567e+01 1.918296867742e+01 1.941490136216e+01
6.278000000000e+01  2.993766384164e+01 -1.611258151505e+01 1.927109578759e+01 1.978549244882e+01
6.279000000000e+01  2.983316986662e+01 -1.583565970854e+01 1.936851542517e+01 2.015456334085e+01
6.280000000000e+01  2.973614886850e+01 -1.555693058145e+01 1.947519228433e+01 2.052189968006e+01
6.281000000000e+01  2.964663841187e+01 -1.527656772338e+01 1.959108612631e+01 2.088728799140e+01
6.282000000000e+01  2.956467206146e+01 -1.499474555635e+01 1.971615180123e+01 2.125051579631e+01
6.283000000000e+01  2.949027936379e+01 -1.471163924255e+01 1.985033927256e+01 2.161137172544e+01
6.284000000000e+01  2.942348583106e+01 -1.442742459157e+01 1.999359364412e+01 2.196964563088e+01
6.285000000000e+01  2.936431292709e+01 -1.414227796742e+01 2.014585518971e+01 2.232512869765e+01
6.286000000000e+01  2.931277805541e+01 -1.385637619510e+01 2.030705938525e+01 2.267761355455e+01
6.287000000000e+01  2.926889454952e+01 -1.356989646711e+01 2.047713694355e+01 2.302689438417e+01
6.288000000000e+01  2.923267166534e+01 -1.328301624956e+01 2.065601385145e+01 2.337276703214e+01
6.289000000000e+01  2.920411457572e+01 -1.299591318828e+01 2.084361140964e+01 2.371502911546e+01
6.290000000000e+01  2.918322436726e+01 -1.270876501477e+01 2.103984627486e+01 2.405348012988e+01
6.291000000000e+01  2.916999803914e+01 -1.242174945209e+01 2.124463050456e+01 2.438792155631e+01
6.292000000000e+01  2.916442850424e+01 -1.213504412077e+01 2.145787160405e+01 2.471815696612e+01
6.293000000000e+01  2.916650459235e+01 -1.184882644479e+01 2.167947257599e+01 2.504399212541e+01
6.294000000000e+01  2.917621105561e+01 -1.156327355761e+01 2.190933197236e+01 2.536523509801e+01
6.295000000000e+01  2.919352857601e+01 -1.127856220837e+01 2.214734394869e+01 2.568169634737e+01
6.296000000000e+01  2.921843377520e+01 -1.099486866833e+01 2.239339832067e+01 2.599318883708e+01
6.297000000000e+01  2.925089922630e+01 -1.071236863748e+01 2.264738062307e+01 2.629952813008e+01
6.298000000000e+01  2.929089346794e+01 -1.043123715152e+01 2.290917217085e+01 2.660053248655e+01
6.299000000000e+01  2.933838102045e+01 -1.015164848914e+01 2.317865012262e+01 2.689602296030e+01
6.300000000000e+01  2.939332240415e+01 -9.873776079726e+00 2.345568754621e+01 2.718582349366e+01
6.301000000000e+01  2.945567415975e+01 -9.597792411492e+00 2.374015348643e+01 2.746976101094e+01
6.302000000000e+01  2.952538887090e+01 -9.323868940109e+00 2.403191303496e+01 2.774766551016e+01
6.303000000000e+01  2.960241518883e+01 -9.052175997889e+00 2.433082740234e+01 2.801937015327e+01
6.304000000000e+01  2.968669785906e+01 -8.782882703542e+00 2.463675399200e+01 2.828471135462e+01
6.305000000000e+01  2.977817775020e+01 -8.516156872582e+00 2.494954647632e+01 2.854352886769e+01
6.306000000000e+01  2.987679188481e+01 -8.252164928417e+00 2.526905487464e+01 2.879566587015e+01
6.307000000000e+01  2.998247347227e+01 -7.991071814164e+00 2.559512563320e+01 2.904096904694e+01
6.308000000000e+01  3.009515194375e+01 -7.733040905254e+00 2.592760170702e+01 2.927928867164e+01
6.309000000000e+01  3.021475298911e+01 -7.478233922852e+00 2.626632264355e+01 2.951047868579e+01
6.310000000000e+01  3.034119859582e+01 -7.226810848160e+00 2.661112466815e+01 2.973439677643e+01
6.311000000000e+01  3.047440708985e+01 -6.978929837622e+00 2.696184077137e+01 2.995090445145e+01
6.312000000000e+01  3.061429317852e+01 -6.734747139103e+00 2.731830079788e+01 3.015986711309e+01
6.313000000000e+01  3.076076799522e+01 -6.494417009067e+00 2.768033153704e+01 3.036115412928e+01
6.314000000000e+01  3.091373914613e+01 -6.258091630807e+00 2.804775681518e+01 3.055463890284e+01
6.315000000000e+01  3.107311075868e+01 -6.025921033764e+00 2.842039758936e+01 3.074019893865e+01
6.316000000000e+01  3.123878353203e+01 -5.798053013990e+00 2.879807204263e+01 3.091771590853e+01
6.317000000000e+01  3.141065478918e+01 -5.574633055778e+00 2.918059568085e+01 3.108707571395e+01
6.318000000000e+01  3.158861853108e+01 -5.355804254517e+00 2.956778143079e+01 3.124816854652e+01
6.319000000000e+01  3.177256549233e+01 -5.141707240809e+00 2.995943973971e+01 3.140088894614e+01
6.320000000000e+01  3.196238319876e+01 -4.932480105877e+00 3.035537867616e+01 3.154513585690e+01
6.321000000000e+01  3.215795602664e+01 -4.728258328320e+00 3.075540403205e+01 3.168081268057e+01
6.322000000000e+01  3.235916526358e+01 -4.529174702248e+00 3.115931942595e+01 3.180782732781e+01
6.323000000000e+01  3.256588917113e+01 -4.335359266820e+00 3.156692640748e+01 3.192609226692e+01
6.324000000000e+01  3.277800304891e+01 -4.146939237253e+00 3.197802456280e+01 3.203552457016e+01
6.325000000000e+01  3.299537930040e+01 -3.964038937304e+00 3.239241162118e+01 3.213604595767e+01
6.326000000000e+01  3.321788750025e+01 -3.786779733289e+00 3.280988356244e+01 3.222758283891e+01
6.327000000000e+01  3.344539446308e+01 -3.615279969658e+00 3.323023472540e+01 3.231006635156e+01
6.328000000000e+01  3.367776431379e+01 -3.449654906162e+00 3.365325791713e+01 3.238343239799e+01
6.329000000000e+01  3.391485855932e+01 -3.290016656651e+00 3.407874452299e+01 3.244762167909e+01
6.330000000000e+01  3.415653616175e+01 -3.136474129530e+00 3.450648461748e+01 3.250257972569e+01
6.331000000000e+01  3.440265361283e+01 -2.989132969905e+00 3.493626707565e+01 3.254825692724e+01
6.332000000000e+01  3.465306500982e+01 -2.848095503454e+00 3.536787968524e+01 3.258460855808e+01
6.333000000000e+01  3.490762213261e+01 -2.713460682045e+00 3.580110925933e+01 3.261159480100e+01
6.334000000000e+01  3.516617452207e+01 -2.585324031137e+00 3.623574174944e+01 3.262918076822e+01
6.335000000000e+01  3.542856955967e+01 -2.463777598987e+00 3.667156235918e+01 3.263733651979e+01
6.336000000000e+01  3.569465254816e+01 -2.348909907692e+00 3.710835565818e+01 3.263603707927e+01
6.337000000000e+01  3.596426679350e+01 -2.240805906092e+00 3.754590569635e+01 3.262526244688e+01
6.338000000000e+01  3.623725368774e+01 -2.139546924557e+00 3.798399611842e+01 3.260499760991e+01
6.339000000000e+01  3.651345279307e+01 -2.045210631683e+00 3.842241027868e+01 3.257523255054e+01
6.340000000000e+01  3.679270192674e+01 -1.957870992919e+00 3.886093135579e+01 3.253596225101e+01
6.341000000000e+01  3.707483724703e+01 -1.877598231148e+00 3.929934246770e+01 3.248718669603e+01
6.342000000000e+01  3.735969334006e+01 -1.804458789247e+00 3.973742678662e+01 3.242891087268e+01
6.343000000000e+01  3.764710330751e+01 -1.738515294629e+00 4.017496765380e+01 3.236114476755e+01
6.344000000000e+01  3.793689885509e+01 -1.679826525811e+00 4.061174869435e+01 3.228390336122e+01
6.345000000000e+01  3.822891038187e+01 -1.628447381007e+00 4.104755393177e+01 3.219720662015e+01
6.346000000000e+01  3.852296707023e+01 -1.584428848760e+00 4.148216790227e+01 3.210107948586e+01
6.347000000000e+01  3.881889697661e+01 -1.547817980652e+00 4.191537576880e+01 3.199555186149e+01
6.348000000000e+01  3.911652712275e+01 -1.518657866075e+00 4.234696343471e+01 3.188065859570e+01
6.349000000000e+01  3.941568358762e+01 -1.496987609104e+00 4.277671765696e+01 3.175643946396e+01
6.350000000000e+01  3.971619159983e+01 -1.482842307464e+00 4.320442615888e+01 3.162293914723e+01
6.351000000000e+01  4.001787563058e+01 -1.476253033611e+00 4.362987774234e+01 3.148020720799e+01
6.352000000000e+01  4.032055948697e+01 -1.477246817945e+00 4.405286239935e+01 3.132829806372e+01
6.353000000000e+01  4.062406640576e+01 -1.485846634140e+00 4.447317142298e+01 3.116727095774e+01
6.354000000000e+01  4.092821914747e+01 -1.502071386627e+00 4.489059751751e+01 3.099718992754e+01
6.355000000000e+01  4.123284009073e+01 -1.525935900216e+00 4.530493490788e+01 3.081812377054e+01
6.356000000000e+01  4.153775132693e+01 -1.557450911873e+00 4.571597944818e+01 3.063014600731e+01
6.357000000000e+01  4.184277475503e+01 -1.596623064653e+00 4.612352872935e+01 3.043333484227e+01
6.358000000000e+01  4.214773217650e+01 -1.643454903788e+00 4.652738218580e+01 3.022777312191e+01
6.359000000000e+01  4.245244539043e+01 -1.697944874948e+00 4.692734120112e+01 3.001354829055e+01
6.360000000000e+01  4.275673628855e+01 -1.760087324649e+00 4.732320921265e+01 2.979075234364e+01
6.361000000000e+01  4.306042695045e+01 -1.829872502841e+00 4.771479181488e+01 2.955948177863e+01
6.362000000000e+01  4.336333973851e+01 -1.907286567641e+00 4.810189686178e+01 2.931983754349e+01
6.363000000000e+01  4.366529739293e+01 -1.992311592240e+00 4.848433456775e+01 2.907192498277e+01
6.364000000000e+01  4.396612312650e+01 -2.084925573956e+00 4.886191760735e+01 2.881585378145e+01
6.365000000000e+01  4.426564071917e+01 -2.185102445441e+00 4.923446121369e+01 2.855173790636e+01
6.366000000000e+01  4.456367461243e+01 -2.292812088037e+00 4.960178327533e+01 2.827969554539e+01
6.367000000000e+01  4.486005000332e+01 -2.408020347270e+00 4.996370443182e+01 2.799984904446e+01
6.368000000000e+01  4.515459293814e+01 -2.530689050471e+00 5.032004816770e+01 2.771232484224e+01
6.369000000000e+01  4.544713040571e+01 -2.660776026527e+00 5.067064090489e+01 2.741725340272e+01
6.370000000000e+01  4.573749043023e+01 -2.798235127740e+00 5.101531209357e+01 2.711476914563e+01
6.371000000000e+01  4.602550216363e+01 -2.943016253789e+00 5.135389430132e+01 2.680501037479e+01
6.372000000000e+01  4.631099597731e+01 -3.095065377783e+00 5.168622330061e+01 2.648811920433e+01
6.373000000000e+01  4.659380355338e+01 -3.254324574393e+00 5.201213815455e+01 2.616424148297e+01
6.374000000000e+01  4.687375797517e+01 -3.420732050039e+00 5.233148130081e+01 2.583352671624e+01
6.375000000000e+01  4.715069381708e+01 -3.594222175133e+00 5.264409863369e+01 2.549612798682e+01
6.376000000000e+01  4.742444723370e+01 -3.774725518355e+00 5.294983958445e+01 2.515220187298e+01
6.377000000000e+01  4.769485604807e+01 -3.962168882934e+00 5.324855719951e+01 2.480190836509e+01
6.378000000000e+01  4.796175983921e+01 -4.156475344934e+00 5.354010821689e+01 2.444541078043e+01
6.379000000000e+01  4.822500002861e+01 -4.357564293518e+00 5.382435314050e+01 2.408287567618e+01
6.380000000000e+01  4.848441996594e+01 -4.565351473163e+00 5.410115631253e+01 2.371447276069e+01
6.381000000000e+01  4.873986501364e+01 -4.779749027821e+00 5.437038598368e+01 2.334037480313e+01
6.382000000000e+01  4.899118263056e+01 -5.000665546984e+00 5.463191438130e+01 2.296075754149e+01
6.383000000000e+01  4.923822245447e+01 -5.228006113653e+00 5.488561777542e+01 2.257579958900e+01
6.384000000000e+01  4.948083638349e+01 -5.461672354164e+00 5.513137654260e+01 2.218568233911e+01
6.385000000000e+01  4.971887865630e+01 -5.701562489868e+00 5.536907522757e+01 2.179058986889e+01
6.386000000000e+01  4.995220593114e+01 -5.947571390621e+00 5.559860260268e+01 2.139070884117e+01
6.387000000000e+01  5.018067736357e+01 -6.199590630073e+00 5.581985172502e+01 2.098622840519e+01
6.388000000000e+01  5.040415468288e+01 -6.457508542712e+00 5.603271999131e+01 2.057734009600e+01
6.389000000000e+01  5.062250226718e+01 -6.721210282656e+00 5.623710919053e+01 2.016423773269e+01
6.390000000000e+01  5.083558721704e+01 -6.990577884141e+00 5.643292555408e+01 1.974711731528e+01
6.391000000000e+01  5.104327942776e+01 -7.265490323698e+00 5.662007980375e+01 1.932617692062e+01
6.392000000000e+01  5.124545166008e+01 -7.545823583964e+00 5.679848719719e+01 1.890161659713e+01
6.393000000000e+01  5.144197960937e+01 -7.831450719120e+00 5.696806757107e+01 1.847363825856e+01
6.394000000000e+01  5.163274197330e+01 -8.122241921903e+00 5.712874538179e+01 1.804244557679e+01
6.395000000000e+01  5.181762051786e+01 -8.418064592176e+00 5.728044974377e+01 1.760824387371e+01
6.396000000000e+01  5.199650014166e+01 -8.718783407003e+00 5.742311446534e+01 1.717124001230e+01
6.397000000000e+01  5.216926893868e+01 -9.024260392216e+00 5.755667808210e+01 1.673164228689e+01
6.398000000000e+01  5.233581825918e+01 -9.334354995421e+00 5.768108388788e+01 1.628966031272e+01
6.399000000000e+01  5.249604276882e+01 -9.648924160412e+00 5.779627996324e+01 1.584550491486e+01
6.400000000000e+01  5.264984050606e+01 -9.967822402964e+00 5.790221920139e+01 1.539938801650e+01
6.401000000000e+01  5.279711293767e+01 -1.029090188795e+01 5.799885933172e+01 1.495152252673e+01
6.402000000000e+01  5.293776501232e+01 -1.061801250776e+01 5.808616294080e+01 1.450212222784e+01
6.403000000000e+01  5.307170521232e+01 -1.094900196197e+01 5.816409749085e+01 1.405140166221e+01
6.404000000000e+01  5.319884560338e+01 -1.128371583824e+01 5.823263533570e+01 1.359957601883e+01
6.405000000000e+01  5.331910188239e+01 -1.162199769437e+01 5.829175373431e+01 1.314686101958e+01
6.406000000000e+01  5.343239342319e+01 -1.196368914148e+01 5.834143486166e+01 1.269347280523e+01
6.407000000000e+01  5.353864332031e+01 -1.230862992832e+01 5.838166581727e+01 1.223962782131e+01
6.408000000000e+01  5.363777843063e+01 -1.265665802657e+01 5.841243863104e+01 1.178554270387e+01
6.409000000000e+01  5.372972941299e+01 -1.300760971720e+01 5.843375026673e+01 1.133143416518e+01
6.410000000000e+01  5.381443076559e+01 -1.336131967775e+01 5.844560262283e+01 1.087751887952e+01
6.411000000000e+01  5.389182086134e+01 -1.371762107053e+01 5.844800253095e+01 1.042401336892e+01
6.412000000000e+01  5.396184198102e+01 -1.407634563167e+01 5.844096175173e+01 9.971133889202e+00
6.413000000000e+01  5.402444034422e+01 -1.443732376102e+01 5.842449696822e+01 9.519096316100e+00
6.414000000000e+01  5.407956613813e+01 -1.480038461283e+01 5.839862977674e+01 9.068116031707e+00
6.415000000000e+01  5.412717354410e+01 -1.516535618706e+01 5.836338667536e+01 8.618407811227e+00
6.416000000000e+01  5.416722076192e+01 -1.553206542151e+01 5.831879904975e+01 8.170185710114e+00
6.417000000000e+01  5.419967003193e+01 -1.590033828441e+01 5.826490315668e+01 7.723662951647e+00
6.418000000000e+01  5.422448765483e+01 -1.626999986775e+01 5.820174010497e+01 7.279051815012e+00
6.419000000000e+01  5.424164400922e+01 -1.664087448098e+01 5.812935583404e+01 6.836563523939e+00
6.420000000000e+01  5.425111356687e+01 -1.701278574527e+01 5.804780108998e+01 6.396408135948e+00
6.421000000000e+01  5.425287490574e+01 -1.738555668817e+01 5.795713139922e+01 5.958794432276e+00
6.422000000000e+01  5.424691072065e+01 -1.775900983865e+01 5.785740703971e+01 5.523929808523e+00
6.423000000000e+01  5.423320783177e+01 -1.813296732236e+01 5.774869300974e+01 5.092020166086e+00
6.424000000000e+01  5.421175719069e+01 -1.850725095731e+01 5.763105899438e+01 4.663269804423e+00
6.425000000000e+01  5.418255388431e+01 -1.888168234962e+01 5.750457932945e+01 4.237881314215e+00
6.426000000000e+01  5.414559713643e+01 -1.925608298944e+01 5.736933296319e+01 3.816055471467e+00
6.427000000000e+01  5.410089030700e+01 -1.963027434706e+01 5.722540341553e+01 3.397991132606e+00
6.428000000000e+01  5.404844088917e+01 -2.000407796894e+01 5.707287873505e+01 2.983885130627e+00
6.429000000000e+01  5.398826050404e+01 -2.037731557379e+01 5.691185145360e+01 2.573932172338e+00
6.430000000000e+01  5.392036489316e+01 -2.074980914857e+01 5.674241853859e+01 2.168324736751e+00
6.431000000000e+01  5.384477390882e+01 -2.112138104438e+01 5.656468134299e+01 1.767252974676e+00
6.432000000000e+01  5.376151150205e+01 -2.149185407215e+01 5.637874555314e+01 1.370904609561e+00
6.433000000000e+01  5.367060570842e+01 -2.186105159807e+01 5.618472113416e+01 9.794648396202e-01
6.434000000000e+01  5.357208863171e+01 -2.222879763881e+01 5.598272227327e+01 5.931162413154e-01
6.435000000000e+01  5.346599642529e+01 -2.259491695630e+01 5.577286732085e+01 2.120386742180e-01
6.436000000000e+01  5.335236927137e+01 -2.295923515219e+01 5.555527872926e+01 -1.635908126907e-01
6.437000000000e+01  5.323125135814e+01 -2.332157876180e+01 5.533008298961e+01 -5.335980732400e-01
6.438000000000e+01  5.310269085472e+01 -2.368177534760e+01 5.509741056633e+01 -8.978119547663e-01
6.439000000000e+01  5.296673988406e+01 -2.403965359207e+01 5.485739582961e+01 -1.256064387242e+00
6.440000000000e+01  5.282345449365e+01 -2.439504339004e+01 5.461017698586e+01 -1.608190470790e+00
6.441000000000e+01  5.267289462432e+01 -2.474777594026e+01 5.435589600602e+01 -1.954028561554e+00
6.442000000000e+01  5.251512407684e+01 -2.509768383632e+01 5.409469855191e+01 -2.293420355861e+00
6.443000000000e+01  5.235021047660e+01 -2.544460115673e+01 5.382673390059e+01 -2.626210972658e+00
6.444000000000e+01  5.217822523624e+01 -2.578836355428e+01 5.355215486678e+01 -2.952249034170e+00
6.445000000000e+01  5.199924351638e+01 -2.612880834439e+01 5.327111772335e+01 -3.271386744739e+00
6.446000000000e+01  5.181334418432e+01 -2.646577459265e+01 5.298378211994e+01 -3.583479967817e+00
6.447000000000e+01  5.162060977086e+01 -2.679910320132e+01 5.269031099973e+01 -3.888388301055e+00
6.448000000000e+01  5.142112642527e+01 -2.712863699483e+01 5.239087051448e+01 -4.185975149475e+00
6.449000000000e+01  5.121498386834e+01 -2.745422080423e+01 5.208562993769e+01 -4.476107796666e+00
6.450000000000e+01  5.100227534363e+01 -2.777570155044e+01 5.177476157620e+01 -4.758657473985e+00
6.451000000000e+01  5.078309756686e+01 -2.809292832648e+01 5.145844067998e+01 -5.033499427715e+00
6.452000000000e+01  5.055755067363e+01 -2.840575247834e+01 5.113684535040e+01 -5.300512984159e+00
6.453000000000e+01  5.032573816528e+01 -2.871402768471e+01 5.081015644687e+01 -5.559581612620e+00
6.454000000000e+01  5.008776685309e+01 -2.901761003536e+01 5.047855749194e+01 -5.810592986258e+00
6.455000000000e+01  4.984374680081e+01 -2.931635810819e+01 5.014223457501e+01 -6.053439040763e+00
6.456000000000e+01  4.959379126548e+01 -2.961013304493e+01 4.980137625448e+01 -6.288016030839e+00
6.457000000000e+01  4.933801663666e+01 -2.989879862538e+01 4.945617345864e+01 -6.514224584455e+00
6.458000000000e+01  4.907654237408e+01 -3.018222134022e+01 4.910681938516e+01 -6.731969754838e+00
6.459000000000e+01  4.880949094370e+01 -3.046027046234e+01 4.875350939936e+01 -6.941161070178e+00
6.460000000000e+01  4.853698775224e+01 -3.073281811657e+01 4.839644093122e+01 -7.141712581028e+00
6.461000000000e+01  4.825916108029e+01 -3.099973934794e+01 4.803581337127e+01 -7.333542905352e+00
6.462000000000e+01  4.797614201385e+01 -3.126091218824e+01 4.767182796536e+01 -7.516575271220e+00
6.463000000000e+01  4.768806437452e+01 -3.151621772100e+01 4.730468770838e+01 -7.690737557111e+00
6.464000000000e+01  4.739506464828e+01 -3.176554014482e+01 4.693459723700e+01 -7.855962329802e+00
6.465000000000e+01  4.709728191291e+01 -3.200876683489e+01 4.656176272150e+01 -8.012186879837e+00
6.466000000000e+01  4.679485776411e+01 -3.224578840290e+01 4.618639175669e+01 -8.159353254526e+00
6.467000000000e+01  4.648793624033e+01 -3.247649875511e+01 4.580869325203e+01 -8.297408288490e+00
6.468000000000e+01  4.617666374633e+01 -3.270079514868e+01 4.542887732110e+01 -8.426303631703e+00
6.469000000000e+01  4.586118897556e+01 -3.291857824611e+01 4.504715517020e+01 -8.545995775036e+00
6.470000000000e+01  4.554166283139e+01 -3.312975216786e+01 4.466373898650e+01 -8.656446073276e+00
6.471000000000e+01  4.521823834715e+01 -3.333422454317e+01 4.427884182554e+01 -8.757620765612e+00
6.472000000000e+01  4.489107060516e+01 -3.353190655885e+01 4.389267749826e+01 -8.849490993564e+00
6.473000000000e+01  4.456031665464e+01 -3.372271300625e+01 4.350546045757e+01 -8.932032816364e+00
6.474000000000e+01  4.422613542864e+01 -3.390656232624e+01 4.311740568455e+01 -9.005227223754e+00
6.475000000000e+01  4.388868766000e+01 -3.408337665222e+01 4.272872857439e+01 -9.069060146218e+00
6.476000000000e+01  4.354813579639e+01 -3.425308185119e+01 4.233964482202e+01 -9.123522462609e+00
6.477000000000e+01  4.320464391447e+01 -3.441560756272e+01 4.195037030758e+01 -9.168610005206e+00
6.478000000000e+01  4.285837763317e+01 -3.457088723598e+01 4.156112098178e+01 -9.204323562150e+00
6.479000000000e+01  4.250950402621e+01 -3.471885816472e+01 4.117211275121e+01 -9.230668877297e+00
6.480000000000e+01  4.215819153387e+01 -3.485946152012e+01 4.078356136359e+01 -9.247656647456e+00
6.481000000000e+01  4.180460987401e+01 -3.499264238161e+01 4.039568229322e+01 -9.255302517032e+00
6.482000000000e+01  4.144892995248e+01 -3.511834976563e+01 4.000869062641e+01 -9.253627070063e+00
6.483000000000e+01  4.109132377285e+01 -3.523653665226e+01 3.962280094724e+01 -9.242655819656e+00
6.484000000000e+01  4.073196434560e+01 -3.534716000965e+01 3.923822722349e+01 -9.222419194830e+00
6.485000000000e+01  4.037102559682e+01 -3.545018081651e+01 3.885518269291e+01 -9.192952524763e+00
6.486000000000e+01  4.000868227630e+01 -3.554556408227e+01 3.847387974994e+01 -9.154296020464e+00
6.487000000000e+01  3.964510986536e+01 -3.563327886519e+01 3.809452983276e+01 -9.106494753861e+00
6.488000000000e+01  3.928048448415e+01 -3.571329828833e+01 3.771734331094e+01 -9.049598634322e+00
6.489000000000e+01  3.891498279868e+01 -3.578559955330e+01 3.734252937362e+01 -8.983662382632e+00
6.490000000000e+01  3.854878192752e+01 -3.585016395189e+01 3.697029591832e+01 -8.908745502411e+00
6.491000000000e+01  3.818205934831e+01 -3.590697687546e+01 3.660084944045e+01 -8.824912249019e+00
6.492000000000e+01  3.781499280403e+01 -3.595602782227e+01 3.623439492354e+01 -8.732231595935e+00
6.493000000000e+01  3.744776020909e+01 -3.599731040249e+01 3.587113573035e+01 -8.630777198645e+00
6.494000000000e+01  3.708053955544e+01 -3.603082234114e+01 3.551127349474e+01 -8.520627356053e+00
6.495000000000e+01  3.671350881849e+01 -3.605656547880e+01 3.515500801454e+01 -8.401864969427e+00
6.496000000000e+01  3.634684586312e+01 -3.607454577013e+01 3.480253714542e+01 -8.274577498910e+00
6.497000000000e+01  3.598072834972e+01 -3.608477328025e+01 3.445405669570e+01 -8.138856917614e+00
6.498000000000e+01  3.561533364030e+01 -3.608726217888e+01 3.410976032238e+01 -7.994799663322e+00
6.499000000000e+01  3.525083870477e+01 -3.608203073239e+01 3.376983942820e+01 -7.842506587820e+00
6.500000000000e+01  3.488742002742e+01 -3.606910129360e+01 3.343448306004e+01 -7.682082903892e+00
6.501000000000e+01  3.452525351364e+01 -3.604850028948e+01 3.310387780845e+01 -7.513638129990e+00
6.502000000000e+01  3.416451439692e+01 -3.602025820665e+01 3.277820770856e+01 -7.337286032633e+00
6.503000000000e+01  3.380537714621e+01 -3.598440957478e+01 3.245765414238e+01 -7.153144566540e+00
6.504000000000e+01  3.344801537364e+01 -3.594099294778e+01 3.214239574248e+01 -6.961335812541e+00
6.505000000000e+01  3.309260174276e+01 -3.589005088298e+01 3.183260829713e+01 -6.761985913297e+00
6.506000000000e+01  3.273930787717e+01 -3.583162991803e+01 3.152846465699e+01 -6.555225006864e+00
6.507000000000e+01  3.238830426975e+01 -3.576578054586e+01 3.123013464338e+01 -6.341187158130e+00
6.508000000000e+01  3.203976019244e+01 -3.569255718746e+01 3.093778495812e+01 -6.120010288166e+00
6.509000000000e+01  3.169384360670e+01 -3.561201816260e+01 3.065157909509e+01 -5.891836101528e+00
6.510000000000e+01  3.135072107463e+01 -3.552422565849e+01 3.037167725347e+01 -5.656810011548e+00
6.511000000000e+01  3.101055767075e+01 -3.542924569640e+01 3.009823625275e+01 -5.415081063648e+00
6.512000000000e+01  3.067351689468e+01 -3.532714809628e+01 2.983140944956e+01 -5.166801856730e+00
6.513000000000e+01  3.033976058456e+01 -3.521800643934e+01 2.957134665630e+01 -4.912128462667e+00
6.514000000000e+01  3.000944883132e+01 -3.510189802863e+01 2.931819406172e+01 -4.651220343954e+00
6.515000000000e+01  2.968273989396e+01 -3.497890384772e+01 2.907209415341e+01 -4.384240269550e+00
6.516000000000e+01  2.935979011567e+01 -3.484910851739e+01 2.883318564225e+01 -4.111354228961e+00
6.517000000000e+01  2.904075384104e+01 -3.471260025040e+01 2.860160338886e+01 -3.832731344610e+00
6.518000000000e+01  2.872578333427e+01 -3.456947080436e+01 2.837747833218e+01 -3.548543782541e+00
6.519000000000e+01  2.841502869849e+01 -3.441981543276e+01 2.816093742004e+01 -3.258966661499e+00
6.520000000000e+01  2.810863779624e+01 -3.426373283413e+01 2.795210354195e+01 -2.964177960441e+00
6.521000000000e+01  2.780675617102e+01 -3.410132509940e+01 2.775109546396e+01 -2.664358424519e+00
6.522000000000e+01  2.750952697024e+01 -3.393269765742e+01 2.755802776577e+01 -2.359691469598e+00
6.523000000000e+01  2.721709086922e+01 -3.375795921883e+01 2.737301078008e+01 -2.050363085344e+00
6.524000000000e+01  2.692958599666e+01 -3.357722171801e+01 2.719615053420e+01 -1.736561736946e+00
6.525000000000e+01  2.664714786137e+01 -3.339060025357e+01 2.702754869387e+01 -1.418478265512e+00
6.526000000000e+01  2.636990928037e+01 -3.319821302695e+01 2.686730250951e+01 -1.096305787211e+00
6.527000000000e+01  2.609800030843e+01 -3.300018127950e+01 2.671550476479e+01 -7.702395911887e-01
6.528000000000e+01  2.583154816909e+01 -3.279662922796e+01 2.657224372751e+01 -4.404770363365e-01
6.529000000000e+01  2.557067718712e+01 -3.258768399831e+01 2.643760310298e+01 -1.072174469490e-01
6.530000000000e+01  2.531550872252e+01 -3.237347555814e+01 2.631166198975e+01 2.293379926616e-01
6.531000000000e+01  2.506616110613e+01 -3.215413664744e+01 2.619449483781e+01 5.689863445458e-01
6.532000000000e+01  2.482274957678e+01 -3.192980270808e+01 2.608617140933e+01 9.115230244309e-01
6.533000000000e+01  2.458538622007e+01 -3.170061181169e+01 2.598675674176e+01 1.256741909915e+00
6.534000000000e+01  2.435417990887e+01 -3.146670458624e+01 2.589631111355e+01 1.604435449480e+00
6.535000000000e+01  2.412923624548e+01 -3.122822414130e+01 2.581489001235e+01 1.954394772272e+00
6.536000000000e+01  2.391065750548e+01 -3.098531599192e+01 2.574254410580e+01 2.306409798581e+00
6.537000000000e+01  2.369854258340e+01 -3.073812798128e+01 2.567931921481e+01 2.660269350968e+00
6.538000000000e+01  2.349298694016e+01 -3.048681020210e+01 2.562525628946e+01 3.015761265986e+00
6.539000000000e+01  2.329408255226e+01 -3.023151491689e+01 2.558039138752e+01 3.372672506416e+00
6.540000000000e+01  2.310191786293e+01 -2.997239647700e+01 2.554475565548e+01 3.730789273983e+00
6.541000000000e+01  2.291657773502e+01 -2.970961124062e+01 2.551837531228e+01 4.089897122476e+00
6.542000000000e+01  2.273814340587e+01 -2.944331748970e+01 2.550127163558e+01 4.449781071211e+00
6.543000000000e+01  2.256669244405e+01 -2.917367534587e+01 2.549346095074e+01 4.810225718789e+00
6.544000000000e+01  2.240229870806e+01 -2.890084668534e+01 2.549495462233e+01 5.171015357081e+00
6.545000000000e+01  2.224503230700e+01 -2.862499505296e+01 2.550575904834e+01 5.531934085373e+00
6.546000000000e+01  2.209495956317e+01 -2.834628557530e+01 2.552587565703e+01 5.892765924625e+00
6.547000000000e+01  2.195214297675e+01 -2.806488487300e+01 2.555530090639e+01 6.253294931771e+00
6.548000000000e+01  2.181664119243e+01 -2.778096097222e+01 2.559402628622e+01 6.613305314005e+00
6.549000000000e+01  2.168850896814e+01 -2.749468321549e+01 2.564203832290e+01 6.972581542993e+00
6.550000000000e+01  2.156779714575e+01 -2.720622217168e+01 2.569931858679e+01 7.330908468947e+00
6.551000000000e+01  2.145455262396e+01 -2.691574954553e+01 2.576584370220e+01 7.688071434496e+00
6.552000000000e+01  2.134881833317e+01 -2.662343808640e+01 2.584158536003e+01 8.043856388314e+00
6.553000000000e+01  2.125063321249e+01 -2.632946149660e+01 2.592651033304e+01 8.398049998415e+00
6.554000000000e+01  2.116003218889e+01 -2.603399433914e+01 2.602058049373e+01 8.750439765078e+00
6.555000000000e+01  2.107704615841e+01 -2.573721194508e+01 2.612375283475e+01 9.100814133330e+00
6.556000000000e+01  2.100170196957e+01 -2.543929032043e+01 2.623597949199e+01 9.448962604939e+00
6.557000000000e+01  2.093402240885e+01 -2.514040605269e+01 2.635720777021e+01 9.794675849837e+00
6.558000000000e+01  2.087402618839e+01 -2.484073621718e+01 2.648738017123e+01 1.013774581694e+01
6.559000000000e+01  2.082172793580e+01 -2.454045828298e+01 2.662643442465e+01 1.047796584428e+01
6.560000000000e+01  2.077713818612e+01 -2.423975001876e+01 2.677430352116e+01 1.081513076842e+01
6.561000000000e+01  2.074026337603e+01 -2.393878939840e+01 2.693091574830e+01 1.114903703306e+01
6.562000000000e+01  2.071110584010e+01 -2.363775450655e+01 2.709619472877e+01 1.147948279679e+01
6.563000000000e+01  2.068966380934e+01 -2.333682344409e+01 2.727005946115e+01 1.180626803997e+01
6.564000000000e+01  2.067593141182e+01 -2.303617423361e+01 2.745242436317e+01 1.212919467061e+01
6.565000000000e+01  2.066989867551e+01 -2.273598472491e+01 2.764319931729e+01 1.244806662925e+01
6.566000000000e+01  2.067155153330e+01 -2.243643250064e+01 2.784228971879e+01 1.276268999276e+01
6.567000000000e+01  2.068087183014e+01 -2.213769478202e+01 2.804959652618e+01 1.307287307698e+01
6.568000000000e+01  2.069783733240e+01 -2.183994833479e+01 2.826501631401e+01 1.337842653826e+01
6.569000000000e+01  2.072242173937e+01 -2.154336937544e+01 2.848844132795e+01 1.367916347366e+01
6.570000000000e+01  2.075459469686e+01 -2.124813347763e+01 2.871975954221e+01 1.397489951992e+01
6.571000000000e+01  2.079432181303e+01 -2.095441547904e+01 2.895885471921e+01 1.426545295107e+01
6.572000000000e+01  2.084156467629e+01 -2.066238938860e+01 2.920560647149e+01 1.455064477465e+01
6.573000000000e+01  2.089628087538e+01 -2.037222829414e+01 2.945989032581e+01 1.483029882644e+01
6.574000000000e+01  2.095842402153e+01 -2.008410427050e+01 2.972157778946e+01 1.510424186379e+01
6.575000000000e+01  2.102794377270e+01 -1.979818828826e+01 2.999053641862e+01 1.537230365728e+01
6.576000000000e+01  2.110478586002e+01 -1.951465012299e+01 3.026662988891e+01 1.563431708091e+01
6.577000000000e+01  2.118889211617e+01 -1.923365826515e+01 3.054971806792e+01 1.589011820051e+01
6.578000000000e+01  2.128020050592e+01 -1.895537983068e+01 3.083965708984e+01 1.613954636060e+01
6.579000000000e+01  2.137864515870e+01 -1.867998047232e+01 3.113629943199e+01 1.638244426940e+01
6.580000000000e+01  2.148415640312e+01 -1.840762429169e+01 3.143949399335e+01 1.661865808213e+01
6.581000000000e+01  2.159666080366e+01 -1.813847375222e+01 3.174908617495e+01 1.684803748246e+01
6.582000000000e+01  2.171608119919e+01 -1.787268959294e+01 3.206491796217e+01 1.707043576207e+01
6.583000000000e+01  2.184233674353e+01 -1.761043074314e+01 3.238682800876e+01 1.728570989835e+01
6.584000000000e+01  2.197534294802e+01 -1.735185423809e+01 3.271465172275e+01 1.749372063008e+01
6.585000000000e+01  2.211501172588e+01 -1.709711513564e+01 3.304822135398e+01 1.769433253119e+01
6.586000000000e+01  2.226125143861e+01 -1.684636643399e+01 3.338736608335e+01 1.788741408244e+01
6.587000000000e+01  2.241396694417e+01 -1.659975899045e+01 3.373191211372e+01 1.807283774105e+01
6.588000000000e+01  2.257305964708e+01 -1.635744144141e+01 3.408168276233e+01 1.825048000820e+01
6.589000000000e+01  2.273842755028e+01 -1.611956012346e+01 3.443649855483e+01 1.842022149442e+01
6.590000000000e+01  2.290996530889e+01 -1.588625899570e+01 3.479617732071e+01 1.858194698281e+01
6.591000000000e+01  2.308756428563e+01 -1.565767956335e+01 3.516053429025e+01 1.873554548999e+01
6.592000000000e+01  2.327111260803e+01 -1.543396080268e+01 3.552938219277e+01 1.888091032487e+01
6.593000000000e+01  2.346049522738e+01 -1.521523908721e+01 3.590253135626e+01 1.901793914513e+01
6.594000000000e+01  2.365559397930e+01 -1.500164811536e+01 3.627978980827e+01 1.914653401136e+01
6.595000000000e+01  2.385628764604e+01 -1.479331883948e+01 3.666096337803e+01 1.926660143893e+01
6.596000000000e+01  2.406245202025e+01 -1.459037939634e+01 3.704585579972e+01 1.937805244746e+01
6.597000000000e+01  2.427395997052e+01 -1.439295503913e+01 3.743426881686e+01 1.948080260789e+01
6.598000000000e+01  2.449068150832e+01 -1.420116807098e+01 3.782600228780e+01 1.957477208718e+01
6.599000000000e+01  2.471248385648e+01 -1.401513778003e+01 3.822085429216e+01 1.965988569058e+01
6.600000000000e+01  2.493923151920e+01 -1.383498037614e+01 3.861862123820e+01 1.973607290136e+01
6.601000000000e+01  2.517078635344e+01 -1.366080892916e+01 3.901909797119e+01 1.980326791817e+01
6.602000000000e+01  2.540700764174e+01 -1.349273330896e+01 3.942207788247e+01 1.986140968987e+01
6.603000000000e+01  2.564775216635e+01 -1.333086012707e+01 3.982735301939e+01 1.991044194775e+01
6.604000000000e+01  2.589287428475e+01 -1.317529268010e+01 4.023471419594e+01 1.995031323538e+01
6.605000000000e+01  2.614222600643e+01 -1.302613089491e+01 4.064395110398e+01 1.998097693580e+01
6.606000000000e+01  2.639565707084e+01 -1.288347127553e+01 4.105485242516e+01 2.000239129614e+01
6.607000000000e+01  2.665301502664e+01 -1.274740685198e+01 4.146720594334e+01 2.001451944976e+01
6.608000000000e+01  2.691414531205e+01 -1.261802713082e+01 4.188079865746e+01 2.001732943567e+01
6.609000000000e+01  2.717889133632e+01 -1.249541804768e+01 4.229541689489e+01 2.001079421550e+01
6.610000000000e+01  2.744709456228e+01 -1.237966192157e+01 4.271084642509e+01 1.999489168771e+01
6.611000000000e+01  2.771859458989e+01 -1.227083741124e+01 4.312687257359e+01 1.996960469933e+01
6.612000000000e+01  2.799322924081e+01 -1.216901947336e+01 4.354328033625e+01 1.993492105497e+01
6.613000000000e+01  2.827083464390e+01 -1.207427932275e+01 4.395985449361e+01 1.989083352323e+01
6.614000000000e+01  2.855124532156e+01 -1.198668439454e+01 4.437637972546e+01 1.983733984057e+01
6.615000000000e+01  2.883429427699e+01 -1.190629830836e+01 4.479264072539e+01 1.977444271241e+01
6.616000000000e+01  2.911981308221e+01 -1.183318083455e+01 4.520842231538e+01 1.970214981170e+01
6.617000000000e+01  2.940763196681e+01 -1.176738786243e+01 4.562350956034e+01 1.962047377481e+01
6.618000000000e+01  2.969757990748e+01 -1.170897137061e+01 4.603768788247e+01 1.952943219483e+01
6.619000000000e+01  2.998948471811e+01 -1.165797939935e+01 4.645074317549e+01 1.942904761222e+01
6.620000000000e+01  3.028317314055e+01 -1.161445602508e+01 4.686246191861e+01 1.931934750285e+01
6.621000000000e+01  3.057847093592e+01 -1.157844133696e+01 4.727263129021e+01 1.920036426343e+01
6.622000000000e+01  3.087520297646e+01 -1.154997141558e+01 4.768103928110e+01 1.907213519431e+01
6.623000000000e+01  3.117319333780e+01 -1.152907831381e+01 4.808747480744e+01 1.893470247976e+01
6.624000000000e+01  3.147226539165e+01 -1.151579003972e+01 4.849172782311e+01 1.878811316554e+01
6.625000000000e+01  3.177224189890e+01 -1.151013054175e+01 4.889358943156e+01 1.863241913406e+01
6.626000000000e+01  3.207294510300e+01 -1.151211969594e+01 4.929285199707e+01 1.846767707681e+01
6.627000000000e+01  3.237419682362e+01 -1.152177329540e+01 4.968930925534e+01 1.829394846438e+01
6.628000000000e+01  3.267581855051e+01 -1.153910304186e+01 5.008275642331e+01 1.811129951390e+01
6.629000000000e+01  3.297763153756e+01 -1.156411653949e+01 5.047299030833e+01 1.791980115395e+01
6.630000000000e+01  3.327945689694e+01 -1.159681729083e+01 5.085980941632e+01 1.771952898703e+01
6.631000000000e+01  3.358111569336e+01 -1.163720469492e+01 5.124301405920e+01 1.751056324949e+01
6.632000000000e+01  3.388242903829e+01 -1.168527404764e+01 5.162240646127e+01 1.729298876909e+01
6.633000000000e+01  3.418321818419e+01 -1.174101654414e+01 5.199779086463e+01 1.706689492008e+01
6.634000000000e+01  3.448330461861e+01 -1.180441928359e+01 5.236897363347e+01 1.683237557588e+01
6.635000000000e+01  3.478251015827e+01 -1.187546527597e+01 5.273576335737e+01 1.658952905940e+01
6.636000000000e+01  3.508065704278e+01 -1.195413345112e+01 5.309797095329e+01 1.633845809102e+01
6.637000000000e+01  3.537756802831e+01 -1.204039866991e+01 5.345540976640e+01 1.607926973420e+01
6.638000000000e+01  3.567306648087e+01 -1.213423173765e+01 5.380789566968e+01 1.581207533883e+01
6.639000000000e+01  3.596697646926e+01 -1.223559941952e+01 5.415524716205e+01 1.553699048236e+01
6.640000000000e+01  3.625912285773e+01 -1.234446445833e+01 5.449728546526e+01 1.525413490859e+01
6.641000000000e+01  3.654933139811e+01 -1.246078559424e+01 5.483383461924e+01 1.496363246436e+01
6.642000000000e+01  3.683742882151e+01 -1.258451758676e+01 5.516472157604e+01 1.466561103400e+01
6.643000000000e+01  3.712324292950e+01 -1.271561123875e+01 5.548977629216e+01 1.436020247174e+01
6.644000000000e+01  3.740660268470e+01 -1.285401342262e+01 5.580883181936e+01 1.404754253195e+01
6.645000000000e+01  3.768733830077e+01 -1.299966710857e+01 5.612172439379e+01 1.372777079732e+01
6.646000000000e+01  3.796528133168e+01 -1.315251139493e+01 5.642829352345e+01 1.340103060510e+01
6.647000000000e+01  3.824026476035e+01 -1.331248154052e+01 5.672838207396e+01 1.306746897125e+01
6.648000000000e+01  3.851212308644e+01 -1.347950899916e+01 5.702183635248e+01 1.272723651279e+01
6.649000000000e+01  3.878069241338e+01 -1.365352145607e+01 5.730850618986e+01 1.238048736811e+01
6.650000000000e+01  3.904581053456e+01 -1.383444286640e+01 5.758824502097e+01 1.202737911551e+01
6.651000000000e+01  3.930731701855e+01 -1.402219349565e+01 5.786090996300e+01 1.166807268994e+01
6.652000000000e+01  3.956505329346e+01 -1.421668996217e+01 5.812636189194e+01 1.130273229791e+01
6.653000000000e+01  3.981886273025e+01 -1.441784528148e+01 5.838446551701e+01 1.093152533075e+01
6.654000000000e+01  4.006859072505e+01 -1.462556891263e+01 5.863508945307e+01 1.055462227613e+01
6.655000000000e+01  4.031408478036e+01 -1.483976680635e+01 5.887810629094e+01 1.017219662802e+01
6.656000000000e+01  4.055519458518e+01 -1.506034145520e+01 5.911339266567e+01 9.784424795003e+00
6.657000000000e+01  4.079177209395e+01 -1.528719194541e+01 5.934082932263e+01 9.391486007125e+00
6.658000000000e+01  4.102367160428e+01 -1.552021401071e+01 5.956030118141e+01 8.993562221211e+00
6.659000000000e+01  4.125074983348e+01 -1.575930008779e+01 5.977169739754e+01 8.590838024778e+00
6.660000000000e+01  4.147286599376e+01 -1.600433937367e+01 5.997491142196e+01 8.183500538569e+00
6.661000000000e+01  4.168988186615e+01 -1.625521788470e+01 6.016984105818e+01 7.771739317752e+00
6.662000000000e+01  4.190166187304e+01 -1.651181851728e+01 6.035638851717e+01 7.355746251848e+00
6.663000000000e+01  4.210807314934e+01 -1.677402111030e+01 6.053446046988e+01 6.935715463440e+00
6.664000000000e+01  4.230898561217e+01 -1.704170250914e+01 6.070396809742e+01 6.511843205713e+00
6.665000000000e+01  4.250427202912e+01 -1.731473663134e+01 6.086482713883e+01 6.084327758878e+00
6.666000000000e+01  4.269380808503e+01 -1.759299453383e+01 6.101695793639e+01 5.653369325544e+00
6.667000000000e+01  4.287747244713e+01 -1.787634448160e+01 6.116028547859e+01 5.219169925083e+00
6.668000000000e+01  4.305514682873e+01 -1.816465201802e+01 6.129473944048e+01 4.781933287045e+00
6.669000000000e+01  4.322671605124e+01 -1.845778003647e+01 6.142025422165e+01 4.341864743690e+00
6.670000000000e+01  4.339206810455e+01 -1.875558885348e+01 6.153676898165e+01 3.899171121679e+00
6.671000000000e+01  4.355109420579e+01 -1.905793628324e+01 6.164422767284e+01 3.454060632987e+00
6.672000000000e+01  4.370368885636e+01 -1.936467771340e+01 6.174257907074e+01 3.006742765101e+00
6.673000000000e+01  4.384974989722e+01 -1.967566618221e+01 6.183177680176e+01 2.557428170551e+00
6.674000000000e+01  4.398917856251e+01 -1.999075245692e+01 6.191177936839e+01 2.106328555834e+00
6.675000000000e+01  4.412187953129e+01 -2.030978511338e+01 6.198255017175e+01 1.653656569793e+00
6.676000000000e+01  4.424776097753e+01 -2.063261061681e+01 6.204405753151e+01 1.199625691512e+00
6.677000000000e+01  4.436673461831e+01 -2.095907340370e+01 6.209627470321e+01 7.444501177644e-01
6.678000000000e+01  4.447871576006e+01 -2.128901596478e+01 6.213917989295e+01 2.883446501042e-01
6.679000000000e+01  4.458362334305e+01 -2.162227892907e+01 6.217275626935e+01 -1.684754183680e-01
6.680000000000e+01  4.468137998391e+01 -2.195870114886e+01 6.219699197296e+01 -6.257944164933e-01
6.681000000000e+01  4.477191201625e+01 -2.229811978570e+01 6.221188012291e+01 -1.083396408741e+00
6.682000000000e+01  4.485514952933e+01 -2.264037039719e+01 6.221741882093e+01 -1.541065309040e+00
6.683000000000e+01  4.493102640486e+01 -2.298528702471e+01 6.221361115269e+01 -1.998584994689e+00
6.684000000000e+01  4.499948035170e+01 -2.333270228191e+01 6.220046518643e+01 -2.455739420295e+00
6.685000000000e+01  4.506045293867e+01 -2.368244744392e+01 6.217799396896e+01 -2.912312731685e+00
6.686000000000e+01  4.511388962534e+01 -2.403435253733e+01 6.214621551893e+01 -3.368089379721e+00
6.687000000000e+01  4.515973979079e+01 -2.438824643070e+01 6.210515281743e+01 -3.822854233979e+00
6.688000000000e+01  4.519795676037e+01 -2.474395692579e+01 6.205483379591e+01 -4.276392696218e+00
6.689000000000e+01  4.522849783034e+01 -2.510131084923e+01 6.199529132144e+01 -4.728490813604e+00
6.690000000000e+01  4.525132429061e+01 -2.546013414474e+01 6.192656317929e+01 -5.178935391607e+00
6.691000000000e+01  4.526640144528e+01 -2.582025196575e+01 6.184869205282e+01 -5.627514106544e+00
6.692000000000e+01  4.527369863116e+01 -2.618148876842e+01 6.176172550075e+01 -6.074015617693e+00
6.693000000000e+01  4.527318923427e+01 -2.654366840494e+01 6.166571593180e+01 -6.518229678932e+00
6.694000000000e+01  4.526485070416e+01 -2.690661421718e+01 6.156072057663e+01 -6.959947249851e+00
6.695000000000e+01  4.524866456621e+01 -2.727014913047e+01 6.144680145721e+01 -7.398960606278e+00
6.696000000000e+01  4.522461643184e+01 -2.763409574761e+01 6.132402535357e+01 -7.835063450179e+00
6.697000000000e+01  4.519269600659e+01 -2.799827644289e+01 6.119246376798e+01 -8.268051018860e+00
6.698000000000e+01  4.515289709611e+01 -2.836251345627e+01 6.105219288648e+01 -8.697720193444e+00
6.699000000000e+01  4.510521761008e+01 -2.872662898743e+01 6.090329353798e+01 -9.123869606552e+00
6.700000000000e+01  4.504965956398e+01 -2.909044528986e+01 6.074585115068e+01 -9.546299749155e+00
6.701000000000e+01  4.498622907883e+01 -2.945378476473e+01 6.057995570613e+01 -9.964813076529e+00
6.702000000000e+01  4.491493637874e+01 -2.981647005464e+01 6.040570169064e+01 -1.037921411328e+01
6.703000000000e+01  4.483579578646e+01 -3.017832413709e+01 6.022318804437e+01 -1.078930955741e+01
6.704000000000e+01  4.474882571676e+01 -3.053917041766e+01 6.003251810790e+01 -1.119490838329e+01
6.705000000000e+01  4.465404866773e+01 -3.089883282287e+01 5.983379956641e+01 -1.159582194363e+01
6.706000000000e+01  4.455149121005e+01 -3.125713589254e+01 5.962714439148e+01 -1.199186407028e+01
6.707000000000e+01  4.444118397410e+01 -3.161390487180e+01 5.941266878056e+01 -1.238285117386e+01
6.708000000000e+01  4.432316163504e+01 -3.196896580249e+01 5.919049309410e+01 -1.276860234221e+01
6.709000000000e+01  4.419746289580e+01 -3.232214561398e+01 5.896074179044e+01 -1.314893943753e+01
6.710000000000e+01  4.406413046802e+01 -3.267327221341e+01 5.872354335840e+01 -1.352368719227e+01
6.711000000000e+01  4.392321105094e+01 -3.302217457517e+01 5.847903024771e+01 -1.389267330362e+01
6.712000000000e+01  4.377475530819e+01 -3.336868282974e+01 5.822733879728e+01 -1.425572852661e+01
6.713000000000e+01  4.361881784260e+01 -3.371262835162e+01 5.796860916133e+01 -1.461268676581e+01
6.714000000000e+01  4.345545716898e+01 -3.405384384650e+01 5.770298523343e+01 -1.496338516553e+01
6.715000000000e+01  4.328473568483e+01 -3.439216343749e+01 5.743061456852e+01 -1.530766419844e+01
6.716000000000e+01  4.310671963908e+01 -3.472742275045e+01 5.715164830295e+01 -1.564536775267e+01
6.717000000000e+01  4.292147909883e+01 -3.505945899830e+01 5.686624107255e+01 -1.597634321729e+01
6.718000000000e+01  4.272908791409e+01 -3.538811106432e+01 5.657455092884e+01 -1.630044156611e+01
6.719000000000e+01  4.252962368059e+01 -3.571321958435e+01 5.627673925338e+01 -1.661751743972e+01
6.720000000000e+01  4.232316770057e+01 -3.603462702792e+01 5.597297067031e+01 -1.692742922592e+01
6.721000000000e+01  4.210980494166e+01 -3.635217777818e+01 5.566341295715e+01 -1.723003913813e+01
6.722000000000e+01  4.188962399386e+01 -3.666571821068e+01 5.534823695401e+01 -1.752521329214e+01
6.723000000000e+01  4.166271702456e+01 -3.697509677088e+01 5.502761647100e+01 -1.781282178088e+01
6.724000000000e+01  4.142917973169e+01 -3.728016405048e+01 5.470172819420e+01 -1.809273874721e+01
6.725000000000e+01  4.118911129499e+01 -3.758077286237e+01 5.437075159006e+01 -1.836484245477e+01
6.726000000000e+01  4.094261432546e+01 -3.787677831433e+01 5.403486880832e+01 -1.862901535676e+01
6.727000000000e+01  4.068979481288e+01 -3.816803788141e+01 5.369426458359e+01 -1.888514416261e+01
6.728000000000e+01  4.043076207163e+01 -3.845441147685e+01 5.334912613550e+01 -1.913311990251e+01
6.729000000000e+01  4.016562868463e+01 -3.873576152176e+01 5.299964306763e+01 -1.937283798975e+01
6.730000000000e+01  3.989451044557e+01 -3.901195301327e+01 5.264600726517e+01 -1.960419828080e+01
6.731000000000e+01  3.961752629937e+01 -3.928285359136e+01 5.228841279143e+01 -1.982710513307e+01
6.732000000000e+01  3.933479828092e+01 -3.954833360420e+01 5.192705578327e+01 -2.004146746032e+01
6.733000000000e+01  3.904645145216e+01 -3.980826617208e+01 5.156213434539e+01 -2.024719878570e+01
6.734000000000e+01  3.875261383746e+01 -4.006252724989e+01 5.119384844377e+01 -2.044421729226e+01
6.735000000000e+01  3.845341635742e+01 -4.031099568810e+01 5.082239979804e+01 -2.063244587100e+01
6.736000000000e+01  3.814899276102e+01 -4.055355329234e+01 5.044799177306e+01 -2.081181216636e+01
6.737000000000e+01  3.783947955629e+01 -4.079008488143e+01 5.007082926972e+01 -2.098224861908e+01
6.738000000000e+01  3.752501593934e+01 -4.102047834400e+01 4.969111861488e+01 -2.114369250640e+01
6.739000000000e+01  3.720574372205e+01 -4.124462469357e+01 4.930906745071e+01 -2.129608597953e+01
6.740000000000e+01  3.688180725812e+01 -4.146241812216e+01 4.892488462339e+01 -2.143937609849e+01
6.741000000000e+01  3.655335336792e+01 -4.167375605244e+01 4.853878007120e+01 -2.157351486395e+01
6.742000000000e+01  3.622053126178e+01 -4.187853918834e+01 4.815096471208e+01 -2.169845924647e+01
6.743000000000e+01  3.588349246211e+01 -4.207667156416e+01 4.776165033084e+01 -2.181417121267e+01
6.744000000000e+01  3.554239072412e+01 -4.226806059221e+01 4.737104946579e+01 -2.192061774859e+01
6.745000000000e+01  3.519738195534e+01 -4.245261710892e+01 4.697937529521e+01 -2.201777088015e+01
6.746000000000e+01  3.484862413402e+01 -4.263025541940e+01 4.658684152340e+01 -2.210560769051e+01
6.747000000000e+01  3.449627722624e+01 -4.280089334055e+01 4.619366226655e+01 -2.218411033457e+01
6.748000000000e+01  3.414050310206e+01 -4.296445224255e+01 4.580005193845e+01 -2.225326605040e+01
6.749000000000e+01  3.378146545056e+01 -4.312085708890e+01 4.540622513603e+01 -2.231306716758e+01
6.750000000000e+01  3.341932969390e+01 -4.327003647478e+01 4.501239652491e+01 -2.236351111262e+01
6.751000000000e+01  3.305426290037e+01 -4.341192266402e+01 4.461878072485e+01 -2.240460041122e+01
6.752000000000e+01  3.268643369668e+01 -4.354645162428e+01 4.422559219531e+01 -2.243634268749e+01
6.753000000000e+01  3.231601217927e+01 -4.367356306079e+01 4.383304512114e+01 -2.245875066013e+01
6.754000000000e+01  3.194316982492e+01 -4.379320044843e+01 4.344135329831e+01 -2.247184213551e+01
6.755000000000e+01  3.156807940054e+01 -4.390531106213e+01 4.305073002000e+01 -2.247563999773e+01
6.756000000000e+01  3.119091487235e+01 -4.400984600564e+01 4.266138796287e+01 -2.247017219561e+01
6.757000000000e+01  3.081185131440e+01 -4.410676023864e+01 4.227353907366e+01 -2.245547172667e+01
6.758000000000e+01  3.043106481647e+01 -4.419601260216e+01 4.188739445624e+01 -2.243157661802e+01
6.759000000000e+01  3.004873239146e+01 -4.427756584217e+01 4.150316425898e+01 -2.239852990440e+01
6.760000000000e+01  2.966503188235e+01 -4.435138663155e+01 4.112105756275e+01 -2.235637960308e+01
6.761000000000e+01  2.928014186867e+01 -4.441744559019e+01 4.074128226937e+01 -2.230517868597e+01
6.762000000000e+01  2.889424157260e+01 -4.447571730330e+01 4.036404499075e+01 -2.224498504871e+01
6.763000000000e+01  2.850751076481e+01 -4.452618033792e+01 3.998955093860e+01 -2.217586147696e+01
6.764000000000e+01  2.812012966992e+01 -4.456881725752e+01 3.961800381494e+01 -2.209787560981e+01
6.765000000000e+01  2.773227887185e+01 -4.460361463474e+01 3.924960570341e+01 -2.201109990041e+01
6.766000000000e+01  2.734413921895e+01 -4.463056306220e+01 3.888455696131e+01 -2.191561157381e+01
6.767000000000e+01  2.695589172898e+01 -4.464965716136e+01 3.852305611264e+01 -2.181149258215e+01
6.768000000000e+01  2.656771749405e+01 -4.466089558944e+01 3.816529974206e+01 -2.169882955709e+01
6.769000000000e+01  2.617979758557e+01 -4.466428104429e+01 3.781148238985e+01 -2.157771375971e+01
6.770000000000e+01  2.579231295914e+01 -4.465982026731e+01 3.746179644792e+01 -2.144824102778e+01
6.771000000000e+01  2.540544435962e+01 -4.464752404426e+01 3.711643205701e+01 -2.131051172050e+01
6.772000000000e+01  2.501937222624e+01 -4.462740720406e+01 3.677557700501e+01 -2.116463066081e+01
6.773000000000e+01  2.463427659791e+01 -4.459948861548e+01 3.643941662653e+01 -2.101070707520e+01
6.774000000000e+01  2.425033701878e+01 -4.456379118172e+01 3.610813370377e+01 -2.084885453122e+01
6.775000000000e+01  2.386773244400e+01 -4.452034183290e+01 3.578190836876e+01 -2.067919087266e+01
6.776000000000e+01  2.348664114588e+01 -4.446917151644e+01 3.546091800693e+01 -2.050183815238e+01
6.777000000000e+01  2.310724062034e+01 -4.441031518520e+01 3.514533716226e+01 -2.031692256304e+01
6.778000000000e+01  2.272970749376e+01 -4.434381178359e+01 3.483533744380e+01 -2.012457436556e+01
6.779000000000e+01  2.235421743039e+01 -4.426970423144e+01 3.453108743384e+01 -1.992492781555e+01
6.780000000000e+01  2.198094504010e+01 -4.418803940575e+01 3.423275259770e+01 -1.971812108764e+01
6.781000000000e+01  2.161006378684e+01 -4.409886812022e+01 3.394049519513e+01 -1.950429619779e+01
6.782000000000e+01  2.124174589753e+01 -4.400224510267e+01 3.365447419344e+01 -1.928359892369e+01
6.783000000000e+01  2.087616227173e+01 -4.389822897027e+01 3.337484518245e+01 -1.905617872323e+01
6.784000000000e+01  2.051348239194e+01 -4.378688220257e+01 3.310176029117e+01 -1.882218865113e+01
6.785000000000e+01  2.015387423453e+01 -4.366827111244e+01 3.283536810640e+01 -1.858178527377e+01
6.786000000000e+01  1.979750418163e+01 -4.354246581484e+01 3.257581359319e+01 -1.833512858229e+01
6.787000000000e+01  1.944453693367e+01 -4.340954019336e+01 3.232323801728e+01 -1.808238190397e+01
6.788000000000e+01  1.909513542289e+01 -4.326957186482e+01 3.207777886951e+01 -1.782371181202e+01
6.789000000000e+01  1.874946072768e+01 -4.312264214157e+01 3.183956979227e+01 -1.755928803374e+01
6.790000000000e+01  1.840767198790e+01 -4.296883599180e+01 3.160874050803e+01 -1.728928335714e+01
6.791000000000e+01  1.806992632121e+01 -4.280824199777e+01 3.138541674997e+01 -1.701387353614e+01
6.792000000000e+01  1.773637874043e+01 -4.264095231191e+01 3.116972019476e+01 -1.673323719426e+01
6.793000000000e+01  1.740718207191e+01 -4.246706261101e+01 3.096176839754e+01 -1.644755572697e+01
6.794000000000e+01  1.708248687515e+01 -4.228667204827e+01 3.076167472914e+01 -1.615701320274e+01
6.795000000000e+01  1.676244136345e+01 -4.209988320345e+01 3.056954831546e+01 -1.586179626276e+01
6.796000000000e+01  1.644719132584e+01 -4.190680203103e+01 3.038549397928e+01 -1.556209401947e+01
6.797000000000e+01  1.613688005026e+01 -4.170753780645e+01 3.020961218431e+01 -1.525809795390e+01
6.798000000000e+01  1.583164824798e+01 -4.150220307047e+01 3.004199898156e+01 -1.495000181196e+01
6.799000000000e+01  1.553163397936e+01 -4.129091357163e+01 2.988274595815e+01 -1.463800149953e+01
6.800000000000e+01  1.523697258102e+01 -4.107378820687e+01 2.973194018853e+01 -1.432229497670e+01
6.801000000000e+01  1.494779659436e+01 -4.085094896045e+01 2.958966418804e+01 -1.400308215092e+01
6.802000000000e+01  1.466423569554e+01 -4.062252084093e+01 2.945599586906e+01 -1.368056476931e+01
6.803000000000e+01  1.438641662693e+01 -4.038863181661e+01 2.933100849950e+01 -1.335494631013e+01
6.804000000000e+01  1.411446313013e+01 -4.014941274916e+01 2.921477066390e+01 -1.302643187339e+01
6.805000000000e+01  1.384849588046e+01 -3.990499732564e+01 2.910734622697e+01 -1.269522807078e+01
6.806000000000e+01  1.358863242312e+01 -3.965552198893e+01 2.900879429972e+01 -1.236154291487e+01
6.807000000000e+01  1.333498711091e+01 -3.940112586654e+01 2.891916920810e+01 -1.202558570770e+01
6.808000000000e+01  1.308767104363e+01 -3.914195069794e+01 2.883852046427e+01 -1.168756692880e+01
6.809000000000e+01  1.284679200920e+01 -3.887814076040e+01 2.876689274037e+01 -1.134769812263e+01
6.810000000000e+01  1.261245442648e+01 -3.860984279337e+01 2.870432584495e+01 -1.100619178561e+01
6.811000000000e+01  1.238475928982e+01 -3.833720592145e+01 2.865085470202e+01 -1.066326125273e+01
6.812000000000e+01  1.216380411541e+01 -3.806038157607e+01 2.860650933263e+01 -1.031912058378e+01
6.813000000000e+01  1.194968288950e+01 -3.777952341581e+01 2.857131483919e+01 -9.973984449264e+00
6.814000000000e+01  1.174248601838e+01 -3.749478724544e+01 2.854529139234e+01 -9.628068016153e+00
6.815000000000e+01  1.154230028030e+01 -3.720633093386e+01 2.852845422048e+01 -9.281586833347e+00
6.816000000000e+01  1.134920877920e+01 -3.691431433070e+01 2.852081360199e+01 -8.934756717075e+00
6.817000000000e+01  1.116329090047e+01 -3.661889918196e+01 2.852237486000e+01 -8.587793636197e+00
6.818000000000e+01  1.098462226862e+01 -3.632024904452e+01 2.853313835993e+01 -8.240913597497e+00
6.819000000000e+01  1.081327470686e+01 -3.601852919958e+01 2.855309950956e+01 -7.894332531011e+00
6.820000000000e+01  1.064931619874e+01 -3.571390656522e+01 2.858224876183e+01 -7.548266175459e+00
6.821000000000e+01  1.049281085183e+01 -3.540654960795e+01 2.862057162025e+01 -7.202929963831e+00
6.822000000000e+01  1.034381886335e+01 -3.509662825349e+01 2.866804864698e+01 -6.858538909187e+00
6.823000000000e+01  1.020239648792e+01 -3.478431379660e+01 2.872465547345e+01 -6.515307490725e+00
6.824000000000e+01  1.006859600738e+01 -3.446977881028e+01 2.879036281378e+01 -6.173449540183e+00
6.825000000000e+01  9.942465702657e+00 -3.415319705410e+01 2.886513648065e+01 -5.833178128621e+00
6.826000000000e+01  9.824049827804e+00 -3.383474338202e+01 2.894893740385e+01 -5.494705453648e+00
6.827000000000e+01  9.713388586103e+00 -3.351459364945e+01 2.904172165147e+01 -5.158242727151e+00
6.828000000000e+01  9.610518108337e+00 -3.319292461984e+01 2.914344045363e+01 -4.824000063578e+00
6.829000000000e+01  9.515470433192e+00 -3.286991387071e+01 2.925404022875e+01 -4.492186368838e+00
6.830000000000e+01  9.428273489833e+00 -3.254573969925e+01 2.937346261249e+01 -4.163009229866e+00
6.831000000000e+01  9.348951082636e+00 -3.222058102747e+01 2.950164448910e+01 -3.836674804924e+00
6.832000000000e+01  9.277522878106e+00 -3.189461730703e+01 2.963851802539e+01 -3.513387714677e+00
6.833000000000e+01  9.214004393977e+00 -3.156802842375e+01 2.978401070720e+01 -3.193350934110e+00
6.834000000000e+01  9.158406990506e+00 -3.124099460186e+01 2.993804537830e+01 -2.876765685339e+00
6.835000000000e+01  9.110737863965e+00 -3.091369630809e+01 3.010054028179e+01 -2.563831331376e+00
6.836000000000e+01  9.071000042334e+00 -3.058631415553e+01 3.027140910396e+01 -2.254745270891e+00
6.837000000000e+01  9.039192383199e+00 -3.025902880750e+01 3.045056102055e+01 -1.949702834034e+00
6.838000000000e+01  9.015309573856e+00 -2.993202088129e+01 3.063790074540e+01 -1.648897179373e+00
6.839000000000e+01  8.999342133624e+00 -2.960547085197e+01 3.083332858147e+01 -1.352519191991e+00
6.840000000000e+01  8.991276418363e+00 -2.927955895621e+01 3.103674047420e+01 -1.060757382806e+00
6.841000000000e+01  8.991094627195e+00 -2.895446509627e+01 3.124802806719e+01 -7.737977891584e-01
6.842000000000e+01  8.998774811433e+00 -2.863036874413e+01 3.146707876015e+01 -4.918238767186e-01
6.843000000000e+01  9.014290885698e+00 -2.830744884579e+01 3.169377576912e+01 -2.150164427704e-01
6.844000000000e+01  9.037612641237e+00 -2.798588372597e+01 3.192799818885e+01 5.644647908615e-02
6.845000000000e+01  9.068705761420e+00 -2.766585099295e+01 3.216962105744e+01 3.223897127581e-01
6.846000000000e+01  9.107531839420e+00 -2.734752744398e+01 3.241851542309e+01 5.826410319626e-01
6.847000000000e+01  9.154048398054e+00 -2.703108897095e+01 3.267454841293e+01 8.370312509605e-01
6.848000000000e+01  9.208208911791e+00 -2.671671046662e+01 3.293758330404e+01 1.085394313674e+00
6.849000000000e+01  9.269962830900e+00 -2.640456573136e+01 3.320747959633e+01 1.327567381142e+00
6.850000000000e+01  9.339255607741e+00 -2.609482738048e+01 3.348409308760e+01 1.563390917265e+00
6.851000000000e+01  9.416028725165e+00 -2.578766675211e+01 3.376727595046e+01 1.792708772798e+00
6.852000000000e+01  9.500219727034e+00 -2.548325381589e+01 3.405687681117e+01 2.015368267548e+00
6.853000000000e+01  9.591762250822e+00 -2.518175708221e+01 3.435274083038e+01 2.231220270728e+00
6.854000000000e+01  9.690586062288e+00 -2.488334351242e+01 3.465470978573e+01 2.440119279430e+00
6.855000000000e+01  9.796617092217e+00 -2.458817842967e+01 3.496262215614e+01 2.641923495173e+00
6.856000000000e+01  9.909777475180e+00 -2.429642543075e+01 3.527631320801e+01 2.836494898494e+00
6.857000000000e+01  1.002998559032e+01 -2.400824629877e+01 3.559561508290e+01 3.023699321526e+00
6.858000000000e+01  1.015715610415e+01 -2.372380091686e+01 3.592035688710e+01 3.203406518545e+00
6.859000000000e+01  1.029120001525e+01 -2.344324718283e+01 3.625036478259e+01 3.375490234431e+00
6.860000000000e+01  1.043202470104e+01 -2.316674092490e+01 3.658546207973e+01 3.539828271021e+00
6.861000000000e+01  1.057953396632e+01 -2.289443581853e+01 3.692546933132e+01 3.696302551312e+00
6.862000000000e+01  1.073362809387e+01 -2.262648330439e+01 3.727020442818e+01 3.844799181480e+00
6.863000000000e+01  1.089420389679e+01 -2.236303250753e+01 3.761948269619e+01 3.985208510684e+00
6.864000000000e+01  1.106115477274e+01 -2.210423015774e+01 3.797311699455e+01 4.117425188626e+00
6.865000000000e+01  1.123437076000e+01 -2.185022051122e+01 3.833091781544e+01 4.241348220833e+00
6.866000000000e+01  1.141373859532e+01 -2.160114527356e+01 3.869269338496e+01 4.356881021631e+00
6.867000000000e+01  1.159914177347e+01 -2.135714352405e+01 3.905824976511e+01 4.463931464790e+00
6.868000000000e+01  1.179046060860e+01 -2.111835164141e+01 3.942739095711e+01 4.562411931801e+00
6.869000000000e+01  1.198757229720e+01 -2.088490323094e+01 3.979991900565e+01 4.652239357777e+00
6.870000000000e+01  1.219035098281e+01 -2.065692905314e+01 4.017563410424e+01 4.733335274936e+00
6.871000000000e+01  1.239866782226e+01 -2.043455695384e+01 4.055433470156e+01 4.805625853652e+00
6.872000000000e+01  1.261239105359e+01 -2.021791179592e+01 4.093581760866e+01 4.869041941056e+00
6.873000000000e+01  1.283138606544e+01 -2.000711539253e+01 4.131987810704e+01 4.923519097160e+00
6.874000000000e+01  1.305551546800e+01 -1.980228644202e+01 4.170631005762e+01 4.968997628483e+00
6.875000000000e+01  1.328463916545e+01 -1.960354046444e+01 4.209490601031e+01 5.005422619169e+00
6.876000000000e+01  1.351861442982e+01 -1.941098973983e+01 4.248545731441e+01 5.032743959579e+00
6.877000000000e+01  1.375729597621e+01 -1.922474324811e+01 4.287775422953e+01 5.050916372334e+00
6.878000000000e+01  1.400053603948e+01 -1.904490661081e+01 4.327158603716e+01 5.059899435808e+00
6.879000000000e+01  1.424818445215e+01 -1.887158203457e+01 4.366674115270e+01 5.059657605043e+00
6.880000000000e+01  1.450008872361e+01 -1.870486825641e+01 4.406300723800e+01 5.050160230094e+00
6.881000000000e+01  1.475609412065e+01 -1.854486049090e+01 4.446017131419e+01 5.031381571776e+00
6.882000000000e+01  1.501604374902e+01 -1.839165037918e+01 4.485801987499e+01 5.003300814815e+00
6.883000000000e+01  1.527977863633e+01 -1.824532593983e+01 4.525633900014e+01 4.965902078397e+00
6.884000000000e+01  1.554713781588e+01 -1.810597152176e+01 4.565491446919e+01 4.919174424103e+00
6.885000000000e+01  1.581795841170e+01 -1.797366775896e+01 4.605353187529e+01 4.863111861228e+00
6.886000000000e+01  1.609207572453e+01 -1.784849152725e+01 4.645197673922e+01 4.797713349492e+00
6.887000000000e+01  1.636932331877e+01 -1.773051590309e+01 4.685003462333e+01 4.722982799114e+00
6.888000000000e+01  1.664953311039e+01 -1.761981012429e+01 4.724749124555e+01 4.638929068289e+00
6.889000000000e+01  1.693253545571e+01 -1.751643955286e+01 4.764413259324e+01 4.545565958031e+00
6.890000000000e+01  1.721815924099e+01 -1.742046563985e+01 4.803974503691e+01 4.442912204409e+00
6.891000000000e+01  1.750623197284e+01 -1.733194589234e+01 4.843411544375e+01 4.330991468170e+00
6.892000000000e+01  1.779657986937e+01 -1.725093384244e+01 4.882703129088e+01 4.209832321762e+00
6.893000000000e+01  1.808902795197e+01 -1.717747901847e+01 4.921828077827e+01 4.079468233752e+00
6.894000000000e+01  1.838340013779e+01 -1.711162691823e+01 4.960765294123e+01 3.939937550659e+00
6.895000000000e+01  1.867951933282e+01 -1.705341898444e+01 4.999493776254e+01 3.791283476210e+00
6.896000000000e+01  1.897720752546e+01 -1.700289258229e+01 5.037992628396e+01 3.633554048021e+00
6.897000000000e+01  1.927628588061e+01 -1.696008097919e+01 5.076241071729e+01 3.466802111728e+00
6.898000000000e+01  1.957657483424e+01 -1.692501332672e+01 5.114218455470e+01 3.291085292569e+00
6.899000000000e+01  1.987789418827e+01 -1.689771464470e+01 5.151904267844e+01 3.106465964451e+00
6.900000000000e+01  2.018006320588e+01 -1.687820580751e+01 5.189278146974e+01 2.913011216492e+00
6.901000000000e+01  2.048290070706e+01 -1.686650353261e+01 5.226319891701e+01 2.710792817083e+00
6.902000000000e+01  2.078622516443e+01 -1.686262037122e+01 5.263009472309e+01 2.499887175466e+00
6.903000000000e+01  2.108985479921e+01 -1.686656470129e+01 5.299327041161e+01 2.280375300873e+00
6.904000000000e+01  2.139360767741e+01 -1.687834072261e+01 5.335252943239e+01 2.052342759218e+00
6.905000000000e+01  2.169730180601e+01 -1.689794845423e+01 5.370767726581e+01 1.815879627396e+00
6.906000000000e+01  2.200075522927e+01 -1.692538373399e+01 5.405852152606e+01 1.571080445189e+00
6.907000000000e+01  2.230378612497e+01 -1.696063822041e+01 5.440487206334e+01 1.318044164819e+00
6.908000000000e+01  2.260621290060e+01 -1.700369939666e+01 5.474654106473e+01 1.056874098171e+00
6.909000000000e+01  2.290785428946e+01 -1.705455057684e+01 5.508334315396e+01 7.876778617118e-01
6.910000000000e+01  2.320852944658e+01 -1.711317091450e+01 5.541509548977e+01 5.105673191371e-01
6.911000000000e+01  2.350805804441e+01 -1.717953541328e+01 5.574161786296e+01 2.256585217769e-01
6.912000000000e+01  2.380626036829e+01 -1.725361493981e+01 5.606273279204e+01 -6.692835320983e-02
6.913000000000e+01  2.410295741152e+01 -1.733537623886e+01 5.637826561745e+01 -3.670690668166e-01
6.914000000000e+01  2.439797097018e+01 -1.742478195058e+01 5.668804459419e+01 -6.746353843144e-01
6.915000000000e+01  2.469112373743e+01 -1.752179063000e+01 5.699190098298e+01 -9.894951434830e-01
6.916000000000e+01  2.498223939742e+01 -1.762635676871e+01 5.728966913978e+01 -1.311512324914e+00
6.917000000000e+01  2.527114271862e+01 -1.773843081863e+01 5.758118660370e+01 -1.640547124348e+00
6.918000000000e+01  2.555765964664e+01 -1.785795921804e+01 5.786629418312e+01 -1.976456027000e+00
6.919000000000e+01  2.584161739641e+01 -1.798488441964e+01 5.814483604019e+01 -2.319091883849e+00
6.920000000000e+01  2.612284454370e+01 -1.811914492082e+01 5.841665977343e+01 -2.668303989836e+00
6.921000000000e+01  2.640117111593e+01 -1.826067529598e+01 5.868161649858e+01 -3.023938163928e+00
6.922000000000e+01  2.667642868223e+01 -1.840940623097e+01 5.893956092753e+01 -3.385836831025e+00
6.923000000000e+01  2.694845044269e+01 -1.856526455963e+01 5.919035144536e+01 -3.753839105637e+00
6.924000000000e+01  2.721707131675e+01 -1.872817330230e+01 5.943385018537e+01 -4.127780877310e+00
6.925000000000e+01  2.748212803071e+01 -1.889805170649e+01 5.966992310221e+01 -4.507494897745e+00
6.926000000000e+01  2.774345920426e+01 -1.907481528944e+01 5.989844004286e+01 -4.892810869563e+00
6.927000000000e+01  2.800090543606e+01 -1.925837588273e+01 6.011927481560e+01 -5.283555536666e+00
6.928000000000e+01  2.825430938825e+01 -1.944864167892e+01 6.033230525687e+01 -5.679552776161e+00
6.929000000000e+01  2.850351586992e+01 -1.964551728000e+01 6.053741329598e+01 -6.080623691772e+00
6.930000000000e+01  2.874837191940e+01 -1.984890374787e+01 6.073448501756e+01 -6.486586708713e+00
6.931000000000e+01  2.898872688543e+01 -2.005869865668e+01 6.092341072195e+01 -6.897257669962e+00
6.932000000000e+01  2.922443250711e+01 -2.027479614703e+01 6.110408498318e+01 -7.312449933879e+00
6.933000000000e+01  2.945534299256e+01 -2.049708698201e+01 6.127640670478e+01 -7.731974473123e+00
6.934000000000e+01  2.968131509634e+01 -2.072545860507e+01 6.144027917325e+01 -8.155639974818e+00
6.935000000000e+01  2.990220819551e+01 -2.095979519965e+01 6.159561010914e+01 -8.583252941901e+00
6.936000000000e+01  3.011788436430e+01 -2.119997775055e+01 6.174231171587e+01 -9.014617795615e+00
6.937000000000e+01  3.032820844742e+01 -2.144588410704e+01 6.188030072607e+01 -9.449536979069e+00
6.938000000000e+01  3.053304813182e+01 -2.169738904768e+01 6.200949844555e+01 -9.887811061840e+00
6.939000000000e+01  3.073227401708e+01 -2.195436434671e+01 6.212983079480e+01 -1.032923884553e+01
6.940000000000e+01  3.092575968418e+01 -2.221667884212e+01 6.224122834805e+01 -1.077361747024e+01
6.941000000000e+01  3.111338176273e+01 -2.248419850531e+01 6.234362636987e+01 -1.122074252192e+01
6.942000000000e+01  3.129501999664e+01 -2.275678651224e+01 6.243696484920e+01 -1.167040814045e+01
6.943000000000e+01  3.147055730811e+01 -2.303430331616e+01 6.252118853091e+01 -1.212240712856e+01
6.944000000000e+01  3.163987985997e+01 -2.331660672169e+01 6.259624694483e+01 -1.257653106134e+01
6.945000000000e+01  3.180287711632e+01 -2.360355196053e+01 6.266209443222e+01 -1.303257039645e+01
6.946000000000e+01  3.195944190144e+01 -2.389499176833e+01 6.271869016962e+01 -1.349031458480e+01
6.947000000000e+01  3.210947045691e+01 -2.419077646309e+01 6.276599819019e+01 -1.394955218183e+01
6.948000000000e+01  3.225286249700e+01 -2.449075402479e+01 6.280398740244e+01 -1.441007095918e+01
6.949000000000e+01  3.238952126219e+01 -2.479477017633e+01 6.283263160633e+01 -1.487165801678e+01
6.950000000000e+01  3.251935357082e+01 -2.510266846563e+01 6.285190950679e+01 -1.533409989518e+01
6.951000000000e+01  3.264226986890e+01 -2.541429034897e+01 6.286180472464e+01 -1.579718268829e+01
6.952000000000e+01  3.275818427803e+01 -2.572947527551e+01 6.286230580481e+01 -1.626069215617e+01
6.953000000000e+01  3.286701464133e+01 -2.604806077278e+01 6.285340622202e+01 -1.672441383807e+01
6.954000000000e+01  3.296868256747e+01 -2.636988253335e+01 6.283510438378e+01 -1.718813316554e+01
6.955000000000e+01  3.306311347269e+01 -2.669477450244e+01 6.280740363080e+01 -1.765163557547e+01
6.956000000000e+01  3.315023662085e+01 -2.702256896649e+01 6.277031223470e+01 -1.811470662326e+01
6.957000000000e+01  3.322998516139e+01 -2.735309664265e+01 6.272384339317e+01 -1.857713209573e+01
6.958000000000e+01  3.330229616537e+01 -2.768618676920e+01 6.266801522244e+01 -1.903869812397e+01
6.959000000000e+01  3.336711065930e+01 -2.802166719664e+01 6.260285074716e+01 -1.949919129594e+01
6.960000000000e+01  3.342437365703e+01 -2.835936447970e+01 6.252837788768e+01 -1.995839876883e+01
6.961000000000e+01  3.347403418941e+01 -2.869910397000e+01 6.244462944466e+01 -2.041610838099e+01
6.962000000000e+01  3.351604533195e+01 -2.904070990938e+01 6.235164308115e+01 -2.087210876360e+01
6.963000000000e+01  3.355036423026e+01 -2.938400552385e+01 6.224946130201e+01 -2.132618945177e+01
6.964000000000e+01  3.357695212343e+01 -2.972881311817e+01 6.213813143084e+01 -2.177814099519e+01
6.965000000000e+01  3.359577436518e+01 -3.007495417084e+01 6.201770558426e+01 -2.222775506819e+01
6.966000000000e+01  3.360680044286e+01 -3.042224942968e+01 6.188824064366e+01 -2.267482457921e+01
6.967000000000e+01  3.361000399431e+01 -3.077051900774e+01 6.174979822448e+01 -2.311914377948e+01
6.968000000000e+01  3.360536282246e+01 -3.111958247962e+01 6.160244464286e+01 -2.356050837110e+01
6.969000000000e+01  3.359285890779e+01 -3.146925897810e+01 6.144625087992e+01 -2.399871561422e+01
6.970000000000e+01  3.357247841856e+01 -3.181936729100e+01 6.128129254344e+01 -2.443356443340e+01
6.971000000000e+01  3.354421171879e+01 -3.216972595829e+01 6.110764982716e+01 -2.486485552308e+01
6.972000000000e+01  3.350805337409e+01 -3.252015336933e+01 6.092540746766e+01 -2.529239145204e+01
6.973000000000e+01  3.346400215520e+01 -3.287046786026e+01 6.073465469876e+01 -2.571597676689e+01
6.974000000000e+01  3.341206103935e+01 -3.322048781133e+01 6.053548520359e+01 -2.613541809448e+01
6.975000000000e+01  3.335223720931e+01 -3.357003174436e+01 6.032799706431e+01 -2.655052424316e+01
6.976000000000e+01  3.328454205033e+01 -3.391891842005e+01 6.011229270949e+01 -2.696110630292e+01
6.977000000000e+01  3.320899114471e+01 -3.426696693520e+01 5.988847885916e+01 -2.736697774426e+01
6.978000000000e+01  3.312560426422e+01 -3.461399681980e+01 5.965666646770e+01 -2.776795451577e+01
6.979000000000e+01  3.303440536029e+01 -3.495982813384e+01 5.941697066435e+01 -2.816385514050e+01
6.980000000000e+01  3.293542255191e+01 -3.530428156387e+01 5.916951069165e+01 -2.855450081079e+01
6.981000000000e+01  3.282868811136e+01 -3.564717851928e+01 5.891440984169e+01 -2.893971548185e+01
6.982000000000e+01  3.271423844768e+01 -3.598834122809e+01 5.865179539014e+01 -2.931932596376e+01
6.983000000000e+01  3.259211408796e+01 -3.632759283243e+01 5.838179852836e+01 -2.969316201198e+01
6.984000000000e+01  3.246235965641e+01 -3.666475748340e+01 5.810455429331e+01 -3.006105641637e+01
6.985000000000e+01  3.232502385118e+01 -3.699966043550e+01 5.782020149552e+01 -3.042284508855e+01
6.986000000000e+01  3.218015941909e+01 -3.733212814040e+01 5.752888264508e+01 -3.077836714762e+01
6.987000000000e+01  3.202782312809e+01 -3.766198834003e+01 5.723074387576e+01 -3.112746500425e+01
6.988000000000e+01  3.186807573759e+01 -3.798907015906e+01 5.692593486709e+01 -3.146998444297e+01
6.989000000000e+01  3.170098196663e+01 -3.831320419652e+01 5.661460876482e+01 -3.180577470279e+01
6.990000000000e+01  3.152661045989e+01 -3.863422261670e+01 5.629692209938e+01 -3.213468855590e+01
6.991000000000e+01  3.134503375163e+01 -3.895195923907e+01 5.597303470276e+01 -3.245658238470e+01
6.992000000000e+01  3.115632822741e+01 -3.926624962744e+01 5.564310962355e+01 -3.277131625675e+01
6.993000000000e+01  3.096057408388e+01 -3.957693117800e+01 5.530731304047e+01 -3.307875399797e+01
6.994000000000e+01  3.075785528630e+01 -3.988384320648e+01 5.496581417414e+01 -3.337876326385e+01
6.995000000000e+01  3.054825952420e+01 -4.018682703410e+01 5.461878519741e+01 -3.367121560862e+01
6.996000000000e+01  3.033187816483e+01 -4.048572607259e+01 5.426640114419e+01 -3.395598655246e+01
6.997000000000e+01  3.010880620474e+01 -4.078038590783e+01 5.390883981671e+01 -3.423295564670e+01
6.998000000000e+01  2.987914221933e+01 -4.107065438246e+01 5.354628169150e+01 -3.450200653684e+01
6.999000000000e+01  2.964298831034e+01 -4.135638167716e+01 5.317890982396e+01 -3.476302702358e+01
7.000000000000e+01  2.940045005158e+01 -4.163742039058e+01 5.280690975164e+01 -3.501590912159e+01
7.001000000000e+01  2.915163643263e+01 -4.191362561802e+01 5.243046939628e+01 -3.526054911623e+01
7.002000000000e+01  2.889665980066e+01 -4.218485502862e+01 5.204977896465e+01 -3.549684761803e+01
7.003000000000e+01  2.863563580049e+01 -4.245096894120e+01 5.166503084822e+01 -3.572470961491e+01
7.004000000000e+01  2.836868331271e+01 -4.271183039855e+01 5.127641952182e+01 -3.594404452220e+01
7.005000000000e+01  2.809592439014e+01 -4.296730524023e+01 5.088414144117e+01 -3.615476623044e+01
7.006000000000e+01  2.781748419244e+01 -4.321726217381e+01 5.048839493952e+01 -3.635679315075e+01
7.007000000000e+01  2.753349091906e+01 -4.346157284454e+01 5.008938012330e+01 -3.655004825801e+01
7.008000000000e+01  2.724407574046e+01 -4.370011190333e+01 4.968729876693e+01 -3.673445913163e+01
7.009000000000e+01  2.694937272778e+01 -4.393275707309e+01 4.928235420680e+01 -3.690995799399e+01
7.010000000000e+01  2.664951878078e+01 -4.415938921335e+01 4.887475123450e+01 -3.707648174649e+01
7.011000000000e+01  2.634465355433e+01 -4.437989238318e+01 4.846469598935e+01 -3.723397200317e+01
7.012000000000e+01  2.603491938333e+01 -4.459415390230e+01 4.805239585023e+01 -3.738237512197e+01
7.013000000000e+01  2.572046120611e+01 -4.480206441038e+01 4.763805932688e+01 -3.752164223349e+01
7.014000000000e+01  2.540142648650e+01 -4.500351792453e+01 4.722189595061e+01 -3.765172926731e+01
7.015000000000e+01  2.507796513441e+01 -4.519841189495e+01 4.680411616455e+01 -3.777259697586e+01
7.016000000000e+01  2.475022942510e+01 -4.538664725865e+01 4.638493121341e+01 -3.788421095578e+01
7.017000000000e+01  2.441837391716e+01 -4.556812849125e+01 4.596455303296e+01 -3.798654166680e+01
7.018000000000e+01  2.408255536927e+01 -4.574276365694e+01 4.554319413906e+01 -3.807956444804e+01
7.019000000000e+01  2.374293265564e+01 -4.591046445636e+01 4.512106751655e+01 -3.816325953187e+01
7.020000000000e+01  2.339966668047e+01 -4.607114627257e+01 4.469838650779e+01 -3.823761205517e+01
7.021000000000e+01  2.305292029115e+01 -4.622472821498e+01 4.427536470117e+01 -3.830261206808e+01
7.022000000000e+01  2.270285819049e+01 -4.637113316132e+01 4.385221581939e+01 -3.835825454011e+01
7.023000000000e+01  2.234964684795e+01 -4.651028779755e+01 4.342915360778e+01 -3.840453936381e+01
7.024000000000e+01  2.199345440992e+01 -4.664212265562e+01 4.300639172255e+01 -3.844147135574e+01
7.025000000000e+01  2.163445060903e+01 -4.676657214937e+01 4.258414361916e+01 -3.846906025496e+01
7.026000000000e+01  2.127280667276e+01 -4.688357460812e+01 4.216262244073e+01 -3.848732071883e+01
7.027000000000e+01  2.090869523113e+01 -4.699307230833e+01 4.174204090664e+01 -3.849627231637e+01
7.028000000000e+01  2.054229022371e+01 -4.709501150310e+01 4.132261120139e+01 -3.849593951886e+01
7.029000000000e+01  2.017376680601e+01 -4.718934244952e+01 4.090454486362e+01 -3.848635168798e+01
7.030000000000e+01  1.980330125509e+01 -4.727601943395e+01 4.048805267558e+01 -3.846754306133e+01
7.031000000000e+01  1.943107087479e+01 -4.735500079512e+01 4.007334455287e+01 -3.843955273531e+01
7.032000000000e+01  1.905725390030e+01 -4.742624894516e+01 3.966062943469e+01 -3.840242464550e+01
7.033000000000e+01  1.868202940234e+01 -4.748973038835e+01 3.925011517451e+01 -3.835620754441e+01
7.034000000000e+01  1.830557719089e+01 -4.754541573790e+01 3.884200843129e+01 -3.830095497668e+01
7.035000000000e+01  1.792807771867e+01 -4.759327973036e+01 3.843651456136e+01 -3.823672525171e+01
7.036000000000e+01  1.754971198415e+01 -4.763330123810e+01 3.803383751084e+01 -3.816358141379e+01
7.037000000000e+01  1.717066143454e+01 -4.766546327940e+01 3.763417970882e+01 -3.808159120961e+01
7.038000000000e+01  1.679110786837e+01 -4.768975302655e+01 3.723774196130e+01 -3.799082705331e+01
7.039000000000e+01  1.641123333815e+01 -4.770616181169e+01 3.684472334586e+01 -3.789136598901e+01
7.040000000000e+01  1.603122005277e+01 -4.771468513050e+01 3.645532110732e+01 -3.778328965084e+01
7.041000000000e+01  1.565125028000e+01 -4.771532264373e+01 3.606973055415e+01 -3.766668422049e+01
7.042000000000e+01  1.527150624899e+01 -4.770807817657e+01 3.568814495598e+01 -3.754164038235e+01
7.043000000000e+01  1.489217005281e+01 -4.769295971587e+01 3.531075544205e+01 -3.740825327614e+01
7.044000000000e+01  1.451342355119e+01 -4.766997940513e+01 3.493775090074e+01 -3.726662244724e+01
7.045000000000e+01  1.413544827343e+01 -4.763915353745e+01 3.456931788030e+01 -3.711685179454e+01
7.046000000000e+01  1.375842532149e+01 -4.760050254619e+01 3.420564049059e+01 -3.695904951601e+01
7.047000000000e+01  1.338253527348e+01 -4.755405099365e+01 3.384690030623e+01 -3.679332805188e+01
7.048000000000e+01  1.300795808741e+01 -4.749982755743e+01 3.349327627088e+01 -3.661980402557e+01
7.049000000000e+01  1.263487300536e+01 -4.743786501480e+01 3.314494460297e+01 -3.643859818233e+01
7.050000000000e+01  1.226345845812e+01 -4.736820022488e+01 3.280207870270e+01 -3.624983532569e+01
7.051000000000e+01  1.189389197028e+01 -4.729087410871e+01 3.246484906053e+01 -3.605364425161e+01
7.052000000000e+01  1.152635006587e+01 -4.720593162726e+01 3.213342316718e+01 -3.585015768060e+01
7.053000000000e+01  1.116100817464e+01 -4.711342175726e+01 3.180796542505e+01 -3.563951218760e+01
7.054000000000e+01  1.079804053893e+01 -4.701339746501e+01 3.148863706134e+01 -3.542184812986e+01
7.055000000000e+01  1.043762012123e+01 -4.690591567816e+01 3.117559604271e+01 -3.519730957269e+01
7.056000000000e+01  1.007991851248e+01 -4.679103725528e+01 3.086899699166e+01 -3.496604421327e+01
7.057000000000e+01  9.725105841199e+00 -4.666882695361e+01 3.056899110459e+01 -3.472820330244e+01
7.058000000000e+01  9.373350683346e+00 -4.653935339455e+01 3.027572607166e+01 -3.448394156464e+01
7.059000000000e+01  9.024819973136e+00 -4.640268902733e+01 2.998934599842e+01 -3.423341711588e+01
7.060000000000e+01  8.679678914730e+00 -4.625891009057e+01 2.970999132934e+01 -3.397679137995e+01
7.061000000000e+01  8.338090894903e+00 -4.610809657192e+01 2.943779877320e+01 -3.371422900281e+01
7.062000000000e+01  8.000217396707e+00 -4.595033216573e+01 2.917290123043e+01 -3.344589776524e+01
7.063000000000e+01  7.666217914188e+00 -4.578570422877e+01 2.891542772242e+01 -3.317196849382e+01
7.064000000000e+01  7.336249868192e+00 -4.561430373406e+01 2.866550332288e+01 -3.289261497026e+01
7.065000000000e+01  7.010468523305e+00 -4.543622522281e+01 2.842324909119e+01 -3.260801383912e+01
7.066000000000e+01  6.689026905960e+00 -4.525156675447e+01 2.818878200796e+01 -3.231834451402e+01
7.067000000000e+01  6.372075723771e+00 -4.506042985495e+01 2.796221491257e+01 -3.202378908233e+01
7.068000000000e+01  6.059763286111e+00 -4.486291946301e+01 2.774365644305e+01 -3.172453220846e+01
7.069000000000e+01  5.752235425991e+00 -4.465914387489e+01 2.753321097798e+01 -3.142076103574e+01
7.070000000000e+01  5.449635423267e+00 -4.444921468712e+01 2.733097858083e+01 -3.111266508700e+01
7.071000000000e+01  5.152103929225e+00 -4.423324673767e+01 2.713705494636e+01 -3.080043616383e+01
7.072000000000e+01  4.859778892571e+00 -4.401135804530e+01 2.695153134946e+01 -3.048426824467e+01
7.073000000000e+01  4.572795486871e+00 -4.378366974733e+01 2.677449459629e+01 -3.016435738172e+01
7.074000000000e+01  4.291286039469e+00 -4.355030603567e+01 2.660602697774e+01 -2.984090159673e+01
7.075000000000e+01  4.015379961928e+00 -4.331139409132e+01 2.644620622529e+01 -2.951410077576e+01
7.076000000000e+01  3.745203682021e+00 -4.306706401724e+01 2.629510546930e+01 -2.918415656295e+01
7.077000000000e+01  3.480880577313e+00 -4.281744876967e+01 2.615279319969e+01 -2.885127225333e+01
7.078000000000e+01  3.222530910360e+00 -4.256268408798e+01 2.601933322913e+01 -2.851565268479e+01
7.079000000000e+01  2.970271765563e+00 -4.230290842300e+01 2.589478465864e+01 -2.817750412923e+01
7.080000000000e+01  2.724216987707e+00 -4.203826286395e+01 2.577920184576e+01 -2.783703418288e+01
7.081000000000e+01  2.484477122219e+00 -4.176889106394e+01 2.567263437515e+01 -2.749445165605e+01
7.082000000000e+01  2.251159357169e+00 -4.149493916409e+01 2.557512703181e+01 -2.714996646215e+01
7.083000000000e+01  2.024367467047e+00 -4.121655571639e+01 2.548671977674e+01 -2.680378950610e+01
7.084000000000e+01  1.804201758350e+00 -4.093389160523e+01 2.540744772531e+01 -2.645613257237e+01
7.085000000000e+01  1.590759016994e+00 -4.064709996767e+01 2.533734112803e+01 -2.610720821238e+01
7.086000000000e+01  1.384132457591e+00 -4.035633611256e+01 2.527642535405e+01 -2.575722963161e+01
7.087000000000e+01  1.184411674609e+00 -4.006175743847e+01 2.522472087716e+01 -2.540641057638e+01
7.088000000000e+01  9.916825954405e-01 -3.976352335049e+01 2.518224326444e+01 -2.505496522028e+01
7.089000000000e+01  8.060274354097e-01 -3.946179517597e+01 2.514900316751e+01 -2.470310805044e+01
7.090000000000e+01  6.275246547325e-01 -3.915673607929e+01 2.512500631637e+01 -2.435105375364e+01
7.091000000000e+01  4.562489174588e-01 -3.884851097550e+01 2.511025351591e+01 -2.399901710229e+01
7.092000000000e+01  2.922710524150e-01 -3.853728644318e+01 2.510474064499e+01 -2.364721284042e+01
7.093000000000e+01  1.356580161673e-01 -3.822323063633e+01 2.510845865815e+01 -2.329585556966e+01
7.094000000000e+01  -1.352714197437e-02 -3.790651319538e+01 2.512139358999e+01 -2.294515963535e+01
7.095000000000e+01  -1.552253128941e-01 -3.758730515749e+01 2.514352656208e+01 -2.259533901274e+01
7.096000000000e+01  -2.893813585326e-01 -3.726577886601e+01 2.517483379259e+01 -2.224660719344e+01
7.097000000000e+01  -4.159441406571e-01 -3.694210787931e+01 2.521528660845e+01 -2.189917707216e+01
7.098000000000e+01  -5.348665475256e-01 -3.661646687889e+01 2.526485146014e+01 -2.155326083370e+01
7.099000000000e+01  -6.461055184296e-01 -3.628903157691e+01 2.532348993911e+01 -2.120906984038e+01
7.100000000000e+01  -7.496220661033e-01 -3.595997862320e+01 2.539115879771e+01 -2.086681451998e+01
7.101000000000e+01  -8.453812969877e-01 -3.562948551168e+01 2.546780997181e+01 -2.052670425402e+01
7.102000000000e+01  -9.333524293385e-01 -3.529773048636e+01 2.555339060585e+01 -2.018894726680e+01
7.103000000000e+01  -1.013508809167e+00 -3.496489244699e+01 2.564784308060e+01 -1.985375051493e+01
7.104000000000e+01  -1.085827924010e+00 -3.463115085422e+01 2.575110504328e+01 -1.952131957759e+01
7.105000000000e+01  -1.150291414511e+00 -3.429668563457e+01 2.586310944037e+01 -1.919185854753e+01
7.106000000000e+01  -1.206885083826e+00 -3.396167708508e+01 2.598378455279e+01 -1.886556992290e+01
7.107000000000e+01  -1.255598904820e+00 -3.362630577779e+01 2.611305403367e+01 -1.854265449987e+01
7.108000000000e+01  -1.296427025080e+00 -3.329075246400e+01 2.625083694850e+01 -1.822331126622e+01
7.109000000000e+01  -1.329367769725e+00 -3.295519797847e+01 2.639704781779e+01 -1.790773729588e+01
7.110000000000e+01  -1.354423642008e+00 -3.261982314360e+01 2.655159666211e+01 -1.759612764448e+01
7.111000000000e+01  -1.371601321723e+00 -3.228480867353e+01 2.671438904951e+01 -1.728867524603e+01
7.112000000000e+01  -1.380911661411e+00 -3.195033507829e+01 2.688532614541e+01 -1.698557081067e+01
7.113000000000e+01  -1.382369680360e+00 -3.161658256817e+01 2.706430476470e+01 -1.668700272365e+01
7.114000000000e+01  -1.375994556414e+00 -3.128373095802e+01 2.725121742625e+01 -1.639315694556e+01
7.115000000000e+01  -1.361809615591e+00 -3.095195957201e+01 2.744595240968e+01 -1.610421691381e+01
7.116000000000e+01  -1.339842319505e+00 -3.062144714838e+01 2.764839381437e+01 -1.582036344551e+01
7.117000000000e+01  -1.310124250618e+00 -3.029237174471e+01 2.785842162076e+01 -1.554177464171e+01
7.118000000000e+01  -1.272691095308e+00 -2.996491064339e+01 2.807591175372e+01 -1.526862579311e+01
7.119000000000e+01  -1.227582624784e+00 -2.963924025760e+01 2.830073614823e+01 -1.500108928726e+01
7.120000000000e+01  -1.174842673836e+00 -2.931553603764e+01 2.853276281708e+01 -1.473933451728e+01
7.121000000000e+01  -1.114519117448e+00 -2.899397237784e+01 2.877185592065e+01 -1.448352779227e+01
7.122000000000e+01  -1.046663845274e+00 -2.867472252399e+01 2.901787583887e+01 -1.423383224923e+01
7.123000000000e+01  -9.713327340010e-01 -2.835795848137e+01 2.927067924501e+01 -1.399040776676e+01
7.124000000000e+01  -8.885856176040e-01 -2.804385092344e+01 2.953011918158e+01 -1.375341088050e+01
7.125000000000e+01  -7.984862555152e-01 -2.773256910121e+01 2.979604513813e+01 -1.352299470025e+01
7.126000000000e+01  -7.011022987192e-01 -2.742428075338e+01 3.006830313089e+01 -1.329930882907e+01
7.127000000000e+01  -5.965052537954e-01 -2.711915201726e+01 3.034673578432e+01 -1.308249928410e+01
7.128000000000e+01  -4.847704449248e-01 -2.681734734052e+01 3.063118241444e+01 -1.287270841934e+01
7.129000000000e+01  -3.659769738808e-01 -2.651902939386e+01 3.092147911392e+01 -1.267007485043e+01
7.130000000000e+01  -2.402076780259e-01 -2.622435898457e+01 3.121745883890e+01 -1.247473338135e+01
7.131000000000e+01  -1.075490863365e-01 -2.593349497113e+01 3.151895149745e+01 -1.228681493316e+01
7.132000000000e+01  3.190862652351e-02 -2.564659417877e+01 3.182578403968e+01 -1.210644647482e+01
7.133000000000e+01  1.780716880522e-01 -2.536381131617e+01 3.213778054941e+01 -1.193375095612e+01
7.134000000000e+01  3.308427776612e-01 -2.508529889320e+01 3.245476233738e+01 -1.176884724268e+01
7.135000000000e+01  4.901210783001e-01 -2.481120713989e+01 3.277654803591e+01 -1.161185005326e+01
7.136000000000e+01  6.558023299283e-01 -2.454168392656e+01 3.310295369502e+01 -1.146286989908e+01
7.137000000000e+01  8.277788848054e-01 -2.427687468519e+01 3.343379287989e+01 -1.132201302555e+01
7.138000000000e+01  1.005939764571e+00 -2.401692233214e+01 3.376887676965e+01 -1.118938135618e+01
7.139000000000e+01  1.190170719087e+00 -2.376196719208e+01 3.410801425747e+01 -1.106507243879e+01
7.140000000000e+01  1.380354287001e+00 -2.351214692343e+01 3.445101205182e+01 -1.094917939405e+01
7.141000000000e+01  1.576369858015e+00 -2.326759644509e+01 3.479767477894e+01 -1.084179086641e+01
7.142000000000e+01  1.778093736814e+00 -2.302844786465e+01 3.514780508638e+01 -1.074299097733e+01
7.143000000000e+01  1.985399208626e+00 -2.279483040816e+01 3.550120374760e+01 -1.065285928099e+01
7.144000000000e+01  2.198156606373e+00 -2.256687035130e+01 3.585766976759e+01 -1.057147072236e+01
7.145000000000e+01  2.416233379390e+00 -2.234469095220e+01 3.621700048942e+01 -1.049889559780e+01
7.146000000000e+01  2.639494163659e+00 -2.212841238579e+01 3.657899170166e+01 -1.043519951802e+01
7.147000000000e+01  2.867800853541e+00 -2.191815167985e+01 3.694343774665e+01 -1.038044337360e+01
7.148000000000e+01  3.101012674945e+00 -2.171402265266e+01 3.731013162952e+01 -1.033468330304e+01
7.149000000000e+01  3.338986259914e+00 -2.151613585237e+01 3.767886512793e+01 -1.029797066323e+01
7.150000000000e+01  3.581575722581e+00 -2.132459849812e+01 3.804942890248e+01 -1.027035200258e+01
7.151000000000e+01  3.828632736456e+00 -2.113951442286e+01 3.842161260772e+01 -1.025186903660e+01
7.152000000000e+01  4.080006613001e+00 -2.096098401804e+01 3.879520500361e+01 -1.024255862612e+01
7.153000000000e+01  4.335544381455e+00 -2.078910418005e+01 3.916999406761e+01 -1.024245275806e+01
7.154000000000e+01  4.595090869863e+00 -2.062396825854e+01 3.954576710707e+01 -1.025157852873e+01
7.155000000000e+01  4.858488787273e+00 -2.046566600661e+01 3.992231087197e+01 -1.026995812988e+01
7.156000000000e+01  5.125578807046e+00 -2.031428353293e+01 4.029941166808e+01 -1.029760883716e+01
7.157000000000e+01  5.396199651249e+00 -2.016990325569e+01 4.067685547024e+01 -1.033454300133e+01
7.158000000000e+01  5.670188176073e+00 -2.003260385865e+01 4.105442803582e+01 -1.038076804203e+01
7.159000000000e+01  5.947379458239e+00 -1.990246024902e+01 4.143191501843e+01 -1.043628644419e+01
7.160000000000e+01  6.227606882346e+00 -1.977954351744e+01 4.180910208151e+01 -1.050109575701e+01
7.161000000000e+01  6.510702229111e+00 -1.966392089993e+01 4.218577501202e+01 -1.057518859563e+01
7.162000000000e+01  6.796495764454e+00 -1.955565574187e+01 4.256171983410e+01 -1.065855264538e+01
7.163000000000e+01  7.084816329392e+00 -1.945480746407e+01 4.293672292248e+01 -1.075117066862e+01
7.164000000000e+01  7.375491430668e+00 -1.936143153090e+01 4.331057111583e+01 -1.085302051428e+01
7.165000000000e+01  7.668347332108e+00 -1.927557942052e+01 4.368305182984e+01 -1.096407512991e+01
7.166000000000e+01  7.963209146610e+00 -1.919729859716e+01 4.405395316991e+01 -1.108430257638e+01
7.167000000000e+01  8.259900928759e+00 -1.912663248564e+01 4.442306404360e+01 -1.121366604518e+01
7.168000000000e+01  8.558245767989e+00 -1.906362044792e+01 4.479017427258e+01 -1.135212387832e+01
7.169000000000e+01  8.858065882261e+00 -1.900829776183e+01 4.515507470412e+01 -1.149962959072e+01
7.170000000000e+01  9.159182712191e+00 -1.896069560198e+01 4.551755732206e+01 -1.165613189528e+01
7.171000000000e+01  9.461417015598e+00 -1.892084102283e+01 4.587741535712e+01 -1.182157473040e+01
7.172000000000e+01  9.764588962406e+00 -1.888875694392e+01 4.623444339663e+01 -1.199589729012e+01
7.173000000000e+01  1.006851822985e+01 -1.886446213728e+01 4.658843749349e+01 -1.217903405669e+01
7.174000000000e+01  1.037302409796e+01 -1.884797121709e+01 4.693919527435e+01 -1.237091483572e+01
7.175000000000e+01  1.067792554521e+01 -1.883929463150e+01 4.728651604703e+01 -1.257146479378e+01
7.176000000000e+01  1.098304134438e+01 -1.883843865660e+01 4.763020090696e+01 -1.278060449846e+01
7.177000000000e+01  1.128819015849e+01 -1.884540539270e+01 4.797005284271e+01 -1.299824996088e+01
7.178000000000e+01  1.159319063679e+01 -1.886019276276e+01 4.830587684059e+01 -1.322431268060e+01
7.179000000000e+01  1.189786151075e+01 -1.888279451299e+01 4.863747998805e+01 -1.345869969299e+01
7.180000000000e+01  1.220202169003e+01 -1.891320021576e+01 4.896467157613e+01 -1.370131361887e+01
7.181000000000e+01  1.250549035836e+01 -1.895139527460e+01 4.928726320058e+01 -1.395205271662e+01
7.182000000000e+01  1.280808706917e+01 -1.899736093151e+01 4.960506886194e+01 -1.421081093646e+01
7.183000000000e+01  1.310963184119e+01 -1.905107427639e+01 4.991790506419e+01 -1.447747797716e+01
7.184000000000e+01  1.340994525364e+01 -1.911250825870e+01 5.022559091217e+01 -1.475193934493e+01
7.185000000000e+01  1.370884854124e+01 -1.918163170129e+01 5.052794820760e+01 -1.503407641453e+01
7.186000000000e+01  1.400616368876e+01 -1.925840931646e+01 5.082480154367e+01 -1.532376649264e+01
7.187000000000e+01  1.430171352528e+01 -1.934280172410e+01 5.111597839816e+01 -1.562088288333e+01
7.188000000000e+01  1.459532181793e+01 -1.943476547208e+01 5.140130922502e+01 -1.592529495569e+01
7.189000000000e+01  1.488681336513e+01 -1.953425305877e+01 5.168062754441e+01 -1.623686821354e+01
7.190000000000e+01  1.517601408929e+01 -1.964121295763e+01 5.195377003108e+01 -1.655546436720e+01
7.191000000000e+01  1.546275112894e+01 -1.975558964406e+01 5.222057660113e+01 -1.688094140725e+01
7.192000000000e+01  1.574685293018e+01 -1.987732362421e+01 5.248089049699e+01 -1.721315368034e+01
7.193000000000e+01  1.602814933742e+01 -2.000635146601e+01 5.273455837071e+01 -1.755195196686e+01
7.194000000000e+01  1.630647168340e+01 -2.014260583220e+01 5.298143036539e+01 -1.789718356056e+01
7.195000000000e+01  1.658165287841e+01 -2.028601551548e+01 5.322136019482e+01 -1.824869234996e+01
7.196000000000e+01  1.685352749869e+01 -2.043650547564e+01 5.345420522120e+01 -1.860631890166e+01
7.197000000000e+01  1.712193187389e+01 -2.059399687880e+01 5.367982653090e+01 -1.896990054537e+01
7.198000000000e+01  1.738670417363e+01 -2.075840713853e+01 5.389808900835e+01 -1.933927146065e+01
7.199000000000e+01  1.764768449311e+01 -2.092964995908e+01 5.410886140780e+01 -1.971426276534e+01
7.200000000000e+01  1.790471493760e+01 -2.110763538052e+01 5.431201642314e+01 -2.009470260564e+01
7.201000000000e+01  1.815763970598e+01 -2.129226982572e+01 5.450743075556e+01 -2.048041624777e+01
7.202000000000e+01  1.840630517307e+01 -2.148345614942e+01 5.469498517916e+01 -2.087122617111e+01
7.203000000000e+01  1.865055997084e+01 -2.168109368902e+01 5.487456460436e+01 -2.126695216290e+01
7.204000000000e+01  1.889025506840e+01 -2.188507831733e+01 5.504605813911e+01 -2.166741141433e+01
7.205000000000e+01  1.912524385080e+01 -2.209530249707e+01 5.520935914796e+01 -2.207241861805e+01
7.206000000000e+01  1.935538219644e+01 -2.231165533724e+01 5.536436530880e+01 -2.248178606694e+01
7.207000000000e+01  1.958052855325e+01 -2.253402265120e+01 5.551097866736e+01 -2.289532375425e+01
7.208000000000e+01  1.980054401346e+01 -2.276228701653e+01 5.564910568941e+01 -2.331283947493e+01
7.209000000000e+01  2.001529238694e+01 -2.299632783657e+01 5.577865731059e+01 -2.373413892808e+01
7.210000000000e+01  2.022464027315e+01 -2.323602140363e+01 5.589954898393e+01 -2.415902582066e+01
7.211000000000e+01  2.042845713152e+01 -2.348124096388e+01 5.601170072490e+01 -2.458730197207e+01
7.212000000000e+01  2.062661535040e+01 -2.373185678378e+01 5.611503715419e+01 -2.501876741992e+01
7.213000000000e+01  2.081899031440e+01 -2.398773621814e+01 5.620948753791e+01 -2.545322052666e+01
7.214000000000e+01  2.100546047008e+01 -2.424874377968e+01 5.629498582542e+01 -2.589045808710e+01
7.215000000000e+01  2.118590739014e+01 -2.451474121011e+01 5.637147068467e+01 -2.633027543685e+01
7.216000000000e+01  2.136021583584e+01 -2.478558755264e+01 5.643888553505e+01 -2.677246656140e+01
7.217000000000e+01  2.152827381771e+01 -2.506113922592e+01 5.649717857776e+01 -2.721682420611e+01
7.218000000000e+01  2.168997265462e+01 -2.534125009939e+01 5.654630282356e+01 -2.766313998670e+01
7.219000000000e+01  2.184520703102e+01 -2.562577156994e+01 5.658621611812e+01 -2.811120450044e+01
7.220000000000e+01  2.199387505236e+01 -2.591455263987e+01 5.661688116471e+01 -2.856080743787e+01
7.221000000000e+01  2.213587829878e+01 -2.620743999615e+01 5.663826554438e+01 -2.901173769499e+01
7.222000000000e+01  2.227112187685e+01 -2.650427809082e+01 5.665034173355e+01 -2.946378348591e+01
7.223000000000e+01  2.239951446949e+01 -2.680490922267e+01 5.665308711901e+01 -2.991673245585e+01
7.224000000000e+01  2.252096838394e+01 -2.710917361996e+01 5.664648401036e+01 -3.037037179444e+01
7.225000000000e+01  2.263539959784e+01 -2.741690952427e+01 5.663051964982e+01 -3.082448834932e+01
7.226000000000e+01  2.274272780332e+01 -2.772795327541e+01 5.660518621949e+01 -3.127886873986e+01
7.227000000000e+01  2.284287644914e+01 -2.804213939727e+01 5.657048084589e+01 -3.173329947105e+01
7.228000000000e+01  2.293577278077e+01 -2.835930068472e+01 5.652640560209e+01 -3.218756704748e+01
7.229000000000e+01  2.302134787849e+01 -2.867926829129e+01 5.647296750699e+01 -3.264145808727e+01
7.230000000000e+01  2.309953669344e+01 -2.900187181788e+01 5.641017852222e+01 -3.309475943599e+01
7.231000000000e+01  2.317027808160e+01 -2.932693940207e+01 5.633805554631e+01 -3.354725828045e+01
7.232000000000e+01  2.323351483566e+01 -2.965429780845e+01 5.625662040624e+01 -3.399874226234e+01
7.233000000000e+01  2.328919371483e+01 -2.998377251942e+01 5.616589984649e+01 -3.444899959156e+01
7.234000000000e+01  2.333726547251e+01 -3.031518782688e+01 5.606592551544e+01 -3.489781915940e+01
7.235000000000e+01  2.337768488180e+01 -3.064836692440e+01 5.595673394917e+01 -3.534499065117e+01
7.236000000000e+01  2.341041075895e+01 -3.098313200001e+01 5.583836655274e+01 -3.579030465861e+01
7.237000000000e+01  2.343540598454e+01 -3.131930432957e+01 5.571086957886e+01 -3.623355279167e+01
7.238000000000e+01  2.345263752257e+01 -3.165670437054e+01 5.557429410403e+01 -3.667452778985e+01
7.239000000000e+01  2.346207643735e+01 -3.199515185624e+01 5.542869600214e+01 -3.711302363287e+01
7.240000000000e+01  2.346369790817e+01 -3.233446589045e+01 5.527413591553e+01 -3.754883565077e+01
7.241000000000e+01  2.345748124182e+01 -3.267446504238e+01 5.511067922356e+01 -3.798176063322e+01
7.242000000000e+01  2.344340988288e+01 -3.301496744190e+01 5.493839600867e+01 -3.841159693810e+01
7.243000000000e+01  2.342147142179e+01 -3.335579087499e+01 5.475736101999e+01 -3.883814459922e+01
7.244000000000e+01  2.339165760075e+01 -3.369675287945e+01 5.456765363442e+01 -3.926120543317e+01
7.245000000000e+01  2.335396431732e+01 -3.403767084063e+01 5.436935781540e+01 -3.968058314521e+01
7.246000000000e+01  2.330839162593e+01 -3.437836208732e+01 5.416256206914e+01 -4.009608343418e+01
7.247000000000e+01  2.325494373701e+01 -3.471864398770e+01 5.394735939853e+01 -4.050751409629e+01
7.248000000000e+01  2.319362901408e+01 -3.505833404518e+01 5.372384725469e+01 -4.091468512786e+01
7.249000000000e+01  2.312445996846e+01 -3.539724999427e+01 5.349212748609e+01 -4.131740882685e+01
7.250000000000e+01  2.304745325190e+01 -3.573520989629e+01 5.325230628548e+01 -4.171549989314e+01
7.251000000000e+01  2.296262964690e+01 -3.607203223494e+01 5.300449413443e+01 -4.210877552758e+01
7.252000000000e+01  2.287001405491e+01 -3.640753601163e+01 5.274880574565e+01 -4.249705552966e+01
7.253000000000e+01  2.276963548225e+01 -3.674154084059e+01 5.248536000310e+01 -4.288016239378e+01
7.254000000000e+01  2.266152702396e+01 -3.707386704368e+01 5.221427989983e+01 -4.325792140412e+01
7.255000000000e+01  2.254572584537e+01 -3.740433574476e+01 5.193569247373e+01 -4.363016072795e+01
7.256000000000e+01  2.242227316155e+01 -3.773276896376e+01 5.164972874112e+01 -4.399671150746e+01
7.257000000000e+01  2.229121421461e+01 -3.805898971024e+01 5.135652362819e+01 -4.435740794992e+01
7.258000000000e+01  2.215259824885e+01 -3.838282207650e+01 5.105621590040e+01 -4.471208741625e+01
7.259000000000e+01  2.200647848380e+01 -3.870409133005e+01 5.074894808993e+01 -4.506059050784e+01
7.260000000000e+01  2.185291208517e+01 -3.902262400564e+01 5.043486642096e+01 -4.540276115166e+01
7.261000000000e+01  2.169196013367e+01 -3.933824799646e+01 5.011412073314e+01 -4.573844668353e+01
7.262000000000e+01  2.152368759178e+01 -3.965079264487e+01 4.978686440307e+01 -4.606749792962e+01
7.263000000000e+01  2.134816326850e+01 -3.996008883220e+01 4.945325426392e+01 -4.638976928596e+01
7.264000000000e+01  2.116545978208e+01 -4.026596906796e+01 4.911345052315e+01 -4.670511879612e+01
7.265000000000e+01  2.097565352067e+01 -4.056826757807e+01 4.876761667850e+01 -4.701340822681e+01
7.266000000000e+01  2.077882460108e+01 -4.086682039234e+01 4.841591943218e+01 -4.731450314156e+01
7.267000000000e+01  2.057505682559e+01 -4.116146543100e+01 4.805852860329e+01 -4.760827297225e+01
7.268000000000e+01  2.036443763676e+01 -4.145204259030e+01 4.769561703867e+01 -4.789459108859e+01
7.269000000000e+01  2.014705807046e+01 -4.173839382710e+01 4.732736052195e+01 -4.817333486542e+01
7.270000000000e+01  1.992301270693e+01 -4.202036324246e+01 4.695393768114e+01 -4.844438574785e+01
7.271000000000e+01  1.969239962010e+01 -4.229779716413e+01 4.657552989459e+01 -4.870762931419e+01
7.272000000000e+01  1.945532032505e+01 -4.257054422793e+01 4.619232119548e+01 -4.896295533658e+01
7.273000000000e+01  1.921187972377e+01 -4.283845545800e+01 4.580449817476e+01 -4.921025783936e+01
7.274000000000e+01  1.896218604916e+01 -4.310138434581e+01 4.541224988274e+01 -4.944943515511e+01
7.275000000000e+01  1.870635080732e+01 -4.335918692804e+01 4.501576772931e+01 -4.968038997831e+01
7.276000000000e+01  1.844448871827e+01 -4.361172186303e+01 4.461524538270e+01 -4.990302941666e+01
7.277000000000e+01  1.817671765501e+01 -4.385885050609e+01 4.421087866711e+01 -5.011726503991e+01
7.278000000000e+01  1.790315858101e+01 -4.410043698331e+01 4.380286545896e+01 -5.032301292630e+01
7.279000000000e+01  1.762393548618e+01 -4.433634826416e+01 4.339140558200e+01 -5.052019370651e+01
7.280000000000e+01  1.733917532143e+01 -4.456645423248e+01 4.297670070125e+01 -5.070873260509e+01
7.281000000000e+01  1.704900793173e+01 -4.479062775616e+01 4.255895421582e+01 -5.088855947936e+01
7.282000000000e+01  1.675356598775e+01 -4.500874475526e+01 4.213837115064e+01 -5.105960885587e+01
7.283000000000e+01  1.645298491628e+01 -4.522068426863e+01 4.171515804726e+01 -5.122181996410e+01
7.284000000000e+01  1.614740282928e+01 -4.542632851894e+01 4.128952285352e+01 -5.137513676778e+01
7.285000000000e+01  1.583696045169e+01 -4.562556297616e+01 4.086167481246e+01 -5.151950799348e+01
7.286000000000e+01  1.552180104804e+01 -4.581827641933e+01 4.043182435021e+01 -5.165488715662e+01
7.287000000000e+01  1.520207034803e+01 -4.600436099678e+01 4.000018296316e+01 -5.178123258490e+01
7.288000000000e+01  1.487791647084e+01 -4.618371228452e+01 3.956696310425e+01 -5.189850743901e+01
7.289000000000e+01  1.454948984858e+01 -4.635622934303e+01 3.913237806856e+01 -5.200667973076e+01
7.290000000000e+01  1.421694314862e+01 -4.652181477214e+01 3.869664187827e+01 -5.210572233853e+01
7.291000000000e+01  1.388043119509e+01 -4.668037476426e+01 3.825996916685e+01 -5.219561302008e+01
7.292000000000e+01  1.354011088942e+01 -4.683181915567e+01 3.782257506280e+01 -5.227633442268e+01
7.293000000000e+01  1.319614113013e+01 -4.697606147601e+01 3.738467507280e+01 -5.234787409062e+01
7.294000000000e+01  1.284868273174e+01 -4.711301899581e+01 3.694648496432e+01 -5.241022447000e+01
7.295000000000e+01  1.249789834306e+01 -4.724261277218e+01 3.650822064792e+01 -5.246338291094e+01
7.296000000000e+01  1.214395236475e+01 -4.736476769244e+01 3.607009805907e+01 -5.250735166708e+01
7.297000000000e+01  1.178701086625e+01 -4.747941251586e+01 3.563233303974e+01 -5.254213789250e+01
7.298000000000e+01  1.142724150214e+01 -4.758647991329e+01 3.519514121967e+01 -5.256775363598e+01
7.299000000000e+01  1.106481342799e+01 -4.768590650481e+01 3.475873789748e+01 -5.258421583262e+01
7.300000000000e+01  1.069989721567e+01 -4.777763289524e+01 3.432333792164e+01 -5.259154629295e+01
7.301000000000e+01  1.033266476825e+01 -4.786160370759e+01 3.388915557137e+01 -5.258977168931e+01
7.302000000000e+01  9.963289234542e+00 -4.793776761430e+01 3.345640443756e+01 -5.257892353986e+01
7.303000000000e+01  9.591944923145e+00 -4.800607736643e+01 3.302529730370e+01 -5.255903818983e+01
7.304000000000e+01  9.218807216303e+00 -4.806648982053e+01 3.259604602706e+01 -5.253015679039e+01
7.305000000000e+01  8.844052483388e+00 -4.811896596335e+01 3.216886141995e+01 -5.249232527499e+01
7.306000000000e+01  8.467857994134e+00 -4.816347093433e+01 3.174395313140e+01 -5.244559433318e+01
7.307000000000e+01  8.090401831650e+00 -4.819997404577e+01 3.132152952915e+01 -5.239001938200e+01
7.308000000000e+01  7.711862805209e+00 -4.822844880078e+01 3.090179758209e+01 -5.232566053497e+01
7.309000000000e+01  7.332420362856e+00 -4.824887290881e+01 3.048496274327e+01 -5.225258256859e+01
7.310000000000e+01  6.952254503850e+00 -4.826122829901e+01 3.007122883353e+01 -5.217085488658e+01
7.311000000000e+01  6.571545690953e+00 -4.826550113111e+01 2.966079792588e+01 -5.208055148169e+01
7.312000000000e+01  6.190474762589e+00 -4.826168180402e+01 2.925387023065e+01 -5.198175089520e+01
7.313000000000e+01  5.809222844875e+00 -4.824976496207e+01 2.885064398154e+01 -5.187453617417e+01
7.314000000000e+01  5.427971263543e+00 -4.822974949885e+01 2.845131532280e+01 -5.175899482636e+01
7.315000000000e+01  5.046901455748e+00 -4.820163855867e+01 2.805607819731e+01 -5.163521877297e+01
7.316000000000e+01  4.666194881791e+00 -4.816543953568e+01 2.766512423611e+01 -5.150330429912e+01
7.317000000000e+01  4.286032936727e+00 -4.812116407056e+01 2.727864264901e+01 -5.136335200222e+01
7.318000000000e+01  3.906596861895e+00 -4.806882804487e+01 2.689682011677e+01 -5.121546673803e+01
7.319000000000e+01  3.528067656349e+00 -4.800845157305e+01 2.651984068474e+01 -5.105975756479e+01
7.320000000000e+01  3.150625988204e+00 -4.794005899198e+01 2.614788565808e+01 -5.089633768505e+01
7.321000000000e+01  2.774452105891e+00 -4.786367884830e+01 2.578113349876e+01 -5.072532438550e+01
7.322000000000e+01  2.399725749337e+00 -4.777934388332e+01 2.541975972432e+01 -5.054683897480e+01
7.323000000000e+01  2.026626061051e+00 -4.768709101564e+01 2.506393680856e+01 -5.036100671917e+01
7.324000000000e+01  1.655331497153e+00 -4.758696132153e+01 2.471383408422e+01 -5.016795677621e+01
7.325000000000e+01  1.286019738323e+00 -4.747900001296e+01 2.436961764782e+01 -4.996782212649e+01
7.326000000000e+01  9.188676007006e-01 -4.736325641343e+01 2.403145026655e+01 -4.976073950331e+01
7.327000000000e+01  5.540509467425e-01 -4.723978393164e+01 2.369949128756e+01 -4.954684932047e+01
7.328000000000e+01  1.917445960534e-01 -4.710864003290e+01 2.337389654952e+01 -4.932629559804e+01
7.329000000000e+01  -1.678777637867e-01 -4.696988620845e+01 2.305481829659e+01 -4.909922588632e+01
7.330000000000e+01  -5.246436663742e-01 -4.682358794261e+01 2.274240509494e+01 -4.886579118778e+01
7.331000000000e+01  -8.783819555834e-01 -4.666981467793e+01 2.243680175172e+01 -4.862614587728e+01
7.332000000000e+01  -1.228922874583e+00 -4.650863977828e+01 2.213814923672e+01 -4.838044762031e+01
7.333000000000e+01  -1.576098154728e+00 -4.634014048985e+01 2.184658460664e+01 -4.812885728951e+01
7.334000000000e+01  -1.919741104289e+00 -4.616439790032e+01 2.156224093203e+01 -4.787153887931e+01
7.335000000000e+01  -2.259686696962e+00 -4.598149689599e+01 2.128524722703e+01 -4.760865941889e+01
7.336000000000e+01  -2.595771660106e+00 -4.579152611711e+01 2.101572838181e+01 -4.734038888339e+01
7.337000000000e+01  -2.927834562665e+00 -4.559457791126e+01 2.075380509784e+01 -4.706690010337e+01
7.338000000000e+01  -3.255715902691e+00 -4.539074828499e+01 2.049959382593e+01 -4.678836867266e+01
7.339000000000e+01  -3.579258194420e+00 -4.518013685363e+01 2.025320670715e+01 -4.650497285462e+01
7.340000000000e+01  -3.898306054819e+00 -4.496284678938e+01 2.001475151650e+01 -4.621689348674e+01
7.341000000000e+01  -4.212706289539e+00 -4.473898476768e+01 1.978433160946e+01 -4.592431388377e+01
7.342000000000e+01  -4.522307978193e+00 -4.450866091186e+01 1.956204587139e+01 -4.562741973934e+01
7.343000000000e+01  -4.826962558888e+00 -4.427198873618e+01 1.934798866967e+01 -4.532639902616e+01
7.344000000000e+01  -5.126523911918e+00 -4.402908508726e+01 1.914224980876e+01 -4.502144189481e+01
7.345000000000e+01  -5.420848442551e+00 -4.378007008385e+01 1.894491448798e+01 -4.471274057124e+01
7.346000000000e+01  -5.709795162816e+00 -4.352506705508e+01 1.875606326209e+01 -4.440048925296e+01
7.347000000000e+01  -5.993225772215e+00 -4.326420247720e+01 1.857577200465e+01 -4.408488400408e+01
7.348000000000e+01  -6.271004737270e+00 -4.299760590873e+01 1.840411187413e+01 -4.376612264912e+01
7.349000000000e+01  -6.542999369832e+00 -4.272540992418e+01 1.824114928270e+01 -4.344440466587e+01
7.350000000000e+01  -6.809079904053e+00 -4.244775004630e+01 1.808694586777e+01 -4.311993107709e+01
7.351000000000e+01  -7.069119571969e+00 -4.216476467687e+01 1.794155846617e+01 -4.279290434138e+01
7.352000000000e+01  -7.322994677582e+00 -4.187659502609e+01 1.780503909097e+01 -4.246352824314e+01
7.353000000000e+01  -7.570584669393e+00 -4.158338504057e+01 1.767743491096e+01 -4.213200778171e+01
7.354000000000e+01  -7.811772211301e+00 -4.128528133000e+01 1.755878823269e+01 -4.179854905981e+01
7.355000000000e+01  -8.046443251784e+00 -4.098243309237e+01 1.744913648513e+01 -4.146335917134e+01
7.356000000000e+01  -8.274487091323e+00 -4.067499203799e+01 1.734851220684e+01 -4.112664608852e+01
7.357000000000e+01  -8.495796447976e+00 -4.036311231216e+01 1.725694303568e+01 -4.078861854867e+01
7.358000000000e+01  -8.710267521054e+00 -4.004695041658e+01 1.717445170105e+01 -4.044948594038e+01
7.359000000000e+01  -8.917800052837e+00 -3.972666512955e+01 1.710105601857e+01 -4.010945818947e+01
7.360000000000e+01  -9.118297388278e+00 -3.940241742487e+01 1.703676888729e+01 -3.976874564462e+01
7.361000000000e+01  -9.311666532635e+00 -3.907437038972e+01 1.698159828927e+01 -3.942755896274e+01
7.362000000000e+01  -9.497818206994e+00 -3.874268914124e+01 1.693554729169e+01 -3.908610899432e+01
7.363000000000e+01  -9.676666901625e+00 -3.840754074204e+01 1.689861405125e+01 -3.874460666857e+01
7.364000000000e+01  -9.848130927145e+00 -3.806909411470e+01 1.687079182109e+01 -3.840326287873e+01
7.365000000000e+01  -1.001213246344e+01 -3.772751995510e+01 1.685206896001e+01 -3.806228836735e+01
7.366000000000e+01  -1.016859760629e+01 -3.738299064479e+01 1.684242894411e+01 -3.772189361175e+01
7.367000000000e+01  -1.031745641176e+01 -3.703568016245e+01 1.684185038073e+01 -3.738228870975e+01
7.368000000000e+01  -1.045864293813e+01 -3.668576399428e+01 1.685030702481e+01 -3.704368326562e+01
7.369000000000e+01  -1.059209528562e+01 -3.633341904361e+01 1.686776779752e+01 -3.670628627642e+01
7.370000000000e+01  -1.071775563360e+01 -3.597882353962e+01 1.689419680726e+01 -3.637030601880e+01
7.371000000000e+01  -1.083557027548e+01 -3.562215694519e+01 1.692955337289e+01 -3.603594993625e+01
7.372000000000e+01  -1.094548965112e+01 -3.526359986406e+01 1.697379204939e+01 -3.570342452688e+01
7.373000000000e+01  -1.104746837689e+01 -3.490333394728e+01 1.702686265566e+01 -3.537293523190e+01
7.374000000000e+01  -1.114146527319e+01 -3.454154179889e+01 1.708871030470e+01 -3.504468632468e+01
7.375000000000e+01  -1.122744338954e+01 -3.417840688106e+01 1.715927543604e+01 -3.471888080065e+01
7.376000000000e+01  -1.130537002729e+01 -3.381411341861e+01 1.723849385036e+01 -3.439572026791e+01
7.377000000000e+01  -1.137521675971e+01 -3.344884630304e+01 1.732629674640e+01 -3.407540483877e+01
7.378000000000e+01  -1.143695944970e+01 -3.308279099605e+01 1.742261076013e+01 -3.375813302213e+01
7.379000000000e+01  -1.149057826505e+01 -3.271613343266e+01 1.752735800606e+01 -3.344410161694e+01
7.380000000000e+01  -1.153605769110e+01 -3.234905992390e+01 1.764045612075e+01 -3.313350560654e+01
7.381000000000e+01  -1.157338654106e+01 -3.198175705929e+01 1.776181830863e+01 -3.282653805424e+01
7.382000000000e+01  -1.160255796373e+01 -3.161441160895e+01 1.789135338976e+01 -3.252338999992e+01
7.383000000000e+01  -1.162356944888e+01 -3.124721042556e+01 1.802896585000e+01 -3.222425035787e+01
7.384000000000e+01  -1.163642283001e+01 -3.088034034615e+01 1.817455589307e+01 -3.192930581582e+01
7.385000000000e+01  -1.164112428480e+01 -3.051398809375e+01 1.832801949489e+01 -3.163874073534e+01
7.386000000000e+01  -1.163768433299e+01 -3.014834017908e+01 1.848924845994e+01 -3.135273705352e+01
7.387000000000e+01  -1.162611783189e+01 -2.978358280217e+01 1.865813047969e+01 -3.107147418601e+01
7.388000000000e+01  -1.160644396942e+01 -2.941990175408e+01 1.883454919309e+01 -3.079512893160e+01
7.389000000000e+01  -1.157868625476e+01 -2.905748231875e+01 1.901838424908e+01 -3.052387537815e+01
7.390000000000e+01  -1.154287250654e+01 -2.869650917501e+01 1.920951137105e+01 -3.025788481015e+01
7.391000000000e+01  -1.149903483869e+01 -2.833716629882e+01 1.940780242338e+01 -2.999732561779e+01
7.392000000000e+01  -1.144720964387e+01 -2.797963686582e+01 1.961312547978e+01 -2.974236320772e+01
7.393000000000e+01  -1.138743757456e+01 -2.762410315421e+01 1.982534489364e+01 -2.949315991535e+01
7.394000000000e+01  -1.131976352180e+01 -2.727074644807e+01 2.004432137022e+01 -2.924987491899e+01
7.395000000000e+01  -1.124423659154e+01 -2.691974694102e+01 2.026991204072e+01 -2.901266415563e+01
7.396000000000e+01  -1.116091007878e+01 -2.657128364056e+01 2.050197053809e+01 -2.878168023854e+01
7.397000000000e+01  -1.106984143936e+01 -2.622553427283e+01 2.074034707475e+01 -2.855707237672e+01
7.398000000000e+01  -1.097109225942e+01 -2.588267518808e+01 2.098488852188e+01 -2.833898629621e+01
7.399000000000e+01  -1.086472822277e+01 -2.554288126676e+01 2.123543849061e+01 -2.812756416321e+01
7.400000000000e+01  -1.075081907583e+01 -2.520632582636e+01 2.149183741472e+01 -2.792294450927e+01
7.401000000000e+01  -1.062943859052e+01 -2.487318052904e+01 2.175392263507e+01 -2.772526215841e+01
7.402000000000e+01  -1.050066452492e+01 -2.454361529005e+01 2.202152848557e+01 -2.753464815617e+01
7.403000000000e+01  -1.036457858172e+01 -2.421779818709e+01 2.229448638073e+01 -2.735122970083e+01
7.404000000000e+01  -1.022126636465e+01 -2.389589537057e+01 2.257262490471e+01 -2.717513007663e+01
7.405000000000e+01  -1.007081733269e+01 -2.357807097486e+01 2.285576990179e+01 -2.700646858910e+01
7.406000000000e+01  -9.913324752265e+00 -2.326448703056e+01 2.314374456834e+01 -2.684536050258e+01
7.407000000000e+01  -9.748885647423e+00 -2.295530337791e+01 2.343636954610e+01 -2.669191697987e+01
7.408000000000e+01  -9.577600747913e+00 -2.265067758127e+01 2.373346301681e+01 -2.654624502406e+01
7.409000000000e+01  -9.399574435342e+00 -2.235076484479e+01 2.403484079811e+01 -2.640844742270e+01
7.410000000000e+01  -9.214914687348e+00 -2.205571792939e+01 2.434031644069e+01 -2.627862269405e+01
7.411000000000e+01  -9.023733019855e+00 -2.176568707086e+01 2.464970132661e+01 -2.615686503579e+01
7.412000000000e+01  -8.826144427433e+00 -2.148081989944e+01 2.496280476875e+01 -2.604326427592e+01
7.413000000000e+01  -8.622267321810e+00 -2.120126136068e+01 2.527943411135e+01 -2.593790582604e+01
7.414000000000e+01  -8.412223468548e+00 -2.092715363769e+01 2.559939483158e+01 -2.584087063697e+01
7.415000000000e+01  -8.196137921939e+00 -2.065863607492e+01 2.592249064208e+01 -2.575223515675e+01
7.416000000000e+01  -7.974138958153e+00 -2.039584510335e+01 2.624852359445e+01 -2.567207129105e+01
7.417000000000e+01  -7.746358006662e+00 -2.013891416728e+01 2.657729418357e+01 -2.560044636597e+01
7.418000000000e+01  -7.512929579992e+00 -1.988797365268e+01 2.690860145279e+01 -2.553742309327e+01
7.419000000000e+01  -7.273991201842e+00 -1.964315081708e+01 2.724224309985e+01 -2.548305953812e+01
7.420000000000e+01  -7.029683333595e+00 -1.940456972128e+01 2.757801558353e+01 -2.543740908920e+01
7.421000000000e+01  -6.780149299276e+00 -1.917235116255e+01 2.791571423095e+01 -2.540052043141e+01
7.422000000000e+01  -6.525535208989e+00 -1.894661260973e+01 2.825513334542e+01 -2.537243752094e+01
7.423000000000e+01  -6.265989880881e+00 -1.872746813995e+01 2.859606631494e+01 -2.535319956301e+01
7.424000000000e+01  -6.001664761668e+00 -1.851502837730e+01 2.893830572109e+01 -2.534284099192e+01
7.425000000000e+01  -5.732713845770e+00 -1.830940043317e+01 2.928164344836e+01 -2.534139145385e+01
7.426000000000e+01  -5.459293593099e+00 -1.811068784857e+01 2.962587079393e+01 -2.534887579202e+01
7.427000000000e+01  -5.181562845545e+00 -1.791899053832e+01 2.997077857763e+01 -2.536531403448e+01
7.428000000000e+01  -4.899682742199e+00 -1.773440473711e+01 3.031615725232e+01 -2.539072138445e+01
7.429000000000e+01  -4.613816633360e+00 -1.755702294758e+01 3.066179701430e+01 -2.542510821314e+01
7.430000000000e+01  -4.324129993388e+00 -1.738693389036e+01 3.100748791398e+01 -2.546848005522e+01
7.431000000000e+01  -4.030790332416e+00 -1.722422245611e+01 3.135301996660e+01 -2.552083760681e+01
7.432000000000e+01  -3.733967107002e+00 -1.706896965960e+01 3.169818326295e+01 -2.558217672596e+01
7.433000000000e+01  -3.433831629755e+00 -1.692125259587e+01 3.204276808006e+01 -2.565248843584e+01
7.434000000000e+01  -3.130556977968e+00 -1.678114439843e+01 3.238656499183e+01 -2.573175893031e+01
7.435000000000e+01  -2.824317901344e+00 -1.664871419964e+01 3.272936497947e+01 -2.581996958219e+01
7.436000000000e+01  -2.515290728818e+00 -1.652402709311e+01 3.307095954177e+01 -2.591709695396e+01
7.437000000000e+01  -2.203653274566e+00 -1.640714409837e+01 3.341114080504e+01 -2.602311281111e+01
7.438000000000e+01  -1.889584743223e+00 -1.629812212761e+01 3.374970163277e+01 -2.613798413793e+01
7.439000000000e+01  -1.573265634374e+00 -1.619701395466e+01 3.408643573492e+01 -2.626167315588e+01
7.440000000000e+01  -1.254877646363e+00 -1.610386818614e+01 3.442113777674e+01 -2.639413734445e+01
7.441000000000e+01  -9.346035794741e-01 -1.601872923486e+01 3.475360348704e+01 -2.653532946454e+01
7.442000000000e+01  -6.126272385348e-01 -1.594163729543e+01 3.508362976602e+01 -2.668519758433e+01
7.443000000000e+01  -2.891333349916e-01 -1.587262832210e+01 3.541101479241e+01 -2.684368510761e+01
7.444000000000e+01  3.569261148666e-02 -1.581173400889e+01 3.573555812990e+01 -2.701073080458e+01
7.445000000000e+01  3.616643718288e-01 -1.575898177197e+01 3.605706083296e+01 -2.718626884513e+01
7.446000000000e+01  6.885951067512e-01 -1.571439473433e+01 3.637532555175e+01 -2.737022883449e+01
7.447000000000e+01  1.016297466264e+00 -1.567799171268e+01 3.669015663630e+01 -2.756253585132e+01
7.448000000000e+01  1.344583689444e+00 -1.564978720675e+01 3.700136023970e+01 -2.776311048822e+01
7.449000000000e+01  1.673265704417e+00 -1.562979139075e+01 3.730874442040e+01 -2.797186889452e+01
7.450000000000e+01  2.002155228499e+00 -1.561801010727e+01 3.761211924350e+01 -2.818872282153e+01
7.451000000000e+01  2.331063868448e+00 -1.561444486337e+01 3.791129688096e+01 -2.841357966998e+01
7.452000000000e+01  2.659803220760e+00 -1.561909282906e+01 3.820609171072e+01 -2.864634253991e+01
7.453000000000e+01  2.988184971976e+00 -1.563194683802e+01 3.849632041466e+01 -2.888691028268e+01
7.454000000000e+01  3.316020998925e+00 -1.565299539069e+01 3.878180207528e+01 -2.913517755530e+01
7.455000000000e+01  3.643123468866e+00 -1.568222265964e+01 3.906235827123e+01 -2.939103487700e+01
7.456000000000e+01  3.969304939471e+00 -1.571960849723e+01 3.933781317145e+01 -2.965436868789e+01
7.457000000000e+01  4.294378458595e+00 -1.576512844555e+01 3.960799362791e+01 -2.992506140986e+01
7.458000000000e+01  4.618157663783e+00 -1.581875374877e+01 3.987272926700e+01 -3.020299150953e+01
7.459000000000e+01  4.940456881452e+00 -1.588045136758e+01 4.013185257946e+01 -3.048803356339e+01
7.460000000000e+01  5.261091225714e+00 -1.595018399612e+01 4.038519900871e+01 -3.078005832484e+01
7.461000000000e+01  5.579876696768e+00 -1.602791008101e+01 4.063260703772e+01 -3.107893279339e+01
7.462000000000e+01  5.896630278822e+00 -1.611358384276e+01 4.087391827421e+01 -3.138452028575e+01
7.463000000000e+01  6.211170037486e+00 -1.620715529933e+01 4.110897753424e+01 -3.169668050892e+01
7.464000000000e+01  6.523315216593e+00 -1.630857029205e+01 4.133763292407e+01 -3.201526963511e+01
7.465000000000e+01  6.832886334381e+00 -1.641777051360e+01 4.155973592029e+01 -3.234014037861e+01
7.466000000000e+01  7.139705279008e+00 -1.653469353837e+01 4.177514144818e+01 -3.267114207446e+01
7.467000000000e+01  7.443595403325e+00 -1.665927285484e+01 4.198370795827e+01 -3.300812075880e+01
7.468000000000e+01  7.744381618874e+00 -1.679143790033e+01 4.218529750095e+01 -3.335091925116e+01
7.469000000000e+01  8.041890489060e+00 -1.693111409770e+01 4.237977579929e+01 -3.369937723823e+01
7.470000000000e+01  8.335950321432e+00 -1.707822289433e+01 4.256701231982e+01 -3.405333135944e+01
7.471000000000e+01  8.626391259049e+00 -1.723268180318e+01 4.274688034139e+01 -3.441261529406e+01
7.472000000000e+01  8.913045370857e+00 -1.739440444589e+01 4.291925702202e+01 -3.477705984990e+01
7.473000000000e+01  9.195746741053e+00 -1.756330059805e+01 4.308402346360e+01 -3.514649305351e+01
7.474000000000e+01  9.474331557366e+00 -1.773927623643e+01 4.324106477469e+01 -3.552074024184e+01
7.475000000000e+01  9.748638198231e+00 -1.792223358824e+01 4.339027013097e+01 -3.589962415531e+01
7.476000000000e+01  1.001850731878e+01 -1.811207118247e+01 4.353153283374e+01 -3.628296503227e+01
7.477000000000e+01  1.028378193567e+01 -1.830868390308e+01 4.366475036613e+01 -3.667058070480e+01
7.478000000000e+01  1.054430751055e+01 -1.851196304423e+01 4.378982444712e+01 -3.706228669567e+01
7.479000000000e+01  1.079993203238e+01 -1.872179636735e+01 4.390666108332e+01 -3.745789631665e+01
7.480000000000e+01  1.105050609829e+01 -1.893806816011e+01 4.401517061848e+01 -3.785722076788e+01
7.481000000000e+01  1.129588299307e+01 -1.916065929731e+01 4.411526778072e+01 -3.826006923845e+01
7.482000000000e+01  1.153591876727e+01 -1.938944730344e+01 4.420687172743e+01 -3.866624900789e+01
7.483000000000e+01  1.177047231385e+01 -1.962430641718e+01 4.428990608782e+01 -3.907556554883e+01
7.484000000000e+01  1.199940544320e+01 -1.986510765755e+01 4.436429900310e+01 -3.948782263050e+01
7.485000000000e+01  1.222258295677e+01 -2.011171889179e+01 4.442998316430e+01 -3.990282242316e+01
7.486000000000e+01  1.243987271898e+01 -2.036400490497e+01 4.448689584766e+01 -4.032036560333e+01
7.487000000000e+01  1.265114572760e+01 -2.062182747117e+01 4.453497894758e+01 -4.074025145991e+01
7.488000000000e+01  1.285627618239e+01 -2.088504542633e+01 4.457417900718e+01 -4.116227800089e+01
7.489000000000e+01  1.305514155208e+01 -2.115351474262e+01 4.460444724635e+01 -4.158624206080e+01
7.490000000000e+01  1.324762263962e+01 -2.142708860433e+01 4.462573958732e+01 -4.201193940881e+01
7.491000000000e+01  1.343360364561e+01 -2.170561748533e+01 4.463801667782e+01 -4.243916485729e+01
7.492000000000e+01  1.361297223001e+01 -2.198894922785e+01 4.464124391162e+01 -4.286771237095e+01
7.493000000000e+01  1.378561957190e+01 -2.227692912275e+01 4.463539144666e+01 -4.329737517638e+01
7.494000000000e+01  1.395144042751e+01 -2.256939999114e+01 4.462043422062e+01 -4.372794587197e+01
7.495000000000e+01  1.411033318621e+01 -2.286620226732e+01 4.459635196397e+01 -4.415921653820e+01
7.496000000000e+01  1.426219992463e+01 -2.316717408292e+01 4.456312921045e+01 -4.459097884812e+01
7.497000000000e+01  1.440694645889e+01 -2.347215135241e+01 4.452075530508e+01 -4.502302417810e+01
7.498000000000e+01  1.454448239471e+01 -2.378096785965e+01 4.446922440956e+01 -4.545514371871e+01
7.499000000000e+01  1.467472117561e+01 -2.409345534569e+01 4.440853550513e+01 -4.588712858565e+01
7.500000000000e+01  1.479758012903e+01 -2.440944359759e+01 4.433869239295e+01 -4.631876993078e+01
7.501000000000e+01  1.491298051038e+01 -2.472876053834e+01 4.425970369182e+01 -4.674985905306e+01
7.502000000000e+01  1.502084754503e+01 -2.505123231772e+01 4.417158283347e+01 -4.718018750943e+01
7.503000000000e+01  1.512111046816e+01 -2.537668340417e+01 4.407434805520e+01 -4.760954722553e+01
7.504000000000e+01  1.521370256254e+01 -2.570493667752e+01 4.396802239003e+01 -4.803773060624e+01
7.505000000000e+01  1.529856119403e+01 -2.603581352260e+01 4.385263365436e+01 -4.846453064591e+01
7.506000000000e+01  1.537562784508e+01 -2.636913392362e+01 4.372821443298e+01 -4.888974103830e+01
7.507000000000e+01  1.544484814589e+01 -2.670471655934e+01 4.359480206170e+01 -4.931315628615e+01
7.508000000000e+01  1.550617190349e+01 -2.704237889894e+01 4.345243860735e+01 -4.973457181026e+01
7.509000000000e+01  1.555955312849e+01 -2.738193729851e+01 4.330117084538e+01 -5.015378405810e+01
7.510000000000e+01  1.560495005965e+01 -2.772320709818e+01 4.314105023488e+01 -5.057059061188e+01
7.511000000000e+01  1.564232518624e+01 -2.806600271978e+01 4.297213289119e+01 -5.098479029598e+01
7.512000000000e+01  1.567164526804e+01 -2.841013776499e+01 4.279447955605e+01 -5.139618328373e+01
7.513000000000e+01  1.569288135317e+01 -2.875542511401e+01 4.260815556526e+01 -5.180457120340e+01
7.514000000000e+01  1.570600879356e+01 -2.910167702450e+01 4.241323081394e+01 -5.220975724354e+01
7.515000000000e+01  1.571100725818e+01 -2.944870523099e+01 4.220977971941e+01 -5.261154625729e+01
7.516000000000e+01  1.570786074394e+01 -2.979632104449e+01 4.199788118165e+01 -5.300974486600e+01
7.517000000000e+01  1.569655758434e+01 -3.014433545240e+01 4.177761854138e+01 -5.340416156169e+01
7.518000000000e+01  1.567709045573e+01 -3.049255921857e+01 4.154907953586e+01 -5.379460680870e+01
7.519000000000e+01  1.564945638132e+01 -3.084080298354e+01 4.131235625230e+01 -5.418089314410e+01
7.520000000000e+01  1.561365673287e+01 -3.118887736478e+01 4.106754507901e+01 -5.456283527716e+01
7.521000000000e+01  1.556969723003e+01 -3.153659305703e+01 4.081474665432e+01 -5.494025018749e+01
7.522000000000e+01  1.551758793739e+01 -3.188376093262e+01 4.055406581314e+01 -5.531295722204e+01
7.523000000000e+01  1.545734325923e+01 -3.223019214166e+01 4.028561153146e+01 -5.568077819089e+01
7.524000000000e+01  1.538898193191e+01 -3.257569821215e+01 4.000949686857e+01 -5.604353746154e+01
7.525000000000e+01  1.531252701401e+01 -3.292009114985e+01 3.972583890716e+01 -5.640106205202e+01
7.526000000000e+01  1.522800587408e+01 -3.326318353803e+01 3.943475869129e+01 -5.675318172244e+01
7.527000000000e+01  1.513545017623e+01 -3.360478863677e+01 3.913638116227e+01 -5.709972906516e+01
7.528000000000e+01  1.503489586326e+01 -3.394472048208e+01 3.883083509254e+01 -5.744053959333e+01
7.529000000000e+01  1.492638313763e+01 -3.428279398451e+01 3.851825301749e+01 -5.777545182799e+01
7.530000000000e+01  1.480995644015e+01 -3.461882502741e+01 3.819877116526e+01 -5.810430738347e+01
7.531000000000e+01  1.468566442631e+01 -3.495263056461e+01 3.787252938472e+01 -5.842695105111e+01
7.532000000000e+01  1.455355994048e+01 -3.528402871766e+01 3.753967107144e+01 -5.874323088141e+01
7.533000000000e+01  1.441369998779e+01 -3.561283887232e+01 3.720034309181e+01 -5.905299826423e+01
7.534000000000e+01  1.426614570383e+01 -3.593888177458e+01 3.685469570544e+01 -5.935610800737e+01
7.535000000000e+01  1.411096232213e+01 -3.626197962587e+01 3.650288248561e+01 -5.965241841325e+01
7.536000000000e+01  1.394821913942e+01 -3.658195617752e+01 3.614506023817e+01 -5.994179135366e+01
7.537000000000e+01  1.377798947881e+01 -3.689863682449e+01 3.578138891858e+01 -6.022409234271e+01
7.538000000000e+01  1.360035065068e+01 -3.721184869820e+01 3.541203154741e+01 -6.049919060772e+01
7.539000000000e+01  1.341538391155e+01 -3.752142075849e+01 3.503715412420e+01 -6.076695915819e+01
7.540000000000e+01  1.322317442078e+01 -3.782718388462e+01 3.465692553974e+01 -6.102727485267e+01
7.541000000000e+01  1.302381119522e+01 -3.812897096528e+01 3.427151748689e+01 -6.128001846366e+01
7.542000000000e+01  1.281738706176e+01 -3.842661698758e+01 3.388110436990e+01 -6.152507474032e+01
7.543000000000e+01  1.260399860783e+01 -3.871995912493e+01 3.348586321232e+01 -6.176233246909e+01
7.544000000000e+01  1.238374612995e+01 -3.900883682380e+01 3.308597356352e+01 -6.199168453213e+01
7.545000000000e+01  1.215673358020e+01 -3.929309188930e+01 3.268161740400e+01 -6.221302796360e+01
7.546000000000e+01  1.192306851081e+01 -3.957256856954e+01 3.227297904925e+01 -6.242626400365e+01
7.547000000000e+01  1.168286201679e+01 -3.984711363872e+01 3.186024505260e+01 -6.263129815023e+01
7.548000000000e+01  1.143622867663e+01 -4.011657647887e+01 3.144360410675e+01 -6.282804020851e+01
7.549000000000e+01  1.118328649118e+01 -4.038080916032e+01 3.102324694426e+01 -6.301640433815e+01
7.550000000000e+01  1.092415682066e+01 -4.063966652067e+01 3.059936623700e+01 -6.319630909808e+01
7.551000000000e+01  1.065896431987e+01 -4.089300624241e+01 3.017215649453e+01 -6.336767748902e+01
7.552000000000e+01  1.038783687166e+01 -4.114068892898e+01 2.974181396159e+01 -6.353043699356e+01
7.553000000000e+01  1.011090551863e+01 -4.138257817935e+01 2.930853651465e+01 -6.368451961394e+01
7.554000000000e+01  9.828304393124e+00 -4.161854066104e+01 2.887252355767e+01 -6.382986190728e+01
7.555000000000e+01  9.540170645623e+00 -4.184844618150e+01 2.843397591701e+01 -6.396640501847e+01
7.556000000000e+01  9.246644371456e+00 -4.207216775789e+01 2.799309573569e+01 -6.409409471056e+01
7.557000000000e+01  8.947868535959e+00 -4.228958168513e+01 2.755008636685e+01 -6.421288139272e+01
7.558000000000e+01  8.643988898080e+00 -4.250056760230e+01 2.710515226674e+01 -6.432272014570e+01
7.559000000000e+01  8.335153932490e+00 -4.270500855721e+01 2.665849888703e+01 -6.442357074477e+01
7.560000000000e+01  8.021514750228e+00 -4.290279106925e+01 2.621033256665e+01 -6.451539768020e+01
7.561000000000e+01  7.703225017937e+00 -4.309380519035e+01 2.576086042324e+01 -6.459817017519e+01
7.562000000000e+01  7.380440875721e+00 -4.327794456414e+01 2.531029024407e+01 -6.467186220131e+01
7.563000000000e+01  7.053320853678e+00 -4.345510648317e+01 2.485883037675e+01 -6.473645249143e+01
7.564000000000e+01  6.722025787147e+00 -4.362519194423e+01 2.440668961962e+01 -6.479192455001e+01
7.565000000000e+01  6.386718730727e+00 -4.378810570174e+01 2.395407711186e+01 -6.483826666100e+01
7.566000000000e+01  6.047564871092e+00 -4.394375631907e+01 2.350120222353e+01 -6.487547189311e+01
7.567000000000e+01  5.704731438681e+00 -4.409205621793e+01 2.304827444541e+01 -6.490353810257e+01
7.568000000000e+01  5.358387618282e+00 -4.423292172569e+01 2.259550327884e+01 -6.492246793334e+01
7.569000000000e+01  5.008704458579e+00 -4.436627312057e+01 2.214309812557e+01 -6.493226881483e+01
7.570000000000e+01  4.655854780704e+00 -4.449203467485e+01 2.169126817759e+01 -6.493295295701e+01
7.571000000000e+01  4.300013085840e+00 -4.461013469579e+01 2.124022230719e+01 -6.492453734310e+01
7.572000000000e+01  3.941355461942e+00 -4.472050556456e+01 2.079016895711e+01 -6.490704371966e+01
7.573000000000e+01  3.580059489606e+00 -4.482308377290e+01 2.034131603093e+01 -6.488049858421e+01
7.574000000000e+01  3.216304147154e+00 -4.491780995760e+01 1.989387078379e+01 -6.484493317033e+01
7.575000000000e+01  2.850269714987e+00 -4.500462893274e+01 1.944803971336e+01 -6.480038343032e+01
7.576000000000e+01  2.482137679248e+00 -4.508348971978e+01 1.900402845131e+01 -6.474689001534e+01
7.577000000000e+01  2.112090634859e+00 -4.515434557524e+01 1.856204165515e+01 -6.468449825310e+01
7.578000000000e+01  1.740312187986e+00 -4.521715401623e+01 1.812228290062e+01 -6.461325812312e+01
7.579000000000e+01  1.366986857977e+00 -4.527187684364e+01 1.768495457460e+01 -6.453322422960e+01
7.580000000000e+01  9.922999788368e-01 -4.531848016296e+01 1.725025776864e+01 -6.444445577178e+01
7.581000000000e+01  6.164376002950e-01 -4.535693440288e+01 1.681839217321e+01 -6.434701651200e+01
7.582000000000e+01  2.395863885101e-01 -4.538721433147e+01 1.638955597261e+01 -6.424097474139e+01
7.583000000000e+01  -1.380664735209e-01 -4.540929907000e+01 1.596394574063e+01 -6.412640324318e+01
7.584000000000e+01  -5.163333858001e-01 -4.542317210445e+01 1.554175633713e+01 -6.400337925367e+01
7.585000000000e+01  -8.950264313558e-01 -4.542882129461e+01 1.512318080541e+01 -6.387198442099e+01
7.586000000000e+01  -1.273957476402e+00 -4.542623888080e+01 1.470841027053e+01 -6.373230476149e+01
7.587000000000e+01  -1.652938270579e+00 -4.541542148820e+01 1.429763383864e+01 -6.358443061395e+01
7.588000000000e+01  -2.031780547210e+00 -4.539637012876e+01 1.389103849731e+01 -6.342845659152e+01
7.589000000000e+01  -2.410296123533e+00 -4.536909020078e+01 1.348880901694e+01 -6.326448153156e+01
7.590000000000e+01  -2.788297000840e+00 -4.533359148601e+01 1.309112785332e+01 -6.309260844317e+01
7.591000000000e+01  -3.165595464469e+00 -4.528988814438e+01 1.269817505136e+01 -6.291294445276e+01
7.592000000000e+01  -3.542004183607e+00 -4.523799870635e+01 1.231012815004e+01 -6.272560074740e+01
7.593000000000e+01  -3.917336310831e+00 -4.517794606281e+01 1.192716208867e+01 -6.253069251613e+01
7.594000000000e+01  -4.291405581346e+00 -4.510975745260e+01 1.154944911444e+01 -6.232833888928e+01
7.595000000000e+01  -4.664026411862e+00 -4.503346444771e+01 1.117715869136e+01 -6.211866287574e+01
7.596000000000e+01  -5.035013999055e+00 -4.494910293594e+01 1.081045741063e+01 -6.190179129827e+01
7.597000000000e+01  -5.404184417565e+00 -4.485671310138e+01 1.044950890246e+01 -6.167785472688e+01
7.598000000000e+01  -5.771354717467e+00 -4.475633940236e+01 1.009447374943e+01 -6.144698741033e+01
7.599000000000e+01  -6.136343021175e+00 -4.464803054714e+01 9.745509401378e+00 -6.120932720572e+01
7.600000000000e+01  -6.498968619723e+00 -4.453183946726e+01 9.402770091909e+00 -6.096501550633e+01
7.601000000000e+01  -6.859052068375e+00 -4.440782328850e+01 9.066406756579e+00 -6.071419716758e+01
7.602000000000e+01  -7.216415281502e+00 -4.427604329964e+01 8.736566952726e+00 -6.045702043128e+01
7.603000000000e+01  -7.570881626698e+00 -4.413656491886e+01 8.413394781076e+00 -6.019363684817e+01
7.604000000000e+01  -7.922276018069e+00 -4.398945765787e+01 8.097030809108e+00 -5.992420119880e+01
7.605000000000e+01  -8.270425008650e+00 -4.383479508390e+01 7.787611996254e+00 -5.964887141268e+01
7.606000000000e+01  -8.615156881912e+00 -4.367265477932e+01 7.485271620959e+00 -5.936780848596e+01
7.607000000000e+01  -8.956301742301e+00 -4.350311829923e+01 7.190139209642e+00 -5.908117639740e+01
7.608000000000e+01  -9.293691604773e+00 -4.332627112675e+01 6.902340467612e+00 -5.878914202296e+01
7.609000000000e+01  -9.627160483273e+00 -4.314220262628e+01 6.621997211956e+00 -5.849187504881e+01
7.610000000000e+01  -9.956544478114e+00 -4.295100599457e+01 6.349227306458e+00 -5.818954788294e+01
7.611000000000e+01  -1.028168186223e+01 -4.275277820980e+01 6.084144598575e+00 -5.788233556534e+01
7.612000000000e+01  -1.060241316621e+01 -4.254761997859e+01 5.826858858515e+00 -5.757041567684e+01
7.613000000000e+01  -1.091858126218e+01 -4.233563568096e+01 5.577475720434e+00 -5.725396824666e+01
7.614000000000e+01  -1.123003144630e+01 -4.211693331337e+01 5.336096625819e+00 -5.693317565860e+01
7.615000000000e+01  -1.153661152013e+01 -4.189162442988e+01 5.102818769055e+00 -5.660822255608e+01
7.616000000000e+01  -1.183817187042e+01 -4.165982408126e+01 4.877735045235e+00 -5.627929574596e+01
7.617000000000e+01  -1.213456554777e+01 -4.142165075244e+01 4.660934000235e+00 -5.594658410120e+01
7.618000000000e+01  -1.242564834367e+01 -4.117722629798e+01 4.452499783076e+00 -5.561027846244e+01
7.619000000000e+01  -1.271127886616e+01 -4.092667587587e+01 4.252512100618e+00 -5.527057153851e+01
7.620000000000e+01  -1.299131861402e+01 -4.067012787956e+01 4.061046174603e+00 -5.492765780596e+01
7.621000000000e+01  -1.326563204939e+01 -4.040771386832e+01 3.878172701079e+00 -5.458173340757e+01
7.622000000000e+01  -1.353408666882e+01 -4.013956849590e+01 3.703957812218e+00 -5.423299605004e+01
7.623000000000e+01  -1.379655307275e+01 -3.986582943769e+01 3.538463040577e+00 -5.388164490067e+01
7.624000000000e+01  -1.405290503335e+01 -3.958663731619e+01 3.381745285790e+00 -5.352788048338e+01
7.625000000000e+01  -1.430301956066e+01 -3.930213562510e+01 3.233856783746e+00 -5.317190457387e+01
7.626000000000e+01  -1.454677696709e+01 -3.901247065188e+01 3.094845078248e+00 -5.281392009405e+01
7.627000000000e+01  -1.478406093014e+01 -3.871779139882e+01 2.964752995180e+00 -5.245413100587e+01
7.628000000000e+01  -1.501475855338e+01 -3.841824950290e+01 2.843618619202e+00 -5.209274220449e+01
7.629000000000e+01  -1.523876042566e+01 -3.811399915417e+01 2.731475272975e+00 -5.172995941089e+01
7.630000000000e+01  -1.545596067848e+01 -3.780519701290e+01 2.628351498949e+00 -5.136598906399e+01
7.631000000000e+01  -1.566625704148e+01 -3.749200212555e+01 2.534271043706e+00 -5.100103821231e+01
7.632000000000e+01  -1.586955089614e+01 -3.717457583942e+01 2.449252844875e+00 -5.063531440521e+01
7.633000000000e+01  -1.606574732748e+01 -3.685308171633e+01 2.373311020634e+00 -5.026902558381e+01
7.634000000000e+01  -1.625475517391e+01 -3.652768544505e+01 2.306454861800e+00 -4.990237997163e+01
7.635000000000e+01  -1.643648707510e+01 -3.619855475277e+01 2.248688826504e+00 -4.953558596498e+01
7.636000000000e+01  -1.661085951784e+01 -3.586585931554e+01 2.200012537474e+00 -4.916885202316e+01
7.637000000000e+01  -1.677779287992e+01 -3.552977066782e+01 2.160420781907e+00 -4.880238655859e+01
7.638000000000e+01  -1.693721147205e+01 -3.519046211100e+01 2.129903513946e+00 -4.843639782686e+01
7.639000000000e+01  -1.708904357757e+01 -3.484810862120e+01 2.108445859751e+00 -4.807109381678e+01
7.640000000000e+01  -1.723322149030e+01 -3.450288675619e+01 2.096028125170e+00 -4.770668214048e+01
7.641000000000e+01  -1.736968155010e+01 -3.415497456156e+01 2.092625805989e+00 -4.734336992366e+01
7.642000000000e+01  -1.749836417648e+01 -3.380455147617e+01 2.098209600781e+00 -4.698136369598e+01
7.643000000000e+01  -1.761921389996e+01 -3.345179823701e+01 2.112745426315e+00 -4.662086928175e+01
7.644000000000e+01  -1.773217939140e+01 -3.309689678330e+01 2.136194435550e+00 -4.626209169087e+01
7.645000000000e+01  -1.783721348904e+01 -3.274003016019e+01 2.168513038171e+00 -4.590523501012e+01
7.646000000000e+01  -1.793427322349e+01 -3.238138242182e+01 2.209652923674e+00 -4.555050229494e+01
7.647000000000e+01  -1.802331984044e+01 -3.202113853397e+01 2.259561086990e+00 -4.519809546163e+01
7.648000000000e+01  -1.810431882122e+01 -3.165948427625e+01 2.318179856612e+00 -4.484821518009e+01
7.649000000000e+01  -1.817723990105e+01 -3.129660614399e+01 2.385446925229e+00 -4.450106076724e+01
7.650000000000e+01  -1.824205708522e+01 -3.093269124968e+01 2.461295382845e+00 -4.415683008096e+01
7.651000000000e+01  -1.829874866285e+01 -3.056792722428e+01 2.545653752352e+00 -4.381571941492e+01
7.652000000000e+01  -1.834729721857e+01 -3.020250211818e+01 2.638446027552e+00 -4.347792339405e+01
7.653000000000e+01  -1.838768964180e+01 -2.983660430210e+01 2.739591713598e+00 -4.314363487093e+01
7.654000000000e+01  -1.841991713386e+01 -2.947042236773e+01 2.849005869829e+00 -4.281304482305e+01
7.655000000000e+01  -1.844397521276e+01 -2.910414502839e+01 2.966599154980e+00 -4.248634225103e+01
7.656000000000e+01  -1.845986371580e+01 -2.873796101965e+01 3.092277874744e+00 -4.216371407783e+01
7.657000000000e+01  -1.846758679976e+01 -2.837205899990e+01 3.225944031642e+00 -4.184534504909e+01
7.658000000000e+01  -1.846715293892e+01 -2.800662745108e+01 3.367495377201e+00 -4.153141763455e+01
7.659000000000e+01  -1.845857492079e+01 -2.764185457946e+01 3.516825466379e+00 -4.122211193064e+01
7.660000000000e+01  -1.844186983951e+01 -2.727792821660e+01 3.673823714238e+00 -4.091760556436e+01
7.661000000000e+01  -1.841705908704e+01 -2.691503572058e+01 3.838375454801e+00 -4.061807359839e+01
7.662000000000e+01  -1.838416834201e+01 -2.655336387739e+01 4.010362002097e+00 -4.032368843759e+01
7.663000000000e+01  -1.834322755637e+01 -2.619309880274e+01 4.189660713323e+00 -4.003461973690e+01
7.664000000000e+01  -1.829427093974e+01 -2.583442584417e+01 4.376145054112e+00 -3.975103431065e+01
7.665000000000e+01  -1.823733694149e+01 -2.547752948361e+01 4.569684665871e+00 -3.947309604337e+01
7.666000000000e+01  -1.817246823063e+01 -2.512259324035e+01 4.770145435139e+00 -3.920096580223e+01
7.667000000000e+01  -1.809971167341e+01 -2.476979957460e+01 4.977389564932e+00 -3.893480135096e+01
7.668000000000e+01  -1.801911830873e+01 -2.441932979152e+01 5.191275648045e+00 -3.867475726549e+01
7.669000000000e+01  -1.793074332128e+01 -2.407136394593e+01 5.411658742262e+00 -3.842098485131e+01
7.670000000000e+01  -1.783464601257e+01 -2.372608074766e+01 5.638390447430e+00 -3.817363206245e+01
7.671000000000e+01  -1.773088976970e+01 -2.338365746756e+01 5.871318984373e+00 -3.793284342238e+01
7.672000000000e+01  -1.761954203196e+01 -2.304426984432e+01 6.110289275574e+00 -3.769875994666e+01
7.673000000000e+01  -1.750067425534e+01 -2.270809199207e+01 6.355143027616e+00 -3.747151906746e+01
7.674000000000e+01  -1.737436187483e+01 -2.237529630884e+01 6.605718815310e+00 -3.725125456002e+01
7.675000000000e+01  -1.724068426465e+01 -2.204605338586e+01 6.861852167476e+00 -3.703809647108e+01
7.676000000000e+01  -1.709972469637e+01 -2.172053191790e+01 7.123375654334e+00 -3.683217104920e+01
7.677000000000e+01  -1.695157029498e+01 -2.139889861453e+01 7.390118976449e+00 -3.663360067725e+01
7.678000000000e+01  -1.679631199282e+01 -2.108131811239e+01 7.661909055196e+00 -3.644250380685e+01
7.679000000000e+01  -1.663404448164e+01 -2.076795288864e+01 7.938570124677e+00 -3.625899489498e+01
7.680000000000e+01  -1.646486616249e+01 -2.045896317544e+01 8.219923825063e+00 -3.608318434268e+01
7.681000000000e+01  -1.628887909376e+01 -2.015450687566e+01 8.505789297296e+00 -3.591517843595e+01
7.682000000000e+01  -1.610618893721e+01 -1.985473947978e+01 8.795983279103e+00 -3.575507928886e+01
7.683000000000e+01  -1.591690490207e+01 -1.955981398401e+01 9.090320202278e+00 -3.560298478883e+01
7.684000000000e+01  -1.572113968733e+01 -1.926988080981e+01 9.388612291170e+00 -3.545898854423e+01
7.685000000000e+01  -1.551900942206e+01 -1.898508772468e+01 9.690669662340e+00 -3.532317983426e+01
7.686000000000e+01  -1.531063360397e+01 -1.870557976432e+01 9.996300425309e+00 -3.519564356113e+01
7.687000000000e+01  -1.509613503618e+01 -1.843149915629e+01 1.030531078438e+01 -3.507646020457e+01
7.688000000000e+01  -1.487563976219e+01 -1.816298524507e+01 1.061750514142e+01 -3.496570577873e+01
7.689000000000e+01  -1.464927699913e+01 -1.790017441864e+01 1.093268619965e+01 -3.486345179147e+01
7.690000000000e+01  -1.441717906934e+01 -1.764320003666e+01 1.125065506827e+01 -3.476976520602e+01
7.691000000000e+01  -1.417948133031e+01 -1.739219236015e+01 1.157121136791e+01 -3.468470840513e+01
7.692000000000e+01  -1.393632210289e+01 -1.714727848285e+01 1.189415333693e+01 -3.460833915759e+01
7.693000000000e+01  -1.368784259811e+01 -1.690858226421e+01 1.221927793838e+01 -3.454071058732e+01
7.694000000000e+01  -1.343418684223e+01 -1.667622426410e+01 1.254638096762e+01 -3.448187114481e+01
7.695000000000e+01  -1.317550160053e+01 -1.645032167920e+01 1.287525716060e+01 -3.443186458119e+01
7.696000000000e+01  -1.291193629942e+01 -1.623098828123e+01 1.320570030265e+01 -3.439072992473e+01
7.697000000000e+01  -1.264364294726e+01 -1.601833435688e+01 1.353750333777e+01 -3.435850145987e+01
7.698000000000e+01  -1.237077605378e+01 -1.581246664964e+01 1.387045847838e+01 -3.433520870880e+01
7.699000000000e+01  -1.209349254815e+01 -1.561348830349e+01 1.420435731542e+01 -3.432087641559e+01
7.700000000000e+01  -1.181195169573e+01 -1.542149880838e+01 1.453899092878e+01 -3.431552453285e+01
7.701000000000e+01  -1.152631501363e+01 -1.523659394779e+01 1.487414999798e+01 -3.431916821094e+01
7.702000000000e+01  -1.123674618507e+01 -1.505886574809e+01 1.520962491310e+01 -3.433181778981e+01
7.703000000000e+01  -1.094341097248e+01 -1.488840242995e+01 1.554520588579e+01 -3.435347879327e+01
7.704000000000e+01  -1.064647712963e+01 -1.472528836173e+01 1.588068306040e+01 -3.438415192601e+01
7.705000000000e+01  -1.034611431261e+01 -1.456960401490e+01 1.621584662514e+01 -3.442383307301e+01
7.706000000000e+01  -1.004249398981e+01 -1.442142592149e+01 1.655048692321e+01 -3.447251330166e+01
7.707000000000e+01  -9.735789350942e+00 -1.428082663367e+01 1.688439456381e+01 -3.453017886639e+01
7.708000000000e+01  -9.426175215137e+00 -1.414787468532e+01 1.721736053302e+01 -3.459681121582e+01
7.709000000000e+01  -9.113827938161e+00 -1.402263455583e+01 1.754917630453e+01 -3.467238700260e+01
7.710000000000e+01  -8.798925318832e+00 -1.390516663594e+01 1.787963394998e+01 -3.475687809563e+01
7.711000000000e+01  -8.481646504639e+00 -1.379552719580e+01 1.820852624906e+01 -3.485025159503e+01
7.712000000000e+01  -8.162171896663e+00 -1.369376835516e+01 1.853564679927e+01 -3.495246984945e+01
7.713000000000e+01  -7.840683053804e+00 -1.359993805575e+01 1.886079012510e+01 -3.506349047609e+01
7.714000000000e+01  -7.517362596409e+00 -1.351408003592e+01 1.918375178686e+01 -3.518326638309e+01
7.715000000000e+01  -7.192394109315e+00 -1.343623380735e+01 1.950432848886e+01 -3.531174579455e+01
7.716000000000e+01  -6.865962044380e+00 -1.336643463420e+01 1.982231818699e+01 -3.544887227794e+01
7.717000000000e+01  -6.538251622554e+00 -1.330471351427e+01 2.013752019570e+01 -3.559458477409e+01
7.718000000000e+01  -6.209448735524e+00 -1.325109716261e+01 2.044973529414e+01 -3.574881762953e+01
7.719000000000e+01  -5.879739847009e+00 -1.320560799726e+01 2.075876583163e+01 -3.591150063142e+01
7.720000000000e+01  -5.549311893741e+00 -1.316826412730e+01 2.106441583219e+01 -3.608255904474e+01
7.721000000000e+01  -5.218352186186e+00 -1.313907934316e+01 2.136649109829e+01 -3.626191365201e+01
7.722000000000e+01  -4.887048309070e+00 -1.311806310926e+01 2.166479931352e+01 -3.644948079538e+01
7.723000000000e+01  -4.555588021747e+00 -1.310522055885e+01 2.195915014439e+01 -3.664517242100e+01
7.724000000000e+01  -4.224159158472e+00 -1.310055249120e+01 2.224935534097e+01 -3.684889612584e+01
7.725000000000e+01  -3.892949528628e+00 -1.310405537105e+01 2.253522883646e+01 -3.706055520674e+01
7.726000000000e+01  -3.562146816960e+00 -1.311572133035e+01 2.281658684565e+01 -3.728004871180e+01
7.727000000000e+01  -3.231938483873e+00 -1.313553817230e+01 2.309324796204e+01 -3.750727149398e+01
7.728000000000e+01  -2.902511665844e+00 -1.316348937769e+01 2.336503325383e+01 -3.774211426699e+01
7.729000000000e+01  -2.574053075994e+00 -1.319955411343e+01 2.363176635850e+01 -3.798446366334e+01
7.730000000000e+01  -2.246748904885e+00 -1.324370724351e+01 2.389327357608e+01 -3.823420229454e+01
7.731000000000e+01  -1.920784721593e+00 -1.329591934211e+01 2.414938396095e+01 -3.849120881354e+01
7.732000000000e+01  -1.596345375096e+00 -1.335615670902e+01 2.439992941224e+01 -3.875535797914e+01
7.733000000000e+01  -1.273614896043e+00 -1.342438138733e+01 2.464474476266e+01 -3.902652072254e+01
7.734000000000e+01  -9.527763989579e-01 -1.350055118333e+01 2.488366786581e+01 -3.930456421597e+01
7.735000000000e+01  -6.340119849134e-01 -1.358461968873e+01 2.511653968186e+01 -3.958935194323e+01
7.736000000000e+01  -3.175026447456e-01 -1.367653630495e+01 2.534320436160e+01 -3.988074377222e+01
7.737000000000e+01  -3.428162849011e-03 -1.377624626985e+01 2.556350932876e+01 -4.017859602942e+01
7.738000000000e+01  3.080329783930e-01 -1.388369068643e+01 2.577730536064e+01 -4.048276157626e+01
7.739000000000e+01  6.167036934926e-01 -1.399880655388e+01 2.598444666693e+01 -4.079308988726e+01
7.740000000000e+01  9.224083880056e-01 -1.412152680071e+01 2.618479096669e+01 -4.110942713005e+01
7.741000000000e+01  1.224973051895e+00 -1.425178032008e+01 2.637819956349e+01 -4.143161624708e+01
7.742000000000e+01  1.524225352057e+00 -1.438949200723e+01 2.656453741868e+01 -4.175949703915e+01
7.743000000000e+01  1.819994723969e+00 -1.453458279904e+01 2.674367322262e+01 -4.209290625047e+01
7.744000000000e+01  2.112112462393e+00 -1.468696971569e+01 2.691547946401e+01 -4.243167765547e+01
7.745000000000e+01  2.400411811114e+00 -1.484656590436e+01 2.707983249720e+01 -4.277564214707e+01
7.746000000000e+01  2.684728051636e+00 -1.501328068499e+01 2.723661260740e+01 -4.312462782665e+01
7.747000000000e+01  2.964898590813e+00 -1.518701959812e+01 2.738570407386e+01 -4.347846009530e+01
7.748000000000e+01  3.240763047348e+00 -1.536768445459e+01 2.752699523086e+01 -4.383696174667e+01
7.749000000000e+01  3.512163337137e+00 -1.555517338738e+01 2.766037852660e+01 -4.419995306114e+01
7.750000000000e+01  3.778943757392e+00 -1.574938090526e+01 2.778575057993e+01 -4.456725190132e+01
7.751000000000e+01  4.040951069503e+00 -1.595019794843e+01 2.790301223475e+01 -4.493867380884e+01
7.752000000000e+01  4.298034580613e+00 -1.615751194601e+01 2.801206861230e+01 -4.531403210241e+01
7.753000000000e+01  4.550046223834e+00 -1.637120687540e+01 2.811282916111e+01 -4.569313797706e+01
7.754000000000e+01  4.796840637085e+00 -1.659116332347e+01 2.820520770464e+01 -4.607580060440e+01
7.755000000000e+01  5.038275240498e+00 -1.681725854950e+01 2.828912248665e+01 -4.646182723417e+01
7.756000000000e+01  5.274210312355e+00 -1.704936654998e+01 2.836449621417e+01 -4.685102329657e+01
7.757000000000e+01  5.504509063518e+00 -1.728735812498e+01 2.843125609812e+01 -4.724319250577e+01
7.758000000000e+01  5.729037710305e+00 -1.753110094637e+01 2.848933389156e+01 -4.763813696422e+01
7.759000000000e+01  5.947665545784e+00 -1.778045962755e+01 2.853866592550e+01 -4.803565726780e+01
7.760000000000e+01  6.160265009436e+00 -1.803529579489e+01 2.857919314228e+01 -4.843555261188e+01
7.761000000000e+01  6.366711755161e+00 -1.829546816076e+01 2.861086112649e+01 -4.883762089805e+01
7.762000000000e+01  6.566884717585e+00 -1.856083259796e+01 2.863362013350e+01 -4.924165884154e+01
7.763000000000e+01  6.760666176627e+00 -1.883124221583e+01 2.864742511540e+01 -4.964746207928e+01
7.764000000000e+01  6.947941820312e+00 -1.910654743771e+01 2.865223574451e+01 -5.005482527861e+01
7.765000000000e+01  7.128600805769e+00 -1.938659607981e+01 2.864801643437e+01 -5.046354224638e+01
7.766000000000e+01  7.302535818407e+00 -1.967123343154e+01 2.863473635825e+01 -5.087340603863e+01
7.767000000000e+01  7.469643129221e+00 -1.996030233708e+01 2.861236946502e+01 -5.128420907060e+01
7.768000000000e+01  7.629822650209e+00 -2.025364327827e+01 2.858089449263e+01 -5.169574322711e+01
7.769000000000e+01  7.782977987855e+00 -2.055109445882e+01 2.854029497894e+01 -5.210779997327e+01
7.770000000000e+01  7.929016494675e+00 -2.085249188959e+01 2.849055927004e+01 -5.252017046530e+01
7.771000000000e+01  8.067849318774e+00 -2.115766947509e+01 2.843168052601e+01 -5.293264566168e+01
7.772000000000e+01  8.199391451394e+00 -2.146645910114e+01 2.836365672414e+01 -5.334501643429e+01
7.773000000000e+01  8.323561772447e+00 -2.177869072351e+01 2.828649065954e+01 -5.375707367965e+01
7.774000000000e+01  8.440283093977e+00 -2.209419245761e+01 2.820018994327e+01 -5.416860843012e+01
7.775000000000e+01  8.549482201554e+00 -2.241279066912e+01 2.810476699783e+01 -5.457941196514e+01
7.776000000000e+01  8.651089893566e+00 -2.273431006564e+01 2.800023905016e+01 -5.498927592217e+01
7.777000000000e+01  8.745041018394e+00 -2.305857378904e+01 2.788662812204e+01 -5.539799240765e+01
7.778000000000e+01  8.831274509440e+00 -2.338540350880e+01 2.776396101795e+01 -5.580535410754e+01
7.779000000000e+01  8.909733418009e+00 -2.371461951603e+01 2.763226931043e+01 -5.621115439766e+01
7.780000000000e+01  8.980364944001e+00 -2.404604081820e+01 2.749158932288e+01 -5.661518745368e+01
7.781000000000e+01  9.043120464426e+00 -2.437948523461e+01 2.734196210980e+01 -5.701724836064e+01
7.782000000000e+01  9.097955559700e+00 -2.471476949244e+01 2.718343343454e+01 -5.741713322205e+01
7.783000000000e+01  9.144830037729e+00 -2.505170932334e+01 2.701605374462e+01 -5.781463926838e+01
7.784000000000e+01  9.183707955756e+00 -2.539011956061e+01 2.683987814443e+01 -5.820956496511e+01
7.785000000000e+01  9.214557639968e+00 -2.572981423678e+01 2.665496636554e+01 -5.860171011993e+01
7.786000000000e+01  9.237351702836e+00 -2.607060668165e+01 2.646138273456e+01 -5.899087598945e+01
7.787000000000e+01  9.252067058209e+00 -2.641230962065e+01 2.625919613850e+01 -5.937686538500e+01
7.788000000000e+01  9.258684934120e+00 -2.675473527354e+01 2.604847998772e+01 -5.975948277768e+01
7.789000000000e+01  9.257190883321e+00 -2.709769545338e+01 2.582931217655e+01 -6.013853440254e+01
7.790000000000e+01  9.247574791534e+00 -2.744100166567e+01 2.560177504140e+01 -6.051382836184e+01
7.791000000000e+01  9.229830883410e+00 -2.778446520762e+01 2.536595531663e+01 -6.088517472729e+01
7.792000000000e+01  9.203957726199e+00 -2.812789726763e+01 2.512194408799e+01 -6.125238564130e+01
7.793000000000e+01  9.169958231126e+00 -2.847110902466e+01 2.486983674380e+01 -6.161527541717e+01
7.794000000000e+01  9.127839652470e+00 -2.881391174771e+01 2.460973292383e+01 -6.197366063806e+01
7.795000000000e+01  9.077613584354e+00 -2.915611689521e+01 2.434173646592e+01 -6.232736025483e+01
7.796000000000e+01  9.019295955238e+00 -2.949753621425e+01 2.406595535033e+01 -6.267619568264e+01
7.797000000000e+01  8.952907020125e+00 -2.983798183973e+01 2.378250164196e+01 -6.301999089624e+01
7.798000000000e+01  8.878471350485e+00 -3.017726639318e+01 2.349149143035e+01 -6.335857252392e+01
7.799000000000e+01  8.796017821891e+00 -3.051520308142e+01 2.319304476754e+01 -6.369176994003e+01
7.800000000000e+01  8.705579599391e+00 -3.085160579483e+01 2.288728560381e+01 -6.401941535617e+01
7.801000000000e+01  8.607194120608e+00 -3.118628920523e+01 2.257434172143e+01 -6.434134391078e+01
7.802000000000e+01  8.500903076588e+00 -3.151906886340e+01 2.225434466625e+01 -6.465739375721e+01
7.803000000000e+01  8.386752390394e+00 -3.184976129605e+01 2.192742967735e+01 -6.496740615030e+01
7.804000000000e+01  8.264792193474e+00 -3.217818410228e+01 2.159373561478e+01 -6.527122553119e+01
7.805000000000e+01  8.135076799800e+00 -3.250415604946e+01 2.125340488525e+01 -6.556869961060e+01
7.806000000000e+01  7.997664677798e+00 -3.282749716849e+01 2.090658336603e+01 -6.585967945027e+01
7.807000000000e+01  7.852618420085e+00 -3.314802884833e+01 2.055342032700e+01 -6.614401954272e+01
7.808000000000e+01  7.700004711025e+00 -3.346557392985e+01 2.019406835082e+01 -6.642157788923e+01
7.809000000000e+01  7.539894292128e+00 -3.377995679883e+01 1.982868325144e+01 -6.669221607585e+01
7.810000000000e+01  7.372361925297e+00 -3.409100347816e+01 1.945742399078e+01 -6.695579934770e+01
7.811000000000e+01  7.197486353955e+00 -3.439854171917e+01 1.908045259388e+01 -6.721219668119e+01
7.812000000000e+01  7.015350262073e+00 -3.470240109199e+01 1.869793406224e+01 -6.746128085441e+01
7.813000000000e+01  6.826040231101e+00 -3.500241307494e+01 1.831003628576e+01 -6.770292851545e+01
7.814000000000e+01  6.629646694854e+00 -3.529841114292e+01 1.791692995301e+01 -6.793702024869e+01
7.815000000000e+01  6.426263892350e+00 -3.559023085463e+01 1.751878846008e+01 -6.816344063905e+01
7.816000000000e+01  6.215989818643e+00 -3.587770993883e+01 1.711578781798e+01 -6.838207833416e+01
7.817000000000e+01  5.998926173660e+00 -3.616068837924e+01 1.670810655861e+01 -6.859282610430e+01
7.818000000000e+01  5.775178309090e+00 -3.643900849836e+01 1.629592563948e+01 -6.879558090029e+01
7.819000000000e+01  5.544855173326e+00 -3.671251504002e+01 1.587942834704e+01 -6.899024390915e+01
7.820000000000e+01  5.308069254517e+00 -3.698105525053e+01 1.545880019883e+01 -6.917672060744e+01
7.821000000000e+01  5.064936521738e+00 -3.724447895860e+01 1.503422884447e+01 -6.935492081252e+01
7.822000000000e+01  4.815576364311e+00 -3.750263865383e+01 1.460590396545e+01 -6.952475873134e+01
7.823000000000e+01  4.560111529325e+00 -3.775538956373e+01 1.417401717391e+01 -6.968615300710e+01
7.824000000000e+01  4.298668057368e+00 -3.800258972932e+01 1.373876191032e+01 -6.983902676345e+01
7.825000000000e+01  4.031375216511e+00 -3.824410007924e+01 1.330033334033e+01 -6.998330764636e+01
7.826000000000e+01  3.758365434583e+00 -3.847978450223e+01 1.285892825053e+01 -7.011892786369e+01
7.827000000000e+01  3.479774229765e+00 -3.870950991811e+01 1.241474494349e+01 -7.024582422222e+01
7.828000000000e+01  3.195740139544e+00 -3.893314634708e+01 1.196798313196e+01 -7.036393816242e+01
7.829000000000e+01  2.906404648055e+00 -3.915056697740e+01 1.151884383233e+01 -7.047321579063e+01
7.830000000000e+01  2.611912111862e+00 -3.936164823134e+01 1.106752925736e+01 -7.057360790889e+01
7.831000000000e+01  2.312409684205e+00 -3.956626982944e+01 1.061424270838e+01 -7.066507004223e+01
7.832000000000e+01  2.008047237753e+00 -3.976431485298e+01 1.015918846684e+01 -7.074756246352e+01
7.833000000000e+01  1.698977285908e+00 -3.995566980467e+01 9.702571685400e+00 -7.082105021579e+01
7.834000000000e+01  1.385354902699e+00 -4.014022466753e+01 9.244598278523e+00 -7.088550313199e+01
7.835000000000e+01  1.067337641295e+00 -4.031787296188e+01 8.785474812738e+00 -7.094089585231e+01
7.836000000000e+01  7.450854512063e-01 -4.048851180052e+01 8.325408396525e+00 -7.098720783889e+01
7.837000000000e+01  4.187605941781e-01 -4.065204194189e+01 7.864606569956e+00 -7.102442338801e+01
7.838000000000e+01  8.852755885693e-02 -4.080836784143e+01 7.403277194114e+00 -7.105253163969e+01
7.839000000000e+01  -2.454470257529e-01 -4.095739770088e+01 6.941628340365e+00 -7.107152658473e+01
7.840000000000e+01  -5.829944779868e-01 -4.109904351564e+01 6.479868179547e+00 -7.108140706922e+01
7.841000000000e+01  -9.239441523294e-01 -4.123322112014e+01 6.018204871121e+00 -7.108217679641e+01
7.842000000000e+01  -1.268123529291e+00 -4.135985023116e+01 5.556846452363e+00 -7.107384432602e+01
7.843000000000e+01  -1.615358306308e+00 -4.147885448911e+01 5.096000727642e+00 -7.105642307097e+01
7.844000000000e+01  -1.965472489611e+00 -4.159016149727e+01 4.635875157857e+00 -7.102993129148e+01
7.845000000000e+01  -2.318288487031e+00 -4.169370285895e+01 4.176676750085e+00 -7.099439208666e+01
7.846000000000e+01  -2.673627201681e+00 -4.178941421253e+01 3.718611947506e+00 -7.094983338338e+01
7.847000000000e+01  -3.031308126471e+00 -4.187723526443e+01 3.261886519659e+00 -7.089628792269e+01
7.848000000000e+01  -3.391149439410e+00 -4.195710981997e+01 2.806705453100e+00 -7.083379324354e+01
7.849000000000e+01  -3.752968099649e+00 -4.202898581206e+01 2.353272842508e+00 -7.076239166394e+01
7.850000000000e+01  -4.116579944204e+00 -4.209281532778e+01 1.901791782314e+00 -7.068213025959e+01
7.851000000000e+01  -4.481799785328e+00 -4.214855463284e+01 1.452464258893e+00 -7.059306083982e+01
7.852000000000e+01  -4.848441508459e+00 -4.219616419388e+01 1.005491043404e+00 -7.049523992109e+01
7.853000000000e+01  -5.216318170726e+00 -4.223560869860e+01 5.610715853106e-01 -7.038872869778e+01
7.854000000000e+01  -5.585242099921e+00 -4.226685707375e+01 1.194039066555e-01 -7.027359301051e+01
7.855000000000e+01  -5.955024993929e+00 -4.228988250097e+01 -3.193155028566e-01 -7.014990331189e+01
7.856000000000e+01  -6.325478020535e+00 -4.230466243052e+01 -7.548917899126e-01 -7.001773462968e+01
7.857000000000e+01  -6.696411917561e+00 -4.231117859277e+01 -1.187131840723e+00 -6.987716652745e+01
7.858000000000e+01  -7.067637093296e+00 -4.230941700760e+01 -1.615844383177e+00 -6.972828306272e+01
7.859000000000e+01  -7.438963727152e+00 -4.229936799172e+01 -2.040840087969e+00 -6.957117274252e+01
7.860000000000e+01  -7.810201870491e+00 -4.228102616375e+01 -2.461931668637e+00 -6.940592847654e+01
7.861000000000e+01  -8.181161547587e+00 -4.225439044724e+01 -2.878933980460e+00 -6.923264752768e+01
7.862000000000e+01  -8.551652856647e+00 -4.221946407160e+01 -3.291664118173e+00 -6.905143146022e+01
7.863000000000e+01  -8.921486070855e+00 -4.217625457089e+01 -3.699941512434e+00 -6.886238608546e+01
7.864000000000e+01  -9.290471739372e+00 -4.212477378057e+01 -4.103588025000e+00 -6.866562140489e+01
7.865000000000e+01  -9.658420788249e+00 -4.206503783214e+01 -4.502428042567e+00 -6.846125155103e+01
7.866000000000e+01  -1.002514462118e+01 -4.199706714579e+01 -4.896288569213e+00 -6.824939472574e+01
7.867000000000e+01  -1.039045522005e+01 -4.192088642095e+01 -5.284999317423e+00 -6.803017313617e+01
7.868000000000e+01  -1.075416524524e+01 -4.183652462491e+01 -5.668392797615e+00 -6.780371292835e+01
7.869000000000e+01  -1.111608813558e+01 -4.174401497937e+01 -6.046304406160e+00 -6.757014411843e+01
7.870000000000e+01  -1.147603820794e+01 -4.164339494508e+01 -6.418572511831e+00 -6.732960052149e+01
7.871000000000e+01  -1.183383075641e+01 -4.153470620450e+01 -6.785038540646e+00 -6.708221967817e+01
7.872000000000e+01  -1.218928215094e+01 -4.141799464258e+01 -7.145547059069e+00 -6.682814277894e+01
7.873000000000e+01  -1.254220993545e+01 -4.129331032558e+01 -7.499945855530e+00 -6.656751458606e+01
7.874000000000e+01  -1.289243292532e+01 -4.116070747805e+01 -7.848086020230e+00 -6.630048335342e+01
7.875000000000e+01  -1.323977130425e+01 -4.102024445799e+01 -8.189822023190e+00 -6.602720074411e+01
7.876000000000e+01  -1.358404672031e+01 -4.087198373010e+01 -8.525011790520e+00 -6.574782174578e+01
7.877000000000e+01  -1.392508238125e+01 -4.071599183729e+01 -8.853516778877e+00 -6.546250458399e+01
7.878000000000e+01  -1.426270314895e+01 -4.055233937039e+01 -9.175202048071e+00 -6.517141063335e+01
7.879000000000e+01  -1.459673563296e+01 -4.038110093611e+01 -9.489936331809e+00 -6.487470432666e+01
7.880000000000e+01  -1.492700828301e+01 -4.020235512325e+01 -9.797592106534e+00 -6.457255306201e+01
7.881000000000e+01  -1.525335148058e+01 -4.001618446717e+01 -1.009804565835e+01 -6.426512710796e+01
7.882000000000e+01  -1.557559762929e+01 -3.982267541259e+01 -1.039117714798e+01 -6.395259950678e+01
7.883000000000e+01  -1.589358124417e+01 -3.962191827472e+01 -1.067687067381e+01 -6.363514597582e+01
7.884000000000e+01  -1.620713903971e+01 -3.941400719868e+01 -1.095501433287e+01 -6.331294480712e+01
7.885000000000e+01  -1.651611001663e+01 -3.919904011726e+01 -1.122550027983e+01 -6.298617676526e+01
7.886000000000e+01  -1.682033554730e+01 -3.897711870708e+01 -1.148822478403e+01 -6.265502498354e+01
7.887000000000e+01  -1.711965945985e+01 -3.874834834305e+01 -1.174308828436e+01 -6.231967485856e+01
7.888000000000e+01  -1.741392812071e+01 -3.851283805125e+01 -1.198999544218e+01 -6.198031394331e+01
7.889000000000e+01  -1.770299051575e+01 -3.827070046010e+01 -1.222885519200e+01 -6.163713183877e+01
7.890000000000e+01  -1.798669832986e+01 -3.802205174997e+01 -1.245958079028e+01 -6.129032008420e+01
7.891000000000e+01  -1.826490602487e+01 -3.776701160111e+01 -1.268208986186e+01 -6.094007204615e+01
7.892000000000e+01  -1.853747091590e+01 -3.750570313991e+01 -1.289630444445e+01 -6.058658280625e+01
7.893000000000e+01  -1.880425324600e+01 -3.723825288353e+01 -1.310215103085e+01 -6.023004904801e+01
7.894000000000e+01  -1.906511625901e+01 -3.696479068284e+01 -1.329956060899e+01 -5.987066894261e+01
7.895000000000e+01  -1.931992627075e+01 -3.668544966369e+01 -1.348846869983e+01 -5.950864203377e+01
7.896000000000e+01  -1.956855273831e+01 -3.640036616643e+01 -1.366881539295e+01 -5.914416912199e+01
7.897000000000e+01  -1.981086832759e+01 -3.610967968376e+01 -1.384054537993e+01 -5.877745214802e+01
7.898000000000e+01  -2.004674897893e+01 -3.581353279675e+01 -1.400360798546e+01 -5.840869407588e+01
7.899000000000e+01  -2.027607397086e+01 -3.551207110920e+01 -1.415795719609e+01 -5.803809877547e+01
7.900000000000e+01  -2.049872598201e+01 -3.520544318008e+01 -1.430355168670e+01 -5.766587090485e+01
7.901000000000e+01  -2.071459115101e+01 -3.489380045424e+01 -1.444035484455e+01 -5.729221579243e+01
7.902000000000e+01  -2.092355913457e+01 -3.457729719125e+01 -1.456833479096e+01 -5.691733931901e+01
7.903000000000e+01  -2.112552316352e+01 -3.425609039239e+01 -1.468746440053e+01 -5.654144780000e+01
7.904000000000e+01  -2.132038009698e+01 -3.393033972574e+01 -1.479772131789e+01 -5.616474786776e+01
7.905000000000e+01  -2.150803047461e+01 -3.360020744940e+01 -1.489908797195e+01 -5.578744635429e+01
7.906000000000e+01  -2.168837856682e+01 -3.326585833280e+01 -1.499155158758e+01 -5.540975017437e+01
7.907000000000e+01  -2.186133242318e+01 -3.292745957606e+01 -1.507510419470e+01 -5.503186620913e+01
7.908000000000e+01  -2.202680391883e+01 -3.258518072754e+01 -1.514974263479e+01 -5.465400119045e+01
7.909000000000e+01  -2.218470879895e+01 -3.223919359930e+01 -1.521546856469e+01 -5.427636158589e+01
7.910000000000e+01  -2.233496672142e+01 -3.188967218086e+01 -1.527228845770e+01 -5.389915348466e+01
7.911000000000e+01  -2.247750129752e+01 -3.153679255090e+01 -1.532021360197e+01 -5.352258248439e+01
7.912000000000e+01  -2.261224013076e+01 -3.118073278722e+01 -1.535926009610e+01 -5.314685357899e+01
7.913000000000e+01  -2.273911485385e+01 -3.082167287477e+01 -1.538944884198e+01 -5.277217104757e+01
7.914000000000e+01  -2.285806116382e+01 -3.045979461196e+01 -1.541080553478e+01 -5.239873834454e+01
7.915000000000e+01  -2.296901885529e+01 -3.009528151518e+01 -1.542336065005e+01 -5.202675799093e+01
7.916000000000e+01  -2.307193185189e+01 -2.972831872161e+01 -1.542714942802e+01 -5.165643146700e+01
7.917000000000e+01  -2.316674823591e+01 -2.935909289044e+01 -1.542221185501e+01 -5.128795910619e+01
7.918000000000e+01  -2.325342027601e+01 -2.898779210245e+01 -1.540859264188e+01 -5.092153999038e+01
7.919000000000e+01  -2.333190445322e+01 -2.861460575819e+01 -1.538634119966e+01 -5.055737184664e+01
7.920000000000e+01  -2.340216148507e+01 -2.823972447469e+01 -1.535551161224e+01 -5.019565094536e+01
7.921000000000e+01  -2.346415634788e+01 -2.786333998082e+01 -1.531616260616e+01 -4.983657199981e+01
7.922000000000e+01  -2.351785829722e+01 -2.748564501152e+01 -1.526835751756e+01 -4.948032806721e+01
7.923000000000e+01  -2.356324088656e+01 -2.710683320078e+01 -1.521216425622e+01 -4.912711045125e+01
7.924000000000e+01  -2.360028198398e+01 -2.672709897371e+01 -1.514765526680e+01 -4.877710860608e+01
7.925000000000e+01  -2.362896378710e+01 -2.634663743760e+01 -1.507490748723e+01 -4.843051004183e+01
7.926000000000e+01  -2.364927283600e+01 -2.596564427220e+01 -1.499400230437e+01 -4.808750023152e+01
7.927000000000e+01  -2.366120002435e+01 -2.558431561937e+01 -1.490502550689e+01 -4.774826251951e+01
7.928000000000e+01  -2.366474060844e+01 -2.520284797201e+01 -1.480806723548e+01 -4.741297803142e+01
7.929000000000e+01  -2.365989421439e+01 -2.482143806263e+01 -1.470322193041e+01 -4.708182558548e+01
7.930000000000e+01  -2.364666484322e+01 -2.444028275153e+01 -1.459058827652e+01 -4.675498160534e+01
7.931000000000e+01  -2.362506087399e+01 -2.405957891474e+01 -1.447026914564e+01 -4.643262003433e+01
7.932000000000e+01  -2.359509506478e+01 -2.367952333177e+01 -1.434237153656e+01 -4.611491225117e+01
7.933000000000e+01  -2.355678455167e+01 -2.330031257344e+01 -1.420700651261e+01 -4.580202698710e+01
7.934000000000e+01  -2.351015084554e+01 -2.292214288971e+01 -1.406428913684e+01 -4.549413024445e+01
7.935000000000e+01  -2.345521982665e+01 -2.254521009775e+01 -1.391433840499e+01 -4.519138521663e+01
7.936000000000e+01  -2.339202173716e+01 -2.216970947026e+01 -1.375727717621e+01 -4.489395220951e+01
7.937000000000e+01  -2.332059117130e+01 -2.179583562417e+01 -1.359323210165e+01 -4.460198856436e+01
7.938000000000e+01  -2.324096706339e+01 -2.142378240990e+01 -1.342233355098e+01 -4.431564858204e+01
7.939000000000e+01  -2.315319267350e+01 -2.105374280111e+01 -1.324471553696e+01 -4.403508344881e+01
7.940000000000e+01  -2.305731557090e+01 -2.068590878513e+01 -1.306051563799e+01 -4.376044116346e+01
7.941000000000e+01  -2.295338761508e+01 -2.032047125414e+01 -1.286987491892e+01 -4.349186646603e+01
7.942000000000e+01  -2.284146493456e+01 -1.995761989721e+01 -1.267293784997e+01 -4.322950076791e+01
7.943000000000e+01  -2.272160790326e+01 -1.959754309312e+01 -1.246985222404e+01 -4.297348208350e+01
7.944000000000e+01  -2.259388111451e+01 -1.924042780430e+01 -1.226076907225e+01 -4.272394496342e+01
7.945000000000e+01  -2.245835335275e+01 -1.888645947166e+01 -1.204584257804e+01 -4.248102042919e+01
7.946000000000e+01  -2.231509756277e+01 -1.853582191061e+01 -1.182522998964e+01 -4.224483590962e+01
7.947000000000e+01  -2.216419081662e+01 -1.818869720825e+01 -1.159909153114e+01 -4.201551517864e+01
7.948000000000e+01  -2.200571427815e+01 -1.784526562165e+01 -1.136759031221e+01 -4.179317829492e+01
7.949000000000e+01  -2.183975316514e+01 -1.750570547759e+01 -1.113089223641e+01 -4.157794154307e+01
7.950000000000e+01  -2.166639670910e+01 -1.717019307342e+01 -1.088916590830e+01 -4.136991737657e+01
7.951000000000e+01  -2.148573811267e+01 -1.683890257947e+01 -1.064258253934e+01 -4.116921436240e+01
7.952000000000e+01  -2.129787450475e+01 -1.651200594277e+01 -1.039131585262e+01 -4.097593712752e+01
7.953000000000e+01  -2.110290689324e+01 -1.618967279226e+01 -1.013554198651e+01 -4.079018630704e+01
7.954000000000e+01  -2.090094011553e+01 -1.587207034551e+01 -9.875439397275e+00 -4.061205849435e+01
7.955000000000e+01  -2.069208278667e+01 -1.555936331699e+01 -9.611188760705e+00 -4.044164619301e+01
7.956000000000e+01  -2.047644724536e+01 -1.525171382791e+01 -9.342972872830e+00 -4.027903777062e+01
7.957000000000e+01  -2.025414949763e+01 -1.494928131770e+01 -9.070976549734e+00 -4.012431741466e+01
7.958000000000e+01  -2.002530915841e+01 -1.465222245712e+01 -8.795386526564e+00 -3.997756509017e+01
7.959000000000e+01  -1.979004939089e+01 -1.436069106312e+01 -8.516391355754e+00 -3.983885649961e+01
7.960000000000e+01  -1.954849684381e+01 -1.407483801535e+01 -8.234181304531e+00 -3.970826304468e+01
7.961000000000e+01  -1.930078158661e+01 -1.379481117448e+01 -7.948948251737e+00 -3.958585179020e+01
7.962000000000e+01  -1.904703704260e+01 -1.352075530231e+01 -7.660885584034e+00 -3.947168543013e+01
7.963000000000e+01  -1.878739992008e+01 -1.325281198371e+01 -7.370188091527e+00 -3.936582225573e+01
7.964000000000e+01  -1.852201014156e+01 -1.299111955035e+01 -7.077051862853e+00 -3.926831612587e+01
7.965000000000e+01  -1.825101077103e+01 -1.273581300637e+01 -6.781674179802e+00 -3.917921643951e+01
7.966000000000e+01  -1.797454793934e+01 -1.248702395597e+01 -6.484253411490e+00 -3.909856811046e+01
7.967000000000e+01  -1.769277076784e+01 -1.224488053291e+01 -6.184988908156e+00 -3.902641154432e+01
7.968000000000e+01  -1.740583129021e+01 -1.200950733194e+01 -5.884080894621e+00 -3.896278261769e+01
7.969000000000e+01  -1.711388437254e+01 -1.178102534232e+01 -5.581730363456e+00 -3.890771265971e+01
7.970000000000e+01  -1.681708763180e+01 -1.155955188324e+01 -5.278138967908e+00 -3.886122843587e+01
7.971000000000e+01  -1.651560135268e+01 -1.134520054138e+01 -4.973508914639e+00 -3.882335213409e+01
7.972000000000e+01  -1.620958840284e+01 -1.113808111049e+01 -4.668042856314e+00 -3.879410135326e+01
7.973000000000e+01  -1.589921414666e+01 -1.093829953306e+01 -4.361943784095e+00 -3.877348909402e+01
7.974000000000e+01  -1.558464635757e+01 -1.074595784413e+01 -4.055414920093e+00 -3.876152375194e+01
7.975000000000e+01  -1.526605512894e+01 -1.056115411719e+01 -3.748659609814e+00 -3.875820911307e+01
7.976000000000e+01  -1.494361278366e+01 -1.038398241232e+01 -3.441881214660e+00 -3.876354435193e+01
7.977000000000e+01  -1.461749378234e+01 -1.021453272642e+01 -3.135283004532e+00 -3.877752403176e+01
7.978000000000e+01  -1.428787463043e+01 -1.005289094571e+01 -2.829068050576e+00 -3.880013810731e+01
7.979000000000e+01  -1.395493378403e+01 -9.899138800409e+00 -2.523439118134e+00 -3.883137192991e+01
7.980000000000e+01  -1.361885155462e+01 -9.753353821666e+00 -2.218598559942e+00 -3.887120625505e+01
7.981000000000e+01  -1.327981001276e+01 -9.615609300764e+00 -1.914748209624e+00 -3.891961725225e+01
7.982000000000e+01  -1.293799289074e+01 -9.485974250583e+00 -1.612089275541e+00 -3.897657651744e+01
7.983000000000e+01  -1.259358548430e+01 -9.364513369356e+00 -1.310822235028e+00 -3.904205108766e+01
7.984000000000e+01  -1.224677455346e+01 -9.251287006736e+00 -1.011146729094e+00 -3.911600345820e+01
7.985000000000e+01  -1.189774822254e+01 -9.146351132187e+00 -7.132614576080e-01 -3.919839160208e+01
7.986000000000e+01  -1.154669587933e+01 -9.049757305705e+00 -4.173640750431e-01 -3.928916899201e+01
7.987000000000e+01  -1.119380807366e+01 -8.961552650894e+00 -1.236510868157e-01 -3.938828462458e+01
7.988000000000e+01  -1.083927641522e+01 -8.881779830392e+00 1.676822537235e-01 -3.949568304694e+01
7.989000000000e+01  -1.048329347081e+01 -8.810477023684e+00 4.564420475996e-01 -3.961130438579e+01
7.990000000000e+01  -1.012605266106e+01 -8.747677907278e+00 7.424358517730e-01 -3.973508437866e+01
7.991000000000e+01  -9.767748156690e+00 -8.693411637281e+00 1.025472779900e+00 -3.986695440758e+01
7.992000000000e+01  -9.408574774274e+00 -8.647702834373e+00 1.305363602242e+00 -4.000684153501e+01
7.993000000000e+01  -9.048727871726e+00 -8.610571571173e+00 1.581920844680e+00 -4.015466854211e+01
7.994000000000e+01  -8.688403243431e+00 -8.582033362031e+00 1.854958886777e+00 -4.031035396922e+01
7.995000000000e+01  -8.327797015142e+00 -8.562099155214e+00 2.124294058843e+00 -4.047381215862e+01
7.996000000000e+01  -7.967105538698e+00 -8.550775327523e+00 2.389744737961e+00 -4.064495329955e+01
7.997000000000e+01  -7.606525286596e+00 -8.548063681320e+00 2.651131442908e+00 -4.082368347534e+01
7.998000000000e+01  -7.246252746512e+00 -8.553961443978e+00 2.908276927948e+00 -4.100990471285e+01
7.999000000000e+01  -6.886484315792e+00 -8.568461269746e+00 3.161006275422e+00 -4.120351503396e+01
8.000000000000e+01  -6.527416196002e+00 -8.591551244032e+00 3.409146987111e+00 -4.140440850923e+01
8.001000000000e+01  -6.169244287569e+00 -8.623214890102e+00 3.652529074316e+00 -4.161247531367e+01
8.002000000000e+01  -5.812164084595e+00 -8.663431178188e+00 3.890985146603e+00 -4.182760178459e+01
8.003000000000e+01  -5.456370569880e+00 -8.712174536998e+00 4.124350499183e+00 -4.204967048141e+01
8.004000000000e+01  -5.102058110225e+00 -8.769414867630e+00 4.352463198862e+00 -4.227856024760e+01
8.005000000000e+01  -4.749420352066e+00 -8.835117559874e+00 4.575164168542e+00 -4.251414627453e+01
8.006000000000e+01  -4.398650117495e+00 -8.909243510894e+00 4.792297270203e+00 -4.275630016726e+01
8.007000000000e+01  -4.049939300731e+00 -8.991749146290e+00 5.003709386341e+00 -4.300489001225e+01
8.008000000000e+01  -3.703478765084e+00 -9.082586443512e+00 5.209250499815e+00 -4.325978044696e+01
8.009000000000e+01  -3.359458240483e+00 -9.181702957627e+00 5.408773772061e+00 -4.352083273126e+01
8.010000000000e+01  -3.018066221612e+00 -9.289041849422e+00 5.602135619630e+00 -4.378790482065e+01
8.011000000000e+01  -2.679489866710e+00 -9.404541915827e+00 5.789195789014e+00 -4.406085144126e+01
8.012000000000e+01  -2.343914897098e+00 -9.528137622639e+00 5.969817429720e+00 -4.433952416653e+01
8.013000000000e+01  -2.011525497471e+00 -9.659759139533e+00 6.143867165556e+00 -4.462377149558e+01
8.014000000000e+01  -1.682504217027e+00 -9.799332377348e+00 6.311215164081e+00 -4.491343893325e+01
8.015000000000e+01  -1.357031871469e+00 -9.946779027616e+00 6.471735204201e+00 -4.520836907170e+01
8.016000000000e+01  -1.035287445947e+00 -1.010201660432e+01 6.625304741859e+00 -4.550840167357e+01
8.017000000000e+01  -7.174479989745e-01 -1.026495848785e+01 6.771804973794e+00 -4.581337375666e+01
8.018000000000e+01  -4.036885673930e-01 -1.043551397117e+01 6.911120899325e+00 -4.612311968002e+01
8.019000000000e+01  -9.418207241149e-02 -1.061358830810e+01 7.043141380151e+00 -4.643747123158e+01
8.020000000000e+01  2.109007732105e-01 -1.079908276379e+01 7.167759198099e+00 -4.675625771697e+01
8.021000000000e+01  5.113915567976e-01 -1.099189466721e+01 7.284871110827e+00 -4.707930604985e+01
8.022000000000e+01  8.071242561579e-01 -1.119191746583e+01 7.394377905425e+00 -4.740644084334e+01
8.023000000000e+01  1.097935328701e+00 -1.139904078228e+01 7.496184449899e+00 -4.773748450282e+01
8.024000000000e+01  1.383663799224e+00 -1.161315047303e+01 7.590199742513e+00 -4.807225731984e+01
8.025000000000e+01  1.664151346328e+00 -1.183412868909e+01 7.676336958946e+00 -4.841057756714e+01
8.026000000000e+01  1.939242387404e+00 -1.206185393865e+01 7.754513497265e+00 -4.875226159476e+01
8.027000000000e+01  2.208784162159e+00 -1.229620115165e+01 7.824651020664e+00 -4.909712392722e+01
8.028000000000e+01  2.472626814626e+00 -1.253704174625e+01 7.886675497962e+00 -4.944497736160e+01
8.029000000000e+01  2.730623473627e+00 -1.278424369711e+01 7.940517241841e+00 -4.979563306662e+01
8.030000000000e+01  2.982630331633e+00 -1.303767160557e+01 7.986110944783e+00 -5.014890068248e+01
8.031000000000e+01  3.228506721983e+00 -1.329718677155e+01 8.023395712719e+00 -5.050458842164e+01
8.032000000000e+01  3.468115194436e+00 -1.356264726717e+01 8.052315096334e+00 -5.086250317026e+01
8.033000000000e+01  3.701321588987e+00 -1.383390801220e+01 8.072817120051e+00 -5.122245059040e+01
8.034000000000e+01  3.927995107943e+00 -1.411082085104e+01 8.084854308644e+00 -5.158423522289e+01
8.035000000000e+01  4.148008386185e+00 -1.439323463139e+01 8.088383711486e+00 -5.194766059070e+01
8.036000000000e+01  4.361237559612e+00 -1.468099528448e+01 8.083366924419e+00 -5.231252930301e+01
8.037000000000e+01  4.567562331705e+00 -1.497394590690e+01 8.069770109215e+00 -5.267864315959e+01
8.038000000000e+01  4.766866038193e+00 -1.527192684384e+01 8.047564010646e+00 -5.304580325578e+01
8.039000000000e+01  4.959035709778e+00 -1.557477577385e+01 8.016723971128e+00 -5.341381008771e+01
8.040000000000e+01  5.143962132891e+00 -1.588232779501e+01 7.977229942951e+00 -5.378246365795e+01
8.041000000000e+01  5.321539908436e+00 -1.619441551238e+01 7.929066498070e+00 -5.415156358134e+01
8.042000000000e+01  5.491667508515e+00 -1.651086912692e+01 7.872222835467e+00 -5.452090919106e+01
8.043000000000e+01  5.654247331074e+00 -1.683151652550e+01 7.806692786075e+00 -5.489029964489e+01
8.044000000000e+01  5.809185752462e+00 -1.715618337230e+01 7.732474815254e+00 -5.525953403151e+01
8.045000000000e+01  5.956393177873e+00 -1.748469320130e+01 7.649572022830e+00 -5.562841147683e+01
8.046000000000e+01  6.095784089634e+00 -1.781686750987e+01 7.557992140683e+00 -5.599673125040e+01
8.047000000000e+01  6.227277093322e+00 -1.815252585351e+01 7.457747527901e+00 -5.636429287162e+01
8.048000000000e+01  6.350794961692e+00 -1.849148594158e+01 7.348855163490e+00 -5.673089621590e+01
8.049000000000e+01  6.466264676372e+00 -1.883356373400e+01 7.231336636641e+00 -5.709634162061e+01
8.050000000000e+01  6.573617467326e+00 -1.917857353889e+01 7.105218134575e+00 -5.746042999080e+01
8.051000000000e+01  6.672788850052e+00 -1.952632811108e+01 6.970530427960e+00 -5.782296290459e+01
8.052000000000e+01  6.763718660496e+00 -1.987663875144e+01 6.827308853907e+00 -5.818374271822e+01
8.053000000000e+01  6.846351087669e+00 -2.022931540696e+01 6.675593296558e+00 -5.854257267075e+01
8.054000000000e+01  6.920634703941e+00 -2.058416677161e+01 6.515428165278e+00 -5.889925698815e+01
8.055000000000e+01  6.986522493011e+00 -2.094100038775e+01 6.346862370455e+00 -5.925360098702e+01
8.056000000000e+01  7.043971875516e+00 -2.129962274828e+01 6.169949296931e+00 -5.960541117767e+01
8.057000000000e+01  7.092944732292e+00 -2.165983939925e+01 5.984746775067e+00 -5.995449536652e+01
8.058000000000e+01  7.133407425253e+00 -2.202145504301e+01 5.791317049463e+00 -6.030066275791e+01
8.059000000000e+01  7.165330815886e+00 -2.238427364177e+01 5.589726745349e+00 -6.064372405510e+01
8.060000000000e+01  7.188690281354e+00 -2.274809852164e+01 5.380046832670e+00 -6.098349156051e+01
8.061000000000e+01  7.203465728200e+00 -2.311273247689e+01 5.162352587868e+00 -6.131977927510e+01
8.062000000000e+01  7.209641603631e+00 -2.347797787455e+01 4.936723553398e+00 -6.165240299685e+01
8.063000000000e+01  7.207206904396e+00 -2.384363675927e+01 4.703243494993e+00 -6.198118041829e+01
8.064000000000e+01  7.196155183240e+00 -2.420951095828e+01 4.462000356696e+00 -6.230593122305e+01
8.065000000000e+01  7.176484552933e+00 -2.457540218648e+01 4.213086213694e+00 -6.262647718131e+01
8.066000000000e+01  7.148197687879e+00 -2.494111215165e+01 3.956597222961e+00 -6.294264224420e+01
8.067000000000e+01  7.111301823290e+00 -2.530644265960e+01 3.692633571761e+00 -6.325425263699e+01
8.068000000000e+01  7.065808751944e+00 -2.567119571925e+01 3.421299424011e+00 -6.356113695111e+01
8.069000000000e+01  7.011734818508e+00 -2.603517364768e+01 3.142702864555e+00 -6.386312623490e+01
8.070000000000e+01  6.949100911452e+00 -2.639817917497e+01 2.856955841363e+00 -6.416005408309e+01
8.071000000000e+01  6.877932452539e+00 -2.676001554879e+01 2.564174105694e+00 -6.445175672491e+01
8.072000000000e+01  6.798259383900e+00 -2.712048663878e+01 2.264477150256e+00 -6.473807311075e+01
8.073000000000e+01  6.710116152718e+00 -2.747939704055e+01 1.957988145383e+00 -6.501884499751e+01
8.074000000000e+01  6.613541693503e+00 -2.783655217930e+01 1.644833873280e+00 -6.529391703232e+01
8.075000000000e+01  6.508579407985e+00 -2.819175841307e+01 1.325144660362e+00 -6.556313683485e+01
8.076000000000e+01  6.395277142634e+00 -2.854482313534e+01 9.990543077166e-01 -6.582635507794e+01
8.077000000000e+01  6.273687163813e+00 -2.889555487728e+01 6.667000197445e-01 -6.608342556669e+01
8.078000000000e+01  6.143866130576e+00 -2.924376340921e+01 3.282223309955e-01 -6.633420531588e+01
8.079000000000e+01  6.005875065139e+00 -2.958925984155e+01 -1.623496874522e-02 -6.657855462563e+01
8.080000000000e+01  5.859779321021e+00 -2.993185672493e+01 -3.665249110886e-01 -6.681633715541e+01
8.081000000000e+01  5.705648548884e+00 -3.027136814966e+01 -7.224974273492e-01 -6.704741999620e+01
8.082000000000e+01  5.543556660090e+00 -3.060760984429e+01 -1.083999428486e+00 -6.727167374087e+01
8.083000000000e+01  5.373581787985e+00 -3.094039927334e+01 -1.450874886635e+00 -6.748897255269e+01
8.084000000000e+01  5.195806246938e+00 -3.126955573411e+01 -1.822964918189e+00 -6.769919423193e+01
8.085000000000e+01  5.010316489160e+00 -3.159490045250e+01 -2.200107868381e+00 -6.790222028061e+01
8.086000000000e+01  4.817203059315e+00 -3.191625667783e+01 -2.582139397331e+00 -6.809793596518e+01
8.087000000000e+01  4.616560546953e+00 -3.223344977655e+01 -2.968892567498e+00 -6.828623037729e+01
8.088000000000e+01  4.408487536795e+00 -3.254630732489e+01 -3.360197932504e+00 -6.846699649253e+01
8.089000000000e+01  4.193086556880e+00 -3.285465920026e+01 -3.755883627280e+00 -6.864013122703e+01
8.090000000000e+01  3.970464024628e+00 -3.315833767149e+01 -4.155775459475e+00 -6.880553549208e+01
8.091000000000e+01  3.740730190814e+00 -3.345717748776e+01 -4.559697002095e+00 -6.896311424661e+01
8.092000000000e+01  3.503999081513e+00 -3.375101596624e+01 -4.967469687312e+00 -6.911277654743e+01
8.093000000000e+01  3.260388438024e+00 -3.403969307836e+01 -5.378912901401e+00 -6.925443559746e+01
8.094000000000e+01  3.010019654827e+00 -3.432305153468e+01 -5.793844080740e+00 -6.938800879161e+01
8.095000000000e+01  2.753017715571e+00 -3.460093686826e+01 -6.212078808844e+00 -6.951341776056e+01
8.096000000000e+01  2.489511127175e+00 -3.487319751662e+01 -6.633430914361e+00 -6.963058841226e+01
8.097000000000e+01  2.219631852025e+00 -3.513968490206e+01 -7.057712569986e+00 -6.973945097109e+01
8.098000000000e+01  1.943515238344e+00 -3.540025351047e+01 -7.484734392247e+00 -6.983994001487e+01
8.099000000000e+01  1.661299948747e+00 -3.565476096845e+01 -7.914305542092e+00 -6.993199450947e+01
8.100000000000e+01  1.373127887027e+00 -3.590306811887e+01 -8.346233826243e+00 -7.001555784113e+01
8.101000000000e+01  1.079144123216e+00 -3.614503909457e+01 -8.780325799251e+00 -7.009057784641e+01
8.102000000000e+01  7.794968169459e-01 -3.638054139043e+01 -9.216386866199e+00 -7.015700683985e+01
8.103000000000e+01  4.743371391591e-01 -3.660944593363e+01 -9.654221386001e+00 -7.021480163922e+01
8.104000000000e+01  1.638191922149e-01 -3.683162715207e+01 -1.009363277524e+01 -7.026392358835e+01
8.105000000000e+01  -1.519000715798e-01 -3.704696304089e+01 -1.053442361250e+01 -7.030433857763e+01
8.106000000000e+01  -4.726609329633e-01 -3.725533522724e+01 -1.097639574310e+01 -7.033601706211e+01
8.107000000000e+01  -7.983009901944e-01 -3.745662903292e+01 -1.141935038422e+01 -7.035893407709e+01
8.108000000000e+01  -1.128655244966e+00 -3.765073353524e+01 -1.186308823037e+01 -7.037306925139e+01
8.109000000000e+01  -1.463556189714e+00 -3.783754162574e+01 -1.230740955903e+01 -7.037840681817e+01
8.110000000000e+01  -1.802833896268e+00 -3.801695006702e+01 -1.275211433662e+01 -7.037493562325e+01
8.111000000000e+01  -2.146316105813e+00 -3.818885954739e+01 -1.319700232448e+01 -7.036264913108e+01
8.112000000000e+01  -2.493828320094e+00 -3.835317473350e+01 -1.364187318508e+01 -7.034154542823e+01
8.113000000000e+01  -2.845193893838e+00 -3.850980432086e+01 -1.408652658813e+01 -7.031162722438e+01
8.114000000000e+01  -3.200234128322e+00 -3.865866108219e+01 -1.453076231675e+01 -7.027290185097e+01
8.115000000000e+01  -3.558768366060e+00 -3.879966191360e+01 -1.497438037354e+01 -7.022538125736e+01
8.116000000000e+01  -3.920614086545e+00 -3.893272787865e+01 -1.541718108652e+01 -7.016908200451e+01
8.117000000000e+01  -4.285587003000e+00 -3.905778425006e+01 -1.585896521482e+01 -7.010402525627e+01
8.118000000000e+01  -4.653501160089e+00 -3.917476054933e+01 -1.629953405422e+01 -7.003023676825e+01
8.119000000000e+01  -5.024169032535e+00 -3.928359058401e+01 -1.673868954228e+01 -6.994774687422e+01
8.120000000000e+01  -5.397401624588e+00 -3.938421248268e+01 -1.717623436316e+01 -6.985659047010e+01
8.121000000000e+01  -5.773008570312e+00 -3.947656872773e+01 -1.761197205206e+01 -6.975680699560e+01
8.122000000000e+01  -6.150798234602e+00 -3.956060618572e+01 -1.804570709905e+01 -6.964844041335e+01
8.123000000000e+01  -6.530577814918e+00 -3.963627613546e+01 -1.847724505253e+01 -6.953153918575e+01
8.124000000000e+01  -6.912153443653e+00 -3.970353429373e+01 -1.890639262199e+01 -6.940615624939e+01
8.125000000000e+01  -7.295330291095e+00 -3.976234083864e+01 -1.933295778018e+01 -6.927234898707e+01
8.126000000000e+01  -7.679912668923e+00 -3.981266043064e+01 -1.975674986454e+01 -6.913017919761e+01
8.127000000000e+01  -8.065704134197e+00 -3.985446223111e+01 -2.017757967796e+01 -6.897971306316e+01
8.128000000000e+01  -8.452507593759e+00 -3.988771991856e+01 -2.059525958863e+01 -6.882102111428e+01
8.129000000000e+01  -8.840125409024e+00 -3.991241170245e+01 -2.100960362910e+01 -6.865417819278e+01
8.130000000000e+01  -9.228359501075e+00 -3.992852033461e+01 -2.142042759445e+01 -6.847926341215e+01
8.131000000000e+01  -9.617011456031e+00 -3.993603311817e+01 -2.182754913941e+01 -6.829636011587e+01
8.132000000000e+01  -1.000588263062e+01 -3.993494191415e+01 -2.223078787454e+01 -6.810555583339e+01
8.133000000000e+01  -1.039477425790e+01 -3.992524314557e+01 -2.262996546130e+01 -6.790694223397e+01
8.134000000000e+01  -1.078348755309e+01 -3.990693779919e+01 -2.302490570604e+01 -6.770061507830e+01
8.135000000000e+01  -1.117182381940e+01 -3.988003142475e+01 -2.341543465281e+01 -6.748667416797e+01
8.136000000000e+01  -1.155958455390e+01 -3.984453413180e+01 -2.380138067490e+01 -6.726522329281e+01
8.137000000000e+01  -1.194657155331e+01 -3.980046058419e+01 -2.418257456524e+01 -6.703637017613e+01
8.138000000000e+01  -1.233258701958e+01 -3.974782999198e+01 -2.455884962532e+01 -6.680022641790e+01
8.139000000000e+01  -1.271743366543e+01 -3.968666610106e+01 -2.493004175290e+01 -6.655690743586e+01
8.140000000000e+01  -1.310091481950e+01 -3.961699718030e+01 -2.529598952825e+01 -6.630653240462e+01
8.141000000000e+01  -1.348283453132e+01 -3.953885600630e+01 -2.565653429890e+01 -6.604922419281e+01
8.142000000000e+01  -1.386299767584e+01 -3.945227984573e+01 -2.601152026298e+01 -6.578510929825e+01
8.143000000000e+01  -1.424121005763e+01 -3.935731043531e+01 -2.636079455096e+01 -6.551431778125e+01
8.144000000000e+01  -1.461727851455e+01 -3.925399395938e+01 -2.670420730581e+01 -6.523698319597e+01
8.145000000000e+01  -1.499101102093e+01 -3.914238102512e+01 -2.704161176160e+01 -6.495324251997e+01
8.146000000000e+01  -1.536221679020e+01 -3.902252663540e+01 -2.737286432031e+01 -6.466323608200e+01
8.147000000000e+01  -1.573070637679e+01 -3.889449015931e+01 -2.769782462709e+01 -6.436710748796e+01
8.148000000000e+01  -1.609629177750e+01 -3.875833530036e+01 -2.801635564365e+01 -6.406500354514e+01
8.149000000000e+01  -1.645878653195e+01 -3.861413006235e+01 -2.832832371994e+01 -6.375707418483e+01
8.150000000000e+01  -1.681800582241e+01 -3.846194671301e+01 -2.863359866400e+01 -6.344347238319e+01
8.151000000000e+01  -1.717376657260e+01 -3.830186174532e+01 -2.893205380994e+01 -6.312435408064e+01
8.152000000000e+01  -1.752588754576e+01 -3.813395583656e+01 -2.922356608407e+01 -6.279987809954e+01
8.153000000000e+01  -1.787418944160e+01 -3.795831380525e+01 -2.950801606908e+01 -6.247020606047e+01
8.154000000000e+01  -1.821849499236e+01 -3.777502456574e+01 -2.978528806627e+01 -6.213550229698e+01
8.155000000000e+01  -1.855862905774e+01 -3.758418108076e+01 -3.005527015582e+01 -6.179593376890e+01
8.156000000000e+01  -1.889441871869e+01 -3.738588031170e+01 -3.031785425506e+01 -6.145166997432e+01
8.157000000000e+01  -1.922569337010e+01 -3.718022316687e+01 -3.057293617468e+01 -6.110288286015e+01
8.158000000000e+01  -1.955228481219e+01 -3.696731444759e+01 -3.082041567285e+01 -6.074974673142e+01
8.159000000000e+01  -1.987402734069e+01 -3.674726279225e+01 -3.106019650732e+01 -6.039243815938e+01
8.160000000000e+01  -2.019075783559e+01 -3.652018061834e+01 -3.129218648536e+01 -6.003113588834e+01
8.161000000000e+01  -2.050231584865e+01 -3.628618406245e+01 -3.151629751158e+01 -5.966602074135e+01
8.162000000000e+01  -2.080854368936e+01 -3.604539291834e+01 -3.173244563358e+01 -5.929727552483e+01
8.163000000000e+01  -2.110928650946e+01 -3.579793057300e+01 -3.194055108541e+01 -5.892508493214e+01
8.164000000000e+01  -2.140439238598e+01 -3.554392394093e+01 -3.214053832892e+01 -5.854963544607e+01
8.165000000000e+01  -2.169371240261e+01 -3.528350339642e+01 -3.233233609274e+01 -5.817111524050e+01
8.166000000000e+01  -2.197710072952e+01 -3.501680270411e+01 -3.251587740921e+01 -5.778971408107e+01
8.167000000000e+01  -2.225441470151e+01 -3.474395894769e+01 -3.269109964892e+01 -5.740562322498e+01
8.168000000000e+01  -2.252551489435e+01 -3.446511245688e+01 -3.285794455304e+01 -5.701903532013e+01
8.169000000000e+01  -2.279026519948e+01 -3.418040673273e+01 -3.301635826345e+01 -5.663014430331e+01
8.170000000000e+01  -2.304853289685e+01 -3.388998837116e+01 -3.316629135045e+01 -5.623914529789e+01
8.171000000000e+01  -2.330018872586e+01 -3.359400698497e+01 -3.330769883828e+01 -5.584623451074e+01
8.172000000000e+01  -2.354510695451e+01 -3.329261512421e+01 -3.344054022834e+01 -5.545160912860e+01
8.173000000000e+01  -2.378316544653e+01 -3.298596819503e+01 -3.356477952003e+01 -5.505546721396e+01
8.174000000000e+01  -2.401424572659e+01 -3.267422437703e+01 -3.368038522930e+01 -5.465800760038e+01
8.175000000000e+01  -2.423823304346e+01 -3.235754453912e+01 -3.378733040496e+01 -5.425942978742e+01
8.176000000000e+01  -2.445501643115e+01 -3.203609215405e+01 -3.388559264253e+01 -5.385993383524e+01
8.177000000000e+01  -2.466448876795e+01 -3.171003321153e+01 -3.397515409587e+01 -5.345972025882e+01
8.178000000000e+01  -2.486654683335e+01 -3.137953613003e+01 -3.405600148640e+01 -5.305898992194e+01
8.179000000000e+01  -2.506109136281e+01 -3.104477166733e+01 -3.412812611007e+01 -5.265794393095e+01
8.180000000000e+01  -2.524802710034e+01 -3.070591282989e+01 -3.419152384191e+01 -5.225678352841e+01
8.181000000000e+01  -2.542726284886e+01 -3.036313478096e+01 -3.424619513828e+01 -5.185570998661e+01
8.182000000000e+01  -2.559871151832e+01 -3.001661474771e+01 -3.429214503683e+01 -5.145492450105e+01
8.183000000000e+01  -2.576229017154e+01 -2.966653192712e+01 -3.432938315407e+01 -5.105462808391e+01
8.184000000000e+01  -2.591792006777e+01 -2.931306739102e+01 -3.435792368061e+01 -5.065502145771e+01
8.185000000000e+01  -2.606552670390e+01 -2.895640399006e+01 -3.437778537415e+01 -5.025630494889e+01
8.186000000000e+01  -2.620503985334e+01 -2.859672625679e+01 -3.438899155007e+01 -4.985867838178e+01
8.187000000000e+01  -2.633639360251e+01 -2.823422030788e+01 -3.439157006970e+01 -4.946234097268e+01
8.188000000000e+01  -2.645952638502e+01 -2.786907374553e+01 -3.438555332638e+01 -4.906749122429e+01
8.189000000000e+01  -2.657438101333e+01 -2.750147555814e+01 -3.437097822910e+01 -4.867432682043e+01
8.190000000000e+01  -2.668090470811e+01 -2.713161602020e+01 -3.434788618391e+01 -4.828304452130e+01
8.191000000000e+01  -2.677904912511e+01 -2.675968659162e+01 -3.431632307301e+01 -4.789384005900e+01
8.192000000001e+01  -2.686877037957e+01 -2.638587981638e+01 -3.427633923157e+01 -4.750690803379e+01
8.193000000001e+01  -2.695002906826e+01 -2.601038922071e+01 -3.422798942230e+01 -4.712244181075e+01
8.194000000001e+01  -2.702279028894e+01 -2.563340921068e+01 -3.417133280769e+01 -4.674063341715e+01
8.195000000001e+01  -2.708702365753e+01 -2.525513496940e+01 -3.410643292008e+01 -4.636167344051e+01
8.196000000001e+01  -2.714270332263e+01 -2.487576235387e+01 -3.403335762941e+01 -4.598575092738e+01
8.197000000001e+01  -2.718980797769e+01 -2.449548779140e+01 -3.395217910880e+01 -4.561305328290e+01
8.198000000001e+01  -2.722832087066e+01 -2.411450817581e+01 -3.386297379787e+01 -4.524376617123e+01
8.199000000001e+01  -2.725822981123e+01 -2.373302076342e+01 -3.376582236385e+01 -4.487807341692e+01
8.200000000001e+01  -2.727952717550e+01 -2.335122306879e+01 -3.366080966057e+01 -4.451615690716e+01
8.201000000001e+01  -2.729220990833e+01 -2.296931276041e+01 -3.354802468511e+01 -4.415819649509e+01
8.202000000001e+01  -2.729627952309e+01 -2.258748755629e+01 -3.342756053251e+01 -4.380436990419e+01
8.203000000001e+01  -2.729174209911e+01 -2.220594511953e+01 -3.329951434812e+01 -4.345485263373e+01
8.204000000001e+01  -2.727860827655e+01 -2.182488295394e+01 -3.316398727793e+01 -4.310981786544e+01
8.205000000001e+01  -2.725689324900e+01 -2.144449829976e+01 -3.302108441679e+01 -4.276943637141e+01
8.206000000001e+01  -2.722661675351e+01 -2.106498802950e+01 -3.287091475452e+01 -4.243387642317e+01
8.207000000001e+01  -2.718780305835e+01 -2.068654854403e+01 -3.271359111988e+01 -4.210330370221e+01
8.208000000001e+01  -2.714048094833e+01 -2.030937566885e+01 -3.254923012262e+01 -4.177788121179e+01
8.209000000001e+01  -2.708468370773e+01 -1.993366455072e+01 -3.237795209340e+01 -4.145776919020e+01
8.210000000001e+01  -2.702044910092e+01 -1.955960955463e+01 -3.219988102172e+01 -4.114312502548e+01
8.211000000001e+01  -2.694781935064e+01 -1.918740416118e+01 -3.201514449194e+01 -4.083410317165e+01
8.212000000001e+01  -2.686684111393e+01 -1.881724086445e+01 -3.182387361721e+01 -4.053085506649e+01
8.213000000001e+01  -2.677756545584e+01 -1.844931107032e+01 -3.162620297164e+01 -4.023352905097e+01
8.214000000001e+01  -2.668004782075e+01 -1.808380499547e+01 -3.142227052045e+01 -3.994227029026e+01
8.215000000001e+01  -2.657434800156e+01 -1.772091156685e+01 -3.121221754833e+01 -3.965722069650e+01
8.216000000001e+01  -2.646053010657e+01 -1.736081832198e+01 -3.099618858588e+01 -3.937851885324e+01
8.217000000001e+01  -2.633866252416e+01 -1.700371130986e+01 -3.077433133439e+01 -3.910629994172e+01
8.218000000001e+01  -2.620881788530e+01 -1.664977499272e+01 -3.054679658872e+01 -3.884069566889e+01
8.219000000001e+01  -2.607107302394e+01 -1.629919214857e+01 -3.031373815852e+01 -3.858183419739e+01
8.220000000001e+01  -2.592550893515e+01 -1.595214377461e+01 -3.007531278777e+01 -3.832984007731e+01
8.221000000001e+01  -2.577221073125e+01 -1.560880899164e+01 -2.983168007266e+01 -3.808483417994e+01
8.222000000001e+01  -2.561126759583e+01 -1.526936494936e+01 -2.958300237783e+01 -3.784693363351e+01
8.223000000001e+01  -2.544277273565e+01 -1.493398673273e+01 -2.932944475110e+01 -3.761625176084e+01
8.224000000001e+01  -2.526682333063e+01 -1.460284726947e+01 -2.907117483667e+01 -3.739289801914e+01
8.225000000001e+01  -2.508352048167e+01 -1.427611723859e+01 -2.880836278679e+01 -3.717697794175e+01
8.226000000001e+01  -2.489296915665e+01 -1.395396498011e+01 -2.854118117208e+01 -3.696859308212e+01
8.227000000001e+01  -2.469527813435e+01 -1.363655640612e+01 -2.826980489043e+01 -3.676784095975e+01
8.228000000001e+01  -2.449055994655e+01 -1.332405491292e+01 -2.799441107458e+01 -3.657481500844e+01
8.229000000001e+01  -2.427893081813e+01 -1.301662129464e+01 -2.771517899838e+01 -3.638960452664e+01
8.230000000001e+01  -2.406051060544e+01 -1.271441365812e+01 -2.743228998192e+01 -3.621229462999e+01
8.231000000001e+01  -2.383542273270e+01 -1.241758733925e+01 -2.714592729537e+01 -3.604296620616e+01
8.232000000001e+01  -2.360379412668e+01 -1.212629482077e+01 -2.685627606176e+01 -3.588169587188e+01
8.233000000001e+01  -2.336575514960e+01 -1.184068565151e+01 -2.656352315874e+01 -3.572855593234e+01
8.234000000001e+01  -2.312143953027e+01 -1.156090636721e+01 -2.626785711918e+01 -3.558361434275e+01
8.235000000001e+01  -2.287098429352e+01 -1.128710041293e+01 -2.596946803098e+01 -3.544693467235e+01
8.236000000001e+01  -2.261452968800e+01 -1.101940806708e+01 -2.566854743589e+01 -3.531857607068e+01
8.237000000001e+01  -2.235221911229e+01 -1.075796636708e+01 -2.536528822749e+01 -3.519859323627e+01
8.238000000001e+01  -2.208419903943e+01 -1.050290903679e+01 -2.505988454844e+01 -3.508703638761e+01
8.239000000001e+01  -2.181061893992e+01 -1.025436641559e+01 -2.475253168695e+01 -3.498395123658e+01
8.240000000001e+01  -2.153163120309e+01 -1.001246538938e+01 -2.444342597260e+01 -3.488937896427e+01
8.241000000001e+01  -2.124739105707e+01 -9.777329323254e+00 -2.413276467160e+01 -3.480335619918e+01
8.242000000001e+01  -2.095805648728e+01 -9.549077996130e+00 -2.382074588143e+01 -3.472591499785e+01
8.243000000001e+01  -2.066378815346e+01 -9.327827537235e+00 -2.350756842509e+01 -3.465708282795e+01
8.244000000001e+01  -2.036474930541e+01 -9.113690364528e+00 -2.319343174479e+01 -3.459688255375e+01
8.245000000001e+01  -2.006110569726e+01 -8.906775125068e+00 -2.287853579547e+01 -3.454533242412e+01
8.246000000001e+01  -1.975302550057e+01 -8.707186637394e+00 -2.256308093780e+01 -3.450244606289e+01
8.247000000001e+01  -1.944067921612e+01 -8.515025835918e+00 -2.224726783113e+01 -3.446823246175e+01
8.248000000001e+01  -1.912423958448e+01 -8.330389717371e+00 -2.193129732613e+01 -3.444269597554e+01
8.249000000001e+01  -1.880388149542e+01 -8.153371289339e+00 -2.161537035738e+01 -3.442583632002e+01
8.250000000001e+01  -1.847978189620e+01 -7.984059520903e+00 -2.129968783590e+01 -3.441764857217e+01
8.251000000001e+01  -1.815211969877e+01 -7.822539295425e+00 -2.098445054160e+01 -3.441812317280e+01
8.252000000001e+01  -1.782107568597e+01 -7.668891365490e+00 -2.066985901594e+01 -3.442724593180e+01
8.253000000001e+01  -1.748683241667e+01 -7.523192310041e+00 -2.035611345458e+01 -3.444499803569e+01
8.254000000001e+01  -1.714957413003e+01 -7.385514493722e+00 -2.004341360026e+01 -3.447135605772e+01
8.255000000001e+01  -1.680948664884e+01 -7.255926028458e+00 -1.973195863596e+01 -3.450629197034e+01
8.256000000001e+01  -1.646675728205e+01 -7.134490737285e+00 -1.942194707831e+01 -3.454977316022e+01
8.257000000001e+01  -1.612157472644e+01 -7.021268120460e+00 -1.911357667141e+01 -3.460176244553e+01
8.258000000001e+01  -1.577412896757e+01 -6.916313323855e+00 -1.880704428098e+01 -3.466221809582e+01
8.259000000001e+01  -1.542461118010e+01 -6.819677109668e+00 -1.850254578914e+01 -3.473109385417e+01
8.260000000001e+01  -1.507321362732e+01 -6.731405829457e+00 -1.820027598957e+01 -3.480833896181e+01
8.261000000001e+01  -1.472012956026e+01 -6.651541399510e+00 -1.790042848339e+01 -3.489389818510e+01
8.262000000001e+01  -1.436555311610e+01 -6.580121278573e+00 -1.760319557559e+01 -3.498771184489e+01
8.263000000001e+01  -1.400967921616e+01 -6.517178447943e+00 -1.730876817223e+01 -3.508971584820e+01
8.264000000001e+01  -1.365270346350e+01 -6.462741393934e+00 -1.701733567843e+01 -3.519984172231e+01
8.265000000001e+01  -1.329482204002e+01 -6.416834092731e+00 -1.672908589707e+01 -3.531801665104e+01
8.266000000001e+01  -1.293623160334e+01 -6.379475997639e+00 -1.644420492848e+01 -3.544416351349e+01
8.267000000001e+01  -1.257712918332e+01 -6.350682028727e+00 -1.616287707102e+01 -3.557820092490e+01
8.268000000001e+01  -1.221771207840e+01 -6.330462564888e+00 -1.588528472257e+01 -3.572004327989e+01
8.269000000001e+01  -1.185817775176e+01 -6.318823438298e+00 -1.561160828320e+01 -3.586960079784e+01
8.270000000001e+01  -1.149872372737e+01 -6.315765931299e+00 -1.534202605878e+01 -3.602677957057e+01
8.271000000001e+01  -1.113954748595e+01 -6.321286775695e+00 -1.507671416584e+01 -3.619148161209e+01
8.272000000001e+01  -1.078084636097e+01 -6.335378154456e+00 -1.481584643751e+01 -3.636360491061e+01
8.273000000001e+01  -1.042281743465e+01 -6.358027705848e+00 -1.455959433085e+01 -3.654304348263e+01
8.274000000001e+01  -1.006565743414e+01 -6.389218529971e+00 -1.430812683531e+01 -3.672968742912e+01
8.275000000001e+01  -9.709562627725e+00 -6.428929197705e+00 -1.406161038260e+01 -3.692342299379e+01
8.276000000001e+01  -9.354728721408e+00 -6.477133762064e+00 -1.382020875798e+01 -3.712413262345e+01
8.277000000001e+01  -9.001350755633e+00 -6.533801771944e+00 -1.358408301292e+01 -3.733169503023e+01
8.278000000001e+01  -8.649623002395e+00 -6.598898288271e+00 -1.335339137928e+01 -3.754598525595e+01
8.279000000001e+01  -8.299738862708e+00 -6.672383902522e+00 -1.312828918493e+01 -3.776687473831e+01
8.280000000001e+01  -7.951890764512e+00 -6.754214757622e+00 -1.290892877110e+01 -3.799423137903e+01
8.281000000001e+01  -7.606270061068e+00 -6.844342571210e+00 -1.269545941117e+01 -3.822791961387e+01
8.282000000001e+01  -7.263066929889e+00 -6.942714661244e+00 -1.248802723121e+01 -3.846780048444e+01
8.283000000001e+01  -6.922470272269e+00 -7.049273973948e+00 -1.228677513218e+01 -3.871373171186e+01
8.284000000001e+01  -6.584667613471e+00 -7.163959114078e+00 -1.209184271390e+01 -3.896556777213e+01
8.285000000001e+01  -6.249845003599e+00 -7.286704377495e+00 -1.190336620075e+01 -3.922315997323e+01
8.286000000001e+01  -5.918186919242e+00 -7.417439786022e+00 -1.172147836923e+01 -3.948635653390e+01
8.287000000001e+01  -5.589876165921e+00 -7.556091124576e+00 -1.154630847732e+01 -3.975500266404e+01
8.288000000001e+01  -5.265093781395e+00 -7.702579980540e+00 -1.137798219578e+01 -4.002894064674e+01
8.289000000001e+01  -4.944018939879e+00 -7.856823785375e+00 -1.121662154136e+01 -4.030800992179e+01
8.290000000001e+01  -4.626828857234e+00 -8.018735858428e+00 -1.106234481195e+01 -4.059204717074e+01
8.291000000001e+01  -4.313698697157e+00 -8.188225452929e+00 -1.091526652375e+01 -4.088088640344e+01
8.292000000001e+01  -4.004801478454e+00 -8.365197804146e+00 -1.077549735043e+01 -4.117435904588e+01
8.293000000001e+01  -3.700307983412e+00 -8.549554179670e+00 -1.064314406441e+01 -4.147229402958e+01
8.294000000001e+01  -3.400386667341e+00 -8.741191931810e+00 -1.051830948017e+01 -4.177451788211e+01
8.295000000001e+01  -3.105203569336e+00 -8.940004552062e+00 -1.040109239970e+01 -4.208085481898e+01
8.296000000001e+01  -2.814922224283e+00 -9.145881727634e+00 -1.029158756011e+01 -4.239112683676e+01
8.297000000001e+01  -2.529703576188e+00 -9.358709399986e+00 -1.018988558336e+01 -4.270515380734e+01
8.298000000001e+01  -2.249705892853e+00 -9.578369825356e+00 -1.009607292831e+01 -4.302275357329e+01
8.299000000001e+01  -1.975084681949e+00 -9.804741637251e+00 -1.001023184480e+01 -4.334374204437e+01
8.300000000001e+01  -1.705992608542e+00 -1.003769991085e+01 -9.932440330211e+00 -4.366793329496e+01
8.301000000001e+01  -1.442579414104e+00 -1.027711622931e+01 -9.862772088083e+00 -4.399513966254e+01
8.302000000001e+01  -1.184991837051e+00 -1.052285875190e+01 -9.801296489174e+00 -4.432517184707e+01
8.303000000001e+01  -9.333735348673e-01 -1.077479228399e+01 -9.748078534757e+00 -4.465783901120e+01
8.304000000001e+01  -6.878650078398e-01 -1.103277834881e+01 -9.703178822273e+00 -4.499294888133e+01
8.305000000001e+01  -4.486035244501e-01 -1.129667526090e+01 -9.666653513325e+00 -4.533030784939e+01
8.306000000001e+01  -2.157230484678e-01 -1.156633820135e+01 -9.638554304045e+00 -4.566972107538e+01
8.307000000001e+01  1.064583222149e-02 -1.184161929462e+01 -9.618928397830e+00 -4.601099259050e+01
8.308000000001e+01  2.303759750116e-01 -1.212236768706e+01 -9.607818480486e+00 -4.635392540091e+01
8.309000000001e+01  4.433437501598e-01 -1.240842962695e+01 -9.605262697766e+00 -4.669832159203e+01
8.310000000001e+01  6.494291065213e-01 -1.269964854612e+01 -9.611294635341e+00 -4.704398243332e+01
8.311000000001e+01  8.485156354000e-01 -1.299586514303e+01 -9.625943301184e+00 -4.739070848344e+01
8.312000000001e+01  1.040490632482e+00 -1.329691746730e+01 -9.649233110407e+00 -4.773829969591e+01
8.313000000001e+01  1.225245157815e+00 -1.360264100574e+01 -9.681183872532e+00 -4.808655552494e+01
8.314000000001e+01  1.402674093810e+00 -1.391286876957e+01 -9.721810781221e+00 -4.843527503161e+01
8.315000000001e+01  1.572676201219e+00 -1.422743138313e+01 -9.771124406461e+00 -4.878425699025e+01
8.316000000001e+01  1.735154173079e+00 -1.454615717375e+01 -9.829130689209e+00 -4.913329999495e+01
8.317000000001e+01  1.890014686575e+00 -1.486887226283e+01 -9.895830938499e+00 -4.948220256614e+01
8.318000000001e+01  2.037168452804e+00 -1.519540065823e+01 -9.971221831019e+00 -4.983076325726e+01
8.319000000001e+01  2.176530264411e+00 -1.552556434756e+01 -1.005529541315e+01 -5.017878076138e+01
8.320000000001e+01  2.308019041073e+00 -1.585918339278e+01 -1.014803910546e+01 -5.052605401775e+01
8.321000000001e+01  2.431557872803e+00 -1.619607602564e+01 -1.024943570967e+01 -5.087238231818e+01
8.322000000001e+01  2.547074061057e+00 -1.653605874419e+01 -1.035946341810e+01 -5.121756541330e+01
8.323000000001e+01  2.654499157611e+00 -1.687894641018e+01 -1.047809582547e+01 -5.156140361852e+01
8.324000000001e+01  2.753769001203e+00 -1.722455234733e+01 -1.060530194331e+01 -5.190369791971e+01
8.325000000001e+01  2.844823751905e+00 -1.757268844046e+01 -1.074104621661e+01 -5.224425007853e+01
8.326000000001e+01  2.927607923217e+00 -1.792316523527e+01 -1.088528854311e+01 -5.258286273728e+01
8.327000000001e+01  3.002070411863e+00 -1.827579203901e+01 -1.103798429479e+01 -5.291933952339e+01
8.328000000001e+01  3.068164525267e+00 -1.863037702162e+01 -1.119908434198e+01 -5.325348515333e+01
8.329000000001e+01  3.125848006704e+00 -1.898672731763e+01 -1.136853507966e+01 -5.358510553588e+01
8.330000000001e+01  3.175083058111e+00 -1.934464912852e+01 -1.154627845633e+01 -5.391400787488e+01
8.331000000001e+01  3.215836360534e+00 -1.970394782559e+01 -1.173225200507e+01 -5.424000077121e+01
8.332000000001e+01  3.248079092219e+00 -2.006442805335e+01 -1.192638887711e+01 -5.456289432406e+01
8.333000000001e+01  3.271786944319e+00 -2.042589383315e+01 -1.212861787756e+01 -5.488250023138e+01
8.334000000001e+01  3.286940134225e+00 -2.078814866730e+01 -1.233886350365e+01 -5.519863188950e+01
8.335000000001e+01  3.293523416498e+00 -2.115099564335e+01 -1.255704598503e+01 -5.551110449185e+01
8.336000000001e+01  3.291526091412e+00 -2.151423753869e+01 -1.278308132656e+01 -5.581973512671e+01
8.337000000001e+01  3.280942011089e+00 -2.187767692520e+01 -1.301688135320e+01 -5.612434287396e+01
8.338000000001e+01  3.261769583230e+00 -2.224111627416e+01 -1.325835375717e+01 -5.642474890076e+01
8.339000000001e+01  3.234011772450e+00 -2.260435806106e+01 -1.350740214731e+01 -5.672077655613e+01
8.340000000001e+01  3.197676099185e+00 -2.296720487055e+01 -1.376392610062e+01 -5.701225146439e+01
8.341000000001e+01  3.152774636216e+00 -2.332945950123e+01 -1.402782121590e+01 -5.729900161736e+01
8.342000000001e+01  3.099324002769e+00 -2.369092507040e+01 -1.429897916960e+01 -5.758085746530e+01
8.343000000001e+01  3.037345356224e+00 -2.405140511859e+01 -1.457728777360e+01 -5.785765200659e+01
8.344000000001e+01  2.966864381424e+00 -2.441070371391e+01 -1.486263103525e+01 -5.812922087601e+01
8.345000000001e+01  2.887911277591e+00 -2.476862555614e+01 -1.515488921921e+01 -5.839540243161e+01
8.346000000001e+01  2.800520742861e+00 -2.512497608040e+01 -1.545393891150e+01 -5.865603784021e+01
8.347000000001e+01  2.704731956439e+00 -2.547956156052e+01 -1.575965308532e+01 -5.891097116130e+01
8.348000000001e+01  2.600588558391e+00 -2.583218921196e+01 -1.607190116892e+01 -5.916004942951e+01
8.349000000001e+01  2.488138627078e+00 -2.618266729419e+01 -1.639054911529e+01 -5.940312273541e+01
8.350000000001e+01  2.367434654246e+00 -2.653080521255e+01 -1.671545947376e+01 -5.964004430475e+01
8.351000000001e+01  2.238533517791e+00 -2.687641361951e+01 -1.704649146330e+01 -5.987067057602e+01
8.352000000001e+01  2.101496452198e+00 -2.721930451525e+01 -1.738350104775e+01 -6.009486127627e+01
8.353000000001e+01  1.956389016689e+00 -2.755929134756e+01 -1.772634101263e+01 -6.031247949522e+01
8.354000000001e+01  1.803281061086e+00 -2.789618911096e+01 -1.807486104377e+01 -6.052339175760e+01
8.355000000001e+01  1.642246689409e+00 -2.822981444498e+01 -1.842890780750e+01 -6.072746809359e+01
8.356000000001e+01  1.473364221226e+00 -2.855998573163e+01 -1.878832503251e+01 -6.092458210751e+01
8.357000000001e+01  1.296716150784e+00 -2.888652319188e+01 -1.915295359321e+01 -6.111461104451e+01
8.358000000001e+01  1.112389103932e+00 -2.920924898126e+01 -1.952263159470e+01 -6.129743585537e+01
8.359000000001e+01  9.204737928681e-01 -2.952798728430e+01 -1.989719445917e+01 -6.147294125937e+01
8.360000000001e+01  7.210649687310e-01 -2.984256440808e+01 -2.027647501367e+01 -6.164101580507e+01
8.361000000001e+01  5.142613720592e-01 -3.015280887447e+01 -2.066030357942e+01 -6.180155192916e+01
8.362000000001e+01  3.001656811485e-01 -3.045855151137e+01 -2.104850806229e+01 -6.195444601314e+01
8.363000000001e+01  7.888445833295e-02 -3.075962554259e+01 -2.144091404469e+01 -6.209959843802e+01
8.364000000001e+01  -1.494719057807e-01 -3.105586667656e+01 -2.183734487864e+01 -6.223691363677e+01
8.365000000001e+01  -3.847892500973e-01 -3.134711319370e+01 -2.223762178008e+01 -6.236630014477e+01
8.366000000001e+01  -6.269497028027e-01 -3.163320603240e+01 -2.264156392425e+01 -6.248767064790e+01
8.367000000001e+01  -8.758317430886e-01 -3.191398887362e+01 -2.304898854226e+01 -6.260094202863e+01
8.368000000001e+01  -1.131310264799e+00 -3.218930822407e+01 -2.345971101862e+01 -6.270603540969e+01
8.369000000001e+01  -1.393256641964e+00 -3.245901349785e+01 -2.387354498981e+01 -6.280287619562e+01
8.370000000001e+01  -1.661538796186e+00 -3.272295709654e+01 -2.429030244375e+01 -6.289139411203e+01
8.371000000001e+01  -1.936021265844e+00 -3.298099448780e+01 -2.470979382020e+01 -6.297152324247e+01
8.372000000001e+01  -2.216565277072e+00 -3.323298428223e+01 -2.513182811198e+01 -6.304320206312e+01
8.373000000001e+01  -2.503028816490e+00 -3.347878830866e+01 -2.555621296693e+01 -6.310637347508e+01
8.374000000001e+01  -2.795266705626e+00 -3.371827168771e+01 -2.598275479066e+01 -6.316098483430e+01
8.375000000001e+01  -3.093130677009e+00 -3.395130290355e+01 -2.641125884992e+01 -6.320698797915e+01
8.376000000001e+01  -3.396469451881e+00 -3.417775387402e+01 -2.684152937663e+01 -6.324433925570e+01
8.377000000001e+01  -3.705128819491e+00 -3.439750001877e+01 -2.727336967244e+01 -6.327299954043e+01
8.378000000001e+01  -4.018951717929e+00 -3.461042032567e+01 -2.770658221380e+01 -6.329293426074e+01
8.379000000001e+01  -4.337778316450e+00 -3.481639741526e+01 -2.814096875751e+01 -6.330411341288e+01
8.380000000001e+01  -4.661446099259e+00 -3.501531760335e+01 -2.857633044667e+01 -6.330651157755e+01
8.381000000001e+01  -4.989789950696e+00 -3.520707096157e+01 -2.901246791690e+01 -6.330010793303e+01
8.382000000001e+01  -5.322642241783e+00 -3.539155137599e+01 -2.944918140294e+01 -6.328488626590e+01
8.383000000001e+01  -5.659832918086e+00 -3.556865660377e+01 -2.988627084541e+01 -6.326083497926e+01
8.384000000001e+01  -6.001189588853e+00 -3.573828832763e+01 -3.032353599779e+01 -6.322794709856e+01
8.385000000001e+01  -6.346537617361e+00 -3.590035220837e+01 -3.076077653348e+01 -6.318622027497e+01
8.386000000001e+01  -6.695700212444e+00 -3.605475793521e+01 -3.119779215294e+01 -6.313565678624e+01
8.387000000001e+01  -7.048498521143e+00 -3.620141927401e+01 -3.163438269084e+01 -6.307626353521e+01
8.388000000001e+01  -7.404751722429e+00 -3.634025411337e+01 -3.207034822310e+01 -6.300805204571e+01
8.389000000001e+01  -7.764277121955e+00 -3.647118450850e+01 -3.250548917394e+01 -6.293103845622e+01
8.390000000001e+01  -8.126890247776e+00 -3.659413672290e+01 -3.293960642261e+01 -6.284524351088e+01
8.391000000001e+01  -8.492404946998e+00 -3.670904126782e+01 -3.337250141004e+01 -6.275069254817e+01
8.392000000001e+01  -8.860633483298e+00 -3.681583293946e+01 -3.380397624511e+01 -6.264741548716e+01
8.393000000001e+01  -9.231386635261e+00 -3.691445085388e+01 -3.423383381062e+01 -6.253544681126e+01
8.394000000001e+01  -9.604473795486e+00 -3.700483847970e+01 -3.466187786892e+01 -6.241482554961e+01
8.395000000001e+01  -9.979703070415e+00 -3.708694366838e+01 -3.508791316699e+01 -6.228559525606e+01
8.396000000001e+01  -1.035688138081e+01 -3.716071868225e+01 -3.551174554108e+01 -6.214780398571e+01
8.397000000001e+01  -1.073581456284e+01 -3.722612022022e+01 -3.593318202083e+01 -6.200150426912e+01
8.398000000001e+01  -1.111630746977e+01 -3.728310944105e+01 -3.635203093266e+01 -6.184675308408e+01
8.399000000001e+01  -1.149816407405e+01 -3.733165198437e+01 -3.676810200264e+01 -6.168361182512e+01
8.400000000001e+01  -1.188118756996e+01 -3.737171798919e+01 -3.718120645848e+01 -6.151214627058e+01
8.401000000001e+01  -1.226518047659e+01 -3.740328211019e+01 -3.759115713091e+01 -6.133242654743e+01
8.402000000001e+01  -1.264994474117e+01 -3.742632353144e+01 -3.799776855406e+01 -6.114452709375e+01
8.403000000001e+01  -1.303528184269e+01 -3.744082597785e+01 -3.840085706509e+01 -6.094852661896e+01
8.404000000001e+01  -1.342099289572e+01 -3.744677772414e+01 -3.880024090283e+01 -6.074450806175e+01
8.405000000001e+01  -1.380687875449e+01 -3.744417160140e+01 -3.919574030540e+01 -6.053255854582e+01
8.406000000001e+01  -1.419274011697e+01 -3.743300500128e+01 -3.958717760684e+01 -6.031276933336e+01
8.407000000001e+01  -1.457837762913e+01 -3.741327987771e+01 -3.997437733263e+01 -6.008523577638e+01
8.408000000001e+01  -1.496359198910e+01 -3.738500274620e+01 -4.035716629404e+01 -5.985005726585e+01
8.409000000001e+01  -1.534818405144e+01 -3.734818468073e+01 -4.073537368131e+01 -5.960733717872e+01
8.410000000001e+01  -1.573195493111e+01 -3.730284130824e+01 -4.110883115559e+01 -5.935718282283e+01
8.411000000001e+01  -1.611470610752e+01 -3.724899280063e+01 -4.147737293954e+01 -5.909970537977e+01
8.412000000001e+01  -1.649623952815e+01 -3.718666386442e+01 -4.184083590664e+01 -5.883501984562e+01
8.413000000001e+01  -1.687635771209e+01 -3.711588372799e+01 -4.219905966905e+01 -5.856324496978e+01
8.414000000001e+01  -1.725486385316e+01 -3.703668612632e+01 -4.255188666408e+01 -5.828450319177e+01
8.415000000001e+01  -1.763156192273e+01 -3.694910928348e+01 -4.289916223913e+01 -5.799892057602e+01
8.416000000001e+01  -1.800625677206e+01 -3.685319589260e+01 -4.324073473514e+01 -5.770662674489e+01
8.417000000001e+01  -1.837875423426e+01 -3.674899309355e+01 -4.357645556836e+01 -5.740775480969e+01
8.418000000001e+01  -1.874886122561e+01 -3.663655244820e+01 -4.390617931063e+01 -5.710244129994e+01
8.419000000001e+01  -1.911638584643e+01 -3.651592991333e+01 -4.422976376784e+01 -5.679082609077e+01
8.420000000001e+01  -1.948113748123e+01 -3.638718581124e+01 -4.454707005682e+01 -5.647305232864e+01
8.421000000001e+01  -1.984292689827e+01 -3.625038479798e+01 -4.485796268030e+01 -5.614926635525e+01
8.422000000001e+01  -2.020156634831e+01 -3.610559582928e+01 -4.516230960024e+01 -5.581961762985e+01
8.423000000001e+01  -2.055686966267e+01 -3.595289212422e+01 -4.545998230918e+01 -5.548425864982e+01
8.424000000001e+01  -2.090865235044e+01 -3.579235112661e+01 -4.575085589975e+01 -5.514334486981e+01
8.425000000001e+01  -2.125673169477e+01 -3.562405446406e+01 -4.603480913227e+01 -5.479703461914e+01
8.426000000001e+01  -2.160092684837e+01 -3.544808790493e+01 -4.631172450032e+01 -5.444548901781e+01
8.427000000001e+01  -2.194105892793e+01 -3.526454131295e+01 -4.658148829438e+01 -5.408887189108e+01
8.428000000001e+01  -2.227695110757e+01 -3.507350859972e+01 -4.684399066333e+01 -5.372734968248e+01
8.429000000001e+01  -2.260842871134e+01 -3.487508767507e+01 -4.709912567393e+01 -5.336109136562e+01
8.430000000001e+01  -2.293531930447e+01 -3.466938039518e+01 -4.734679136818e+01 -5.299026835457e+01
8.431000000001e+01  -2.325745278358e+01 -3.445649250875e+01 -4.758688981841e+01 -5.261505441301e+01
8.432000000001e+01  -2.357466146576e+01 -3.423653360090e+01 -4.781932718035e+01 -5.223562556212e+01
8.433000000001e+01  -2.388678017630e+01 -3.400961703522e+01 -4.804401374380e+01 -5.185215998731e+01
8.434000000001e+01  -2.419364633532e+01 -3.377585989364e+01 -4.826086398110e+01 -5.146483794383e+01
8.435000000001e+01  -2.449510004301e+01 -3.353538291438e+01 -4.846979659334e+01 -5.107384166129e+01
8.436000000001e+01  -2.479098416358e+01 -3.328831042800e+01 -4.867073455415e+01 -5.067935524709e+01
8.437000000001e+01  -2.508114440786e+01 -3.303477029142e+01 -4.886360515117e+01 -5.028156458899e+01
8.438000000001e+01  -2.536542941447e+01 -3.277489382017e+01 -4.904834002513e+01 -4.988065725663e+01
8.439000000001e+01  -2.564369082960e+01 -3.250881571871e+01 -4.922487520644e+01 -4.947682240221e+01
8.440000000001e+01  -2.591578338533e+01 -3.223667400904e+01 -4.939315114941e+01 -4.907025066038e+01
8.441000000001e+01  -2.618156497639e+01 -3.195860995743e+01 -4.955311276390e+01 -4.866113404726e+01
8.442000000001e+01  -2.644089673555e+01 -3.167476799954e+01 -4.970470944448e+01 -4.824966585882e+01
8.443000000001e+01  -2.669364310727e+01 -3.138529566382e+01 -4.984789509706e+01 -4.783604056854e+01
8.444000000001e+01  -2.693967191995e+01 -3.109034349326e+01 -4.998262816292e+01 -4.742045372440e+01
8.445000000001e+01  -2.717885445648e+01 -3.079006496556e+01 -5.010887164016e+01 -4.700310184536e+01
8.446000000001e+01  -2.741106552322e+01 -3.048461641178e+01 -5.022659310253e+01 -4.658418231727e+01
8.447000000001e+01  -2.763618351724e+01 -3.017415693350e+01 -5.033576471559e+01 -4.616389328834e+01
8.448000000001e+01  -2.785409049207e+01 -2.985884831848e+01 -5.043636325024e+01 -4.574243356409e+01
8.449000000001e+01  -2.806467222153e+01 -2.953885495502e+01 -5.052837009354e+01 -4.532000250204e+01
8.450000000001e+01  -2.826781826207e+01 -2.921434374491e+01 -5.061177125682e+01 -4.489679990597e+01
8.451000000001e+01  -2.846342201320e+01 -2.888548401512e+01 -5.068655738109e+01 -4.447302591996e+01
8.452000000001e+01  -2.865138077632e+01 -2.855244742825e+01 -5.075272373967e+01 -4.404888092217e+01
8.453000000001e+01  -2.883159581163e+01 -2.821540789183e+01 -5.081027023808e+01 -4.362456541839e+01
8.454000000001e+01  -2.900397239341e+01 -2.787454146647e+01 -5.085920141121e+01 -4.320027993557e+01
8.455000000001e+01  -2.916841986338e+01 -2.753002627298e+01 -5.089952641765e+01 -4.277622491511e+01
8.456000000001e+01  -2.932485168229e+01 -2.718204239843e+01 -5.093125903123e+01 -4.235260060624e+01
8.457000000001e+01  -2.947318547967e+01 -2.683077180139e+01 -5.095441762985e+01 -4.192960695928e+01
8.458000000001e+01  -2.961334310172e+01 -2.647639821616e+01 -5.096902518142e+01 -4.150744351903e+01
8.459000000001e+01  -2.974525065731e+01 -2.611910705624e+01 -5.097510922709e+01 -4.108630931822e+01
8.460000000001e+01  -2.986883856213e+01 -2.575908531708e+01 -5.097270186158e+01 -4.066640277109e+01
8.461000000001e+01  -2.998404158090e+01 -2.539652147806e+01 -5.096183971087e+01 -4.024792156718e+01
8.462000000001e+01  -3.009079886764e+01 -2.503160540391e+01 -5.094256390699e+01 -3.983106256530e+01
8.463000000001e+01  -3.018905400401e+01 -2.466452824553e+01 -5.091492006009e+01 -3.941602168782e+01
8.464000000001e+01  -3.027875503568e+01 -2.429548234032e+01 -5.087895822780e+01 -3.900299381524e+01
8.465000000001e+01  -3.035985450669e+01 -2.392466111207e+01 -5.083473288182e+01 -3.859217268115e+01
8.466000000001e+01  -3.043230949179e+01 -2.355225897045e+01 -5.078230287181e+01 -3.818375076756e+01
8.467000000001e+01  -3.049608162670e+01 -2.317847121024e+01 -5.072173138664e+01 -3.777791920074e+01
8.468000000001e+01  -3.055113713637e+01 -2.280349391026e+01 -5.065308591298e+01 -3.737486764751e+01
8.469000000001e+01  -3.059744686101e+01 -2.242752383213e+01 -5.057643819133e+01 -3.697478421209e+01
8.470000000001e+01  -3.063498628011e+01 -2.205075831888e+01 -5.049186416942e+01 -3.657785533360e+01
8.471000000001e+01  -3.066373553411e+01 -2.167339519349e+01 -5.039944395323e+01 -3.618426568414e+01
8.472000000001e+01  -3.068367944403e+01 -2.129563265744e+01 -5.029926175541e+01 -3.579419806760e+01
8.473000000001e+01  -3.069480752866e+01 -2.091766918923e+01 -5.019140584145e+01 -3.540783331927e+01
8.474000000001e+01  -3.069711401960e+01 -2.053970344300e+01 -5.007596847343e+01 -3.502535020621e+01
8.475000000001e+01  -3.069059787380e+01 -2.016193414733e+01 -4.995304585152e+01 -3.464692532854e+01
8.476000000001e+01  -3.067526278381e+01 -1.978456000413e+01 -4.982273805336e+01 -3.427273302160e+01
8.477000000001e+01  -3.065111718550e+01 -1.940777958778e+01 -4.968514897124e+01 -3.390294525923e+01
8.478000000001e+01  -3.061817426334e+01 -1.903179124457e+01 -4.954038624732e+01 -3.353773155798e+01
8.479000000001e+01  -3.057645195305e+01 -1.865679299228e+01 -4.938856120684e+01 -3.317725888259e+01
8.480000000001e+01  -3.052597294170e+01 -1.828298242027e+01 -4.922978878954e+01 -3.282169155256e+01
8.481000000001e+01  -3.046676466511e+01 -1.791055658972e+01 -4.906418747927e+01 -3.247119115013e+01
8.482000000001e+01  -3.039885930256e+01 -1.753971193438e+01 -4.889187923193e+01 -3.212591642953e+01
8.483000000001e+01  -3.032229376868e+01 -1.717064416160e+01 -4.871298940183e+01 -3.178602322770e+01
8.484000000001e+01  -3.023710970257e+01 -1.680354815386e+01 -4.852764666656e+01 -3.145166437660e+01
8.485000000001e+01  -3.014335345405e+01 -1.643861787059e+01 -4.833598295047e+01 -3.112298961707e+01
8.486000000001e+01  -3.004107606694e+01 -1.607604625054e+01 -4.813813334684e+01 -3.080014551440e+01
8.487000000001e+01  -2.993033325944e+01 -1.571602511448e+01 -4.793423603887e+01 -3.048327537572e+01
8.488000000001e+01  -2.981118540147e+01 -1.535874506841e+01 -4.772443221947e+01 -3.017251916926e+01
8.489000000001e+01  -2.968369748903e+01 -1.500439540717e+01 -4.750886601014e+01 -2.986801344558e+01
8.490000000001e+01  -2.954793911547e+01 -1.465316401853e+01 -4.728768437881e+01 -2.956989126082e+01
8.491000000001e+01  -2.940398443970e+01 -1.430523728769e+01 -4.706103705682e+01 -2.927828210220e+01
8.492000000001e+01  -2.925191215129e+01 -1.396080000226e+01 -4.682907645514e+01 -2.899331181562e+01
8.493000000001e+01  -2.909180543252e+01 -1.362003525772e+01 -4.659195757983e+01 -2.871510253568e+01
8.494000000001e+01  -2.892375191726e+01 -1.328312436329e+01 -4.634983794688e+01 -2.844377261805e+01
8.495000000001e+01  -2.874784364688e+01 -1.295024674832e+01 -4.610287749638e+01 -2.817943657433e+01
8.496000000001e+01  -2.856417702299e+01 -1.262157986915e+01 -4.585123850621e+01 -2.792220500947e+01
8.497000000001e+01  -2.837285275715e+01 -1.229729911647e+01 -4.559508550516e+01 -2.767218456173e+01
8.498000000001e+01  -2.817397581768e+01 -1.197757772320e+01 -4.533458518561e+01 -2.742947784546e+01
8.499000000001e+01  -2.796765537335e+01 -1.166258667293e+01 -4.506990631576e+01 -2.719418339647e+01
8.500000000001e+01  -2.775400473427e+01 -1.135249460889e+01 -4.480121965146e+01 -2.696639562025e+01
8.501000000001e+01  -2.753314128990e+01 -1.104746774358e+01 -4.452869784766e+01 -2.674620474301e+01
8.502000000001e+01  -2.730518644423e+01 -1.074766976902e+01 -4.425251536942e+01 -2.653369676557e+01
8.503000000001e+01  -2.707026554828e+01 -1.045326176764e+01 -4.397284840262e+01 -2.632895342013e+01
8.504000000001e+01  -2.682850782994e+01 -1.016440212403e+01 -4.368987476430e+01 -2.613205212994e+01
8.505000000001e+01  -2.658004632128e+01 -9.881246437365e+00 -4.340377381262e+01 -2.594306597192e+01
8.506000000001e+01  -2.632501778331e+01 -9.603947434767e+00 -4.311472635644e+01 -2.576206364216e+01
8.507000000001e+01  -2.606356262846e+01 -9.332654885549e+00 -4.282291456463e+01 -2.558910942434e+01
8.508000000001e+01  -2.579582484068e+01 -9.067515516477e+00 -4.252852187487e+01 -2.542426316110e+01
8.509000000001e+01  -2.552195189340e+01 -8.808672928098e+00 -4.223173290225e+01 -2.526758022828e+01
8.510000000001e+01  -2.524209466535e+01 -8.556267512221e+00 -4.193273334736e+01 -2.511911151200e+01
8.511000000001e+01  -2.495640735445e+01 -8.310436370630e+00 -4.163170990402e+01 -2.497890338863e+01
8.512000000001e+01  -2.466504738970e+01 -8.071313235119e+00 -4.132885016674e+01 -2.484699770758e+01
8.513000000001e+01  -2.436817534136e+01 -7.839028388932e+00 -4.102434253762e+01 -2.472343177678e+01
8.514000000001e+01  -2.406595482933e+01 -7.613708589708e+00 -4.071837613304e+01 -2.460823835106e+01
8.515000000001e+01  -2.375855242999e+01 -7.395476994000e+00 -4.041114068980e+01 -2.450144562303e+01
8.516000000001e+01  -2.344613758148e+01 -7.184453083478e+00 -4.010282647109e+01 -2.440307721678e+01
8.517000000001e+01  -2.312888248756e+01 -6.980752592894e+00 -3.979362417189e+01 -2.431315218407e+01
8.518000000001e+01  -2.280696202007e+01 -6.784487439897e+00 -3.948372482419e+01 -2.423168500312e+01
8.519000000001e+01  -2.248055362022e+01 -6.595765656792e+00 -3.917331970175e+01 -2.415868557995e+01
8.520000000001e+01  -2.214983719862e+01 -6.414691324315e+00 -3.886260022469e+01 -2.409415925207e+01
8.521000000001e+01  -2.181499503422e+01 -6.241364507510e+00 -3.855175786368e+01 -2.403810679472e+01
8.522000000001e+01  -2.147621167224e+01 -6.075881193790e+00 -3.824098404395e+01 -2.399052442932e+01
8.523000000001e+01  -2.113367382113e+01 -5.918333233253e+00 -3.793047004904e+01 -2.395140383444e+01
8.524000000001e+01  -2.078757024862e+01 -5.768808281309e+00 -3.762040692441e+01 -2.392073215880e+01
8.525000000001e+01  -2.043809167697e+01 -5.627389743716e+00 -3.731098538091e+01 -2.389849203677e+01
8.526000000001e+01  -2.008543067740e+01 -5.494156724045e+00 -3.700239569811e+01 -2.388466160581e+01
8.527000000001e+01  -1.972978156392e+01 -5.369183973673e+00 -3.669482762763e+01 -2.387921452627e+01
8.528000000001e+01  -1.937134028641e+01 -5.252541844321e+00 -3.638847029649e+01 -2.388212000320e+01
8.529000000001e+01  -1.901030432313e+01 -5.144296243204e+00 -3.608351211043e+01 -2.389334281023e+01
8.530000000001e+01  -1.864687257274e+01 -5.044508590836e+00 -3.578014065745e+01 -2.391284331562e+01
8.531000000001e+01  -1.828124524579e+01 -4.953235781515e+00 -3.547854261142e+01 -2.394057751018e+01
8.532000000001e+01  -1.791362375578e+01 -4.870530146544e+00 -3.517890363600e+01 -2.397649703730e+01
8.533000000001e+01  -1.754421060982e+01 -4.796439420188e+00 -3.488140828881e+01 -2.402054922493e+01
8.534000000001e+01  -1.717320929901e+01 -4.731006708424e+00 -3.458623992587e+01 -2.407267711941e+01
8.535000000001e+01  -1.680082418844e+01 -4.674270460485e+00 -3.429358060662e+01 -2.413281952139e+01
8.536000000001e+01  -1.642726040702e+01 -4.626264443218e+00 -3.400361099924e+01 -2.420091102349e+01
8.537000000001e+01  -1.605272373708e+01 -4.587017718276e+00 -3.371651028658e+01 -2.427688204994e+01
8.538000000001e+01  -1.567742050381e+01 -4.556554622155e+00 -3.343245607267e+01 -2.436065889802e+01
8.539000000001e+01  -1.530155746461e+01 -4.534894749067e+00 -3.315162428991e+01 -2.445216378142e+01
8.540000000001e+01  -1.492534169838e+01 -4.522052936680e+00 -3.287418910692e+01 -2.455131487534e+01
8.541000000001e+01  -1.454898049479e+01 -4.518039254694e+00 -3.260032283721e+01 -2.465802636344e+01
8.542000000001e+01  -1.417268124361e+01 -4.522858996283e+00 -3.233019584869e+01 -2.477220848658e+01
8.543000000001e+01  -1.379665132402e+01 -4.536512672369e+00 -3.206397647404e+01 -2.489376759336e+01
8.544000000001e+01  -1.342109799422e+01 -4.558996008747e+00 -3.180183092211e+01 -2.502260619236e+01
8.545000000001e+01  -1.304622828103e+01 -4.590299946027e+00 -3.154392319024e+01 -2.515862300615e+01
8.546000000001e+01  -1.267224886984e+01 -4.630410642404e+00 -3.129041497775e+01 -2.530171302704e+01
8.547000000001e+01  -1.229936599479e+01 -4.679309479227e+00 -3.104146560046e+01 -2.545176757454e+01
8.548000000001e+01  -1.192778532923e+01 -4.736973069363e+00 -3.079723190651e+01 -2.560867435446e+01
8.549000000001e+01  -1.155771187658e+01 -4.803373268325e+00 -3.055786819333e+01 -2.577231751972e+01
8.550000000001e+01  -1.118934986166e+01 -4.878477188161e+00 -3.032352612590e+01 -2.594257773282e+01
8.551000000001e+01  -1.082290262236e+01 -4.962247214079e+00 -3.009435465642e+01 -2.611933222987e+01
8.552000000001e+01  -1.045857250193e+01 -5.054641023778e+00 -2.987049994533e+01 -2.630245488634e+01
8.553000000001e+01  -1.009656074179e+01 -5.155611609477e+00 -2.965210528375e+01 -2.649181628429e+01
8.554000000001e+01  -9.737067374998e+00 -5.265107302602e+00 -2.943931101743e+01 -2.668728378121e+01
8.555000000001e+01  -9.380291120297e+00 -5.383071801126e+00 -2.923225447228e+01 -2.688872158040e+01
8.556000000001e+01  -9.026429276977e+00 -5.509444199516e+00 -2.903106988138e+01 -2.709599080283e+01
8.557000000001e+01  -8.675677620450e+00 -5.644159021272e+00 -2.883588831372e+01 -2.730894956053e+01
8.558000000001e+01  -8.328230298661e+00 -5.787146254024e+00 -2.864683760452e+01 -2.752745303140e+01
8.559000000001e+01  -7.984279729360e+00 -5.938331387169e+00 -2.846404228729e+01 -2.775135353545e+01
8.560000000001e+01  -7.644016498307e+00 -6.097635451995e+00 -2.828762352767e+01 -2.798050061246e+01
8.561000000001e+01  -7.307629258440e+00 -6.264975064288e+00 -2.811769905899e+01 -2.821474110099e+01
8.562000000001e+01  -6.975304630069e+00 -6.440262469376e+00 -2.795438311967e+01 -2.845391921871e+01
8.563000000001e+01  -6.647227102143e+00 -6.623405589573e+00 -2.779778639252e+01 -2.869787664404e+01
8.564000000001e+01  -6.323578934639e+00 -6.814308074000e+00 -2.764801594587e+01 -2.894645259907e+01
8.565000000001e+01  -6.004540062130e+00 -7.012869350748e+00 -2.750517517666e+01 -2.919948393368e+01
8.566000000001e+01  -5.690287998564e+00 -7.218984681336e+00 -2.736936375548e+01 -2.945680521088e+01
8.567000000001e+01  -5.380997743331e+00 -7.432545217448e+00 -2.724067757356e+01 -2.971824879327e+01
8.568000000001e+01  -5.076841688634e+00 -7.653438059885e+00 -2.711920869185e+01 -2.998364493062e+01
8.569000000001e+01  -4.777989528244e+00 -7.881546319729e+00 -2.700504529206e+01 -3.025282184855e+01
8.570000000001e+01  -4.484608167664e+00 -8.116749181647e+00 -2.689827162983e+01 -3.052560583823e+01
8.571000000001e+01  -4.196861635756e+00 -8.358921969321e+00 -2.679896798993e+01 -3.080182134703e+01
8.572000000001e+01  -3.914910997880e+00 -8.607936212950e+00 -2.670721064367e+01 -3.108129107018e+01
8.573000000001e+01  -3.638914270595e+00 -8.863659718786e+00 -2.662307180836e+01 -3.136383604327e+01
8.574000000001e+01  -3.369026337948e+00 -9.125956640672e+00 -2.654661960901e+01 -3.164927573568e+01
8.575000000001e+01  -3.105398869423e+00 -9.394687553528e+00 -2.647791804213e+01 -3.193742814476e+01
8.576000000001e+01  -2.848180239571e+00 -9.669709528746e+00 -2.641702694179e+01 -3.222810989079e+01
8.577000000001e+01  -2.597515449368e+00 -9.950876211456e+00 -2.636400194792e+01 -3.252113631269e+01
8.578000000001e+01  -2.353546049361e+00 -1.023803789961e+01 -2.631889447678e+01 -3.281632156435e+01
8.579000000001e+01  -2.116410064614e+00 -1.053104162484e+01 -2.628175169372e+01 -3.311347871167e+01
8.580000000001e+01  -1.886241921517e+00 -1.082973123508e+01 -2.625261648822e+01 -3.341241983004e+01
8.581000000001e+01  -1.663172376485e+00 -1.113394747881e+01 -2.623152745114e+01 -3.371295610252e+01
8.582000000001e+01  -1.447328446595e+00 -1.144352809102e+01 -2.621851885440e+01 -3.401489791830e+01
8.583000000001e+01  -1.238833342187e+00 -1.175830788066e+01 -2.621362063279e+01 -3.431805497178e+01
8.584000000001e+01  -1.037806401470e+00 -1.207811881978e+01 -2.621685836819e+01 -3.462223636188e+01
8.585000000001e+01  -8.443630271764e-01 -1.240279013401e+01 -2.622825327613e+01 -3.492725069174e+01
8.586000000001e+01  -6.586146252813e-01 -1.273214839459e+01 -2.624782219459e+01 -3.523290616869e+01
8.587000000001e+01  -4.806685458371e-01 -1.306601761176e+01 -2.627557757517e+01 -3.553901070443e+01
8.588000000001e+01  -3.106280259450e-01 -1.340421932948e+01 -2.631152747665e+01 -3.584537201538e+01
8.589000000001e+01  -1.485921348961e-01 -1.374657272145e+01 -2.635567556079e+01 -3.615179772315e+01
8.590000000001e+01  5.344278485412e-03 -1.409289468842e+01 -2.640802109051e+01 -3.645809545506e+01
8.591000000001e+01  1.510906362725e-01 -1.444299995660e+01 -2.646855893045e+01 -3.676407294473e+01
8.592000000001e+01  2.885606796088e-01 -1.479670117729e+01 -2.653727954980e+01 -3.706953813255e+01
8.593000000001e+01  4.176725146010e-01 -1.515380902753e+01 -2.661416902750e+01 -3.737429926612e+01
8.594000000001e+01  5.383486559044e-01 -1.551413231180e+01 -2.669920905980e+01 -3.767816500050e+01
8.595000000001e+01  6.505160679792e-01 -1.587747806473e+01 -2.679237697008e+01 -3.798094449831e+01
8.596000000001e+01  7.541062039932e-01 -1.624365165466e+01 -2.689364572106e+01 -3.828244752951e+01
8.597000000001e+01  8.490550423528e-01 -1.661245688814e+01 -2.700298392929e+01 -3.858248457098e+01
8.598000000001e+01  9.353031208395e-01 -1.698369611516e+01 -2.712035588196e+01 -3.888086690565e+01
8.599000000001e+01  1.012795568335e+00 -1.735717033520e+01 -2.724572155599e+01 -3.917740672123e+01
8.600000000001e+01  1.081482134118e+00 -1.773267930395e+01 -2.737903663946e+01 -3.947191720856e+01
8.601000000001e+01  1.141317214716e+00 -1.811002164064e+01 -2.752025255523e+01 -3.976421265938e+01
8.602000000001e+01  1.192259878298e+00 -1.848899493602e+01 -2.766931648693e+01 -4.005410856351e+01
8.603000000001e+01  1.234273886592e+00 -1.886939586079e+01 -2.782617140710e+01 -4.034142170552e+01
8.604000000001e+01  1.267327714322e+00 -1.925102027459e+01 -2.799075610762e+01 -4.062597026060e+01
8.605000000001e+01  1.291394566147e+00 -1.963366333527e+01 -2.816300523235e+01 -4.090757388985e+01
8.606000000001e+01  1.306452391099e+00 -2.001711960866e+01 -2.834284931198e+01 -4.118605383467e+01
8.607000000001e+01  1.312483894501e+00 -2.040118317851e+01 -2.853021480101e+01 -4.146123301043e+01
8.608000000001e+01  1.309476547373e+00 -2.078564775678e+01 -2.872502411695e+01 -4.173293609922e+01
8.609000000001e+01  1.297422593313e+00 -2.117030679398e+01 -2.892719568166e+01 -4.200098964173e+01
8.610000000001e+01  1.276319052847e+00 -2.155495358974e+01 -2.913664396474e+01 -4.226522212806e+01
8.611000000001e+01  1.246167725248e+00 -2.193938140340e+01 -2.935327952909e+01 -4.252546408767e+01
8.612000000001e+01  1.206975187826e+00 -2.232338356461e+01 -2.957700907855e+01 -4.278154817812e+01
8.613000000001e+01  1.158752792686e+00 -2.270675358384e+01 -2.980773550744e+01 -4.303330927282e+01
8.614000000001e+01  1.101516660952e+00 -2.308928526281e+01 -3.004535795236e+01 -4.328058454751e+01
8.615000000001e+01  1.035287674468e+00 -2.347077280481e+01 -3.028977184576e+01 -4.352321356562e+01
8.616000000001e+01  9.600914649728e-01 -2.385101092462e+01 -3.054086897156e+01 -4.376103836236e+01
8.617000000001e+01  8.759584007584e-01 -2.422979495833e+01 -3.079853752277e+01 -4.399390352752e+01
8.618000000001e+01  7.829235708184e-01 -2.460692097270e+01 -3.106266216089e+01 -4.422165628690e+01
8.619000000001e+01  6.810267664924e-01 -2.498218587416e+01 -3.133312407724e+01 -4.444414658238e+01
8.620000000001e+01  5.703124606189e-01 -2.535538751732e+01 -3.160980105615e+01 -4.466122715062e+01
8.621000000001e+01  4.508297842052e-01 -2.572632481300e+01 -3.189256753991e+01 -4.487275360018e+01
8.622000000001e+01  3.226325006285e-01 -2.609479783567e+01 -3.218129469552e+01 -4.507858448723e+01
8.623000000001e+01  1.857789773803e-01 -2.646060793023e+01 -3.247585048314e+01 -4.527858138970e+01
8.624000000001e+01  4.033215536982e-02 -2.682355781815e+01 -3.277609972630e+01 -4.547260897977e+01
8.625000000001e+01  -1.136404841978e-01 -2.718345170283e+01 -3.308190418369e+01 -4.566053509484e+01
8.626000000001e+01  -2.760669553510e-01 -2.754009537420e+01 -3.339312262266e+01 -4.584223080675e+01
8.627000000001e+01  -4.468708052695e-01 -2.789329631239e+01 -3.370961089421e+01 -4.601757048934e+01
8.628000000001e+01  -6.259711545720e-01 -2.824286379060e+01 -3.403122200960e+01 -4.618643188430e+01
8.629000000001e+01  -8.132827399506e-01 -2.858860897692e+01 -3.435780621844e+01 -4.634869616515e+01
8.630000000001e+01  -1.008715959130e+00 -2.893034503513e+01 -3.468921108822e+01 -4.650424799954e+01
8.631000000001e+01  -1.212176918131e+00 -2.926788722455e+01 -3.502528158527e+01 -4.665297560962e+01
8.632000000001e+01  -1.423567480802e+00 -2.960105299858e+01 -3.536586015713e+01 -4.679477083058e+01
8.633000000001e+01  -1.642785320612e+00 -2.992966210223e+01 -3.571078681620e+01 -4.692952916727e+01
8.634000000001e+01  -1.869723974660e+00 -3.025353666832e+01 -3.605989922471e+01 -4.705714984890e+01
8.635000000001e+01  -2.104272899874e+00 -3.057250131250e+01 -3.641303278093e+01 -4.717753588174e+01
8.636000000001e+01  -2.346317531385e+00 -3.088638322679e+01 -3.677002070659e+01 -4.729059409990e+01
8.637000000001e+01  -2.595739343026e+00 -3.119501227195e+01 -3.713069413538e+01 -4.739623521406e+01
8.638000000001e+01  -2.852415909936e+00 -3.149822106823e+01 -3.749488220270e+01 -4.749437385808e+01
8.639000000001e+01  -3.116220973231e+00 -3.179584508476e+01 -3.786241213627e+01 -4.758492863368e+01
8.640000000001e+01  -3.387024506707e+00 -3.208772272741e+01 -3.823310934795e+01 -4.766782215295e+01
8.641000000001e+01  -3.664692785549e+00 -3.237369542504e+01 -3.860679752637e+01 -4.774298107869e+01
8.642000000001e+01  -3.949088456993e+00 -3.265360771419e+01 -3.898329873055e+01 -4.781033616275e+01
8.643000000001e+01  -4.240070612919e+00 -3.292730732205e+01 -3.936243348434e+01 -4.786982228211e+01
8.644000000001e+01  -4.537494864324e+00 -3.319464524781e+01 -3.974402087171e+01 -4.792137847280e+01
8.645000000001e+01  -4.841213417654e+00 -3.345547584220e+01 -4.012787863276e+01 -4.796494796164e+01
8.646000000001e+01  -5.151075152928e+00 -3.370965688528e+01 -4.051382326048e+01 -4.800047819578e+01
8.647000000001e+01  -5.466925703633e+00 -3.395704966238e+01 -4.090167009814e+01 -4.802792087000e+01
8.648000000001e+01  -5.788607538347e+00 -3.419751903820e+01 -4.129123343726e+01 -4.804723195173e+01
8.649000000001e+01  -6.115960044034e+00 -3.443093352901e+01 -4.168232661626e+01 -4.805837170387e+01
8.650000000001e+01  -6.448819610975e+00 -3.465716537284e+01 -4.207476211941e+01 -4.806130470535e+01
8.651000000001e+01  -6.787019719291e+00 -3.487609059780e+01 -4.246835167645e+01 -4.805599986934e+01
8.652000000001e+01  -7.130391027016e+00 -3.508758908825e+01 -4.286290636243e+01 -4.804243045922e+01
8.653000000001e+01  -7.478761459653e+00 -3.529154464906e+01 -4.325823669800e+01 -4.802057410227e+01
8.654000000001e+01  -7.831956301195e+00 -3.548784506768e+01 -4.365415274993e+01 -4.799041280102e+01
8.655000000001e+01  -8.189798286540e+00 -3.567638217413e+01 -4.405046423195e+01 -4.795193294229e+01
8.656000000001e+01  -8.552107695262e+00 -3.585705189884e+01 -4.444698060566e+01 -4.790512530394e+01
8.657000000001e+01  -8.918702446682e+00 -3.602975432828e+01 -4.484351118167e+01 -4.784998505928e+01
8.658000000001e+01  -9.289398196197e+00 -3.619439375848e+01 -4.523986522077e+01 -4.778651177919e+01
8.659000000001e+01  -9.664008432803e+00 -3.635087874613e+01 -4.563585203516e+01 -4.771470943182e+01
8.660000000001e+01  -1.004234457778e+01 -3.649912215763e+01 -4.603128108957e+01 -4.763458638015e+01
8.661000000001e+01  -1.042421608445e+01 -3.663904121567e+01 -4.642596210241e+01 -4.754615537701e+01
8.662000000001e+01  -1.080943053903e+01 -3.677055754357e+01 -4.681970514672e+01 -4.744943355796e+01
8.663000000001e+01  -1.119779376240e+01 -3.689359720732e+01 -4.721232075089e+01 -4.734444243176e+01
8.664000000001e+01  -1.158910991290e+01 -3.700809075517e+01 -4.760361999926e+01 -4.723120786855e+01
8.665000000001e+01  -1.198318158991e+01 -3.711397325489e+01 -4.799341463227e+01 -4.710976008576e+01
8.666000000001e+01  -1.237980993836e+01 -3.721118432864e+01 -4.838151714640e+01 -4.698013363164e+01
8.667000000001e+01  -1.277879475392e+01 -3.729966818537e+01 -4.876774089362e+01 -4.684236736663e+01
8.668000000001e+01  -1.317993458898e+01 -3.737937365081e+01 -4.915190018040e+01 -4.669650444230e+01
8.669000000001e+01  -1.358302685923e+01 -3.745025419503e+01 -4.953381036627e+01 -4.654259227819e+01
8.670000000001e+01  -1.398786795092e+01 -3.751226795749e+01 -4.991328796170e+01 -4.638068253623e+01
8.671000000001e+01  -1.439425332855e+01 -3.756537776961e+01 -5.029015072552e+01 -4.621083109306e+01
8.672000000001e+01  -1.480197764321e+01 -3.760955117487e+01 -5.066421776155e+01 -4.603309801004e+01
8.673000000001e+01  -1.521083484116e+01 -3.764476044640e+01 -5.103530961457e+01 -4.584754750106e+01
8.674000000001e+01  -1.562061827299e+01 -3.767098260205e+01 -5.140324836555e+01 -4.565424789822e+01
8.675000000001e+01  -1.603112080292e+01 -3.768819941690e+01 -5.176785772601e+01 -4.545327161523e+01
8.676000000001e+01  -1.644213491848e+01 -3.769639743334e+01 -5.212896313154e+01 -4.524469510878e+01
8.677000000001e+01  -1.685345284031e+01 -3.769556796848e+01 -5.248639183440e+01 -4.502859883766e+01
8.678000000001e+01  -1.726486663218e+01 -3.768570711915e+01 -5.283997299517e+01 -4.480506721984e+01
8.679000000001e+01  -1.767616831103e+01 -3.766681576426e+01 -5.318953777340e+01 -4.457418858744e+01
8.680000000001e+01  -1.808714995703e+01 -3.763889956469e+01 -5.353491941713e+01 -4.433605513965e+01
8.681000000001e+01  -1.849760382370e+01 -3.760196896057e+01 -5.387595335137e+01 -4.409076289356e+01
8.682000000001e+01  -1.890732244782e+01 -3.755603916606e+01 -5.421247726541e+01 -4.383841163307e+01
8.683000000001e+01  -1.931609875930e+01 -3.750113016158e+01 -5.454433119893e+01 -4.357910485571e+01
8.684000000001e+01  -1.972372619073e+01 -3.743726668352e+01 -5.487135762684e+01 -4.331294971757e+01
8.685000000001e+01  -2.012999878677e+01 -3.736447821138e+01 -5.519340154283e+01 -4.304005697628e+01
8.686000000001e+01  -2.053471131316e+01 -3.728279895239e+01 -5.551031054165e+01 -4.276054093211e+01
8.687000000001e+01  -2.093765936536e+01 -3.719226782369e+01 -5.582193489991e+01 -4.247451936717e+01
8.688000000001e+01  -2.133863947674e+01 -3.709292843189e+01 -5.612812765553e+01 -4.218211348281e+01
8.689000000001e+01  -2.173744922630e+01 -3.698482905017e+01 -5.642874468571e+01 -4.188344783520e+01
8.690000000001e+01  -2.213388734584e+01 -3.686802259300e+01 -5.672364478337e+01 -4.157865026916e+01
8.691000000001e+01  -2.252775382645e+01 -3.674256658818e+01 -5.701268973205e+01 -4.126785185024e+01
8.692000000001e+01  -2.291885002443e+01 -3.660852314662e+01 -5.729574437930e+01 -4.095118679514e+01
8.693000000001e+01  -2.330697876646e+01 -3.646595892957e+01 -5.757267670829e+01 -4.062879240043e+01
8.694000000001e+01  -2.369194445390e+01 -3.631494511344e+01 -5.784335790794e+01 -4.030080896970e+01
8.695000000001e+01  -2.407355316643e+01 -3.615555735225e+01 -5.810766244118e+01 -3.996737973909e+01
8.696000000001e+01  -2.445161276461e+01 -3.598787573762e+01 -5.836546811161e+01 -3.962865080131e+01
8.697000000001e+01  -2.482593299166e+01 -3.581198475648e+01 -5.861665612831e+01 -3.928477102814e+01
8.698000000001e+01  -2.519632557414e+01 -3.562797324639e+01 -5.886111116886e+01 -3.893589199149e+01
8.699000000001e+01  -2.556260432162e+01 -3.543593434848e+01 -5.909872144057e+01 -3.858216788306e+01
8.700000000001e+01  -2.592458522523e+01 -3.523596545824e+01 -5.932937873973e+01 -3.822375543256e+01
8.701000000001e+01  -2.628208655509e+01 -3.502816817388e+01 -5.955297850910e+01 -3.786081382471e+01
8.702000000001e+01  -2.663492895647e+01 -3.481264824254e+01 -5.976941989334e+01 -3.749350461487e+01
8.703000000001e+01  -2.698293554476e+01 -3.458951550425e+01 -5.997860579253e+01 -3.712199164346e+01
8.704000000001e+01  -2.732593199909e+01 -3.435888383371e+01 -6.018044291376e+01 -3.674644094921e+01
8.705000000001e+01  -2.766374665460e+01 -3.412087107991e+01 -6.037484182056e+01 -3.636702068124e+01
8.706000000001e+01  -2.799621059330e+01 -3.387559900359e+01 -6.056171698043e+01 -3.598390101004e+01
8.707000000001e+01  -2.832315773351e+01 -3.362319321272e+01 -6.074098681021e+01 -3.559725403743e+01
8.708000000001e+01  -2.864442491771e+01 -3.336378309572e+01 -6.091257371939e+01 -3.520725370548e+01
8.709000000001e+01  -2.895985199895e+01 -3.309750175287e+01 -6.107640415131e+01 -3.481407570452e+01
8.710000000001e+01  -2.926928192561e+01 -3.282448592558e+01 -6.123240862219e+01 -3.441789738018e+01
8.711000000001e+01  -2.957256082449e+01 -3.254487592377e+01 -6.138052175804e+01 -3.401889763968e+01
8.712000000001e+01  -2.986953808229e+01 -3.225881555132e+01 -6.152068232939e+01 -3.361725685718e+01
8.713000000001e+01  -3.016006642527e+01 -3.196645202964e+01 -6.165283328375e+01 -3.321315677855e+01
8.714000000001e+01  -3.044400199725e+01 -3.166793591944e+01 -6.177692177599e+01 -3.280678042525e+01
8.715000000001e+01  -3.072120443573e+01 -3.136342104062e+01 -6.189289919635e+01 -3.239831199771e+01
8.716000000001e+01  -3.099153694612e+01 -3.105306439051e+01 -6.200072119632e+01 -3.198793677802e+01
8.717000000001e+01  -3.125486637420e+01 -3.073702606032e+01 -6.210034771217e+01 -3.157584103213e+01
8.718000000001e+01  -3.151106327656e+01 -3.041546914998e+01 -6.219174298626e+01 -3.116221191152e+01
8.719000000001e+01  -3.176000198906e+01 -3.008855968129e+01 -6.227487558608e+01 -3.074723735445e+01
8.720000000001e+01  -3.200156069337e+01 -2.975646650960e+01 -6.234971842097e+01 -3.033110598681e+01
8.721000000001e+01  -3.223562148141e+01 -2.941936123382e+01 -6.241624875652e+01 -2.991400702262e+01
8.722000000001e+01  -3.246207041773e+01 -2.907741810509e+01 -6.247444822669e+01 -2.949613016428e+01
8.723000000001e+01  -3.268079759979e+01 -2.873081393390e+01 -6.252430284365e+01 -2.907766550256e+01
8.724000000001e+01  -3.289169721612e+01 -2.837972799592e+01 -6.256580300521e+01 -2.865880341644e+01
8.725000000001e+01  -3.309466760227e+01 -2.802434193642e+01 -6.259894350001e+01 -2.823973447279e+01
8.726000000001e+01  -3.328961129461e+01 -2.766483967344e+01 -6.262372351032e+01 -2.782064932601e+01
8.727000000001e+01  -3.347643508185e+01 -2.730140729972e+01 -6.264014661258e+01 -2.740173861765e+01
8.728000000001e+01  -3.365505005439e+01 -2.693423298349e+01 -6.264822077551e+01 -2.698319287602e+01
8.729000000001e+01  -3.382537165131e+01 -2.656350686804e+01 -6.264795835602e+01 -2.656520241598e+01
8.730000000001e+01  -3.398731970506e+01 -2.618942097032e+01 -6.263937609268e+01 -2.614795723876e+01
8.731000000001e+01  -3.414081848392e+01 -2.581216907843e+01 -6.262249509694e+01 -2.573164693206e+01
8.732000000001e+01  -3.428579673196e+01 -2.543194664825e+01 -6.259734084198e+01 -2.531646057034e+01
8.733000000001e+01  -3.442218770677e+01 -2.504895069901e+01 -6.256394314931e+01 -2.490258661545e+01
8.734000000001e+01  -3.454992921470e+01 -2.466337970819e+01 -6.252233617299e+01 -2.449021281756e+01
8.735000000001e+01  -3.466896364375e+01 -2.427543350547e+01 -6.247255838163e+01 -2.407952611654e+01
8.736000000001e+01  -3.477923799397e+01 -2.388531316601e+01 -6.241465253805e+01 -2.367071254378e+01
8.737000000001e+01  -3.488070390551e+01 -2.349322090309e+01 -6.234866567668e+01 -2.326395712444e+01
8.738000000001e+01  -3.497331768411e+01 -2.309935996000e+01 -6.227464907869e+01 -2.285944378039e+01
8.739000000001e+01  -3.505704032420e+01 -2.270393450154e+01 -6.219265824490e+01 -2.245735523362e+01
8.740000000001e+01  -3.513183752946e+01 -2.230714950484e+01 -6.210275286640e+01 -2.205787291038e+01
8.741000000001e+01  -3.519767973090e+01 -2.190921064988e+01 -6.200499679297e+01 -2.166117684596e+01
8.742000000001e+01  -3.525454210248e+01 -2.151032420956e+01 -6.189945799937e+01 -2.126744559031e+01
8.743000000001e+01  -3.530240457413e+01 -2.111069693943e+01 -6.178620854928e+01 -2.087685611433e+01
8.744000000001e+01  -3.534125184235e+01 -2.071053596722e+01 -6.166532455724e+01 -2.048958371712e+01
8.745000000001e+01  -3.537107337819e+01 -2.031004868209e+01 -6.153688614835e+01 -2.010580193403e+01
8.746000000001e+01  -3.539186343277e+01 -1.990944262386e+01 -6.140097741586e+01 -1.972568244572e+01
8.747000000001e+01  -3.540362104025e+01 -1.950892537202e+01 -6.125768637667e+01 -1.934939498810e+01
8.748000000001e+01  -3.540635001822e+01 -1.910870443485e+01 -6.110710492472e+01 -1.897710726342e+01
8.749000000001e+01  -3.540005896563e+01 -1.870898713849e+01 -6.094932878241e+01 -1.860898485232e+01
8.750000000001e+01  -3.538476125817e+01 -1.830998051623e+01 -6.078445744984e+01 -1.824519112703e+01
8.751000000001e+01  -3.536047504102e+01 -1.791189119785e+01 -6.061259415222e+01 -1.788588716575e+01
8.752000000001e+01  -3.532722321924e+01 -1.751492529930e+01 -6.043384578515e+01 -1.753123166815e+01
8.753000000001e+01  -3.528503344550e+01 -1.711928831263e+01 -6.024832285809e+01 -1.718138087218e+01
8.754000000001e+01  -3.523393810538e+01 -1.672518499627e+01 -6.005613943579e+01 -1.683648847212e+01
8.755000000001e+01  -3.517397430008e+01 -1.633281926577e+01 -5.985741307796e+01 -1.649670553794e+01
8.756000000001e+01  -3.510518382674e+01 -1.594239408502e+01 -5.965226477697e+01 -1.616218043600e+01
8.757000000001e+01  -3.502761315616e+01 -1.555411135796e+01 -5.944081889382e+01 -1.583305875118e+01
8.758000000001e+01  -3.494131340810e+01 -1.516817182104e+01 -5.922320309226e+01 -1.550948321038e+01
8.759000000001e+01  -3.484634032416e+01 -1.478477493615e+01 -5.899954827122e+01 -1.519159360755e+01
8.760000000001e+01  -3.474275423809e+01 -1.440411878449e+01 -5.876998849550e+01 -1.487952673012e+01
8.761000000001e+01  -3.463062004379e+01 -1.402639996108e+01 -5.853466092473e+01 -1.457341628707e+01
8.762000000001e+01  -3.451000716082e+01 -1.365181347021e+01 -5.829370574079e+01 -1.427339283849e+01
8.763000000001e+01  -3.438098949754e+01 -1.328055262175e+01 -5.804726607355e+01 -1.397958372676e+01
8.764000000001e+01  -3.424364541184e+01 -1.291280892849e+01 -5.779548792510e+01 -1.369211300934e+01
8.765000000001e+01  -3.409805766957e+01 -1.254877200448e+01 -5.753852009240e+01 -1.341110139330e+01
8.766000000001e+01  -3.394431340058e+01 -1.218862946442e+01 -5.727651408851e+01 -1.313666617140e+01
8.767000000001e+01  -3.378250405244e+01 -1.183256682428e+01 -5.700962406234e+01 -1.286892116007e+01
8.768000000001e+01  -3.361272534196e+01 -1.148076740305e+01 -5.673800671706e+01 -1.260797663898e+01
8.769000000001e+01  -3.343507720432e+01 -1.113341222578e+01 -5.646182122703e+01 -1.235393929251e+01
8.770000000001e+01  -3.324966374006e+01 -1.079067992791e+01 -5.618122915361e+01 -1.210691215295e+01
8.771000000001e+01  -3.305659315981e+01 -1.045274666098e+01 -5.589639435952e+01 -1.186699454561e+01
8.772000000001e+01  -3.285597772688e+01 -1.011978599976e+01 -5.560748292211e+01 -1.163428203573e+01
8.773000000001e+01  -3.264793369767e+01 -9.791968850808e+00 -5.531466304540e+01 -1.140886637736e+01
8.774000000001e+01  -3.243258125999e+01 -9.469463362555e+00 -5.501810497102e+01 -1.119083546407e+01
8.775000000001e+01  -3.221004446926e+01 -9.152434836990e+00 -5.471798088800e+01 -1.098027328170e+01
8.776000000001e+01  -3.198045118269e+01 -8.841045642891e+00 -5.441446484167e+01 -1.077725986300e+01
8.777000000001e+01  -3.174393299145e+01 -8.535455130747e+00 -5.410773264141e+01 -1.058187124434e+01
8.778000000001e+01  -3.150062515081e+01 -8.235819549355e+00 -5.379796176761e+01 -1.039417942438e+01
8.779000000001e+01  -3.125066650845e+01 -7.942291964166e+00 -5.348533127764e+01 -1.021425232485e+01
8.780000000001e+01  -3.099419943072e+01 -7.655022177395e+00 -5.317002171102e+01 -1.004215375333e+01
8.781000000001e+01  -3.073136972714e+01 -7.374156649960e+00 -5.285221499384e+01 -9.877943368203e+00
8.782000000001e+01  -3.046232657304e+01 -7.099838425261e+00 -5.253209434241e+01 -9.721676645653e+00
8.783000000001e+01  -3.018722243043e+01 -6.832207054856e+00 -5.220984416618e+01 -9.573404848844e+00
8.784000000001e+01  -2.990621296715e+01 -6.571398526052e+00 -5.188564997015e+01 -9.433174999248e+00
8.785000000001e+01  -2.961945697422e+01 -6.317545191461e+00 -5.155969825653e+01 -9.301029850158e+00
8.786000000001e+01  -2.932711628170e+01 -6.070775700531e+00 -5.123217642604e+01 -9.177007862395e+00
8.787000000001e+01  -2.902935567281e+01 -5.831214933100e+00 -5.090327267862e+01 -9.061143182243e+00
8.788000000001e+01  -2.872634279654e+01 -5.598983934994e+00 -5.057317591373e+01 -8.953465621624e+00
8.789000000001e+01  -2.841824807876e+01 -5.374199855688e+00 -5.024207563030e+01 -8.854000640528e+00
8.790000000001e+01  -2.810524463181e+01 -5.156975888075e+00 -4.991016182637e+01 -8.762769331721e+00
8.791000000001e+01  -2.778750816274e+01 -4.947421210341e+00 -4.957762489839e+01 -8.679788407741e+00
8.792000000001e+01  -2.746521688013e+01 -4.745640929996e+00 -4.924465554040e+01 -8.605070190204e+00
8.793000000001e+01  -2.713855139961e+01 -4.551736030057e+00 -4.891144464296e+01 -8.538622601429e+00
8.794000000001e+01  -2.680769464809e+01 -4.365803317419e+00 -4.857818319205e+01 -8.480449158395e+00
8.795000000001e+01  -2.647283176683e+01 -4.187935373436e+00 -4.824506216781e+01 -8.430548969042e+00
8.796000000001e+01  -2.613415001324e+01 -4.018220506707e+00 -4.791227244339e+01 -8.388916730936e+00
8.797000000001e+01  -2.579183866169e+01 -3.856742708114e+00 -4.758000468378e+01 -8.355542732283e+00
8.798000000001e+01  -2.544608890318e+01 -3.703581608104e+00 -4.724844924471e+01 -8.330412855328e+00
8.799000000001e+01  -2.509709374400e+01 -3.558812436242e+00 -4.691779607183e+01 -8.313508582126e+00
8.800000000001e+01  -2.474504790350e+01 -3.422505983046e+00 -4.658823459995e+01 -8.304807002698e+00
8.801000000001e+01  -2.439014771088e+01 -3.294728564113e+00 -4.625995365265e+01 -8.304280825566e+00
8.802000000001e+01  -2.403259100122e+01 -3.175541986559e+00 -4.593314134213e+01 -8.311898390685e+00
8.803000000001e+01  -2.367257701065e+01 -3.065003517767e+00 -4.560798496950e+01 -8.327623684750e+00
8.804000000001e+01  -2.331030627086e+01 -2.963165856474e+00 -4.528467092541e+01 -8.351416358895e+00
8.805000000001e+01  -2.294598050285e+01 -2.870077106189e+00 -4.496338459122e+01 -8.383231748770e+00
8.806000000001e+01  -2.257980251012e+01 -2.785780750960e+00 -4.464431024063e+01 -8.423020896988e+00
8.807000000001e+01  -2.221197607132e+01 -2.710315633507e+00 -4.432763094195e+01 -8.470730577941e+00
8.808000000001e+01  -2.184270583230e+01 -2.643715935704e+00 -4.401352846095e+01 -8.526303324978e+00
8.809000000001e+01  -2.147219719781e+01 -2.586011161442e+00 -4.370218316441e+01 -8.589677459919e+00
8.810000000001e+01  -2.110065622278e+01 -2.537226121872e+00 -4.339377392441e+01 -8.660787124912e+00
8.811000000001e+01  -2.072828950322e+01 -2.497380923027e+00 -4.308847802333e+01 -8.739562316595e+00
8.812000000001e+01  -2.035530406689e+01 -2.466490955834e+00 -4.278647105982e+01 -8.825928922574e+00
8.813000000001e+01  -1.998190726378e+01 -2.444566888524e+00 -4.248792685549e+01 -8.919808760168e+00
8.814000000001e+01  -1.960830665635e+01 -2.431614661434e+00 -4.219301736268e+01 -9.021119617426e+00
8.815000000001e+01  -1.923470990974e+01 -2.427635484220e+00 -4.190191257307e+01 -9.129775296379e+00
8.816000000001e+01  -1.886132468187e+01 -2.432625835461e+00 -4.161478042743e+01 -9.245685658508e+00
8.817000000001e+01  -1.848835851366e+01 -2.446577464679e+00 -4.133178672641e+01 -9.368756672403e+00
8.818000000001e+01  -1.811601871917e+01 -2.469477396763e+00 -4.105309504242e+01 -9.498890463580e+00
8.819000000001e+01  -1.774451227602e+01 -2.501307938793e+00 -4.077886663274e+01 -9.635985366439e+00
8.820000000001e+01  -1.737404571590e+01 -2.542046689281e+00 -4.050926035378e+01 -9.779935978321e+00
8.821000000001e+01  -1.700482501533e+01 -2.591666549808e+00 -4.024443257672e+01 -9.930633215633e+00
8.822000000001e+01  -1.663705548679e+01 -2.650135739062e+00 -3.998453710430e+01 -1.008796437202e+01
8.823000000001e+01  -1.627094167012e+01 -2.717417809284e+00 -3.972972508909e+01 -1.025181317853e+01
8.824000000001e+01  -1.590668722442e+01 -2.793471665094e+00 -3.948014495314e+01 -1.042205986575e+01
8.825000000001e+01  -1.554449482033e+01 -2.878251584714e+00 -3.923594230900e+01 -1.059858122789e+01
8.826000000001e+01  -1.518456603292e+01 -2.971707243569e+00 -3.899725988230e+01 -1.078125068871e+01
8.827000000001e+01  -1.482710123515e+01 -3.073783740265e+00 -3.876423743584e+01 -1.096993836937e+01
8.828000000001e+01  -1.447229949191e+01 -3.184421624924e+00 -3.853701169520e+01 -1.116451115802e+01
8.829000000001e+01  -1.412035845482e+01 -3.303556929880e+00 -3.831571627604e+01 -1.136483278119e+01
8.830000000001e+01  -1.377147425776e+01 -3.431121202716e+00 -3.810048161297e+01 -1.157076387695e+01
8.831000000001e+01  -1.342584141322e+01 -3.567041541630e+00 -3.789143489012e+01 -1.178216206966e+01
8.832000000001e+01  -1.308365270947e+01 -3.711240633121e+00 -3.768869997348e+01 -1.199888204642e+01
8.833000000001e+01  -1.274509910868e+01 -3.863636791969e+00 -3.749239734493e+01 -1.222077563513e+01
8.834000000001e+01  -1.241036964601e+01 -4.024144003509e+00 -3.730264403814e+01 -1.244769188404e+01
8.835000000001e+01  -1.207965132968e+01 -4.192671968170e+00 -3.711955357620e+01 -1.267947714285e+01
8.836000000001e+01  -1.175312904217e+01 -4.369126148252e+00 -3.694323591120e+01 -1.291597514522e+01
8.837000000001e+01  -1.143098544248e+01 -4.553407816950e+00 -3.677379736569e+01 -1.315702709271e+01
8.838000000001e+01  -1.111340086965e+01 -4.745414109566e+00 -3.661134057600e+01 -1.340247174010e+01
8.839000000001e+01  -1.080055324739e+01 -4.945038076912e+00 -3.645596443760e+01 -1.365214548193e+01
8.840000000001e+01  -1.049261799011e+01 -5.152168740877e+00 -3.630776405241e+01 -1.390588244042e+01
8.841000000001e+01  -1.018976791019e+01 -5.366691152114e+00 -3.616683067810e+01 -1.416351455448e+01
8.842000000001e+01  -9.892173126636e+00 -5.588486449845e+00 -3.603325167948e+01 -1.442487166995e+01
8.843000000001e+01  -9.600000975221e+00 -5.817431923735e+00 -3.590711048193e+01 -1.468978163092e+01
8.844000000001e+01  -9.313415920008e+00 -6.053401077825e+00 -3.578848652693e+01 -1.495807037209e+01
8.845000000001e+01  -9.032579466446e+00 -6.296263696467e+00 -3.567745522970e+01 -1.522956201215e+01
8.846000000001e+01  -8.757650076012e+00 -6.545885912257e+00 -3.557408793897e+01 -1.550407894811e+01
8.847000000001e+01  -8.488783082458e+00 -6.802130275912e+00 -3.547845189896e+01 -1.578144195050e+01
8.848000000001e+01  -8.226130609712e+00 -7.064855828067e+00 -3.539061021347e+01 -1.606147025946e+01
8.849000000001e+01  -7.969841491473e+00 -7.333918172953e+00 -3.531062181223e+01 -1.634398168155e+01
8.850000000001e+01  -7.720061192542e+00 -7.609169553917e+00 -3.523854141944e+01 -1.662879268739e+01
8.851000000001e+01  -7.476931731933e+00 -7.890458930745e+00 -3.517441952455e+01 -1.691571850988e+01
8.852000000001e+01  -7.240591607800e+00 -8.177632058758e+00 -3.511830235528e+01 -1.720457324314e+01
8.853000000001e+01  -7.011175724227e+00 -8.470531569630e+00 -3.507023185295e+01 -1.749516994199e+01
8.854000000001e+01  -6.788815319912e+00 -8.768997053886e+00 -3.503024565003e+01 -1.778732072192e+01
8.855000000001e+01  -6.573637898789e+00 -9.072865145046e+00 -3.499837705001e+01 -1.808083685957e+01
8.856000000001e+01  -6.365767162617e+00 -9.381969605366e+00 -3.497465500957e+01 -1.837552889364e+01
8.857000000001e+01  -6.165322945583e+00 -9.696141413132e+00 -3.495910412308e+01 -1.867120672610e+01
8.858000000001e+01  -5.972421150944e+00 -1.001520885146e+01 -3.495174460935e+01 -1.896767972376e+01
8.859000000001e+01  -5.787173689744e+00 -1.033899759855e+01 -3.495259230081e+01 -1.926475682003e+01
8.860000000001e+01  -5.609688421642e+00 -1.066733081937e+01 -3.496165863493e+01 -1.956224661698e+01
8.861000000001e+01  -5.440069097877e+00 -1.100002925869e+01 -3.497895064802e+01 -1.985995748743e+01
8.862000000001e+01  -5.278415306409e+00 -1.133691133545e+01 -3.500447097135e+01 -2.015769767718e+01
8.863000000001e+01  -5.124822419249e+00 -1.167779323835e+01 -3.503821782966e+01 -2.045527540730e+01
8.864000000001e+01  -4.979381542029e+00 -1.202248902272e+01 -3.508018504192e+01 -2.075249897634e+01
8.865000000001e+01  -4.842179465817e+00 -1.237081070848e+01 -3.513036202454e+01 -2.104917686252e+01
8.866000000001e+01  -4.713298621213e+00 -1.272256837931e+01 -3.518873379680e+01 -2.134511782575e+01
8.867000000001e+01  -4.592817034755e+00 -1.307757028275e+01 -3.525528098875e+01 -2.164013100950e+01
8.868000000001e+01  -4.480808287648e+00 -1.343562293142e+01 -3.532997985133e+01 -2.193402604242e+01
8.869000000001e+01  -4.377341476842e+00 -1.379653120513e+01 -3.541280226887e+01 -2.222661313967e+01
8.870000000001e+01  -4.282481178484e+00 -1.416009845393e+01 -3.550371577390e+01 -2.251770320391e+01
8.871000000001e+01  -4.196287413757e+00 -1.452612660191e+01 -3.560268356429e+01 -2.280710792589e+01
8.872000000001e+01  -4.118815617129e+00 -1.489441625191e+01 -3.570966452263e+01 -2.309463988461e+01
8.873000000001e+01  -4.050116607025e+00 -1.526476679089e+01 -3.582461323799e+01 -2.338011264695e+01
8.874000000001e+01  -3.990236558945e+00 -1.563697649596e+01 -3.594748002990e+01 -2.366334086680e+01
8.875000000001e+01  -3.939216981032e+00 -1.601084264107e+01 -3.607821097462e+01 -2.394414038349e+01
8.876000000001e+01  -3.897094692108e+00 -1.638616160424e+01 -3.621674793363e+01 -2.422232831967e+01
8.877000000001e+01  -3.863901802199e+00 -1.676272897527e+01 -3.636302858444e+01 -2.449772317843e+01
8.878000000001e+01  -3.839665695540e+00 -1.714033966395e+01 -3.651698645350e+01 -2.477014493963e+01
8.879000000001e+01  -3.824409016089e+00 -1.751878800861e+01 -3.667855095146e+01 -2.503941515551e+01
8.880000000001e+01  -3.818149655539e+00 -1.789786788501e+01 -3.684764741047e+01 -2.530535704537e+01
8.881000000001e+01  -3.820900743857e+00 -1.827737281549e+01 -3.702419712372e+01 -2.556779558935e+01
8.882000000001e+01  -3.832670642331e+00 -1.865709607837e+01 -3.720811738717e+01 -2.582655762125e+01
8.883000000001e+01  -3.853462939151e+00 -1.903683081744e+01 -3.739932154329e+01 -2.608147192041e+01
8.884000000001e+01  -3.883276447503e+00 -1.941637015162e+01 -3.759771902698e+01 -2.633236930245e+01
8.885000000001e+01  -3.922105206205e+00 -1.979550728459e+01 -3.780321541353e+01 -2.657908270894e+01
8.886000000001e+01  -3.969938482859e+00 -2.017403561443e+01 -3.801571246865e+01 -2.682144729594e+01
8.887000000001e+01  -4.026760779535e+00 -2.055174884316e+01 -3.823510820050e+01 -2.705930052133e+01
8.888000000001e+01  -4.092551840971e+00 -2.092844108616e+01 -3.846129691376e+01 -2.729248223090e+01
8.889000000001e+01  -4.167286665300e+00 -2.130390698139e+01 -3.869416926554e+01 -2.752083474313e+01
8.890000000001e+01  -4.250935517285e+00 -2.167794179829e+01 -3.893361232343e+01 -2.774420293272e+01
8.891000000001e+01  -4.343463944058e+00 -2.205034154650e+01 -3.917950962525e+01 -2.796243431265e+01
8.892000000001e+01  -4.444832793362e+00 -2.242090308404e+01 -3.943174124080e+01 -2.817537911489e+01
8.893000000001e+01  -4.554998234280e+00 -2.278942422518e+01 -3.969018383541e+01 -2.838289036962e+01
8.894000000001e+01  -4.673911780439e+00 -2.315570384778e+01 -3.995471073527e+01 -2.858482398295e+01
8.895000000001e+01  -4.801520315680e+00 -2.351954200005e+01 -4.022519199462e+01 -2.878103881314e+01
8.896000000001e+01  -4.937766122186e+00 -2.388074000680e+01 -4.050149446453e+01 -2.897139674519e+01
8.897000000001e+01  -5.082586911035e+00 -2.423910057488e+01 -4.078348186352e+01 -2.915576276384e+01
8.898000000001e+01  -5.235915855190e+00 -2.459442789806e+01 -4.107101484979e+01 -2.933400502486e+01
8.899000000001e+01  -5.397681624875e+00 -2.494652776103e+01 -4.136395109502e+01 -2.950599492478e+01
8.900000000001e+01  -5.567808425353e+00 -2.529520764261e+01 -4.166214535984e+01 -2.967160716869e+01
8.901000000001e+01  -5.746216037056e+00 -2.564027681810e+01 -4.196544957078e+01 -2.983071983647e+01
8.902000000001e+01  -5.932819858067e+00 -2.598154646060e+01 -4.227371289876e+01 -2.998321444708e+01
8.903000000001e+01  -6.127530948921e+00 -2.631882974147e+01 -4.258678183903e+01 -3.012897602106e+01
8.904000000001e+01  -6.330256079703e+00 -2.665194192961e+01 -4.290450029252e+01 -3.026789314119e+01
8.905000000001e+01  -6.540897779419e+00 -2.698070048976e+01 -4.322670964856e+01 -3.039985801122e+01
8.906000000001e+01  -6.759354387619e+00 -2.730492517957e+01 -4.355324886897e+01 -3.052476651266e+01
8.907000000001e+01  -6.985520108232e+00 -2.762443814545e+01 -4.388395457339e+01 -3.064251825966e+01
8.908000000001e+01  -7.219285065598e+00 -2.793906401728e+01 -4.421866112586e+01 -3.075301665181e+01
8.909000000001e+01  -7.460535362659e+00 -2.824863000166e+01 -4.455720072266e+01 -3.085616892502e+01
8.910000000001e+01  -7.709153141283e+00 -2.855296597397e+01 -4.489940348115e+01 -3.095188620031e+01
8.911000000001e+01  -7.965016644684e+00 -2.885190456883e+01 -4.524509752993e+01 -3.104008353053e+01
8.912000000001e+01  -8.228000281912e+00 -2.914528126934e+01 -4.559410909981e+01 -3.112067994498e+01
8.913000000001e+01  -8.497974694371e+00 -2.943293449460e+01 -4.594626261600e+01 -3.119359849195e+01
8.914000000001e+01  -8.774806824337e+00 -2.971470568584e+01 -4.630138079111e+01 -3.125876627906e+01
8.915000000001e+01  -9.058359985433e+00 -2.999043939088e+01 -4.665928471914e+01 -3.131611451152e+01
8.916000000001e+01  -9.348493935031e+00 -3.025998334697e+01 -4.701979397026e+01 -3.136557852812e+01
8.917000000001e+01  -9.645064948534e+00 -3.052318856198e+01 -4.738272668649e+01 -3.140709783508e+01
8.918000000001e+01  -9.947925895511e+00 -3.077990939381e+01 -4.774789967804e+01 -3.144061613768e+01
8.919000000001e+01  -1.025692631763e+01 -3.103000362809e+01 -4.811512852042e+01 -3.146608136961e+01
8.920000000001e+01  -1.057191250835e+01 -3.127333255401e+01 -4.848422765216e+01 -3.148344572012e+01
8.921000000001e+01  -1.089272759435e+01 -3.150976103839e+01 -4.885501047317e+01 -3.149266565888e+01
8.922000000001e+01  -1.121921161865e+01 -3.173915759777e+01 -4.922728944365e+01 -3.149370195859e+01
8.923000000001e+01  -1.155120162530e+01 -3.196139446865e+01 -4.960087618345e+01 -3.148651971525e+01
8.924000000001e+01  -1.188853174573e+01 -3.217634767570e+01 -4.997558157190e+01 -3.147108836617e+01
8.925000000001e+01  -1.223103328662e+01 -3.238389709804e+01 -5.035121584809e+01 -3.144738170567e+01
8.926000000001e+01  -1.257853481927e+01 -3.258392653344e+01 -5.072758871138e+01 -3.141537789845e+01
8.927000000001e+01  -1.293086227039e+01 -3.277632376045e+01 -5.110450942229e+01 -3.137505949062e+01
8.928000000001e+01  -1.328783901435e+01 -3.296098059847e+01 -5.148178690356e+01 -3.132641341844e+01
8.929000000001e+01  -1.364928596672e+01 -3.313779296567e+01 -5.185922984142e+01 -3.126943101470e+01
8.930000000001e+01  -1.401502167917e+01 -3.330666093469e+01 -5.223664678700e+01 -3.120410801276e+01
8.931000000001e+01  -1.438486243559e+01 -3.346748878625e+01 -5.261384625777e+01 -3.113044454822e+01
8.932000000001e+01  -1.475862234940e+01 -3.362018506046e+01 -5.299063683899e+01 -3.104844515834e+01
8.933000000001e+01  -1.513611346206e+01 -3.376466260590e+01 -5.336682728520e+01 -3.095811877903e+01
8.934000000001e+01  -1.551714584263e+01 -3.390083862648e+01 -5.374222662155e+01 -3.085947873949e+01
8.935000000001e+01  -1.590152768840e+01 -3.402863472590e+01 -5.411664424499e+01 -3.075254275461e+01
8.936000000001e+01  -1.628906542650e+01 -3.414797694986e+01 -5.448989002529e+01 -3.063733291497e+01
8.937000000001e+01  -1.667956381648e+01 -3.425879582594e+01 -5.486177440582e+01 -3.051387567448e+01
8.938000000001e+01  -1.707282605371e+01 -3.436102640104e+01 -5.523210850397e+01 -3.038220183576e+01
8.939000000001e+01  -1.746865387367e+01 -3.445460827651e+01 -5.560070421124e+01 -3.024234653319e+01
8.940000000001e+01  -1.786684765702e+01 -3.453948564083e+01 -5.596737429298e+01 -3.009434921364e+01
8.941000000001e+01  -1.826720653529e+01 -3.461560729990e+01 -5.633193248755e+01 -2.993825361491e+01
8.942000000001e+01  -1.866952849739e+01 -3.468292670484e+01 -5.669419360506e+01 -2.977410774191e+01
8.943000000001e+01  -1.907361049655e+01 -3.474140197742e+01 -5.705397362550e+01 -2.960196384050e+01
8.944000000001e+01  -1.947924855797e+01 -3.479099593296e+01 -5.741108979626e+01 -2.942187836917e+01
8.945000000001e+01  -1.988623788686e+01 -3.483167610078e+01 -5.776536072897e+01 -2.923391196839e+01
8.946000000001e+01  -2.029437297694e+01 -3.486341474215e+01 -5.811660649565e+01 -2.903812942778e+01
8.947000000001e+01  -2.070344771932e+01 -3.488618886576e+01 -5.846464872400e+01 -2.883459965109e+01
8.948000000001e+01  -2.111325551170e+01 -3.489998024068e+01 -5.880931069201e+01 -2.862339561888e+01
8.949000000001e+01  -2.152358936787e+01 -3.490477540680e+01 -5.915041742152e+01 -2.840459434921e+01
8.950000000001e+01  -2.193424202731e+01 -3.490056568274e+01 -5.948779577103e+01 -2.817827685598e+01
8.951000000001e+01  -2.234500606504e+01 -3.488734717130e+01 -5.982127452740e+01 -2.794452810531e+01
8.952000000001e+01  -2.275567400152e+01 -3.486512076230e+01 -6.015068449660e+01 -2.770343696969e+01
8.953000000001e+01  -2.316603841255e+01 -3.483389213297e+01 -6.047585859338e+01 -2.745509618010e+01
8.954000000001e+01  -2.357589203917e+01 -3.479367174578e+01 -6.079663192982e+01 -2.719960227613e+01
8.955000000001e+01  -2.398502789749e+01 -3.474447484375e+01 -6.111284190268e+01 -2.693705555393e+01
8.956000000001e+01  -2.439323938833e+01 -3.468632144322e+01 -6.142432827964e+01 -2.666756001228e+01
8.957000000001e+01  -2.480032040668e+01 -3.461923632416e+01 -6.173093328413e+01 -2.639122329665e+01
8.958000000001e+01  -2.520606545088e+01 -3.454324901791e+01 -6.203250167903e+01 -2.610815664127e+01
8.959000000001e+01  -2.561026973151e+01 -3.445839379246e+01 -6.232888084890e+01 -2.581847480936e+01
8.960000000001e+01  -2.601272927987e+01 -3.436470963519e+01 -6.261992088086e+01 -2.552229603141e+01
8.961000000001e+01  -2.641324105605e+01 -3.426224023314e+01 -6.290547464408e+01 -2.521974194165e+01
8.962000000001e+01  -2.681160305648e+01 -3.415103395085e+01 -6.318539786774e+01 -2.491093751269e+01
8.963000000001e+01  -2.720761442092e+01 -3.403114380563e+01 -6.345954921747e+01 -2.459601098835e+01
8.964000000001e+01  -2.760107553893e+01 -3.390262744052e+01 -6.372779037034e+01 -2.427509381483e+01
8.965000000001e+01  -2.799178815552e+01 -3.376554709466e+01 -6.398998608810e+01 -2.394832057003e+01
8.966000000001e+01  -2.837955547626e+01 -3.361996957135e+01 -6.424600428890e+01 -2.361582889133e+01
8.967000000001e+01  -2.876418227146e+01 -3.346596620369e+01 -6.449571611735e+01 -2.327775940164e+01
8.968000000001e+01  -2.914547497958e+01 -3.330361281778e+01 -6.473899601274e+01 -2.293425563395e+01
8.969000000001e+01  -2.952324180981e+01 -3.313298969359e+01 -6.497572177569e+01 -2.258546395416e+01
8.970000000001e+01  -2.989729284360e+01 -3.295418152350e+01 -6.520577463290e+01 -2.223153348261e+01
8.971000000001e+01  -3.026744013525e+01 -3.276727736849e+01 -6.542903930012e+01 -2.187261601395e+01
8.972000000001e+01  -3.063349781150e+01 -3.257237061207e+01 -6.564540404331e+01 -2.150886593567e+01
8.973000000001e+01  -3.099528216990e+01 -3.236955891184e+01 -6.585476073787e+01 -2.114044014523e+01
8.974000000001e+01  -3.135261177615e+01 -3.215894414892e+01 -6.605700492598e+01 -2.076749796583e+01
8.975000000001e+01  -3.170530756014e+01 -3.194063237508e+01 -6.625203587203e+01 -2.039020106087e+01
8.976000000001e+01  -3.205319291080e+01 -3.171473375770e+01 -6.643975661602e+01 -2.000871334721e+01
8.977000000001e+01  -3.239609376960e+01 -3.148136252258e+01 -6.662007402502e+01 -1.962320090714e+01
8.978000000001e+01  -3.273383872269e+01 -3.124063689454e+01 -6.679289884259e+01 -1.923383189925e+01
8.979000000001e+01  -3.306625909171e+01 -3.099267903602e+01 -6.695814573614e+01 -1.884077646815e+01
8.980000000001e+01  -3.339318902301e+01 -3.073761498357e+01 -6.711573334220e+01 -1.844420665317e+01
8.981000000001e+01  -3.371446557551e+01 -3.047557458221e+01 -6.726558430965e+01 -1.804429629597e+01
8.982000000001e+01  -3.402992880691e+01 -3.020669141797e+01 -6.740762534075e+01 -1.764122094724e+01
8.983000000001e+01  -3.433942185838e+01 -2.993110274828e+01 -6.754178723010e+01 -1.723515777246e+01
8.984000000001e+01  -3.464279103752e+01 -2.964894943051e+01 -6.766800490138e+01 -1.682628545677e+01
8.985000000001e+01  -3.493988589974e+01 -2.936037584865e+01 -6.778621744196e+01 -1.641478410910e+01
8.986000000001e+01  -3.523055932785e+01 -2.906552983807e+01 -6.789636813526e+01 -1.600083516541e+01
8.987000000001e+01  -3.551466760988e+01 -2.876456260846e+01 -6.799840449091e+01 -1.558462129133e+01
8.988000000001e+01  -3.579207051511e+01 -2.845762866505e+01 -6.809227827269e+01 -1.516632628406e+01
8.989000000001e+01  -3.606263136828e+01 -2.814488572804e+01 -6.817794552421e+01 -1.474613497373e+01
8.990000000001e+01  -3.632621712181e+01 -2.782649465039e+01 -6.825536659232e+01 -1.432423312411e+01
8.991000000001e+01  -3.658269842623e+01 -2.750261933387e+01 -6.832450614828e+01 -1.390080733294e+01
8.992000000001e+01  -3.683194969849e+01 -2.717342664359e+01 -6.838533320658e+01 -1.347604493166e+01
8.993000000001e+01  -3.707384918842e+01 -2.683908632093e+01 -6.843782114153e+01 -1.305013388491e+01
8.994000000001e+01  -3.730827904306e+01 -2.649977089493e+01 -6.848194770151e+01 -1.262326268955e+01
8.995000000001e+01  -3.753512536889e+01 -2.615565559225e+01 -6.851769502092e+01 -1.219562027349e+01
8.996000000001e+01  -3.775427829210e+01 -2.580691824568e+01 -6.854504962982e+01 -1.176739589424e+01
8.997000000001e+01  -3.796563201655e+01 -2.545373920122e+01 -6.856400246118e+01 -1.133877903729e+01
8.998000000001e+01  -3.816908487969e+01 -2.509630122394e+01 -6.857454885595e+01 -1.090995931439e+01
8.999000000001e+01  -3.836453940621e+01 -2.473478940243e+01 -6.857668856562e+01 -1.048112636177e+01
9.000000000001e+01  -3.855190235952e+01 -2.436939105211e+01 -6.857042575257e+01 -1.005246973832e+01
9.001000000001e+01  -3.873108479097e+01 -2.400029561728e+01 -6.855576898804e+01 -9.624178823865e+00
9.002000000001e+01  -3.890200208672e+01 -2.362769457207e+01 -6.853273124779e+01 -9.196442717501e+00
9.003000000001e+01  -3.906457401245e+01 -2.325178132029e+01 -6.850132990540e+01 -8.769450136139e+00
9.004000000001e+01  -3.921872475559e+01 -2.287275109424e+01 -6.846158672327e+01 -8.343389313230e+00
9.005000000001e+01  -3.936438296535e+01 -2.249080085251e+01 -6.841352784126e+01 -7.918447897798e+00
9.006000000001e+01  -3.950148179027e+01 -2.210612917691e+01 -6.835718376305e+01 -7.494812853782e+00
9.007000000001e+01  -3.962995891347e+01 -2.171893616839e+01 -6.829258934018e+01 -7.072670359789e+00
9.008000000001e+01  -3.974975658543e+01 -2.132942334228e+01 -6.821978375375e+01 -6.652205709280e+00
9.009000000001e+01  -3.986082165443e+01 -2.093779352256e+01 -6.813881049386e+01 -6.233603211274e+00
9.010000000001e+01  -3.996310559448e+01 -2.054425073560e+01 -6.804971733673e+01 -5.817046091603e+00
9.011000000001e+01  -4.005656453085e+01 -2.014900010303e+01 -6.795255631958e+01 -5.402716394795e+00
9.012000000001e+01  -4.014115926315e+01 -1.975224773409e+01 -6.784738371322e+01 -4.990794886630e+00
9.013000000001e+01  -4.021685528592e+01 -1.935420061739e+01 -6.773425999238e+01 -4.581460957430e+00
9.014000000001e+01  -4.028362280674e+01 -1.895506651210e+01 -6.761324980379e+01 -4.174892526140e+00
9.015000000001e+01  -4.034143676192e+01 -1.855505383869e+01 -6.748442193208e+01 -3.771265945257e+00
9.016000000001e+01  -4.039027682961e+01 -1.815437156926e+01 -6.734784926344e+01 -3.370755906661e+00
9.017000000001e+01  -4.043012744048e+01 -1.775322911747e+01 -6.720360874703e+01 -2.973535348410e+00
9.018000000001e+01  -4.046097778590e+01 -1.735183622815e+01 -6.705178135433e+01 -2.579775362548e+00
9.019000000001e+01  -4.048282182363e+01 -1.695040286666e+01 -6.689245203623e+01 -2.189645103988e+00
9.020000000001e+01  -4.049565828098e+01 -1.654913910802e+01 -6.672570967800e+01 -1.803311700526e+00
9.021000000001e+01  -4.049949065553e+01 -1.614825502588e+01 -6.655164705217e+01 -1.420940164033e+00
9.022000000001e+01  -4.049432721334e+01 -1.574796058134e+01 -6.637036076929e+01 -1.042693302892e+00
9.023000000001e+01  -4.048018098467e+01 -1.534846551176e+01 -6.618195122657e+01 -6.687316357269e-01
9.024000000001e+01  -4.045706975725e+01 -1.494997921950e+01 -6.598652255452e+01 -2.992133064792e-01
9.025000000001e+01  -4.042501606710e+01 -1.455271066071e+01 -6.578418256154e+01 6.570599911348e-02
9.026000000001e+01  -4.038404718684e+01 -1.415686823424e+01 -6.557504267645e+01 4.258731355827e-01
9.027000000001e+01  -4.033419511162e+01 -1.376265967062e+01 -6.535921788908e+01 7.811375782876e-01
9.028000000001e+01  -4.027549654264e+01 -1.337029192129e+01 -6.513682668887e+01 1.131351502414e+00
9.029000000001e+01  -4.020799286814e+01 -1.297997104801e+01 -6.490799100157e+01 1.476369860361e+00
9.030000000001e+01  -4.013173014220e+01 -1.259190211256e+01 -6.467283612393e+01 1.816050457471e+00
9.031000000001e+01  -4.004675906098e+01 -1.220628906682e+01 -6.443149065660e+01 2.150254026046e+00
9.032000000001e+01  -3.995313493671e+01 -1.182333464316e+01 -6.418408643514e+01 2.478844297606e+00
9.033000000001e+01  -3.985091766935e+01 -1.144324024534e+01 -6.393075845918e+01 2.801688073346e+00
9.034000000001e+01  -3.974017171591e+01 -1.106620583980e+01 -6.367164481974e+01 3.118655292736e+00
9.035000000001e+01  -3.962096605752e+01 -1.069242984755e+01 -6.340688662489e+01 3.429619100229e+00
9.036000000001e+01  -3.949337416425e+01 -1.032210903660e+01 -6.313662792355e+01 3.734455910035e+00
9.037000000001e+01  -3.935747395769e+01 -9.955438415051e+00 -6.286101562761e+01 4.033045468906e+00
9.038000000001e+01  -3.921334777135e+01 -9.592611124848e+00 -6.258019943237e+01 4.325270916908e+00
9.039000000001e+01  -3.906108230892e+01 -9.233818336246e+00 -6.229433173536e+01 4.611018846137e+00
9.040000000001e+01  -3.890076860033e+01 -8.879249143087e+00 -6.200356755349e+01 4.890179357341e+00
9.041000000001e+01  -3.873250195582e+01 -8.529090458899e+00 -6.170806443863e+01 5.162646114413e+00
9.042000000001e+01  -3.855638191785e+01 -8.183526913881e+00 -6.140798239166e+01 5.428316396737e+00
9.043000000001e+01  -3.837251221102e+01 -7.842740752834e+00 -6.110348377500e+01 5.687091149339e+00
9.044000000001e+01  -3.818100069001e+01 -7.506911734080e+00 -6.079473322367e+01 5.938875030830e+00
9.045000000001e+01  -3.798195928554e+01 -7.176217029444e+00 -6.048189755488e+01 6.183576459122e+00
9.046000000001e+01  -3.777550394842e+01 -6.850831125331e+00 -6.016514567630e+01 6.421107654881e+00
9.047000000001e+01  -3.756175459167e+01 -6.530925724986e+00 -5.984464849292e+01 6.651384682715e+00
9.048000000001e+01  -3.734083503086e+01 -6.216669651967e+00 -5.952057881262e+01 6.874327490074e+00
9.049000000001e+01  -3.711287292257e+01 -5.908228754918e+00 -5.919311125050e+01 7.089859943859e+00
9.050000000001e+01  -3.687799970107e+01 -5.605765813689e+00 -5.886242213197e+01 7.297909864731e+00
9.051000000001e+01  -3.663635051329e+01 -5.309440446875e+00 -5.852868939475e+01 7.498409059103e+00
9.052000000001e+01  -3.638806415203e+01 -5.019409020829e+00 -5.819209248968e+01 7.691293348846e+00
9.053000000001e+01  -3.613328298747e+01 -4.735824560240e+00 -5.785281228053e+01 7.876502598679e+00
9.054000000001e+01  -3.587215289708e+01 -4.458836660321e+00 -5.751103094286e+01 8.053980741267e+00
9.055000000001e+01  -3.560482319383e+01 -4.188591400683e+00 -5.716693186190e+01 8.223675800050e+00
9.056000000001e+01  -3.533144655281e+01 -3.925231260985e+00 -5.682069952960e+01 8.385539909780e+00
9.057000000001e+01  -3.505217893633e+01 -3.668895038407e+00 -5.647251944091e+01 8.539529334832e+00
9.058000000001e+01  -3.476717951733e+01 -3.419717767042e+00 -5.612257798933e+01 8.685604485265e+00
9.059000000001e+01  -3.447661060138e+01 -3.177830639264e+00 -5.577106236183e+01 8.823729930693e+00
9.060000000001e+01  -3.418063754706e+01 -2.943360929167e+00 -5.541816043320e+01 8.953874411962e+00
9.061000000001e+01  -3.387942868491e+01 -2.716431918134e+00 -5.506406065998e+01 9.076010850691e+00
9.062000000001e+01  -3.357315523478e+01 -2.497162822620e+00 -5.470895197393e+01 9.190116356688e+00
9.063000000001e+01  -3.326199122177e+01 -2.285668724228e+00 -5.435302367529e+01 9.296172233276e+00
9.064000000001e+01  -3.294611339068e+01 -2.082060502141e+00 -5.399646532576e+01 9.394163980578e+00
9.065000000001e+01  -3.262570111896e+01 -1.886444767990e+00 -5.363946664142e+01 9.484081296781e+00
9.066000000001e+01  -3.230093632823e+01 -1.698923803241e+00 -5.328221738561e+01 9.565918077422e+00
9.067000000001e+01  -3.197200339426e+01 -1.519595499139e+00 -5.292490726197e+01 9.639672412732e+00
9.068000000001e+01  -3.163908905558e+01 -1.348553299312e+00 -5.256772580759e+01 9.705346583072e+00
9.069000000001e+01  -3.130238232056e+01 -1.185886145070e+00 -5.221086228649e+01 9.762947052500e+00
9.070000000001e+01  -3.096207437308e+01 -1.031678423471e+00 -5.185450558352e+01 9.812484460492e+00
9.071000000001e+01  -3.061835847669e+01 -8.860099182087e-01 -5.149884409876e+01 9.853973611870e+00
9.072000000001e+01  -3.027142987738e+01 -7.489557633684e-01 -5.114406564251e+01 9.887433464934e+00
9.073000000001e+01  -2.992148570483e+01 -6.205864000951e-01 -5.079035733097e+01 9.912887117865e+00
9.074000000001e+01  -2.956872487226e+01 -5.009675362192e-01 -5.043790548282e+01 9.930361793383e+00
9.075000000001e+01  -2.921334797488e+01 -3.901601088687e-01 -5.008689551659e+01 9.939888821709e+00
9.076000000001e+01  -2.885555718684e+01 -2.882202500974e-01 -4.973751184916e+01 9.941503621834e+00
9.077000000001e+01  -2.849555615683e+01 -1.951992555505e-01 -4.938993779524e+01 9.935245681119e+00
9.078000000001e+01  -2.813354990231e+01 -1.111435561833e-01 -4.904435546809e+01 9.921158533218e+00
9.079000000001e+01  -2.776974470235e+01 -3.609469304179e-02 -4.870094568155e+01 9.899289734351e+00
9.080000000001e+01  -2.740434798915e+01 2.991070489198e-02 -4.835988785329e+01 9.869690837913e+00
9.081000000001e+01  -2.703756823833e+01 8.684093979270e-02 -4.802135990962e+01 9.832417367427e+00
9.082000000001e+01  -2.666961485791e+01 1.346692610321e-01 -4.768553819164e+01 9.787528787828e+00
9.083000000001e+01  -2.630069807612e+01 1.733738781812e-01 -4.735259736305e+01 9.735088475082e+00
9.084000000001e+01  -2.593102882812e+01 2.029379709939e-01 -4.702271031944e+01 9.675163684112e+00
9.085000000001e+01  -2.556081864157e+01 2.233496963973e-01 -4.669604809929e+01 9.607825515042e+00
9.086000000001e+01  -2.519027952129e+01 2.346021925166e-01 -4.637277979659e+01 9.533148877717e+00
9.087000000001e+01  -2.481962383294e+01 2.366935797679e-01 -4.605307247521e+01 9.451212454505e+00
9.088000000001e+01  -2.444906418582e+01 2.296269590540e-01 -4.573709108495e+01 9.362098661356e+00
9.089000000001e+01  -2.407881331505e+01 2.134104071027e-01 -4.542499837936e+01 9.265893607097e+00
9.090000000001e+01  -2.370908396295e+01 1.880569689874e-01 -4.511695483531e+01 9.162687050954e+00
9.091000000001e+01  -2.334008875991e+01 1.535846478725e-01 -4.481311857430e+01 9.052572358284e+00
9.092000000001e+01  -2.297204010487e+01 1.100163920272e-01 -4.451364528561e+01 8.935646454490e+00
9.093000000001e+01  -2.260515004532e+01 5.738007915100e-02 -4.421868815111e+01 8.812009777134e+00
9.094000000001e+01  -2.223963015716e+01 -4.291501944696e-03 -4.392839777191e+01 8.681766226203e+00
9.095000000001e+01  -2.187569142440e+01 -7.496067225574e-02 -4.364292209671e+01 8.545023112551e+00
9.096000000001e+01  -2.151354411884e+01 -1.545848860620e-01 -4.336240635189e+01 8.401891104494e+00
9.097000000001e+01  -2.115339767985e+01 -2.431167569201e-01 -4.308699297334e+01 8.252484172564e+00
9.098000000001e+01  -2.079546059438e+01 -3.405040861317e-01 -4.281682153996e+01 8.096919532421e+00
9.099000000001e+01  -2.043994027731e+01 -4.466898936480e-01 -4.255202870886e+01 7.935317585940e+00
9.100000000001e+01  -2.008704295222e+01 -5.616124513735e-01 -4.229274815227e+01 7.767801860461e+00
9.101000000001e+01  -1.973697353273e+01 -6.852053188335e-01 -4.203911049599e+01 7.594498946243e+00
9.102000000001e+01  -1.938993550456e+01 -8.173973811710e-01 -4.179124325961e+01 7.415538432122e+00
9.103000000001e+01  -1.904613080830e+01 -9.581128894411e-01 -4.154927079826e+01 7.231052839398e+00
9.104000000001e+01  -1.870575972314e+01 -1.107271503173e+00 -4.131331424597e+01 7.041177553986e+00
9.105000000001e+01  -1.836902075151e+01 -1.264788335171e+00 -4.108349146066e+01 6.846050756847e+00
9.106000000001e+01  -1.803611050492e+01 -1.430573998523e+00 -4.085991697071e+01 6.645813352748e+00
9.107000000001e+01  -1.770722359090e+01 -1.604534655802e+00 -4.064270192308e+01 6.440608897369e+00
9.108000000001e+01  -1.738255250129e+01 -1.786572070419e+00 -4.043195403302e+01 6.230583522816e+00
9.109000000001e+01  -1.706228750180e+01 -1.976583660115e+00 -4.022777753533e+01 6.015885861568e+00
9.110000000001e+01  -1.674661652317e+01 -2.174462552570e+00 -4.003027313723e+01 5.796666968913e+00
9.111000000001e+01  -1.643572505372e+01 -2.380097643097e+00 -3.983953797276e+01 5.573080243910e+00
9.112000000001e+01  -1.612979603362e+01 -2.593373654405e+00 -3.965566555880e+01 5.345281348944e+00
9.113000000001e+01  -1.582900975076e+01 -2.814171198404e+00 -3.947874575261e+01 5.113428127905e+00
9.114000000001e+01  -1.553354373844e+01 -3.042366840042e+00 -3.930886471106e+01 4.877680523060e+00
9.115000000001e+01  -1.524357267478e+01 -3.277833163127e+00 -3.914610485138e+01 4.638200490669e+00
9.116000000001e+01  -1.495926828412e+01 -3.520438838133e+00 -3.899054481359e+01 4.395151915392e+00
9.117000000001e+01  -1.468079924025e+01 -3.770048691958e+00 -3.884225942454e+01 4.148700523559e+00
9.118000000001e+01  -1.440833107165e+01 -4.026523779605e+00 -3.870131966362e+01 3.899013795353e+00
9.119000000001e+01  -1.414202606877e+01 -4.289721457758e+00 -3.856779263016e+01 3.646260875957e+00
9.120000000001e+01  -1.388204319340e+01 -4.559495460243e+00 -3.844174151248e+01 3.390612485738e+00
9.121000000001e+01  -1.362853799011e+01 -4.835695975317e+00 -3.832322555873e+01 3.132240829518e+00
9.122000000001e+01  -1.338166249987e+01 -5.118169724785e+00 -3.821230004938e+01 2.871319504994e+00
9.123000000001e+01  -1.314156517590e+01 -5.406760044889e+00 -3.810901627158e+01 2.608023410363e+00
9.124000000001e+01  -1.290839080171e+01 -5.701306968952e+00 -3.801342149520e+01 2.342528651215e+00
9.125000000001e+01  -1.268228041140e+01 -6.001647311736e+00 -3.792555895075e+01 2.075012446754e+00
9.126000000001e+01  -1.246337121230e+01 -6.307614755480e+00 -3.784546780914e+01 1.805653035395e+00
9.127000000001e+01  -1.225179650988e+01 -6.619039937580e+00 -3.777318316318e+01 1.534629579813e+00
9.128000000001e+01  -1.204768563506e+01 -6.935750539874e+00 -3.770873601116e+01 1.262122071487e+00
9.129000000001e+01  -1.185116387388e+01 -7.257571379490e+00 -3.765215324210e+01 9.883112348034e-01
9.130000000001e+01  -1.166235239953e+01 -7.584324501213e+00 -3.760345762310e+01 7.133784307734e-01
9.131000000001e+01  -1.148136820688e+01 -7.915829271336e+00 -3.756266778854e+01 4.375055604255e-01
9.132000000001e+01  -1.130832404941e+01 -8.251902472942e+00 -3.752979823126e+01 1.608749679238e-01
9.133000000001e+01  -1.114332837860e+01 -8.592358402574e+00 -3.750485929572e+01 -1.163306565271e-01
9.134000000001e+01  -1.098648528583e+01 -8.937008968248e+00 -3.748785717312e+01 -3.939283739387e-01
9.135000000001e+01  -1.083789444676e+01 -9.285663788756e+00 -3.747879389862e+01 -6.717350938995e-01
9.136000000001e+01  -1.069765106823e+01 -9.638130294214e+00 -3.747766735046e+01 -9.495676719859e-01
9.137000000001e+01  -1.056584583774e+01 -9.994213827802e+00 -3.748447125121e+01 -1.227243007171e+00
9.138000000001e+01  -1.044256487541e+01 -1.035371774864e+01 -3.749919517102e+01 -1.504578139174e+00
9.139000000001e+01  -1.032788968853e+01 -1.071644353577e+01 -3.752182453298e+01 -1.781390345701e+00
9.140000000001e+01  -1.022189712874e+01 -1.108219089313e+01 -3.755234062045e+01 -2.057497239522e+00
9.141000000001e+01  -1.012465935169e+01 -1.145075785554e+01 -3.759072058657e+01 -2.332716865334e+00
9.142000000001e+01  -1.003624377943e+01 -1.182194089564e+01 -3.763693746576e+01 -2.606867796351e+00
9.143000000001e+01  -9.956713065260e+00 -1.219553503160e+01 -3.769096018739e+01 -2.879769230586e+00
9.144000000001e+01  -9.886125061358e+00 -1.257133393574e+01 -3.775275359143e+01 -3.151241086752e+00
9.145000000001e+01  -9.824532788908e+00 -1.294913004383e+01 -3.782227844627e+01 -3.421104099750e+00
9.146000000001e+01  -9.771984410933e+00 -1.332871466514e+01 -3.789949146858e+01 -3.689179915687e+00
9.147000000001e+01  -9.728523207741e+00 -1.370987809308e+01 -3.798434534526e+01 -3.955291186367e+00
9.148000000001e+01  -9.694187555030e+00 -1.409240971642e+01 -3.807678875746e+01 -4.219261663223e+00
9.149000000001e+01  -9.669010904639e+00 -1.447609813106e+01 -3.817676640670e+01 -4.480916290622e+00
9.150000000001e+01  -9.653021767958e+00 -1.486073125220e+01 -3.828421904301e+01 -4.740081298509e+00
9.151000000001e+01  -9.646243701995e+00 -1.524609642696e+01 -3.839908349513e+01 -4.996584294334e+00
9.152000000001e+01  -9.648695298098e+00 -1.563198054729e+01 -3.852129270281e+01 -5.250254354221e+00
9.153000000001e+01  -9.660390173348e+00 -1.601817016317e+01 -3.865077575102e+01 -5.500922113321e+00
9.154000000001e+01  -9.681336964607e+00 -1.640445159602e+01 -3.878745790637e+01 -5.748419855320e+00
9.155000000001e+01  -9.711539325219e+00 -1.679061105227e+01 -3.893126065530e+01 -5.992581601035e+00
9.156000000001e+01  -9.750995924381e+00 -1.717643473697e+01 -3.908210174446e+01 -6.233243196072e+00
9.157000000001e+01  -9.799700449156e+00 -1.756170896749e+01 -3.923989522293e+01 -6.470242397482e+00
9.158000000001e+01  -9.857641609139e+00 -1.794622028714e+01 -3.940455148649e+01 -6.703418959397e+00
9.159000000001e+01  -9.924803143768e+00 -1.832975557872e+01 -3.957597732368e+01 -6.932614717565e+00
9.160000000001e+01  -1.000116383227e+01 -1.871210217786e+01 -3.975407596397e+01 -7.157673672777e+00
9.161000000001e+01  -1.008669750622e+01 -1.909304798624e+01 -3.993874712759e+01 -7.378442073122e+00
9.162000000001e+01  -1.018137306476e+01 -1.947238158440e+01 -4.012988707744e+01 -7.594768495032e+00
9.163000000001e+01  -1.028515449238e+01 -1.984989234430e+01 -4.032738867265e+01 -7.806503923075e+00
9.164000000001e+01  -1.039800087932e+01 -2.022537054146e+01 -4.053114142409e+01 -8.013501828464e+00
9.165000000001e+01  -1.051986644456e+01 -2.059860746658e+01 -4.074103155156e+01 -8.215618246227e+00
9.166000000001e+01  -1.065070056137e+01 -2.096939553675e+01 -4.095694204284e+01 -8.412711851008e+00
9.167000000001e+01  -1.079044778542e+01 -2.133752840591e+01 -4.117875271435e+01 -8.604644031453e+00
9.168000000001e+01  -1.093904788543e+01 -2.170280107483e+01 -4.140634027359e+01 -8.791278963160e+00
9.169000000001e+01  -1.109643587636e+01 -2.206501000029e+01 -4.163957838320e+01 -8.972483680127e+00
9.170000000001e+01  -1.126254205507e+01 -2.242395320350e+01 -4.187833772665e+01 -9.148128144684e+00
9.171000000001e+01  -1.143729203847e+01 -2.277943037775e+01 -4.212248607557e+01 -9.318085315870e+00
9.172000000001e+01  -1.162060680418e+01 -2.313124299514e+01 -4.237188835857e+01 -9.482231216206e+00
9.173000000001e+01  -1.181240273359e+01 -2.347919441237e+01 -4.262640673161e+01 -9.640444996844e+00
9.174000000001e+01  -1.201259165730e+01 -2.382308997555e+01 -4.288590064992e+01 -9.792609001057e+00
9.175000000001e+01  -1.222108090307e+01 -2.416273712399e+01 -4.315022694124e+01 -9.938608826026e+00
9.176000000001e+01  -1.243777334600e+01 -2.449794549281e+01 -4.341923988060e+01 -1.007833338290e+01
9.177000000001e+01  -1.266256746116e+01 -2.482852701444e+01 -4.369279126639e+01 -1.021167495511e+01
9.178000000001e+01  -1.289535737848e+01 -2.515429601892e+01 -4.397073049780e+01 -1.033852925487e+01
9.179000000001e+01  -1.313603293991e+01 -2.547506933290e+01 -4.425290465354e+01 -1.045879547788e+01
9.180000000001e+01  -1.338447975889e+01 -2.579066637728e+01 -4.453915857179e+01 -1.057237635619e+01
9.181000000001e+01  -1.364057928199e+01 -2.610090926359e+01 -4.482933493139e+01 -1.067917820916e+01
9.182000000001e+01  -1.390420885274e+01 -2.640562288883e+01 -4.512327433418e+01 -1.077911099252e+01
9.183000000001e+01  -1.417524177766e+01 -2.670463502886e+01 -4.542081538844e+01 -1.087208834556e+01
9.184000000001e+01  -1.445354739440e+01 -2.699777643032e+01 -4.572179479343e+01 -1.095802763630e+01
9.185000000001e+01  -1.473899114187e+01 -2.728488090093e+01 -4.602604742498e+01 -1.103685000474e+01
9.186000000001e+01  -1.503143463257e+01 -2.756578539812e+01 -4.633340642199e+01 -1.110848040405e+01
9.187000000001e+01  -1.533073572683e+01 -2.784033011610e+01 -4.664370327395e+01 -1.117284763981e+01
9.188000000001e+01  -1.563674860903e+01 -2.810835857110e+01 -4.695676790931e+01 -1.122988440718e+01
9.189000000001e+01  -1.594932386577e+01 -2.836971768492e+01 -4.727242878471e+01 -1.127952732600e+01
9.190000000001e+01  -1.626830856593e+01 -2.862425786663e+01 -4.759051297499e+01 -1.132171697385e+01
9.191000000001e+01  -1.659354634255e+01 -2.887183309247e+01 -4.791084626398e+01 -1.135639791696e+01
9.192000000001e+01  -1.692487747655e+01 -2.911230098376e+01 -4.823325323597e+01 -1.138351873909e+01
9.193000000001e+01  -1.726213898220e+01 -2.934552288300e+01 -4.855755736780e+01 -1.140303206821e+01
9.194000000001e+01  -1.760516469427e+01 -2.957136392788e+01 -4.888358112167e+01 -1.141489460106e+01
9.195000000001e+01  -1.795378535688e+01 -2.978969312334e+01 -4.921114603833e+01 -1.141906712560e+01
9.196000000001e+01  -1.830782871397e+01 -3.000038341157e+01 -4.954007283094e+01 -1.141551454125e+01
9.197000000001e+01  -1.866711960137e+01 -3.020331173987e+01 -4.987018147928e+01 -1.140420587700e+01
9.198000000001e+01  -1.903148004031e+01 -3.039835912648e+01 -5.020129132441e+01 -1.138511430725e+01
9.199000000001e+01  -1.940072933251e+01 -3.058541072411e+01 -5.053322116364e+01 -1.135821716558e+01
9.200000000001e+01  -1.977468415663e+01 -3.076435588141e+01 -5.086578934588e+01 -1.132349595624e+01
9.201000000001e+01  -2.015315866610e+01 -3.093508820214e+01 -5.119881386716e+01 -1.128093636342e+01
9.202000000001e+01  -2.053596458833e+01 -3.109750560207e+01 -5.153211246639e+01 -1.123052825840e+01
9.203000000001e+01  -2.092291132512e+01 -3.125151036362e+01 -5.186550272129e+01 -1.117226570441e+01
9.204000000001e+01  -2.131380605432e+01 -3.139700918819e+01 -5.219880214435e+01 -1.110614695927e+01
9.205000000001e+01  -2.170845383267e+01 -3.153391324609e+01 -5.253182827894e+01 -1.103217447588e+01
9.206000000001e+01  -2.210665769973e+01 -3.166213822417e+01 -5.286439879531e+01 -1.095035490043e+01
9.207000000001e+01  -2.250821878288e+01 -3.178160437098e+01 -5.319633158660e+01 -1.086069906841e+01
9.208000000001e+01  -2.291293640330e+01 -3.189223653953e+01 -5.352744486473e+01 -1.076322199842e+01
9.209000000001e+01  -2.332060818293e+01 -3.199396422766e+01 -5.385755725614e+01 -1.065794288376e+01
9.210000000001e+01  -2.373103015229e+01 -3.208672161584e+01 -5.418648789730e+01 -1.054488508181e+01
9.211000000001e+01  -2.414399685913e+01 -3.217044760259e+01 -5.451405652996e+01 -1.042407610122e+01
9.212000000001e+01  -2.455930147788e+01 -3.224508583729e+01 -5.484008359615e+01 -1.029554758687e+01
9.213000000001e+01  -2.497673591982e+01 -3.231058475056e+01 -5.516439033270e+01 -1.015933530271e+01
9.214000000001e+01  -2.539609094385e+01 -3.236689758204e+01 -5.548679886550e+01 -1.001547911235e+01
9.215000000001e+01  -2.581715626794e+01 -3.241398240565e+01 -5.580713230318e+01 -9.864022957532e+00
9.216000000001e+01  -2.623972068108e+01 -3.245180215225e+01 -5.612521483032e+01 -9.705014834443e+00
9.217000000001e+01  -2.666357215569e+01 -3.248032462976e+01 -5.644087180010e+01 -9.538506767850e+00
9.218000000001e+01  -2.708849796054e+01 -3.249952254065e+01 -5.675392982636e+01 -9.364554783144e+00
9.219000000001e+01  -2.751428477389e+01 -3.250937349687e+01 -5.706421687496e+01 -9.183218876248e+00
9.220000000001e+01  -2.794071879710e+01 -3.250986003213e+01 -5.737156235445e+01 -8.994562981435e+00
9.221000000001e+01  -2.836758586836e+01 -3.250096961164e+01 -5.767579720601e+01 -8.798654937060e+00
9.222000000001e+01  -2.879467157667e+01 -3.248269463910e+01 -5.797675399255e+01 -8.595566449231e+00
9.223000000001e+01  -2.922176137589e+01 -3.245503246123e+01 -5.827426698696e+01 -8.385373053432e+00
9.224000000001e+01  -2.964864069894e+01 -3.241798536956e+01 -5.856817225950e+01 -8.168154074129e+00
9.225000000001e+01  -3.007509507187e+01 -3.237156059962e+01 -5.885830776420e+01 -7.943992582363e+00
9.226000000001e+01  -3.050091022803e+01 -3.231577032753e+01 -5.914451342429e+01 -7.712975351371e+00
9.227000000001e+01  -3.092587222201e+01 -3.225063166395e+01 -5.942663121660e+01 -7.475192810244e+00
9.228000000001e+01  -3.134976754342e+01 -3.217616664543e+01 -5.970450525487e+01 -7.230738995659e+00
9.229000000001e+01  -3.177238323048e+01 -3.209240222308e+01 -5.997798187194e+01 -6.979711501699e+00
9.230000000001e+01  -3.219350698327e+01 -3.199937024873e+01 -6.024690970074e+01 -6.722211427792e+00
9.231000000001e+01  -3.261292727665e+01 -3.189710745841e+01 -6.051113975413e+01 -6.458343324799e+00
9.232000000001e+01  -3.303043347270e+01 -3.178565545325e+01 -6.077052550346e+01 -6.188215139281e+00
9.233000000001e+01  -3.344581593279e+01 -3.166506067786e+01 -6.102492295575e+01 -5.911938155964e+00
9.234000000001e+01  -3.385886612903e+01 -3.153537439604e+01 -6.127419072970e+01 -5.629626938444e+00
9.235000000001e+01  -3.426937675512e+01 -3.139665266401e+01 -6.151819013018e+01 -5.341399268158e+00
9.236000000001e+01  -3.467714183665e+01 -3.124895630106e+01 -6.175678522133e+01 -5.047376081653e+00
9.237000000001e+01  -3.508195684053e+01 -3.109235085767e+01 -6.198984289829e+01 -4.747681406188e+00
9.238000000001e+01  -3.548361878381e+01 -3.092690658114e+01 -6.221723295732e+01 -4.442442293705e+00
9.239000000001e+01  -3.588192634155e+01 -3.075269837874e+01 -6.243882816445e+01 -4.131788753196e+00
9.240000000001e+01  -3.627667995386e+01 -3.056980577830e+01 -6.265450432256e+01 -3.815853681509e+00
9.241000000001e+01  -3.666768193201e+01 -3.037831288648e+01 -6.286414033685e+01 -3.494772792632e+00
9.242000000001e+01  -3.705473656353e+01 -3.017830834446e+01 -6.306761827866e+01 -3.168684545481e+00
9.243000000001e+01  -3.743765021622e+01 -2.996988528140e+01 -6.326482344763e+01 -2.837730070242e+00
9.244000000001e+01  -3.781623144112e+01 -2.975314126533e+01 -6.345564443217e+01 -2.502053093302e+00
9.245000000001e+01  -3.819029107426e+01 -2.952817825182e+01 -6.363997316813e+01 -2.161799860801e+00
9.246000000001e+01  -3.855964233722e+01 -2.929510253028e+01 -6.381770499581e+01 -1.817119060863e+00
9.247000000001e+01  -3.892410093644e+01 -2.905402466793e+01 -6.398873871505e+01 -1.468161744528e+00
9.248000000001e+01  -3.928348516114e+01 -2.880505945153e+01 -6.415297663859e+01 -1.115081245438e+00
9.249000000001e+01  -3.963761597995e+01 -2.854832582689e+01 -6.431032464351e+01 -7.580330983222e-01
9.250000000001e+01  -3.998631713605e+01 -2.828394683611e+01 -6.446069222083e+01 -3.971749563075e-01
9.251000000001e+01  -4.032941524089e+01 -2.801204955271e+01 -6.460399252316e+01 -3.266650712324e-02
9.252000000001e+01  -4.066673986631e+01 -2.773276501460e+01 -6.474014241046e+01 3.353306117776e-01
9.253000000001e+01  -4.099812363516e+01 -2.744622815490e+01 -6.486906249381e+01 7.066528991236e-01
9.254000000001e+01  -4.132340231027e+01 -2.715257773077e+01 -6.499067717717e+01 1.081135076715e+00
9.255000000001e+01  -4.164241488173e+01 -2.685195625015e+01 -6.510491469725e+01 1.458610177251e+00
9.256000000001e+01  -4.195500365247e+01 -2.654450989654e+01 -6.521170716119e+01 1.838909633051e+00
9.257000000001e+01  -4.226101432210e+01 -2.623038845183e+01 -6.531099058234e+01 2.221863365620e+00
9.258000000001e+01  -4.256029606891e+01 -2.590974521717e+01 -6.540270491388e+01 2.607299876008e+00
9.259000000001e+01  -4.285270163003e+01 -2.558273693207e+01 -6.548679408043e+01 2.995046335924e+00
9.260000000001e+01  -4.313808737974e+01 -2.524952369156e+01 -6.556320600748e+01 3.384928679545e+00
9.261000000001e+01  -4.341631340573e+01 -2.491026886166e+01 -6.563189264882e+01 3.776771695986e+00
9.262000000001e+01  -4.368724358357e+01 -2.456513899306e+01 -6.569281001169e+01 4.170399122364e+00
9.263000000001e+01  -4.395074564896e+01 -2.421430373313e+01 -6.574591817994e+01 4.565633737423e+00
9.264000000001e+01  -4.420669126810e+01 -2.385793573629e+01 -6.579118133496e+01 4.962297455661e+00
9.265000000001e+01  -4.445495610588e+01 -2.349621057276e+01 -6.582856777440e+01 5.360211421911e+00
9.266000000001e+01  -4.469541989194e+01 -2.312930663581e+01 -6.585804992886e+01 5.759196106327e+00
9.267000000001e+01  -4.492796648462e+01 -2.275740504742e+01 -6.587960437623e+01 6.159071399726e+00
9.268000000001e+01  -4.515248393267e+01 -2.238068956262e+01 -6.589321185394e+01 6.559656709234e+00
9.269000000001e+01  -4.536886453477e+01 -2.199934647229e+01 -6.589885726902e+01 6.960771054178e+00
9.270000000001e+01  -4.557700489674e+01 -2.161356450473e+01 -6.589652970590e+01 7.362233162189e+00
9.271000000001e+01  -4.577680598650e+01 -2.122353472588e+01 -6.588622243203e+01 7.763861565452e+00
9.272000000001e+01  -4.596817318671e+01 -2.082945043828e+01 -6.586793290133e+01 8.165474697055e+00
9.273000000001e+01  -4.615101634504e+01 -2.043150707889e+01 -6.584166275534e+01 8.566890987390e+00
9.274000000001e+01  -4.632524982208e+01 -2.002990211575e+01 -6.580741782227e+01 8.967928960552e+00
9.275000000001e+01  -4.649079253681e+01 -1.962483494356e+01 -6.576520811374e+01 9.368407330677e+00
9.276000000001e+01  -4.664756800975e+01 -1.921650677822e+01 -6.571504781942e+01 9.768145098188e+00
9.277000000001e+01  -4.679550440352e+01 -1.880512055044e+01 -6.565695529932e+01 1.016696164588e+01
9.278000000001e+01  -4.693453456105e+01 -1.839088079841e+01 -6.559095307404e+01 1.056467683478e+01
9.279000000001e+01  -4.706459604122e+01 -1.797399355961e+01 -6.551706781271e+01 1.096111109981e+01
9.280000000001e+01  -4.718563115204e+01 -1.755466626186e+01 -6.543533031879e+01 1.135608554504e+01
9.281000000001e+01  -4.729758698128e+01 -1.713310761356e+01 -6.534577551369e+01 1.174942203869e+01
9.282000000001e+01  -4.740041542453e+01 -1.670952749332e+01 -6.524844241820e+01 1.214094330766e+01
9.283000000001e+01  -4.749407321079e+01 -1.628413683891e+01 -6.514337413180e+01 1.253047303162e+01
9.284000000001e+01  -4.757852192535e+01 -1.585714753570e+01 -6.503061780974e+01 1.291783593655e+01
9.285000000001e+01  -4.765372803022e+01 -1.542877230453e+01 -6.491022463810e+01 1.330285788782e+01
9.286000000001e+01  -4.771966288188e+01 -1.499922458917e+01 -6.478224980660e+01 1.368536598256e+01
9.287000000001e+01  -4.777630274644e+01 -1.456871844341e+01 -6.464675247943e+01 1.406518864140e+01
9.288000000001e+01  -4.782362881217e+01 -1.413746841778e+01 -6.450379576385e+01 1.444215569956e+01
9.289000000001e+01  -4.786162719950e+01 -1.370568944601e+01 -6.435344667687e+01 1.481609849709e+01
9.290000000001e+01  -4.789028896821e+01 -1.327359673132e+01 -6.419577610970e+01 1.518684996842e+01
9.291000000001e+01  -4.790961012219e+01 -1.284140563252e+01 -6.403085879035e+01 1.555424473094e+01
9.292000000001e+01  -4.791959161143e+01 -1.240933155004e+01 -6.385877324402e+01 1.591811917276e+01
9.293000000001e+01  -4.792023933139e+01 -1.197758981192e+01 -6.367960175166e+01 1.627831153954e+01
9.294000000001e+01  -4.791156411981e+01 -1.154639555985e+01 -6.349343030646e+01 1.663466202025e+01
9.295000000001e+01  -4.789358175079e+01 -1.111596363531e+01 -6.330034856839e+01 1.698701283198e+01
9.296000000001e+01  -4.786631292629e+01 -1.068650846584e+01 -6.310044981690e+01 1.733520830362e+01
9.297000000001e+01  -4.782978326496e+01 -1.025824395151e+01 -6.289383090160e+01 1.767909495842e+01
9.298000000001e+01  -4.778402328843e+01 -9.831383351723e+00 -6.268059219114e+01 1.801852159540e+01
9.299000000001e+01  -4.772906840489e+01 -9.406139172296e+00 -6.246083752025e+01 1.835333936955e+01
9.300000000001e+01  -4.766495889008e+01 -8.982723052953e+00 -6.223467413494e+01 1.868340187072e+01
9.301000000001e+01  -4.759173986575e+01 -8.561345655276e+00 -6.200221263588e+01 1.900856520130e+01
9.302000000001e+01  -4.750946127543e+01 -8.142216551159e+00 -6.176356692010e+01 1.932868805249e+01
9.303000000001e+01  -4.741817785771e+01 -7.725544111837e+00 -6.151885412086e+01 1.964363177923e+01
9.304000000001e+01  -4.731794911693e+01 -7.311535397546e+00 -6.126819454597e+01 1.995326047371e+01
9.305000000001e+01  -4.720883929129e+01 -6.900396047866e+00 -6.101171161427e+01 2.025744103739e+01
9.306000000001e+01  -4.709091731848e+01 -6.492330172812e+00 -6.074953179063e+01 2.055604325156e+01
9.307000000001e+01  -4.696425679876e+01 -6.087540244733e+00 -6.048178451930e+01 2.084893984638e+01
9.308000000001e+01  -4.682893595559e+01 -5.686226991064e+00 -6.020860215569e+01 2.113600656827e+01
9.309000000001e+01  -4.668503759376e+01 -5.288589288001e+00 -5.993011989664e+01 2.141712224579e+01
9.310000000001e+01  -4.653264905505e+01 -4.894824055147e+00 -5.964647570922e+01 2.169216885384e+01
9.311000000001e+01  -4.637186217151e+01 -4.505126151186e+00 -5.935781025807e+01 2.196103157615e+01
9.312000000001e+01  -4.620277321634e+01 -4.119688270651e+00 -5.906426683134e+01 2.222359886614e+01
9.313000000001e+01  -4.602548285230e+01 -3.738700841815e+00 -5.876599126524e+01 2.247976250595e+01
9.314000000001e+01  -4.584009607794e+01 -3.362351925791e+00 -5.846313186730e+01 2.272941766379e+01
9.315000000001e+01  -4.564672217134e+01 -2.990827116871e+00 -5.815583933830e+01 2.297246294942e+01
9.316000000001e+01  -4.544547463169e+01 -2.624309444167e+00 -5.784426669298e+01 2.320880046779e+01
9.317000000001e+01  -4.523647111852e+01 -2.262979274600e+00 -5.752856917955e+01 2.343833587092e+01
9.318000000001e+01  -4.501983338878e+01 -1.907014217303e+00 -5.720890419800e+01 2.366097840777e+01
9.319000000001e+01  -4.479568723166e+01 -1.556589029461e+00 -5.688543121730e+01 2.387664097226e+01
9.320000000001e+01  -4.456416240134e+01 -1.211875523676e+00 -5.655831169158e+01 2.408524014939e+01
9.321000000001e+01  -4.432539254751e+01 -8.730424768660e-01 -5.622770897521e+01 2.428669625926e+01
9.322000000001e+01  -4.407951514392e+01 -5.402555407801e-01 -5.589378823688e+01 2.448093339928e+01
9.323000000001e+01  -4.382667141482e+01 -2.136771541554e-01 -5.555671637281e+01 2.466787948425e+01
9.324000000001e+01  -4.356700625939e+01 1.065335434263e-01 -5.521666191899e+01 2.484746628443e+01
9.325000000001e+01  -4.330066817427e+01 4.202207959405e-01 -5.487379496260e+01 2.501962946161e+01
9.326000000001e+01  -4.302780917412e+01 7.272323135347e-01 -5.452828705259e+01 2.518430860306e+01
9.327000000001e+01  -4.274858471032e+01 1.027419353310e+00 -5.418031110955e+01 2.534144725341e+01
9.328000000001e+01  -4.246315358781e+01 1.320636798231e+00 -5.383004133479e+01 2.549099294447e+01
9.329000000001e+01  -4.217167788024e+01 1.606743234114e+00 -5.347765311882e+01 2.563289722284e+01
9.330000000001e+01  -4.187432284327e+01 1.885601024660e+00 -5.312332294916e+01 2.576711567549e+01
9.331000000001e+01  -4.157125682620e+01 2.157076384487e+00 -5.276722831758e+01 2.589360795311e+01
9.332000000001e+01  -4.126265118208e+01 2.421039450130e+00 -5.240954762681e+01 2.601233779138e+01
9.333000000001e+01  -4.094868017605e+01 2.677364348950e+00 -5.205046009678e+01 2.612327303004e+01
9.334000000001e+01  -4.062952089225e+01 2.925929265948e+00 -5.169014567041e+01 2.622638562974e+01
9.335000000001e+01  -4.030535313926e+01 3.166616508416e+00 -5.132878491900e+01 2.632165168678e+01
9.336000000001e+01  -3.997635935400e+01 3.399312568407e+00 -5.096655894731e+01 2.640905144562e+01
9.337000000001e+01  -3.964272450439e+01 3.623908182986e+00 -5.060364929830e+01 2.648856930920e+01
9.338000000001e+01  -3.930463599054e+01 3.840298392230e+00 -5.024023785769e+01 2.656019384706e+01
9.339000000001e+01  -3.896228354479e+01 4.048382594945e+00 -4.987650675820e+01 2.662391780123e+01
9.340000000001e+01  -3.861585913046e+01 4.248064602064e+00 -4.951263828381e+01 2.667973808998e+01
9.341000000001e+01  -3.826555683949e+01 4.439252687711e+00 -4.914881477374e+01 2.672765580929e+01
9.342000000001e+01  -3.791157278894e+01 4.621859637886e+00 -4.878521852648e+01 2.676767623212e+01
9.343000000001e+01  -3.755410501650e+01 4.795802796752e+00 -4.842203170379e+01 2.679980880556e+01
9.344000000001e+01  -3.719335337494e+01 4.961004110504e+00 -4.805943623469e+01 2.682406714563e+01
9.345000000001e+01  -3.682951942574e+01 5.117390168785e+00 -4.769761371960e+01 2.684046903003e+01
9.346000000001e+01  -3.646280633178e+01 5.264892243629e+00 -4.733674533457e+01 2.684903638858e+01
9.347000000001e+01  -3.609341874927e+01 5.403446325918e+00 -4.697701173568e+01 2.684979529154e+01
9.348000000001e+01  -3.572156271890e+01 5.532993159319e+00 -4.661859296368e+01 2.684277593572e+01
9.349000000001e+01  -3.534744555636e+01 5.653478271693e+00 -4.626166834894e+01 2.682801262844e+01
9.350000000001e+01  -3.497127574224e+01 5.764852003945e+00 -4.590641641662e+01 2.680554376927e+01
9.351000000001e+01  -3.459326281129e+01 5.867069536324e+00 -4.555301479228e+01 2.677541182970e+01
9.352000000001e+01  -3.421361724131e+01 5.960090912123e+00 -4.520164010791e+01 2.673766333061e+01
9.353000000001e+01  -3.383255034156e+01 6.043881058795e+00 -4.485246790835e+01 2.669234881763e+01
9.354000000001e+01  -3.345027414074e+01 6.118409806460e+00 -4.450567255829e+01 2.663952283439e+01
9.355000000001e+01  -3.306700127475e+01 6.183651903792e+00 -4.416142714975e+01 2.657924389366e+01
9.356000000001e+01  -3.268294487419e+01 6.239587031281e+00 -4.381990341022e+01 2.651157444640e+01
9.357000000001e+01  -3.229831845164e+01 6.286199811860e+00 -4.348127161140e+01 2.643658084879e+01
9.358000000001e+01  -3.191333578883e+01 6.323479818890e+00 -4.314570047863e+01 2.635433332718e+01
9.359000000001e+01  -3.152821082380e+01 6.351421581501e+00 -4.281335710110e+01 2.626490594097e+01
9.360000000001e+01  -3.114315753800e+01 6.370024587288e+00 -4.248440684278e+01 2.616837654356e+01
9.361000000001e+01  -3.075838984347e+01 6.379293282345e+00 -4.215901325422e+01 2.606482674126e+01
9.362000000001e+01  -3.037412147019e+01 6.379237068665e+00 -4.183733798523e+01 2.595434185025e+01
9.363000000001e+01  -2.999056585355e+01 6.369870298880e+00 -4.151954069842e+01 2.583701085161e+01
9.364000000001e+01  -2.960793602206e+01 6.351212268360e+00 -4.120577898379e+01 2.571292634436e+01
9.365000000001e+01  -2.922644448547e+01 6.323287204667e+00 -4.089620827427e+01 2.558218449674e+01
9.366000000001e+01  -2.884630312310e+01 6.286124254384e+00 -4.059098176235e+01 2.544488499548e+01
9.367000000001e+01  -2.846772307267e+01 6.239757467308e+00 -4.029025031778e+01 2.530113099329e+01
9.368000000001e+01  -2.809091461964e+01 6.184225778026e+00 -3.999416240649e+01 2.515102905455e+01
9.369000000001e+01  -2.771608708696e+01 6.119572984893e+00 -3.970286401062e+01 2.499468909915e+01
9.370000000001e+01  -2.734344872553e+01 6.045847726406e+00 -3.941649854983e+01 2.483222434465e+01
9.371000000001e+01  -2.697320660521e+01 5.963103455005e+00 -3.913520680392e+01 2.466375124661e+01
9.372000000001e+01  -2.660556650659e+01 5.871398408308e+00 -3.885912683676e+01 2.448938943731e+01
9.373000000001e+01  -2.624073281343e+01 5.770795577797e+00 -3.858839392159e+01 2.430926166273e+01
9.374000000001e+01  -2.587890840600e+01 5.661362674977e+00 -3.832314046774e+01 2.412349371793e+01
9.375000000001e+01  -2.552029455513e+01 5.543172095029e+00 -3.806349594884e+01 2.393221438081e+01
9.376000000001e+01  -2.516509081732e+01 5.416300877969e+00 -3.780958683252e+01 2.373555534427e+01
9.377000000001e+01  -2.481349493066e+01 5.280830667352e+00 -3.756153651168e+01 2.353365114688e+01
9.378000000001e+01  -2.446570271179e+01 5.136847666531e+00 -3.731946523733e+01 2.332663910198e+01
9.379000000001e+01  -2.412190795397e+01 4.984442592503e+00 -3.708349005311e+01 2.311465922535e+01
9.380000000001e+01  -2.378230232614e+01 4.823710627368e+00 -3.685372473143e+01 2.289785416145e+01
9.381000000001e+01  -2.344707527317e+01 4.654751367431e+00 -3.663027971141e+01 2.267636910823e+01
9.382000000001e+01  -2.311641391730e+01 4.477668769978e+00 -3.641326203853e+01 2.245035174054e+01
9.383000000001e+01  -2.279050296076e+01 4.292571097745e+00 -3.620277530608e+01 2.221995213234e+01
9.384000000001e+01  -2.246952458974e+01 4.099570861135e+00 -3.599891959847e+01 2.198532267750e+01
9.385000000001e+01  -2.215365837958e+01 3.898784758187e+00 -3.580179143643e+01 2.174661800937e+01
9.386000000001e+01  -2.184308120139e+01 3.690333612364e+00 -3.561148372409e+01 2.150399491923e+01
9.387000000001e+01  -2.153796713006e+01 3.474342308165e+00 -3.542808569802e+01 2.125761227346e+01
9.388000000001e+01  -2.123848735366e+01 3.250939724617e+00 -3.525168287828e+01 2.100763092964e+01
9.389000000001e+01  -2.094481008437e+01 3.020258666680e+00 -3.508235702148e+01 2.075421365158e+01
9.390000000001e+01  -2.065710047095e+01 2.782435794597e+00 -3.492018607582e+01 2.049752502328e+01
9.391000000001e+01  -2.037552051273e+01 2.537611551239e+00 -3.476524413833e+01 2.023773136191e+01
9.392000000001e+01  -2.010022897520e+01 2.285930087479e+00 -3.461760141408e+01 1.997500062979e+01
9.393000000001e+01  -1.983138130729e+01 2.027539185631e+00 -3.447732417767e+01 1.970950234557e+01
9.394000000001e+01  -1.956912956029e+01 1.762590181010e+00 -3.434447473675e+01 1.944140749442e+01
9.395000000001e+01  -1.931362230853e+01 1.491237881648e+00 -3.421911139777e+01 1.917088843749e+01
9.396000000001e+01  -1.906500457173e+01 1.213640486199e+00 -3.410128843398e+01 1.889811882057e+01
9.397000000001e+01  -1.882341773929e+01 9.299595001029e-01 -3.399105605559e+01 1.862327348204e+01
9.398000000001e+01  -1.858899949626e+01 6.403596500237e-01 -3.388846038219e+01 1.834652836011e+01
9.399000000001e+01  -1.836188375131e+01 3.450087966341e-01 -3.379354341746e+01 1.806806039951e+01
9.400000000001e+01  -1.814220056648e+01 4.407784577327e-02 -3.370634302612e+01 1.778804745754e+01
9.401000000001e+01  -1.793007608900e+01 -2.622593419641e-01 -3.362689291321e+01 1.750666820960e+01
9.402000000001e+01  -1.772563248499e+01 -5.738260431647e-01 -3.355522260563e+01 1.722410205429e+01
9.403000000001e+01  -1.752898787522e+01 -8.904427650091e-01 -3.349135743601e+01 1.694052901804e+01
9.404000000001e+01  -1.734025627290e+01 -1.211927340112e+00 -3.343531852890e+01 1.665612965939e+01
9.405000000001e+01  -1.715954752353e+01 -1.538095022743e+00 -3.338712278933e+01 1.637108497292e+01
9.406000000001e+01  -1.698696724693e+01 -1.868758586371e+00 -3.334678289357e+01 1.608557629298e+01
9.407000000001e+01  -1.682261678134e+01 -2.203728422490e+00 -3.331430728242e+01 1.579978519712e+01
9.408000000001e+01  -1.666659312972e+01 -2.542812640675e+00 -3.328970015665e+01 1.551389340942e+01
9.409000000001e+01  -1.651898890829e+01 -2.885817169806e+00 -3.327296147491e+01 1.522808270365e+01
9.410000000001e+01  -1.637989229727e+01 -3.232545860421e+00 -3.326408695391e+01 1.494253480643e+01
9.411000000001e+01  -1.624938699388e+01 -3.582800588142e+00 -3.326306807091e+01 1.465743130038e+01
9.412000000001e+01  -1.612755216768e+01 -3.936381358116e+00 -3.326989206865e+01 1.437295352723e+01
9.413000000001e+01  -1.601446241821e+01 -4.293086410419e+00 -3.328454196246e+01 1.408928249117e+01
9.414000000001e+01  -1.591018773492e+01 -4.652712326380e+00 -3.330699654975e+01 1.380659876225e+01
9.415000000001e+01  -1.581479345962e+01 -5.015054135753e+00 -3.333723042186e+01 1.352508238003e+01
9.416000000001e+01  -1.572834025113e+01 -5.379905424700e+00 -3.337521397807e+01 1.324491275748e+01
9.417000000001e+01  -1.565088405255e+01 -5.747058444514e+00 -3.342091344203e+01 1.296626858520e+01
9.418000000001e+01  -1.558247606081e+01 -6.116304221041e+00 -3.347429088037e+01 1.268932773604e+01
9.419000000001e+01  -1.552316269880e+01 -6.487432664733e+00 -3.353530422360e+01 1.241426717004e+01
9.420000000001e+01  -1.547298558992e+01 -6.860232681286e+00 -3.360390728922e+01 1.214126283998e+01
9.421000000001e+01  -1.543198153511e+01 -7.234492282802e+00 -3.368004980713e+01 1.187048959735e+01
9.422000000001e+01  -1.540018249250e+01 -7.609998699414e+00 -3.376367744713e+01 1.160212109894e+01
9.423000000001e+01  -1.537761555947e+01 -7.986538491323e+00 -3.385473184868e+01 1.133632971405e+01
9.424000000001e+01  -1.536430295733e+01 -8.363897661194e+00 -3.395315065284e+01 1.107328643240e+01
9.425000000001e+01  -1.536026201854e+01 -8.741861766836e+00 -3.405886753629e+01 1.081316077274e+01
9.426000000001e+01  -1.536550517651e+01 -9.120216034132e+00 -3.417181224752e+01 1.055612069224e+01
9.427000000001e+01  -1.538003995793e+01 -9.498745470136e+00 -3.429191064510e+01 1.030233249678e+01
9.428000000001e+01  -1.540386897778e+01 -9.877234976304e+00 -3.441908473807e+01 1.005196075201e+01
9.429000000001e+01  -1.543698993682e+01 -1.025546946178e+01 -3.455325272825e+01 9.805168195403e+00
9.430000000001e+01  -1.547939562179e+01 -1.063323395668e+01 -3.469432905477e+01 9.562115649330e+00
9.431000000001e+01  -1.553107390811e+01 -1.101031372534e+01 -3.484222444040e+01 9.322961935051e+00
9.432000000001e+01  -1.559200776525e+01 -1.138649437945e+01 -3.499684594002e+01 9.087863787862e+00
9.433000000001e+01  -1.566217526472e+01 -1.176156199097e+01 -3.515809699086e+01 8.856975773330e+00
9.434000000001e+01  -1.574154959056e+01 -1.213530320492e+01 -3.532587746484e+01 8.630450204696e+00
9.435000000001e+01  -1.583009905253e+01 -1.250750535174e+01 -3.550008372258e+01 8.408437061483e+00
9.436000000001e+01  -1.592778710187e+01 -1.287795655943e+01 -3.568060866947e+01 8.191083909360e+00
9.437000000001e+01  -1.603457234963e+01 -1.324644586522e+01 -3.586734181340e+01 7.978535821305e+00
9.438000000001e+01  -1.615040858758e+01 -1.361276332677e+01 -3.606016932431e+01 7.770935300096e+00
9.439000000001e+01  -1.627524481171e+01 -1.397670013290e+01 -3.625897409559e+01 7.568422202197e+00
9.440000000001e+01  -1.640902524830e+01 -1.433804871365e+01 -3.646363580703e+01 7.371133663050e+00
9.441000000001e+01  -1.655168938250e+01 -1.469660284982e+01 -3.667403098958e+01 7.179204023839e+00
9.442000000001e+01  -1.670317198947e+01 -1.505215778171e+01 -3.689003309171e+01 6.992764759752e+00
9.443000000001e+01  -1.686340316806e+01 -1.540451031716e+01 -3.711151254738e+01 6.811944409777e+00
9.444000000001e+01  -1.703230837697e+01 -1.575345893876e+01 -3.733833684559e+01 6.636868508082e+00
9.445000000001e+01  -1.720980847337e+01 -1.609880391020e+01 -3.757037060144e+01 6.467659517002e+00
9.446000000001e+01  -1.739581975406e+01 -1.644034738170e+01 -3.780747562870e+01 6.304436761676e+00
9.447000000001e+01  -1.759025399899e+01 -1.677789349447e+01 -3.804951101388e+01 6.147316366373e+00
9.448000000001e+01  -1.779301851727e+01 -1.711124848409e+01 -3.829633319163e+01 5.996411192523e+00
9.449000000001e+01  -1.800401619554e+01 -1.744022078288e+01 -3.854779602158e+01 5.851830778508e+00
9.450000000001e+01  -1.822314554873e+01 -1.776462112104e+01 -3.880375086649e+01 5.713681281235e+00
9.451000000001e+01  -1.845030077316e+01 -1.808426262666e+01 -3.906404667171e+01 5.582065419512e+00
9.452000000001e+01  -1.868537180195e+01 -1.839896092442e+01 -3.932853004588e+01 5.457082419276e+00
9.453000000001e+01  -1.892824436277e+01 -1.870853423308e+01 -3.959704534282e+01 5.338827960687e+00
9.454000000001e+01  -1.917880003774e+01 -1.901280346150e+01 -3.986943474460e+01 5.227394127124e+00
9.455000000001e+01  -1.943691632569e+01 -1.931159230332e+01 -4.014553834578e+01 5.122869356103e+00
9.456000000001e+01  -1.970246670655e+01 -1.960472733021e+01 -4.042519423860e+01 5.025338392149e+00
9.457000000001e+01  -1.997532070785e+01 -1.989203808354e+01 -4.070823859935e+01 4.934882241644e+00
9.458000000001e+01  -2.025534397342e+01 -2.017335716453e+01 -4.099450577563e+01 4.851578129671e+00
9.459000000001e+01  -2.054239833420e+01 -2.044852032283e+01 -4.128382837455e+01 4.775499458884e+00
9.460000000001e+01  -2.083634188095e+01 -2.071736654339e+01 -4.157603735190e+01 4.706715770421e+00
9.461000000001e+01  -2.113702903920e+01 -2.097973813168e+01 -4.187096210204e+01 4.645292706879e+00
9.462000000001e+01  -2.144431064592e+01 -2.123548079711e+01 -4.216843054875e+01 4.591291977368e+00
9.463000000001e+01  -2.175803402834e+01 -2.148444373477e+01 -4.246826923668e+01 4.544771324678e+00
9.464000000001e+01  -2.207804308451e+01 -2.172647970520e+01 -4.277030342359e+01 4.505784494550e+00
9.465000000001e+01  -2.240417836576e+01 -2.196144511240e+01 -4.307435717322e+01 4.474381207085e+00
9.466000000001e+01  -2.273627716097e+01 -2.218920007985e+01 -4.338025344877e+01 4.450607130310e+00
9.467000000001e+01  -2.307417358258e+01 -2.240960852463e+01 -4.368781420694e+01 4.434503855894e+00
9.468000000001e+01  -2.341769865429e+01 -2.262253822949e+01 -4.399686049249e+01 4.426108877040e+00
9.469000000001e+01  -2.376668040044e+01 -2.282786091295e+01 -4.430721253320e+01 4.425455568574e+00
9.470000000001e+01  -2.412094393705e+01 -2.302545229724e+01 -4.461868983532e+01 4.432573169212e+00
9.471000000001e+01  -2.448031156430e+01 -2.321519217423e+01 -4.493111127933e+01 4.447486766048e+00
9.472000000001e+01  -2.484460286067e+01 -2.339696446914e+01 -4.524429521601e+01 4.470217281242e+00
9.473000000001e+01  -2.521363477845e+01 -2.357065730208e+01 -4.555805956281e+01 4.500781460933e+00
9.474000000001e+01  -2.558722174069e+01 -2.373616304745e+01 -4.587222190035e+01 4.539191866377e+00
9.475000000001e+01  -2.596517573951e+01 -2.389337839100e+01 -4.618659956916e+01 4.585456867311e+00
9.476000000001e+01  -2.634730643575e+01 -2.404220438465e+01 -4.650100976647e+01 4.639580637548e+00
9.477000000001e+01  -2.673342125980e+01 -2.418254649907e+01 -4.681526964309e+01 4.701563152809e+00
9.478000000001e+01  -2.712332551373e+01 -2.431431467382e+01 -4.712919640028e+01 4.771400190787e+00
9.479000000001e+01  -2.751682247448e+01 -2.443742336520e+01 -4.744260738654e+01 4.849083333444e+00
9.480000000001e+01  -2.791371349819e+01 -2.455179159171e+01 -4.775532019440e+01 4.934599971546e+00
9.481000000001e+01  -2.831379812556e+01 -2.465734297709e+01 -4.806715275695e+01 5.027933311418e+00
9.482000000001e+01  -2.871687418815e+01 -2.475400579091e+01 -4.837792344425e+01 5.129062383935e+00
9.483000000001e+01  -2.912273791570e+01 -2.484171298673e+01 -4.868745115945e+01 5.237962055724e+00
9.484000000001e+01  -2.953118404419e+01 -2.492040223781e+01 -4.899555543464e+01 5.354603042588e+00
9.485000000001e+01  -2.994200592478e+01 -2.499001597026e+01 -4.930205652633e+01 5.478951925132e+00
9.486000000001e+01  -3.035499563352e+01 -2.505050139372e+01 -4.960677551053e+01 5.610971166592e+00
9.487000000001e+01  -3.076994408168e+01 -2.510181052953e+01 -4.990953437741e+01 5.750619132843e+00
9.488000000001e+01  -3.118664112680e+01 -2.514390023628e+01 -5.021015612540e+01 5.897850114598e+00
9.489000000001e+01  -3.160487568419e+01 -2.517673223293e+01 -5.050846485482e+01 6.052614351757e+00
9.490000000001e+01  -3.202443583908e+01 -2.520027311922e+01 -5.080428586087e+01 6.214858059927e+00
9.491000000001e+01  -3.244510895915e+01 -2.521449439359e+01 -5.109744572592e+01 6.384523459060e+00
9.492000000001e+01  -3.286668180744e+01 -2.521937246849e+01 -5.138777241125e+01 6.561548804229e+00
9.493000000001e+01  -3.328894065563e+01 -2.521488868307e+01 -5.167509534787e+01 6.745868418503e+00
9.494000000001e+01  -3.371167139759e+01 -2.520102931327e+01 -5.195924552671e+01 6.937412727911e+00
9.495000000001e+01  -3.413465966311e+01 -2.517778557935e+01 -5.224005558782e+01 7.136108298477e+00
9.496000000001e+01  -3.455769093184e+01 -2.514515365070e+01 -5.251735990883e+01 7.341877875305e+00
9.497000000001e+01  -3.498055064725e+01 -2.510313464814e+01 -5.279099469237e+01 7.554640423691e+00
9.498000000001e+01  -3.540302433067e+01 -2.505173464353e+01 -5.306079805257e+01 7.774311172244e+00
9.499000000001e+01  -3.582489769530e+01 -2.499096465679e+01 -5.332661010048e+01 8.000801657993e+00
9.500000000001e+01  -3.624595676008e+01 -2.492084065029e+01 -5.358827302851e+01 8.234019773445e+00
9.501000000001e+01  -3.666598796349e+01 -2.484138352063e+01 -5.384563119366e+01 8.473869815589e+00
9.502000000001e+01  -3.708477827706e+01 -2.475261908782e+01 -5.409853119964e+01 8.720252536803e+00
9.503000000001e+01  -3.750211531865e+01 -2.465457808181e+01 -5.434682197781e+01 8.973065197643e+00
9.504000000001e+01  -3.791778746540e+01 -2.454729612648e+01 -5.459035486683e+01 9.232201621485e+00
9.505000000001e+01  -3.833158396625e+01 -2.443081372101e+01 -5.482898369104e+01 9.497552250993e+00
9.506000000001e+01  -3.874329505406e+01 -2.430517621865e+01 -5.506256483755e+01 9.769004206383e+00
9.507000000001e+01  -3.915271205717e+01 -2.417043380298e+01 -5.529095733188e+01 1.004644134544e+01
9.508000000001e+01  -3.955962751043e+01 -2.402664146153e+01 -5.551402291228e+01 1.032974432530e+01
9.509000000001e+01  -3.996383526556e+01 -2.387385895695e+01 -5.573162610258e+01 1.061879066586e+01
9.510000000001e+01  -4.036513060088e+01 -2.371215079556e+01 -5.594363428349e+01 1.091345481494e+01
9.511000000001e+01  -4.076331033021e+01 -2.354158619344e+01 -5.614991776247e+01 1.121360821503e+01
9.512000000001e+01  -4.115817291104e+01 -2.336223904008e+01 -5.635034984196e+01 1.151911937160e+01
9.513000000001e+01  -4.154951855180e+01 -2.317418785939e+01 -5.654480688610e+01 1.182985392306e+01
9.514000000001e+01  -4.193714931823e+01 -2.297751576846e+01 -5.673316838573e+01 1.214567471214e+01
9.515000000001e+01  -4.232086923874e+01 -2.277231043375e+01 -5.691531702177e+01 1.246644185883e+01
9.516000000001e+01  -4.270048440882e+01 -2.255866402487e+01 -5.709113872690e+01 1.279201283472e+01
9.517000000001e+01  -4.307580309422e+01 -2.233667316611e+01 -5.726052274552e+01 1.312224253876e+01
9.518000000001e+01  -4.344663583318e+01 -2.210643888545e+01 -5.742336169188e+01 1.345698337440e+01
9.519000000001e+01  -4.381279553727e+01 -2.186806656132e+01 -5.757955160653e+01 1.379608532806e+01
9.520000000001e+01  -4.417409759113e+01 -2.162166586707e+01 -5.772899201081e+01 1.413939604879e+01
9.521000000001e+01  -4.453035995082e+01 -2.136735071311e+01 -5.787158595962e+01 1.448676092936e+01
9.522000000001e+01  -4.488140324087e+01 -2.110523918685e+01 -5.800724009219e+01 1.483802318832e+01
9.523000000001e+01  -4.522705084990e+01 -2.083545349045e+01 -5.813586468103e+01 1.519302395341e+01
9.524000000001e+01  -4.556712902475e+01 -2.055811987630e+01 -5.825737367890e+01 1.555160234595e+01
9.525000000001e+01  -4.590146696319e+01 -2.027336858046e+01 -5.837168476386e+01 1.591359556640e+01
9.526000000001e+01  -4.622989690498e+01 -1.998133375392e+01 -5.847871938225e+01 1.627883898080e+01
9.527000000001e+01  -4.655225422142e+01 -1.968215339185e+01 -5.857840278978e+01 1.664716620837e+01
9.528000000001e+01  -4.686837750316e+01 -1.937596926073e+01 -5.867066409053e+01 1.701840920984e+01
9.529000000001e+01  -4.717810864637e+01 -1.906292682357e+01 -5.875543627387e+01 1.739239837684e+01
9.530000000001e+01  -4.748129293716e+01 -1.874317516314e+01 -5.883265624940e+01 1.776896262199e+01
9.531000000001e+01  -4.777777913419e+01 -1.841686690325e+01 -5.890226487973e+01 1.814792946987e+01
9.532000000001e+01  -4.806741954947e+01 -1.808415812822e+01 -5.896420701117e+01 1.852912514863e+01
9.533000000001e+01  -4.835007012729e+01 -1.774520830048e+01 -5.901843150234e+01 1.891237468243e+01
9.534000000001e+01  -4.862559052120e+01 -1.740018017637e+01 -5.906489125059e+01 1.929750198435e+01
9.535000000001e+01  -4.889384416909e+01 -1.704923972025e+01 -5.910354321630e+01 1.968432995004e+01
9.536000000001e+01  -4.915469836619e+01 -1.669255601684e+01 -5.913434844502e+01 2.007268055184e+01
9.537000000001e+01  -4.940802433616e+01 -1.633030118198e+01 -5.915727208742e+01 2.046237493339e+01
9.538000000001e+01  -4.965369729998e+01 -1.596265027177e+01 -5.917228341710e+01 2.085323350471e+01
9.539000000001e+01  -4.989159654278e+01 -1.558978119007e+01 -5.917935584611e+01 2.124507603764e+01
9.540000000001e+01  -5.012160547857e+01 -1.521187459466e+01 -5.917846693836e+01 2.163772176167e+01
9.541000000001e+01  -5.034361171275e+01 -1.482911380178e+01 -5.916959842081e+01 2.203098945999e+01
9.542000000001e+01  -5.055750710235e+01 -1.444168468935e+01 -5.915273619238e+01 2.242469756587e+01
9.543000000001e+01  -5.076318781418e+01 -1.404977559883e+01 -5.912787033071e+01 2.281866425912e+01
9.544000000001e+01  -5.096055438053e+01 -1.365357723577e+01 -5.909499509666e+01 2.321270756280e+01
9.545000000001e+01  -5.114951175270e+01 -1.325328256908e+01 -5.905410893659e+01 2.360664543992e+01
9.546000000001e+01  -5.132996935214e+01 -1.284908672917e+01 -5.900521448244e+01 2.400029589027e+01
9.547000000001e+01  -5.150184111922e+01 -1.244118690487e+01 -5.894831854950e+01 2.439347704711e+01
9.548000000001e+01  -5.166504555964e+01 -1.202978223935e+01 -5.888343213207e+01 2.478600727393e+01
9.549000000001e+01  -5.181950578843e+01 -1.161507372489e+01 -5.881057039681e+01 2.517770526100e+01
9.550000000001e+01  -5.196514957150e+01 -1.119726409684e+01 -5.872975267391e+01 2.556839012176e+01
9.551000000001e+01  -5.210190936476e+01 -1.077655772647e+01 -5.864100244600e+01 2.595788148905e+01
9.552000000001e+01  -5.222972235073e+01 -1.035316051311e+01 -5.854434733493e+01 2.634599961097e+01
9.553000000001e+01  -5.234853047269e+01 -9.927279775394e+00 -5.843981908625e+01 2.673256544654e+01
9.554000000001e+01  -5.245828046626e+01 -9.499124141823e+00 -5.832745355159e+01 2.711740076085e+01
9.555000000001e+01  -5.255892388855e+01 -9.068903440557e+00 -5.820729066876e+01 2.750032821990e+01
9.556000000001e+01  -5.265041714466e+01 -8.636828588646e+00 -5.807937443979e+01 2.788117148490e+01
9.557000000001e+01  -5.273272151165e+01 -8.203111480655e+00 -5.794375290666e+01 2.825975530611e+01
9.558000000001e+01  -5.280580316000e+01 -7.767964876777e+00 -5.780047812507e+01 2.863590561598e+01
9.559000000001e+01  -5.286963317238e+01 -7.331602290496e+00 -5.764960613586e+01 2.900944962186e+01
9.560000000001e+01  -5.292418755990e+01 -6.894237875851e+00 -5.749119693450e+01 2.938021589785e+01
9.561000000001e+01  -5.296944727573e+01 -6.456086314366e+00 -5.732531443836e+01 2.974803447602e+01
9.562000000001e+01  -5.300539822612e+01 -6.017362701703e+00 -5.715202645195e+01 3.011273693689e+01
9.563000000001e+01  -5.303203127879e+01 -5.578282434095e+00 -5.697140463006e+01 3.047415649902e+01
9.564000000001e+01  -5.304934226867e+01 -5.139061094628e+00 -5.678352443888e+01 3.083212810775e+01
9.565000000001e+01  -5.305733200110e+01 -4.699914339422e+00 -5.658846511507e+01 3.118648852310e+01
9.566000000001e+01  -5.305600625230e+01 -4.261057783781e+00 -5.638630962285e+01 3.153707640658e+01
9.567000000001e+01  -5.304537576729e+01 -3.822706888359e+00 -5.617714460909e+01 3.188373240716e+01
9.568000000001e+01  -5.302545625510e+01 -3.385076845419e+00 -5.596106035649e+01 3.222629924600e+01
9.569000000001e+01  -5.299626838147e+01 -2.948382465225e+00 -5.573815073472e+01 3.256462180026e+01
9.570000000001e+01  -5.295783775878e+01 -2.512838062649e+00 -5.550851314981e+01 3.289854718565e+01
9.571000000001e+01  -5.291019493349e+01 -2.078657344030e+00 -5.527224849153e+01 3.322792483783e+01
9.572000000001e+01  -5.285337537090e+01 -1.646053294364e+00 -5.502946107901e+01 3.355260659261e+01
9.573000000001e+01  -5.278741943731e+01 -1.215238064872e+00 -5.478025860449e+01 3.387244676485e+01
9.574000000001e+01  -5.271237237960e+01 -7.864228610068e-01 -5.452475207529e+01 3.418730222600e+01
9.575000000001e+01  -5.262828430220e+01 -3.598178309640e-01 -5.426305575408e+01 3.449703248041e+01
9.576000000001e+01  -5.253521014149e+01 6.436804525263e-02 -5.399528709734e+01 3.480149974010e+01
9.577000000001e+01  -5.243320963768e+01 4.859270661496e-01 -5.372156669223e+01 3.510056899816e+01
9.578000000001e+01  -5.232234730402e+01 9.046529183882e-01 -5.344201819170e+01 3.539410810070e+01
9.579000000001e+01  -5.220269239364e+01 1.320340785699e+00 -5.315676824806e+01 3.568198781724e+01
9.580000000001e+01  -5.207431886372e+01 1.732787457010e+00 -5.286594644494e+01 3.596408190952e+01
9.581000000001e+01  -5.193730533725e+01 2.141791433729e+00 -5.256968522775e+01 3.624026719880e+01
9.582000000001e+01  -5.179173506224e+01 2.547153036132e+00 -5.226811983253e+01 3.651042363144e+01
9.583000000001e+01  -5.163769586855e+01 2.948674508792e+00 -5.196138821347e+01 3.677443434287e+01
9.584000000001e+01  -5.147528012219e+01 3.346160125005e+00 -5.164963096887e+01 3.703218571988e+01
9.585000000001e+01  -5.130458467723e+01 3.739416290151e+00 -5.133299126585e+01 3.728356746105e+01
9.586000000001e+01  -5.112571082535e+01 4.128251643939e+00 -5.101161476362e+01 3.752847263560e+01
9.587000000001e+01  -5.093876424296e+01 4.512477161488e+00 -5.068564953547e+01 3.776679774026e+01
9.588000000001e+01  -5.074385493598e+01 4.891906253189e+00 -5.035524598957e+01 3.799844275440e+01
9.589000000001e+01  -5.054109718236e+01 5.266354863293e+00 -5.002055678844e+01 3.822331119330e+01
9.590000000001e+01  -5.033060947220e+01 5.635641567185e+00 -4.968173676740e+01 3.844131015944e+01
9.591000000001e+01  -5.011251444574e+01 5.999587667285e+00 -4.933894285176e+01 3.865235039199e+01
9.592000000001e+01  -4.988693882894e+01 6.358017287534e+00 -4.899233397304e+01 3.885634631421e+01
9.593000000001e+01  -4.965401336707e+01 6.710757466419e+00 -4.864207098413e+01 3.905321607897e+01
9.594000000001e+01  -4.941387275591e+01 7.057638248479e+00 -4.828831657347e+01 3.924288161221e+01
9.595000000001e+01  -4.916665557100e+01 7.398492774267e+00 -4.793123517829e+01 3.942526865437e+01
9.596000000001e+01  -4.891250419465e+01 7.733157368701e+00 -4.757099289700e+01 3.960030679976e+01
9.597000000001e+01  -4.865156474094e+01 8.061471627778e+00 -4.720775740075e+01 3.976792953384e+01
9.598000000001e+01  -4.838398697870e+01 8.383278503602e+00 -4.684169784420e+01 3.992807426843e+01
9.599000000001e+01  -4.810992425244e+01 8.698424387687e+00 -4.647298477554e+01 4.008068237469e+01
9.600000000001e+01  -4.782953340137e+01 9.006759192484e+00 -4.610179004590e+01 4.022569921408e+01
9.601000000001e+01  -4.754297467649e+01 9.308136431118e+00 -4.572828671809e+01 4.036307416701e+01
9.602000000001e+01  -4.725041165577e+01 9.602413295273e+00 -4.535264897476e+01 4.049276065938e+01
9.603000000001e+01  -4.695201115753e+01 9.889450731194e+00 -4.497505202609e+01 4.061471618692e+01
9.604000000001e+01  -4.664794315199e+01 1.016911351379e+01 -4.459567201698e+01 4.072890233720e+01
9.605000000001e+01  -4.633838067110e+01 1.044127031876e+01 -4.421468593383e+01 4.083528480948e+01
9.606000000001e+01  -4.602349971659e+01 1.070579379279e+01 -4.383227151100e+01 4.093383343229e+01
9.607000000001e+01  -4.570347916645e+01 1.096256062167e+01 -4.344860713693e+01 4.102452217868e+01
9.608000000001e+01  -4.537850067973e+01 1.121145159641e+01 -4.306387176001e+01 4.110732917919e+01
9.609000000001e+01  -4.504874859971e+01 1.145235167730e+01 -4.267824479429e+01 4.118223673258e+01
9.610000000001e+01  -4.471440985568e+01 1.168515005581e+01 -4.229190602503e+01 4.124923131415e+01
9.611000000001e+01  -4.437567386308e+01 1.190974021444e+01 -4.190503551417e+01 4.130830358175e+01
9.612000000001e+01  -4.403273242235e+01 1.212601998434e+01 -4.151781350575e+01 4.135944837953e+01
9.613000000001e+01  -4.368577961627e+01 1.233389160084e+01 -4.113042033139e+01 4.140266473923e+01
9.614000000001e+01  -4.333501170607e+01 1.253326175669e+01 -4.074303631581e+01 4.143795587920e+01
9.615000000001e+01  -4.298062702618e+01 1.272404165314e+01 -4.035584168252e+01 4.146532920099e+01
9.616000000001e+01  -4.262282587780e+01 1.290614704881e+01 -3.996901645965e+01 4.148479628365e+01
9.617000000001e+01  -4.226181042129e+01 1.307949830617e+01 -3.958274038605e+01 4.149637287563e+01
9.618000000001e+01  -4.189778456741e+01 1.324402043590e+01 -3.919719281769e+01 4.150007888424e+01
9.619000000001e+01  -4.153095386752e+01 1.339964313885e+01 -3.881255263434e+01 4.149593836288e+01
9.620000000001e+01  -4.116152540276e+01 1.354630084573e+01 -3.842899814669e+01 4.148397949577e+01
9.621000000001e+01  -4.078970767228e+01 1.368393275443e+01 -3.804670700393e+01 4.146423458038e+01
9.622000000001e+01  -4.041571048062e+01 1.381248286508e+01 -3.766585610177e+01 4.143674000748e+01
9.623000000001e+01  -4.003974482414e+01 1.393190001263e+01 -3.728662149104e+01 4.140153623886e+01
9.624000000001e+01  -3.966202277683e+01 1.404213789719e+01 -3.690917828685e+01 4.135866778264e+01
9.625000000001e+01  -3.928275737531e+01 1.414315511189e+01 -3.653370057838e+01 4.130818316629e+01
9.626000000001e+01  -3.890216250322e+01 1.423491516837e+01 -3.616036133940e+01 4.125013490735e+01
9.627000000001e+01  -3.852045277501e+01 1.431738651990e+01 -3.578933233944e+01 4.118457948174e+01
9.628000000001e+01  -3.813784341925e+01 1.439054258201e+01 -3.542078405579e+01 4.111157728989e+01
9.629000000001e+01  -3.775455016148e+01 1.445436175073e+01 -3.505488558625e+01 4.103119262053e+01
9.630000000001e+01  -3.737078910663e+01 1.450882741840e+01 -3.469180456277e+01 4.094349361221e+01
9.631000000001e+01  -3.698677662125e+01 1.455392798698e+01 -3.433170706595e+01 4.084855221265e+01
9.632000000001e+01  -3.660272921536e+01 1.458965687889e+01 -3.397475754046e+01 4.074644413584e+01
9.633000000001e+01  -3.621886342425e+01 1.461601254543e+01 -3.362111871142e+01 4.063724881698e+01
9.634000000001e+01  -3.583539569013e+01 1.463299847264e+01 -3.327095150181e+01 4.052104936526e+01
9.635000000001e+01  -3.545254224376e+01 1.464062318467e+01 -3.292441495080e+01 4.039793251458e+01
9.636000000001e+01  -3.507051898619e+01 1.463890024465e+01 -3.258166613325e+01 4.026798857216e+01
9.637000000001e+01  -3.468954137058e+01 1.462784825297e+01 -3.224286008023e+01 4.013131136512e+01
9.638000000001e+01  -3.430982428422e+01 1.460749084310e+01 -3.190814970063e+01 3.998799818511e+01
9.639000000001e+01  -3.393158193092e+01 1.457785667474e+01 -3.157768570395e+01 3.983814973097e+01
9.640000000001e+01  -3.355502771370e+01 1.453897942445e+01 -3.125161652423e+01 3.968187004954e+01
9.641000000001e+01  -3.318037411792e+01 1.449089777369e+01 -3.093008824518e+01 3.951926647459e+01
9.642000000001e+01  -3.280783259498e+01 1.443365539415e+01 -3.061324452647e+01 3.935044956402e+01
9.643000000001e+01  -3.243761344661e+01 1.436730093058e+01 -3.030122653132e+01 3.917553303532e+01
9.644000000001e+01  -3.206992570979e+01 1.429188798086e+01 -2.999417285529e+01 3.899463369938e+01
9.645000000001e+01  -3.170497704254e+01 1.420747507344e+01 -2.969221945632e+01 3.880787139268e+01
9.646000000001e+01  -3.134297361042e+01 1.411412564210e+01 -2.939549958613e+01 3.861536890804e+01
9.647000000001e+01  -3.098411997407e+01 1.401190799794e+01 -2.910414372289e+01 3.841725192377e+01
9.648000000001e+01  -3.062861897763e+01 1.390089529875e+01 -2.881827950519e+01 3.821364893161e+01
9.649000000001e+01  -3.027667163830e+01 1.378116551550e+01 -2.853803166740e+01 3.800469116319e+01
9.650000000001e+01  -2.992847703702e+01 1.365280139621e+01 -2.826352197643e+01 3.779051251534e+01
9.651000000001e+01  -2.958423221034e+01 1.351589042693e+01 -2.799486916976e+01 3.757124947426e+01
9.652000000001e+01  -2.924413204358e+01 1.337052478999e+01 -2.773218889501e+01 3.734704103847e+01
9.653000000001e+01  -2.890836916536e+01 1.321680131946e+01 -2.747559365089e+01 3.711802864088e+01
9.654000000001e+01  -2.857713384348e+01 1.305482145372e+01 -2.722519272960e+01 3.688435606984e+01
9.655000000001e+01  -2.825061388232e+01 1.288469118532e+01 -2.698109216071e+01 3.664616938930e+01
9.656000000001e+01  -2.792899452177e+01 1.270652100797e+01 -2.674339465655e+01 3.640361685825e+01
9.657000000001e+01  -2.761245833770e+01 1.252042586067e+01 -2.651219955916e+01 3.615684884935e+01
9.658000000001e+01  -2.730118514409e+01 1.232652506913e+01 -2.628760278876e+01 3.590601776695e+01
9.659000000001e+01  -2.699535189688e+01 1.212494228428e+01 -2.606969679385e+01 3.565127796446e+01
9.660000000001e+01  -2.669513259949e+01 1.191580541805e+01 -2.585857050287e+01 3.539278566127e+01
9.661000000001e+01  -2.640069821015e+01 1.169924657634e+01 -2.565430927761e+01 3.513069885909e+01
9.662000000001e+01  -2.611221655106e+01 1.147540198929e+01 -2.545699486822e+01 3.486517725798e+01
9.663000000001e+01  -2.582985221937e+01 1.124441193877e+01 -2.526670536997e+01 3.459638217197e+01
9.664000000001e+01  -2.555376650007e+01 1.100642068318e+01 -2.508351518180e+01 3.432447644434e+01
9.665000000001e+01  -2.528411728078e+01 1.076157637969e+01 -2.490749496665e+01 3.404962436265e+01
9.666000000001e+01  -2.502105896850e+01 1.051003100373e+01 -2.473871161357e+01 3.377199157363e+01
9.667000000001e+01  -2.476474240836e+01 1.025194026608e+01 -2.457722820176e+01 3.349174499770e+01
9.668000000001e+01  -2.451531480433e+01 9.987463527301e+00 -2.442310396652e+01 3.320905274353e+01
9.669000000001e+01  -2.427291964195e+01 9.716763709885e+00 -2.427639426709e+01 3.292408402235e+01
9.670000000001e+01  -2.403769661314e+01 9.440007207910e+00 -2.413715055651e+01 3.263700906217e+01
9.671000000001e+01  -2.380978154310e+01 9.157363794461e+00 -2.400542035349e+01 3.234799902200e+01
9.672000000001e+01  -2.358930631918e+01 8.869006526797e+00 -2.388124721631e+01 3.205722590593e+01
9.673000000001e+01  -2.337639882198e+01 8.575111649383e+00 -2.376467071882e+01 3.176486247721e+01
9.674000000001e+01  -2.317118285851e+01 8.275858494853e+00 -2.365572642857e+01 3.147108217230e+01
9.675000000001e+01  -2.297377809748e+01 7.971429382998e+00 -2.355444588703e+01 3.117605901488e+01
9.676000000001e+01  -2.278430000680e+01 7.662009517869e+00 -2.346085659204e+01 3.087996752986e+01
9.677000000001e+01  -2.260285979316e+01 7.347786883080e+00 -2.337498198240e+01 3.058298265743e+01
9.678000000001e+01  -2.242956434394e+01 7.028952135416e+00 -2.329684142472e+01 3.028527966708e+01
9.679000000001e+01  -2.226451617117e+01 6.705698496834e+00 -2.322645020252e+01 2.998703407161e+01
9.680000000001e+01  -2.210781335785e+01 6.378221644950e+00 -2.316381950750e+01 2.968842154122e+01
9.681000000001e+01  -2.195954950647e+01 6.046719602120e+00 -2.310895643316e+01 2.938961781762e+01
9.682000000001e+01  -2.181981368974e+01 5.711392623209e+00 -2.306186397069e+01 2.909079862809e+01
9.683000000001e+01  -2.168869040373e+01 5.372443082130e+00 -2.302254100708e+01 2.879213959972e+01
9.684000000001e+01  -2.156625952321e+01 5.030075357278e+00 -2.299098232564e+01 2.849381617355e+01
9.685000000001e+01  -2.145259625936e+01 4.684495715926e+00 -2.296717860867e+01 2.819600351893e+01
9.686000000001e+01  -2.134777111987e+01 4.335912197697e+00 -2.295111644253e+01 2.789887644780e+01
9.687000000001e+01  -2.125184987131e+01 3.984534497195e+00 -2.294277832499e+01 2.760260932918e+01
9.688000000001e+01  -2.116489350404e+01 3.630573845884e+00 -2.294214267477e+01 2.730737600370e+01
9.689000000001e+01  -2.108695819940e+01 3.274242893314e+00 -2.294918384352e+01 2.701334969826e+01
9.690000000001e+01  -2.101809529943e+01 2.915755587774e+00 -2.296387212986e+01 2.672070294087e+01
9.691000000001e+01  -2.095835127902e+01 2.555327056451e+00 -2.298617379586e+01 2.642960747564e+01
9.692000000001e+01  -2.090776772053e+01 2.193173485191e+00 -2.301605108563e+01 2.614023417795e+01
9.693000000001e+01  -2.086638129096e+01 1.829511997929e+00 -2.305346224618e+01 2.585275296985e+01
9.694000000001e+01  -2.083422372157e+01 1.464560535875e+00 -2.309836155048e+01 2.556733273577e+01
9.695000000001e+01  -2.081132179015e+01 1.098537736522e+00 -2.315069932266e+01 2.528414123842e+01
9.696000000001e+01  -2.079769730574e+01 7.316628125598e-01 -2.321042196538e+01 2.500334503511e+01
9.697000000001e+01  -2.079336709601e+01 3.641554307543e-01 -2.327747198938e+01 2.472510939439e+01
9.698000000001e+01  -2.079834299723e+01 -3.764409130608e-03 -2.335178804508e+01 2.444959821309e+01
9.699000000001e+01  -2.081263184678e+01 -3.718764953071e-01 -2.343330495625e+01 2.417697393379e+01
9.700000000001e+01  -2.083623547835e+01 -7.399605247663e-01 -2.352195375578e+01 2.390739746286e+01
9.701000000001e+01  -2.086915071981e+01 -1.107796223849e+00 -2.361766172347e+01 2.364102808891e+01
9.702000000001e+01  -2.091136939359e+01 -1.475163468522e+00 -2.372035242576e+01 2.337802340192e+01
9.703000000001e+01  -2.096287831987e+01 -1.841842404298e+00 -2.382994575750e+01 2.311853921295e+01
9.704000000001e+01  -2.102365932233e+01 -2.207613565753e+00 -2.394635798561e+01 2.286272947454e+01
9.705000000001e+01  -2.109368923657e+01 -2.572257995560e+00 -2.406950179468e+01 2.261074620178e+01
9.706000000001e+01  -2.117293992125e+01 -2.935557363017e+00 -2.419928633439e+01 2.236273939427e+01
9.707000000001e+01  -2.126137827186e+01 -3.297294081980e+00 -2.433561726885e+01 2.211885695877e+01
9.708000000001e+01  -2.135896623711e+01 -3.657251428176e+00 -2.447839682769e+01 2.187924463279e+01
9.709000000001e+01  -2.146566083811e+01 -4.015213655828e+00 -2.462752385898e+01 2.164404590913e+01
9.710000000001e+01  -2.158141419006e+01 -4.370966113541e+00 -2.478289388382e+01 2.141340196130e+01
9.711000000001e+01  -2.170617352669e+01 -4.724295359407e+00 -2.494439915276e+01 2.118745157007e+01
9.712000000001e+01  -2.183988122727e+01 -5.074989275265e+00 -2.511192870378e+01 2.096633105099e+01
9.713000000001e+01  -2.198247484631e+01 -5.422837180082e+00 -2.528536842201e+01 2.075017418312e+01
9.714000000001e+01  -2.213388714584e+01 -5.767629942388e+00 -2.546460110102e+01 2.053911213886e+01
9.715000000001e+01  -2.229404613030e+01 -6.109160091733e+00 -2.564950650567e+01 2.033327341502e+01
9.716000000001e+01  -2.246287508396e+01 -6.447221929107e+00 -2.583996143657e+01 2.013278376518e+01
9.717000000001e+01  -2.264029261103e+01 -6.781611636274e+00 -2.603583979598e+01 1.993776613334e+01
9.718000000001e+01  -2.282621267817e+01 -7.112127383980e+00 -2.623701265520e+01 1.974834058889e+01
9.719000000001e+01  -2.302054465961e+01 -7.438569438982e+00 -2.644334832345e+01 1.956462426304e+01
9.720000000001e+01  -2.322319338472e+01 -7.760740269849e+00 -2.665471241806e+01 1.938673128664e+01
9.721000000001e+01  -2.343405918813e+01 -8.078444651495e+00 -2.687096793611e+01 1.921477272956e+01
9.722000000001e+01  -2.365303796216e+01 -8.391489768390e+00 -2.709197532734e+01 1.904885654148e+01
9.723000000001e+01  -2.388002121178e+01 -8.699685316410e+00 -2.731759256835e+01 1.888908749434e+01
9.724000000001e+01  -2.411489611194e+01 -9.002843603272e+00 -2.754767523813e+01 1.873556712638e+01
9.725000000001e+01  -2.435754556717e+01 -9.300779647514e+00 -2.778207659465e+01 1.858839368779e+01
9.726000000001e+01  -2.460784827362e+01 -9.593311275976e+00 -2.802064765278e+01 1.844766208803e+01
9.727000000001e+01  -2.486567878329e+01 -9.880259219731e+00 -2.826323726327e+01 1.831346384493e+01
9.728000000001e+01  -2.513090757055e+01 -1.016144720843e+01 -2.850969219279e+01 1.818588703547e+01
9.729000000001e+01  -2.540340110087e+01 -1.043670206300e+01 -2.875985720509e+01 1.806501624835e+01
9.730000000001e+01  -2.568302190174e+01 -1.070585378668e+01 -2.901357514317e+01 1.795093253838e+01
9.731000000001e+01  -2.596962863568e+01 -1.096873565436e+01 -2.927068701232e+01 1.784371338274e+01
9.732000000001e+01  -2.626307617537e+01 -1.122518430004e+01 -2.953103206424e+01 1.774343263900e+01
9.733000000001e+01  -2.656321568085e+01 -1.147503980268e+01 -2.979444788192e+01 1.765016050520e+01
9.734000000001e+01  -2.686989467871e+01 -1.171814577002e+01 -3.006077046544e+01 1.756396348166e+01
9.735000000001e+01  -2.718295714321e+01 -1.195434942061e+01 -3.032983431850e+01 1.748490433490e+01
9.736000000001e+01  -2.750224357941e+01 -1.218350166387e+01 -3.060147253581e+01 1.741304206341e+01
9.737000000001e+01  -2.782759110806e+01 -1.240545717827e+01 -3.087551689108e+01 1.734843186546e+01
9.738000000001e+01  -2.815883355241e+01 -1.262007448735e+01 -3.115179792574e+01 1.729112510891e+01
9.739000000001e+01  -2.849580152674e+01 -1.282721603386e+01 -3.143014503827e+01 1.724116930305e+01
9.740000000001e+01  -2.883832252667e+01 -1.302674825172e+01 -3.171038657413e+01 1.719860807247e+01
9.741000000001e+01  -2.918622102107e+01 -1.321854163591e+01 -3.199234991615e+01 1.716348113297e+01
9.742000000001e+01  -2.953931854570e+01 -1.340247081020e+01 -3.227586157550e+01 1.713582426961e+01
9.743000000001e+01  -2.989743379833e+01 -1.357841459267e+01 -3.256074728304e+01 1.711566931680e+01
9.744000000001e+01  -3.026038273545e+01 -1.374625605908e+01 -3.284683208105e+01 1.710304414048e+01
9.745000000001e+01  -3.062797867044e+01 -1.390588260391e+01 -3.313394041537e+01 1.709797262242e+01
9.746000000001e+01  -3.100003237313e+01 -1.405718599921e+01 -3.342189622779e+01 1.710047464671e+01
9.747000000001e+01  -3.137635217076e+01 -1.420006245104e+01 -3.371052304867e+01 1.711056608825e+01
9.748000000001e+01  -3.175674405021e+01 -1.433441265368e+01 -3.399964408985e+01 1.712825880348e+01
9.749000000001e+01  -3.214101176152e+01 -1.446014184136e+01 -3.428908233763e+01 1.715356062321e+01
9.750000000001e+01  -3.252895692260e+01 -1.457715983772e+01 -3.457866064586e+01 1.718647534761e+01
9.751000000001e+01  -3.292037912504e+01 -1.468538110274e+01 -3.486820182920e+01 1.722700274336e+01
9.752000000001e+01  -3.331507604107e+01 -1.478472477731e+01 -3.515752875623e+01 1.727513854289e+01
9.753000000001e+01  -3.371284353147e+01 -1.487511472527e+01 -3.544646444267e+01 1.733087444585e+01
9.754000000001e+01  -3.411347575453e+01 -1.495647957303e+01 -3.573483214439e+01 1.739419812272e+01
9.755000000001e+01  -3.451676527583e+01 -1.502875274661e+01 -3.602245545042e+01 1.746509322053e+01
9.756000000001e+01  -3.492250317893e+01 -1.509187250621e+01 -3.630915837565e+01 1.754353937072e+01
9.757000000001e+01  -3.533047917683e+01 -1.514578197822e+01 -3.659476545337e+01 1.762951219925e+01
9.758000000001e+01  -3.574048172415e+01 -1.519042918465e+01 -3.687910182756e+01 1.772298333871e+01
9.759000000001e+01  -3.615229813000e+01 -1.522576706997e+01 -3.716199334477e+01 1.782392044266e+01
9.760000000001e+01  -3.656571467143e+01 -1.525175352541e+01 -3.744326664570e+01 1.793228720203e+01
9.761000000001e+01  -3.698051670744e+01 -1.526835141064e+01 -3.772274925633e+01 1.804804336371e+01
9.762000000001e+01  -3.739648879349e+01 -1.527552857275e+01 -3.800026967859e+01 1.817114475116e+01
9.763000000001e+01  -3.781341479640e+01 -1.527325786276e+01 -3.827565748049e+01 1.830154328719e+01
9.764000000001e+01  -3.823107800968e+01 -1.526151714932e+01 -3.854874338571e+01 1.843918701878e+01
9.765000000001e+01  -3.864926126904e+01 -1.524028932991e+01 -3.881935936260e+01 1.858402014396e+01
9.766000000001e+01  -3.906774706829e+01 -1.520956233932e+01 -3.908733871249e+01 1.873598304080e+01
9.767000000001e+01  -3.948631767531e+01 -1.516932915546e+01 -3.935251615728e+01 1.889501229839e+01
9.768000000001e+01  -3.990475524816e+01 -1.511958780257e+01 -3.961472792634e+01 1.906104074986e+01
9.769000000001e+01  -4.032284195127e+01 -1.506034135172e+01 -3.987381184256e+01 1.923399750737e+01
9.770000000001e+01  -4.074036007160e+01 -1.499159791870e+01 -4.012960740761e+01 1.941380799918e+01
9.771000000001e+01  -4.115709213473e+01 -1.491337065918e+01 -4.038195588628e+01 1.960039400857e+01
9.772000000001e+01  -4.157282102084e+01 -1.482567776129e+01 -4.063070038986e+01 1.979367371481e+01
9.773000000001e+01  -4.198733008045e+01 -1.472854243548e+01 -4.087568595865e+01 1.999356173595e+01
9.774000000001e+01  -4.240040324996e+01 -1.462199290178e+01 -4.111675964335e+01 2.019996917359e+01
9.775000000001e+01  -4.281182516685e+01 -1.450606237441e+01 -4.135377058544e+01 2.041280365951e+01
9.776000000001e+01  -4.322138128448e+01 -1.438078904372e+01 -4.158657009647e+01 2.063196940412e+01
9.777000000001e+01  -4.362885798648e+01 -1.424621605556e+01 -4.181501173614e+01 2.085736724679e+01
9.778000000001e+01  -4.403404270066e+01 -1.410239148796e+01 -4.203895138928e+01 2.108889470789e+01
9.779000000001e+01  -4.443672401229e+01 -1.394936832531e+01 -4.225824734156e+01 2.132644604270e+01
9.780000000001e+01  -4.483669177681e+01 -1.378720442987e+01 -4.247276035392e+01 2.156991229701e+01
9.781000000001e+01  -4.523373723190e+01 -1.361596251073e+01 -4.268235373574e+01 2.181918136441e+01
9.782000000001e+01  -4.562765310871e+01 -1.343571009022e+01 -4.288689341662e+01 2.207413804534e+01
9.783000000001e+01  -4.601823374234e+01 -1.324651946777e+01 -4.308624801683e+01 2.233466410767e+01
9.784000000001e+01  -4.640527518154e+01 -1.304846768124e+01 -4.328028891626e+01 2.260063834904e+01
9.785000000001e+01  -4.678857529734e+01 -1.284163646581e+01 -4.346889032203e+01 2.287193666064e+01
9.786000000001e+01  -4.716793389083e+01 -1.262611221027e+01 -4.365192933448e+01 2.314843209267e+01
9.787000000001e+01  -4.754315279986e+01 -1.240198591098e+01 -4.382928601176e+01 2.342999492119e+01
9.788000000001e+01  -4.791403600470e+01 -1.216935312331e+01 -4.400084343275e+01 2.371649271659e+01
9.789000000001e+01  -4.828038973245e+01 -1.192831391072e+01 -4.416648775846e+01 2.400779041334e+01
9.790000000001e+01  -4.864202256040e+01 -1.167897279143e+01 -4.432610829177e+01 2.430375038130e+01
9.791000000001e+01  -4.899874551800e+01 -1.142143868276e+01 -4.447959753553e+01 2.460423249827e+01
9.792000000001e+01  -4.935037218763e+01 -1.115582484315e+01 -4.462685124894e+01 2.490909422398e+01
9.793000000001e+01  -4.969671880395e+01 -1.088224881184e+01 -4.476776850225e+01 2.521819067527e+01
9.794000000001e+01  -5.003760435182e+01 -1.060083234634e+01 -4.490225172971e+01 2.553137470257e+01
9.795000000001e+01  -5.037285066288e+01 -1.031170135767e+01 -4.503020678067e+01 2.584849696762e+01
9.796000000001e+01  -5.070228251040e+01 -1.001498584336e+01 -4.515154296904e+01 2.616940602225e+01
9.797000000001e+01  -5.102572770279e+01 -9.710819818344e+00 -4.526617312069e+01 2.649394838842e+01
9.798000000001e+01  -5.134301717537e+01 -9.399341243702e+00 -4.537401361922e+01 2.682196863923e+01
9.799000000001e+01  -5.165398508044e+01 -9.080691953318e+00 -4.547498444973e+01 2.715330948101e+01
9.800000000001e+01  -5.195846887579e+01 -8.755017578503e+00 -4.556900924069e+01 2.748781183646e+01
9.801000000001e+01  -5.225630941129e+01 -8.422467470605e+00 -4.565601530390e+01 2.782531492862e+01
9.802000000001e+01  -5.254735101379e+01 -8.083194621649e+00 -4.573593367258e+01 2.816565636588e+01
9.803000000001e+01  -5.283144157010e+01 -7.737355583065e+00 -4.580869913733e+01 2.850867222772e+01
9.804000000001e+01  -5.310843260812e+01 -7.385110382521e+00 -4.587425028028e+01 2.885419715139e+01
9.805000000001e+01  -5.337817937602e+01 -7.026622438932e+00 -4.593252950712e+01 2.920206441928e+01
9.806000000001e+01  -5.364054091945e+01 -6.662058475664e+00 -4.598348307714e+01 2.955210604702e+01
9.807000000001e+01  -5.389538015670e+01 -6.291588432004e+00 -4.602706113127e+01 2.990415287229e+01
9.808000000001e+01  -5.414256395185e+01 -5.915385372921e+00 -4.606321771803e+01 3.025803464424e+01
9.809000000001e+01  -5.438196318580e+01 -5.533625397179e+00 -4.609191081741e+01 3.061358011347e+01
9.810000000001e+01  -5.461345282515e+01 -5.146487543848e+00 -4.611310236269e+01 3.097061712258e+01
9.811000000001e+01  -5.483691198893e+01 -4.754153697258e+00 -4.612675826020e+01 3.132897269718e+01
9.812000000001e+01  -5.505222401316e+01 -4.356808490448e+00 -4.613284840689e+01 3.168847313737e+01
9.813000000001e+01  -5.525927651305e+01 -3.954639207171e+00 -4.613134670592e+01 3.204894410953e+01
9.814000000001e+01  -5.545796144308e+01 -3.547835682488e+00 -4.612223107998e+01 3.241021073858e+01
9.815000000001e+01  -5.564817515466e+01 -3.136590202016e+00 -4.610548348264e+01 3.277209770039e+01
9.816000000001e+01  -5.582981845154e+01 -2.721097399888e+00 -4.608108990745e+01 3.313442931453e+01
9.817000000001e+01  -5.600279664277e+01 -2.301554155464e+00 -4.604904039494e+01 3.349702963718e+01
9.818000000001e+01  -5.616701959331e+01 -1.878159488858e+00 -4.600932903753e+01 3.385972255415e+01
9.819000000001e+01  -5.632240177227e+01 -1.451114455335e+00 -4.596195398224e+01 3.422233187407e+01
9.820000000001e+01  -5.646886229862e+01 -1.020622038634e+00 -4.590691743124e+01 3.458468142155e+01
9.821000000001e+01  -5.660632498448e+01 -5.868870432698e-01 -4.584422564033e+01 3.494659513038e+01
9.822000000001e+01  -5.673471837589e+01 -1.501159858736e-01 -4.577388891522e+01 3.530789713664e+01
9.823000000001e+01  -5.685397579111e+01 2.894830143699e-01 -4.569592160567e+01 3.566841187176e+01
9.824000000001e+01  -5.696403535637e+01 7.317003461314e-01 -4.561034209753e+01 3.602796415537e+01
9.825000000001e+01  -5.706484003902e+01 1.176325017134e+00 -4.551717280258e+01 3.638637928795e+01
9.826000000001e+01  -5.715633767817e+01 1.623144766077e+00 -4.541644014633e+01 3.674348314330e+01
9.827000000001e+01  -5.723848101274e+01 2.071946175235e+00 -4.530817455359e+01 3.709910226063e+01
9.828000000001e+01  -5.731122770688e+01 2.522514783659e+00 -4.519241043205e+01 3.745306393631e+01
9.829000000001e+01  -5.737454037278e+01 2.974635200932e+00 -4.506918615362e+01 3.780519631526e+01
9.830000000001e+01  -5.742838659087e+01 3.428091221415e+00 -4.493854403377e+01 3.815532848189e+01
9.831000000001e+01  -5.747273892740e+01 3.882665938918e+00 -4.480053030876e+01 3.850329055050e+01
9.832000000001e+01  -5.750757494932e+01 4.338141861742e+00 -4.465519511075e+01 3.884891375516e+01
9.833000000001e+01  -5.753287723654e+01 4.794301028032e+00 -4.450259244095e+01 3.919203053905e+01
9.834000000001e+01  -5.754863339157e+01 5.250925121365e+00 -4.434278014061e+01 3.953247464307e+01
9.835000000001e+01  -5.755483604637e+01 5.707795586535e+00 -4.417581986004e+01 3.987008119383e+01
9.836000000001e+01  -5.755148286672e+01 6.164693745457e+00 -4.400177702562e+01 4.020468679089e+01
9.837000000001e+01  -5.753857655371e+01 6.621400913130e+00 -4.382072080478e+01 4.053612959324e+01
9.838000000001e+01  -5.751612484273e+01 7.077698513603e+00 -4.363272406904e+01 4.086424940492e+01
9.839000000001e+01  -5.748414049970e+01 7.533368195882e+00 -4.343786335506e+01 4.118888775979e+01
9.840000000001e+01  -5.744264131461e+01 7.988191949715e+00 -4.323621882373e+01 4.150988800541e+01
9.841000000001e+01  -5.739165009253e+01 8.441952221183e+00 -4.302787421743e+01 4.182709538593e+01
9.842000000001e+01  -5.733119464174e+01 8.894432028065e+00 -4.281291681531e+01 4.214035712398e+01
9.843000000001e+01  -5.726130775943e+01 9.345415074876e+00 -4.259143738671e+01 4.244952250153e+01
9.844000000001e+01  -5.718202721461e+01 9.794685867552e+00 -4.236353014279e+01 4.275444293967e+01
9.845000000001e+01  -5.709339572842e+01 1.024202982770e+01 -4.212929268627e+01 4.305497207722e+01
9.846000000001e+01  -5.699546095181e+01 1.068723340637e+01 -4.188882595943e+01 4.335096584822e+01
9.847000000001e+01  -5.688827544064e+01 1.113008419724e+01 -4.164223419032e+01 4.364228255818e+01
9.848000000001e+01  -5.677189662813e+01 1.157037104927e+01 -4.138962483721e+01 4.392878295904e+01
9.849000000001e+01  -5.664638679472e+01 1.200788417859e+01 -4.113110853138e+01 4.421033032294e+01
9.850000000001e+01  -5.651181303541e+01 1.244241527973e+01 -4.086679901821e+01 4.448679051455e+01
9.851000000001e+01  -5.636824722448e+01 1.287375763604e+01 -4.059681309660e+01 4.475803206209e+01
9.852000000001e+01  -5.621576597775e+01 1.330170622925e+01 -4.032127055683e+01 4.502392622693e+01
9.853000000001e+01  -5.605445061223e+01 1.372605784814e+01 -4.004029411676e+01 4.528434707172e+01
9.854000000001e+01  -5.588438710335e+01 1.414661119628e+01 -3.975400935656e+01 4.553917152714e+01
9.855000000001e+01  -5.570566603970e+01 1.456316699867e+01 -3.946254465189e+01 4.578827945695e+01
9.856000000001e+01  -5.551838257530e+01 1.497552810736e+01 -3.916603110560e+01 4.603155372170e+01
9.857000000001e+01  -5.532263637945e+01 1.538349960596e+01 -3.886460247799e+01 4.626888024069e+01
9.858000000001e+01  -5.511853158424e+01 1.578688891289e+01 -3.855839511570e+01 4.650014805242e+01
9.859000000001e+01  -5.490617672959e+01 1.618550588347e+01 -3.824754787915e+01 4.672524937334e+01
9.860000000001e+01  -5.468568470603e+01 1.657916291063e+01 -3.793220206877e+01 4.694407965494e+01
9.861000000001e+01  -5.445717269518e+01 1.696767502433e+01 -3.761250134982e+01 4.715653763912e+01
9.862000000001e+01  -5.422076210785e+01 1.735085998956e+01 -3.728859167607e+01 4.736252541186e+01
9.863000000001e+01  -5.397657852001e+01 1.772853840288e+01 -3.696062121217e+01 4.756194845503e+01
9.864000000001e+01  -5.372475160650e+01 1.810053378744e+01 -3.662874025495e+01 4.775471569655e+01
9.865000000001e+01  -5.346541507255e+01 1.846667268646e+01 -3.629310115349e+01 4.794073955860e+01
9.866000000001e+01  -5.319870658316e+01 1.882678475514e+01 -3.595385822824e+01 4.811993600404e+01
9.867000000001e+01  -5.292476769044e+01 1.918070285081e+01 -3.561116768896e+01 4.829222458100e+01
9.868000000001e+01  -5.264374375879e+01 1.952826312147e+01 -3.526518755174e+01 4.845752846546e+01
9.869000000001e+01  -5.235578388811e+01 1.986930509255e+01 -3.491607755511e+01 4.861577450208e+01
9.870000000001e+01  -5.206104083504e+01 2.020367175187e+01 -3.456399907511e+01 4.876689324293e+01
9.871000000001e+01  -5.175967093220e+01 2.053120963274e+01 -3.420911503962e+01 4.891081898440e+01
9.872000000001e+01  -5.145183400560e+01 2.085176889522e+01 -3.385158984183e+01 4.904748980201e+01
9.873000000001e+01  -5.113769329010e+01 2.116520340537e+01 -3.349158925293e+01 4.917684758333e+01
9.874000000001e+01  -5.081741534318e+01 2.147137081262e+01 -3.312928033409e+01 4.929883805885e+01
9.875000000001e+01  -5.049116995684e+01 2.177013262506e+01 -3.276483134775e+01 4.941341083081e+01
9.876000000001e+01  -5.015913006781e+01 2.206135428272e+01 -3.239841166828e+01 4.952051939997e+01
9.877000000001e+01  -4.982147166611e+01 2.234490522869e+01 -3.203019169209e+01 4.962012119042e+01
9.878000000001e+01  -4.947837370198e+01 2.262065897819e+01 -3.166034274715e+01 4.971217757219e+01
9.879000000001e+01  -4.913001799117e+01 2.288849318542e+01 -3.128903700207e+01 4.979665388186e+01
9.880000000001e+01  -4.877658911884e+01 2.314828970821e+01 -3.091644737472e+01 4.987351944109e+01
9.881000000001e+01  -4.841827434182e+01 2.339993467047e+01 -3.054274744045e+01 4.994274757300e+01
9.882000000001e+01  -4.805526348961e+01 2.364331852231e+01 -3.016811134001e+01 5.000431561645e+01
9.883000000001e+01  -4.768774886385e+01 2.387833609787e+01 -2.979271368712e+01 5.005820493823e+01
9.884000000001e+01  -4.731592513662e+01 2.410488667090e+01 -2.941672947586e+01 5.010440094313e+01
9.885000000001e+01  -4.693998924734e+01 2.432287400781e+01 -2.904033398781e+01 5.014289308184e+01
9.886000000001e+01  -4.656014029861e+01 2.453220641850e+01 -2.866370269907e+01 5.017367485675e+01
9.887000000001e+01  -4.617657945073e+01 2.473279680464e+01 -2.828701118721e+01 5.019674382561e+01
9.888000000001e+01  -4.578950981525e+01 2.492456270559e+01 -2.791043503813e+01 5.021210160306e+01
9.889000000001e+01  -4.539913634742e+01 2.510742634177e+01 -2.753414975296e+01 5.021975386004e+01
9.890000000001e+01  -4.500566573767e+01 2.528131465562e+01 -2.715833065497e+01 5.021971032098e+01
9.891000000001e+01  -4.460930630213e+01 2.544615935001e+01 -2.678315279667e+01 5.021198475897e+01
9.892000000001e+01  -4.421026787235e+01 2.560189692405e+01 -2.640879086694e+01 5.019659498875e+01
9.893000000001e+01  -4.380876168410e+01 2.574846870646e+01 -2.603541909848e+01 5.017356285750e+01
9.894000000001e+01  -4.340500026554e+01 2.588582088628e+01 -2.566321117544e+01 5.014291423367e+01
9.895000000001e+01  -4.299919732458e+01 2.601390454102e+01 -2.529234014138e+01 5.010467899353e+01
9.896000000001e+01  -4.259156763570e+01 2.613267566220e+01 -2.492297830755e+01 5.005889100569e+01
9.897000000001e+01  -4.218232692611e+01 2.624209517830e+01 -2.455529716163e+01 5.000558811355e+01
9.898000000001e+01  -4.177169176147e+01 2.634212897501e+01 -2.418946727684e+01 4.994481211556e+01
9.899000000001e+01  -4.135987943109e+01 2.643274791293e+01 -2.382565822160e+01 4.987660874348e+01
9.900000000001e+01  -4.094710783280e+01 2.651392784253e+01 -2.346403846970e+01 4.980102763855e+01
9.901000000001e+01  -4.053359535742e+01 2.658564961653e+01 -2.310477531112e+01 4.971812232559e+01
9.902000000001e+01  -4.011956077301e+01 2.664789909955e+01 -2.274803476340e+01 4.962795018507e+01
9.903000000001e+01  -3.970522310890e+01 2.670066717512e+01 -2.239398148374e+01 4.953057242314e+01
9.904000000001e+01  -3.929080153953e+01 2.674394975004e+01 -2.204277868187e+01 4.942605403963e+01
9.905000000001e+01  -3.887651526824e+01 2.677774775601e+01 -2.169458803363e+01 4.931446379411e+01
9.906000000001e+01  -3.846258341105e+01 2.680206714865e+01 -2.134956959541e+01 4.919587416993e+01
9.907000000001e+01  -3.804922488044e+01 2.681691890377e+01 -2.100788171946e+01 4.907036133625e+01
9.908000000001e+01  -3.763665826923e+01 2.682231901102e+01 -2.066968097009e+01 4.893800510826e+01
9.909000000001e+01  -3.722510173464e+01 2.681828846489e+01 -2.033512204088e+01 4.879888890534e+01
9.910000000001e+01  -3.681477288255e+01 2.680485325297e+01 -2.000435767280e+01 4.865309970743e+01
9.911000000001e+01  -3.640588865207e+01 2.678204434163e+01 -1.967753857347e+01 4.850072800943e+01
9.912000000001e+01  -3.599866520042e+01 2.674989765900e+01 -1.935481333747e+01 4.834186777381e+01
9.913000000001e+01  -3.559331778822e+01 2.670845407538e+01 -1.903632836775e+01 4.817661638139e+01
9.914000000001e+01  -3.519006066531e+01 2.665775938092e+01 -1.872222779825e+01 4.800507458028e+01
9.915000000001e+01  -3.478910695699e+01 2.659786426079e+01 -1.841265341770e+01 4.782734643304e+01
9.916000000001e+01  -3.439066855092e+01 2.652882426770e+01 -1.810774459472e+01 4.764353926214e+01
9.917000000001e+01  -3.399495598467e+01 2.645069979182e+01 -1.780763820415e+01 4.745376359367e+01
9.918000000001e+01  -3.360217833397e+01 2.636355602820e+01 -1.751246855470e+01 4.725813309928e+01
9.919000000001e+01  -3.321254310169e+01 2.626746294159e+01 -1.722236731807e+01 4.705676453662e+01
9.920000000001e+01  -3.282625610772e+01 2.616249522871e+01 -1.693746345935e+01 4.684977768796e+01
9.921000000001e+01  -3.244352137966e+01 2.604873227813e+01 -1.665788316889e+01 4.663729529732e+01
9.922000000001e+01  -3.206454104455e+01 2.592625812751e+01 -1.638374979572e+01 4.641944300600e+01
9.923000000001e+01  -3.168951522152e+01 2.579516141854e+01 -1.611518378233e+01 4.619634928653e+01
9.924000000001e+01  -3.131864191555e+01 2.565553534932e+01 -1.585230260116e+01 4.596814537520e+01
9.925000000001e+01  -3.095211691237e+01 2.550747762441e+01 -1.559522069251e+01 4.573496520296e+01
9.926000000001e+01  -3.059013367445e+01 2.535109040252e+01 -1.534404940416e+01 4.549694532509e+01
9.927000000001e+01  -3.023288323835e+01 2.518648024177e+01 -1.509889693257e+01 4.525422484922e+01
9.928000000001e+01  -2.988055411327e+01 2.501375804275e+01 -1.485986826576e+01 4.500694536219e+01
9.929000000001e+01  -2.953333218096e+01 2.483303898919e+01 -1.462706512787e+01 4.475525085548e+01
9.930000000001e+01  -2.919140059710e+01 2.464444248648e+01 -1.440058592548e+01 4.449928764930e+01
9.931000000001e+01  -2.885493969401e+01 2.444809209793e+01 -1.418052569563e+01 4.423920431551e+01
9.932000000001e+01  -2.852412688501e+01 2.424411547884e+01 -1.396697605564e+01 4.397515159927e+01
9.933000000001e+01  -2.819913657022e+01 2.403264430849e+01 -1.376002515469e+01 4.370728233948e+01
9.934000000001e+01  -2.788014004407e+01 2.381381421999e+01 -1.355975762731e+01 4.343575138815e+01
9.935000000001e+01  -2.756730540439e+01 2.358776472809e+01 -1.336625454862e+01 4.316071552858e+01
9.936000000001e+01  -2.726079746326e+01 2.335463915498e+01 -1.317959339146e+01 4.288233339252e+01
9.937000000001e+01  -2.696077765964e+01 2.311458455407e+01 -1.299984798546e+01 4.260076537632e+01
9.938000000001e+01  -2.666740397377e+01 2.286775163197e+01 -1.282708847796e+01 4.231617355604e+01
9.939000000001e+01  -2.638083084344e+01 2.261429466839e+01 -1.266138129684e+01 4.202872160168e+01
9.940000000001e+01  -2.610120908217e+01 2.235437143438e+01 -1.250278911540e+01 4.173857469049e+01
9.941000000001e+01  -2.582868579936e+01 2.208814310868e+01 -1.235137081906e+01 4.144589941938e+01
9.942000000001e+01  -2.556340432236e+01 2.181577419235e+01 -1.220718147414e+01 4.115086371660e+01
9.943000000001e+01  -2.530550412070e+01 2.153743242170e+01 -1.207027229860e+01 4.085363675258e+01
9.944000000001e+01  -2.505512073226e+01 2.125328867955e+01 -1.194069063476e+01 4.055438885009e+01
9.945000000001e+01  -2.481238569167e+01 2.096351690493e+01 -1.181847992409e+01 4.025329139372e+01
9.946000000001e+01  -2.457742646079e+01 2.066829400123e+01 -1.170367968398e+01 3.995051673869e+01
9.947000000001e+01  -2.435036636142e+01 2.036779974278e+01 -1.159632548660e+01 3.964623811912e+01
9.948000000001e+01  -2.413132451029e+01 2.006221668005e+01 -1.149644893975e+01 3.934062955575e+01
9.949000000001e+01  -2.392041575618e+01 1.975173004344e+01 -1.140407766985e+01 3.903386576315e+01
9.950000000001e+01  -2.371775061951e+01 1.943652764572e+01 -1.131923530694e+01 3.872612205649e+01
9.951000000001e+01  -2.352343523411e+01 1.911679978315e+01 -1.124194147180e+01 3.841757425797e+01
9.952000000001e+01  -2.333757129148e+01 1.879273913541e+01 -1.117221176509e+01 3.810839860280e+01
9.953000000001e+01  -2.316025598736e+01 1.846454066432e+01 -1.111005775867e+01 3.779877164501e+01
9.954000000001e+01  -2.299158197077e+01 1.813240151139e+01 -1.105548698895e+01 3.748887016289e+01
9.955000000001e+01  -2.283163729545e+01 1.779652089437e+01 -1.100850295236e+01 3.717887106435e+01
9.956000000001e+01  -2.268050537381e+01 1.745710000268e+01 -1.096910510293e+01 3.686895129205e+01
9.957000000001e+01  -2.253826493339e+01 1.711434189198e+01 -1.093728885196e+01 3.655928772850e+01
9.958000000001e+01  -2.240498997579e+01 1.676845137769e+01 -1.091304556985e+01 3.625005710107e+01
9.959000000001e+01  -2.228074973814e+01 1.641963492778e+01 -1.089636258992e+01 3.594143588704e+01
9.960000000001e+01  -2.216560865720e+01 1.606810055461e+01 -1.088722321448e+01 3.563360021873e+01
9.961000000001e+01  -2.205962633594e+01 1.571405770618e+01 -1.088560672294e+01 3.532672578872e+01
9.962000000001e+01  -2.196285751273e+01 1.535771715652e+01 -1.089148838199e+01 3.502098775529e+01
9.963000000001e+01  -2.187535203319e+01 1.499929089551e+01 -1.090483945797e+01 3.471656064798e+01
9.964000000001e+01  -2.179715482458e+01 1.463899201814e+01 -1.092562723125e+01 3.441361827360e+01
9.965000000001e+01  -2.172830587281e+01 1.427703461313e+01 -1.095381501281e+01 3.411233362242e+01
9.966000000001e+01  -2.166884020216e+01 1.391363365119e+01 -1.098936216281e+01 3.381287877485e+01
9.967000000001e+01  -2.161878785756e+01 1.354900487271e+01 -1.103222411129e+01 3.351542480849e+01
9.968000000001e+01  -2.157817388954e+01 1.318336467521e+01 -1.108235238098e+01 3.322014170577e+01
9.969000000001e+01  -2.154701834183e+01 1.281693000036e+01 -1.113969461213e+01 3.292719826207e+01
9.970000000001e+01  -2.152533624156e+01 1.244991822081e+01 -1.120419458941e+01 3.263676199448e+01
9.971000000001e+01  -2.151313759223e+01 1.208254702673e+01 -1.127579227092e+01 3.234899905123e+01
9.972000000001e+01  -2.151042736919e+01 1.171503431225e+01 -1.135442381914e+01 3.206407412182e+01
9.973000000001e+01  -2.151720551782e+01 1.134759806176e+01 -1.144002163401e+01 3.178215034793e+01
9.974000000001e+01  -2.153346695442e+01 1.098045623616e+01 -1.153251438796e+01 3.150338923519e+01
9.975000000001e+01  -2.155920156958e+01 1.061382665913e+01 -1.163182706300e+01 3.122795056575e+01
9.976000000001e+01  -2.159439423437e+01 1.024792690342e+01 -1.173788098970e+01 3.095599231189e+01
9.977000000001e+01  -2.163902480900e+01 9.882974177263e+00 -1.185059388830e+01 3.068767055051e+01
9.978000000001e+01  -2.169306815416e+01 9.519185210954e+00 -1.196987991160e+01 3.042313937875e+01
9.979000000001e+01  -2.175649414498e+01 9.156776143647e+00 -1.209564968992e+01 3.016255083059e+01
9.980000000001e+01  -2.182926768753e+01 8.795962410401e+00 -1.222781037787e+01 2.990605479473e+01
9.981000000001e+01  -2.191134873796e+01 8.436958629574e+00 -1.236626570315e+01 2.965379893350e+01
9.982000000001e+01  -2.200269232415e+01 8.079978490572e+00 -1.251091601704e+01 2.940592860313e+01
9.983000000001e+01  -2.210324856998e+01 7.725234642053e+00 -1.266165834691e+01 2.916258677522e+01
9.984000000001e+01  -2.221296272205e+01 7.372938580595e+00 -1.281838645045e+01 2.892391395961e+01
9.985000000001e+01  -2.233177517899e+01 7.023300539926e+00 -1.298099087176e+01 2.869004812855e+01
9.986000000001e+01  -2.245962152327e+01 6.676529380736e+00 -1.314935899912e+01 2.846112464233e+01
9.987000000001e+01  -2.259643255542e+01 6.332832481147e+00 -1.332337512461e+01 2.823727617637e+01
9.988000000001e+01  -2.274213433084e+01 5.992415627885e+00 -1.350292050536e+01 2.801863264980e+01
9.989000000001e+01  -2.289664819891e+01 5.655482908217e+00 -1.368787342652e+01 2.780532115562e+01
9.990000000001e+01  -2.305989084467e+01 5.322236602704e+00 -1.387810926587e+01 2.759746589234e+01
9.991000000001e+01  -2.323177433276e+01 4.992877078820e+00 -1.407350056001e+01 2.739518809738e+01
9.992000000001e+01  -2.341220615383e+01 4.667602685505e+00 -1.427391707217e+01 2.719860598202e+01
9.993000000001e+01  -2.360108927328e+01 4.346609648692e+00 -1.447922586157e+01 2.700783466810e+01
9.994000000001e+01  -2.379832218233e+01 4.030091967880e+00 -1.468929135417e+01 2.682298612640e+01
9.995000000001e+01  -2.400379895137e+01 3.718241313785e+00 -1.490397541509e+01 2.664416911681e+01
9.996000000001e+01  -2.421740928558e+01 3.411246927152e+00 -1.512313742223e+01 2.647148913032e+01
9.997000000001e+01  -2.443903858290e+01 3.109295518756e+00 -1.534663434144e+01 2.630504833272e+01
9.998000000001e+01  -2.466856799404e+01 2.812571170664e+00 -1.557432080292e+01 2.614494551029e+01
9.999000000001e+01  -2.490587448484e+01 2.521255238803e+00 -1.580604917905e+01 2.599127601724e+01
1.000000000000e+02  -2.515083090071e+01 2.235526256889e+00 -1.604166966328e+01 2.584413172516e+01
