0.000000000000e+00  2.000000000000e+01 0.000000000000e+00 0.000000000000e+00 5.000000000000e+00
1.000000000000e-02  1.999962103554e+01 -7.579258840935e-02 4.989776771683e-02 4.979513558948e+00
2.000000000000e-02  1.999848310285e+01 -1.517930379302e-01 9.959053066241e-02 4.958999210026e+00
3.000000000000e-02  1.999658413658e+01 -2.279986933656e-01 1.490780196829e-01 4.938458938431e+00
4.000000000000e-02  1.999392209903e+01 -3.044066846031e-01 1.983599844577e-01 4.917894525557e+00
5.000000000000e-02  1.999049498221e+01 -3.810139329777e-01 2.474361914915e-01 4.897307555133e+00
6.000000000000e-02  1.998630080995e+01 -4.578171578617e-01 2.963064221703e-01 4.876699419593e+00
7.000000000000e-02  1.998133763986e+01 -5.348128834464e-01 3.449704708804e-01 4.856071326627e+00
8.000000000000e-02  1.997560356524e+01 -6.119974456816e-01 3.934281431952e-01 4.835424305900e+00
9.000000000000e-02  1.996909671694e+01 -6.893669993394e-01 4.416792541287e-01 4.814759215889e+00
1.000000000000e-01  1.996181526515e+01 -7.669175251716e-01 4.897236264584e-01 4.794076750811e+00
1.100000000000e-01  1.995375742105e+01 -8.446448371310e-01 5.375610891178e-01 4.773377447625e+00
1.200000000000e-01  1.994492143851e+01 -9.225445896280e-01 5.851914756587e-01 4.752661693053e+00
1.300000000000e-01  1.993530561561e+01 -1.000612284797e+00 6.326146227843e-01 4.731929730624e+00
1.400000000000e-01  1.992490829613e+01 -1.078843279746e+00 6.798303689521e-01 4.711181667697e+00
1.500000000000e-01  1.991372787097e+01 -1.157232793774e+00 7.268385530474e-01 4.690417482442e+00
1.600000000000e-01  1.990176277948e+01 -1.235775915520e+00 7.736390131257e-01 4.669637030772e+00
1.700000000000e-01  1.988901151077e+01 -1.314467610042e+00 8.202315852249e-01 4.648840053181e+00
1.800000000000e-01  1.987547260484e+01 -1.393302725797e+00 8.666161022441e-01 4.628026181504e+00
1.900000000000e-01  1.986114465380e+01 -1.472276001509e+00 9.127923928908e-01 4.607194945549e+00
2.000000000000e-01  1.984602630285e+01 -1.551382072916e+00 9.587602806932e-01 4.586345779615e+00
2.100000000000e-01  1.983011625134e+01 -1.630615479367e+00 1.004519583076e+00 4.565478028860e+00
2.200000000000e-01  1.981341325367e+01 -1.709970670286e+00 1.050070110503e+00 4.544590955533e+00
2.300000000000e-01  1.979591612016e+01 -1.789442011463e+00 1.095411665672e+00 4.523683745033e+00
2.400000000000e-01  1.977762371786e+01 -1.869023791187e+00 1.140544042786e+00 4.502755511808e+00
2.500000000000e-01  1.975853497129e+01 -1.948710226196e+00 1.185467026860e+00 4.481805305081e+00
2.600000000000e-01  1.973864886314e+01 -2.028495467459e+00 1.230180393107e+00 4.460832114389e+00
2.700000000000e-01  1.971796443490e+01 -2.108373605765e+00 1.274683906363e+00 4.439834874948e+00
2.800000000000e-01  1.969648078741e+01 -2.188338677124e+00 1.318977320570e+00 4.418812472817e+00
2.900000000000e-01  1.967419708140e+01 -2.268384667986e+00 1.363060378308e+00 4.397763749883e+00
3.000000000000e-01  1.965111253797e+01 -2.348505520261e+00 1.406932810381e+00 4.376687508651e+00
3.100000000000e-01  1.962722643898e+01 -2.428695136153e+00 1.450594335444e+00 4.355582516841e+00
3.200000000000e-01  1.960253812747e+01 -2.508947382794e+00 1.494044659677e+00 4.334447511791e+00
3.300000000000e-01  1.957704700794e+01 -2.589256096702e+00 1.537283476502e+00 4.313281204678e+00
3.400000000000e-01  1.955075254667e+01 -2.669615088034e+00 1.580310466341e+00 4.292082284536e+00
3.500000000000e-01  1.952365427193e+01 -2.750018144660e+00 1.623125296418e+00 4.270849422103e+00
3.600000000000e-01  1.949575177423e+01 -2.830459036059e+00 1.665727620587e+00 4.249581273471e+00
3.700000000000e-01  1.946704470645e+01 -2.910931517019e+00 1.708117079212e+00 4.228276483560e+00
3.800000000000e-01  1.943753278396e+01 -2.991429331177e+00 1.750293299061e+00 4.206933689417e+00
3.900000000000e-01  1.940721578476e+01 -3.071946214372e+00 1.792255893254e+00 4.185551523338e+00
4.000000000000e-01  1.937609354951e+01 -3.152475897835e+00 1.834004461221e+00 4.164128615821e+00
4.100000000000e-01  1.934416598154e+01 -3.233012111217e+00 1.875538588704e+00 4.142663598357e+00
4.200000000000e-01  1.931143304691e+01 -3.313548585452e+00 1.916857847777e+00 4.121155106058e+00
4.300000000000e-01  1.927789477433e+01 -3.394079055465e+00 1.957961796896e+00 4.099601780134e+00
4.400000000000e-01  1.924355125514e+01 -3.474597262739e+00 1.998849980972e+00 4.078002270214e+00
4.500000000000e-01  1.920840264321e+01 -3.555096957725e+00 2.039521931463e+00 4.056355236530e+00
4.600000000000e-01  1.917244915485e+01 -3.635571902120e+00 2.079977166495e+00 4.034659351953e+00
4.700000000000e-01  1.913569106871e+01 -3.716015871009e+00 2.120215190993e+00 4.012913303903e+00
4.800000000000e-01  1.909812872558e+01 -3.796422654879e+00 2.160235496840e+00 3.991115796121e+00
4.900000000000e-01  1.905976252828e+01 -3.876786061505e+00 2.200037563045e+00 3.969265550325e+00
5.000000000000e-01  1.902059294145e+01 -3.957099917722e+00 2.239620855931e+00 3.947361307743e+00
5.100000000000e-01  1.898062049135e+01 -4.037358071082e+00 2.278984829339e+00 3.925401830532e+00
5.200000000000e-01  1.893984576567e+01 -4.117554391402e+00 2.318128924844e+00 3.903385903094e+00
5.300000000000e-01  1.889826941327e+01 -4.197682772207e+00 2.357052571978e+00 3.881312333277e+00
5.400000000000e-01  1.885589214396e+01 -4.277737132078e+00 2.395755188479e+00 3.859179953493e+00
5.500000000000e-01  1.881271472822e+01 -4.357711415904e+00 2.434236180535e+00 3.836987621730e+00
5.600000000000e-01  1.876873799696e+01 -4.437599596046e+00 2.472494943044e+00 3.814734222478e+00
5.700000000000e-01  1.872396284122e+01 -4.517395673415e+00 2.510530859891e+00 3.792418667575e+00
5.800000000000e-01  1.867839021187e+01 -4.597093678469e+00 2.548343304214e+00 3.770039896969e+00
5.900000000000e-01  1.863202111933e+01 -4.676687672142e+00 2.585931638699e+00 3.747596879402e+00
6.000000000000e-01  1.858485663326e+01 -4.756171746690e+00 2.623295215863e+00 3.725088613031e+00
6.100000000000e-01  1.853689788224e+01 -4.835540026478e+00 2.660433378357e+00 3.702514125974e+00
6.200000000000e-01  1.848814605344e+01 -4.914786668701e+00 2.697345459264e+00 3.679872476791e+00
6.300000000000e-01  1.843860239227e+01 -4.993905864043e+00 2.734030782407e+00 3.657162754919e+00
6.400000000000e-01  1.838826820209e+01 -5.072891837287e+00 2.770488662660e+00 3.634384081033e+00
6.500000000000e-01  1.833714484383e+01 -5.151738847861e+00 2.806718406262e+00 3.611535607365e+00
6.600000000000e-01  1.828523373565e+01 -5.230441190346e+00 2.842719311131e+00 3.588616517976e+00
6.700000000000e-01  1.823253635259e+01 -5.308993194932e+00 2.878490667188e+00 3.565626028975e+00
6.800000000000e-01  1.817905422619e+01 -5.387389227833e+00 2.914031756677e+00 3.542563388699e+00
6.900000000000e-01  1.812478894417e+01 -5.465623691661e+00 2.949341854484e+00 3.519427877852e+00
7.000000000000e-01  1.806974215003e+01 -5.543691025765e+00 2.984420228468e+00 3.496218809613e+00
7.100000000000e-01  1.801391554270e+01 -5.621585706532e+00 3.019266139779e+00 3.472935529699e+00
7.200000000000e-01  1.795731087613e+01 -5.699302247663e+00 3.053878843190e+00 3.449577416406e+00
7.300000000000e-01  1.789992995899e+01 -5.776835200410e+00 3.088257587418e+00 3.426143880617e+00
7.400000000000e-01  1.784177465421e+01 -5.854179153799e+00 3.122401615453e+00 3.402634365787e+00
7.500000000000e-01  1.778284687866e+01 -5.931328734814e+00 3.156310164880e+00 3.379048347894e+00
7.600000000000e-01  1.772314860276e+01 -6.008278608570e+00 3.189982468209e+00 3.355385335383e+00
7.700000000000e-01  1.766268185005e+01 -6.085023478463e+00 3.223417753195e+00 3.331644869077e+00
7.800000000000e-01  1.760144869689e+01 -6.161558086294e+00 3.256615243161e+00 3.307826522073e+00
7.900000000000e-01  1.753945127200e+01 -6.237877212392e+00 3.289574157323e+00 3.283929899630e+00
8.000000000000e-01  1.747669175610e+01 -6.313975675704e+00 3.322293711112e+00 3.259954639030e+00
8.100000000000e-01  1.741317238155e+01 -6.389848333888e+00 3.354773116487e+00 3.235900409436e+00
8.200000000000e-01  1.734889543193e+01 -6.465490083383e+00 3.387011582261e+00 3.211766911733e+00
8.300000000000e-01  1.728386324166e+01 -6.540895859479e+00 3.419008314411e+00 3.187553878364e+00
8.400000000000e-01  1.721807819560e+01 -6.616060636367e+00 3.450762516396e+00 3.163261073155e+00
8.500000000000e-01  1.715154272870e+01 -6.690979427195e+00 3.482273389470e+00 3.138888291135e+00
8.600000000000e-01  1.708425932557e+01 -6.765647284106e+00 3.513540132991e+00 3.114435358347e+00
8.700000000000e-01  1.701623052009e+01 -6.840059298283e+00 3.544561944735e+00 3.089902131662e+00
8.800000000000e-01  1.694745889505e+01 -6.914210599983e+00 3.575338021194e+00 3.065288498586e+00
8.900000000000e-01  1.687794708175e+01 -6.988096358568e+00 3.605867557893e+00 3.040594377061e+00
9.000000000000e-01  1.680769775958e+01 -7.061711782546e+00 3.636149749685e+00 3.015819715276e+00
9.100000000000e-01  1.673671365567e+01 -7.135052119597e+00 3.666183791054e+00 2.990964491468e+00
9.200000000000e-01  1.666499754444e+01 -7.208112656613e+00 3.695968876418e+00 2.966028713733e+00
9.300000000000e-01  1.659255224730e+01 -7.280888719733e+00 3.725504200423e+00 2.941012419834e+00
9.400000000000e-01  1.651938063216e+01 -7.353375674382e+00 3.754788958240e+00 2.915915677015e+00
9.500000000000e-01  1.644548561309e+01 -7.425568925316e+00 3.783822345861e+00 2.890738581818e+00
9.600000000000e-01  1.637087014992e+01 -7.497463916673e+00 3.812603560385e+00 2.865481259909e+00
9.700000000000e-01  1.629553724785e+01 -7.569056132025e+00 3.841131800316e+00 2.840143865904e+00
9.800000000000e-01  1.621948995702e+01 -7.640341094439e+00 3.869406265847e+00 2.814726583208e+00
9.900000000000e-01  1.614273137217e+01 -7.711314366546e+00 3.897426159148e+00 2.789229623859e+00
1.000000000000e+00  1.606526463221e+01 -7.781971550621e+00 3.925190684651e+00 2.763653228382e+00
1.010000000000e+00  1.598709291980e+01 -7.852308288662e+00 3.952699049338e+00 2.737997665648e+00
1.020000000000e+00  1.590821946103e+01 -7.922320262491e+00 3.979950463016e+00 2.712263232751e+00
1.030000000000e+00  1.582864752493e+01 -7.992003193855e+00 4.006944138608e+00 2.686450254889e+00
1.040000000000e+00  1.574838042314e+01 -8.061352844548e+00 4.033679292427e+00 2.660559085260e+00
1.050000000000e+00  1.566742150946e+01 -8.130365016532e+00 4.060155144457e+00 2.634590104968e+00
1.060000000000e+00  1.558577417949e+01 -8.199035552085e+00 4.086370918633e+00 2.608543722948e+00
1.070000000000e+00  1.550344187018e+01 -8.267360333951e+00 4.112325843120e+00 2.582420375895e+00
1.080000000000e+00  1.542042805948e+01 -8.335335285507e+00 4.138019150584e+00 2.556220528217e+00
1.090000000000e+00  1.533673626588e+01 -8.402956370951e+00 4.163450078477e+00 2.529944671997e+00
1.100000000000e+00  1.525237004802e+01 -8.470219595492e+00 4.188617869310e+00 2.503593326975e+00
1.110000000000e+00  1.516733300430e+01 -8.537121005572e+00 4.213521770929e+00 2.477167040543e+00
1.120000000000e+00  1.508162877244e+01 -8.603656689092e+00 4.238161036791e+00 2.450666387760e+00
1.130000000000e+00  1.499526102907e+01 -8.669822775661e+00 4.262534926244e+00 2.424091971387e+00
1.140000000000e+00  1.490823348932e+01 -8.735615436862e+00 4.286642704801e+00 2.397444421936e+00
1.150000000000e+00  1.482054990639e+01 -8.801030886541e+00 4.310483644422e+00 2.370724397738e+00
1.160000000000e+00  1.473221407112e+01 -8.866065381109e+00 4.334057023785e+00 2.343932585043e+00
1.170000000000e+00  1.464322981159e+01 -8.930715219867e+00 4.357362128576e+00 2.317069698127e+00
1.180000000000e+00  1.455360099266e+01 -8.994976745357e+00 4.380398251761e+00 2.290136479425e+00
1.190000000000e+00  1.446333151553e+01 -9.058846343730e+00 4.403164693874e+00 2.263133699697e+00
1.200000000000e+00  1.437242531736e+01 -9.122320445136e+00 4.425660763297e+00 2.236062158201e+00
1.210000000000e+00  1.428088637075e+01 -9.185395524146e+00 4.447885776550e+00 2.208922682907e+00
1.220000000000e+00  1.418871868335e+01 -9.248068100189e+00 4.469839058577e+00 2.181716130724e+00
1.230000000000e+00  1.409592629737e+01 -9.310334738019e+00 4.491519943037e+00 2.154443387760e+00
1.240000000000e+00  1.400251328917e+01 -9.372192048211e+00 4.512927772597e+00 2.127105369609e+00
1.250000000000e+00  1.390848376875e+01 -9.433636687685e+00 4.534061899230e+00 2.099703021665e+00
1.260000000000e+00  1.381384187931e+01 -9.494665360248e+00 4.554921684513e+00 2.072237319465e+00
1.270000000000e+00  1.371859179679e+01 -9.555274817182e+00 4.575506499931e+00 2.044709269067e+00
1.280000000000e+00  1.362273772937e+01 -9.615461857853e+00 4.595815727186e+00 2.017119907451e+00
1.290000000000e+00  1.352628391697e+01 -9.675223330350e+00 4.615848758503e+00 1.989470302962e+00
1.300000000000e+00  1.342923463082e+01 -9.734556132165e+00 4.635604996952e+00 1.961761555783e+00
1.310000000000e+00  1.333159417289e+01 -9.793457210899e+00 4.655083856768e+00 1.933994798439e+00
1.320000000000e+00  1.323336687545e+01 -9.851923565013e+00 4.674284763673e+00 1.906171196344e+00
1.330000000000e+00  1.313455710051e+01 -9.909952244602e+00 4.693207155212e+00 1.878291948384e+00
1.340000000000e+00  1.303516923931e+01 -9.967540352223e+00 4.711850481088e+00 1.850358287533e+00
1.350000000000e+00  1.293520771182e+01 -1.002468504375e+01 4.730214203510e+00 1.822371481517e+00
1.360000000000e+00  1.283467696617e+01 -1.008138352927e+01 4.748297797540e+00 1.794332833514e+00
1.370000000000e+00  1.273358147810e+01 -1.013763307403e+01 4.766100751452e+00 1.766243682901e+00
1.380000000000e+00  1.263192575044e+01 -1.019343099942e+01 4.783622567100e+00 1.738105406040e+00
1.390000000000e+00  1.252971431249e+01 -1.024877468401e+01 4.800862760291e+00 1.709919417113e+00
1.400000000000e+00  1.242695171952e+01 -1.030366156461e+01 4.817820861167e+00 1.681687169007e+00
1.410000000000e+00  1.232364255209e+01 -1.035808913740e+01 4.834496414596e+00 1.653410154239e+00
1.420000000000e+00  1.221979141551e+01 -1.041205495910e+01 4.850888980575e+00 1.625089905940e+00
1.430000000000e+00  1.211540293923e+01 -1.046555664822e+01 4.866998134643e+00 1.596727998884e+00
1.440000000000e+00  1.201048177617e+01 -1.051859188628e+01 4.882823468297e+00 1.568326050577e+00
1.450000000000e+00  1.190503260215e+01 -1.057115841919e+01 4.898364589429e+00 1.539885722394e+00
1.460000000000e+00  1.179906011517e+01 -1.062325405861e+01 4.913621122772e+00 1.511408720774e+00
1.470000000000e+00  1.169256903479e+01 -1.067487668341e+01 4.928592710354e+00 1.482896798476e+00
1.480000000000e+00  1.158556410144e+01 -1.072602424113e+01 4.943279011969e+00 1.454351755891e+00
1.490000000000e+00  1.147805007571e+01 -1.077669474958e+01 4.957679705659e+00 1.425775442417e+00
1.500000000000e+00  1.137003173768e+01 -1.082688629845e+01 4.971794488213e+00 1.397169757894e+00
1.510000000000e+00  1.126151388614e+01 -1.087659705099e+01 4.985623075679e+00 1.368536654103e+00
1.520000000000e+00  1.115250133789e+01 -1.092582524572e+01 4.999165203889e+00 1.339878136335e+00
1.530000000000e+00  1.104299892693e+01 -1.097456919834e+01 5.012420629006e+00 1.311196265021e+00
1.540000000000e+00  1.093301150374e+01 -1.102282730349e+01 5.025389128078e+00 1.282493157431e+00
1.550000000000e+00  1.082254393444e+01 -1.107059803681e+01 5.038070499622e+00 1.253770989441e+00
1.560000000000e+00  1.071160109996e+01 -1.111787995685e+01 5.050464564215e+00 1.225031997378e+00
1.570000000000e+00  1.060018789525e+01 -1.116467170725e+01 5.062571165108e+00 1.196278479921e+00
1.580000000000e+00  1.048830922836e+01 -1.121097201883e+01 5.074390168862e+00 1.167512800091e+00
1.590000000000e+00  1.037597001961e+01 -1.125677971188e+01 5.085921466001e+00 1.138737387299e+00
1.600000000000e+00  1.026317520063e+01 -1.130209369839e+01 5.097164971683e+00 1.109954739474e+00
1.610000000000e+00  1.014992971348e+01 -1.134691298446e+01 5.108120626402e+00 1.081167425264e+00
1.620000000000e+00  1.003623850968e+01 -1.139123667277e+01 5.118788396702e+00 1.052378086307e+00
1.630000000000e+00  9.922106549201e+00 -1.143506396503e+01 5.129168275920e+00 1.023589439575e+00
1.640000000000e+00  9.807538799522e+00 -1.147839416464e+01 5.139260284952e+00 9.948042797922e-01
1.650000000000e+00  9.692540234545e+00 -1.152122667926e+01 5.149064473042e+00 9.660254819203e-01
1.660000000000e+00  9.577115833568e+00 -1.156356102362e+01 5.158580918599e+00 9.372560037152e-01
1.670000000000e+00  9.461270580189e+00 -1.160539682223e+01 5.167809730036e+00 9.084988883496e-01
1.680000000000e+00  9.345009461200e+00 -1.164673381231e+01 5.176751046638e+00 8.797572671004e-01
1.690000000000e+00  9.228337465444e+00 -1.168757184662e+01 5.185405039457e+00 8.510343620974e-01
1.700000000000e+00  9.111259582640e+00 -1.172791089649e+01 5.193771912236e+00 8.223334891295e-01
1.710000000000e+00  8.993780802189e+00 -1.176775105483e+01 5.201851902358e+00 7.936580605043e-01
1.720000000000e+00  8.875906111938e+00 -1.180709253914e+01 5.209645281826e+00 7.650115879552e-01
1.730000000000e+00  8.757640496922e+00 -1.184593569473e+01 5.217152358271e+00 7.363976855908e-01
1.740000000000e+00  8.638988938066e+00 -1.188428099773e+01 5.224373475996e+00 7.078200728791e-01
1.750000000000e+00  8.519956410866e+00 -1.192212905837e+01 5.231309017037e+00 6.792825776583e-01
1.760000000000e+00  8.400547884027e+00 -1.195948062408e+01 5.237959402267e+00 6.507891391658e-01
1.770000000000e+00  8.280768318080e+00 -1.199633658275e+01 5.244325092523e+00 6.223438110749e-01
1.780000000000e+00  8.160622663958e+00 -1.203269796584e+01 5.250406589767e+00 5.939507645272e-01
1.790000000000e+00  8.040115861544e+00 -1.206856595163e+01 5.256204438276e+00 5.656142911489e-01
1.800000000000e+00  7.919252838190e+00 -1.210394186827e+01 5.261719225857e+00 5.373388060356e-01
1.810000000000e+00  7.798038507203e+00 -1.213882719694e+01 5.266951585105e+00 5.091288506904e-01
1.820000000000e+00  7.676477766294e+00 -1.217322357483e+01 5.271902194673e+00 4.809890958980e-01
1.830000000000e+00  7.554575496012e+00 -1.220713279808e+01 5.276571780585e+00 4.529243445146e-01
1.840000000000e+00  7.432336558132e+00 -1.224055682462e+01 5.280961117564e+00 4.249395341533e-01
1.850000000000e+00  7.309765794028e+00 -1.227349777687e+01 5.285071030401e+00 3.970397397417e-01
1.860000000000e+00  7.186868023016e+00 -1.230595794426e+01 5.288902395330e+00 3.692301759263e-01
1.870000000000e+00  7.063648040669e+00 -1.233793978565e+01 5.292456141445e+00 3.415161992969e-01
1.880000000000e+00  6.940110617115e+00 -1.236944593143e+01 5.295733252123e+00 3.139033104005e-01
1.890000000000e+00  6.816260495308e+00 -1.240047918546e+01 5.298734766479e+00 2.863971555147e-01
1.900000000000e+00  6.692102389291e+00 -1.243104252669e+01 5.301461780823e+00 2.590035281438e-01
1.910000000000e+00  6.567640982434e+00 -1.246113911049e+01 5.303915450146e+00 2.317283702033e-01
1.920000000000e+00  6.442880925666e+00 -1.249077226961e+01 5.306096989602e+00 2.045777728531e-01
1.930000000000e+00  6.317826835698e+00 -1.251994551475e+01 5.308007676006e+00 1.775579769363e-01
1.940000000000e+00  6.192483293245e+00 -1.254866253470e+01 5.309648849331e+00 1.506753729826e-01
1.950000000000e+00  6.066854841244e+00 -1.257692719598e+01 5.311021914201e+00 1.239365007272e-01
1.960000000000e+00  5.940945983084e+00 -1.260474354198e+01 5.312128341378e+00 9.734804809797e-02
1.970000000000e+00  5.814761180840e+00 -1.263211579146e+01 5.312969669238e+00 7.091684962006e-02
1.980000000000e+00  5.688304853536e+00 -1.265904833647e+01 5.313547505222e+00 4.464988418425e-02
1.990000000000e+00  5.561581375422e+00 -1.268554573952e+01 5.313863527270e+00 1.855427212530e-02
2.000000000000e+00  5.434595074286e+00 -1.271161273008e+01 5.313919485212e+00 -7.362728446595e-03
2.010000000000e+00  5.307350229811e+00 -1.273725420018e+01 5.313717202129e+00 -3.309372611836e-02
2.020000000000e+00  5.179851071972e+00 -1.276247519924e+01 5.313258575653e+00 -5.863120150909e-02
2.030000000000e+00  5.052101779491e+00 -1.278728092791e+01 5.312545579222e+00 -8.396751352628e-02
2.040000000000e+00  4.924106478367e+00 -1.281167673095e+01 5.311580263253e+00 -1.090949066016e-01
2.050000000000e+00  4.795869240467e+00 -1.283566808906e+01 5.310364756255e+00 -1.340055189644e-01
2.060000000000e+00  4.667394082220e+00 -1.285926060967e+01 5.308901265837e+00 -1.586913920089e-01
2.070000000000e+00  4.538684963399e+00 -1.288246001650e+01 5.307192079625e+00 -1.831444808095e-01
2.080000000000e+00  4.409745786015e+00 -1.290527213796e+01 5.305239566068e+00 -2.073566658359e-01
2.090000000000e+00  4.280580393335e+00 -1.292770289431e+01 5.303046175122e+00 -2.313197659136e-01
2.100000000000e+00  4.151192569036e+00 -1.294975828354e+01 5.300614438786e+00 -2.550255524742e-01
2.110000000000e+00  4.021586036503e+00 -1.297144436584e+01 5.297946971511e+00 -2.784657651302e-01
2.120000000000e+00  3.891764458292e+00 -1.299276724684e+01 5.295046470421e+00 -3.016321286034e-01
2.130000000000e+00  3.761731435767e+00 -1.301373305938e+01 5.291915715379e+00 -3.245163710288e-01
2.140000000000e+00  3.631490508922e+00 -1.303434794393e+01 5.288557568851e+00 -3.471102436426e-01
2.150000000000e+00  3.501045156418e+00 -1.305461802762e+01 5.284974975569e+00 -3.694055418578e-01
2.160000000000e+00  3.370398795818e+00 -1.307454940187e+01 5.281170961980e+00 -3.913941277115e-01
2.170000000000e+00  3.239554784071e+00 -1.309414809875e+01 5.277148635457e+00 -4.130679536614e-01
2.180000000000e+00  3.108516418225e+00 -1.311342006590e+01 5.272911183272e+00 -4.344190876899e-01
2.190000000000e+00  2.977286936405e+00 -1.313237114031e+01 5.268461871309e+00 -4.554397396600e-01
2.200000000000e+00  2.845869519058e+00 -1.315100702089e+01 5.263804042504e+00 -4.761222888496e-01
2.210000000000e+00  2.714267290472e+00 -1.316933323989e+01 5.258941115013e+00 -4.964593125746e-01
2.220000000000e+00  2.582483320595e+00 -1.318735513346e+01 5.253876580080e+00 -5.164436157898e-01
2.230000000000e+00  2.450520627145e+00 -1.320507781122e+01 5.248613999608e+00 -5.360682615405e-01
2.240000000000e+00  2.318382178033e+00 -1.322250612525e+01 5.243157003425e+00 -5.553266021155e-01
2.250000000000e+00  2.186070894091e+00 -1.323964463843e+01 5.237509286233e+00 -5.742123107347e-01
2.260000000000e+00  2.053589652133e+00 -1.325649759256e+01 5.231674604234e+00 -5.927194135836e-01
2.270000000000e+00  1.920941288315e+00 -1.327306887621e+01 5.225656771444e+00 -6.108423219907e-01
2.280000000000e+00  1.788128601839e+00 -1.328936199273e+01 5.219459655682e+00 -6.285758645223e-01
2.290000000000e+00  1.655154358953e+00 -1.330538002855e+01 5.213087174234e+00 -6.459153187574e-01
2.300000000000e+00  1.522021297285e+00 -1.332112562207e+01 5.206543289209e+00 -6.628564424876e-01
2.310000000000e+00  1.388732130467e+00 -1.333660093335e+01 5.199832002586e+00 -6.793955040753e-01
2.320000000000e+00  1.255289553069e+00 -1.335180761499e+01 5.192957350963e+00 -6.955293116963e-01
2.330000000000e+00  1.121696245813e+00 -1.336674678431e+01 5.185923400016e+00 -7.112552411819e-01
2.340000000000e+00  9.879548810526e-01 -1.338141899731e+01 5.178734238695e+00 -7.265712621756e-01
2.350000000000e+00  8.540681285082e-01 -1.339582422452e+01 5.171393973163e+00 -7.414759623196e-01
2.360000000000e+00  7.200386612328e-01 -1.340996182915e+01 5.163906720506e+00 -7.559685691896e-01
2.370000000000e+00  5.858691617802e-01 -1.342383054777e+01 5.156276602241e+00 -7.700489697045e-01
2.380000000000e+00  4.515623285546e-01 -1.343742847368e+01 5.148507737632e+00 -7.837177267531e-01
2.390000000000e+00  3.171208823112e-01 -1.345075304347e+01 5.140604236867e+00 -7.969760927947e-01
2.400000000000e+00  1.825475727745e-01 -1.346380102665e+01 5.132570194113e+00 -8.098260202128e-01
2.410000000000e+00  4.784518534385e-02 -1.347656851885e+01 5.124409680475e+00 -8.222701682270e-01
2.420000000000e+00  -8.698345215207e-02 -1.348905093853e+01 5.116126736916e+00 -8.343119061990e-01
2.430000000000e+00  -2.219354626856e-01 -1.350124302752e+01 5.107725367158e+00 -8.459553131987e-01
2.440000000000e+00  -3.570079132856e-01 -1.351313885529e+01 5.099209530603e+00 -8.572051737377e-01
2.450000000000e+00  -4.921978083546e-01 -1.352473182723e+01 5.090583135323e+00 -8.680669696107e-01
2.460000000000e+00  -6.275020830890e-01 -1.353601469669e+01 5.081850031146e+00 -8.785468678328e-01
2.470000000000e+00  -7.629175970381e-01 -1.354697958105e+01 5.073014002880e+00 -8.886517046967e-01
2.480000000000e+00  -8.984411278438e-01 -1.355761798145e+01 5.064078763727e+00 -8.983889660215e-01
2.490000000000e+00  -1.034069365196e+00 -1.356792080635e+01 5.055047948895e+00 -9.077667637048e-01
2.500000000000e+00  -1.169798905039e+00 -1.357787839853e+01 5.045925109481e+00 -9.167938087332e-01
2.510000000000e+00  -1.305626244069e+00 -1.358748056546e+01 5.036713706626e+00 -9.254793808445e-01
2.520000000000e+00  -1.441547774548e+00 -1.359671661285e+01 5.027417105999e+00 -9.338332950733e-01
2.530000000000e+00  -1.577559779468e+00 -1.360557538096e+01 5.018038572620e+00 -9.418658654468e-01
2.540000000000e+00  -1.713658428087e+00 -1.361404528349e+01 5.008581266070e+00 -9.495878661262e-01
2.550000000000e+00  -1.849839771877e+00 -1.362211434874e+01 4.999048236092e+00 -9.570104903157e-01
2.560000000000e+00  -1.986099740878e+00 -1.362977026261e+01 4.989442418617e+00 -9.641453072841e-01
2.570000000000e+00  -2.122434140499e+00 -1.363700041313e+01 4.979766632224e+00 -9.710042178565e-01
2.580000000000e+00  -2.258838648768e+00 -1.364379193620e+01 4.970023575054e+00 -9.775994087486e-01
2.590000000000e+00  -2.395308814045e+00 -1.365013176203e+01 4.960215822184e+00 -9.839433061178e-01
2.600000000000e+00  -2.531840053197e+00 -1.365600666205e+01 4.950345823464e+00 -9.900485287080e-01
2.610000000000e+00  -2.668427650242e+00 -1.366140329582e+01 4.940415901830e+00 -9.959278409570e-01
2.620000000000e+00  -2.805066755473e+00 -1.366630825764e+01 4.930428252077e+00 -1.001594106429e+00
2.630000000000e+00  -2.941752385022e+00 -1.367070812244e+01 4.920384940095e+00 -1.007060241916e+00
2.640000000000e+00  -3.078479420904e+00 -1.367458949077e+01 4.910287902568e+00 -1.012339172534e+00
2.650000000000e+00  -3.215242611479e+00 -1.367793903236e+01 4.900138947101e+00 -1.017443788118e+00
2.660000000000e+00  -3.352036572365e+00 -1.368074352821e+01 4.889939752790e+00 -1.022386901199e+00
2.670000000000e+00  -3.488855787745e+00 -1.368298991079e+01 4.879691871191e+00 -1.027181206805e+00
2.680000000000e+00  -3.625694612073e+00 -1.368466530221e+01 4.869396727686e+00 -1.031839244305e+00
2.690000000000e+00  -3.762547272153e+00 -1.368575705018e+01 4.859055623224e+00 -1.036373361497e+00
2.700000000000e+00  -3.899407869562e+00 -1.368625276150e+01 4.848669736399e+00 -1.040795681083e+00
2.710000000000e+00  -4.036270383393e+00 -1.368614033311e+01 4.838240125857e+00 -1.045118069660e+00
2.720000000000e+00  -4.173128673302e+00 -1.368540798051e+01 4.827767733004e+00 -1.049352109321e+00
2.730000000000e+00  -4.309976482821e+00 -1.368404426348e+01 4.817253384970e+00 -1.053509071923e+00
2.740000000000e+00  -4.446807442916e+00 -1.368203810912e+01 4.806697797838e+00 -1.057599896065e+00
2.750000000000e+00  -4.583615075761e+00 -1.367937883220e+01 4.796101580069e+00 -1.061635166765e+00
2.760000000000e+00  -4.720392798704e+00 -1.367605615274e+01 4.785465236130e+00 -1.065625097827e+00
2.770000000000e+00  -4.857133928394e+00 -1.367206021106e+01 4.774789170281e+00 -1.069579516853e+00
2.780000000000e+00  -4.993831685048e+00 -1.366738158018e+01 4.764073690500e+00 -1.073507852822e+00
2.790000000000e+00  -5.130479196824e+00 -1.366201127573e+01 4.753319012515e+00 -1.077419126172e+00
2.800000000000e+00  -5.267069504288e+00 -1.365594076352e+01 4.742525263931e+00 -1.081321941263e+00
2.810000000000e+00  -5.403595564939e+00 -1.364916196472e+01 4.731692488416e+00 -1.085224481122e+00
2.820000000000e+00  -5.540050257782e+00 -1.364166725903e+01 4.720820649929e+00 -1.089134504345e+00
2.830000000000e+00  -5.676426387915e+00 -1.363344948574e+01 4.709909636971e+00 -1.093059344007e+00
2.840000000000e+00  -5.812716691123e+00 -1.362450194288e+01 4.698959266835e+00 -1.097005908462e+00
2.850000000000e+00  -5.948913838454e+00 -1.361481838474e+01 4.687969289840e+00 -1.100980683875e+00
2.860000000000e+00  -6.085010440755e+00 -1.360439301770e+01 4.676939393536e+00 -1.104989738340e+00
2.870000000000e+00  -6.220999053173e+00 -1.359322049466e+01 4.665869206853e+00 -1.109038727448e+00
2.880000000000e+00  -6.356872179581e+00 -1.358129590817e+01 4.654758304193e+00 -1.113132901144e+00
2.890000000000e+00  -6.492622276935e+00 -1.356861478240e+01 4.643606209446e+00 -1.117277111749e+00
2.900000000000e+00  -6.628241759545e+00 -1.355517306407e+01 4.632412399923e+00 -1.121475822989e+00
2.910000000000e+00  -6.763723003252e+00 -1.354096711254e+01 4.621176310189e+00 -1.125733119916e+00
2.920000000000e+00  -6.899058349499e+00 -1.352599368907e+01 4.609897335801e+00 -1.130052719572e+00
2.930000000000e+00  -7.034240109296e+00 -1.351024994558e+01 4.598574836927e+00 -1.134437982299e+00
2.940000000000e+00  -7.169260567065e+00 -1.349373341270e+01 4.587208141855e+00 -1.138891923553e+00
2.950000000000e+00  -7.304111984367e+00 -1.347644198760e+01 4.575796550385e+00 -1.143417226141e+00
2.960000000000e+00  -7.438786603504e+00 -1.345837392138e+01 4.564339337085e+00 -1.148016252754e+00
2.970000000000e+00  -7.573276650995e+00 -1.343952780628e+01 4.552835754437e+00 -1.152691058734e+00
2.980000000000e+00  -7.707574340921e+00 -1.341990256277e+01 4.541285035839e+00 -1.157443404956e+00
2.990000000000e+00  -7.841671878148e+00 -1.339949742659e+01 4.529686398489e+00 -1.162274770780e+00
3.000000000000e+00  -7.975561461406e+00 -1.337831193573e+01 4.518039046134e+00 -1.167186366981e+00
3.010000000000e+00  -8.109235286255e+00 -1.335634591760e+01 4.506342171691e+00 -1.172179148600e+00
3.020000000000e+00  -8.242685547910e+00 -1.333359947623e+01 4.494594959743e+00 -1.177253827671e+00
3.030000000000e+00  -8.375904443950e+00 -1.331007297971e+01 4.482796588904e+00 -1.182410885753e+00
3.040000000000e+00  -8.508884176888e+00 -1.328576704784e+01 4.470946234064e+00 -1.187650586249e+00
3.050000000000e+00  -8.641616956639e+00 -1.326068254001e+01 4.459043068509e+00 -1.192972986455e+00
3.060000000000e+00  -8.774095002848e+00 -1.323482054344e+01 4.447086265923e+00 -1.198377949318e+00
3.070000000000e+00  -8.906310547112e+00 -1.320818236165e+01 4.435075002277e+00 -1.203865154872e+00
3.080000000000e+00  -9.038255835094e+00 -1.318076950336e+01 4.423008457600e+00 -1.209434111334e+00
3.090000000000e+00  -9.169923128512e+00 -1.315258367168e+01 4.410885817643e+00 -1.215084165843e+00
3.100000000000e+00  -9.301304707036e+00 -1.312362675370e+01 4.398706275441e+00 -1.220814514815e+00
3.110000000000e+00  -9.432392870080e+00 -1.309390081046e+01 4.386469032767e+00 -1.226624213934e+00
3.120000000000e+00  -9.563179938484e+00 -1.306340806731e+01 4.374173301494e+00 -1.232512187733e+00
3.130000000000e+00  -9.693658256123e+00 -1.303215090465e+01 4.361818304860e+00 -1.238477238801e+00
3.140000000000e+00  -9.823820191403e+00 -1.300013184908e+01 4.349403278640e+00 -1.244518056582e+00
3.150000000000e+00  -9.953658138686e+00 -1.296735356490e+01 4.336927472243e+00 -1.250633225788e+00
3.160000000000e+00  -1.008316451963e+01 -1.293381884606e+01 4.324390149709e+00 -1.256821234424e+00
3.170000000000e+00  -1.021233178442e+01 -1.289953060845e+01 4.311790590648e+00 -1.263080481420e+00
3.180000000000e+00  -1.034115241302e+01 -1.286449188257e+01 4.299128091087e+00 -1.269409283896e+00
3.190000000000e+00  -1.046961891618e+01 -1.282870580659e+01 4.286401964259e+00 -1.275805884046e+00
3.200000000000e+00  -1.059772383658e+01 -1.279217561975e+01 4.273611541314e+00 -1.282268455668e+00
3.210000000000e+00  -1.072545974975e+01 -1.275490465611e+01 4.260756171977e+00 -1.288795110337e+00
3.220000000000e+00  -1.085281926501e+01 -1.271689633866e+01 4.247835225139e+00 -1.295383903239e+00
3.230000000000e+00  -1.097979502632e+01 -1.267815417374e+01 4.234848089395e+00 -1.302032838670e+00
3.240000000000e+00  -1.110637971309e+01 -1.263868174579e+01 4.221794173523e+00 -1.308739875224e+00
3.250000000000e+00  -1.123256604097e+01 -1.259848271240e+01 4.208672906922e+00 -1.315502930659e+00
3.260000000000e+00  -1.135834676248e+01 -1.255756079964e+01 4.195483739992e+00 -1.322319886485e+00
3.270000000000e+00  -1.148371466777e+01 -1.251591979772e+01 4.182226144480e+00 -1.329188592249e+00
3.280000000000e+00  -1.160866258517e+01 -1.247356355687e+01 4.168899613776e+00 -1.336106869564e+00
3.290000000000e+00  -1.173318338178e+01 -1.243049598349e+01 4.155503663177e+00 -1.343072515865e+00
3.300000000000e+00  -1.185726996405e+01 -1.238672103659e+01 4.142037830105e+00 -1.350083307925e+00
3.310000000000e+00  -1.198091527825e+01 -1.234224272437e+01 4.128501674305e+00 -1.357137005128e+00
3.320000000000e+00  -1.210411231099e+01 -1.229706510116e+01 4.114894777999e+00 -1.364231352525e+00
3.330000000000e+00  -1.222685408960e+01 -1.225119226443e+01 4.101216746015e+00 -1.371364083661e+00
3.340000000000e+00  -1.234913368261e+01 -1.220462835211e+01 4.087467205892e+00 -1.378532923216e+00
3.350000000000e+00  -1.247094420012e+01 -1.215737754006e+01 4.073645807951e+00 -1.385735589438e+00
3.360000000000e+00  -1.259227879416e+01 -1.210944403970e+01 4.059752225355e+00 -1.392969796401e+00
3.370000000000e+00  -1.271313065905e+01 -1.206083209585e+01 4.045786154136e+00 -1.400233256091e+00
3.380000000000e+00  -1.283349303170e+01 -1.201154598472e+01 4.031747313205e+00 -1.407523680321e+00
3.390000000000e+00  -1.295335919194e+01 -1.196159001203e+01 4.017635444350e+00 -1.414838782500e+00
3.400000000000e+00  -1.307272246280e+01 -1.191096851132e+01 4.003450312207e+00 -1.422176279252e+00
3.410000000000e+00  -1.319157621078e+01 -1.185968584234e+01 3.989191704222e+00 -1.429533891897e+00
3.420000000000e+00  -1.330991384607e+01 -1.180774638962e+01 3.974859430599e+00 -1.436909347808e+00
3.430000000000e+00  -1.342772882287e+01 -1.175515456112e+01 3.960453324232e+00 -1.444300381642e+00
3.440000000000e+00  -1.354501463953e+01 -1.170191478703e+01 3.945973240625e+00 -1.451704736457e+00
3.450000000000e+00  -1.366176483883e+01 -1.164803151861e+01 3.931419057806e+00 -1.459120164724e+00
3.460000000000e+00  -1.377797300816e+01 -1.159350922723e+01 3.916790676226e+00 -1.466544429241e+00
3.470000000000e+00  -1.389363277972e+01 -1.153835240341e+01 3.902088018652e+00 -1.473975303944e+00
3.480000000000e+00  -1.400873783071e+01 -1.148256555598e+01 3.887311030053e+00 -1.481410574641e+00
3.490000000000e+00  -1.412328188348e+01 -1.142615321134e+01 3.872459677477e+00 -1.488848039656e+00
3.500000000000e+00  -1.423725870576e+01 -1.136911991278e+01 3.857533949925e+00 -1.496285510398e+00
3.510000000000e+00  -1.435066211079e+01 -1.131147021986e+01 3.842533858214e+00 -1.503720811858e+00
3.520000000000e+00  -1.446348595747e+01 -1.125320870785e+01 3.827459434842e+00 -1.511151783043e+00
3.530000000000e+00  -1.457572415055e+01 -1.119433996728e+01 3.812310733844e+00 -1.518576277338e+00
3.540000000000e+00  -1.468737064073e+01 -1.113486860350e+01 3.797087830651e+00 -1.525992162816e+00
3.550000000000e+00  -1.479841942486e+01 -1.107479923630e+01 3.781790821935e+00 -1.533397322498e+00
3.560000000000e+00  -1.490886454605e+01 -1.101413649958e+01 3.766419825464e+00 -1.540789654549e+00
3.570000000000e+00  -1.501870009382e+01 -1.095288504110e+01 3.750974979947e+00 -1.548167072443e+00
3.580000000000e+00  -1.512792020425e+01 -1.089104952219e+01 3.735456444882e+00 -1.555527505069e+00
3.590000000000e+00  -1.523651906006e+01 -1.082863461763e+01 3.719864400401e+00 -1.562868896810e+00
3.600000000000e+00  -1.534449089083e+01 -1.076564501542e+01 3.704199047114e+00 -1.570189207575e+00
3.610000000000e+00  -1.545182997306e+01 -1.070208541668e+01 3.688460605954e+00 -1.577486412798e+00
3.620000000000e+00  -1.555853063033e+01 -1.063796053554e+01 3.672649318023e+00 -1.584758503412e+00
3.630000000000e+00  -1.566458723343e+01 -1.057327509912e+01 3.656765444436e+00 -1.592003485778e+00
3.640000000000e+00  -1.576999420049e+01 -1.050803384741e+01 3.640809266169e+00 -1.599219381606e+00
3.650000000000e+00  -1.587474599710e+01 -1.044224153332e+01 3.624781083902e+00 -1.606404227831e+00
3.660000000000e+00  -1.597883713643e+01 -1.037590292263e+01 3.608681217875e+00 -1.613556076482e+00
3.670000000000e+00  -1.608226217940e+01 -1.030902279408e+01 3.592510007727e+00 -1.620672994517e+00
3.680000000000e+00  -1.618501573477e+01 -1.024160593934e+01 3.576267812360e+00 -1.627753063645e+00
3.690000000000e+00  -1.628709245926e+01 -1.017365716311e+01 3.559955009782e+00 -1.634794380129e+00
3.700000000000e+00  -1.638848705775e+01 -1.010518128321e+01 3.543571996968e+00 -1.641795054568e+00
3.710000000000e+00  -1.648919428331e+01 -1.003618313064e+01 3.527119189716e+00 -1.648753211670e+00
3.720000000000e+00  -1.658920893744e+01 -9.966667549667e+00 3.510597022509e+00 -1.655666990005e+00
3.730000000000e+00  -1.668852587010e+01 -9.896639398004e+00 3.494005948376e+00 -1.662534541747e+00
3.740000000000e+00  -1.678713997994e+01 -9.826103546873e+00 3.477346438757e+00 -1.669354032408e+00
3.750000000000e+00  -1.688504621435e+01 -9.755064881165e+00 3.460618983371e+00 -1.676123640553e+00
3.760000000000e+00  -1.698223956967e+01 -9.683528299579e+00 3.443824090090e+00 -1.682841557513e+00
3.770000000000e+00  -1.707871509129e+01 -9.611498714776e+00 3.426962284808e+00 -1.689505987086e+00
3.780000000000e+00  -1.717446787377e+01 -9.538981053529e+00 3.410034111321e+00 -1.696115145229e+00
3.790000000000e+00  -1.726949306106e+01 -9.465980256892e+00 3.393040131208e+00 -1.702667259741e+00
3.800000000000e+00  -1.736378584654e+01 -9.392501280369e+00 3.375980923709e+00 -1.709160569947e+00
3.810000000000e+00  -1.745734147326e+01 -9.318549094084e+00 3.358857085619e+00 -1.715593326367e+00
3.820000000000e+00  -1.755015523401e+01 -9.244128682962e+00 3.341669231170e+00 -1.721963790382e+00
3.830000000000e+00  -1.764222247154e+01 -9.169245046910e+00 3.324417991929e+00 -1.728270233902e+00
3.840000000000e+00  -1.773353857865e+01 -9.093903201002e+00 3.307104016694e+00 -1.734510939017e+00
3.850000000000e+00  -1.782409899838e+01 -9.018108175664e+00 3.289727971391e+00 -1.740684197656e+00
3.860000000000e+00  -1.791389922414e+01 -8.941865016867e+00 3.272290538981e+00 -1.746788311236e+00
3.870000000000e+00  -1.800293479988e+01 -8.865178786316e+00 3.254792419365e+00 -1.752821590309e+00
3.880000000000e+00  -1.809120132028e+01 -8.788054561644e+00 3.237234329293e+00 -1.758782354209e+00
3.890000000000e+00  -1.817869443082e+01 -8.710497436608e+00 3.219617002282e+00 -1.764668930689e+00
3.900000000000e+00  -1.826540982805e+01 -8.632512521280e+00 3.201941188531e+00 -1.770479655571e+00
3.910000000000e+00  -1.835134325967e+01 -8.554104942248e+00 3.184207654839e+00 -1.776212872372e+00
3.920000000000e+00  -1.843649052475e+01 -8.475279842806e+00 3.166417184538e+00 -1.781866931954e+00
3.930000000000e+00  -1.852084747386e+01 -8.396042383154e+00 3.148570577412e+00 -1.787440192150e+00
3.940000000000e+00  -1.860441000929e+01 -8.316397740596e+00 3.130668649638e+00 -1.792931017405e+00
3.950000000000e+00  -1.868717408514e+01 -8.236351109730e+00 3.112712233714e+00 -1.798337778405e+00
3.960000000000e+00  -1.876913570760e+01 -8.155907702647e+00 3.094702178404e+00 -1.803658851714e+00
3.970000000000e+00  -1.885029093501e+01 -8.075072749126e+00 3.076639348677e+00 -1.808892619408e+00
3.980000000000e+00  -1.893063587816e+01 -7.993851496825e+00 3.058524625658e+00 -1.814037468703e+00
3.990000000000e+00  -1.901016670035e+01 -7.912249211475e+00 3.040358906573e+00 -1.819091791591e+00
4.000000000000e+00  -1.908887961767e+01 -7.830271177073e+00 3.022143104708e+00 -1.824053984472e+00
4.010000000000e+00  -1.916677089911e+01 -7.747922696069e+00 3.003878149366e+00 -1.828922447786e+00
4.020000000000e+00  -1.924383686682e+01 -7.665209089558e+00 2.985564985825e+00 -1.833695585650e+00
4.030000000000e+00  -1.932007389621e+01 -7.582135697463e+00 2.967204575306e+00 -1.838371805485e+00
4.040000000000e+00  -1.939547841620e+01 -7.498707878725e+00 2.948797894941e+00 -1.842949517656e+00
4.050000000000e+00  -1.947004690942e+01 -7.414931011483e+00 2.930345937747e+00 -1.847427135107e+00
4.060000000000e+00  -1.954377591235e+01 -7.330810493259e+00 2.911849712599e+00 -1.851803072993e+00
4.070000000000e+00  -1.961666201555e+01 -7.246351741131e+00 2.893310244211e+00 -1.856075748322e+00
4.080000000000e+00  -1.968870186386e+01 -7.161560191920e+00 2.874728573122e+00 -1.860243579592e+00
4.090000000000e+00  -1.975989215656e+01 -7.076441302352e+00 2.856105755677e+00 -1.864304986430e+00
4.100000000000e+00  -1.983022964764e+01 -6.991000549243e+00 2.837442864023e+00 -1.868258389234e+00
4.110000000000e+00  -1.989971114592e+01 -6.905243429659e+00 2.818740986101e+00 -1.872102208818e+00
4.120000000000e+00  -1.996833351531e+01 -6.819175461084e+00 2.800001225644e+00 -1.875834866055e+00
4.130000000000e+00  -2.003609367502e+01 -6.732802181588e+00 2.781224702175e+00 -1.879454781527e+00
4.140000000000e+00  -2.010298859970e+01 -6.646129149981e+00 2.762412551018e+00 -1.882960375173e+00
4.150000000000e+00  -2.016901531972e+01 -6.559161945971e+00 2.743565923301e+00 -1.886350065942e+00
4.160000000000e+00  -2.023417092136e+01 -6.471906170319e+00 2.724685985969e+00 -1.889622271447e+00
4.170000000000e+00  -2.029845254699e+01 -6.384367444983e+00 2.705773921800e+00 -1.892775407627e+00
4.180000000000e+00  -2.036185739532e+01 -6.296551413268e+00 2.686830929422e+00 -1.895807888404e+00
4.190000000000e+00  -2.042438272160e+01 -6.208463739960e+00 2.667858223337e+00 -1.898718125352e+00
4.200000000000e+00  -2.048602583784e+01 -6.120110111462e+00 2.648857033942e+00 -1.901504527364e+00
4.210000000000e+00  -2.054678411301e+01 -6.031496235926e+00 2.629828607564e+00 -1.904165500327e+00
4.220000000000e+00  -2.060665497329e+01 -5.942627843377e+00 2.610774206484e+00 -1.906699446800e+00
4.230000000000e+00  -2.066563590225e+01 -5.853510685826e+00 2.591695108979e+00 -1.909104765697e+00
4.240000000000e+00  -2.072372444111e+01 -5.764150537389e+00 2.572592609354e+00 -1.911379851973e+00
4.250000000000e+00  -2.078091818892e+01 -5.674553194384e+00 2.553468017987e+00 -1.913523096326e+00
4.260000000000e+00  -2.083721480283e+01 -5.584724475436e+00 2.534322661373e+00 -1.915532884889e+00
4.270000000000e+00  -2.089261199827e+01 -5.494670221563e+00 2.515157882167e+00 -1.917407598944e+00
4.280000000000e+00  -2.094710754921e+01 -5.404396296257e+00 2.495975039241e+00 -1.919145614638e+00
4.290000000000e+00  -2.100069928834e+01 -5.313908585560e+00 2.476775507728e+00 -1.920745302699e+00
4.300000000000e+00  -2.105338510735e+01 -5.223212998124e+00 2.457560679087e+00 -1.922205028177e+00
4.310000000000e+00  -2.110516295712e+01 -5.132315465266e+00 2.438331961153e+00 -1.923523150181e+00
4.320000000000e+00  -2.115603084796e+01 -5.041221941009e+00 2.419090778202e+00 -1.924698021629e+00
4.330000000000e+00  -2.120598684983e+01 -4.949938402116e+00 2.399838571012e+00 -1.925727989014e+00
4.340000000000e+00  -2.125502909258e+01 -4.858470848104e+00 2.380576796931e+00 -1.926611392174e+00
4.350000000000e+00  -2.130315576615e+01 -4.766825301251e+00 2.361306929943e+00 -1.927346564082e+00
4.360000000000e+00  -2.135036512084e+01 -4.675007806587e+00 2.342030460735e+00 -1.927931830641e+00
4.370000000000e+00  -2.139665546750e+01 -4.583024431872e+00 2.322748896775e+00 -1.928365510504e+00
4.380000000000e+00  -2.144202517778e+01 -4.490881267552e+00 2.303463762380e+00 -1.928645914896e+00
4.390000000000e+00  -2.148647268433e+01 -4.398584426705e+00 2.284176598791e+00 -1.928771347466e+00
4.400000000000e+00  -2.152999648107e+01 -4.306140044964e+00 2.264888964255e+00 -1.928740104147e+00
4.410000000000e+00  -2.157259512338e+01 -4.213554280420e+00 2.245602434095e+00 -1.928550473036e+00
4.420000000000e+00  -2.161426722831e+01 -4.120833313512e+00 2.226318600795e+00 -1.928200734302e+00
4.430000000000e+00  -2.165501147486e+01 -4.027983346883e+00 2.207039074077e+00 -1.927689160104e+00
4.440000000000e+00  -2.169482660415e+01 -3.935010605221e+00 2.187765480981e+00 -1.927014014541e+00
4.450000000000e+00  -2.173371141965e+01 -3.841921335073e+00 2.168499465949e+00 -1.926173553618e+00
4.460000000000e+00  -2.177166478741e+01 -3.748721804632e+00 2.149242690899e+00 -1.925166025249e+00
4.470000000000e+00  -2.180868563628e+01 -3.655418303494e+00 2.129996835316e+00 -1.923989669274e+00
4.480000000000e+00  -2.184477295810e+01 -3.562017142389e+00 2.110763596321e+00 -1.922642717519e+00
4.490000000000e+00  -2.187992580792e+01 -3.468524652876e+00 2.091544688761e+00 -1.921123393877e+00
4.500000000000e+00  -2.191414330422e+01 -3.374947187009e+00 2.072341845281e+00 -1.919429914424e+00
4.510000000000e+00  -2.194742462908e+01 -3.281291116961e+00 2.053156816403e+00 -1.917560487577e+00
4.520000000000e+00  -2.197976902843e+01 -3.187562834618e+00 2.033991370605e+00 -1.915513314278e+00
4.530000000000e+00  -2.201117581220e+01 -3.093768751124e+00 2.014847294389e+00 -1.913286588231e+00
4.540000000000e+00  -2.204164435451e+01 -2.999915296394e+00 1.995726392357e+00 -1.910878496162e+00
4.550000000000e+00  -2.207117409390e+01 -2.906008918571e+00 1.976630487275e+00 -1.908287218147e+00
4.560000000000e+00  -2.209976453346e+01 -2.812056083446e+00 1.957561420142e+00 -1.905510927963e+00
4.570000000000e+00  -2.212741524103e+01 -2.718063273823e+00 1.938521050247e+00 -1.902547793505e+00
4.580000000000e+00  -2.215412584937e+01 -2.624036988832e+00 1.919511255228e+00 -1.899395977247e+00
4.590000000000e+00  -2.217989605628e+01 -2.529983743187e+00 1.900533931122e+00 -1.896053636760e+00
4.600000000000e+00  -2.220472562481e+01 -2.435910066386e+00 1.881590992415e+00 -1.892518925287e+00
4.610000000000e+00  -2.222861438336e+01 -2.341822501853e+00 1.862684372075e+00 -1.888789992378e+00
4.620000000000e+00  -2.225156222585e+01 -2.247727606007e+00 1.843816021591e+00 -1.884864984591e+00
4.630000000000e+00  -2.227356911179e+01 -2.153631947276e+00 1.824987911000e+00 -1.880742046259e+00
4.640000000000e+00  -2.229463506645e+01 -2.059542105029e+00 1.806202028898e+00 -1.876419320323e+00
4.650000000000e+00  -2.231476018095e+01 -1.965464668440e+00 1.787460382460e+00 -1.871894949247e+00
4.660000000000e+00  -2.233394461234e+01 -1.871406235274e+00 1.768764997428e+00 -1.867167076004e+00
4.670000000000e+00  -2.235218858366e+01 -1.777373410588e+00 1.750117918110e+00 -1.862233845141e+00
4.680000000000e+00  -2.236949238407e+01 -1.683372805353e+00 1.731521207355e+00 -1.857093403937e+00
4.690000000000e+00  -2.238585636884e+01 -1.589411034984e+00 1.712976946517e+00 -1.851743903640e+00
4.700000000000e+00  -2.240128095940e+01 -1.495494717778e+00 1.694487235413e+00 -1.846183500800e+00
4.710000000000e+00  -2.241576664340e+01 -1.401630473255e+00 1.676054192261e+00 -1.840410358698e+00
4.720000000000e+00  -2.242931397464e+01 -1.307824920403e+00 1.657679953604e+00 -1.834422648875e+00
4.730000000000e+00  -2.244192357315e+01 -1.214084675812e+00 1.639366674221e+00 -1.828218552759e+00
4.740000000000e+00  -2.245359612505e+01 -1.120416351712e+00 1.621116527019e+00 -1.821796263407e+00
4.750000000000e+00  -2.246433238260e+01 -1.026826553882e+00 1.602931702905e+00 -1.815153987354e+00
4.760000000000e+00  -2.247413316403e+01 -9.333218794642e-01 1.584814410646e+00 -1.808289946580e+00
4.770000000000e+00  -2.248299935353e+01 -8.399089146395e-01 1.566766876700e+00 -1.801202380592e+00
4.780000000000e+00  -2.249093190104e+01 -7.465942321924e-01 1.548791345033e+00 -1.793889548630e+00
4.790000000000e+00  -2.249793182219e+01 -6.533843889437e-01 1.530890076906e+00 -1.786349732006e+00
4.800000000000e+00  -2.250400019807e+01 -5.602859230532e-01 1.513065350646e+00 -1.778581236564e+00
4.810000000000e+00  -2.250913817503e+01 -4.673053511887e-01 1.495319461385e+00 -1.770582395280e+00
4.820000000000e+00  -2.251334696447e+01 -3.744491655579e-01 1.477654720778e+00 -1.762351570998e+00
4.830000000000e+00  -2.251662784260e+01 -2.817238307982e-01 1.460073456685e+00 -1.753887159302e+00
4.840000000000e+00  -2.251898215009e+01 -1.891357807245e-01 1.442578012833e+00 -1.745187591543e+00
4.850000000000e+00  -2.252041129179e+01 -9.669141492989e-02 1.425170748440e+00 -1.736251337995e+00
4.860000000000e+00  -2.252091673637e+01 -4.397095237611e-03 1.407854037813e+00 -1.727076911176e+00
4.870000000000e+00  -2.252050001589e+01 8.774085799696e-02 1.390630269901e+00 -1.717662869308e+00
4.880000000000e+00  -2.251916272539e+01 1.797161697372e-01 1.373501847828e+00 -1.708007819935e+00
4.890000000000e+00  -2.251690652243e+01 2.715226142695e-01 1.356471188374e+00 -1.698110423690e+00
4.900000000000e+00  -2.251373312655e+01 3.631540193615e-01 1.339540721430e+00 -1.687969398223e+00
4.910000000000e+00  -2.250964431872e+01 4.546042705749e-01 1.322712889405e+00 -1.677583522273e+00
4.920000000000e+00  -2.250464194074e+01 5.458673157325e-01 1.305990146592e+00 -1.666951639905e+00
4.930000000000e+00  -2.249872789462e+01 6.369371695376e-01 1.289374958497e+00 -1.656072664889e+00
4.940000000000e+00  -2.249190414184e+01 7.278079183456e-01 1.272869801116e+00 -1.644945585241e+00
4.950000000000e+00  -2.248417270265e+01 8.184737250831e-01 1.256477160171e+00 -1.633569467904e+00
4.960000000000e+00  -2.247553565524e+01 9.089288343136e-01 1.240199530295e+00 -1.621943463575e+00
4.970000000000e+00  -2.246599513496e+01 9.991675774436e-01 1.224039414171e+00 -1.610066811683e+00
4.980000000000e+00  -2.245555333334e+01 1.089184378065e+00 1.207999321619e+00 -1.597938845487e+00
4.990000000000e+00  -2.244421249723e+01 1.178973757430e+00 1.192081768629e+00 -1.585558997318e+00
5.000000000000e+00  -2.243197492771e+01 1.268530340042e+00 1.176289276348e+00 -1.572926803937e+00
5.010000000000e+00  -2.241884297910e+01 1.357848859370e+00 1.160624370005e+00 -1.560041912010e+00
5.020000000000e+00  -2.240481905779e+01 1.446924163661e+00 1.145089577784e+00 -1.546904083684e+00
5.030000000000e+00  -2.238990562111e+01 1.535751221853e+00 1.129687429643e+00 -1.533513202263e+00
5.040000000000e+00  -2.237410517605e+01 1.624325129562e+00 1.114420456073e+00 -1.519869277962e+00
5.050000000000e+00  -2.235742027798e+01 1.712641115149e+00 1.099291186797e+00 -1.505972453735e+00
5.060000000000e+00  -2.233985352929e+01 1.800694545831e+00 1.084302149417e+00 -1.491823011153e+00
5.070000000000e+00  -2.232140757798e+01 1.888480933842e+00 1.069455867996e+00 -1.477421376320e+00
5.080000000000e+00  -2.230208511618e+01 1.975995942602e+00 1.054754861584e+00 -1.462768125820e+00
5.090000000000e+00  -2.228188887859e+01 2.063235392901e+00 1.040201642682e+00 -1.447863992650e+00
5.100000000000e+00  -2.226082164087e+01 2.150195269058e+00 1.025798715651e+00 -1.432709872154e+00
5.110000000000e+00  -2.223888621801e+01 2.236871725040e+00 1.011548575055e+00 -1.417306827900e+00
5.120000000000e+00  -2.221608546258e+01 2.323261090527e+00 9.974537039554e-01 -1.401656097509e+00
5.130000000000e+00  -2.219242226293e+01 2.409359876876e+00 9.835165721349e-01 -1.385759098387e+00
5.140000000000e+00  -2.216789954138e+01 2.495164782986e+00 9.697396342771e-01 -1.369617433350e+00
5.150000000000e+00  -2.214252025227e+01 2.580672701011e+00 9.561253280823e-01 -1.353232896104e+00
5.160000000000e+00  -2.211628738005e+01 2.665880721918e+00 9.426760723327e-01 -1.336607476564e+00
5.170000000000e+00  -2.208920393723e+01 2.750786140831e+00 9.293942649047e-01 -1.319743365966e+00
5.180000000000e+00  -2.206127296230e+01 2.835386462164e+00 9.162822807312e-01 -1.302642961763e+00
5.190000000000e+00  -2.203249751768e+01 2.919679404477e+00 9.033424697160e-01 -1.285308872248e+00
5.200000000000e+00  -2.200288068746e+01 3.003662905057e+00 8.905771546044e-01 -1.267743920893e+00
5.210000000000e+00  -2.197242557530e+01 3.087335124164e+00 8.779886288105e-01 -1.249951150369e+00
5.220000000000e+00  -2.194113530206e+01 3.170694448920e+00 8.655791542074e-01 -1.231933826196e+00
5.230000000000e+00  -2.190901300363e+01 3.253739496813e+00 8.533509588825e-01 -1.213695440010e+00
5.240000000000e+00  -2.187606182853e+01 3.336469118776e+00 8.413062348616e-01 -1.195239712412e+00
5.250000000000e+00  -2.184228493559e+01 3.418882401801e+00 8.294471358077e-01 -1.176570595347e+00
5.260000000000e+00  -2.180768549160e+01 3.500978671076e+00 8.177757746981e-01 -1.157692274003e+00
5.270000000000e+00  -2.177226666888e+01 3.582757491590e+00 8.062942214848e-01 -1.138609168189e+00
5.280000000000e+00  -2.173603164289e+01 3.664218669196e+00 7.950045007442e-01 -1.119325933161e+00
5.290000000000e+00  -2.169898358986e+01 3.745362251084e+00 7.839085893219e-01 -1.099847459860e+00
5.300000000000e+00  -2.166112568429e+01 3.826188525654e+00 7.730084139768e-01 -1.080178874554e+00
5.310000000000e+00  -2.162246109664e+01 3.906698021745e+00 7.623058490336e-01 -1.060325537837e+00
5.320000000000e+00  -2.158299299086e+01 3.986891507215e+00 7.518027140473e-01 -1.040293042971e+00
5.330000000000e+00  -2.154272452205e+01 4.066769986835e+00 7.415007714886e-01 -1.020087213554e+00
5.340000000000e+00  -2.150165883408e+01 4.146334699490e+00 7.314017244552e-01 -9.997141004849e-01
5.350000000000e+00  -2.145979905729e+01 4.225587114668e+00 7.215072144180e-01 -9.791799782230e-01
5.360000000000e+00  -2.141714830619e+01 4.304528928219e+00 7.118188190074e-01 -9.584913403164e-01
5.370000000000e+00  -2.137370967722e+01 4.383162057389e+00 7.023380498489e-01 -9.376548942040e-01
5.380000000000e+00  -2.132948624657e+01 4.461488635113e+00 6.930663504532e-01 -9.166775552793e-01
5.390000000000e+00  -2.128448106806e+01 4.539511003575e+00 6.840050941705e-01 -8.955664402184e-01
5.400000000000e+00  -2.123869717107e+01 4.617231707029e+00 6.751555822148e-01 -8.743288595754e-01
5.410000000000e+00  -2.119213755856e+01 4.694653483903e+00 6.665190417652e-01 -8.529723096547e-01
5.420000000000e+00  -2.114480520521e+01 4.771779258192e+00 6.580966241530e-01 -8.315044636721e-01
5.430000000000e+00  -2.109670305554e+01 4.848612130148e+00 6.498894031402e-01 -8.099331622239e-01
5.440000000000e+00  -2.104783402226e+01 4.925155366311e+00 6.418983732966e-01 -7.882664030836e-01
5.450000000000e+00  -2.099820098462e+01 5.001412388888e+00 6.341244484821e-01 -7.665123303562e-01
5.460000000000e+00  -2.094780678694e+01 5.077386764521e+00 6.265684604411e-01 -7.446792230188e-01
5.470000000000e+00  -2.089665423721e+01 5.153082192477e+00 6.192311575137e-01 -7.227754828844e-01
5.480000000000e+00  -2.084474610581e+01 5.228502492303e+00 6.121132034701e-01 -7.008096220294e-01
5.490000000000e+00  -2.079208512440e+01 5.303651590984e+00 6.052151764735e-01 -6.787902497271e-01
5.500000000000e+00  -2.073867398490e+01 5.378533509658e+00 5.985375681754e-01 -6.567260589371e-01
5.510000000000e+00  -2.068451533860e+01 5.453152349935e+00 5.920807829488e-01 -6.346258124012e-01
5.520000000000e+00  -2.062961179548e+01 5.527512279880e+00 5.858451372608e-01 -6.124983283996e-01
5.530000000000e+00  -2.057396592353e+01 5.601617519710e+00 5.798308591907e-01 -5.903524662257e-01
5.540000000000e+00  -2.051758024837e+01 5.675472327268e+00 5.740380880929e-01 -5.681971114397e-01
5.550000000000e+00  -2.046045725295e+01 5.749080983345e+00 5.684668744090e-01 -5.460411609609e-01
5.560000000000e+00  -2.040259937733e+01 5.822447776888e+00 5.631171796297e-01 -5.238935080638e-01
5.570000000000e+00  -2.034400901875e+01 5.895576990195e+00 5.579888764054e-01 -5.017630273411e-01
5.580000000000e+00  -2.028468853170e+01 5.968472884122e+00 5.530817488091e-01 -4.796585596987e-01
5.590000000000e+00  -2.022464022827e+01 6.041139683399e+00 5.483954927473e-01 -4.575888974471e-01
5.600000000000e+00  -2.016386637855e+01 6.113581562102e+00 5.439297165196e-01 -4.355627695536e-01
5.610000000000e+00  -2.010236921119e+01 6.185802629346e+00 5.396839415249e-01 -4.135888271181e-01
5.620000000000e+00  -2.004015091418e+01 6.257806915266e+00 5.356576031116e-01 -3.916756291345e-01
5.630000000000e+00  -1.997721363565e+01 6.329598357340e+00 5.318500515675e-01 -3.698316285965e-01
5.640000000000e+00  -1.991355948489e+01 6.401180787114e+00 5.282605532477e-01 -3.480651590063e-01
5.650000000000e+00  -1.984919053347e+01 6.472557917385e+00 5.248882918346e-01 -3.263844213388e-01
5.660000000000e+00  -1.978410881647e+01 6.543733329887e+00 5.217323697257e-01 -3.047974715132e-01
5.670000000000e+00  -1.971831633390e+01 6.614710463531e+00 5.187918095443e-01 -2.833122084196e-01
5.680000000000e+00  -1.965181505212e+01 6.685492603246e+00 5.160655557664e-01 -2.619363625430e-01
5.690000000000e+00  -1.958460690548e+01 6.756082869455e+00 5.135524764585e-01 -2.406774852243e-01
5.700000000000e+00  -1.951669379798e+01 6.826484208216e+00 5.112513651197e-01 -2.195429385941e-01
5.710000000000e+00  -1.944807760511e+01 6.896699382075e+00 5.091609426202e-01 -1.985398862074e-01
5.720000000000e+00  -1.937876017566e+01 6.966730961638e+00 5.072798592303e-01 -1.776752844060e-01
5.730000000000e+00  -1.930874333374e+01 7.036581317891e+00 5.056066967324e-01 -1.569558744293e-01
5.740000000000e+00  -1.923802888074e+01 7.106252615285e+00 5.041399706071e-01 -1.363881752881e-01
5.750000000000e+00  -1.916661859752e+01 7.175746805597e+00 5.028781322879e-01 -1.159784774135e-01
5.760000000000e+00  -1.909451424649e+01 7.245065622564e+00 5.018195714742e-01 -9.573283708657e-02
5.770000000000e+00  -1.902171757382e+01 7.314210577305e+00 5.009626184970e-01 -7.565707165047e-02
5.780000000000e+00  -1.894823031172e+01 7.383182954520e+00 5.003055467286e-01 -5.575675550204e-02
5.790000000000e+00  -1.887405418071e+01 7.451983809458e+00 4.998465750279e-01 -3.603721685579e-02
5.800000000000e+00  -1.879919089188e+01 7.520613965652e+00 4.995838702147e-01 -1.650353526889e-02
5.810000000000e+00  -1.872364214929e+01 7.589074013390e+00 4.995155495650e-01 2.839460087845e-03
5.820000000000e+00  -1.864740965224e+01 7.657364308917e+00 4.996396833200e-01 2.198719143165e-02
5.830000000000e+00  -1.857049509766e+01 7.725484974347e+00 4.999542972010e-01 4.093533266416e-02
5.840000000000e+00  -1.849290018240e+01 7.793435898244e+00 5.004573749249e-01 5.967980898720e-02
5.850000000000e+00  -1.841462660561e+01 7.861216736861e+00 5.011468607117e-01 7.821679586558e-02
5.860000000000e+00  -1.833567607102e+01 7.928826916005e+00 5.020206617789e-01 9.654271736667e-02
5.870000000000e+00  -1.825605028924e+01 7.996265633484e+00 5.030766508162e-01 1.146542439086e-01
5.880000000000e+00  -1.817575098003e+01 8.063531862115e+00 5.043126684353e-01 1.325482894505e-01
5.890000000000e+00  -1.809477987453e+01 8.130624353259e+00 5.057265255881e-01 1.502220081595e-01
5.900000000000e+00  -1.801313871746e+01 8.197541640836e+00 5.073160059504e-01 1.676727905904e-01
5.910000000000e+00  -1.793082926924e+01 8.264282045790e+00 5.090788682635e-01 1.848982594146e-01
5.920000000000e+00  -1.784785330815e+01 8.330843680973e+00 5.110128486330e-01 2.018962647347e-01
5.930000000000e+00  -1.776421263235e+01 8.397224456396e+00 5.131156627770e-01 2.186648790227e-01
5.940000000000e+00  -1.767990906187e+01 8.463422084833e+00 5.153850082232e-01 2.352023917179e-01
5.950000000000e+00  -1.759494444058e+01 8.529434087706e+00 5.178185664498e-01 2.515073035217e-01
5.960000000000e+00  -1.750932063808e+01 8.595257801261e+00 5.204140049685e-01 2.675783204253e-01
5.970000000000e+00  -1.742303955146e+01 8.660890382956e+00 5.231689793463e-01 2.834143475048e-01
5.980000000000e+00  -1.733610310713e+01 8.726328818051e+00 5.260811351644e-01 2.990144825190e-01
5.990000000000e+00  -1.724851326247e+01 8.791569926370e+00 5.291481099119e-01 3.143780093430e-01
6.000000000000e+00  -1.716027200744e+01 8.856610369181e+00 5.323675348140e-01 3.295043912685e-01
6.010000000000e+00  -1.707138136616e+01 8.921446656189e+00 5.357370365917e-01 3.443932642025e-01
6.020000000000e+00  -1.698184339837e+01 8.986075152589e+00 5.392542391539e-01 3.590444297936e-01
6.030000000000e+00  -1.689166020085e+01 9.050492086178e+00 5.429167652198e-01 3.734578485119e-01
6.040000000000e+00  -1.680083390873e+01 9.114693554468e+00 5.467222378731e-01 3.876336327113e-01
6.050000000000e+00  -1.670936669683e+01 9.178675531809e+00 5.506682820454e-01 4.015720396952e-01
6.060000000000e+00  -1.661726078075e+01 9.242433876471e+00 5.547525259321e-01 4.152734648112e-01
6.070000000000e+00  -1.652451841810e+01 9.305964337684e+00 5.589726023374e-01 4.287384345947e-01
6.080000000000e+00  -1.643114190947e+01 9.369262562603e+00 5.633261499533e-01 4.419675999795e-01
6.090000000000e+00  -1.633713359948e+01 9.432324103192e+00 5.678108145696e-01 4.549617295962e-01
6.100000000000e+00  -1.624249587767e+01 9.495144422997e+00 5.724242502178e-01 4.677217031709e-01
6.110000000000e+00  -1.614723117935e+01 9.557718903810e+00 5.771641202498e-01 4.802485050417e-01
6.120000000000e+00  -1.605134198638e+01 9.620042852195e+00 5.820280983522e-01 4.925432178038e-01
6.130000000000e+00  -1.595483082790e+01 9.682111505877e+00 5.870138694979e-01 5.046070160959e-01
6.140000000000e+00  -1.585770028100e+01 9.743920039977e+00 5.921191308360e-01 5.164411605381e-01
6.150000000000e+00  -1.575995297130e+01 9.805463573086e+00 5.973415925223e-01 5.280469918277e-01
6.160000000000e+00  -1.566159157347e+01 9.866737173173e+00 6.026789784914e-01 5.394259250040e-01
6.170000000000e+00  -1.556261881174e+01 9.927735863316e+00 6.081290271722e-01 5.505794438841e-01
6.180000000000e+00  -1.546303746030e+01 9.988454627253e+00 6.136894921487e-01 5.615090956781e-01
6.190000000000e+00  -1.536285034368e+01 1.004888841476e+01 6.193581427683e-01 5.722164857850e-01
6.200000000000e+00  -1.526206033704e+01 1.010903214682e+01 6.251327646979e-01 5.827032727734e-01
6.210000000000e+00  -1.516067036647e+01 1.016888072066e+01 6.310111604320e-01 5.929711635483e-01
6.220000000000e+00  -1.505868340917e+01 1.022842901449e+01 6.369911497529e-01 6.030219087055e-01
6.230000000000e+00  -1.495610249364e+01 1.028767189220e+01 6.430705701449e-01 6.128572980733e-01
6.240000000000e+00  -1.485293069976e+01 1.034660420774e+01 6.492472771652e-01 6.224791564401e-01
6.250000000000e+00  -1.474917115895e+01 1.040522080939e+01 6.555191447739e-01 6.318893394690e-01
6.260000000000e+00  -1.464482705412e+01 1.046351654382e+01 6.618840656221e-01 6.410897297949e-01
6.270000000000e+00  -1.453990161970e+01 1.052148625995e+01 6.683399513039e-01 6.500822333030e-01
6.280000000000e+00  -1.443439814162e+01 1.057912481267e+01 6.748847325709e-01 6.588687755859e-01
6.290000000000e+00  -1.432831995721e+01 1.063642706636e+01 6.815163595122e-01 6.674512985756e-01
6.300000000000e+00  -1.422167045508e+01 1.069338789823e+01 6.882328017022e-01 6.758317573461e-01
6.310000000000e+00  -1.411445307500e+01 1.075000220151e+01 6.950320483164e-01 6.840121170842e-01
6.320000000000e+00  -1.400667130771e+01 1.080626488847e+01 7.019121082188e-01 6.919943502224e-01
6.330000000000e+00  -1.389832869471e+01 1.086217089326e+01 7.088710100204e-01 6.997804337302e-01
6.340000000000e+00  -1.378942882805e+01 1.091771517464e+01 7.159068021117e-01 7.073723465596e-01
6.350000000000e+00  -1.367997535005e+01 1.097289271853e+01 7.230175526708e-01 7.147720672381e-01
6.360000000000e+00  -1.356997195301e+01 1.102769854038e+01 7.302013496479e-01 7.219815716067e-01
6.370000000000e+00  -1.345942237894e+01 1.108212768751e+01 7.374563007273e-01 7.290028306952e-01
6.380000000000e+00  -1.334833041919e+01 1.113617524116e+01 7.447805332700e-01 7.358378087322e-01
6.390000000000e+00  -1.323669991413e+01 1.118983631857e+01 7.521721942358e-01 7.424884612815e-01
6.400000000000e+00  -1.312453475276e+01 1.124310607480e+01 7.596294500882e-01 7.489567335035e-01
6.410000000000e+00  -1.301183887233e+01 1.129597970456e+01 7.671504866824e-01 7.552445585327e-01
6.420000000000e+00  -1.289861625795e+01 1.134845244377e+01 7.747335091373e-01 7.613538559691e-01
6.430000000000e+00  -1.278487094214e+01 1.140051957117e+01 7.823767416932e-01 7.672865304761e-01
6.440000000000e+00  -1.267060700442e+01 1.145217640972e+01 7.900784275558e-01 7.730444704816e-01
6.450000000000e+00  -1.255582857085e+01 1.150341832797e+01 7.978368287282e-01 7.786295469764e-01
6.460000000000e+00  -1.244053981359e+01 1.155424074123e+01 8.056502258305e-01 7.840436124056e-01
6.470000000000e+00  -1.232474495037e+01 1.160463911280e+01 8.135169179097e-01 7.892884996470e-01
6.480000000000e+00  -1.220844824407e+01 1.165460895501e+01 8.214352222391e-01 7.943660210740e-01
6.490000000000e+00  -1.209165400219e+01 1.170414583019e+01 8.294034741088e-01 7.992779676964e-01
6.500000000000e+00  -1.197436657636e+01 1.175324535160e+01 8.374200266085e-01 8.040261083758e-01
6.510000000000e+00  -1.185659036179e+01 1.180190318427e+01 8.454832504024e-01 8.086121891109e-01
6.520000000000e+00  -1.173832979682e+01 1.185011504576e+01 8.535915334968e-01 8.130379323889e-01
6.530000000000e+00  -1.161958936230e+01 1.189787670689e+01 8.617432810028e-01 8.173050365987e-01
6.540000000000e+00  -1.150037358115e+01 1.194518399237e+01 8.699369148922e-01 8.214151755018e-01
6.550000000000e+00  -1.138068701774e+01 1.199203278142e+01 8.781708737489e-01 8.253699977575e-01
6.560000000000e+00  -1.126053427739e+01 1.203841900829e+01 8.864436125161e-01 8.291711264990e-01
6.570000000000e+00  -1.113992000577e+01 1.208433866275e+01 8.947536022384e-01 8.328201589564e-01
6.580000000000e+00  -1.101884888842e+01 1.212978779057e+01 9.030993298021e-01 8.363186661229e-01
6.590000000000e+00  -1.089732565010e+01 1.217476249390e+01 9.114792976705e-01 8.396681924625e-01
6.600000000000e+00  -1.077535505428e+01 1.221925893166e+01 9.198920236178e-01 8.428702556542e-01
6.610000000000e+00  -1.065294190256e+01 1.226327331984e+01 9.283360404600e-01 8.459263463712e-01
6.620000000000e+00  -1.053009103408e+01 1.230680193184e+01 9.368098957840e-01 8.488379280912e-01
6.630000000000e+00  -1.040680732497e+01 1.234984109871e+01 9.453121516745e-01 8.516064369363e-01
6.640000000000e+00  -1.028309568777e+01 1.239238720940e+01 9.538413844404e-01 8.542332815380e-01
6.650000000000e+00  -1.015896107080e+01 1.243443671099e+01 9.623961843387e-01 8.567198429271e-01
6.660000000000e+00  -1.003440845767e+01 1.247598610885e+01 9.709751552983e-01 8.590674744440e-01
6.670000000000e+00  -9.909442866597e+00 1.251703196686e+01 9.795769146430e-01 8.612775016687e-01
6.680000000000e+00  -9.784069349899e+00 1.255757090753e+01 9.882000928131e-01 8.633512223674e-01
6.690000000000e+00  -9.658292993361e+00 1.259759961213e+01 9.968433330875e-01 8.652899064536e-01
6.700000000000e+00  -9.532118915663e+00 1.263711482086e+01 1.005505291305e+00 8.670947959626e-01
6.710000000000e+00  -9.405552267788e+00 1.267611333292e+01 1.014184635585e+00 8.687671050362e-01
6.720000000000e+00  -9.278598232432e+00 1.271459200663e+01 1.022880046049e+00 8.703080199169e-01
6.730000000000e+00  -9.151262023411e+00 1.275254775953e+01 1.031590214542e+00 8.717186989495e-01
6.740000000000e+00  -9.023548885072e+00 1.278997756843e+01 1.040313844352e+00 8.730002725877e-01
6.750000000000e+00  -8.895464091693e+00 1.282687846954e+01 1.049049649933e+00 8.741538434054e-01
6.760000000000e+00  -8.767012946896e+00 1.286324755850e+01 1.057796356625e+00 8.751804861106e-01
6.770000000000e+00  -8.638200783048e+00 1.289908199048e+01 1.066552700377e+00 8.760812475596e-01
6.780000000000e+00  -8.509032960666e+00 1.293437898025e+01 1.075317427466e+00 8.768571467720e-01
6.790000000000e+00  -8.379514867822e+00 1.296913580225e+01 1.084089294220e+00 8.775091749431e-01
6.800000000000e+00  -8.249651919544e+00 1.300334979064e+01 1.092867066741e+00 8.780382954541e-01
6.810000000000e+00  -8.119449557220e+00 1.303701833943e+01 1.101649520626e+00 8.784454438777e-01
6.820000000000e+00  -7.988913248000e+00 1.307013890250e+01 1.110435440687e+00 8.787315279788e-01
6.830000000000e+00  -7.858048484191e+00 1.310270899372e+01 1.119223620677e+00 8.788974277087e-01
6.840000000000e+00  -7.726860782666e+00 1.313472618703e+01 1.128012863007e+00 8.789439951915e-01
6.850000000000e+00  -7.595355684256e+00 1.316618811655e+01 1.136801978471e+00 8.788720547019e-01
6.860000000000e+00  -7.463538753148e+00 1.319709247665e+01 1.145589785967e+00 8.786824026346e-01
6.870000000000e+00  -7.331415576284e+00 1.322743702213e+01 1.154375112217e+00 8.783758074614e-01
6.880000000000e+00  -7.198991762759e+00 1.325721956827e+01 1.163156791488e+00 8.779530096780e-01
6.890000000000e+00  -7.066272943206e+00 1.328643799101e+01 1.171933665311e+00 8.774147217383e-01
6.900000000000e+00  -6.933264769201e+00 1.331509022709e+01 1.180704582201e+00 8.767616279752e-01
6.910000000000e+00  -6.799972912643e+00 1.334317427421e+01 1.189468397377e+00 8.759943845070e-01
6.920000000000e+00  -6.666403065150e+00 1.337068819118e+01 1.198223972475e+00 8.751136191298e-01
6.930000000000e+00  -6.532560937447e+00 1.339763009814e+01 1.206970175270e+00 8.741199311927e-01
6.940000000000e+00  -6.398452258748e+00 1.342399817676e+01 1.215705879384e+00 8.730138914578e-01
6.950000000000e+00  -6.264082776143e+00 1.344979067042e+01 1.224429964005e+00 8.717960419419e-01
6.960000000000e+00  -6.129458253977e+00 1.347500588450e+01 1.233141313597e+00 8.704668957403e-01
6.970000000000e+00  -5.994584473232e+00 1.349964218658e+01 1.241838817607e+00 8.690269368319e-01
6.980000000000e+00  -5.859467230900e+00 1.352369800674e+01 1.250521370179e+00 8.674766198644e-01
6.990000000000e+00  -5.724112339360e+00 1.354717183785e+01 1.259187869851e+00 8.658163699190e-01
7.000000000000e+00  -5.588525625745e+00 1.357006223585e+01 1.267837219267e+00 8.640465822548e-01
7.010000000000e+00  -5.452712931313e+00 1.359236782012e+01 1.276468324870e+00 8.621676220301e-01
7.020000000000e+00  -5.316680110810e+00 1.361408727380e+01 1.285080096604e+00 8.601798240022e-01
7.030000000000e+00  -5.180433031828e+00 1.363521934417e+01 1.293671447608e+00 8.580834922035e-01
7.040000000000e+00  -5.043977574165e+00 1.365576284302e+01 1.302241293903e+00 8.558788995941e-01
7.050000000000e+00  -4.907319629176e+00 1.367571664713e+01 1.310788554085e+00 8.535662876889e-01
7.060000000000e+00  -4.770465099121e+00 1.369507969864e+01 1.319312149005e+00 8.511458661607e-01
7.070000000000e+00  -4.633419896510e+00 1.371385100554e+01 1.327811001450e+00 8.486178124164e-01
7.080000000000e+00  -4.496189943441e+00 1.373202964218e+01 1.336284035816e+00 8.459822711466e-01
7.090000000000e+00  -4.358781170935e+00 1.374961474975e+01 1.344730177782e+00 8.432393538489e-01
7.100000000000e+00  -4.221199518262e+00 1.376660553684e+01 1.353148353971e+00 8.403891383217e-01
7.110000000000e+00  -4.083450932270e+00 1.378300128003e+01 1.361537491615e+00 8.374316681309e-01
7.120000000000e+00  -3.945541366694e+00 1.379880132442e+01 1.369896518208e+00 8.343669520470e-01
7.130000000000e+00  -3.807476781476e+00 1.381400508433e+01 1.378224361152e+00 8.311949634515e-01
7.140000000000e+00  -3.669263142064e+00 1.382861204391e+01 1.386519947405e+00 8.279156397145e-01
7.150000000000e+00  -3.530906418710e+00 1.384262175782e+01 1.394782203115e+00 8.245288815397e-01
7.160000000000e+00  -3.392412585767e+00 1.385603385197e+01 1.403010053250e+00 8.210345522793e-01
7.170000000000e+00  -3.253787620967e+00 1.386884802423e+01 1.411202421222e+00 8.174324772154e-01
7.180000000000e+00  -3.115037504699e+00 1.388106404522e+01 1.419358228499e+00 8.137224428101e-01
7.190000000000e+00  -2.976168219278e+00 1.389268175912e+01 1.427476394219e+00 8.099041959214e-01
7.200000000000e+00  -2.837185748208e+00 1.390370108451e+01 1.435555834785e+00 8.059774429861e-01
7.210000000000e+00  -2.698096075428e+00 1.391412201520e+01 1.443595463458e+00 8.019418491685e-01
7.220000000000e+00  -2.558905184560e+00 1.392394462118e+01 1.451594189939e+00 7.977970374751e-01
7.230000000000e+00  -2.419619058137e+00 1.393316904955e+01 1.459550919945e+00 7.935425878335e-01
7.240000000000e+00  -2.280243676836e+00 1.394179552545e+01 1.467464554772e+00 7.891780361374e-01
7.250000000000e+00  -2.140785018684e+00 1.394982435310e+01 1.475333990849e+00 7.847028732561e-01
7.260000000000e+00  -2.001249058265e+00 1.395725591683e+01 1.483158119284e+00 7.801165440078e-01
7.270000000000e+00  -1.861641765914e+00 1.396409068214e+01 1.490935825397e+00 7.754184460984e-01
7.280000000000e+00  -1.721969106902e+00 1.397032919679e+01 1.498665988244e+00 7.706079290241e-01
7.290000000000e+00  -1.582237040603e+00 1.397597209197e+01 1.506347480131e+00 7.656842929387e-01
7.300000000000e+00  -1.442451519657e+00 1.398102008346e+01 1.513979166111e+00 7.606467874860e-01
7.310000000000e+00  -1.302618489116e+00 1.398547397283e+01 1.521559903474e+00 7.554946105966e-01
7.320000000000e+00  -1.162743885582e+00 1.398933464866e+01 1.529088541228e+00 7.502269072506e-01
7.330000000000e+00  -1.022833636330e+00 1.399260308786e+01 1.536563919556e+00 7.448427682060e-01
7.340000000000e+00  -8.828936584181e-01 1.399528035690e+01 1.543984869274e+00 7.393412286944e-01
7.350000000000e+00  -7.429298577838e-01 1.399736761321e+01 1.551350211263e+00 7.337212670833e-01
7.360000000000e+00  -6.029481283296e-01 1.399886610652e+01 1.558658755899e+00 7.279818035080e-01
7.370000000000e+00  -4.629543509921e-01 1.399977718021e+01 1.565909302459e+00 7.221216984729e-01
7.380000000000e+00  -3.229543927986e-01 1.400010227278e+01 1.573100638521e+00 7.161397514242e-01
7.390000000000e+00  -1.829541059083e-01 1.399984291930e+01 1.580231539346e+00 7.100346992955e-01
7.400000000000e+00  -4.295932663999e-02 1.399900075280e+01 1.587300767241e+00 7.038052150291e-01
7.410000000000e+00  9.702412551568e-02 1.399757750584e+01 1.594307070918e+00 6.974499060736e-01
7.420000000000e+00  2.369904488987e-01 1.399557501199e+01 1.601249184828e+00 6.909673128620e-01
7.430000000000e+00  3.769338606973e-01 1.399299520732e+01 1.608125828480e+00 6.843559072725e-01
7.440000000000e+00  5.168485979809e-01 1.398984013197e+01 1.614935705757e+00 6.776140910746e-01
7.450000000000e+00  6.567289187484e-01 1.398611193169e+01 1.621677504196e+00 6.707401943653e-01
7.460000000000e+00  7.965691029921e-01 1.398181285936e+01 1.628349894272e+00 6.637324739989e-01
7.470000000000e+00  9.363634537765e-01 1.397694527657e+01 1.634951528652e+00 6.565891120138e-01
7.480000000000e+00  1.076106298334e+00 1.397151165515e+01 1.641481041444e+00 6.493082140639e-01
7.490000000000e+00  1.215791989172e+00 1.396551457871e+01 1.647937047420e+00 6.418878078566e-01
7.500000000000e+00  1.355414905204e+00 1.395895674412e+01 1.654318141234e+00 6.343258416065e-01
7.510000000000e+00  1.494969452884e+00 1.395184096308e+01 1.660622896616e+00 6.266201825095e-01
7.520000000000e+00  1.634450067365e+00 1.394417016352e+01 1.666849865554e+00 6.187686152446e-01
7.530000000000e+00  1.773851213667e+00 1.393594739103e+01 1.672997577464e+00 6.107688405122e-01
7.540000000000e+00  1.913167387863e+00 1.392717581030e+01 1.679064538343e+00 6.026184736168e-01
7.550000000000e+00  2.052393118273e+00 1.391785870637e+01 1.685049229905e+00 5.943150431031e-01
7.560000000000e+00  2.191522966677e+00 1.390799948596e+01 1.690950108710e+00 5.858559894557e-01
7.570000000000e+00  2.330551529536e+00 1.389760167859e+01 1.696765605278e+00 5.772386638740e-01
7.580000000000e+00  2.469473439227e+00 1.388666893773e+01 1.702494123185e+00 5.684603271324e-01
7.590000000000e+00  2.608283365285e+00 1.387520504178e+01 1.708134038160e+00 5.595181485401e-01
7.600000000000e+00  2.746976015659e+00 1.386321389493e+01 1.713683697163e+00 5.504092050127e-01
7.610000000000e+00  2.885546137973e+00 1.385069952795e+01 1.719141417457e+00 5.411304802706e-01
7.620000000000e+00  3.023988520795e+00 1.383766609877e+01 1.724505485671e+00 5.316788641797e-01
7.630000000000e+00  3.162297994909e+00 1.382411789296e+01 1.729774156863e+00 5.220511522504e-01
7.640000000000e+00  3.300469434596e+00 1.381005932398e+01 1.734945653571e+00 5.122440453134e-01
7.650000000000e+00  3.438497758911e+00 1.379549493326e+01 1.740018164868e+00 5.022541493895e-01
7.660000000000e+00  3.576377932963e+00 1.378042939006e+01 1.744989845414e+00 4.920779757741e-01
7.670000000000e+00  3.714104969191e+00 1.376486749110e+01 1.749858814507e+00 4.817119413570e-01
7.680000000000e+00  3.851673928634e+00 1.374881415993e+01 1.754623155149e+00 4.711523691989e-01
7.690000000000e+00  3.989079922200e+00 1.373227444600e+01 1.759280913104e+00 4.603954893881e-01
7.700000000000e+00  4.126318111910e+00 1.371525352344e+01 1.763830095979e+00 4.494374402007e-01
7.710000000000e+00  4.263383712146e+00 1.369775668952e+01 1.768268672312e+00 4.382742695906e-01
7.720000000000e+00  4.400271990869e+00 1.367978936272e+01 1.772594570677e+00 4.269019370334e-01
7.730000000000e+00  4.536978270817e+00 1.366135708045e+01 1.776805678813e+00 4.153163157527e-01
7.740000000000e+00  4.673497930685e+00 1.364246549637e+01 1.780899842773e+00 4.035131953567e-01
7.750000000000e+00  4.809826406271e+00 1.362312037718e+01 1.784874866100e+00 3.914882849117e-01
7.760000000000e+00  4.945959191587e+00 1.360332759909e+01 1.788728509048e+00 3.792372164841e-01
7.770000000000e+00  5.081891839933e+00 1.358309314365e+01 1.792458487820e+00 3.667555491791e-01
7.780000000000e+00  5.217619964929e+00 1.356242309311e+01 1.796062473875e+00 3.540387737060e-01
7.790000000000e+00  5.353139241498e+00 1.354132362528e+01 1.799538093256e+00 3.410823175017e-01
7.800000000000e+00  5.488445406785e+00 1.351980100768e+01 1.802882925998e+00 3.278815504404e-01
7.810000000000e+00  5.623534261030e+00 1.349786159114e+01 1.806094505573e+00 3.144317911609e-01
7.820000000000e+00  5.758401668364e+00 1.347551180280e+01 1.809170318423e+00 3.007283140398e-01
7.830000000000e+00  5.893043557531e+00 1.345275813831e+01 1.812107803547e+00 2.867663568391e-01
7.840000000000e+00  6.027455922531e+00 1.342960715345e+01 1.814904352181e+00 2.725411290557e-01
7.850000000000e+00  6.161634823178e+00 1.340606545496e+01 1.817557307561e+00 2.580478209964e-01
7.860000000000e+00  6.295576385561e+00 1.338213969059e+01 1.820063964777e+00 2.432816136044e-01
7.870000000000e+00  6.429276802395e+00 1.335783653846e+01 1.822421570736e+00 2.282376890562e-01
7.880000000000e+00  6.562732333272e+00 1.333316269557e+01 1.824627324230e+00 2.129112421474e-01
7.890000000000e+00  6.695939304790e+00 1.330812486552e+01 1.826678376121e+00 1.972974924823e-01
7.900000000000e+00  6.828894110545e+00 1.328272974539e+01 1.828571829657e+00 1.813916974778e-01
7.910000000000e+00  6.961593211008e+00 1.325698401187e+01 1.830304740918e+00 1.651891661872e-01
7.920000000000e+00  7.094033133238e+00 1.323089430648e+01 1.831874119407e+00 1.486852739463e-01
7.930000000000e+00  7.226210470457e+00 1.320446722002e+01 1.833276928787e+00 1.318754778353e-01
7.940000000000e+00  7.358121881459e+00 1.317770927621e+01 1.834510087781e+00 1.147553329476e-01
7.950000000000e+00  7.489764089855e+00 1.315062691453e+01 1.835570471242e+00 9.732050944713e-02
7.960000000000e+00  7.621133883140e+00 1.312322647228e+01 1.836454911385e+00 7.956681038893e-02
7.970000000000e+00  7.752228111577e+00 1.309551416597e+01 1.837160199214e+00 6.149019027135e-02
7.980000000000e+00  7.883043686897e+00 1.306749607193e+01 1.837683086131e+00 4.308677427752e-02
7.990000000000e+00  8.013577580790e+00 1.303917810633e+01 1.838020285745e+00 2.435287815662e-02
8.000000000000e+00  8.143826823206e+00 1.301056600464e+01 1.838168475873e+00 5.285028685465e-03
8.010000000000e+00  8.273788500441e+00 1.298166530051e+01 1.838124300762e+00 -1.412001535882e-02
8.020000000000e+00  8.403459753010e+00 1.295248130427e+01 1.837884373515e+00 -3.386524179375e-02
8.030000000000e+00  8.532837773307e+00 1.292301908109e+01 1.837445278731e+00 -5.395336328325e-02
8.040000000000e+00  8.661919803041e+00 1.289328342886e+01 1.836803575366e+00 -7.438679534531e-02
8.050000000000e+00  8.790703130453e+00 1.286327885592e+01 1.835955799822e+00 -9.516763422464e-02
8.060000000000e+00  8.919185087307e+00 1.283300955884e+01 1.834898469241e+00 -1.162976347494e-01
8.070000000000e+00  9.047363045664e+00 1.280247940026e+01 1.833628085035e+00 -1.377781883001e-01
8.080000000000e+00  9.175234414434e+00 1.277169188700e+01 1.832141136631e+00 -1.596103010288e-01
8.090000000000e+00  9.302796635707e+00 1.274065014851e+01 1.830434105424e+00 -1.817945724724e-01
8.100000000000e+00  9.430047180876e+00 1.270935691598e+01 1.828503468953e+00 -2.043311747146e-01
8.110000000000e+00  9.556983546553e+00 1.267781450200e+01 1.826345705273e+00 -2.272198322541e-01
8.120000000000e+00  9.683603250288e+00 1.264602478127e+01 1.823957297528e+00 -2.504598027432e-01
8.130000000000e+00  9.809903826096e+00 1.261398917216e+01 1.821334738713e+00 -2.740498587643e-01
8.140000000000e+00  9.935882819806e+00 1.258170861964e+01 1.818474536605e+00 -2.979882708131e-01
8.150000000000e+00  1.006153778426e+01 1.254918357945e+01 1.815373218867e+00 -3.222727916578e-01
8.160000000000e+00  1.018686627432e+01 1.251641400393e+01 1.812027338292e+00 -3.469006422414e-01
8.170000000000e+00  1.031186584181e+01 1.248339932945e+01 1.808433478185e+00 -3.718684992918e-01
8.180000000000e+00  1.043653403029e+01 1.245013846577e+01 1.804588257858e+00 -3.971724847953e-01
8.190000000000e+00  1.056086836972e+01 1.241662978739e+01 1.800488338220e+00 -4.228081574851e-01
8.200000000000e+00  1.068486637110e+01 1.238287112708e+01 1.796130427439e+00 -4.487705064819e-01
8.210000000000e+00  1.080852552105e+01 1.234885977163e+01 1.791511286664e+00 -4.750539472152e-01
8.220000000000e+00  1.093184327630e+01 1.231459246004e+01 1.786627735762e+00 -5.016523197357e-01
8.230000000000e+00  1.105481705823e+01 1.228006538418e+01 1.781476659078e+00 -5.285588895148e-01
8.240000000000e+00  1.117744424744e+01 1.224527419201e+01 1.776055011153e+00 -5.557663508083e-01
8.250000000000e+00  1.129972217829e+01 1.221021399342e+01 1.770359822418e+00 -5.832668326398e-01
8.260000000000e+00  1.142164813361e+01 1.217487936874e+01 1.764388204791e+00 -6.110519074409e-01
8.270000000000e+00  1.154321933944e+01 1.213926437989e+01 1.758137357197e+00 -6.391126023571e-01
8.280000000000e+00  1.166443295992e+01 1.210336258419e+01 1.751604570945e+00 -6.674394132101e-01
8.290000000000e+00  1.178528609231e+01 1.206716705080e+01 1.744787234959e+00 -6.960223210800e-01
8.300000000000e+00  1.190577576222e+01 1.203067037973e+01 1.737682840832e+00 -7.248508114452e-01
8.310000000000e+00  1.202589891903e+01 1.199386472327e+01 1.730288987671e+00 -7.539138957964e-01
8.320000000000e+00  1.214565243150e+01 1.195674180985e+01 1.722603386720e+00 -7.832001356156e-01
8.330000000000e+00  1.226503308372e+01 1.191929297009e+01 1.714623865728e+00 -8.126976685862e-01
8.340000000000e+00  1.238403757120e+01 1.188150916490e+01 1.706348373044e+00 -8.423942368833e-01
8.350000000000e+00  1.250266249739e+01 1.184338101558e+01 1.697774981422e+00 -8.722772173675e-01
8.360000000000e+00  1.262090437039e+01 1.180489883553e+01 1.688901891517e+00 -9.023336534917e-01
8.370000000000e+00  1.273875960009e+01 1.176605266353e+01 1.679727435047e+00 -9.325502887123e-01
8.380000000000e+00  1.285622449554e+01 1.172683229822e+01 1.670250077625e+00 -9.629136011835e-01
8.390000000000e+00  1.297329526276e+01 1.168722733377e+01 1.660468421230e+00 -9.934098395009e-01
8.400000000000e+00  1.308996800287e+01 1.164722719621e+01 1.650381206321e+00 -1.024025059256e+00
8.410000000000e+00  1.320623871061e+01 1.160682118040e+01 1.639987313579e+00 -1.054745160156e+00
8.420000000000e+00  1.332210327318e+01 1.156599848732e+01 1.629285765284e+00 -1.085555923456e+00
8.430000000000e+00  1.343755746950e+01 1.152474826137e+01 1.618275726306e+00 -1.116443049467e+00
8.440000000000e+00  1.355259696987e+01 1.148305962760e+01 1.606956504733e+00 -1.147392194883e+00
8.450000000000e+00  1.366721733589e+01 1.144092172840e+01 1.595327552117e+00 -1.178389009709e+00
8.460000000000e+00  1.378141402088e+01 1.139832375966e+01 1.583388463365e+00 -1.209419173537e+00
8.470000000000e+00  1.389518237053e+01 1.135525500599e+01 1.571138976263e+00 -1.240468430981e+00
8.480000000000e+00  1.400851762403e+01 1.131170487497e+01 1.558578970654e+00 -1.271522626047e+00
8.490000000000e+00  1.412141491539e+01 1.126766293008e+01 1.545708467281e+00 -1.302567735263e+00
8.500000000000e+00  1.423386927522e+01 1.122311892223e+01 1.532527626296e+00 -1.333589899390e+00
8.510000000000e+00  1.434587563270e+01 1.117806281976e+01 1.519036745479e+00 -1.364575453579e+00
8.520000000000e+00  1.445742881793e+01 1.113248483672e+01 1.505236258138e+00 -1.395510955813e+00
8.530000000000e+00  1.456852356453e+01 1.108637545928e+01 1.491126730760e+00 -1.426383213547e+00
8.540000000000e+00  1.467915451243e+01 1.103972547038e+01 1.476708860382e+00 -1.457179308448e+00
8.550000000000e+00  1.478931621102e+01 1.099252597221e+01 1.461983471745e+00 -1.487886619143e+00
8.560000000000e+00  1.489900312240e+01 1.094476840682e+01 1.446951514212e+00 -1.518492841955e+00
8.570000000000e+00  1.500820962485e+01 1.089644457459e+01 1.431614058503e+00 -1.548986009559e+00
8.580000000000e+00  1.511693001658e+01 1.084754665064e+01 1.415972293247e+00 -1.579354507577e+00
8.590000000000e+00  1.522515851946e+01 1.079806719913e+01 1.400027521378e+00 -1.609587089085e+00
8.600000000000e+00  1.533288928302e+01 1.074799918557e+01 1.383781156404e+00 -1.639672887067e+00
8.610000000000e+00  1.544011638851e+01 1.069733598706e+01 1.367234718549e+00 -1.669601424855e+00
8.620000000000e+00  1.554683385302e+01 1.064607140056e+01 1.350389830811e+00 -1.699362624588e+00
8.630000000000e+00  1.565303563378e+01 1.059419964926e+01 1.333248214939e+00 -1.728946813764e+00
8.640000000000e+00  1.575871563239e+01 1.054171538708e+01 1.315811687358e+00 -1.758344729948e+00
8.650000000000e+00  1.586386769913e+01 1.048861370148e+01 1.298082155054e+00 -1.787547523728e+00
8.660000000000e+00  1.596848563738e+01 1.043489011452e+01 1.280061611434e+00 -1.816546759991e+00
8.670000000000e+00  1.607256320787e+01 1.038054058236e+01 1.261752132187e+00 -1.845334417633e+00
8.680000000000e+00  1.617609413305e+01 1.032556149335e+01 1.243155871151e+00 -1.873902887790e+00
8.690000000000e+00  1.627907210144e+01 1.026994966467e+01 1.224275056210e+00 -1.902244970700e+00
8.700000000000e+00  1.638149077181e+01 1.021370233771e+01 1.205111985221e+00 -1.930353871297e+00
8.710000000000e+00  1.648334377744e+01 1.015681717237e+01 1.185669021995e+00 -1.958223193654e+00
8.720000000000e+00  1.658462473030e+01 1.009929224020e+01 1.165948592342e+00 -1.985846934369e+00
8.730000000000e+00  1.668532722506e+01 1.004112601669e+01 1.145953180181e+00 -2.013219475013e+00
8.740000000000e+00  1.678544484315e+01 9.982317372653e+00 1.125685323732e+00 -2.040335573729e+00
8.750000000000e+00  1.688497115660e+01 9.922865564909e+00 1.105147611795e+00 -2.067190356107e+00
8.760000000000e+00  1.698389973193e+01 9.862770226301e+00 1.084342680130e+00 -2.093779305405e+00
8.770000000000e+00  1.708222413378e+01 9.802031355188e+00 1.063273207924e+00 -2.120098252234e+00
8.780000000000e+00  1.717993792859e+01 9.740649304463e+00 1.041941914377e+00 -2.146143363783e+00
8.790000000000e+00  1.727703468799e+01 9.678624770215e+00 1.020351555390e+00 -2.171911132676e+00
8.800000000000e+00  1.737350799227e+01 9.615958780093e+00 9.985049203678e-01 -2.197398365544e+00
8.810000000000e+00  1.746935143359e+01 9.552652681457e+00 9.764048291362e-01 -2.222602171372e+00
8.820000000000e+00  1.756455861911e+01 9.488708129382e+00 9.540541289797e-01 -2.247519949716e+00
8.830000000000e+00  1.765912317401e+01 9.424127074587e+00 9.314556917933e-01 -2.272149378829e+00
8.840000000000e+00  1.775303874443e+01 9.358911751344e+00 9.086124113556e-01 -2.296488403775e+00
8.850000000000e+00  1.784629900017e+01 9.293064665410e+00 8.855272007198e-01 -2.320535224577e+00
8.860000000000e+00  1.793889763742e+01 9.226588582059e+00 8.622029897232e-01 -2.344288284443e+00
8.870000000000e+00  1.803082838123e+01 9.159486514225e+00 8.386427226130e-01 -2.367746258125e+00
8.880000000000e+00  1.812208498799e+01 9.091761710822e+00 8.148493557888e-01 -2.390908040445e+00
8.890000000000e+00  1.821266124767e+01 9.023417645256e+00 7.908258556581e-01 -2.413772735020e+00
8.900000000000e+00  1.830255098608e+01 8.954458004180e+00 7.665751966034e-01 -2.436339643221e+00
8.910000000000e+00  1.839174806686e+01 8.884886676494e+00 7.421003590586e-01 -2.458608253386e+00
8.920000000000e+00  1.848024639354e+01 8.814707742632e+00 7.174043276921e-01 -2.480578230321e+00
8.930000000000e+00  1.856803991133e+01 8.743925464142e+00 6.924900896928e-01 -2.502249405092e+00
8.940000000000e+00  1.865512260892e+01 8.672544273589e+00 6.673606331571e-01 -2.523621765137e+00
8.950000000000e+00  1.874148852015e+01 8.600568764771e+00 6.420189455731e-01 -2.544695444700e+00
8.960000000000e+00  1.882713172553e+01 8.528003683278e+00 6.164680123983e-01 -2.565470715602e+00
8.970000000000e+00  1.891204635376e+01 8.454853917390e+00 5.907108157289e-01 -2.585947978357e+00
8.980000000000e+00  1.899622658307e+01 8.381124489323e+00 5.647503330548e-01 -2.606127753628e+00
8.990000000000e+00  1.907966664257e+01 8.306820546817e+00 5.385895360997e-01 -2.626010674039e+00
9.000000000000e+00  1.916236081340e+01 8.231947355080e+00 5.122313897404e-01 -2.645597476329e+00
9.010000000000e+00  1.924430342994e+01 8.156510289069e+00 4.856788510032e-01 -2.664888993858e+00
9.020000000000e+00  1.932548888079e+01 8.080514826125e+00 4.589348681333e-01 -2.683886149451e+00
9.030000000000e+00  1.940591160984e+01 8.003966538938e+00 4.320023797344e-01 -2.702589948593e+00
9.040000000000e+00  1.948556611713e+01 7.926871088851e+00 4.048843139746e-01 -2.721001472942e+00
9.050000000000e+00  1.956444695971e+01 7.849234219487e+00 3.775835878549e-01 -2.739121874183e+00
9.060000000000e+00  1.964254875249e+01 7.771061750697e+00 3.501031065388e-01 -2.756952368197e+00
9.070000000000e+00  1.971986616889e+01 7.692359572823e+00 3.224457627373e-01 -2.774494229539e+00
9.080000000000e+00  1.979639394158e+01 7.613133641256e+00 2.946144361485e-01 -2.791748786226e+00
9.090000000000e+00  1.987212686308e+01 7.533389971295e+00 2.666119929478e-01 -2.808717414811e+00
9.100000000000e+00  1.994705978633e+01 7.453134633285e+00 2.384412853252e-01 -2.825401535751e+00
9.110000000000e+00  2.002118762524e+01 7.372373748031e+00 2.101051510688e-01 -2.841802609040e+00
9.120000000000e+00  2.009450535515e+01 7.291113482478e+00 1.816064131890e-01 -2.857922130113e+00
9.130000000000e+00  2.016700801328e+01 7.209360045640e+00 1.529478795841e-01 -2.873761626004e+00
9.140000000000e+00  2.023869069914e+01 7.127119684781e+00 1.241323427421e-01 -2.889322651745e+00
9.150000000000e+00  2.030954857487e+01 7.044398681819e+00 9.516257947710e-02 -2.904606787003e+00
9.160000000000e+00  2.037957686561e+01 6.961203349965e+00 6.604135069928e-02 -2.919615632939e+00
9.170000000000e+00  2.044877085975e+01 6.877540030566e+00 3.677140121419e-02 -2.934350809284e+00
9.180000000000e+00  2.051712590923e+01 6.793415090161e+00 7.355459550793e-03 -2.948813951613e+00
9.190000000000e+00  2.058463742976e+01 6.708834917722e+00 -2.220376218438e-02 -2.963006708825e+00
9.200000000000e+00  2.065130090105e+01 6.623805922091e+00 -5.190356842873e-02 -2.976930740795e+00
9.210000000000e+00  2.071711186699e+01 6.538334529579e+00 -8.174128026256e-02 -2.990587716212e+00
9.220000000000e+00  2.078206593580e+01 6.452427181744e+00 -1.117142354872e-01 -3.003979310583e+00
9.230000000000e+00  2.084615878017e+01 6.366090333323e+00 -1.418197886840e-01 -3.017107204389e+00
9.240000000000e+00  2.090938613742e+01 6.279330450311e+00 -1.720553112556e-01 -3.029973081399e+00
9.250000000000e+00  2.097174380955e+01 6.192154008181e+00 -2.024181914512e-01 -3.042578627120e+00
9.260000000000e+00  2.103322766339e+01 6.104567490251e+00 -2.329058343765e-01 -3.054925527389e+00
9.270000000000e+00  2.109383363060e+01 6.016577386153e+00 -2.635156619913e-01 -3.067015467080e+00
9.280000000000e+00  2.115355770777e+01 5.928190190448e+00 -2.942451130930e-01 -3.078850128945e+00
9.290000000000e+00  2.121239595647e+01 5.839412401331e+00 -3.250916432913e-01 -3.090431192550e+00
9.300000000000e+00  2.127034450326e+01 5.750250519457e+00 -3.560527249704e-01 -3.101760333338e+00
9.310000000000e+00  2.132739953969e+01 5.660711046857e+00 -3.871258472446e-01 -3.112839221769e+00
9.320000000000e+00  2.138355732235e+01 5.570800485953e+00 -4.183085159039e-01 -3.123669522573e+00
9.330000000000e+00  2.143881417287e+01 5.480525338654e+00 -4.495982533536e-01 -3.134252894080e+00
9.340000000000e+00  2.149316647786e+01 5.389892105543e+00 -4.809925985479e-01 -3.144590987634e+00
9.350000000000e+00  2.154661068895e+01 5.298907285132e+00 -5.124891069165e-01 -3.154685447086e+00
9.360000000000e+00  2.159914332272e+01 5.207577373195e+00 -5.440853502882e-01 -3.164537908356e+00
9.370000000000e+00  2.165076096071e+01 5.115908862165e+00 -5.757789168099e-01 -3.174149999070e+00
9.380000000000e+00  2.170146024935e+01 5.023908240593e+00 -6.075674108613e-01 -3.183523338247e+00
9.390000000000e+00  2.175123789996e+01 4.931581992671e+00 -6.394484529685e-01 -3.192659536057e+00
9.400000000000e+00  2.180009068865e+01 4.838936597800e+00 -6.714196797140e-01 -3.201560193629e+00
9.410000000000e+00  2.184801545631e+01 4.745978530221e+00 -7.034787436456e-01 -3.210226902908e+00
9.420000000000e+00  2.189500910854e+01 4.652714258681e+00 -7.356233131845e-01 -3.218661246562e+00
9.430000000000e+00  2.194106861560e+01 4.559150246150e+00 -7.678510725318e-01 -3.226864797932e+00
9.440000000000e+00  2.198619101237e+01 4.465292949580e+00 -8.001597215755e-01 -3.234839121025e+00
9.450000000000e+00  2.203037339824e+01 4.371148819695e+00 -8.325469757972e-01 -3.242585770540e+00
9.460000000000e+00  2.207361293709e+01 4.276724300822e+00 -8.650105661793e-01 -3.250106291935e+00
9.470000000000e+00  2.211590685720e+01 4.182025830751e+00 -8.975482391131e-01 -3.257402221524e+00
9.480000000000e+00  2.215725245122e+01 4.087059840626e+00 -9.301577563082e-01 -3.264475086601e+00
9.490000000000e+00  2.219764707604e+01 3.991832754867e+00 -9.628368947025e-01 -3.271326405595e+00
9.500000000000e+00  2.223708815280e+01 3.896350991109e+00 -9.955834463752e-01 -3.277957688252e+00
9.510000000000e+00  2.227557316675e+01 3.800620960170e+00 -1.028395218460e+00 -3.284370435837e+00
9.520000000000e+00  2.231309966723e+01 3.704649066045e+00 -1.061270033064e+00 -3.290566141358e+00
9.530000000000e+00  2.234966526760e+01 3.608441705907e+00 -1.094205727181e+00 -3.296546289811e+00
9.540000000000e+00  2.238526764512e+01 3.512005270139e+00 -1.127200152619e+00 -3.302312358443e+00
9.550000000000e+00  2.241990454096e+01 3.415346142374e+00 -1.160251175919e+00 -3.307865817031e+00
9.560000000000e+00  2.245357376007e+01 3.318470699553e+00 -1.193356678287e+00 -3.313208128175e+00
9.570000000000e+00  2.248627317115e+01 3.221385311998e+00 -1.226514555517e+00 -3.318340747607e+00
9.580000000000e+00  2.251800070654e+01 3.124096343496e+00 -1.259722717931e+00 -3.323265124513e+00
9.590000000000e+00  2.254875436224e+01 3.026610151392e+00 -1.292979090309e+00 -3.327982701860e+00
9.600000000000e+00  2.257853219774e+01 2.928933086695e+00 -1.326281611833e+00 -3.332494916741e+00
9.610000000000e+00  2.260733233603e+01 2.831071494197e+00 -1.359628236028e+00 -3.336803200725e+00
9.620000000000e+00  2.263515296353e+01 2.733031712587e+00 -1.393016930709e+00 -3.340908980216e+00
9.630000000000e+00  2.266199233001e+01 2.634820074591e+00 -1.426445677931e+00 -3.344813676819e+00
9.640000000000e+00  2.268784874851e+01 2.536442907101e+00 -1.459912473943e+00 -3.348518707715e+00
9.650000000000e+00  2.271272059536e+01 2.437906531322e+00 -1.493415329145e+00 -3.352025486035e+00
9.660000000000e+00  2.273660631003e+01 2.339217262917e+00 -1.526952268052e+00 -3.355335421249e+00
9.670000000000e+00  2.275950439515e+01 2.240381412162e+00 -1.560521329255e+00 -3.358449919550e+00
9.680000000000e+00  2.278141341641e+01 2.141405284100e+00 -1.594120565394e+00 -3.361370384250e+00
9.690000000000e+00  2.280233200254e+01 2.042295178703e+00 -1.627748043129e+00 -3.364098216169e+00
9.700000000000e+00  2.282225884523e+01 1.943057391031e+00 -1.661401843118e+00 -3.366634814043e+00
9.710000000000e+00  2.284119269910e+01 1.843698211400e+00 -1.695080059999e+00 -3.368981574913e+00
9.720000000000e+00  2.285913238166e+01 1.744223925549e+00 -1.728780802373e+00 -3.371139894538e+00
9.730000000000e+00  2.287607677325e+01 1.644640814809e+00 -1.762502192794e+00 -3.373111167791e+00
9.740000000000e+00  2.289202481701e+01 1.544955156270e+00 -1.796242367763e+00 -3.374896789069e+00
9.750000000000e+00  2.290697551880e+01 1.445173222957e+00 -1.829999477724e+00 -3.376498152697e+00
9.760000000000e+00  2.292092794724e+01 1.345301284000e+00 -1.863771687067e+00 -3.377916653335e+00
9.770000000000e+00  2.293388123358e+01 1.245345604806e+00 -1.897557174132e+00 -3.379153686386e+00
9.780000000000e+00  2.294583457174e+01 1.145312447232e+00 -1.931354131218e+00 -3.380210648402e+00
9.790000000000e+00  2.295678721821e+01 1.045208069760e+00 -1.965160764598e+00 -3.381088937490e+00
9.800000000000e+00  2.296673849206e+01 9.450387276669e-01 -1.998975294537e+00 -3.381789953722e+00
9.810000000000e+00  2.297568777492e+01 8.448106732000e-01 -2.032795955310e+00 -3.382315099536e+00
9.820000000000e+00  2.298363451091e+01 7.445301557467e-01 -2.066620995233e+00 -3.382665780146e+00
9.830000000000e+00  2.299057820662e+01 6.442034220072e-01 -2.100448676688e+00 -3.382843403943e+00
9.840000000000e+00  2.299651843111e+01 5.438367161653e-01 -2.134277276162e+00 -3.382849382902e+00
9.850000000000e+00  2.300145481587e+01 4.434362800579e-01 -2.168105084277e+00 -3.382685132979e+00
9.860000000000e+00  2.300538705479e+01 3.430083533443e-01 -2.201930405840e+00 -3.382352074518e+00
9.870000000000e+00  2.300831490416e+01 2.425591736740e-01 -2.235751559885e+00 -3.381851632646e+00
9.880000000000e+00  2.301023818262e+01 1.420949768537e-01 -2.269566879722e+00 -3.381185237674e+00
9.890000000000e+00  2.301115677117e+01 4.162199701232e-02 -2.303374712993e+00 -3.380354325491e+00
9.900000000000e+00  2.301107061314e+01 -5.885353323415e-02 -2.337173421730e+00 -3.379360337962e+00
9.910000000000e+00  2.300997971419e+01 -1.593253826202e-01 -2.370961382412e+00 -3.378204723318e+00
9.920000000000e+00  2.300788414227e+01 -2.597873210695e-01 -2.404736986038e+00 -3.376888936552e+00
9.930000000000e+00  2.300478402765e+01 -3.602331195348e-01 -2.438498638190e+00 -3.375414439800e+00
9.940000000000e+00  2.300067956286e+01 -4.606565498399e-01 -2.472244759111e+00 -3.373782702739e+00
9.950000000000e+00  2.299557100272e+01 -5.610513845233e-01 -2.505973783780e+00 -3.371995202965e+00
9.960000000000e+00  2.298945866432e+01 -6.614113966834e-01 -2.539684161991e+00 -3.370053426375e+00
9.970000000000e+00  2.298234292703e+01 -7.617303598256e-01 -2.573374358445e+00 -3.367958867556e+00
9.980000000000e+00  2.297422423246e+01 -8.620020477117e-01 -2.607042852831e+00 -3.365713030155e+00
9.990000000000e+00  2.296510308451e+01 -9.622202342106e-01 -2.640688139923e+00 -3.363317427257e+00
1.000000000000e+01  2.295498004931e+01 -1.062378693152e+00 -2.674308729673e+00 -3.360773581763e+00
1.001000000000e+01  2.294385575528e+01 -1.162471198182e+00 -2.707903147316e+00 -3.358083026753e+00
1.002000000000e+01  2.293173089310e+01 -1.262491522621e+00 -2.741469933469e+00 -3.355247305860e+00
1.003000000000e+01  2.291860621571e+01 -1.362433439322e+00 -2.775007644240e+00 -3.352267973632e+00
1.004000000000e+01  2.290448253832e+01 -1.462290720540e+00 -2.808514851339e+00 -3.349146595893e+00
1.005000000000e+01  2.288936073844e+01 -1.562057137789e+00 -2.841990142192e+00 -3.345884750103e+00
1.006000000000e+01  2.287324175586e+01 -1.661726461718e+00 -2.875432120061e+00 -3.342484025712e+00
1.007000000000e+01  2.285612659267e+01 -1.761292461978e+00 -2.908839404163e+00 -3.338946024511e+00
1.008000000000e+01  2.283801631326e+01 -1.860748907103e+00 -2.942210629796e+00 -3.335272360980e+00
1.009000000000e+01  2.281891204436e+01 -1.960089564382e+00 -2.975544448471e+00 -3.331464662629e+00
1.010000000000e+01  2.279881497501e+01 -2.059308199746e+00 -3.008839528037e+00 -3.327524570341e+00
1.011000000000e+01  2.277772635663e+01 -2.158398577654e+00 -3.042094552823e+00 -3.323453738702e+00
1.012000000000e+01  2.275564750298e+01 -2.257354460984e+00 -3.075308223773e+00 -3.319253836332e+00
1.013000000000e+01  2.273257979019e+01 -2.356169610927e+00 -3.108479258590e+00 -3.314926546208e+00
1.014000000000e+01  2.270852465683e+01 -2.454837786888e+00 -3.141606391879e+00 -3.310473565987e+00
1.015000000000e+01  2.268348360383e+01 -2.553352746394e+00 -3.174688375298e+00 -3.305896608312e+00
1.016000000000e+01  2.265745819460e+01 -2.651708245004e+00 -3.207723977707e+00 -3.301197401121e+00
1.017000000000e+01  2.263045005498e+01 -2.749898036226e+00 -3.240711985323e+00 -3.296377687950e+00
1.018000000000e+01  2.260246087330e+01 -2.847915871441e+00 -3.273651201879e+00 -3.291439228219e+00
1.019000000000e+01  2.257349240038e+01 -2.945755499837e+00 -3.306540448783e+00 -3.286383797522e+00
1.020000000000e+01  2.254354644955e+01 -3.043410668344e+00 -3.339378565280e+00 -3.281213187900e+00
1.021000000000e+01  2.251262489671e+01 -3.140875121583e+00 -3.372164408621e+00 -3.275929208112e+00
1.022000000000e+01  2.248072968030e+01 -3.238142601821e+00 -3.404896854228e+00 -3.270533683888e+00
1.023000000000e+01  2.244786280136e+01 -3.335206848936e+00 -3.437574795867e+00 -3.265028458184e+00
1.024000000000e+01  2.241402632355e+01 -3.432061600392e+00 -3.470197145821e+00 -3.259415391415e+00
1.025000000000e+01  2.237922237314e+01 -3.528700591222e+00 -3.502762835065e+00 -3.253696361681e+00
1.026000000000e+01  2.234345313910e+01 -3.625117554031e+00 -3.535270813446e+00 -3.247873264982e+00
1.027000000000e+01  2.230672087306e+01 -3.721306218998e+00 -3.567720049860e+00 -3.241948015422e+00
1.028000000000e+01  2.226902788938e+01 -3.817260313904e+00 -3.600109532437e+00 -3.235922545390e+00
1.029000000000e+01  2.223037656512e+01 -3.912973564167e+00 -3.632438268722e+00 -3.229798805735e+00
1.030000000000e+01  2.219076934015e+01 -4.008439692892e+00 -3.664705285863e+00 -3.223578765922e+00
1.031000000000e+01  2.215020871707e+01 -4.103652420944e+00 -3.696909630794e+00 -3.217264414173e+00
1.032000000000e+01  2.210869726131e+01 -4.198605467026e+00 -3.729050370429e+00 -3.210857757582e+00
1.033000000000e+01  2.206623760111e+01 -4.293292547789e+00 -3.761126591846e+00 -3.204360822223e+00
1.034000000000e+01  2.202283242757e+01 -4.387707377954e+00 -3.793137402479e+00 -3.197775653229e+00
1.035000000000e+01  2.197848449465e+01 -4.481843670454e+00 -3.825081930309e+00 -3.191104314850e+00
1.036000000000e+01  2.193319661916e+01 -4.575695136605e+00 -3.856959324057e+00 -3.184348890491e+00
1.037000000000e+01  2.188697168084e+01 -4.669255486293e+00 -3.888768753372e+00 -3.177511482720e+00
1.038000000000e+01  2.183981262232e+01 -4.762518428194e+00 -3.920509409025e+00 -3.170594213257e+00
1.039000000000e+01  2.179172244915e+01 -4.855477670017e+00 -3.952180503100e+00 -3.163599222928e+00
1.040000000000e+01  2.174270422980e+01 -4.948126918773e+00 -3.983781269186e+00 -3.156528671594e+00
1.041000000000e+01  2.169276109570e+01 -5.040459881083e+00 -4.015310962562e+00 -3.149384738042e+00
1.042000000000e+01  2.164189624118e+01 -5.132470263512e+00 -4.046768860391e+00 -3.142169619854e+00
1.043000000000e+01  2.159011292352e+01 -5.224151772940e+00 -4.078154261907e+00 -3.134885533226e+00
1.044000000000e+01  2.153741446293e+01 -5.315498116966e+00 -4.109466488593e+00 -3.127534712764e+00
1.045000000000e+01  2.148380424253e+01 -5.406503004360e+00 -4.140704884374e+00 -3.120119411227e+00
1.046000000000e+01  2.142928570834e+01 -5.497160145546e+00 -4.171868815789e+00 -3.112641899236e+00
1.047000000000e+01  2.137386236929e+01 -5.587463253133e+00 -4.202957672171e+00 -3.105104464938e+00
1.048000000000e+01  2.131753779714e+01 -5.677406042494e+00 -4.233970865823e+00 -3.097509413619e+00
1.049000000000e+01  2.126031562649e+01 -5.766982232392e+00 -4.264907832180e+00 -3.089859067268e+00
1.050000000000e+01  2.120219955475e+01 -5.856185545656e+00 -4.295768029982e+00 -3.082155764095e+00
1.051000000000e+01  2.114319334206e+01 -5.945009709914e+00 -4.326550941429e+00 -3.074401857982e+00
1.052000000000e+01  2.108330081125e+01 -6.033448458381e+00 -4.357256072332e+00 -3.066599717889e+00
1.053000000000e+01  2.102252584780e+01 -6.121495530710e+00 -4.387882952268e+00 -3.058751727187e+00
1.054000000000e+01  2.096087239975e+01 -6.209144673904e+00 -4.418431134714e+00 -3.050860282931e+00
1.055000000000e+01  2.089834447764e+01 -6.296389643295e+00 -4.448900197183e+00 -3.042927795072e+00
1.056000000000e+01  2.083494615439e+01 -6.383224203596e+00 -4.479289741346e+00 -3.034956685582e+00
1.057000000000e+01  2.077068156524e+01 -6.469642130024e+00 -4.509599393151e+00 -3.026949387522e+00
1.058000000000e+01  2.070555490760e+01 -6.555637209499e+00 -4.539828802927e+00 -3.018908344018e+00
1.059000000000e+01  2.063957044097e+01 -6.641203241931e+00 -4.569977645478e+00 -3.010836007161e+00
1.060000000000e+01  2.057273248676e+01 -6.726334041581e+00 -4.600045620169e+00 -3.002734836824e+00
1.061000000000e+01  2.050504542816e+01 -6.811023438523e+00 -4.630032450997e+00 -2.994607299379e+00
1.062000000000e+01  2.043651370999e+01 -6.895265280186e+00 -4.659937886645e+00 -2.986455866333e+00
1.063000000000e+01  2.036714183847e+01 -6.979053433002e+00 -4.689761700534e+00 -2.978283012855e+00
1.064000000000e+01  2.029693438109e+01 -7.062381784153e+00 -4.719503690845e+00 -2.970091216211e+00
1.065000000000e+01  2.022589596633e+01 -7.145244243419e+00 -4.749163680533e+00 -2.961882954085e+00
1.066000000000e+01  2.015403128345e+01 -7.227634745140e+00 -4.778741517325e+00 -2.953660702791e+00
1.067000000000e+01  2.008134508225e+01 -7.309547250287e+00 -4.808237073694e+00 -2.945426935378e+00
1.068000000000e+01  2.000784217275e+01 -7.390975748655e+00 -4.837650246817e+00 -2.937184119607e+00
1.069000000000e+01  1.993352742495e+01 -7.471914261174e+00 -4.866980958511e+00 -2.928934715808e+00
1.070000000000e+01  1.985840576845e+01 -7.552356842350e+00 -4.896229155150e+00 -2.920681174613e+00
1.071000000000e+01  1.978248219212e+01 -7.632297582828e+00 -4.925394807552e+00 -2.912425934554e+00
1.072000000000e+01  1.970576174376e+01 -7.711730612104e+00 -4.954477910848e+00 -2.904171419526e+00
1.073000000000e+01  1.962824952963e+01 -7.790650101357e+00 -4.983478484321e+00 -2.895920036114e+00
1.074000000000e+01  1.954995071408e+01 -7.869050266437e+00 -5.012396571219e+00 -2.887674170773e+00
1.075000000000e+01  1.947087051904e+01 -7.946925370995e+00 -5.041232238541e+00 -2.879436186862e+00
1.076000000000e+01  1.939101422358e+01 -8.024269729759e+00 -5.069985576787e+00 -2.871208421527e+00
1.077000000000e+01  1.931038716333e+01 -8.101077711962e+00 -5.098656699682e+00 -2.862993182435e+00
1.078000000000e+01  1.922899472994e+01 -8.177343744934e+00 -5.127245743862e+00 -2.854792744345e+00
1.079000000000e+01  1.914684237047e+01 -8.253062317843e+00 -5.155752868529e+00 -2.846609345523e+00
1.080000000000e+01  1.906393558678e+01 -8.328227985598e+00 -5.184178255066e+00 -2.838445183993e+00
1.081000000000e+01  1.898027993481e+01 -8.402835372919e+00 -5.212522106618e+00 -2.830302413630e+00
1.082000000000e+01  1.889588102389e+01 -8.476879178565e+00 -5.240784647624e+00 -2.822183140082e+00
1.083000000000e+01  1.881074451599e+01 -8.550354179733e+00 -5.268966123320e+00 -2.814089416527e+00
1.084000000000e+01  1.872487612486e+01 -8.623255236614e+00 -5.297066799188e+00 -2.806023239267e+00
1.085000000000e+01  1.863828161524e+01 -8.695577297120e+00 -5.325086960367e+00 -2.797986543155e+00
1.086000000000e+01  1.855096680191e+01 -8.767315401775e+00 -5.353026911012e+00 -2.789981196851e+00
1.087000000000e+01  1.846293754876e+01 -8.838464688764e+00 -5.380886973611e+00 -2.782008997926e+00
1.088000000000e+01  1.837419976778e+01 -8.909020399141e+00 -5.408667488246e+00 -2.774071667794e+00
1.089000000000e+01  1.828475941802e+01 -8.978977882202e+00 -5.436368811806e+00 -2.766170846494e+00
1.090000000000e+01  1.819462250445e+01 -9.048332600998e+00 -5.463991317149e+00 -2.758308087313e+00
1.091000000000e+01  1.810379507685e+01 -9.117080138002e+00 -5.491535392201e+00 -2.750484851269e+00
1.092000000000e+01  1.801228322850e+01 -9.185216200913e+00 -5.519001439011e+00 -2.742702501448e+00
1.093000000000e+01  1.792009309498e+01 -9.252736628592e+00 -5.546389872739e+00 -2.734962297204e+00
1.094000000000e+01  1.782723085278e+01 -9.319637397124e+00 -5.573701120593e+00 -2.727265388245e+00
1.095000000000e+01  1.773370271794e+01 -9.385914625985e+00 -5.600935620696e+00 -2.719612808595e+00
1.096000000000e+01  1.763951494451e+01 -9.451564584322e+00 -5.628093820904e+00 -2.712005470456e+00
1.097000000000e+01  1.754467382311e+01 -9.516583697314e+00 -5.655176177555e+00 -2.704444157985e+00
1.098000000000e+01  1.744918567927e+01 -9.580968552604e+00 -5.682183154157e+00 -2.696929520988e+00
1.099000000000e+01  1.735305687182e+01 -9.644715906798e+00 -5.709115220012e+00 -2.689462068562e+00
1.100000000000e+01  1.725629379113e+01 -9.707822691998e+00 -5.735972848777e+00 -2.682042162691e+00
1.101000000000e+01  1.715890285735e+01 -9.770286022355e+00 -5.762756516962e+00 -2.674670011819e+00
1.102000000000e+01  1.706089051854e+01 -9.832103200627e+00 -5.789466702361e+00 -2.667345664426e+00
1.103000000000e+01  1.696226324875e+01 -9.893271724713e+00 -5.816103882421e+00 -2.660069002619e+00
1.104000000000e+01  1.686302754605e+01 -9.953789294137e+00 -5.842668532548e+00 -2.652839735773e+00
1.105000000000e+01  1.676318993049e+01 -1.001365381647e+01 -5.869161124344e+00 -2.645657394240e+00
1.106000000000e+01  1.666275694194e+01 -1.007286341364e+01 -5.895582123791e+00 -2.638521323155e+00
1.107000000000e+01  1.656173513797e+01 -1.013141642811e+01 -5.921931989362e+00 -2.631430676370e+00
1.108000000000e+01  1.646013109160e+01 -1.018931142893e+01 -5.948211170088e+00 -2.624384410546e+00
1.109000000000e+01  1.635795138897e+01 -1.024654721758e+01 -5.974420103548e+00 -2.617381279434e+00
1.110000000000e+01  1.625520262703e+01 -1.030312283353e+01 -6.000559213817e+00 -2.610419828379e+00
1.111000000000e+01  1.615189141114e+01 -1.035903755966e+01 -6.026628909356e+00 -2.603498389072e+00
1.112000000000e+01  1.604802435255e+01 -1.041429092730e+01 -6.052629580849e+00 -2.596615074612e+00
1.113000000000e+01  1.594360806595e+01 -1.046888272096e+01 -6.078561598997e+00 -2.589767774876e+00
1.114000000000e+01  1.583864916690e+01 -1.052281298270e+01 -6.104425312259e+00 -2.582954152270e+00
1.115000000000e+01  1.573315426922e+01 -1.057608201608e+01 -6.130221044564e+00 -2.576171637875e+00
1.116000000000e+01  1.562712998239e+01 -1.062869038970e+01 -6.155949092976e+00 -2.569417428036e+00
1.117000000000e+01  1.552058290885e+01 -1.068063894024e+01 -6.181609725336e+00 -2.562688481430e+00
1.118000000000e+01  1.541351964131e+01 -1.073192877497e+01 -6.207203177870e+00 -2.555981516652e+00
1.119000000000e+01  1.530594676006e+01 -1.078256127370e+01 -6.232729652780e+00 -2.549293010351e+00
1.120000000000e+01  1.519787083022e+01 -1.083253809020e+01 -6.258189315819e+00 -2.542619195962e+00
1.121000000000e+01  1.508929839900e+01 -1.088186115289e+01 -6.283582293855e+00 -2.535956063053e+00
1.122000000000e+01  1.498023599293e+01 -1.093053266500e+01 -6.308908672430e+00 -2.529299357346e+00
1.123000000000e+01  1.487069011518e+01 -1.097855510389e+01 -6.334168493331e+00 -2.522644581413e+00
1.124000000000e+01  1.476066724274e+01 -1.102593121976e+01 -6.359361752159e+00 -2.515986996104e+00
1.125000000000e+01  1.465017382376e+01 -1.107266403360e+01 -6.384488395926e+00 -2.509321622715e+00
1.126000000000e+01  1.453921627486e+01 -1.111875683429e+01 -6.409548320675e+00 -2.502643245934e+00
1.127000000000e+01  1.442780097841e+01 -1.116421317498e+01 -6.434541369131e+00 -2.495946417570e+00
1.128000000000e+01  1.431593427999e+01 -1.120903686866e+01 -6.459467328393e+00 -2.489225461104e+00
1.129000000000e+01  1.420362248574e+01 -1.125323198285e+01 -6.484325927684e+00 -2.482474477048e+00
1.130000000000e+01  1.409087185990e+01 -1.129680283350e+01 -6.509116836143e+00 -2.475687349149e+00
1.131000000000e+01  1.397768862236e+01 -1.133975397806e+01 -6.533839660701e+00 -2.468857751419e+00
1.132000000000e+01  1.386407894624e+01 -1.138209020766e+01 -6.558493944019e+00 -2.461979156008e+00
1.133000000000e+01  1.375004895563e+01 -1.142381653853e+01 -6.583079162512e+00 -2.455044841899e+00
1.134000000000e+01  1.363560472339e+01 -1.146493820255e+01 -6.607594724469e+00 -2.448047904426e+00
1.135000000000e+01  1.352075226902e+01 -1.150546063701e+01 -6.632039968262e+00 -2.440981265599e+00
1.136000000000e+01  1.340549755669e+01 -1.154538947358e+01 -6.656414160674e+00 -2.433837685201e+00
1.137000000000e+01  1.328984649331e+01 -1.158473052655e+01 -6.680716495334e+00 -2.426609772646e+00
1.138000000000e+01  1.317380492684e+01 -1.162348978031e+01 -6.704946091274e+00 -2.419289999555e+00
1.139000000000e+01  1.305737864458e+01 -1.166167337618e+01 -6.729101991621e+00 -2.411870713017e+00
1.140000000000e+01  1.294057337171e+01 -1.169928759855e+01 -6.753183162418e+00 -2.404344149488e+00
1.141000000000e+01  1.282339476993e+01 -1.173633886051e+01 -6.777188491592e+00 -2.396702449286e+00
1.142000000000e+01  1.270584843621e+01 -1.177283368886e+01 -6.801116788069e+00 -2.388937671613e+00
1.143000000000e+01  1.258793990181e+01 -1.180877870866e+01 -6.824966781035e+00 -2.381041810075e+00
1.144000000000e+01  1.246967463128e+01 -1.184418062738e+01 -6.848737119368e+00 -2.373006808600e+00
1.145000000000e+01  1.235105802180e+01 -1.187904621871e+01 -6.872426371214e+00 -2.364824577729e+00
1.146000000000e+01  1.223209540254e+01 -1.191338230601e+01 -6.896033023741e+00 -2.356487011171e+00
1.147000000000e+01  1.211279203427e+01 -1.194719574561e+01 -6.919555483056e+00 -2.347986002584e+00
1.148000000000e+01  1.199315310915e+01 -1.198049340999e+01 -6.942992074283e+00 -2.339313462487e+00
1.149000000000e+01  1.187318375057e+01 -1.201328217082e+01 -6.966341041823e+00 -2.330461335240e+00
1.150000000000e+01  1.175288901333e+01 -1.204556888208e+01 -6.989600549771e+00 -2.321421615998e+00
1.151000000000e+01  1.163227388384e+01 -1.207736036324e+01 -7.012768682515e+00 -2.312186367589e+00
1.152000000000e+01  1.151134328059e+01 -1.210866338261e+01 -7.035843445491e+00 -2.302747737207e+00
1.153000000000e+01  1.139010205470e+01 -1.213948464093e+01 -7.058822766112e+00 -2.293097972878e+00
1.154000000000e+01  1.126855499072e+01 -1.216983075530e+01 -7.081704494853e+00 -2.283229439594e+00
1.155000000000e+01  1.114670680753e+01 -1.219970824344e+01 -7.104486406505e+00 -2.273134635059e+00
1.156000000000e+01  1.102456215938e+01 -1.222912350852e+01 -7.127166201575e+00 -2.262806204982e+00
1.157000000000e+01  1.090212563716e+01 -1.225808282438e+01 -7.149741507840e+00 -2.252236957831e+00
1.158000000000e+01  1.077940176972e+01 -1.228659232142e+01 -7.172209882046e+00 -2.241419879007e+00
1.159000000000e+01  1.065639502540e+01 -1.231465797315e+01 -7.194568811747e+00 -2.230348144368e+00
1.160000000000e+01  1.053310981366e+01 -1.234228558337e+01 -7.216815717270e+00 -2.219015133047e+00
1.161000000000e+01  1.040955048682e+01 -1.236948077416e+01 -7.238947953808e+00 -2.207414439528e+00
1.162000000000e+01  1.028572134194e+01 -1.239624897463e+01 -7.260962813636e+00 -2.195539884922e+00
1.163000000000e+01  1.016162662281e+01 -1.242259541052e+01 -7.282857528422e+00 -2.183385527416e+00
1.164000000000e+01  1.003727052203e+01 -1.244852509462e+01 -7.304629271649e+00 -2.170945671857e+00
1.165000000000e+01  9.912657183189e+00 -1.247404281815e+01 -7.326275161128e+00 -2.158214878453e+00
1.166000000000e+01  9.787790703089e+00 -1.249915314295e+01 -7.347792261584e+00 -2.145187970559e+00
1.167000000000e+01  9.662675134108e+00 -1.252386039469e+01 -7.369177587328e+00 -2.131860041546e+00
1.168000000000e+01  9.537314486576e+00 -1.254816865694e+01 -7.390428104983e+00 -2.118226460739e+00
1.169000000000e+01  9.411712731220e+00 -1.257208176618e+01 -7.411540736269e+00 -2.104282878420e+00
1.170000000000e+01  9.285873801660e+00 -1.259560330774e+01 -7.432512360836e+00 -2.090025229909e+00
1.171000000000e+01  9.159801596932e+00 -1.261873661273e+01 -7.453339819127e+00 -2.075449738721e+00
1.172000000000e+01  9.033499984046e+00 -1.264148475571e+01 -7.474019915273e+00 -2.060552918813e+00
1.173000000000e+01  8.906972800552e+00 -1.266385055344e+01 -7.494549420001e+00 -2.045331575957e+00
1.174000000000e+01  8.780223857127e+00 -1.268583656433e+01 -7.514925073559e+00 -2.029782808237e+00
1.175000000000e+01  8.653256940151e+00 -1.270744508880e+01 -7.535143588637e+00 -2.013904005717e+00
1.176000000000e+01  8.526075814286e+00 -1.272867817048e+01 -7.555201653278e+00 -1.997692849301e+00
1.177000000000e+01  8.398684225032e+00 -1.274953759807e+01 -7.575095933778e+00 -1.981147308828e+00
1.178000000000e+01  8.271085901262e+00 -1.277002490804e+01 -7.594823077563e+00 -1.964265640424e+00
1.179000000000e+01  8.143284557728e+00 -1.279014138795e+01 -7.614379716038e+00 -1.947046383174e+00
1.180000000000e+01  8.015283897535e+00 -1.280988808043e+01 -7.633762467389e+00 -1.929488355133e+00
1.181000000000e+01  7.887087614558e+00 -1.282926578784e+01 -7.652967939357e+00 -1.911590648730e+00
1.182000000000e+01  7.758699395827e+00 -1.284827507736e+01 -7.671992731954e+00 -1.893352625618e+00
1.183000000000e+01  7.630122923848e+00 -1.286691628672e+01 -7.690833440125e+00 -1.874773910993e+00
1.184000000000e+01  7.501361878864e+00 -1.288518953030e+01 -7.709486656354e+00 -1.855854387456e+00
1.185000000000e+01  7.372419941061e+00 -1.290309470576e+01 -7.727948973205e+00 -1.836594188434e+00
1.186000000000e+01  7.243300792694e+00 -1.292063150093e+01 -7.746216985797e+00 -1.816993691240e+00
1.187000000000e+01  7.114008120156e+00 -1.293779940112e+01 -7.764287294203e+00 -1.797053509779e+00
1.188000000000e+01  6.984545615958e+00 -1.295459769670e+01 -7.782156505782e+00 -1.776774486984e+00
1.189000000000e+01  6.854916980645e+00 -1.297102549088e+01 -7.799821237428e+00 -1.756157686987e+00
1.190000000000e+01  6.725125924627e+00 -1.298708170776e+01 -7.817278117742e+00 -1.735204387101e+00
1.191000000000e+01  6.595176169925e+00 -1.300276510048e+01 -7.834523789123e+00 -1.713916069630e+00
1.192000000000e+01  6.465071451842e+00 -1.301807425955e+01 -7.851554909776e+00 -1.692294413557e+00
1.193000000000e+01  6.334815520551e+00 -1.303300762119e+01 -7.868368155639e+00 -1.670341286143e+00
1.194000000000e+01  6.204412142587e+00 -1.304756347585e+01 -7.884960222221e+00 -1.648058734475e+00
1.195000000000e+01  6.073865102271e+00 -1.306173997656e+01 -7.901327826357e+00 -1.625448976993e+00
1.196000000000e+01  5.943178203036e+00 -1.307553514747e+01 -7.917467707884e+00 -1.602514395031e+00
1.197000000000e+01  5.812355268678e+00 -1.308894689218e+01 -7.933376631222e+00 -1.579257524395e+00
1.198000000000e+01  5.681400144517e+00 -1.310197300213e+01 -7.949051386882e+00 -1.555681047012e+00
1.199000000000e+01  5.550316698479e+00 -1.311461116478e+01 -7.964488792882e+00 -1.531787782665e+00
1.200000000000e+01  5.419108822095e+00 -1.312685897178e+01 -7.979685696088e+00 -1.507580680850e+00
1.201000000000e+01  5.287780431416e+00 -1.313871392694e+01 -7.994638973469e+00 -1.483062812760e+00
1.202000000000e+01  5.156335467859e+00 -1.315017345405e+01 -8.009345533274e+00 -1.458237363425e+00
1.203000000000e+01  5.024777898963e+00 -1.316123490457e+01 -8.023802316134e+00 -1.433107624021e+00
1.204000000000e+01  4.893111719077e+00 -1.317189556507e+01 -8.038006296086e+00 -1.407676984362e+00
1.205000000000e+01  4.761340949971e+00 -1.318215266457e+01 -8.051954481521e+00 -1.381948925581e+00
1.206000000000e+01  4.629469641381e+00 -1.319200338154e+01 -8.065643916062e+00 -1.355927013028e+00
1.207000000000e+01  4.497501871472e+00 -1.320144485083e+01 -8.079071679375e+00 -1.329614889375e+00
1.208000000000e+01  4.365441747250e+00 -1.321047417024e+01 -8.092234887901e+00 -1.303016267940e+00
1.209000000000e+01  4.233293404894e+00 -1.321908840699e+01 -8.105130695541e+00 -1.276134926249e+00
1.210000000000e+01  4.101061010033e+00 -1.322728460381e+01 -8.117756294258e+00 -1.248974699820e+00
1.211000000000e+01  3.968748757963e+00 -1.323505978498e+01 -8.130108914630e+00 -1.221539476182e+00
1.212000000000e+01  3.836360873798e+00 -1.324241096192e+01 -8.142185826344e+00 -1.193833189140e+00
1.213000000000e+01  3.703901612579e+00 -1.324933513874e+01 -8.153984338629e+00 -1.165859813265e+00
1.214000000000e+01  3.571375259314e+00 -1.325582931740e+01 -8.165501800634e+00 -1.137623358627e+00
1.215000000000e+01  3.438786128977e+00 -1.326189050273e+01 -8.176735601766e+00 -1.109127865763e+00
1.216000000000e+01  3.306138566458e+00 -1.326751570716e+01 -8.187683171962e+00 -1.080377400873e+00
1.217000000000e+01  3.173436946459e+00 -1.327270195524e+01 -8.198341981929e+00 -1.051376051255e+00
1.218000000000e+01  3.040685673357e+00 -1.327744628795e+01 -8.208709543329e+00 -1.022127920953e+00
1.219000000000e+01  2.907889181017e+00 -1.328174576675e+01 -8.218783408929e+00 -9.926371266388e-01
1.220000000000e+01  2.775051932565e+00 -1.328559747744e+01 -8.228561172707e+00 -9.629077937050e-01
1.221000000000e+01  2.642178420134e+00 -1.328899853379e+01 -8.238040469918e+00 -9.329440525695e-01
1.222000000000e+01  2.509273164557e+00 -1.329194608096e+01 -8.247218977132e+00 -9.027500351881e-01
1.223000000000e+01  2.376340715047e+00 -1.329443729874e+01 -8.256094412227e+00 -8.723298717653e-01
1.224000000000e+01  2.243385648828e+00 -1.329646940460e+01 -8.264664534362e+00 -8.416876876600e-01
1.225000000000e+01  2.110412570748e+00 -1.329803965649e+01 -8.272927143908e+00 -8.108276004781e-01
1.226000000000e+01  1.977426112860e+00 -1.329914535552e+01 -8.280880082361e+00 -7.797537173454e-01
1.227000000000e+01  1.844430933977e+00 -1.329978384847e+01 -8.288521232225e+00 -7.484701323552e-01
1.228000000000e+01  1.711431719205e+00 -1.329995253005e+01 -8.295848516865e+00 -7.169809241822e-01
1.229000000000e+01  1.578433179453e+00 -1.329964884513e+01 -8.302859900348e+00 -6.852901538572e-01
1.230000000000e+01  1.445440050919e+00 -1.329887029065e+01 -8.309553387249e+00 -6.534018626950e-01
1.231000000000e+01  1.312457094564e+00 -1.329761441757e+01 -8.315927022451e+00 -6.213200703688e-01
1.232000000000e+01  1.179489095560e+00 -1.329587883249e+01 -8.321978890916e+00 -5.890487731242e-01
1.233000000000e+01  1.046540862726e+00 -1.329366119930e+01 -8.327707117443e+00 -5.565919421270e-01
1.234000000000e+01  9.136172279503e-01 -1.329095924055e+01 -8.333109866410e+00 -5.239535219365e-01
1.235000000000e+01  7.807230455949e-01 -1.328777073886e+01 -8.338185341501e+00 -4.911374290993e-01
1.236000000000e+01  6.478631918894e-01 -1.328409353808e+01 -8.342931785418e+00 -4.581475508571e-01
1.237000000000e+01  5.150425643134e-01 -1.327992554439e+01 -8.347347479584e+00 -4.249877439608e-01
1.238000000000e+01  3.822660809680e-01 -1.327526472732e+01 -8.351430743832e+00 -3.916618335876e-01
1.239000000000e+01  2.495386799381e-01 -1.327010912064e+01 -8.355179936083e+00 -3.581736123519e-01
1.240000000000e+01  1.168653186454e-01 -1.326445682318e+01 -8.358593452019e+00 -3.245268394074e-01
1.241000000000e+01  -1.574902680542e-02 -1.325830599955e+01 -8.361669724740e+00 -2.907252396324e-01
1.242000000000e+01  -1.482993622877e-01 -1.325165488077e+01 -8.364407224420e+00 -2.567725028952e-01
1.243000000000e+01  -2.807806763200e-01 -1.324450176486e+01 -8.366804457957e+00 -2.226722833920e-01
1.244000000000e+01  -4.131879407384e-01 -1.323684501734e+01 -8.368859968605e+00 -1.884281990546e-01
1.245000000000e+01  -5.455161113739e-01 -1.322868307165e+01 -8.370572335616e+00 -1.540438310219e-01
1.246000000000e+01  -6.777601287331e-01 -1.322001442951e+01 -8.371940173867e+00 -1.195227231705e-01
1.247000000000e+01  -8.099149186829e-01 -1.321083766127e+01 -8.372962133486e+00 -8.486838170092e-02
1.248000000000e+01  -9.419753931381e-01 -1.320115140616e+01 -8.373636899472e+00 -5.008427477408e-02
1.249000000000e+01  -1.073936450751e+00 -1.319095437249e+01 -8.373963191314e+00 -1.517383219528e-02
1.250000000000e+01  -1.205792977603e+00 -1.318024533783e+01 -8.373939762607e+00 1.985955485939e-02
1.251000000000e+01  -1.337539847900e+00 -1.316902314914e+01 -8.373565400662e+00 5.501253407714e-02
1.252000000000e+01  -1.469171924661e+00 -1.315728672287e+01 -8.372838926120e+00 9.028179220675e-02
1.253000000000e+01  -1.600684060422e+00 -1.314503504502e+01 -8.371759192557e+00 1.256640552245e-01
1.254000000000e+01  -1.732071097922e+00 -1.313226717115e+01 -8.370325086093e+00 1.611560884706e-01
1.255000000000e+01  -1.863327870808e+00 -1.311898222639e+01 -8.368535524996e+00 1.967546967597e-01
1.256000000000e+01  -1.994449204322e+00 -1.310517940541e+01 -8.366389459292e+00 2.324567244678e-01
1.257000000000e+01  -2.125429916003e+00 -1.309085797240e+01 -8.363885870360e+00 2.682590555981e-01
1.258000000000e+01  -2.256264816377e+00 -1.307601726096e+01 -8.361023770546e+00 3.041586138300e-01
1.259000000000e+01  -2.386948709655e+00 -1.306065667405e+01 -8.357802202756e+00 3.401523625506e-01
1.260000000000e+01  -2.517476394421e+00 -1.304477568389e+01 -8.354220240068e+00 3.762373048749e-01
1.261000000000e+01  -2.647842664330e+00 -1.302837383182e+01 -8.350276985326e+00 4.124104836528e-01
1.262000000000e+01  -2.778042308792e+00 -1.301145072823e+01 -8.345971570750e+00 4.486689814692e-01
1.263000000000e+01  -2.908070113669e+00 -1.299400605236e+01 -8.341303157535e+00 4.850099206347e-01
1.264000000000e+01  -3.037920861956e+00 -1.297603955223e+01 -8.336270935453e+00 5.214304631730e-01
1.265000000000e+01  -3.167589334474e+00 -1.295755104448e+01 -8.330874122461e+00 5.579278108037e-01
1.266000000000e+01  -3.297070310550e+00 -1.293854041420e+01 -8.325111964295e+00 5.944992049233e-01
1.267000000000e+01  -3.426358568706e+00 -1.291900761479e+01 -8.318983734084e+00 6.311419265859e-01
1.268000000000e+01  -3.555448887337e+00 -1.289895266786e+01 -8.312488731945e+00 6.678532964857e-01
1.269000000000e+01  -3.684336045395e+00 -1.287837566302e+01 -8.305626284593e+00 7.046306749406e-01
1.270000000000e+01  -3.813014823068e+00 -1.285727675779e+01 -8.298395744939e+00 7.414714618809e-01
1.271000000000e+01  -3.941480002457e+00 -1.283565617740e+01 -8.290796491698e+00 7.783730968423e-01
1.272000000000e+01  -4.069726368254e+00 -1.281351421474e+01 -8.282827928992e+00 8.153330589651e-01
1.273000000000e+01  -4.197748708417e+00 -1.279085123014e+01 -8.274489485953e+00 8.523488670007e-01
1.274000000000e+01  -4.325541814844e+00 -1.276766765132e+01 -8.265780616328e+00 8.894180793261e-01
1.275000000000e+01  -4.453100484048e+00 -1.274396397324e+01 -8.256700798082e+00 9.265382939680e-01
1.276000000000e+01  -4.580419517825e+00 -1.271974075799e+01 -8.247249533001e+00 9.637071486363e-01
1.277000000000e+01  -4.707493723928e+00 -1.269499863472e+01 -8.237426346296e+00 1.000922320769e+00
1.278000000000e+01  -4.834317916738e+00 -1.266973829953e+01 -8.227230786204e+00 1.038181527588e+00
1.279000000000e+01  -4.960886917928e+00 -1.264396051541e+01 -8.216662423592e+00 1.075482526167e+00
1.280000000000e+01  -5.087195557138e+00 -1.261766611218e+01 -8.205720851555e+00 1.112823113515e+00
1.281000000000e+01  -5.213238672640e+00 -1.259085598641e+01 -8.194405685018e+00 1.150201126671e+00
1.282000000000e+01  -5.339011112003e+00 -1.256353110143e+01 -8.182716560337e+00 1.187614442809e+00
1.283000000000e+01  -5.464507732766e+00 -1.253569248726e+01 -8.170653134892e+00 1.225060979370e+00
1.284000000000e+01  -5.589723403099e+00 -1.250734124062e+01 -8.158215086689e+00 1.262538694192e+00
1.285000000000e+01  -5.714653002474e+00 -1.247847852495e+01 -8.145402113953e+00 1.300045585672e+00
1.286000000000e+01  -5.839291422331e+00 -1.244910557038e+01 -8.132213934720e+00 1.337579692933e+00
1.287000000000e+01  -5.963633566745e+00 -1.241922367382e+01 -8.118650286431e+00 1.375139096013e+00
1.288000000000e+01  -6.087674353095e+00 -1.238883419898e+01 -8.104710925520e+00 1.412721916065e+00
1.289000000000e+01  -6.211408712731e+00 -1.235793857644e+01 -8.090395627006e+00 1.450326315584e+00
1.290000000000e+01  -6.334831591642e+00 -1.232653830371e+01 -8.075704184072e+00 1.487950498639e+00
1.291000000000e+01  -6.457937951129e+00 -1.229463494536e+01 -8.060636407652e+00 1.525592711133e+00
1.292000000000e+01  -6.580722768476e+00 -1.226223013314e+01 -8.045192126011e+00 1.563251241074e+00
1.293000000000e+01  -6.703181037617e+00 -1.222932556606e+01 -8.029371184323e+00 1.600924418865e+00
1.294000000000e+01  -6.825307769817e+00 -1.219592301057e+01 -8.013173444242e+00 1.638610617613e+00
1.295000000000e+01  -6.947097994343e+00 -1.216202430074e+01 -7.996598783478e+00 1.676308253459e+00
1.296000000000e+01  -7.068546759139e+00 -1.212763133841e+01 -7.979647095362e+00 1.714015785916e+00
1.297000000000e+01  -7.189649131511e+00 -1.209274609339e+01 -7.962318288411e+00 1.751731718238e+00
1.298000000000e+01  -7.310400198802e+00 -1.205737060369e+01 -7.944612285889e+00 1.789454597794e+00
1.299000000000e+01  -7.430795069077e+00 -1.202150697573e+01 -7.926529025365e+00 1.827183016471e+00
1.300000000000e+01  -7.550828871810e+00 -1.198515738461e+01 -7.908068458262e+00 1.864915611082e+00
1.301000000000e+01  -7.670496758571e+00 -1.194832407435e+01 -7.889230549411e+00 1.902651063808e+00
1.302000000000e+01  -7.789793903713e+00 -1.191100935818e+01 -7.870015276590e+00 1.940388102638e+00
1.303000000000e+01  -7.908715505073e+00 -1.187321561881e+01 -7.850422630067e+00 1.978125501839e+00
1.304000000000e+01  -8.027256784663e+00 -1.183494530879e+01 -7.830452612134e+00 2.015862082438e+00
1.305000000000e+01  -8.145412989370e+00 -1.179620095078e+01 -7.810105236633e+00 2.053596712720e+00
1.306000000000e+01  -8.263179391660e+00 -1.175698513792e+01 -7.789380528490e+00 2.091328308737e+00
1.307000000000e+01  -8.380551290287e+00 -1.171730053415e+01 -7.768278523224e+00 2.129055834840e+00
1.308000000000e+01  -8.497524010997e+00 -1.167714987461e+01 -7.746799266469e+00 2.166778304218e+00
1.309000000000e+01  -8.614092907249e+00 -1.163653596599e+01 -7.724942813480e+00 2.204494779450e+00
1.310000000000e+01  -8.730253360926e+00 -1.159546168693e+01 -7.702709228635e+00 2.242204373076e+00
1.311000000000e+01  -8.846000783060e+00 -1.155392998838e+01 -7.680098584936e+00 2.279906248171e+00
1.312000000000e+01  -8.961330614557e+00 -1.151194389408e+01 -7.657110963498e+00 2.317599618933e+00
1.313000000000e+01  -9.076238326925e+00 -1.146950650090e+01 -7.633746453034e+00 2.355283751281e+00
1.314000000000e+01  -9.190719423010e+00 -1.142662097930e+01 -7.610005149337e+00 2.392957963459e+00
1.315000000000e+01  -9.304769437732e+00 -1.138329057372e+01 -7.585887154755e+00 2.430621626646e+00
1.316000000000e+01  -9.418383938827e+00 -1.133951860308e+01 -7.561392577653e+00 2.468274165570e+00
1.317000000000e+01  -9.531558527598e+00 -1.129530846111e+01 -7.536521531880e+00 2.505915059132e+00
1.318000000000e+01  -9.644288839657e+00 -1.125066361688e+01 -7.511274136223e+00 2.543543841018e+00
1.319000000000e+01  -9.756570545689e+00 -1.120558761517e+01 -7.485650513851e+00 2.581160100323e+00
1.320000000000e+01  -9.868399352206e+00 -1.116008407690e+01 -7.459650791768e+00 2.618763482166e+00
1.321000000000e+01  -9.979771002314e+00 -1.111415669958e+01 -7.433275100237e+00 2.656353688302e+00
1.322000000000e+01  -1.009068127648e+01 -1.106780925769e+01 -7.406523572224e+00 2.693930477721e+00
1.323000000000e+01  -1.020112599329e+01 -1.102104560310e+01 -7.379396342810e+00 2.731493667245e+00
1.324000000000e+01  -1.031110101026e+01 -1.097386966544e+01 -7.351893548620e+00 2.769043132108e+00
1.325000000000e+01  -1.042060222459e+01 -1.092628545248e+01 -7.324015327229e+00 2.806578806513e+00
1.326000000000e+01  -1.052962557392e+01 -1.087829705047e+01 -7.295761816574e+00 2.844100684182e+00
1.327000000000e+01  -1.063816703718e+01 -1.082990862448e+01 -7.267133154354e+00 2.881608818875e+00
1.328000000000e+01  -1.074622263533e+01 -1.078112441865e+01 -7.238129477428e+00 2.919103324877e+00
1.329000000000e+01  -1.085378843219e+01 -1.073194875653e+01 -7.208750921207e+00 2.956584377467e+00
1.330000000000e+01  -1.096086053517e+01 -1.068238604121e+01 -7.178997619042e+00 2.994052213339e+00
1.331000000000e+01  -1.106743509616e+01 -1.063244075560e+01 -7.148869701609e+00 3.031507130989e+00
1.332000000000e+01  -1.117350831225e+01 -1.058211746250e+01 -7.118367296287e+00 3.068949491056e+00
1.333000000000e+01  -1.127907642656e+01 -1.053142080471e+01 -7.087490526537e+00 3.106379716610e+00
1.334000000000e+01  -1.138413572904e+01 -1.048035550508e+01 -7.056239511275e+00 3.143798293387e+00
1.335000000000e+01  -1.148868255728e+01 -1.042892636646e+01 -7.024614364248e+00 3.181205769960e+00
1.336000000000e+01  -1.159271329728e+01 -1.037713827158e+01 -6.992615193400e+00 3.218602757843e+00
1.337000000000e+01  -1.169622438429e+01 -1.032499618291e+01 -6.960242100246e+00 3.255989931516e+00
1.338000000000e+01  -1.179921230355e+01 -1.027250514238e+01 -6.927495179242e+00 3.293368028376e+00
1.339000000000e+01  -1.190167359114e+01 -1.021967027103e+01 -6.894374517155e+00 3.330737848591e+00
1.340000000000e+01  -1.200360483474e+01 -1.016649676856e+01 -6.860880192438e+00 3.368100254861e+00
1.341000000000e+01  -1.210500267441e+01 -1.011298991280e+01 -6.827012274607e+00 3.405456172072e+00
1.342000000000e+01  -1.220586380338e+01 -1.005915505900e+01 -6.792770823620e+00 3.442806586839e+00
1.343000000000e+01  -1.230618496882e+01 -1.000499763908e+01 -6.758155889261e+00 3.480152546923e+00
1.344000000000e+01  -1.240596297260e+01 -9.950523160676e+00 -6.723167510538e+00 3.517495160521e+00
1.345000000000e+01  -1.250519467201e+01 -9.895737206101e+00 -6.687805715077e+00 3.554835595409e+00
1.346000000000e+01  -1.260387698058e+01 -9.840645431102e+00 -6.652070518532e+00 3.592175077936e+00
1.347000000000e+01  -1.270200686873e+01 -9.785253563496e+00 -6.615961924010e+00 3.629514891860e+00
1.348000000000e+01  -1.279958136450e+01 -9.729567401610e+00 -6.579479921495e+00 3.666856377006e+00
1.349000000000e+01  -1.289659755428e+01 -9.673592812547e+00 -6.542624487305e+00 3.704200927743e+00
1.350000000000e+01  -1.299305258345e+01 -9.617335730248e+00 -6.505395583548e+00 3.741549991265e+00
1.351000000000e+01  -1.308894365707e+01 -9.560802153356e+00 -6.467793157604e+00 3.778905065669e+00
1.352000000000e+01  -1.318426804048e+01 -9.503998142855e+00 -6.429817141630e+00 3.816267697809e+00
1.353000000000e+01  -1.327902305994e+01 -9.446929819480e+00 -6.391467452083e+00 3.853639480923e+00
1.354000000000e+01  -1.337320610320e+01 -9.389603360880e+00 -6.352743989268e+00 3.891022052019e+00
1.355000000000e+01  -1.346681462005e+01 -9.332024998533e+00 -6.313646636914e+00 3.928417089000e+00
1.356000000000e+01  -1.355984612286e+01 -9.274201014382e+00 -6.274175261784e+00 3.965826307527e+00
1.357000000000e+01  -1.365229818704e+01 -9.216137737201e+00 -6.234329713312e+00 4.003251457599e+00
1.358000000000e+01  -1.374416845151e+01 -9.157841538663e+00 -6.194109823278e+00 4.040694319842e+00
1.359000000000e+01  -1.383545461910e+01 -9.099318829100e+00 -6.153515405525e+00 4.078156701490e+00
1.360000000000e+01  -1.392615445691e+01 -9.040576052949e+00 -6.112546255709e+00 4.115640432058e+00
1.361000000000e+01  -1.401626579664e+01 -8.981619683875e+00 -6.071202151104e+00 4.153147358675e+00
1.362000000000e+01  -1.410578653483e+01 -8.922456219542e+00 -6.029482850451e+00 4.190679341090e+00
1.363000000000e+01  -1.419471463311e+01 -8.863092176043e+00 -5.987388093856e+00 4.228238246315e+00
1.364000000000e+01  -1.428304811832e+01 -8.803534081970e+00 -5.944917602746e+00 4.265825942926e+00
1.365000000000e+01  -1.437078508262e+01 -8.743788472110e+00 -5.902071079886e+00 4.303444294977e+00
1.366000000000e+01  -1.445792368352e+01 -8.683861880769e+00 -5.858848209455e+00 4.341095155555e+00
1.367000000000e+01  -1.454446214382e+01 -8.623760834709e+00 -5.815248657191e+00 4.378780359935e+00
1.368000000000e+01  -1.463039875154e+01 -8.563491845702e+00 -5.771272070601e+00 4.416501718363e+00
1.369000000000e+01  -1.471573185968e+01 -8.503061402683e+00 -5.726918079257e+00 4.454261008440e+00
1.370000000000e+01  -1.480045988599e+01 -8.442475963517e+00 -5.682186295155e+00 4.492059967104e+00
1.371000000000e+01  -1.488458131258e+01 -8.381741946364e+00 -5.637076313169e+00 4.529900282235e+00
1.372000000000e+01  -1.496809468552e+01 -8.320865720658e+00 -5.591587711583e+00 4.567783583847e+00
1.373000000000e+01  -1.505099861428e+01 -8.259853597687e+00 -5.545720052714e+00 4.605711434913e+00
1.374000000000e+01  -1.513329177109e+01 -8.198711820800e+00 -5.499472883635e+00 4.643685321785e+00
1.375000000000e+01  -1.521497289024e+01 -8.137446555239e+00 -5.452845736987e+00 4.681706644263e+00
1.376000000000e+01  -1.529604076721e+01 -8.076063877603e+00 -5.405838131897e+00 4.719776705286e+00
1.377000000000e+01  -1.537649425777e+01 -8.014569764974e+00 -5.358449575000e+00 4.757896700286e+00
1.378000000000e+01  -1.545633227690e+01 -7.952970083712e+00 -5.310679561571e+00 4.796067706218e+00
1.379000000000e+01  -1.553555379762e+01 -7.891270577946e+00 -5.262527576761e+00 4.834290670275e+00
1.380000000000e+01  -1.561415784973e+01 -7.829476857782e+00 -5.213993096958e+00 4.872566398327e+00
1.381000000000e+01  -1.569214351842e+01 -7.767594387261e+00 -5.165075591256e+00 4.910895543119e+00
1.382000000000e+01  -1.576950994269e+01 -7.705628472103e+00 -5.115774523048e+00 4.949278592234e+00
1.383000000000e+01  -1.584625631379e+01 -7.643584247262e+00 -5.066089351737e+00 4.987715855887e+00
1.384000000000e+01  -1.592238187335e+01 -7.581466664349e+00 -5.016019534574e+00 5.026207454579e+00
1.385000000000e+01  -1.599788591159e+01 -7.519280478955e+00 -4.965564528613e+00 5.064753306651e+00
1.386000000000e+01  -1.607276776519e+01 -7.457030237925e+00 -4.914723792800e+00 5.103353115790e+00
1.387000000000e+01  -1.614702681525e+01 -7.394720266647e+00 -4.863496790181e+00 5.142006358555e+00
1.388000000000e+01  -1.622066248489e+01 -7.332354656397e+00 -4.811882990230e+00 5.180712271950e+00
1.389000000000e+01  -1.629367423696e+01 -7.269937251810e+00 -4.759881871316e+00 5.219469841128e+00
1.390000000000e+01  -1.636606157145e+01 -7.207471638537e+00 -4.707492923270e+00 5.258277787290e+00
1.391000000000e+01  -1.643782402282e+01 -7.144961131159e+00 -4.654715650095e+00 5.297134555824e+00
1.392000000000e+01  -1.650896115730e+01 -7.082408761430e+00 -4.601549572775e+00 5.336038304783e+00
1.393000000000e+01  -1.657947256996e+01 -7.019817266902e+00 -4.547994232206e+00 5.374986893750e+00
1.394000000000e+01  -1.664935788170e+01 -6.957189080045e+00 -4.494049192233e+00 5.413977873187e+00
1.395000000000e+01  -1.671861673618e+01 -6.894526317894e+00 -4.439714042795e+00 5.453008474320e+00
1.396000000000e+01  -1.678724879662e+01 -6.831830772337e+00 -4.384988403159e+00 5.492075599660e+00
1.397000000000e+01  -1.685525374246e+01 -6.769103901102e+00 -4.329871925258e+00 5.531175814225e+00
1.398000000000e+01  -1.692263126602e+01 -6.706346819526e+00 -4.274364297101e+00 5.570305337546e+00
1.399000000000e+01  -1.698938106902e+01 -6.643560293181e+00 -4.218465246263e+00 5.609460036526e+00
1.400000000000e+01  -1.705550285907e+01 -6.580744731440e+00 -4.162174543448e+00 5.648635419246e+00
1.401000000000e+01  -1.712099634605e+01 -6.517900182046e+00 -4.105492006097e+00 5.687826629764e+00
1.402000000000e+01  -1.718586123848e+01 -6.455026326760e+00 -4.048417502051e+00 5.727028443999e+00
1.403000000000e+01  -1.725009723987e+01 -6.392122478147e+00 -3.990950953250e+00 5.766235266761e+00
1.404000000000e+01  -1.731370404500e+01 -6.329187577577e+00 -3.933092339448e+00 5.805441129977e+00
1.405000000000e+01  -1.737668133619e+01 -6.266220194470e+00 -3.874841701948e+00 5.844639692180e+00
1.406000000000e+01  -1.743902877960e+01 -6.203218526864e+00 -3.816199147332e+00 5.883824239310e+00
1.407000000000e+01  -1.750074602153e+01 -6.140180403322e+00 -3.757164851172e+00 5.922987686855e+00
1.408000000000e+01  -1.756183268473e+01 -6.077103286228e+00 -3.697739061723e+00 5.962122583388e+00
1.409000000000e+01  -1.762228836477e+01 -6.013984276488e+00 -3.637922103564e+00 6.001221115504e+00
1.410000000000e+01  -1.768211262644e+01 -5.950820119665e+00 -3.577714381186e+00 6.040275114184e+00
1.411000000000e+01  -1.774130500027e+01 -5.887607213533e+00 -3.517116382508e+00 6.079276062594e+00
1.412000000000e+01  -1.779986497905e+01 -5.824341617072e+00 -3.456128682313e+00 6.118215105312e+00
1.413000000000e+01  -1.785779201453e+01 -5.761019060870e+00 -3.394751945577e+00 6.157083058966e+00
1.414000000000e+01  -1.791508551419e+01 -5.697634958918e+00 -3.332986930691e+00 6.195870424269e+00
1.415000000000e+01  -1.797174483810e+01 -5.634184421762e+00 -3.270834492551e+00 6.234567399402e+00
1.416000000000e+01  -1.802776929603e+01 -5.570662270965e+00 -3.208295585510e+00 6.273163894716e+00
1.417000000000e+01  -1.808315814459e+01 -5.507063054825e+00 -3.145371266178e+00 6.311649548684e+00
1.418000000000e+01  -1.813791058456e+01 -5.443381065281e+00 -3.082062696055e+00 6.350013745046e+00
1.419000000000e+01  -1.819202575849e+01 -5.379610355936e+00 -3.018371143986e+00 6.388245631062e+00
1.420000000000e+01  -1.824550274833e+01 -5.315744761108e+00 -2.954297988429e+00 6.426334136808e+00
1.421000000000e+01  -1.829834057342e+01 -5.251777915822e+00 -2.889844719527e+00 6.464267995393e+00
1.422000000000e+01  -1.835053818852e+01 -5.187703276639e+00 -2.825012940973e+00 6.502035764035e+00
1.423000000000e+01  -1.840209448219e+01 -5.123514143218e+00 -2.759804371656e+00 6.539625845847e+00
1.424000000000e+01  -1.845300827530e+01 -5.059203680496e+00 -2.694220847097e+00 6.577026512262e+00
1.425000000000e+01  -1.850327831982e+01 -4.994764941373e+00 -2.628264320642e+00 6.614225925950e+00
1.426000000000e+01  -1.855290329781e+01 -4.930190889783e+00 -2.561936864442e+00 6.651212164123e+00
1.427000000000e+01  -1.860188182061e+01 -4.865474424020e+00 -2.495240670183e+00 6.687973242095e+00
1.428000000000e+01  -1.865021242838e+01 -4.800608400209e+00 -2.428178049593e+00 6.724497136990e+00
1.429000000000e+01  -1.869789358970e+01 -4.735585655784e+00 -2.360751434697e+00 6.760771811454e+00
1.430000000000e+01  -1.874492370157e+01 -4.670399032860e+00 -2.292963377851e+00 6.796785237264e+00
1.431000000000e+01  -1.879130108956e+01 -4.605041401383e+00 -2.224816551532e+00 6.832525418705e+00
1.432000000000e+01  -1.883702400817e+01 -4.539505681925e+00 -2.156313747895e+00 6.867980415608e+00
1.433000000000e+01  -1.888209064149e+01 -4.473784868030e+00 -2.087457878107e+00 6.903138365921e+00
1.434000000000e+01  -1.892649910400e+01 -4.407872047994e+00 -2.018251971456e+00 6.937987507731e+00
1.435000000000e+01  -1.897024744165e+01 -4.341760425982e+00 -1.948699174241e+00 6.972516200605e+00
1.436000000000e+01  -1.901333363312e+01 -4.275443342385e+00 -1.878802748458e+00 7.006712946187e+00
1.437000000000e+01  -1.905575559127e+01 -4.208914293335e+00 -1.808566070275e+00 7.040566407946e+00
1.438000000000e+01  -1.909751116478e+01 -4.142166949304e+00 -1.737992628323e+00 7.074065430000e+00
1.439000000000e+01  -1.913859814001e+01 -4.075195172704e+00 -1.667086021801e+00 7.107199054956e+00
1.440000000000e+01  -1.917901424298e+01 -4.007993034449e+00 -1.595849958406e+00 7.139956540699e+00
1.441000000000e+01  -1.921875714154e+01 -3.940554829405e+00 -1.524288252101e+00 7.172327376076e+00
1.442000000000e+01  -1.925782444767e+01 -3.872875090705e+00 -1.452404820733e+00 7.204301295441e+00
1.443000000000e+01  -1.929621371995e+01 -3.804948602894e+00 -1.380203683512e+00 7.235868292028e+00
1.444000000000e+01  -1.933392246611e+01 -3.736770413863e+00 -1.307688958361e+00 7.267018630123e+00
1.445000000000e+01  -1.937094814576e+01 -3.668335845590e+00 -1.234864859151e+00 7.297742856025e+00
1.446000000000e+01  -1.940728817311e+01 -3.599640503650e+00 -1.161735692830e+00 7.328031807795e+00
1.447000000000e+01  -1.944293991990e+01 -3.530680285515e+00 -1.088305856466e+00 7.357876623778e+00
1.448000000000e+01  -1.947790071834e+01 -3.461451387658e+00 -1.014579834204e+00 7.387268749940e+00
1.449000000000e+01  -1.951216786413e+01 -3.391950311459e+00 -9.405621941625e-01 7.416199946000e+00
1.450000000000e+01  -1.954573861953e+01 -3.322173867958e+00 -8.662575852690e-01 7.444662290414e+00
1.451000000000e+01  -1.957861021648e+01 -3.252119181475e+00 -7.916707340536e-01 7.472648184219e+00
1.452000000000e+01  -1.961077985974e+01 -3.181783692137e+00 -7.168064414098e-01 7.500150353790e+00
1.453000000000e+01  -1.964224473006e+01 -3.111165157348e+00 -6.416695793322e-01 7.527161852535e+00
1.454000000000e+01  -1.967300198734e+01 -3.040261652254e+00 -5.662650876434e-01 7.553676061585e+00
1.455000000000e+01  -1.970304877383e+01 -2.969071569247e+00 -4.905979707174e-01 7.579686689527e+00
1.456000000000e+01  -1.973238221729e+01 -2.897593616562e+00 -4.146732942113e-01 7.605187771224e+00
1.457000000000e+01  -1.976099943411e+01 -2.825826816017e+00 -3.384961818124e-01 7.630173665780e+00
1.458000000000e+01  -1.978889753247e+01 -2.753770499962e+00 -2.620718120105e-01 7.654639053714e+00
1.459000000000e+01  -1.981607361539e+01 -2.681424307480e+00 -1.854054149008e-01 7.678578933382e+00
1.460000000000e+01  -1.984252478381e+01 -2.608788179909e+00 -1.085022690275e-01 7.701988616727e+00
1.461000000000e+01  -1.986824813955e+01 -2.535862355738e+00 -3.136769827192e-02 7.724863724392e+00
1.462000000000e+01  -1.989324078829e+01 -2.462647364936e+00 4.599293120714e-02 7.747200180274e+00
1.463000000000e+01  -1.991749984243e+01 -2.389144022769e+00 1.235742139761e-01 7.768994205565e+00
1.464000000000e+01  -1.994102242390e+01 -2.315353423162e+00 2.013707082677e-01 7.790242312328e+00
1.465000000000e+01  -1.996380566696e+01 -2.241276931664e+00 2.793769388552e-01 7.810941296690e+00
1.466000000000e+01  -1.998584672082e+01 -2.166916178061e+00 3.575873998577e-01 7.831088231668e+00
1.467000000000e+01  -2.000714275228e+01 -2.092273048697e+00 4.359965574714e-01 7.850680459715e+00
1.468000000000e+01  -2.002769094825e+01 -2.017349678544e+00 5.145988526256e-01 7.869715585001e+00
1.469000000000e+01  -2.004748851817e+01 -1.942148443070e+00 5.933887035603e-01 7.888191465509e+00
1.470000000000e+01  -2.006653269644e+01 -1.866671949953e+00 6.723605083237e-01 7.906106204957e+00
1.471000000000e+01  -2.008482074462e+01 -1.790923030677e+00 7.515086471892e-01 7.923458144615e+00
1.472000000000e+01  -2.010234995367e+01 -1.714904732049e+00 8.308274849890e-01 7.940245855039e+00
1.473000000000e+01  -2.011911764605e+01 -1.638620307684e+00 9.103113733659e-01 7.956468127764e+00
1.474000000000e+01  -2.013512117775e+01 -1.562073209469e+00 9.899546529412e-01 7.972123966995e+00
1.475000000000e+01  -2.015035794024e+01 -1.485267079064e+00 1.069751655400e+00 7.987212581308e+00
1.476000000000e+01  -2.016482536230e+01 -1.408205739450e+00 1.149696705494e+00 8.001733375423e+00
1.477000000000e+01  -2.017852091181e+01 -1.330893186553e+00 1.229784122963e+00 8.015685942031e+00
1.478000000000e+01  -2.019144209741e+01 -1.253333580975e+00 1.310008224370e+00 8.029070053744e+00
1.479000000000e+01  -2.020358647018e+01 -1.175531239846e+00 1.390363324868e+00 8.041885655154e+00
1.480000000000e+01  -2.021495162505e+01 -1.097490628813e+00 1.470843739874e+00 8.054132855032e+00
1.481000000000e+01  -2.022553520237e+01 -1.019216354196e+00 1.551443786678e+00 8.065811918695e+00
1.482000000000e+01  -2.023533488919e+01 -9.407131553059e-01 1.632157785966e+00 8.076923260534e+00
1.483000000000e+01  -2.024434842056e+01 -8.619858969557e-01 1.712980063277e+00 8.087467436729e+00
1.484000000000e+01  -2.025257358081e+01 -7.830395621628e-01 1.793904950388e+00 8.097445138163e+00
1.485000000000e+01  -2.026000820464e+01 -7.038792450563e-01 1.874926786621e+00 8.106857183531e+00
1.486000000000e+01  -2.026665017819e+01 -6.245101439945e-01 1.956039920093e+00 8.115704512668e+00
1.487000000000e+01  -2.027249744012e+01 -5.449375549008e-01 2.037238708891e+00 8.123988180085e+00
1.488000000000e+01  -2.027754798245e+01 -4.651668648188e-01 2.118517522189e+00 8.131709348732e+00
1.489000000000e+01  -2.028179985154e+01 -3.852035456924e-01 2.199870741305e+00 8.138869283978e+00
1.490000000000e+01  -2.028525114884e+01 -3.050531483702e-01 2.281292760693e+00 8.145469347821e+00
1.491000000000e+01  -2.028790003168e+01 -2.247212968373e-01 2.362777988880e+00 8.151510993316e+00
1.492000000000e+01  -2.028974471396e+01 -1.442136826710e-01 2.444320849355e+00 8.156995759238e+00
1.493000000000e+01  -2.029078346684e+01 -6.353605972283e-02 2.525915781397e+00 8.161925264957e+00
1.494000000000e+01  -2.029101461926e+01 1.730576097892e-02 2.607557240857e+00 8.166301205546e+00
1.495000000000e+01  -2.029043655856e+01 9.830591610564e-02 2.689239700892e+00 8.170125347096e+00
1.496000000000e+01  -2.028904773094e+01 1.794584946895e-01 2.770957652652e+00 8.173399522256e+00
1.497000000000e+01  -2.028684664193e+01 2.607575425716e-01 2.852705605928e+00 8.176125625980e+00
1.498000000000e+01  -2.028383185681e+01 3.421970666429e-01 2.934478089747e+00 8.178305611481e+00
1.499000000000e+01  -2.028000200093e+01 4.237710388810e-01 3.016269652946e+00 8.179941486387e+00
1.500000000000e+01  -2.027535576012e+01 5.054734001897e-01 3.098074864687e+00 8.181035309098e+00
1.501000000000e+01  -2.026989188091e+01 5.872980640451e-01 3.179888314955e+00 8.181589185330e+00
1.502000000000e+01  -2.026360917082e+01 6.692389199551e-01 3.261704615014e+00 8.181605264848e+00
1.503000000000e+01  -2.025650649858e+01 7.512898367372e-01 3.343518397828e+00 8.181085738375e+00
1.504000000000e+01  -2.024858279432e+01 8.334446656210e-01 3.425324318460e+00 8.180032834686e+00
1.505000000000e+01  -2.023983704973e+01 9.156972431811e-01 3.507117054436e+00 8.178448817857e+00
1.506000000000e+01  -2.023026831821e+01 9.980413941065e-01 3.588891306088e+00 8.176335984686e+00
1.507000000000e+01  -2.021987571493e+01 1.080470933813e+00 3.670641796867e+00 8.173696662268e+00
1.508000000000e+01  -2.020865841696e+01 1.162979670903e+00 3.752363273635e+00 8.170533205716e+00
1.509000000000e+01  -2.019661566331e+01 1.245561409483e+00 3.834050506935e+00 8.166847996036e+00
1.510000000000e+01  -2.018374675494e+01 1.328209951337e+00 3.915698291239e+00 8.162643438129e+00
1.511000000000e+01  -2.017005105482e+01 1.410919097972e+00 3.997301445178e+00 8.157921958932e+00
1.512000000000e+01  -2.015552798788e+01 1.493682652529e+00 4.078854811755e+00 8.152686005686e+00
1.513000000000e+01  -2.014017704101e+01 1.576494421580e+00 4.160353258540e+00 8.146938044324e+00
1.514000000000e+01  -2.012399776299e+01 1.659348216803e+00 4.241791677845e+00 8.140680557971e+00
1.515000000000e+01  -2.010698976448e+01 1.742237856546e+00 4.323164986896e+00 8.133916045557e+00
1.516000000000e+01  -2.008915271789e+01 1.825157167286e+00 4.404468127978e+00 8.126647020538e+00
1.517000000000e+01  -2.007048635734e+01 1.908099984993e+00 4.485696068580e+00 8.118876009711e+00
1.518000000000e+01  -2.005099047852e+01 1.991060156388e+00 4.566843801519e+00 8.110605552121e+00
1.519000000000e+01  -2.003066493860e+01 2.074031540116e+00 4.647906345058e+00 8.101838198073e+00
1.520000000000e+01  -2.000950965610e+01 2.157008007834e+00 4.728878743016e+00 8.092576508207e+00
1.521000000000e+01  -1.998752461075e+01 2.239983445217e+00 4.809756064866e+00 8.082823052674e+00
1.522000000000e+01  -1.996470984335e+01 2.322951752878e+00 4.890533405827e+00 8.072580410373e+00
1.523000000000e+01  -1.994106545561e+01 2.405906847231e+00 4.971205886945e+00 8.061851168270e+00
1.524000000000e+01  -1.991659161001e+01 2.488842661268e+00 5.051768655176e+00 8.050637920782e+00
1.525000000000e+01  -1.989128852960e+01 2.571753145284e+00 5.132216883452e+00 8.038943269223e+00
1.526000000000e+01  -1.986515649783e+01 2.654632267529e+00 5.212545770753e+00 8.026769821312e+00
1.527000000000e+01  -1.983819585840e+01 2.737474014809e+00 5.292750542165e+00 8.014120190741e+00
1.528000000000e+01  -1.981040701502e+01 2.820272393034e+00 5.372826448937e+00 8.000996996793e+00
1.529000000000e+01  -1.978179043126e+01 2.903021427703e+00 5.452768768541e+00 7.987402864012e+00
1.530000000000e+01  -1.975234663033e+01 2.985715164354e+00 5.532572804716e+00 7.973340421920e+00
1.531000000000e+01  -1.972207619488e+01 3.068347668959e+00 5.612233887523e+00 7.958812304778e+00
1.532000000000e+01  -1.969097976680e+01 3.150913028280e+00 5.691747373385e+00 7.943821151393e+00
1.533000000000e+01  -1.965905804701e+01 3.233405350183e+00 5.771108645138e+00 7.928369604957e+00
1.534000000000e+01  -1.962631179524e+01 3.315818763916e+00 5.850313112071e+00 7.912460312928e+00
1.535000000000e+01  -1.959274182982e+01 3.398147420349e+00 5.929356209967e+00 7.896095926945e+00
1.536000000000e+01  -1.955834902746e+01 3.480385492180e+00 6.008233401148e+00 7.879279102772e+00
1.537000000000e+01  -1.952313432303e+01 3.562527174119e+00 6.086940174512e+00 7.862012500272e+00
1.538000000000e+01  -1.948709870936e+01 3.644566683028e+00 6.165472045579e+00 7.844298783415e+00
1.539000000000e+01  -1.945024323699e+01 3.726498258045e+00 6.243824556527e+00 7.826140620304e+00
1.540000000000e+01  -1.941256901395e+01 3.808316160678e+00 6.321993276238e+00 7.807540683229e+00
1.541000000000e+01  -1.937407720555e+01 3.890014674881e+00 6.399973800338e+00 7.788501648742e+00
1.542000000000e+01  -1.933476903415e+01 3.971588107096e+00 6.477761751238e+00 7.769026197758e+00
1.543000000000e+01  -1.929464577892e+01 4.053030786287e+00 6.555352778184e+00 7.749117015667e+00
1.544000000000e+01  -1.925370877565e+01 4.134337063946e+00 6.632742557297e+00 7.728776792469e+00
1.545000000000e+01  -1.921195941649e+01 4.215501314090e+00 6.709926791623e+00 7.708008222925e+00
1.546000000000e+01  -1.916939914973e+01 4.296517933228e+00 6.786901211180e+00 7.686814006722e+00
1.547000000000e+01  -1.912602947959e+01 4.377381340330e+00 6.863661573007e+00 7.665196848656e+00
1.548000000000e+01  -1.908185196600e+01 4.458085976764e+00 6.940203661221e+00 7.643159458820e+00
1.549000000000e+01  -1.903686822436e+01 4.538626306233e+00 7.016523287064e+00 7.620704552815e+00
1.550000000000e+01  -1.899107992529e+01 4.618996814692e+00 7.092616288964e+00 7.597834851961e+00
1.551000000000e+01  -1.894448879450e+01 4.699192010257e+00 7.168478532594e+00 7.574553083524e+00
1.552000000000e+01  -1.889709661245e+01 4.779206423105e+00 7.244105910928e+00 7.550861980953e+00
1.553000000000e+01  -1.884890521422e+01 4.859034605357e+00 7.319494344307e+00 7.526764284124e+00
1.554000000000e+01  -1.879991648926e+01 4.938671130962e+00 7.394639780506e+00 7.502262739589e+00
1.555000000000e+01  -1.875013238116e+01 5.018110595563e+00 7.469538194798e+00 7.477360100836e+00
1.556000000000e+01  -1.869955488745e+01 5.097347616361e+00 7.544185590030e+00 7.452059128555e+00
1.557000000000e+01  -1.864818605939e+01 5.176376831973e+00 7.618577996691e+00 7.426362590905e+00
1.558000000000e+01  -1.859602800174e+01 5.255192902277e+00 7.692711472990e+00 7.400273263793e+00
1.559000000000e+01  -1.854308287256e+01 5.333790508256e+00 7.766582104937e+00 7.373793931155e+00
1.560000000000e+01  -1.848935288298e+01 5.412164351839e+00 7.840186006423e+00 7.346927385238e+00
1.561000000000e+01  -1.843484029703e+01 5.490309155726e+00 7.913519319303e+00 7.319676426889e+00
1.562000000000e+01  -1.837954743140e+01 5.568219663220e+00 7.986578213487e+00 7.292043865849e+00
1.563000000000e+01  -1.832347665524e+01 5.645890638049e+00 8.059358887027e+00 7.264032521047e+00
1.564000000000e+01  -1.826663038997e+01 5.723316864184e+00 8.131857566213e+00 7.235645220896e+00
1.565000000000e+01  -1.820901110906e+01 5.800493145654e+00 8.204070505666e+00 7.206884803594e+00
1.566000000000e+01  -1.815062133785e+01 5.877414306358e+00 8.275993988442e+00 7.177754117428e+00
1.567000000000e+01  -1.809146365335e+01 5.954075189871e+00 8.347624326131e+00 7.148256021074e+00
1.568000000000e+01  -1.803154068401e+01 6.030470659252e+00 8.418957858963e+00 7.118393383906e+00
1.569000000000e+01  -1.797085510959e+01 6.106595596845e+00 8.489990955918e+00 7.088169086298e+00
1.570000000000e+01  -1.790940966089e+01 6.182444904080e+00 8.560720014835e+00 7.057586019937e+00
1.571000000000e+01  -1.784720711964e+01 6.258013501269e+00 8.631141462528e+00 7.026647088127e+00
1.572000000000e+01  -1.778425031825e+01 6.333296327401e+00 8.701251754905e+00 6.995355206102e+00
1.573000000000e+01  -1.772054213966e+01 6.408288339937e+00 8.771047377088e+00 6.963713301334e+00
1.574000000000e+01  -1.765608551713e+01 6.482984514601e+00 8.840524843535e+00 6.931724313843e+00
1.575000000000e+01  -1.759088343410e+01 6.557379845168e+00 8.909680698169e+00 6.899391196509e+00
1.576000000000e+01  -1.752493892394e+01 6.631469343254e+00 8.978511514508e+00 6.866716915382e+00
1.577000000000e+01  -1.745825506985e+01 6.705248038099e+00 9.047013895799e+00 6.833704449993e+00
1.578000000000e+01  -1.739083500465e+01 6.778710976356e+00 9.115184475152e+00 6.800356793666e+00
1.579000000000e+01  -1.732268191060e+01 6.851853221870e+00 9.183019915681e+00 6.766676953828e+00
1.580000000000e+01  -1.725379901922e+01 6.924669855464e+00 9.250516910647e+00 6.732667952320e+00
1.581000000000e+01  -1.718418961117e+01 6.997155974719e+00 9.317672183604e+00 6.698332825705e+00
1.582000000000e+01  -1.711385701603e+01 7.069306693749e+00 9.384482488545e+00 6.663674625584e+00
1.583000000000e+01  -1.704280461217e+01 7.141117142987e+00 9.450944610057e+00 6.628696418898e+00
1.584000000000e+01  -1.697103582656e+01 7.212582468958e+00 9.517055363474e+00 6.593401288243e+00
1.585000000000e+01  -1.689855413463e+01 7.283697834055e+00 9.582811595037e+00 6.557792332176e+00
1.586000000000e+01  -1.682536306013e+01 7.354458416320e+00 9.648210182054e+00 6.521872665523e+00
1.587000000000e+01  -1.675146617493e+01 7.424859409210e+00 9.713248033063e+00 6.485645419687e+00
1.588000000000e+01  -1.667686709888e+01 7.494896021382e+00 9.777922088001e+00 6.449113742952e+00
1.589000000000e+01  -1.660156949970e+01 7.564563476457e+00 9.842229318376e+00 6.412280800793e+00
1.590000000000e+01  -1.652557709278e+01 7.633857012800e+00 9.906166727434e+00 6.375149776174e+00
1.591000000000e+01  -1.644889364106e+01 7.702771883287e+00 9.969731350345e+00 6.337723869857e+00
1.592000000000e+01  -1.637152295487e+01 7.771303355081e+00 1.003292025437e+01 6.300006300704e+00
1.593000000000e+01  -1.629346889182e+01 7.839446709402e+00 1.009573053906e+01 6.262000305974e+00
1.594000000000e+01  -1.621473535661e+01 7.907197241299e+00 1.015815933643e+01 6.223709141625e+00
1.595000000000e+01  -1.613532630094e+01 7.974550259420e+00 1.022020381114e+01 6.185136082614e+00
1.596000000000e+01  -1.605524572336e+01 8.041501085788e+00 1.028186116071e+01 6.146284423190e+00
1.597000000000e+01  -1.597449766913e+01 8.108045055567e+00 1.034312861569e+01 6.107157477191e+00
1.598000000000e+01  -1.589308623008e+01 8.174177516837e+00 1.040400343987e+01 6.067758578337e+00
1.599000000000e+01  -1.581101554451e+01 8.239893830368e+00 1.046448293048e+01 6.028091080520e+00
1.600000000000e+01  -1.572828979706e+01 8.305189369392e+00 1.052456441840e+01 5.988158358091e+00
1.601000000000e+01  -1.564491321856e+01 8.370059519376e+00 1.058424526834e+01 5.947963806148e+00
1.602000000000e+01  -1.556089008592e+01 8.434499677799e+00 1.064352287908e+01 5.907510840819e+00
1.603000000000e+01  -1.547622472204e+01 8.498505253930e+00 1.070239468366e+01 5.866802899540e+00
1.604000000000e+01  -1.539092149565e+01 8.562071668606e+00 1.076085814960e+01 5.825843441334e+00
1.605000000000e+01  -1.530498482122e+01 8.625194354011e+00 1.081891077914e+01 5.784635947082e+00
1.606000000000e+01  -1.521841915885e+01 8.687868753461e+00 1.087655010942e+01 5.743183919794e+00
1.607000000000e+01  -1.513122901413e+01 8.750090321191e+00 1.093377371271e+01 5.701490884873e+00
1.608000000000e+01  -1.504341893810e+01 8.811854522142e+00 1.099057919669e+01 5.659560390375e+00
1.609000000000e+01  -1.495499352704e+01 8.873156831751e+00 1.104696420459e+01 5.617396007264e+00
1.610000000000e+01  -1.486595742247e+01 8.933992735754e+00 1.110292641549e+01 5.575001329660e+00
1.611000000000e+01  -1.477631531097e+01 8.994357729983e+00 1.115846354454e+01 5.532379975086e+00
1.612000000000e+01  -1.468607192415e+01 9.054247320171e+00 1.121357334314e+01 5.489535584701e+00
1.613000000000e+01  -1.459523203848e+01 9.113657021766e+00 1.126825359926e+01 5.446471823530e+00
1.614000000000e+01  -1.450380047524e+01 9.172582359749e+00 1.132250213764e+01 5.403192380685e+00
1.615000000000e+01  -1.441178210041e+01 9.231018868456e+00 1.137631682001e+01 5.359700969582e+00
1.616000000000e+01  -1.431918182460e+01 9.288962091416e+00 1.142969554536e+01 5.316001328139e+00
1.617000000000e+01  -1.422600460291e+01 9.346407581186e+00 1.148263625021e+01 5.272097218972e+00
1.618000000000e+01  -1.413225543489e+01 9.403350899204e+00 1.153513690881e+01 5.227992429577e+00
1.619000000000e+01  -1.403793936442e+01 9.459787615653e+00 1.158719553340e+01 5.183690772503e+00
1.620000000000e+01  -1.394306147966e+01 9.515713309324e+00 1.163881017449e+01 5.139196085508e+00
1.621000000000e+01  -1.384762691290e+01 9.571123567510e+00 1.168997892109e+01 5.094512231701e+00
1.622000000000e+01  -1.375164084055e+01 9.626013985895e+00 1.174069990097e+01 5.049643099677e+00
1.623000000000e+01  -1.365510848301e+01 9.680380168471e+00 1.179097128090e+01 5.004592603623e+00
1.624000000000e+01  -1.355803510459e+01 9.734217727463e+00 1.184079126695e+01 4.959364683422e+00
1.625000000000e+01  -1.346042601346e+01 9.787522283274e+00 1.189015810468e+01 4.913963304722e+00
1.626000000000e+01  -1.336228656151e+01 9.840289464446e+00 1.193907007947e+01 4.868392458998e+00
1.627000000000e+01  -1.326362214434e+01 9.892514907649e+00 1.198752551673e+01 4.822656163584e+00
1.628000000000e+01  -1.316443820112e+01 9.944194257680e+00 1.203552278216e+01 4.776758461689e+00
1.629000000000e+01  -1.306474021454e+01 9.995323167492e+00 1.208306028205e+01 4.730703422377e+00
1.630000000000e+01  -1.296453371072e+01 1.004589729825e+01 1.213013646348e+01 4.684495140537e+00
1.631000000000e+01  -1.286382425912e+01 1.009591231941e+01 1.217674981463e+01 4.638137736803e+00
1.632000000000e+01  -1.276261747248e+01 1.014536390882e+01 1.222289886500e+01 4.591635357463e+00
1.633000000000e+01  -1.266091900671e+01 1.019424775289e+01 1.226858218570e+01 4.544992174323e+00
1.634000000000e+01  -1.255873456079e+01 1.024255954673e+01 1.231379838966e+01 4.498212384538e+00
1.635000000000e+01  -1.245606987675e+01 1.029029499438e+01 1.235854613192e+01 4.451300210409e+00
1.636000000000e+01  -1.235293073949e+01 1.033744980906e+01 1.240282410987e+01 4.404259899135e+00
1.637000000000e+01  -1.224932297676e+01 1.038401971345e+01 1.244663106350e+01 4.357095722525e+00
1.638000000000e+01  -1.214525245902e+01 1.043000044005e+01 1.248996577562e+01 4.309811976663e+00
1.639000000000e+01  -1.204072509936e+01 1.047538773152e+01 1.253282707214e+01 4.262412981525e+00
1.640000000000e+01  -1.193574685339e+01 1.052017734115e+01 1.257521382228e+01 4.214903080542e+00
1.641000000000e+01  -1.183032371912e+01 1.056436503335e+01 1.261712493881e+01 4.167286640111e+00
1.642000000000e+01  -1.172446173688e+01 1.060794658414e+01 1.265855937827e+01 4.119568049043e+00
1.643000000000e+01  -1.161816698917e+01 1.065091778183e+01 1.269951614120e+01 4.071751717953e+00
1.644000000000e+01  -1.151144560053e+01 1.069327442763e+01 1.273999427236e+01 4.023842078579e+00
1.645000000000e+01  -1.140430373743e+01 1.073501233640e+01 1.277999286093e+01 3.975843583039e+00
1.646000000000e+01  -1.129674760812e+01 1.077612733749e+01 1.281951104070e+01 3.927760703001e+00
1.647000000000e+01  -1.118878346248e+01 1.081661527559e+01 1.285854799026e+01 3.879597928784e+00
1.648000000000e+01  -1.108041759187e+01 1.085647201171e+01 1.289710293322e+01 3.831359768377e+00
1.649000000000e+01  -1.097165632892e+01 1.089569342424e+01 1.293517513834e+01 3.783050746358e+00
1.650000000000e+01  -1.086250604742e+01 1.093427541012e+01 1.297276391969e+01 3.734675402737e+00
1.651000000000e+01  -1.075297316208e+01 1.097221388603e+01 1.300986863683e+01 3.686238291683e+00
1.652000000000e+01  -1.064306412834e+01 1.100950478976e+01 1.304648869491e+01 3.637743980164e+00
1.653000000000e+01  -1.053278544214e+01 1.104614408170e+01 1.308262354482e+01 3.589197046469e+00
1.654000000000e+01  -1.042214363969e+01 1.108212774634e+01 1.311827268328e+01 3.540602078614e+00
1.655000000000e+01  -1.031114529726e+01 1.111745179398e+01 1.315343565292e+01 3.491963672637e+00
1.656000000000e+01  -1.019979703085e+01 1.115211226256e+01 1.318811204237e+01 3.443286430758e+00
1.657000000000e+01  -1.008810549593e+01 1.118610521955e+01 1.322230148631e+01 3.394574959414e+00
1.658000000000e+01  -9.976077387157e+00 1.121942676409e+01 1.325600366547e+01 3.345833867146e+00
1.659000000000e+01  -9.863719438013e+00 1.125207302913e+01 1.328921830670e+01 3.297067762353e+00
1.660000000000e+01  -9.751038420477e+00 1.128404018386e+01 1.332194518289e+01 3.248281250888e+00
1.661000000000e+01  -9.638041144638e+00 1.131532443620e+01 1.335418411298e+01 3.199478933492e+00
1.662000000000e+01  -9.524734458301e+00 1.134592203551e+01 1.338593496188e+01 3.150665403078e+00
1.663000000000e+01  -9.411125246556e+00 1.137582927541e+01 1.341719764036e+01 3.101845241826e+00
1.664000000000e+01  -9.297220431319e+00 1.140504249687e+01 1.344797210496e+01 3.053023018114e+00
1.665000000000e+01  -9.183026970847e+00 1.143355809134e+01 1.347825835782e+01 3.004203283258e+00
1.666000000000e+01  -9.068551859209e+00 1.146137250425e+01 1.350805644646e+01 2.955390568065e+00
1.667000000000e+01  -8.953802125735e+00 1.148848223853e+01 1.353736646363e+01 2.906589379182e+00
1.668000000000e+01  -8.838784834418e+00 1.151488385847e+01 1.356618854699e+01 2.857804195250e+00
1.669000000000e+01  -8.723507083281e+00 1.154057399367e+01 1.359452287880e+01 2.809039462839e+00
1.670000000000e+01  -8.607976003706e+00 1.156554934334e+01 1.362236968565e+01 2.760299592178e+00
1.671000000000e+01  -8.492198759708e+00 1.158980668068e+01 1.364972923799e+01 2.711588952650e+00
1.672000000000e+01  -8.376182547183e+00 1.161334285757e+01 1.367660184976e+01 2.662911868075e+00
1.673000000000e+01  -8.259934593084e+00 1.163615480948e+01 1.370298787788e+01 2.614272611748e+00
1.674000000000e+01  -8.143462154572e+00 1.165823956060e+01 1.372888772172e+01 2.565675401252e+00
1.675000000000e+01  -8.026772518090e+00 1.167959422920e+01 1.375430182252e+01 2.517124393029e+00
1.676000000000e+01  -7.909872998404e+00 1.170021603323e+01 1.377923066274e+01 2.468623676702e+00
1.677000000000e+01  -7.792770937572e+00 1.172010229621e+01 1.380367476541e+01 2.420177269166e+00
1.678000000000e+01  -7.675473703857e+00 1.173925045331e+01 1.382763469330e+01 2.371789108421e+00
1.679000000000e+01  -7.557988690583e+00 1.175765805767e+01 1.385111104814e+01 2.323463047169e+00
1.680000000000e+01  -7.440323314917e+00 1.177532278700e+01 1.387410446973e+01 2.275202846159e+00
1.681000000000e+01  -7.322485016595e+00 1.179224245042e+01 1.389661563499e+01 2.227012167297e+00
1.682000000000e+01  -7.204481256568e+00 1.180841499551e+01 1.391864525693e+01 2.178894566510e+00
1.683000000000e+01  -7.086319515582e+00 1.182383851557e+01 1.394019408353e+01 2.130853486385e+00
1.684000000000e+01  -6.968007292684e+00 1.183851125720e+01 1.396126289662e+01 2.082892248571e+00
1.685000000000e+01  -6.849552103651e+00 1.185243162800e+01 1.398185251059e+01 2.035014045969e+00
1.686000000000e+01  -6.730961479340e+00 1.186559820451e+01 1.400196377107e+01 1.987221934714e+00
1.687000000000e+01  -6.612242963954e+00 1.187800974036e+01 1.402159755354e+01 1.939518825959e+00
1.688000000000e+01  -6.493404113235e+00 1.188966517458e+01 1.404075476181e+01 1.891907477474e+00
1.689000000000e+01  -6.374452492566e+00 1.190056364009e+01 1.405943632647e+01 1.844390485092e+00
1.690000000000e+01  -6.255395674987e+00 1.191070447232e+01 1.407764320322e+01 1.796970273995e+00
1.691000000000e+01  -6.136241239128e+00 1.192008721792e+01 1.409537637109e+01 1.749649089888e+00
1.692000000000e+01  -6.016996767051e+00 1.192871164368e+01 1.411263683064e+01 1.702428990066e+00
1.693000000000e+01  -5.897669842006e+00 1.193657774538e+01 1.412942560203e+01 1.655311834417e+00
1.694000000000e+01  -5.778268046096e+00 1.194368575674e+01 1.414574372297e+01 1.608299276375e+00
1.695000000000e+01  -5.658798957851e+00 1.195003615844e+01 1.416159224662e+01 1.561392753867e+00
1.696000000000e+01  -5.539270149716e+00 1.195562968701e+01 1.417697223941e+01 1.514593480288e+00
1.697000000000e+01  -5.419689185445e+00 1.196046734370e+01 1.419188477874e+01 1.467902435544e+00
1.698000000000e+01  -5.300063617415e+00 1.196455040324e+01 1.420633095058e+01 1.421320357191e+00
1.699000000000e+01  -5.180400983842e+00 1.196788042247e+01 1.422031184704e+01 1.374847731741e+00
1.700000000000e+01  -5.060708805923e+00 1.197045924868e+01 1.423382856379e+01 1.328484786160e+00
1.701000000000e+01  -4.940994584889e+00 1.197228902785e+01 1.424688219742e+01 1.282231479615e+00
1.702000000000e+01  -4.821265798979e+00 1.197337221241e+01 1.425947384274e+01 1.236087495530e+00
1.703000000000e+01  -4.701529900335e+00 1.197371156877e+01 1.427160459000e+01 1.190052233996e+00
1.704000000000e+01  -4.581794311832e+00 1.197331018440e+01 1.428327552195e+01 1.144124804604e+00
1.705000000000e+01  -4.462066423833e+00 1.197217147435e+01 1.429448771099e+01 1.098304019748e+00
1.706000000000e+01  -4.342353590879e+00 1.197029918738e+01 1.430524221613e+01 1.052588388477e+00
1.707000000000e+01  -4.222663128329e+00 1.196769741136e+01 1.431554007988e+01 1.006976110940e+00
1.708000000000e+01  -4.103002308945e+00 1.196437057801e+01 1.432538232524e+01 9.614650735048e-01
1.709000000000e+01  -3.983378359431e+00 1.196032346703e+01 1.433476995244e+01 9.160528446000e-01
1.710000000000e+01  -3.863798456936e+00 1.195556120925e+01 1.434370393582e+01 8.707366713626e-01
1.711000000000e+01  -3.744269725537e+00 1.195008928909e+01 1.435218522054e+01 8.255134771379e-01
1.712000000000e+01  -3.624799232687e+00 1.194391354597e+01 1.436021471940e+01 7.803798599053e-01
1.713000000000e+01  -3.505393985670e+00 1.193704017479e+01 1.436779330952e+01 7.353320916878e-01
1.714000000000e+01  -3.386060928045e+00 1.192947572539e+01 1.437492182913e+01 6.903661190040e-01
1.715000000000e+01  -3.266806936107e+00 1.192122710084e+01 1.438160107431e+01 6.454775644185e-01
1.716000000000e+01  -3.147638815366e+00 1.191230155466e+01 1.438783179575e+01 6.006617292424e-01
1.717000000000e+01  -3.028563297067e+00 1.190270668674e+01 1.439361469555e+01 5.559135974302e-01
1.718000000000e+01  -2.909587034749e+00 1.189245043815e+01 1.439895042412e+01 5.112278407159e-01
1.719000000000e+01  -2.790716600865e+00 1.188154108454e+01 1.440383957704e+01 4.665988250226e-01
1.720000000000e+01  -2.671958483480e+00 1.186998722837e+01 1.440828269205e+01 4.220206181755e-01
1.721000000000e+01  -2.553319083045e+00 1.185779778967e+01 1.441228024616e+01 3.774869989382e-01
1.722000000000e+01  -2.434804709275e+00 1.184498199559e+01 1.441583265272e+01 3.329914673861e-01
1.723000000000e+01  -2.316421578137e+00 1.183154936853e+01 1.441894025879e+01 2.885272566204e-01
1.724000000000e+01  -2.198175808962e+00 1.181750971298e+01 1.442160334247e+01 2.440873458179e-01
1.725000000000e+01  -2.080073421699e+00 1.180287310099e+01 1.442382211047e+01 1.996644746015e-01
1.726000000000e+01  -1.962120334317e+00 1.178764985638e+01 1.442559669574e+01 1.552511587052e-01
1.727000000000e+01  -1.844322360373e+00 1.177185053768e+01 1.442692715540e+01 1.108397068998e-01
1.728000000000e+01  -1.726685206757e+00 1.175548591985e+01 1.442781346868e+01 6.642223913040e-02
1.729000000000e+01  -1.609214471621e+00 1.173856697487e+01 1.442825553518e+01 2.199070581132e-02
1.730000000000e+01  -1.491915642517e+00 1.172110485117e+01 1.442825317324e+01 -2.246309179105e-02
1.731000000000e+01  -1.374794094737e+00 1.170311085213e+01 1.442780611859e+01 -6.694748016436e-02
1.732000000000e+01  -1.257855089877e+00 1.168459641362e+01 1.442691402316e+01 -1.114708912335e-01
1.733000000000e+01  -1.141103774626e+00 1.166557308068e+01 1.442557645415e+01 -1.560418392179e-01
1.734000000000e+01  -1.024545179797e+00 1.164605248356e+01 1.442379289332e+01 -2.006688967697e-01
1.735000000000e+01  -9.081842195979e-01 1.162604631307e+01 1.442156273655e+01 -2.453606705057e-01
1.736000000000e+01  -7.920256911503e-01 1.160556629550e+01 1.441888529359e+01 -2.901257760558e-01
1.737000000000e+01  -6.760742742623e-01 1.158462416713e+01 1.441575978812e+01 -3.349728127539e-01
1.738000000000e+01  -5.603345314570e-01 1.156323164858e+01 1.441218535804e+01 -3.799103381047e-01
1.739000000000e+01  -4.448109082580e-01 1.154140041904e+01 1.440816105602e+01 -4.249468421621e-01
1.740000000000e+01  -3.295077337326e-01 1.151914209051e+01 1.440368585027e+01 -4.700907219577e-01
1.741000000000e+01  -2.144292212912e-01 1.149646818229e+01 1.439875862564e+01 -5.153502561197e-01
1.742000000000e+01  -9.957946974002e-02 1.147339009576e+01 1.439337818490e+01 -5.607335798215e-01
1.743000000000e+01  1.503753541548e-02 1.144991908966e+01 1.438754325032e+01 -6.062486601985e-01
1.744000000000e+01  1.294179204238e-01 1.142606625594e+01 1.438125246545e+01 -6.519032723675e-01
1.745000000000e+01  2.435579215023e-01 1.140184249632e+01 1.437450439717e+01 -6.977049761801e-01
1.746000000000e+01  3.574538828224e-01 1.137725849982e+01 1.436729753795e+01 -7.436610938363e-01
1.747000000000e+01  4.711022542744e-01 1.135232472110e+01 1.435963030832e+01 -7.897786884738e-01
1.748000000000e+01  5.844995890218e-01 1.132705136005e+01 1.435150105958e+01 -8.360645438477e-01
1.749000000000e+01  6.976425408566e-01 1.130144834244e+01 1.434290807671e+01 -8.825251451981e-01
1.750000000000e+01  8.105278613686e-01 1.127552530194e+01 1.433384958138e+01 -9.291666614005e-01
1.751000000000e+01  9.231523969409e-01 1.124929156345e+01 1.432432373527e+01 -9.759949284779e-01
1.752000000000e+01  1.035513085586e+00 1.122275612788e+01 1.431432864340e+01 -1.023015434546e+00
1.753000000000e+01  1.147606953636e+00 1.119592765841e+01 1.430386235777e+01 -1.070233306247e+00
1.754000000000e+01  1.259431112308e+00 1.116881446830e+01 1.429292288092e+01 -1.117653296724e+00
1.755000000000e+01  1.370982754148e+00 1.114142451026e+01 1.428150816983e+01 -1.165279775159e+00
1.756000000000e+01  1.482259149380e+00 1.111376536741e+01 1.426961613971e+01 -1.213116717908e+00
1.757000000000e+01  1.593257642176e+00 1.108584424583e+01 1.425724466805e+01 -1.261167701238e+00
1.758000000000e+01  1.703975646856e+00 1.105766796875e+01 1.424439159857e+01 -1.309435895654e+00
1.759000000000e+01  1.814410644033e+00 1.102924297224e+01 1.423105474535e+01 -1.357924061823e+00
1.760000000000e+01  1.924560176736e+00 1.100057530257e+01 1.421723189691e+01 -1.406634548049e+00
1.761000000000e+01  2.034421846499e+00 1.097167061499e+01 1.420292082039e+01 -1.455569289279e+00
1.762000000000e+01  2.143993309457e+00 1.094253417407e+01 1.418811926560e+01 -1.504729807584e+00
1.763000000000e+01  2.253272272446e+00 1.091317085540e+01 1.417282496921e+01 -1.554117214073e+00
1.764000000000e+01  2.362256489126e+00 1.088358514871e+01 1.415703565882e+01 -1.603732212173e+00
1.765000000000e+01  2.470943756151e+00 1.085378116226e+01 1.414074905699e+01 -1.653575102204e+00
1.766000000000e+01  2.579331909376e+00 1.082376262847e+01 1.412396288529e+01 -1.703645787185e+00
1.767000000000e+01  2.687418820137e+00 1.079353291064e+01 1.410667486819e+01 -1.753943779781e+00
1.768000000000e+01  2.795202391593e+00 1.076309501086e+01 1.408888273695e+01 -1.804468210319e+00
1.769000000000e+01  2.902680555167e+00 1.073245157873e+01 1.407058423340e+01 -1.855217835776e+00
1.770000000000e+01  3.009851267060e+00 1.070160492112e+01 1.405177711362e+01 -1.906191049663e+00
1.771000000000e+01  3.116712504883e+00 1.067055701261e+01 1.403245915151e+01 -1.957385892706e+00
1.772000000000e+01  3.223262264385e+00 1.063930950674e+01 1.401262814227e+01 -2.008800064239e+00
1.773000000000e+01  3.329498556308e+00 1.060786374781e+01 1.399228190576e+01 -2.060430934221e+00
1.774000000000e+01  3.435419403349e+00 1.057622078325e+01 1.397141828972e+01 -2.112275555788e+00
1.775000000000e+01  3.541022837262e+00 1.054438137642e+01 1.395003517287e+01 -2.164330678250e+00
1.776000000000e+01  3.646306896078e+00 1.051234601977e+01 1.392813046791e+01 -2.216592760455e+00
1.777000000000e+01  3.751269621466e+00 1.048011494834e+01 1.390570212433e+01 -2.269057984436e+00
1.778000000000e+01  3.855909056226e+00 1.044768815337e+01 1.388274813109e+01 -2.321722269269e+00
1.779000000000e+01  3.960223241922e+00 1.041506539609e+01 1.385926651924e+01 -2.374581285057e+00
1.780000000000e+01  4.064210216648e+00 1.038224622163e+01 1.383525536427e+01 -2.427630466983e+00
1.781000000000e+01  4.167868012939e+00 1.034922997281e+01 1.381071278846e+01 -2.480865029359e+00
1.782000000000e+01  4.271194655815e+00 1.031601580398e+01 1.378563696294e+01 -2.534279979617e+00
1.783000000000e+01  4.374188160966e+00 1.028260269464e+01 1.376002610977e+01 -2.587870132175e+00
1.784000000000e+01  4.476846533068e+00 1.024898946298e+01 1.373387850374e+01 -2.641630122145e+00
1.785000000000e+01  4.579167764243e+00 1.021517477917e+01 1.370719247411e+01 -2.695554418812e+00
1.786000000000e+01  4.681149832635e+00 1.018115717835e+01 1.367996640624e+01 -2.749637338866e+00
1.787000000000e+01  4.782790701132e+00 1.014693507338e+01 1.365219874299e+01 -2.803873059339e+00
1.788000000000e+01  4.884088316197e+00 1.011250676727e+01 1.362388798611e+01 -2.858255630205e+00
1.789000000000e+01  4.985040606838e+00 1.007787046518e+01 1.359503269742e+01 -2.912778986640e+00
1.790000000000e+01  5.085645483682e+00 1.004302428611e+01 1.356563149988e+01 -2.967436960888e+00
1.791000000000e+01  5.185900838170e+00 1.000796627418e+01 1.353568307861e+01 -3.022223293738e+00
1.792000000000e+01  5.285804541865e+00 9.972694409449e+00 1.350518618173e+01 -3.077131645576e+00
1.793000000000e+01  5.385354445864e+00 9.937206618369e+00 1.347413962107e+01 -3.132155607014e+00
1.794000000000e+01  5.484548380309e+00 9.901500783732e+00 1.344254227289e+01 -3.187288709079e+00
1.795000000000e+01  5.583384153997e+00 9.865574754226e+00 1.341039307837e+01 -3.242524432958e+00
1.796000000000e+01  5.681859554091e+00 9.829426353510e+00 1.337769104408e+01 -3.297856219290e+00
1.797000000000e+01  5.779972345905e+00 9.793053388856e+00 1.334443524236e+01 -3.353277477016e+00
1.798000000000e+01  5.877720272786e+00 9.756453659333e+00 1.331062481155e+01 -3.408781591771e+00
1.799000000000e+01  5.975101056069e+00 9.719624963545e+00 1.327625895623e+01 -3.464361933846e+00
1.800000000000e+01  6.072112395111e+00 9.682565106935e+00 1.324133694731e+01 -3.520011865693e+00
1.801000000000e+01  6.168751967388e+00 9.645271908656e+00 1.320585812209e+01 -3.575724749014e+00
1.802000000000e+01  6.265017428672e+00 9.607743208010e+00 1.316982188420e+01 -3.631493951415e+00
1.803000000000e+01  6.360906413256e+00 9.569976870484e+00 1.313322770356e+01 -3.687312852657e+00
1.804000000000e+01  6.456416534250e+00 9.531970793375e+00 1.309607511619e+01 -3.743174850495e+00
1.805000000000e+01  6.551545383918e+00 9.493722911024e+00 1.305836372401e+01 -3.799073366130e+00
1.806000000000e+01  6.646290534081e+00 9.455231199680e+00 1.302009319460e+01 -3.855001849289e+00
1.807000000000e+01  6.740649536551e+00 9.416493681987e+00 1.298126326086e+01 -3.910953782929e+00
1.808000000000e+01  6.834619923622e+00 9.377508431127e+00 1.294187372069e+01 -3.966922687603e+00
1.809000000000e+01  6.928199208588e+00 9.338273574629e+00 1.290192443656e+01 -4.022902125479e+00
1.810000000000e+01  7.021384886312e+00 9.298787297841e+00 1.286141533511e+01 -4.078885704041e+00
1.811000000000e+01  7.114174433810e+00 9.259047847115e+00 1.282034640664e+01 -4.134867079485e+00
1.812000000000e+01  7.206565310886e+00 9.219053532675e+00 1.277871770465e+01 -4.190839959818e+00
1.813000000000e+01  7.298554960774e+00 9.178802731226e+00 1.273652934528e+01 -4.246798107679e+00
1.814000000000e+01  7.390140810822e+00 9.138293888285e+00 1.269378150675e+01 -4.302735342895e+00
1.815000000000e+01  7.481320273188e+00 9.097525520264e+00 1.265047442880e+01 -4.358645544790e+00
1.816000000000e+01  7.572090745555e+00 9.056496216323e+00 1.260660841205e+01 -4.414522654257e+00
1.817000000000e+01  7.662449611871e+00 9.015204639990e+00 1.256218381741e+01 -4.470360675599e+00
1.818000000000e+01  7.752394243099e+00 8.973649530575e+00 1.251720106541e+01 -4.526153678176e+00
1.819000000000e+01  7.841921997979e+00 8.931829704391e+00 1.247166063557e+01 -4.581895797840e+00
1.820000000000e+01  7.931030223804e+00 8.889744055784e+00 1.242556306569e+01 -4.637581238197e+00
1.821000000000e+01  8.019716257205e+00 8.847391557994e+00 1.237890895121e+01 -4.693204271693e+00
1.822000000000e+01  8.107977424945e+00 8.804771263856e+00 1.233169894450e+01 -4.748759240535e+00
1.823000000000e+01  8.195811044713e+00 8.761882306347e+00 1.228393375413e+01 -4.804240557475e+00
1.824000000000e+01  8.283214425933e+00 8.718723899004e+00 1.223561414421e+01 -4.859642706443e+00
1.825000000000e+01  8.370184870568e+00 8.675295336197e+00 1.218674093365e+01 -4.914960243059e+00
1.826000000000e+01  8.456719673929e+00 8.631595993305e+00 1.213731499543e+01 -4.970187795026e+00
1.827000000000e+01  8.542816125486e+00 8.587625326762e+00 1.208733725590e+01 -5.025320062412e+00
1.828000000000e+01  8.628471509680e+00 8.543382874015e+00 1.203680869405e+01 -5.080351817835e+00
1.829000000000e+01  8.713683106728e+00 8.498868253391e+00 1.198573034077e+01 -5.135277906555e+00
1.830000000000e+01  8.798448193437e+00 8.454081163869e+00 1.193410327816e+01 -5.190093246483e+00
1.831000000000e+01  8.882764044003e+00 8.409021384790e+00 1.188192863874e+01 -5.244792828113e+00
1.832000000000e+01  8.966627930817e+00 8.363688775487e+00 1.182920760479e+01 -5.299371714386e+00
1.833000000000e+01  9.050037125258e+00 8.318083274857e+00 1.177594140760e+01 -5.353825040496e+00
1.834000000000e+01  9.132988898495e+00 8.272204900881e+00 1.172213132673e+01 -5.408148013633e+00
1.835000000000e+01  9.215480522263e+00 8.226053750087e+00 1.166777868933e+01 -5.462335912684e+00
1.836000000000e+01  9.297509269658e+00 8.179629996970e+00 1.161288486939e+01 -5.516384087882e+00
1.837000000000e+01  9.379072415903e+00 8.132933893382e+00 1.155745128704e+01 -5.570287960428e+00
1.838000000000e+01  9.460167239127e+00 8.085965767874e+00 1.150147940787e+01 -5.624043022066e+00
1.839000000000e+01  9.540791021121e+00 8.038726025022e+00 1.144497074218e+01 -5.677644834638e+00
1.840000000000e+01  9.620941048102e+00 7.991215144714e+00 1.138792684430e+01 -5.731089029614e+00
1.841000000000e+01  9.700614611455e+00 7.943433681433e+00 1.133034931192e+01 -5.784371307594e+00
1.842000000000e+01  9.779809008483e+00 7.895382263506e+00 1.127223978537e+01 -5.837487437799e+00
1.843000000000e+01  9.858521543134e+00 7.847061592349e+00 1.121359994695e+01 -5.890433257551e+00
1.844000000000e+01  9.936749526735e+00 7.798472441699e+00 1.115443152024e+01 -5.943204671734e+00
1.845000000000e+01  1.001449027871e+01 7.749615656840e+00 1.109473626944e+01 -5.995797652254e+00
1.846000000000e+01  1.009174112728e+01 7.700492153817e+00 1.103451599871e+01 -6.048208237492e+00
1.847000000000e+01  1.016849941018e+01 7.651102918658e+00 1.097377255149e+01 -6.100432531756e+00
1.848000000000e+01  1.024476247537e+01 7.601449006587e+00 1.091250780984e+01 -6.152466704733e+00
1.849000000000e+01  1.032052768167e+01 7.551531541245e+00 1.085072369381e+01 -6.204306990940e+00
1.850000000000e+01  1.039579239950e+01 7.501351713913e+00 1.078842216079e+01 -6.255949689185e+00
1.851000000000e+01  1.047055401153e+01 7.450910782739e+00 1.072560520485e+01 -6.307391162029e+00
1.852000000000e+01  1.054480991332e+01 7.400210071975e+00 1.066227485613e+01 -6.358627835257e+00
1.853000000000e+01  1.061855751401e+01 7.349250971221e+00 1.059843318017e+01 -6.409656197362e+00
1.854000000000e+01  1.069179423698e+01 7.298034934684e+00 1.053408227736e+01 -6.460472799031e+00
1.855000000000e+01  1.076451752043e+01 7.246563480439e+00 1.046922428224e+01 -6.511074252652e+00
1.856000000000e+01  1.083672481809e+01 7.194838189715e+00 1.040386136293e+01 -6.561457231827e+00
1.857000000000e+01  1.090841359980e+01 7.142860706185e+00 1.033799572052e+01 -6.611618470904e+00
1.858000000000e+01  1.097958135215e+01 7.090632735272e+00 1.027162958844e+01 -6.661554764516e+00
1.859000000000e+01  1.105022557909e+01 7.038156043477e+00 1.020476523188e+01 -6.711262967147e+00
1.860000000000e+01  1.112034380253e+01 6.985432457714e+00 1.013740494719e+01 -6.760739992702e+00
1.861000000000e+01  1.118993356296e+01 6.932463864669e+00 1.006955106129e+01 -6.809982814099e+00
1.862000000000e+01  1.125899242003e+01 6.879252210169e+00 1.000120593107e+01 -6.858988462883e+00
1.863000000000e+01  1.132751795313e+01 6.825799498579e+00 9.932371942820e+00 -6.907754028850e+00
1.864000000000e+01  1.139550776199e+01 6.772107792203e+00 9.863051511636e+00 -6.956276659689e+00
1.865000000000e+01  1.146295946726e+01 6.718179210718e+00 9.793247080854e+00 -7.004553560652e+00
1.866000000000e+01  1.152987071106e+01 6.664015930615e+00 9.722961121469e+00 -7.052581994230e+00
1.867000000000e+01  1.159623915755e+01 6.609620184664e+00 9.652196131569e+00 -7.100359279857e+00
1.868000000000e+01  1.166206249351e+01 6.554994261401e+00 9.580954635763e+00 -7.147882793628e+00
1.869000000000e+01  1.172733842888e+01 6.500140504625e+00 9.509239184617e+00 -7.195149968038e+00
1.870000000000e+01  1.179206469730e+01 6.445061312924e+00 9.437052354092e+00 -7.242158291741e+00
1.871000000000e+01  1.185623905668e+01 6.389759139212e+00 9.364396744982e+00 -7.288905309323e+00
1.872000000000e+01  1.191985928973e+01 6.334236490294e+00 9.291274982358e+00 -7.335388621103e+00
1.873000000000e+01  1.198292320449e+01 6.278495926437e+00 9.217689715009e+00 -7.381605882942e+00
1.874000000000e+01  1.204542863486e+01 6.222540060974e+00 9.143643614888e+00 -7.427554806081e+00
1.875000000000e+01  1.210737344116e+01 6.166371559916e+00 9.069139376561e+00 -7.473233156990e+00
1.876000000000e+01  1.216875551060e+01 6.109993141591e+00 8.994179716654e+00 -7.518638757238e+00
1.877000000000e+01  1.222957275786e+01 6.053407576293e+00 8.918767373301e+00 -7.563769483383e+00
1.878000000000e+01  1.228982312558e+01 5.996617685953e+00 8.842905105598e+00 -7.608623266879e+00
1.879000000000e+01  1.234950458485e+01 5.939626343832e+00 8.766595693049e+00 -7.653198093997e+00
1.880000000000e+01  1.240861513577e+01 5.882436474221e+00 8.689841935026e+00 -7.697492005768e+00
1.881000000000e+01  1.246715280794e+01 5.825051052169e+00 8.612646650215e+00 -7.741503097940e+00
1.882000000000e+01  1.252511566095e+01 5.767473103220e+00 8.535012676069e+00 -7.785229520952e+00
1.883000000000e+01  1.258250178491e+01 5.709705703172e+00 8.456942868268e+00 -7.828669479927e+00
1.884000000000e+01  1.263930930092e+01 5.651751977841e+00 8.378440100163e+00 -7.871821234673e+00
1.885000000000e+01  1.269553636161e+01 5.593615102859e+00 8.299507262236e+00 -7.914683099706e+00
1.886000000000e+01  1.275118115159e+01 5.535298303463e+00 8.220147261549e+00 -7.957253444288e+00
1.887000000000e+01  1.280624188799e+01 5.476804854321e+00 8.140363021199e+00 -7.999530692471e+00
1.888000000000e+01  1.286071682092e+01 5.418138079354e+00 8.060157479767e+00 -8.041513323159e+00
1.889000000000e+01  1.291460423398e+01 5.359301351580e+00 7.979533590770e+00 -8.083199870187e+00
1.890000000000e+01  1.296790244475e+01 5.300298092969e+00 7.898494322112e+00 -8.124588922405e+00
1.891000000000e+01  1.302060980526e+01 5.241131774303e+00 7.817042655534e+00 -8.165679123774e+00
1.892000000000e+01  1.307272470251e+01 5.181805915058e+00 7.735181586061e+00 -8.206469173473e+00
1.893000000000e+01  1.312424555893e+01 5.122324083283e+00 7.652914121448e+00 -8.246957826018e+00
1.894000000000e+01  1.317517083286e+01 5.062689895497e+00 7.570243281629e+00 -8.287143891388e+00
1.895000000000e+01  1.322549901907e+01 5.002907016591e+00 7.487172098160e+00 -8.327026235155e+00
1.896000000000e+01  1.327522864920e+01 4.942979159734e+00 7.403703613664e+00 -8.366603778621e+00
1.897000000000e+01  1.332435829228e+01 4.882910086289e+00 7.319840881268e+00 -8.405875498970e+00
1.898000000000e+01  1.337288655517e+01 4.822703605728e+00 7.235586964052e+00 -8.444840429409e+00
1.899000000000e+01  1.342081208310e+01 4.762363575561e+00 7.150944934479e+00 -8.483497659322e+00
1.900000000000e+01  1.346813356008e+01 4.701893901251e+00 7.065917873838e+00 -8.521846334426e+00
1.901000000000e+01  1.351484970944e+01 4.641298536145e+00 6.980508871678e+00 -8.559885656918e+00
1.902000000000e+01  1.356095929427e+01 4.580581481395e+00 6.894721025245e+00 -8.597614885634e+00
1.903000000000e+01  1.360646111792e+01 4.519746785882e+00 6.808557438910e+00 -8.635033336197e+00
1.904000000000e+01  1.365135402445e+01 4.458798546130e+00 6.722021223604e+00 -8.672140381156e+00
1.905000000000e+01  1.369563689914e+01 4.397740906221e+00 6.635115496248e+00 -8.708935450136e+00
1.906000000000e+01  1.373930866893e+01 4.336578057699e+00 6.547843379180e+00 -8.745418029960e+00
1.907000000000e+01  1.378236830294e+01 4.275314239468e+00 6.460207999584e+00 -8.781587664777e+00
1.908000000000e+01  1.382481481290e+01 4.213953737670e+00 6.372212488913e+00 -8.817443956169e+00
1.909000000000e+01  1.386664725362e+01 4.152500885564e+00 6.283859982320e+00 -8.852986563247e+00
1.910000000000e+01  1.390786472351e+01 4.090960063374e+00 6.195153618076e+00 -8.888215202734e+00
1.911000000000e+01  1.394846636499e+01 4.029335698133e+00 6.106096536998e+00 -8.923129649024e+00
1.912000000000e+01  1.398845136500e+01 3.967632263496e+00 6.016691881870e+00 -8.957729734224e+00
1.913000000000e+01  1.402781895545e+01 3.905854279535e+00 5.926942796867e+00 -8.992015348170e+00
1.914000000000e+01  1.406656841367e+01 3.844006312509e+00 5.836852426974e+00 -9.025986438421e+00
1.915000000000e+01  1.410469906288e+01 3.782092974601e+00 5.746423917417e+00 -9.059643010219e+00
1.916000000000e+01  1.414221027266e+01 3.720118923629e+00 5.655660413078e+00 -9.092985126416e+00
1.917000000000e+01  1.417910145940e+01 3.658088862719e+00 5.564565057923e+00 -9.126012907374e+00
1.918000000000e+01  1.421537208674e+01 3.596007539937e+00 5.473140994430e+00 -9.158726530818e+00
1.919000000000e+01  1.425102166601e+01 3.533879747888e+00 5.381391363010e+00 -9.191126231646e+00
1.920000000000e+01  1.428604975671e+01 3.471710323261e+00 5.289319301444e+00 -9.223212301704e+00
1.921000000000e+01  1.432045596691e+01 3.409504146329e+00 5.196927944310e+00 -9.254985089497e+00
1.922000000000e+01  1.435423995371e+01 3.347266140396e+00 5.104220422418e+00 -9.286444999858e+00
1.923000000000e+01  1.438740142363e+01 3.285001271188e+00 5.011199862252e+00 -9.317592493552e+00
1.924000000000e+01  1.441994013309e+01 3.222714546175e+00 4.917869385409e+00 -9.348428086822e+00
1.925000000000e+01  1.445185588876e+01 3.160411013843e+00 4.824232108050e+00 -9.378952350867e+00
1.926000000000e+01  1.448314854803e+01 3.098095762874e+00 4.730291140352e+00 -9.409165911247e+00
1.927000000000e+01  1.451381801933e+01 3.035773921271e+00 4.636049585969e+00 -9.439069447215e+00
1.928000000000e+01  1.454386426260e+01 2.973450655389e+00 4.541510541494e+00 -9.468663690966e+00
1.929000000000e+01  1.457328728960e+01 2.911131168885e+00 4.446677095943e+00 -9.497949426799e+00
1.930000000000e+01  1.460208716435e+01 2.848820701579e+00 4.351552330227e+00 -9.526927490192e+00
1.931000000000e+01  1.463026400339e+01 2.786524528214e+00 4.256139316658e+00 -9.555598766770e+00
1.932000000000e+01  1.465781797622e+01 2.724247957118e+00 4.160441118440e+00 -9.583964191182e+00
1.933000000000e+01  1.468474930555e+01 2.661996328758e+00 4.064460789197e+00 -9.612024745863e+00
1.934000000000e+01  1.471105826767e+01 2.599775014172e+00 3.968201372493e+00 -9.639781459678e+00
1.935000000000e+01  1.473674519273e+01 2.537589413297e+00 3.871665901380e+00 -9.667235406454e+00
1.936000000000e+01  1.476181046499e+01 2.475444953156e+00 3.774857397955e+00 -9.694387703380e+00
1.937000000000e+01  1.478625452312e+01 2.413347085917e+00 3.677778872933e+00 -9.721239509273e+00
1.938000000000e+01  1.481007786044e+01 2.351301286821e+00 3.580433325245e+00 -9.747792022706e+00
1.939000000000e+01  1.483328102510e+01 2.289313051954e+00 3.482823741646e+00 -9.774046479994e+00
1.940000000000e+01  1.485586462032e+01 2.227387895875e+00 3.384953096349e+00 -9.800004153021e+00
1.941000000000e+01  1.487782930455e+01 2.165531349081e+00 3.286824350683e+00 -9.825666346914e+00
1.942000000000e+01  1.489917579160e+01 2.103748955315e+00 3.188440452773e+00 -9.851034397549e+00
1.943000000000e+01  1.491990485077e+01 2.042046268697e+00 3.089804337242e+00 -9.876109668884e+00
1.944000000000e+01  1.494001730695e+01 1.980428850680e+00 2.990918924949e+00 -9.900893550125e+00
1.945000000000e+01  1.495951404066e+01 1.918902266827e+00 2.891787122750e+00 -9.925387452693e+00
1.946000000000e+01  1.497839598806e+01 1.857472083396e+00 2.792411823291e+00 -9.949592807015e+00
1.947000000000e+01  1.499666414099e+01 1.796143863731e+00 2.692795904836e+00 -9.973511059111e+00
1.948000000000e+01  1.501431954687e+01 1.734923164456e+00 2.592942231128e+00 -9.997143666990e+00
1.949000000000e+01  1.503136330864e+01 1.673815531465e+00 2.492853651291e+00 -1.002049209683e+01
1.950000000000e+01  1.504779658462e+01 1.612826495698e+00 2.392532999764e+00 -1.004355781896e+01
1.951000000000e+01  1.506362058834e+01 1.551961568715e+00 2.291983096284e+00 -1.006634230362e+01
1.952000000000e+01  1.507883658834e+01 1.491226238040e+00 2.191206745910e+00 -1.008884701649e+01
1.953000000000e+01  1.509344590788e+01 1.430625962298e+00 2.090206739087e+00 -1.011107341407e+01
1.954000000000e+01  1.510744992463e+01 1.370166166123e+00 1.988985851768e+00 -1.013302293870e+01
1.955000000000e+01  1.512085007032e+01 1.309852234850e+00 1.887546845578e+00 -1.015469701352e+01
1.956000000000e+01  1.513364783032e+01 1.249689508976e+00 1.785892468033e+00 -1.017609703707e+01
1.957000000000e+01  1.514584474312e+01 1.189683278405e+00 1.684025452815e+00 -1.019722437774e+01
1.958000000000e+01  1.515744239986e+01 1.129838776468e+00 1.581948520101e+00 -1.021808036801e+01
1.959000000000e+01  1.516844244369e+01 1.070161173727e+00 1.479664376954e+00 -1.023866629838e+01
1.960000000000e+01  1.517884656910e+01 1.010655571562e+00 1.377175717772e+00 -1.025898341120e+01
1.961000000000e+01  1.518865652124e+01 9.513269955469e-01 1.274485224802e+00 -1.027903289419e+01
1.962000000000e+01  1.519787409509e+01 8.921803886288e-01 1.171595568720e+00 -1.029881587384e+01
1.963000000000e+01  1.520650113462e+01 8.332206041034e-01 1.068509409280e+00 -1.031833340853e+01
1.964000000000e+01  1.521453953184e+01 7.744523984107e-01 9.652293960244e-01 -1.033758648155e+01
1.965000000000e+01  1.522199122581e+01 7.158804237534e-01 8.617581690760e-01 -1.035657599387e+01
1.966000000000e+01  1.522885820154e+01 6.575092205552e-01 7.580983599958e-01 -1.037530275679e+01
1.967000000000e+01  1.523514248887e+01 5.993432097716e-01 6.542525927178e-01 -1.039376748442e+01
1.968000000000e+01  1.524084616120e+01 5.413866850704e-01 5.502234845588e-01 -1.041197078605e+01
1.969000000000e+01  1.524597133418e+01 4.836438049013e-01 4.460136473059e-01 -1.042991315840e+01
1.970000000000e+01  1.525052016436e+01 4.261185844734e-01 3.416256883807e-01 -1.044759497777e+01
1.971000000000e+01  1.525449484764e+01 3.688148876651e-01 2.370622120838e-01 -1.046501649210e+01
1.972000000000e+01  1.525789761781e+01 3.117364188891e-01 1.323258209177e-01 -1.048217781304e+01
1.973000000000e+01  1.526073074483e+01 2.548867149406e-01 2.741911698985e-02 -1.049907890798e+01
1.974000000000e+01  1.526299653317e+01 1.982691368557e-01 -7.765529650498e-02 -1.051571959204e+01
1.975000000000e+01  1.526469731997e+01 1.418868618121e-01 -1.828948137223e-01 -1.053209952017e+01
1.976000000000e+01  1.526583547322e+01 8.574287510365e-02 -2.882968245268e-01 -1.054821817928e+01
1.977000000000e+01  1.526641338972e+01 2.983996222266e-02 -3.938587127737e-01 -1.056407488052e+01
1.978000000000e+01  1.526643349312e+01 -2.581929891267e-02 -4.995778545122e-01 -1.057966875161e+01
1.979000000000e+01  1.526589823175e+01 -8.123254554937e-02 -6.054516161152e-01 -1.059499872950e+01
1.980000000000e+01  1.526481007648e+01 -1.363976374695e-01 -7.114773523344e-01 -1.061006355308e+01
1.981000000000e+01  1.526317151840e+01 -1.913126640982e-01 -8.176524042860e-01 -1.062486175632e+01
1.982000000000e+01  1.526098506657e+01 -2.459759513094e-01 -9.239740973675e-01 -1.063939166156e+01
1.983000000000e+01  1.525825324552e+01 -3.003860678845e-01 -1.030439739110e+00 -1.065365137322e+01
1.984000000000e+01  1.525497859291e+01 -3.545418315842e-01 -1.137046616971e+00 -1.066763877194e+01
1.985000000000e+01  1.525116365689e+01 -4.084423147873e-01 -1.243791996065e+00 -1.068135150902e+01
1.986000000000e+01  1.524681099363e+01 -4.620868496538e-01 -1.350673116852e+00 -1.069478700151e+01
1.987000000000e+01  1.524192316463e+01 -5.154750327706e-01 -1.457687192763e+00 -1.070794242763e+01
1.988000000000e+01  1.523650273410e+01 -5.686067292349e-01 -1.564831407804e+00 -1.072081472289e+01
1.989000000000e+01  1.523055226624e+01 -6.214820761349e-01 -1.672102914100e+00 -1.073340057676e+01
1.990000000000e+01  1.522407432247e+01 -6.741014853882e-01 -1.779498829429e+00 -1.074569642997e+01
1.991000000000e+01  1.521707145876e+01 -7.264656458976e-01 -1.887016234725e+00 -1.075769847252e+01
1.992000000000e+01  1.520954622275e+01 -7.785755249897e-01 -1.994652171557e+00 -1.076940264237e+01
1.993000000000e+01  1.520150115105e+01 -8.304323691009e-01 -2.102403639614e+00 -1.078080462495e+01
1.994000000000e+01  1.519293876638e+01 -8.820377036810e-01 -2.210267594177e+00 -1.079189985334e+01
1.995000000000e+01  1.518386157483e+01 -9.333933322861e-01 -2.318240943600e+00 -1.080268350936e+01
1.996000000000e+01  1.517427206307e+01 -9.845013348364e-01 -2.426320546810e+00 -1.081315052546e+01
1.997000000000e+01  1.516417269561e+01 -1.035364065020e+00 -2.534503210823e+00 -1.082329558746e+01
1.998000000000e+01  1.515356591205e+01 -1.085984146827e+00 -2.642785688299e+00 -1.083311313812e+01
1.999000000000e+01  1.514245412445e+01 -1.136364470200e+00 -2.751164675133e+00 -1.084259738170e+01
2.000000000000e+01  1.513083971463e+01 -1.186508185800e+00 -2.859636808096e+00 -1.085174228926e+01
2.001000000000e+01  1.511872503167e+01 -1.236418698883e+00 -2.968198662535e+00 -1.086054160498e+01
2.002000000000e+01  1.510611238933e+01 -1.286099662294e+00 -3.076846750139e+00 -1.086898885326e+01
2.003000000000e+01  1.509300406366e+01 -1.335554968586e+00 -3.185577516783e+00 -1.087707734677e+01
2.004000000000e+01  1.507940229061e+01 -1.384788741282e+00 -3.294387340455e+00 -1.088480019530e+01
2.005000000000e+01  1.506530926381e+01 -1.433805325302e+00 -3.403272529272e+00 -1.089215031549e+01
2.006000000000e+01  1.505072713238e+01 -1.482609276577e+00 -3.512229319606e+00 -1.089912044130e+01
2.007000000000e+01  1.503565799886e+01 -1.531205350889e+00 -3.621253874311e+00 -1.090570313537e+01
2.008000000000e+01  1.502010391733e+01 -1.579598491971e+00 -3.730342281070e+00 -1.091189080099e+01
2.009000000000e+01  1.500406689152e+01 -1.627793818910e+00 -3.839490550866e+00 -1.091767569484e+01
2.010000000000e+01  1.498754887318e+01 -1.675796612903e+00 -3.948694616583e+00 -1.092304994039e+01
2.011000000000e+01  1.497055176050e+01 -1.723612303417e+00 -4.057950331742e+00 -1.092800554181e+01
2.012000000000e+01  1.495307739670e+01 -1.771246453810e+00 -4.167253469381e+00 -1.093253439853e+01
2.013000000000e+01  1.493512756878e+01 -1.818704746478e+00 -4.276599721085e+00 -1.093662832017e+01
2.014000000000e+01  1.491670400639e+01 -1.865992967586e+00 -4.385984696161e+00 -1.094027904196e+01
2.015000000000e+01  1.489780838089e+01 -1.913116991448e+00 -4.495403920976e+00 -1.094347824046e+01
2.016000000000e+01  1.487844230451e+01 -1.960082764645e+00 -4.604852838448e+00 -1.094621754956e+01
2.017000000000e+01  1.485860732977e+01 -2.006896289920e+00 -4.714326807701e+00 -1.094848857673e+01
2.018000000000e+01  1.483830494892e+01 -2.053563609955e+00 -4.823821103885e+00 -1.095028291932e+01
2.019000000000e+01  1.481753659371e+01 -2.100090791077e+00 -4.933330918152e+00 -1.095159218098e+01
2.020000000000e+01  1.479630363515e+01 -2.146483906992e+00 -5.042851357806e+00 -1.095240798804e+01
2.021000000000e+01  1.477460738357e+01 -2.192749022590e+00 -5.152377446606e+00 -1.095272200584e+01
2.022000000000e+01  1.475244908879e+01 -2.238892177917e+00 -5.261904125243e+00 -1.095252595482e+01
2.023000000000e+01  1.472982994041e+01 -2.284919372376e+00 -5.371426251964e+00 -1.095181162645e+01
2.024000000000e+01  1.470675106833e+01 -2.330836549222e+00 -5.480938603367e+00 -1.095057089886e+01
2.025000000000e+01  1.468321354338e+01 -2.376649580412e+00 -5.590435875337e+00 -1.094879575206e+01
2.026000000000e+01  1.465921837808e+01 -2.422364251887e+00 -5.699912684145e+00 -1.094647828280e+01
2.027000000000e+01  1.463476652760e+01 -2.467986249329e+00 -5.809363567683e+00 -1.094361071886e+01
2.028000000000e+01  1.460985889084e+01 -2.513521144448e+00 -5.918782986845e+00 -1.094018543292e+01
2.029000000000e+01  1.458449631158e+01 -2.558974381864e+00 -6.028165327043e+00 -1.093619495574e+01
2.030000000000e+01  1.455867957990e+01 -2.604351266605e+00 -6.137504899850e+00 -1.093163198879e+01
2.031000000000e+01  1.453240943356e+01 -2.649656952282e+00 -6.246795944763e+00 -1.092648941614e+01
2.032000000000e+01  1.450568655958e+01 -2.694896429965e+00 -6.356032631094e+00 -1.092076031569e+01
2.033000000000e+01  1.447851159596e+01 -2.740074517793e+00 -6.465209059951e+00 -1.091443796966e+01
2.034000000000e+01  1.445088513342e+01 -2.785195851341e+00 -6.574319266335e+00 -1.090751587430e+01
2.035000000000e+01  1.442280771729e+01 -2.830264874761e+00 -6.683357221326e+00 -1.089998774886e+01
2.036000000000e+01  1.439427984946e+01 -2.875285832727e+00 -6.792316834350e+00 -1.089184754371e+01
2.037000000000e+01  1.436530199037e+01 -2.920262763163e+00 -6.901191955530e+00 -1.088308944772e+01
2.038000000000e+01  1.433587456120e+01 -2.965199490790e+00 -7.009976378102e+00 -1.087370789477e+01
2.039000000000e+01  1.430599794593e+01 -3.010099621471e+00 -7.118663840894e+00 -1.086369756953e+01
2.040000000000e+01  1.427567249364e+01 -3.054966537356e+00 -7.227248030861e+00 -1.085305341236e+01
2.041000000000e+01  1.424489852068e+01 -3.099803392813e+00 -7.335722585658e+00 -1.084177062347e+01
2.042000000000e+01  1.421367631307e+01 -3.144613111146e+00 -7.444081096260e+00 -1.082984466629e+01
2.043000000000e+01  1.418200612871e+01 -3.189398382056e+00 -7.552317109604e+00 -1.081727127009e+01
2.044000000000e+01  1.414988819982e+01 -3.234161659854e+00 -7.660424131258e+00 -1.080404643181e+01
2.045000000000e+01  1.411732273523e+01 -3.278905162384e+00 -7.768395628106e+00 -1.079016641726e+01
2.046000000000e+01  1.408430992279e+01 -3.323630870626e+00 -7.876225031033e+00 -1.077562776156e+01
2.047000000000e+01  1.405084993173e+01 -3.368340528974e+00 -7.983905737622e+00 -1.076042726892e+01
2.048000000000e+01  1.401694291501e+01 -3.413035646129e+00 -8.091431114841e+00 -1.074456201186e+01
2.049000000000e+01  1.398258901165e+01 -3.457717496593e+00 -8.198794501715e+00 -1.072802932975e+01
2.050000000000e+01  1.394778834912e+01 -3.502387122727e+00 -8.305989211988e+00 -1.071082682682e+01
2.051000000000e+01  1.391254104559e+01 -3.547045337331e+00 -8.413008536757e+00 -1.069295236967e+01
2.052000000000e+01  1.387684721226e+01 -3.591692726717e+00 -8.519845747085e+00 -1.067440408423e+01
2.053000000000e+01  1.384070695556e+01 -3.636329654241e+00 -8.626494096568e+00 -1.065518035232e+01
2.054000000000e+01  1.380412037938e+01 -3.680956264243e+00 -8.732946823886e+00 -1.063527980773e+01
2.055000000000e+01  1.376708758725e+01 -3.725572486382e+00 -8.839197155290e+00 -1.061470133198e+01
2.056000000000e+01  1.372960868445e+01 -3.770178040306e+00 -8.945238307067e+00 -1.059344404971e+01
2.057000000000e+01  1.369168378009e+01 -3.814772440639e+00 -9.051063487937e+00 -1.057150732371e+01
2.058000000000e+01  1.365331298914e+01 -3.859355002240e+00 -9.156665901414e+00 -1.054889074976e+01
2.059000000000e+01  1.361449643438e+01 -3.903924845705e+00 -9.262038748109e+00 -1.052559415113e+01
2.060000000000e+01  1.357523424832e+01 -3.948480903077e+00 -9.367175227973e+00 -1.050161757299e+01
2.061000000000e+01  1.353552657509e+01 -3.993021923736e+00 -9.472068542490e+00 -1.047696127649e+01
2.062000000000e+01  1.349537357220e+01 -4.037546480430e+00 -9.576711896804e+00 -1.045162573283e+01
2.063000000000e+01  1.345477541225e+01 -4.082052975426e+00 -9.681098501793e+00 -1.042561161716e+01
2.064000000000e+01  1.341373228470e+01 -4.126539646755e+00 -9.785221576073e+00 -1.039891980232e+01
2.065000000000e+01  1.337224439737e+01 -4.171004574513e+00 -9.889074347948e+00 -1.037155135267e+01
2.066000000000e+01  1.333031197805e+01 -4.215445687209e+00 -9.992650057290e+00 -1.034350751769e+01
2.067000000000e+01  1.328793527598e+01 -4.259860768119e+00 -1.009594195736e+01 -1.031478972573e+01
2.068000000000e+01  1.324511456327e+01 -4.304247461649e+00 -1.019894331657e+01 -1.028539957768e+01
2.069000000000e+01  1.320185013622e+01 -4.348603279657e+00 -1.030164742015e+01 -1.025533884064e+01
2.070000000000e+01  1.315814231666e+01 -4.392925607743e+00 -1.040404757185e+01 -1.022460944171e+01
2.071000000000e+01  1.311399145317e+01 -4.437211711473e+00 -1.050613709540e+01 -1.019321346178e+01
2.072000000000e+01  1.306939792223e+01 -4.481458742531e+00 -1.060790933612e+01 -1.016115312942e+01
2.073000000000e+01  1.302436212935e+01 -4.525663744779e+00 -1.070935766231e+01 -1.012843081483e+01
2.074000000000e+01  1.297888451011e+01 -4.569823660213e+00 -1.081047546664e+01 -1.009504902394e+01
2.075000000000e+01  1.293296553116e+01 -4.613935334813e+00 -1.091125616752e+01 -1.006101039255e+01
2.076000000000e+01  1.288660569111e+01 -4.657995524264e+00 -1.101169321030e+01 -1.002631768068e+01
2.077000000000e+01  1.283980552148e+01 -4.702000899549e+00 -1.111178006855e+01 -9.990973766948e+00
2.078000000000e+01  1.279256558745e+01 -4.745948052403e+00 -1.121151024518e+01 -9.954981643190e+00
2.079000000000e+01  1.274488648865e+01 -4.789833500623e+00 -1.131087727357e+01 -9.918344409132e+00
2.080000000000e+01  1.269676885989e+01 -4.833653693224e+00 -1.140987471860e+01 -9.881065267266e+00
2.081000000000e+01  1.264821337181e+01 -4.877405015450e+00 -1.150849617766e+01 -9.843147517857e+00
2.082000000000e+01  1.259922073146e+01 -4.921083793619e+00 -1.160673528163e+01 -9.804594554112e+00
2.083000000000e+01  1.254979168295e+01 -4.964686299813e+00 -1.170458569574e+01 -9.765409857503e+00
2.084000000000e+01  1.249992700788e+01 -5.008208756405e+00 -1.180204112046e+01 -9.725596993249e+00
2.085000000000e+01  1.244962752587e+01 -5.051647340425e+00 -1.189909529232e+01 -9.685159605963e+00
2.086000000000e+01  1.239889409496e+01 -5.094998187766e+00 -1.199574198465e+01 -9.644101415457e+00
2.087000000000e+01  1.234772761203e+01 -5.138257397222e+00 -1.209197500836e+01 -9.602426212707e+00
2.088000000000e+01  1.229612901313e+01 -5.181421034373e+00 -1.218778821260e+01 -9.560137855975e+00
2.089000000000e+01  1.224409927382e+01 -5.224485135302e+00 -1.228317548539e+01 -9.517240267094e+00
2.090000000000e+01  1.219163940940e+01 -5.267445710161e+00 -1.237813075432e+01 -9.473737427906e+00
2.091000000000e+01  1.213875047521e+01 -5.310298746582e+00 -1.247264798704e+01 -9.429633376852e+00
2.092000000000e+01  1.208543356679e+01 -5.353040212928e+00 -1.256672119187e+01 -9.384932205717e+00
2.093000000000e+01  1.203168982009e+01 -5.395666061401e+00 -1.266034441829e+01 -9.339638056520e+00
2.094000000000e+01  1.197752041159e+01 -5.438172231004e+00 -1.275351175746e+01 -9.293755118550e+00
2.095000000000e+01  1.192292655845e+01 -5.480554650352e+00 -1.284621734261e+01 -9.247287625544e+00
2.096000000000e+01  1.186790951856e+01 -5.522809240354e+00 -1.293845534957e+01 -9.200239853003e+00
2.097000000000e+01  1.181247059065e+01 -5.564931916749e+00 -1.303021999708e+01 -9.152616115643e+00
2.098000000000e+01  1.175661111430e+01 -5.606918592517e+00 -1.312150554723e+01 -9.104420764971e+00
2.099000000000e+01  1.170033246995e+01 -5.648765180160e+00 -1.321230630580e+01 -9.055658186997e+00
2.100000000000e+01  1.164363607891e+01 -5.690467593856e+00 -1.330261662257e+01 -9.006332800061e+00
2.101000000000e+01  1.158652340336e+01 -5.732021751497e+00 -1.339243089169e+01 -8.956449052779e+00
2.102000000000e+01  1.152899594623e+01 -5.773423576612e+00 -1.348174355191e+01 -8.906011422108e+00
2.103000000000e+01  1.147105525119e+01 -5.814669000171e+00 -1.357054908689e+01 -8.855024411514e+00
2.104000000000e+01  1.141270290259e+01 -5.855753962291e+00 -1.365884202545e+01 -8.803492549253e+00
2.105000000000e+01  1.135394052527e+01 -5.896674413830e+00 -1.374661694181e+01 -8.751420386749e+00
2.106000000000e+01  1.129476978453e+01 -5.937426317887e+00 -1.383386845582e+01 -8.698812497073e+00
2.107000000000e+01  1.123519238598e+01 -5.978005651207e+00 -1.392059123313e+01 -8.645673473512e+00
2.108000000000e+01  1.117521007537e+01 -6.018408405486e+00 -1.400677998547e+01 -8.592007928232e+00
2.109000000000e+01  1.111482463846e+01 -6.058630588602e+00 -1.409242947073e+01 -8.537820491029e+00
2.110000000000e+01  1.105403790084e+01 -6.098668225748e+00 -1.417753449321e+01 -8.483115808151e+00
2.111000000000e+01  1.099285172775e+01 -6.138517360495e+00 -1.426208990374e+01 -8.427898541215e+00
2.112000000000e+01  1.093126802393e+01 -6.178174055772e+00 -1.434609059984e+01 -8.372173366184e+00
2.113000000000e+01  1.086928873335e+01 -6.217634394776e+00 -1.442953152585e+01 -8.315944972427e+00
2.114000000000e+01  1.080691583906e+01 -6.256894481815e+00 -1.451240767308e+01 -8.259218061840e+00
2.115000000000e+01  1.074415136296e+01 -6.295950443074e+00 -1.459471407990e+01 -8.201997348032e+00
2.116000000000e+01  1.068099736557e+01 -6.334798427332e+00 -1.467644583188e+01 -8.144287555582e+00
2.117000000000e+01  1.061745594582e+01 -6.373434606606e+00 -1.475759806191e+01 -8.086093419339e+00
2.118000000000e+01  1.055352924077e+01 -6.411855176749e+00 -1.483816595023e+01 -8.027419683791e+00
2.119000000000e+01  1.048921942543e+01 -6.450056357981e+00 -1.491814472460e+01 -7.968271102480e+00
2.120000000000e+01  1.042452871247e+01 -6.488034395382e+00 -1.499752966037e+01 -7.908652437469e+00
2.121000000000e+01  1.035945935199e+01 -6.525785559328e+00 -1.507631608052e+01 -7.848568458856e+00
2.122000000000e+01  1.029401363125e+01 -6.563306145880e+00 -1.515449935579e+01 -7.788023944333e+00
2.123000000000e+01  1.022819387441e+01 -6.600592477135e+00 -1.523207490472e+01 -7.727023678784e+00
2.124000000000e+01  1.016200244232e+01 -6.637640901529e+00 -1.530903819375e+01 -7.665572453930e+00
2.125000000000e+01  1.009544173215e+01 -6.674447794105e+00 -1.538538473725e+01 -7.603675068004e+00
2.126000000000e+01  1.002851417725e+01 -6.711009556744e+00 -1.546111009762e+01 -7.541336325468e+00
2.127000000000e+01  9.961222246756e+00 -6.747322618357e+00 -1.553620988533e+01 -7.478561036755e+00
2.128000000000e+01  9.893568445425e+00 -6.783383435050e+00 -1.561067975898e+01 -7.415354018056e+00
2.129000000000e+01  9.825555313295e+00 -6.819188490250e+00 -1.568451542536e+01 -7.351720091121e+00
2.130000000000e+01  9.757185425436e+00 -6.854734294808e+00 -1.575771263950e+01 -7.287664083100e+00
2.131000000000e+01  9.688461391675e+00 -6.890017387074e+00 -1.583026720475e+01 -7.223190826403e+00
2.132000000000e+01  9.619385856314e+00 -6.925034332941e+00 -1.590217497278e+01 -7.158305158589e+00
2.133000000000e+01  9.549961497862e+00 -6.959781725867e+00 -1.597343184369e+01 -7.093011922275e+00
2.134000000000e+01  9.480191028754e+00 -6.994256186876e+00 -1.604403376600e+01 -7.027315965071e+00
2.135000000000e+01  9.410077195076e+00 -7.028454364535e+00 -1.611397673676e+01 -6.961222139525e+00
2.136000000000e+01  9.339622776294e+00 -7.062372934911e+00 -1.618325680155e+01 -6.894735303103e+00
2.137000000000e+01  9.268830584973e+00 -7.096008601506e+00 -1.625187005457e+01 -6.827860318170e+00
2.138000000000e+01  9.197703466510e+00 -7.129358095179e+00 -1.631981263864e+01 -6.760602052002e+00
2.139000000000e+01  9.126244298853e+00 -7.162418174048e+00 -1.638708074530e+01 -6.692965376801e+00
2.140000000000e+01  9.054455992236e+00 -7.195185623374e+00 -1.645367061483e+01 -6.624955169735e+00
2.141000000000e+01  8.982341488906e+00 -7.227657255435e+00 -1.651957853632e+01 -6.556576312984e+00
2.142000000000e+01  8.909903762850e+00 -7.259829909384e+00 -1.658480084767e+01 -6.487833693801e+00
2.143000000000e+01  8.837145819533e+00 -7.291700451087e+00 -1.664933393572e+01 -6.418732204588e+00
2.144000000000e+01  8.764070695628e+00 -7.323265772963e+00 -1.671317423625e+01 -6.349276742977e+00
2.145000000000e+01  8.690681458750e+00 -7.354522793797e+00 -1.677631823402e+01 -6.279472211926e+00
2.146000000000e+01  8.616981207199e+00 -7.385468458551e+00 -1.683876246287e+01 -6.209323519821e+00
2.147000000000e+01  8.542973069692e+00 -7.416099738164e+00 -1.690050350574e+01 -6.138835580590e+00
2.148000000000e+01  8.468660205110e+00 -7.446413629339e+00 -1.696153799476e+01 -6.068013313822e+00
2.149000000000e+01  8.394045802239e+00 -7.476407154325e+00 -1.702186261125e+01 -5.996861644895e+00
2.150000000000e+01  8.319133079516e+00 -7.506077360686e+00 -1.708147408584e+01 -5.925385505113e+00
2.151000000000e+01  8.243925284777e+00 -7.535421321063e+00 -1.714036919850e+01 -5.853589831847e+00
2.152000000000e+01  8.168425695008e+00 -7.564436132936e+00 -1.719854477859e+01 -5.781479568679e+00
2.153000000000e+01  8.092637616096e+00 -7.593118918365e+00 -1.725599770495e+01 -5.709059665562e+00
2.154000000000e+01  8.016564382588e+00 -7.621466823737e+00 -1.731272490596e+01 -5.636335078972e+00
2.155000000000e+01  7.940209357445e+00 -7.649477019498e+00 -1.736872335958e+01 -5.563310772077e+00
2.156000000000e+01  7.863575931806e+00 -7.677146699886e+00 -1.742399009345e+01 -5.489991714898e+00
2.157000000000e+01  7.786667524750e+00 -7.704473082653e+00 -1.747852218494e+01 -5.416382884489e+00
2.158000000000e+01  7.709487583061e+00 -7.731453408782e+00 -1.753231676122e+01 -5.342489265108e+00
2.159000000000e+01  7.632039581000e+00 -7.758084942205e+00 -1.758537099935e+01 -5.268315848397e+00
2.160000000000e+01  7.554327020075e+00 -7.784364969507e+00 -1.763768212636e+01 -5.193867633565e+00
2.161000000000e+01  7.476353428818e+00 -7.810290799632e+00 -1.768924741927e+01 -5.119149627575e+00
2.162000000000e+01  7.398122362559e+00 -7.835859763584e+00 -1.774006420523e+01 -5.044166845333e+00
2.163000000000e+01  7.319637403210e+00 -7.861069214119e+00 -1.779012986160e+01 -4.968924309879e+00
2.164000000000e+01  7.240902159049e+00 -7.885916525441e+00 -1.783944181599e+01 -4.893427052581e+00
2.165000000000e+01  7.161920264505e+00 -7.910399092887e+00 -1.788799754637e+01 -4.817680113331e+00
2.166000000000e+01  7.082695379953e+00 -7.934514332612e+00 -1.793579458114e+01 -4.741688540745e+00
2.167000000000e+01  7.003231191500e+00 -7.958259681269e+00 -1.798283049926e+01 -4.665457392363e+00
2.168000000000e+01  6.923531410787e+00 -7.981632595687e+00 -1.802910293030e+01 -4.588991734854e+00
2.169000000000e+01  6.843599774789e+00 -8.004630552545e+00 -1.807460955452e+01 -4.512296644217e+00
2.170000000000e+01  6.763440045615e+00 -8.027251048043e+00 -1.811934810302e+01 -4.435377205989e+00
2.171000000000e+01  6.683056010318e+00 -8.049491597568e+00 -1.816331635779e+01 -4.358238515454e+00
2.172000000000e+01  6.602451480700e+00 -8.071349735362e+00 -1.820651215183e+01 -4.280885677852e+00
2.173000000000e+01  6.521630293132e+00 -8.092823014182e+00 -1.824893336923e+01 -4.203323808589e+00
2.174000000000e+01  6.440596308362e+00 -8.113909004962e+00 -1.829057794529e+01 -4.125558033449e+00
2.175000000000e+01  6.359353411345e+00 -8.134605296465e+00 -1.833144386664e+01 -4.047593488810e+00
2.176000000000e+01  6.277905511056e+00 -8.154909494942e+00 -1.837152917130e+01 -3.969435321856e+00
2.177000000000e+01  6.196256540325e+00 -8.174819223782e+00 -1.841083194883e+01 -3.891088690795e+00
2.178000000000e+01  6.114410455663e+00 -8.194332123161e+00 -1.844935034044e+01 -3.812558765074e+00
2.179000000000e+01  6.032371237097e+00 -8.213445849690e+00 -1.848708253908e+01 -3.733850725598e+00
2.180000000000e+01  5.950142888010e+00 -8.232158076057e+00 -1.852402678955e+01 -3.654969764949e+00
2.181000000000e+01  5.867729434975e+00 -8.250466490677e+00 -1.856018138867e+01 -3.575921087603e+00
2.182000000000e+01  5.785134927609e+00 -8.268368797324e+00 -1.859554468535e+01 -3.496709910152e+00
2.183000000000e+01  5.702363438414e+00 -8.285862714776e+00 -1.863011508072e+01 -3.417341461525e+00
2.184000000000e+01  5.619419062630e+00 -8.302945976451e+00 -1.866389102827e+01 -3.337820983208e+00
2.185000000000e+01  5.536305918094e+00 -8.319616330043e+00 -1.869687103397e+01 -3.258153729464e+00
2.186000000000e+01  5.453028145094e+00 -8.335871537152e+00 -1.872905365640e+01 -3.178344967557e+00
2.187000000000e+01  5.369589906237e+00 -8.351709372926e+00 -1.876043750687e+01 -3.098399977973e+00
2.188000000000e+01  5.285995386311e+00 -8.367127625682e+00 -1.879102124957e+01 -3.018324054638e+00
2.189000000000e+01  5.202248792158e+00 -8.382124096545e+00 -1.882080360170e+01 -2.938122505144e+00
2.190000000000e+01  5.118354352546e+00 -8.396696599075e+00 -1.884978333359e+01 -2.857800650966e+00
2.191000000000e+01  5.034316318046e+00 -8.410842958896e+00 -1.887795926887e+01 -2.777363827681e+00
2.192000000000e+01  4.950138960917e+00 -8.424561013328e+00 -1.890533028460e+01 -2.696817385192e+00
2.193000000000e+01  4.865826574987e+00 -8.437848611012e+00 -1.893189531141e+01 -2.616166687938e+00
2.194000000000e+01  4.781383475541e+00 -8.450703611544e+00 -1.895765333362e+01 -2.535417115115e+00
2.195000000000e+01  4.696813999219e+00 -8.463123885104e+00 -1.898260338947e+01 -2.454574060888e+00
2.196000000000e+01  4.612122503906e+00 -8.475107312084e+00 -1.900674457117e+01 -2.373642934605e+00
2.197000000000e+01  4.527313368632e+00 -8.486651782727e+00 -1.903007602513e+01 -2.292629161001e+00
2.198000000000e+01  4.442390993482e+00 -8.497755196755e+00 -1.905259695207e+01 -2.211538180411e+00
2.199000000000e+01  4.357359799494e+00 -8.508415463012e+00 -1.907430660720e+01 -2.130375448967e+00
2.200000000000e+01  4.272224228577e+00 -8.518630499097e+00 -1.909520430037e+01 -2.049146438799e+00
2.201000000000e+01  4.186988743419e+00 -8.528398231013e+00 -1.911528939623e+01 -1.967856638229e+00
2.202000000000e+01  4.101657827410e+00 -8.537716592810e+00 -1.913456131439e+01 -1.886511551960e+00
2.203000000000e+01  4.016235984561e+00 -8.546583526238e+00 -1.915301952962e+01 -1.805116701259e+00
2.204000000000e+01  3.930727739427e+00 -8.554996980404e+00 -1.917066357194e+01 -1.723677624132e+00
2.205000000000e+01  3.845137637040e+00 -8.562954911433e+00 -1.918749302686e+01 -1.642199875498e+00
2.206000000000e+01  3.759470242834e+00 -8.570455282141e+00 -1.920350753554e+01 -1.560689027344e+00
2.207000000000e+01  3.673730142586e+00 -8.577496061710e+00 -1.921870679492e+01 -1.479150668884e+00
2.208000000000e+01  3.587921942348e+00 -8.584075225376e+00 -1.923309055793e+01 -1.397590406696e+00
2.209000000000e+01  3.502050268394e+00 -8.590190754122e+00 -1.924665863365e+01 -1.316013864858e+00
2.210000000000e+01  3.416119767160e+00 -8.595840634392e+00 -1.925941088749e+01 -1.234426685064e+00
2.211000000000e+01  3.330135105189e+00 -8.601022857801e+00 -1.927134724138e+01 -1.152834526731e+00
2.212000000000e+01  3.244100969089e+00 -8.605735420876e+00 -1.928246767390e+01 -1.071243067095e+00
2.213000000000e+01  3.158022065474e+00 -8.609976324800e+00 -1.929277222053e+01 -9.896580012789e-01
2.214000000000e+01  3.071903120927e+00 -8.613743575176e+00 -1.930226097376e+01 -9.080850423577e-01
2.215000000000e+01  2.985748881953e+00 -8.617035181807e+00 -1.931093408333e+01 -8.265299213940e-01
2.216000000000e+01  2.899564114941e+00 -8.619849158505e+00 -1.931879175636e+01 -7.449983874576e-01
2.217000000000e+01  2.813353606120e+00 -8.622183522904e+00 -1.932583425755e+01 -6.634962076213e-01
2.218000000000e+01  2.727122161526e+00 -8.624036296317e+00 -1.933206190938e+01 -5.820291669318e-01
2.219000000000e+01  2.640874606964e+00 -8.625405503600e+00 -1.933747509224e+01 -5.006030683545e-01
2.220000000000e+01  2.554615787973e+00 -8.626289173058e+00 -1.934207424467e+01 -4.192237326889e-01
2.221000000000e+01  2.468350569793e+00 -8.626685336373e+00 -1.934585986350e+01 -3.378969984527e-01
2.222000000000e+01  2.382083837329e+00 -8.626592028569e+00 -1.934883250401e+01 -2.566287217324e-01
2.223000000000e+01  2.295820495120e+00 -8.626007288011e+00 -1.935099278015e+01 -1.754247759964e-01
2.224000000000e+01  2.209565467306e+00 -8.624929156441e+00 -1.935234136470e+01 -9.429105186930e-02
2.225000000000e+01  2.123323697589e+00 -8.623355679062e+00 -1.935287898939e+01 -1.323345686334e-02
2.226000000000e+01  2.037100149204e+00 -8.621284904658e+00 -1.935260644516e+01 6.774208493661e-02
2.227000000000e+01  1.950899804879e+00 -8.618714885770e+00 -1.935152458224e+01 1.486296332369e-01
2.228000000000e+01  1.864727666795e+00 -8.615643678919e+00 -1.934963431034e+01 2.294232319527e-01
2.229000000000e+01  1.778588756549e+00 -8.612069344892e+00 -1.934693659882e+01 3.101169096819e-01
2.230000000000e+01  1.692488115106e+00 -8.607989949078e+00 -1.934343247683e+01 3.907046802416e-01
2.231000000000e+01  1.606430802751e+00 -8.603403561877e+00 -1.933912303345e+01 4.711805432689e-01
2.232000000000e+01  1.520421899039e+00 -8.598308259180e+00 -1.933400941782e+01 5.515384848930e-01
2.233000000000e+01  1.434466502737e+00 -8.592702122913e+00 -1.932809283929e+01 6.317724784825e-01
2.234000000000e+01  1.348569731757e+00 -8.586583241671e+00 -1.932137456756e+01 7.118764854724e-01
2.235000000000e+01  1.262736723090e+00 -8.579949711432e+00 -1.931385593272e+01 7.918444562785e-01
2.236000000000e+01  1.176972632726e+00 -8.572799636364e+00 -1.930553832546e+01 8.716703313020e-01
2.237000000000e+01  1.091282635567e+00 -8.565131129727e+00 -1.929642319707e+01 9.513480420329e-01
2.238000000000e+01  1.005671925333e+00 -8.556942314877e+00 -1.928651205959e+01 1.030871512257e+00
2.239000000000e+01  9.201457144545e-01 -8.548231326388e+00 -1.927580648584e+01 1.110234659375e+00
2.240000000000e+01  8.347092339535e-01 -8.538996311280e+00 -1.926430810949e+01 1.189431395836e+00
2.241000000000e+01  7.493677333130e-01 -8.529235430377e+00 -1.925201862512e+01 1.268455630702e+00
2.242000000000e+01  6.641264803317e-01 -8.518946859798e+00 -1.923893978821e+01 1.347301271337e+00
2.243000000000e+01  5.789907609621e-01 -8.508128792586e+00 -1.922507341517e+01 1.425962225246e+00
2.244000000000e+01  4.939658791332e-01 -8.496779440482e+00 -1.921042138333e+01 1.504432402056e+00
2.245000000000e+01  4.090571565533e-01 -8.484897035865e+00 -1.919498563089e+01 1.582705715656e+00
2.246000000000e+01  3.242699324933e-01 -8.472479833846e+00 -1.917876815690e+01 1.660776086505e+00
2.247000000000e+01  2.396095635483e-01 -8.459526114542e+00 -1.916177102115e+01 1.738637444115e+00
2.248000000000e+01  1.550814233745e-01 -8.446034185541e+00 -1.914399634406e+01 1.816283729720e+00
2.249000000000e+01  7.069090240218e-02 -8.432002384547e+00 -1.912544630660e+01 1.893708899134e+00
2.250000000000e+01  -1.355659248065e-02 -8.417429082243e+00 -1.910612315005e+01 1.970906925824e+00
2.251000000000e+01  -9.765563827273e-02 -8.402312685356e+00 -1.908602917589e+01 2.047871804189e+00
2.252000000000e+01  -1.816007962368e-01 -8.386651639957e+00 -1.906516674552e+01 2.124597553067e+00
2.253000000000e+01  -2.653866123107e-01 -8.370444434991e+00 -1.904353828000e+01 2.201078219484e+00
2.254000000000e+01  -3.490076175546e-01 -8.353689606054e+00 -1.902114625977e+01 2.277307882637e+00
2.255000000000e+01  -4.324583286385e-01 -8.336385739424e+00 -1.899799322430e+01 2.353280658148e+00
2.256000000000e+01  -5.157332483696e-01 -8.318531476366e+00 -1.897408177169e+01 2.428990702578e+00
2.257000000000e+01  -5.988268662657e-01 -8.300125517712e+00 -1.894941455826e+01 2.504432218222e+00
2.258000000000e+01  -6.817336591750e-01 -8.281166628725e+00 -1.892399429802e+01 2.579599458194e+00
2.259000000000e+01  -7.644480919464e-01 -8.261653644272e+00 -1.889782376222e+01 2.654486731814e+00
2.260000000000e+01  -8.469646181528e-01 -8.241585474299e+00 -1.887090577866e+01 2.729088410301e+00
2.261000000000e+01  -9.292776808708e-01 -8.220961109628e+00 -1.884324323111e+01 2.803398932787e+00
2.262000000000e+01  -1.011381713520e+00 -8.199779628083e+00 -1.881483905858e+01 2.877412812663e+00
2.263000000000e+01  -1.093271140766e+00 -8.178040200949e+00 -1.878569625453e+01 2.951124644260e+00
2.264000000000e+01  -1.174940379489e+00 -8.155742099781e+00 -1.875581786604e+01 3.024529109874e+00
2.265000000000e+01  -1.256383839819e+00 -8.132884703565e+00 -1.872520699291e+01 3.097620987147e+00
2.266000000000e+01  -1.337595926256e+00 -8.109467506224e+00 -1.869386678662e+01 3.170395156800e+00
2.267000000000e+01  -1.418571038847e+00 -8.085490124503e+00 -1.866180044931e+01 3.242846610736e+00
2.268000000000e+01  -1.499303574466e+00 -8.060952306210e+00 -1.862901123258e+01 3.314970460500e+00
2.269000000000e+01  -1.579787928163e+00 -8.035853938815e+00 -1.859550243629e+01 3.386761946109e+00
2.270000000000e+01  -1.660018494603e+00 -8.010195058432e+00 -1.856127740720e+01 3.458216445249e+00
2.271000000000e+01  -1.739989669606e+00 -7.983975859146e+00 -1.852633953758e+01 3.529329482833e+00
2.272000000000e+01  -1.819695851769e+00 -7.957196702709e+00 -1.849069226363e+01 3.600096740918e+00
2.273000000000e+01  -1.899131444195e+00 -7.929858128579e+00 -1.845433906393e+01 3.670514068966e+00
2.274000000000e+01  -1.978290856322e+00 -7.901960864297e+00 -1.841728345765e+01 3.740577494454e+00
2.275000000000e+01  -2.057168505858e+00 -7.873505836195e+00 -1.837952900274e+01 3.810283233803e+00
2.276000000000e+01  -2.135758820824e+00 -7.844494180404e+00 -1.834107929400e+01 3.879627703613e+00
2.277000000000e+01  -2.214056241706e+00 -7.814927254152e+00 -1.830193796099e+01 3.948607532187e+00
2.278000000000e+01  -2.292055223727e+00 -7.784806647321e+00 -1.826210866589e+01 4.017219571318e+00
2.279000000000e+01  -2.369750239230e+00 -7.754134194237e+00 -1.822159510117e+01 4.085460908305e+00
2.280000000000e+01  -2.447135780185e+00 -7.722911985653e+00 -1.818040098719e+01 4.153328878166e+00
2.281000000000e+01  -2.524206360811e+00 -7.691142380897e+00 -1.813853006966e+01 4.220821076010e+00
2.282000000000e+01  -2.600956520326e+00 -7.658828020123e+00 -1.809598611697e+01 4.287935369524e+00
2.283000000000e+01  -2.677380825814e+00 -7.625971836640e+00 -1.805277291743e+01 4.354669911526e+00
2.284000000000e+01  -2.753473875221e+00 -7.592577069237e+00 -1.800889427630e+01 4.421023152521e+00
2.285000000000e+01  -2.829230300467e+00 -7.558647274464e+00 -1.796435401282e+01 4.486993853215e+00
2.286000000000e+01  -2.904644770692e+00 -7.524186338796e+00 -1.791915595697e+01 4.552581096905e+00
2.287000000000e+01  -2.979711995606e+00 -7.489198490598e+00 -1.787330394627e+01 4.617784301682e+00
2.288000000000e+01  -3.054426728972e+00 -7.453688311836e+00 -1.782680182228e+01 4.682603232361e+00
2.289000000000e+01  -3.128783772200e+00 -7.417660749416e+00 -1.777965342715e+01 4.747038012067e+00
2.290000000000e+01  -3.202777978045e+00 -7.381121126103e+00 -1.773186259994e+01 4.811089133373e+00
2.291000000000e+01  -3.276404254424e+00 -7.344075150883e+00 -1.768343317289e+01 4.874757468904e+00
2.292000000000e+01  -3.349657568321e+00 -7.306528928703e+00 -1.763436896756e+01 4.938044281300e+00
2.293000000000e+01  -3.422532949797e+00 -7.268488969462e+00 -1.758467379088e+01 5.000951232447e+00
2.294000000000e+01  -3.495025496076e+00 -7.229962196150e+00 -1.753435143114e+01 5.063480391850e+00
2.295000000000e+01  -3.567130375715e+00 -7.190955952039e+00 -1.748340565384e+01 5.125634244049e+00
2.296000000000e+01  -3.638842832834e+00 -7.151478006780e+00 -1.743184019754e+01 5.187415694957e+00
2.297000000000e+01  -3.710158191410e+00 -7.111536561321e+00 -1.737965876961e+01 5.248828077011e+00
2.298000000000e+01  -3.781071859599e+00 -7.071140251513e+00 -1.732686504193e+01 5.309875153010e+00
2.299000000000e+01  -3.851579334105e+00 -7.030298150293e+00 -1.727346264661e+01 5.370561118532e+00
2.300000000000e+01  -3.921676204551e+00 -6.989019768327e+00 -1.721945517161e+01 5.430890602814e+00
2.301000000000e+01  -3.991358157848e+00 -6.947315053006e+00 -1.716484615646e+01 5.490868667980e+00
2.302000000000e+01  -4.060620982552e+00 -6.905194385690e+00 -1.710963908789e+01 5.550500806523e+00
2.303000000000e+01  -4.129460573181e+00 -6.862668577096e+00 -1.705383739560e+01 5.609792936922e+00
2.304000000000e+01  -4.197872934473e+00 -6.819748860738e+00 -1.699744444798e+01 5.668751397328e+00
2.305000000000e+01  -4.265854185575e+00 -6.776446884350e+00 -1.694046354801e+01 5.727382937211e+00
2.306000000000e+01  -4.333400564126e+00 -6.732774699205e+00 -1.688289792914e+01 5.785694706919e+00
2.307000000000e+01  -4.400508430235e+00 -6.688744747279e+00 -1.682475075141e+01 5.843694245081e+00
2.308000000000e+01  -4.467174270309e+00 -6.644369846230e+00 -1.676602509757e+01 5.901389463817e+00
2.309000000000e+01  -4.533394700721e+00 -6.599663172143e+00 -1.670672396950e+01 5.958788631720e+00
2.310000000000e+01  -4.599166471306e+00 -6.554638240055e+00 -1.664685028467e+01 6.015900354619e+00
2.311000000000e+01  -4.664486468631e+00 -6.509308882264e+00 -1.658640687295e+01 6.072733554121e+00
2.312000000000e+01  -4.729351719056e+00 -6.463689224442e+00 -1.652539647352e+01 6.129297443963e+00
2.313000000000e+01  -4.793759391534e+00 -6.417793659633e+00 -1.646382173207e+01 6.185601504243e+00
2.314000000000e+01  -4.857706800147e+00 -6.371636820176e+00 -1.640168519832e+01 6.241655453584e+00
2.315000000000e+01  -4.921191406346e+00 -6.325233547690e+00 -1.633898932376e+01 6.297469219348e+00
2.316000000000e+01  -4.984210820886e+00 -6.278598861201e+00 -1.627573645970e+01 6.353052906008e+00
2.317000000000e+01  -5.046762805433e+00 -6.231747923589e+00 -1.621192885571e+01 6.408416761823e+00
2.318000000000e+01  -5.108845273825e+00 -6.184696006496e+00 -1.614756865831e+01 6.463571143988e+00
2.319000000000e+01  -5.170456292980e+00 -6.137458453888e+00 -1.608265791010e+01 6.518526482432e+00
2.320000000000e+01  -5.231594083428e+00 -6.090050644481e+00 -1.601719854921e+01 6.573293242475e+00
2.321000000000e+01  -5.292257019471e+00 -6.042487953235e+00 -1.595119240910e+01 6.627881886564e+00
2.322000000000e+01  -5.352443628944e+00 -5.994785712175e+00 -1.588464121884e+01 6.682302835328e+00
2.323000000000e+01  -5.412152592590e+00 -5.946959170769e+00 -1.581754660370e+01 6.736566428194e+00
2.324000000000e+01  -5.471382743038e+00 -5.899023456143e+00 -1.574991008615e+01 6.790682883832e+00
2.325000000000e+01  -5.530133063377e+00 -5.850993533378e+00 -1.568173308727e+01 6.844662260694e+00
2.326000000000e+01  -5.588402685340e+00 -5.802884166178e+00 -1.561301692855e+01 6.898514417920e+00
2.327000000000e+01  -5.646190887098e+00 -5.754709878185e+00 -1.554376283410e+01 6.952248976879e+00
2.328000000000e+01  -5.703497090670e+00 -5.706484915189e+00 -1.547397193317e+01 7.005875283625e+00
2.329000000000e+01  -5.760320858960e+00 -5.658223208519e+00 -1.540364526312e+01 7.059402372518e+00
2.330000000000e+01  -5.816661892440e+00 -5.609938339872e+00 -1.533278377268e+01 7.112838931289e+00
2.331000000000e+01  -5.872520025482e+00 -5.561643507796e+00 -1.526138832563e+01 7.166193267760e+00
2.332000000000e+01  -5.927895222369e+00 -5.513351496093e+00 -1.518945970471e+01 7.219473278481e+00
2.333000000000e+01  -5.982787573005e+00 -5.465074644321e+00 -1.511699861590e+01 7.272686419467e+00
2.334000000000e+01  -6.037197288329e+00 -5.416824820598e+00 -1.504400569295e+01 7.325839679235e+00
2.335000000000e+01  -6.091124695484e+00 -5.368613396868e+00 -1.497048150219e+01 7.378939554312e+00
2.336000000000e+01  -6.144570232739e+00 -5.320451226783e+00 -1.489642654757e+01 7.431992027340e+00
2.337000000000e+01  -6.197534444212e+00 -5.272348626292e+00 -1.482184127586e+01 7.485002547908e+00
2.338000000000e+01  -6.250017974411e+00 -5.224315357047e+00 -1.474672608208e+01 7.537976016190e+00
2.339000000000e+01  -6.302021562619e+00 -5.176360612676e+00 -1.467108131507e+01 7.590916769448e+00
2.340000000000e+01  -6.353546037162e+00 -5.128493007955e+00 -1.459490728317e+01 7.643828571443e+00
2.341000000000e+01  -6.404592309580e+00 -5.080720570887e+00 -1.451820425997e+01 7.696714604744e+00
2.342000000000e+01  -6.455161368735e+00 -5.033050737665e+00 -1.444097249017e+01 7.749577465923e+00
2.343000000000e+01  -6.505254274879e+00 -4.985490350468e+00 -1.436321219547e+01 7.802419163587e+00
2.344000000000e+01  -6.554872153722e+00 -4.938045658027e+00 -1.428492358038e+01 7.855241119175e+00
2.345000000000e+01  -6.604016190509e+00 -4.890722318854e+00 -1.420610683814e+01 7.908044170417e+00
2.346000000000e+01  -6.652687624147e+00 -4.843525407039e+00 -1.412676215650e+01 7.960828577365e+00
2.347000000000e+01  -6.700887741405e+00 -4.796459420457e+00 -1.404688972344e+01 8.013594030832e+00
2.348000000000e+01  -6.748617871200e+00 -4.749528291264e+00 -1.396648973284e+01 8.066339663118e+00
2.349000000000e+01  -6.795879379009e+00 -4.702735398502e+00 -1.388556238997e+01 8.119064060846e+00
2.350000000000e+01  -6.842673661402e+00 -4.656083582650e+00 -1.380410791691e+01 8.171765279741e+00
2.351000000000e+01  -6.889002140746e+00 -4.609575161937e+00 -1.372212655773e+01 8.224440861176e+00
2.352000000000e+01  -6.934866260068e+00 -4.563211950233e+00 -1.363961858360e+01 8.277087850296e+00
2.353000000000e+01  -6.980267478107e+00 -4.516995276334e+00 -1.355658429758e+01 8.329702815525e+00
2.354000000000e+01  -7.025207264568e+00 -4.470926004444e+00 -1.347302403936e+01 8.382281869278e+00
2.355000000000e+01  -7.069687095583e+00 -4.425004555667e+00 -1.338893818967e+01 8.434820689688e+00
2.356000000000e+01  -7.113708449390e+00 -4.379230930328e+00 -1.330432717450e+01 8.487314543150e+00
2.357000000000e+01  -7.157272802243e+00 -4.333604730944e+00 -1.321919146913e+01 8.539758307516e+00
2.358000000000e+01  -7.200381624547e+00 -4.288125185660e+00 -1.313353160191e+01 8.592146495769e+00
2.359000000000e+01  -7.243036377238e+00 -4.242791172000e+00 -1.304734815773e+01 8.644473279988e+00
2.360000000000e+01  -7.285238508390e+00 -4.197601240760e+00 -1.296064178135e+01 8.696732515479e+00
2.361000000000e+01  -7.326989450074e+00 -4.152553639917e+00 -1.287341318045e+01 8.748917764898e+00
2.362000000000e+01  -7.368290615444e+00 -4.107646338389e+00 -1.278566312844e+01 8.801022322248e+00
2.363000000000e+01  -7.409143396066e+00 -4.062877049553e+00 -1.269739246697e+01 8.853039236613e+00
2.364000000000e+01  -7.449549159477e+00 -4.018243254379e+00 -1.260860210836e+01 8.904961335521e+00
2.365000000000e+01  -7.489509246975e+00 -3.973742224102e+00 -1.251929303762e+01 8.956781247836e+00
2.366000000000e+01  -7.529024971632e+00 -3.929371042321e+00 -1.242946631434e+01 9.008491426085e+00
2.367000000000e+01  -7.568097616526e+00 -3.885126626457e+00 -1.233912307440e+01 9.060084168135e+00
2.368000000000e+01  -7.606728433180e+00 -3.841005748508e+00 -1.224826453133e+01 9.111551638171e+00
2.369000000000e+01  -7.644918640212e+00 -3.797005055027e+00 -1.215689197761e+01 9.162885886895e+00
2.370000000000e+01  -7.682669422172e+00 -3.753121086288e+00 -1.206500678567e+01 9.214078870915e+00
2.371000000000e+01  -7.719981928574e+00 -3.709350294604e+00 -1.197261040876e+01 9.265122471281e+00
2.372000000000e+01  -7.756857273102e+00 -3.665689061761e+00 -1.187970438161e+01 9.316008511140e+00
2.373000000000e+01  -7.793296532987e+00 -3.622133715557e+00 -1.178629032091e+01 9.366728772495e+00
2.374000000000e+01  -7.829300748548e+00 -3.578680545425e+00 -1.169236992569e+01 9.417275012045e+00
2.375000000000e+01  -7.864870922877e+00 -3.535325817151e+00 -1.159794497742e+01 9.467638976119e+00
2.376000000000e+01  -7.900008021678e+00 -3.492065786662e+00 -1.150301734013e+01 9.517812414689e+00
2.377000000000e+01  -7.934712973226e+00 -3.448896712931e+00 -1.140758896023e+01 9.567787094482e+00
2.378000000000e+01  -7.968986668462e+00 -3.405814869969e+00 -1.131166186636e+01 9.617554811193e+00
2.379000000000e+01  -8.002829961200e+00 -3.362816557954e+00 -1.121523816897e+01 9.667107400832e+00
2.380000000000e+01  -8.036243668433e+00 -3.319898113507e+00 -1.111832005989e+01 9.716436750206e+00
2.381000000000e+01  -8.069228570755e+00 -3.277055919129e+00 -1.102090981182e+01 9.765534806580e+00
2.382000000000e+01  -8.101785412853e+00 -3.234286411849e+00 -1.092300977761e+01 9.814393586532e+00
2.383000000000e+01  -8.133914904099e+00 -3.191586091091e+00 -1.082462238955e+01 9.863005184033e+00
2.384000000000e+01  -8.165617719205e+00 -3.148951525802e+00 -1.072575015860e+01 9.911361777789e+00
2.385000000000e+01  -8.196894498953e+00 -3.106379360876e+00 -1.062639567344e+01 9.959455637876e+00
2.386000000000e+01  -8.227745850982e+00 -3.063866322899e+00 -1.052656159960e+01 1.000727913169e+01
2.387000000000e+01  -8.258172350631e+00 -3.021409225255e+00 -1.042625067838e+01 1.005482472927e+01
2.388000000000e+01  -8.288174541828e+00 -2.979004972626e+00 -1.032546572589e+01 1.010208500801e+01
2.389000000000e+01  -8.317752938025e+00 -2.936650564922e+00 -1.022420963187e+01 1.014905265678e+01
2.390000000000e+01  -8.346908023167e+00 -2.894343100668e+00 -1.012248535862e+01 1.019572047954e+01
2.391000000000e+01  -8.375640252690e+00 -2.852079779899e+00 -1.002029593979e+01 1.024208139841e+01
2.392000000000e+01  -8.403950054549e+00 -2.809857906570e+00 -9.917644479229e+00 1.028812845635e+01
2.393000000000e+01  -8.431837830271e+00 -2.767674890538e+00 -9.814534149726e+00 1.033385481927e+01
2.394000000000e+01  -8.459303956016e+00 -2.725528249132e+00 -9.710968191789e+00 1.037925377786e+01
2.395000000000e+01  -8.486348783662e+00 -2.683415608347e+00 -9.606949912392e+00 1.042431874894e+01
2.396000000000e+01  -8.512972641894e+00 -2.641334703692e+00 -9.502482683703e+00 1.046904327656e+01
2.397000000000e+01  -8.539175837303e+00 -2.599283380713e+00 -9.397569941809e+00 1.051342103270e+01
2.398000000000e+01  -8.564958655485e+00 -2.557259595229e+00 -9.292215185439e+00 1.055744581770e+01
2.399000000000e+01  -8.590321362146e+00 -2.515261413297e+00 -9.186421974674e+00 1.060111156044e+01
2.400000000000e+01  -8.615264204204e+00 -2.473287010932e+00 -9.080193929664e+00 1.064441231824e+01
2.401000000000e+01  -8.639787410882e+00 -2.431334673605e+00 -8.973534729345e+00 1.068734227658e+01
2.402000000000e+01  -8.663891194803e+00 -2.389402795551e+00 -8.866448110163e+00 1.072989574858e+01
2.403000000000e+01  -8.687575753071e+00 -2.347489878883e+00 -8.758937864794e+00 1.077206717433e+01
2.404000000000e+01  -8.710841268344e+00 -2.305594532559e+00 -8.651007840886e+00 1.081385112006e+01
2.405000000000e+01  -8.733687909901e+00 -2.263715471200e+00 -8.542661939797e+00 1.085524227712e+01
2.406000000000e+01  -8.756115834687e+00 -2.221851513785e+00 -8.433904115355e+00 1.089623546087e+01
2.407000000000e+01  -8.778125188350e+00 -2.180001582234e+00 -8.324738372616e+00 1.093682560952e+01
2.408000000000e+01  -8.799716106268e+00 -2.138164699899e+00 -8.215168766649e+00 1.097700778271e+01
2.409000000000e+01  -8.820888714548e+00 -2.096339989969e+00 -8.105199401328e+00 1.101677716020e+01
2.410000000000e+01  -8.841643131022e+00 -2.054526673810e+00 -7.994834428133e+00 1.105612904034e+01
2.411000000000e+01  -8.861979466218e+00 -2.012724069243e+00 -7.884078044978e+00 1.109505883856e+01
2.412000000000e+01  -8.881897824313e+00 -1.970931588773e+00 -7.772934495045e+00 1.113356208578e+01
2.413000000000e+01  -8.901398304077e+00 -1.929148737788e+00 -7.661408065636e+00 1.117163442681e+01
2.414000000000e+01  -8.920480999787e+00 -1.887375112720e+00 -7.549503087047e+00 1.120927161866e+01
2.415000000000e+01  -8.939146002131e+00 -1.845610399191e+00 -7.437223931447e+00 1.124646952893e+01
2.416000000000e+01  -8.957393399088e+00 -1.803854370143e+00 -7.324575011789e+00 1.128322413406e+01
2.417000000000e+01  -8.975223276796e+00 -1.762106883959e+00 -7.211560780724e+00 1.131953151766e+01
2.418000000000e+01  -8.992635720394e+00 -1.720367882591e+00 -7.098185729539e+00 1.135538786886e+01
2.419000000000e+01  -9.009630814849e+00 -1.678637389682e+00 -6.984454387112e+00 1.139078948053e+01
2.420000000000e+01  -9.026208645762e+00 -1.636915508708e+00 -6.870371318882e+00 1.142573274768e+01
2.421000000000e+01  -9.042369300161e+00 -1.595202421129e+00 -6.755941125835e+00 1.146021416572e+01
2.422000000000e+01  -9.058112867268e+00 -1.553498384554e+00 -6.641168443510e+00 1.149423032888e+01
2.423000000000e+01  -9.073439439254e+00 -1.511803730939e+00 -6.526057941017e+00 1.152777792850e+01
2.424000000000e+01  -9.088349111970e+00 -1.470118864800e+00 -6.410614320077e+00 1.156085375148e+01
2.425000000000e+01  -9.102841985669e+00 -1.428444261454e+00 -6.294842314070e+00 1.159345467868e+01
2.426000000000e+01  -9.116918165701e+00 -1.386780465298e+00 -6.178746687107e+00 1.162557768336e+01
2.427000000000e+01  -9.130577763197e+00 -1.345128088110e+00 -6.062332233112e+00 1.165721982964e+01
2.428000000000e+01  -9.143820895735e+00 -1.303487807390e+00 -5.945603774921e+00 1.168837827107e+01
2.429000000000e+01  -9.156647687987e+00 -1.261860364734e+00 -5.828566163393e+00 1.171905024910e+01
2.430000000000e+01  -9.169058272357e+00 -1.220246564245e+00 -5.711224276543e+00 1.174923309171e+01
2.431000000000e+01  -9.181052789591e+00 -1.178647270981e+00 -5.593583018679e+00 1.177892421201e+01
2.432000000000e+01  -9.192631389384e+00 -1.137063409442e+00 -5.475647319559e+00 1.180812110686e+01
2.433000000000e+01  -9.203794230967e+00 -1.095495962097e+00 -5.357422133561e+00 1.183682135565e+01
2.434000000000e+01  -9.214541483678e+00 -1.053945967946e+00 -5.238912438864e+00 1.186502261891e+01
2.435000000000e+01  -9.224873327519e+00 -1.012414521131e+00 -5.120123236638e+00 1.189272263718e+01
2.436000000000e+01  -9.234789953705e+00 -9.709027695752e-01 -5.001059550259e+00 1.191991922977e+01
2.437000000000e+01  -9.244291565191e+00 -9.294119136720e-01 -4.881726424518e+00 1.194661029359e+01
2.438000000000e+01  -9.253378377192e+00 -8.879432050106e-01 -4.762128924856e+00 1.197279380207e+01
2.439000000000e+01  -9.262050617689e+00 -8.464979451408e-01 -4.642272136603e+00 1.199846780408e+01
2.440000000000e+01  -9.270308527923e+00 -8.050774843788e-01 -4.522161164228e+00 1.202363042286e+01
2.441000000000e+01  -9.278152362875e+00 -7.636832206526e-01 -4.401801130600e+00 1.204827985504e+01
2.442000000000e+01  -9.285582391740e+00 -7.223165983859e-01 -4.281197176260e+00 1.207241436971e+01
2.443000000000e+01  -9.292598898381e+00 -6.809791074212e-01 -4.160354458702e+00 1.209603230742e+01
2.444000000000e+01  -9.299202181785e+00 -6.396722819811e-01 -4.039278151659e+00 1.211913207938e+01
2.445000000000e+01  -9.305392556496e+00 -5.983976996677e-01 -3.917973444406e+00 1.214171216654e+01
2.446000000000e+01  -9.311170353047e+00 -5.571569804984e-01 -3.796445541062e+00 1.216377111881e+01
2.447000000000e+01  -9.316535918377e+00 -5.159517859795e-01 -3.674699659905e+00 1.218530755428e+01
2.448000000000e+01  -9.321489616245e+00 -4.747838182147e-01 -3.552741032698e+00 1.220632015845e+01
2.449000000000e+01  -9.326031827631e+00 -4.336548190501e-01 -3.430574904013e+00 1.222680768355e+01
2.450000000000e+01  -9.330162951124e+00 -3.925665692527e-01 -3.308206530570e+00 1.224676894786e+01
2.451000000000e+01  -9.333883403315e+00 -3.515208877244e-01 -3.185641180581e+00 1.226620283503e+01
2.452000000000e+01  -9.337193619171e+00 -3.105196307480e-01 -3.062884133096e+00 1.228510829352e+01
2.453000000000e+01  -9.340094052402e+00 -2.695646912670e-01 -2.939940677359e+00 1.230348433598e+01
2.454000000000e+01  -9.342585175830e+00 -2.286579981966e-01 -2.816816112171e+00 1.232133003871e+01
2.455000000000e+01  -9.344667481743e+00 -1.878015157664e-01 -2.693515745252e+00 1.233864454115e+01
2.456000000000e+01  -9.346341482243e+00 -1.469972428932e-01 -2.570044892617e+00 1.235542704538e+01
2.457000000000e+01  -9.347607709594e+00 -1.062472125844e-01 -2.446408877947e+00 1.237167681566e+01
2.458000000000e+01  -9.348466716555e+00 -6.555349136963e-02 -2.322613031974e+00 1.238739317799e+01
2.459000000000e+01  -9.348919076719e+00 -2.491817876114e-02 -2.198662691862e+00 1.240257551970e+01
2.460000000000e+01  -9.348965384832e+00 1.565659325809e-02 -2.074563200597e+00 1.241722328909e+01
2.461000000000e+01  -9.348606257123e+00 5.616866071953e-02 -1.950319906379e+00 1.243133599505e+01
2.462000000000e+01  -9.347842331618e+00 9.661582812798e-02 -1.825938162018e+00 1.244491320673e+01
2.463000000000e+01  -9.346674268453e+00 1.369958688950e-01 -1.701423324333e+00 1.245795455326e+01
2.464000000000e+01  -9.345102750183e+00 1.773065257478e-01 -1.576780753552e+00 1.247045972342e+01
2.465000000000e+01  -9.343128482088e+00 2.175455111137e-01 -1.452015812720e+00 1.248242846543e+01
2.466000000000e+01  -9.340752192475e+00 2.577105074816e-01 -1.327133867104e+00 1.249386058667e+01
2.467000000000e+01  -9.337974632970e+00 2.977991677414e-01 -1.202140283599e+00 1.250475595348e+01
2.468000000000e+01  -9.334796578820e+00 3.378091155001e-01 -1.077040430148e+00 1.251511449097e+01
2.469000000000e+01  -9.331218829181e+00 3.777379453790e-01 -9.518396751452e-01 1.252493618280e+01
2.470000000000e+01  -9.327242207405e+00 4.175832232881e-01 -8.265433868593e-01 1.253422107109e+01
2.471000000000e+01  -9.322867561327e+00 4.573424866833e-01 -7.011569328451e-01 1.254296925623e+01
2.472000000000e+01  -9.318095763551e+00 4.970132448027e-01 -5.756856793629e-01 1.255118089675e+01
2.473000000000e+01  -9.312927711726e+00 5.365929788861e-01 -4.501349907973e-01 1.255885620924e+01
2.474000000000e+01  -9.307364328829e+00 5.760791423770e-01 -3.245102290773e-01 1.256599546827e+01
2.475000000000e+01  -9.301406563441e+00 6.154691611072e-01 -1.988167530968e-01 1.257259900627e+01
2.476000000000e+01  -9.295055390022e+00 6.547604334666e-01 -7.305991813643e-02 1.257866721349e+01
2.477000000000e+01  -9.288311809183e+00 6.939503305579e-01 5.275492471485e-02 1.258420053796e+01
2.478000000000e+01  -9.281176847961e+00 7.330361963363e-01 1.786224291370e-01 1.258919948547e+01
2.479000000000e+01  -9.273651560089e+00 7.720153477372e-01 3.045372541564e-01 1.259366461948e+01
2.480000000000e+01  -9.265737026266e+00 8.108850747904e-01 4.304940647225e-01 1.259759656119e+01
2.481000000000e+01  -9.257434354423e+00 8.496426407231e-01 5.564875322856e-01 1.260099598948e+01
2.482000000000e+01  -9.248744679993e+00 8.882852820526e-01 6.825123353729e-01 1.260386364094e+01
2.483000000000e+01  -9.239669166177e+00 9.268102086688e-01 8.085631601666e-01 1.260620030989e+01
2.484000000000e+01  -9.230209004210e+00 9.652146039079e-01 9.346347010804e-01 1.260800684837e+01
2.485000000000e+01  -9.220365413628e+00 1.003495624619e+00 1.060721661338e+00 1.260928416622e+01
2.486000000000e+01  -9.210139642528e+00 1.041650401224e+00 1.186818753549e+00 1.261003323106e+01
2.487000000000e+01  -9.199532967836e+00 1.079676037770e+00 1.312920700290e+00 1.261025506836e+01
2.488000000000e+01  -9.188546695569e+00 1.117569611980e+00 1.439022234682e+00 1.260995076148e+01
2.489000000000e+01  -9.177182161099e+00 1.155328175298e+00 1.565118100968e+00 1.260912145170e+01
2.490000000000e+01  -9.165440729415e+00 1.192948752936e+00 1.691203055094e+00 1.260776833826e+01
2.491000000000e+01  -9.153323795382e+00 1.230428343911e+00 1.817271865289e+00 1.260589267841e+01
2.492000000000e+01  -9.140832784010e+00 1.267763921096e+00 1.943319312645e+00 1.260349578746e+01
2.493000000000e+01  -9.127969150709e+00 1.304952431258e+00 2.069340191695e+00 1.260057903881e+01
2.494000000000e+01  -9.114734381550e+00 1.341990795115e+00 2.195329311002e+00 1.259714386396e+01
2.495000000000e+01  -9.101129993530e+00 1.378875907380e+00 2.321281493729e+00 1.259319175258e+01
2.496000000000e+01  -9.087157534826e+00 1.415604636832e+00 2.447191578230e+00 1.258872425248e+01
2.497000000000e+01  -9.072818585059e+00 1.452173826375e+00 2.573054418626e+00 1.258374296964e+01
2.498000000000e+01  -9.058114755549e+00 1.488580293121e+00 2.698864885392e+00 1.257824956823e+01
2.499000000000e+01  -9.043047689572e+00 1.524820828477e+00 2.824617865932e+00 1.257224577054e+01
2.500000000000e+01  -9.027619062622e+00 1.560892198251e+00 2.950308265165e+00 1.256573335700e+01
2.501000000000e+01  -9.011830582658e+00 1.596791142770e+00 3.075931006105e+00 1.255871416610e+01
2.502000000000e+01  -8.995683990366e+00 1.632514377016e+00 3.201481030440e+00 1.255119009433e+01
2.503000000000e+01  -8.979181059405e+00 1.668058590782e+00 3.326953299114e+00 1.254316309608e+01
2.504000000000e+01  -8.962323596666e+00 1.703420448852e+00 3.452342792902e+00 1.253463518357e+01
2.505000000000e+01  -8.945113442511e+00 1.738596591206e+00 3.577644512991e+00 1.252560842664e+01
2.506000000000e+01  -8.927552471028e+00 1.773583633245e+00 3.702853481554e+00 1.251608495265e+01
2.507000000000e+01  -8.909642590273e+00 1.808378166059e+00 3.827964742324e+00 1.250606694622e+01
2.508000000000e+01  -8.891385742511e+00 1.842976756714e+00 3.952973361164e+00 1.249555664903e+01
2.509000000000e+01  -8.872783904453e+00 1.877375948582e+00 4.077874426639e+00 1.248455635957e+01
2.510000000000e+01  -8.853839087497e+00 1.911572261711e+00 4.202663050584e+00 1.247306843278e+01
2.511000000000e+01  -8.834553337951e+00 1.945562193228e+00 4.327334368658e+00 1.246109527972e+01
2.512000000000e+01  -8.814928737268e+00 1.979342217798e+00 4.451883540916e+00 1.244863936716e+01
2.513000000000e+01  -8.794967402260e+00 2.012908788122e+00 4.576305752352e+00 1.243570321715e+01
2.514000000000e+01  -8.774671485324e+00 2.046258335493e+00 4.700596213456e+00 1.242228940649e+01
2.515000000000e+01  -8.754043174644e+00 2.079387270404e+00 4.824750160759e+00 1.240840056619e+01
2.516000000000e+01  -8.733084694403e+00 2.112291983217e+00 4.948762857368e+00 1.239403938084e+01
2.517000000000e+01  -8.711798304976e+00 2.144968844896e+00 5.072629593500e+00 1.237920858789e+01
2.518000000000e+01  -8.690186303121e+00 2.177414207805e+00 5.196345687009e+00 1.236391097696e+01
2.519000000000e+01  -8.668251022162e+00 2.209624406578e+00 5.319906483902e+00 1.234814938895e+01
2.520000000000e+01  -8.645994832162e+00 2.241595759071e+00 5.443307358844e+00 1.233192671516e+01
2.521000000000e+01  -8.623420140081e+00 2.273324567385e+00 5.566543715665e+00 1.231524589631e+01
2.522000000000e+01  -8.600529389934e+00 2.304807118981e+00 5.689610987839e+00 1.229810992143e+01
2.523000000000e+01  -8.577325062929e+00 2.336039687883e+00 5.812504638969e+00 1.228052182672e+01
2.524000000000e+01  -8.553809677592e+00 2.367018535977e+00 5.935220163251e+00 1.226248469427e+01
2.525000000000e+01  -8.529985789886e+00 2.397739914407e+00 6.057753085920e+00 1.224400165070e+01
2.526000000000e+01  -8.505855993310e+00 2.428200065077e+00 6.180098963697e+00 1.222507586571e+01
2.527000000000e+01  -8.481422918979e+00 2.458395222267e+00 6.302253385206e+00 1.220571055043e+01
2.528000000000e+01  -8.456689235697e+00 2.488321614356e+00 6.424211971381e+00 1.218590895580e+01
2.529000000000e+01  -8.431657650004e+00 2.517975465676e+00 6.545970375854e+00 1.216567437068e+01
2.530000000000e+01  -8.406330906208e+00 2.547352998484e+00 6.667524285329e+00 1.214501011996e+01
2.531000000000e+01  -8.380711786394e+00 2.576450435064e+00 6.788869419927e+00 1.212391956240e+01
2.532000000000e+01  -8.354803110412e+00 2.605263999975e+00 6.910001533513e+00 1.210240608849e+01
2.533000000000e+01  -8.328607735845e+00 2.633789922434e+00 7.030916414007e+00 1.208047311801e+01
2.534000000000e+01  -8.302128557946e+00 2.662024438842e+00 7.151609883660e+00 1.205812409760e+01
2.535000000000e+01  -8.275368509557e+00 2.689963795474e+00 7.272077799309e+00 1.203536249799e+01
2.536000000000e+01  -8.248330560992e+00 2.717604251316e+00 7.392316052606e+00 1.201219181125e+01
2.537000000000e+01  -8.221017719897e+00 2.744942081068e+00 7.512320570215e+00 1.198861554779e+01
2.538000000000e+01  -8.193433031079e+00 2.771973578314e+00 7.632087313981e+00 1.196463723316e+01
2.539000000000e+01  -8.165579576294e+00 2.798695058865e+00 7.751612281064e+00 1.194026040475e+01
2.540000000000e+01  -8.137460474015e+00 2.825102864273e+00 7.870891504037e+00 1.191548860830e+01
2.541000000000e+01  -8.109078879152e+00 2.851193365525e+00 7.989921050957e+00 1.189032539413e+01
2.542000000000e+01  -8.080437982736e+00 2.876962966927e+00 8.108697025387e+00 1.186477431338e+01
2.543000000000e+01  -8.051541011571e+00 2.902408110162e+00 8.227215566383e+00 1.183883891385e+01
2.544000000000e+01  -8.022391227835e+00 2.927525278546e+00 8.345472848445e+00 1.181252273579e+01
2.545000000000e+01  -7.992991928643e+00 2.952311001471e+00 8.463465081413e+00 1.178582930746e+01
2.546000000000e+01  -7.963346445561e+00 2.976761859034e+00 8.581188510327e+00 1.175876214049e+01
2.547000000000e+01  -7.933458144080e+00 3.000874486866e+00 8.698639415238e+00 1.173132472503e+01
2.548000000000e+01  -7.903330423030e+00 3.024645581150e+00 8.815814110963e+00 1.170352052476e+01
2.549000000000e+01  -7.872966713948e+00 3.048071903828e+00 8.932708946800e+00 1.167535297165e+01
2.550000000000e+01  -7.842370480401e+00 3.071150287997e+00 9.049320306180e+00 1.164682546055e+01
2.551000000000e+01  -7.811545217238e+00 3.093877643496e+00 9.165644606269e+00 1.161794134361e+01
2.552000000000e+01  -7.780494449799e+00 3.116250962665e+00 9.281678297514e+00 1.158870392452e+01
2.553000000000e+01  -7.749221733055e+00 3.138267326292e+00 9.397417863126e+00 1.155911645251e+01
2.554000000000e+01  -7.717730650702e+00 3.159923909723e+00 9.512859818503e+00 1.152918211624e+01
2.555000000000e+01  -7.686024814174e+00 3.181217989139e+00 9.628000710599e+00 1.149890403754e+01
2.556000000000e+01  -7.654107861609e+00 3.202146947983e+00 9.742837117219e+00 1.146828526489e+01
2.557000000000e+01  -7.621983456741e+00 3.222708283534e+00 9.857365646252e+00 1.143732876691e+01
2.558000000000e+01  -7.589655287728e+00 3.242899613611e+00 9.971582934841e+00 1.140603742557e+01
2.559000000000e+01  -7.557127065914e+00 3.262718683395e+00 1.008548564848e+01 1.137441402937e+01
2.560000000000e+01  -7.524402524520e+00 3.282163372353e+00 1.019907048005e+01 1.134246126640e+01
2.561000000000e+01  -7.491485417265e+00 3.301231701253e+00 1.031233414878e+01 1.131018171727e+01
2.562000000000e+01  -7.458379516920e+00 3.319921839239e+00 1.042527339911e+01 1.127757784803e+01
2.563000000000e+01  -7.425088613784e+00 3.338232110960e+00 1.053788499956e+01 1.124465200299e+01
2.564000000000e+01  -7.391616514100e+00 3.356161003724e+00 1.065016574143e+01 1.121140639756e+01
2.565000000000e+01  -7.357967038387e+00 3.373707174648e+00 1.076211243750e+01 1.117784311104e+01
2.566000000000e+01  -7.324144019709e+00 3.390869457793e+00 1.087372192063e+01 1.114396407947e+01
2.567000000000e+01  -7.290151301867e+00 3.407646871244e+00 1.098499104229e+01 1.110977108849e+01
2.568000000000e+01  -7.255992737529e+00 3.424038624108e+00 1.109591667100e+01 1.107526576634e+01
2.569000000000e+01  -7.221672186282e+00 3.440044123414e+00 1.120649569077e+01 1.104044957688e+01
2.570000000000e+01  -7.187193512617e+00 3.455662980856e+00 1.131672499936e+01 1.100532381282e+01
2.571000000000e+01  -7.152560583854e+00 3.470895019374e+00 1.142660150661e+01 1.096988958911e+01
2.572000000000e+01  -7.117777267996e+00 3.485740279519e+00 1.153612213255e+01 1.093414783652e+01
2.573000000000e+01  -7.082847431519e+00 3.500199025577e+00 1.164528380558e+01 1.089809929545e+01
2.574000000000e+01  -7.047774937112e+00 3.514271751408e+00 1.175408346052e+01 1.086174451006e+01
2.575000000000e+01  -7.012563641346e+00 3.527959185974e+00 1.186251803665e+01 1.082508382272e+01
2.576000000000e+01  -6.977217392304e+00 3.541262298497e+00 1.197058447559e+01 1.078811736874e+01
2.577000000000e+01  -6.941740027151e+00 3.554182303235e+00 1.207827971928e+01 1.075084507159e+01
2.578000000000e+01  -6.906135369661e+00 3.566720663818e+00 1.218560070783e+01 1.071326663848e+01
2.579000000000e+01  -6.870407227706e+00 3.578879097114e+00 1.229254437729e+01 1.067538155648e+01
2.580000000000e+01  -6.834559390709e+00 3.590659576581e+00 1.239910765748e+01 1.063718908904e+01
2.581000000000e+01  -6.798595627057e+00 3.602064335081e+00 1.250528746971e+01 1.059868827319e+01
2.582000000000e+01  -6.762519681503e+00 3.613095867107e+00 1.261108072454e+01 1.055987791719e+01
2.583000000000e+01  -6.726335272538e+00 3.623756930389e+00 1.271648431943e+01 1.052075659891e+01
2.584000000000e+01  -6.690046089754e+00 3.634050546862e+00 1.282149513649e+01 1.048132266478e+01
2.585000000000e+01  -6.653655791202e+00 3.643980002941e+00 1.292611004011e+01 1.044157422943e+01
2.586000000000e+01  -6.617168000749e+00 3.653548849098e+00 1.303032587470e+01 1.040150917609e+01
2.587000000000e+01  -6.580586305440e+00 3.662760898702e+00 1.313413946231e+01 1.036112515761e+01
2.588000000000e+01  -6.543914252885e+00 3.671620226104e+00 1.323754760041e+01 1.032041959840e+01
2.589000000000e+01  -6.507155348655e+00 3.680131163950e+00 1.334054705956e+01 1.027938969696e+01
2.590000000000e+01  -6.470313053723e+00 3.688298299700e+00 1.344313458123e+01 1.023803242932e+01
2.591000000000e+01  -6.433390781934e+00 3.696126471358e+00 1.354530687551e+01 1.019634455325e+01
2.592000000000e+01  -6.396391897524e+00 3.703620762385e+00 1.364706061903e+01 1.015432261326e+01
2.593000000000e+01  -6.359319712699e+00 3.710786495811e+00 1.374839245283e+01 1.011196294638e+01
2.594000000000e+01  -6.322177485267e+00 3.717629227540e+00 1.384929898030e+01 1.006926168883e+01
2.595000000000e+01  -6.284968416351e+00 3.724154738859e+00 1.394977676524e+01 1.002621478338e+01
2.596000000000e+01  -6.247695648178e+00 3.730369028161e+00 1.404982232994e+01 9.982817987568e+00
2.597000000000e+01  -6.210362261947e+00 3.736278301898e+00 1.414943215339e+01 9.939066882669e+00
2.598000000000e+01  -6.172971275801e+00 3.741888964800e+00 1.424860266956e+01 9.894956883373e+00
2.599000000000e+01  -6.135525642899e+00 3.747207609363e+00 1.434733026578e+01 9.850483248215e+00
2.600000000000e+01  -6.098028249591e+00 3.752241004666e+00 1.444561128125e+01 9.805641090672e+00
2.601000000000e+01  -6.060481913710e+00 3.756996084534e+00 1.454344200563e+01 9.760425390909e+00
2.602000000000e+01  -6.022889382993e+00 3.761479935101e+00 1.464081867778e+01 9.714831008124e+00
2.603000000000e+01  -5.985253333614e+00 3.765699781811e+00 1.473773748461e+01 9.668852693451e+00
2.604000000000e+01  -5.947576368868e+00 3.769662975914e+00 1.483419456006e+01 9.622485103369e+00
2.605000000000e+01  -5.909861017974e+00 3.773376980509e+00 1.493018598425e+01 9.575722813568e+00
2.606000000000e+01  -5.872109735035e+00 3.776849356189e+00 1.502570778270e+01 9.528560333198e+00
2.607000000000e+01  -5.834324898132e+00 3.780087746352e+00 1.512075592579e+01 9.480992119465e+00
2.608000000000e+01  -5.796508808574e+00 3.783099862238e+00 1.521532632826e+01 9.433012592490e+00
2.609000000000e+01  -5.758663690293e+00 3.785893467759e+00 1.530941484895e+01 9.384616150374e+00
2.610000000000e+01  -5.720791689394e+00 3.788476364186e+00 1.540301729065e+01 9.335797184416e+00
2.611000000000e+01  -5.682894873860e+00 3.790856374759e+00 1.549612940011e+01 9.286550094386e+00
2.612000000000e+01  -5.644975233410e+00 3.793041329294e+00 1.558874686819e+01 9.236869303818e+00
2.613000000000e+01  -5.607034679505e+00 3.795039048846e+00 1.568086533017e+01 9.186749275240e+00
2.614000000000e+01  -5.569075045518e+00 3.796857330501e+00 1.577248036624e+01 9.136184525268e+00
2.615000000000e+01  -5.531098087044e+00 3.798503932353e+00 1.586358750210e+01 9.085169639517e+00
2.616000000000e+01  -5.493105482366e+00 3.799986558745e+00 1.595418220971e+01 9.033699287253e+00
2.617000000000e+01  -5.455098833065e+00 3.801312845821e+00 1.604425990823e+01 8.981768235722e+00
2.618000000000e+01  -5.417079664769e+00 3.802490347457e+00 1.613381596505e+01 8.929371364107e+00
2.619000000000e+01  -5.379049428051e+00 3.803526521613e+00 1.622284569697e+01 8.876503677052e+00
2.620000000000e+01  -5.341009499445e+00 3.804428717183e+00 1.631134437152e+01 8.823160317704e+00
2.621000000000e+01  -5.302961182606e+00 3.805204161364e+00 1.639930720845e+01 8.769336580215e+00
2.622000000000e+01  -5.264905709587e+00 3.805859947608e+00 1.648672938122e+01 8.715027921676e+00
2.623000000000e+01  -5.226844242230e+00 3.806403024182e+00 1.657360601878e+01 8.660229973429e+00
2.624000000000e+01  -5.188777873674e+00 3.806840183385e+00 1.665993220729e+01 8.604938551726e+00
2.625000000000e+01  -5.150707629966e+00 3.807178051444e+00 1.674570299203e+01 8.549149667713e+00
2.626000000000e+01  -5.112634471768e+00 3.807423079118e+00 1.683091337946e+01 8.492859536694e+00
2.627000000000e+01  -5.074559296154e+00 3.807581533025e+00 1.691555833922e+01 8.436064586676e+00
2.628000000000e+01  -5.036482938492e+00 3.807659487722e+00 1.699963280634e+01 8.378761466165e+00
2.629000000000e+01  -4.998406174402e+00 3.807662818530e+00 1.708313168348e+01 8.320947051202e+00
2.630000000000e+01  -4.960329721775e+00 3.807597195131e+00 1.716604984321e+01 8.262618451639e+00
2.631000000000e+01  -4.922254242865e+00 3.807468075923e+00 1.724838213043e+01 8.203773016652e+00
2.632000000000e+01  -4.884180346422e+00 3.807280703135e+00 1.733012336472e+01 8.144408339481e+00
2.633000000000e+01  -4.846108589873e+00 3.807040098706e+00 1.741126834284e+01 8.084522261430e+00
2.634000000000e+01  -4.808039481546e+00 3.806751060901e+00 1.749181184123e+01 8.024112875099e+00
2.635000000000e+01  -4.769973482916e+00 3.806418161660e+00 1.757174861852e+01 7.963178526906e+00
2.636000000000e+01  -4.731911010882e+00 3.806045744662e+00 1.765107341807e+01 7.901717818877e+00
2.637000000000e+01  -4.693852440052e+00 3.805637924077e+00 1.772978097057e+01 7.839729609753e+00
2.638000000000e+01  -4.655798105042e+00 3.805198583996e+00 1.780786599655e+01 7.777213015421e+00
2.639000000000e+01  -4.617748302778e+00 3.804731378492e+00 1.788532320902e+01 7.714167408704e+00
2.640000000000e+01  -4.579703294791e+00 3.804239732307e+00 1.796214731596e+01 7.650592418531e+00
2.641000000000e+01  -4.541663309507e+00 3.803726842120e+00 1.803833302294e+01 7.586487928523e+00
2.642000000000e+01  -4.503628544513e+00 3.803195678362e+00 1.811387503563e+01 7.521854075026e+00
2.643000000000e+01  -4.465599168814e+00 3.802648987565e+00 1.818876806230e+01 7.456691244617e+00
2.644000000000e+01  -4.427575325052e+00 3.802089295188e+00 1.826300681632e+01 7.391000071125e+00
2.645000000000e+01  -4.389557131707e+00 3.801518908896e+00 1.833658601865e+01 7.324781432200e+00
2.646000000000e+01  -4.351544685249e+00 3.800939922264e+00 1.840950040017e+01 7.258036445458e+00
2.647000000000e+01  -4.313538062265e+00 3.800354218856e+00 1.848174470418e+01 7.190766464245e+00
2.648000000000e+01  -4.275537321532e+00 3.799763476660e+00 1.855331368862e+01 7.122973073048e+00
2.649000000000e+01  -4.237542506053e+00 3.799169172828e+00 1.862420212842e+01 7.054658082596e+00
2.650000000000e+01  -4.199553645038e+00 3.798572588707e+00 1.869440481773e+01 6.985823524676e+00
2.651000000000e+01  -4.161570755836e+00 3.797974815106e+00 1.876391657210e+01 6.916471646699e+00
2.652000000000e+01  -4.123593845812e+00 3.797376757788e+00 1.883273223058e+01 6.846604906055e+00
2.653000000000e+01  -4.085622914171e+00 3.796779143138e+00 1.890084665784e+01 6.776225964279e+00
2.654000000000e+01  -4.047657953724e+00 3.796182523987e+00 1.896825474615e+01 6.705337681063e+00
2.655000000000e+01  -4.009698952589e+00 3.795587285565e+00 1.903495141732e+01 6.633943108146e+00
2.656000000000e+01  -3.971745895839e+00 3.794993651542e+00 1.910093162464e+01 6.562045483099e+00
2.657000000000e+01  -3.933798767090e+00 3.794401690147e+00 1.916619035464e+01 6.489648223043e+00
2.658000000000e+01  -3.895857550021e+00 3.793811320335e+00 1.923072262890e+01 6.416754918317e+00
2.659000000000e+01  -3.857922229837e+00 3.793222317970e+00 1.929452350575e+01 6.343369326123e+00
2.660000000000e+01  -3.819992794668e+00 3.792634322015e+00 1.935758808188e+01 6.269495364167e+00
2.661000000000e+01  -3.782069236908e+00 3.792046840704e+00 1.941991149393e+01 6.195137104319e+00
2.662000000000e+01  -3.744151554494e+00 3.791459257670e+00 1.948148892000e+01 6.120298766306e+00
2.663000000000e+01  -3.706239752117e+00 3.790870838029e+00 1.954231558110e+01 6.044984711461e+00
2.664000000000e+01  -3.668333842380e+00 3.790280734386e+00 1.960238674252e+01 5.969199436540e+00
2.665000000000e+01  -3.630433846892e+00 3.789687992759e+00 1.966169771518e+01 5.892947567623e+00
2.666000000000e+01  -3.592539797309e+00 3.789091558409e+00 1.972024385686e+01 5.816233854109e+00
2.667000000000e+01  -3.554651736306e+00 3.788490281554e+00 1.977802057343e+01 5.739063162820e+00
2.668000000000e+01  -3.516769718504e+00 3.787882922977e+00 1.983502332000e+01 5.661440472221e+00
2.669000000000e+01  -3.478893811336e+00 3.787268159489e+00 1.989124760196e+01 5.583370866769e+00
2.670000000000e+01  -3.441024095862e+00 3.786644589274e+00 1.994668897609e+01 5.504859531393e+00
2.671000000000e+01  -3.403160667526e+00 3.786010737083e+00 2.000134305145e+01 5.425911746120e+00
2.672000000000e+01  -3.365303636865e+00 3.785365059277e+00 2.005520549040e+01 5.346532880840e+00
2.673000000000e+01  -3.327453130172e+00 3.784705948731e+00 2.010827200937e+01 5.266728390229e+00
2.674000000000e+01  -3.289609290104e+00 3.784031739568e+00 2.016053837978e+01 5.186503808822e+00
2.675000000000e+01  -3.251772276248e+00 3.783340711742e+00 2.021200042874e+01 5.105864746245e+00
2.676000000000e+01  -3.213942265641e+00 3.782631095464e+00 2.026265403984e+01 5.024816882608e+00
2.677000000000e+01  -3.176119453244e+00 3.781901075459e+00 2.031249515377e+01 4.943365964054e+00
2.678000000000e+01  -3.138304052379e+00 3.781148795063e+00 2.036151976900e+01 4.861517798472e+00
2.679000000000e+01  -3.100496295121e+00 3.780372360167e+00 2.040972394239e+01 4.779278251371e+00
2.680000000000e+01  -3.062696432655e+00 3.779569842984e+00 2.045710378969e+01 4.696653241911e+00
2.681000000000e+01  -3.024904735594e+00 3.778739285672e+00 2.050365548611e+01 4.613648739097e+00
2.682000000000e+01  -2.987121494263e+00 3.777878703790e+00 2.054937526678e+01 4.530270758129e+00
2.683000000000e+01  -2.949347018948e+00 3.776986089602e+00 2.059425942719e+01 4.446525356899e+00
2.684000000000e+01  -2.911581640112e+00 3.776059415221e+00 2.063830432361e+01 4.362418632655e+00
2.685000000000e+01  -2.873825708583e+00 3.775096635615e+00 2.068150637346e+01 4.277956718805e+00
2.686000000000e+01  -2.836079595713e+00 3.774095691451e+00 2.072386205566e+01 4.193145781864e+00
2.687000000000e+01  -2.798343693503e+00 3.773054511807e+00 2.076536791097e+01 4.107992018558e+00
2.688000000000e+01  -2.760618414709e+00 3.771971016735e+00 2.080602054220e+01 4.022501653053e+00
2.689000000000e+01  -2.722904192920e+00 3.770843119693e+00 2.084581661459e+01 3.936680934329e+00
2.690000000000e+01  -2.685201482611e+00 3.769668729838e+00 2.088475285593e+01 3.850536133684e+00
2.691000000000e+01  -2.647510759178e+00 3.768445754195e+00 2.092282605686e+01 3.764073542364e+00
2.692000000000e+01  -2.609832518946e+00 3.767172099701e+00 2.096003307099e+01 3.677299469322e+00
2.693000000000e+01  -2.572167279161e+00 3.765845675122e+00 2.099637081513e+01 3.590220239092e+00
2.694000000000e+01  -2.534515577964e+00 3.764464392861e+00 2.103183626937e+01 3.502842189779e+00
2.695000000000e+01  -2.496877974347e+00 3.763026170648e+00 2.106642647726e+01 3.415171671167e+00
2.696000000000e+01  -2.459255048086e+00 3.761528933122e+00 2.110013854590e+01 3.327215042930e+00
2.697000000000e+01  -2.421647399674e+00 3.759970613314e+00 2.113296964603e+01 3.238978672946e+00
2.698000000000e+01  -2.384055650221e+00 3.758349154020e+00 2.116491701207e+01 3.150468935710e+00
2.699000000000e+01  -2.346480441355e+00 3.756662509087e+00 2.119597794225e+01 3.061692210848e+00
2.700000000000e+01  -2.308922435106e+00 3.754908644602e+00 2.122614979860e+01 2.972654881717e+00
2.701000000000e+01  -2.271382313773e+00 3.753085539993e+00 2.125543000700e+01 2.883363334094e+00
2.702000000000e+01  -2.233860779793e+00 3.751191189047e+00 2.128381605718e+01 2.793823954950e+00
2.703000000000e+01  -2.196358555586e+00 3.749223600845e+00 2.131130550275e+01 2.704043131299e+00
2.704000000000e+01  -2.158876383401e+00 3.747180800622e+00 2.133789596119e+01 2.614027249134e+00
2.705000000000e+01  -2.121415025151e+00 3.745060830556e+00 2.136358511382e+01 2.523782692426e+00
2.706000000000e+01  -2.083975262239e+00 3.742861750477e+00 2.138837070580e+01 2.433315842191e+00
2.707000000000e+01  -2.046557895376e+00 3.740581638522e+00 2.141225054607e+01 2.342633075635e+00
2.708000000000e+01  -2.009163744400e+00 3.738218591721e+00 2.143522250731e+01 2.251740765349e+00
2.709000000000e+01  -1.971793648081e+00 3.735770726516e+00 2.145728452593e+01 2.160645278568e+00
2.710000000000e+01  -1.934448463923e+00 3.733236179239e+00 2.147843460194e+01 2.069352976491e+00
2.711000000000e+01  -1.897129067970e+00 3.730613106518e+00 2.149867079897e+01 1.977870213646e+00
2.712000000000e+01  -1.859836354590e+00 3.727899685646e+00 2.151799124414e+01 1.886203337312e+00
2.713000000000e+01  -1.822571236280e+00 3.725094114893e+00 2.153639412799e+01 1.794358686988e+00
2.714000000000e+01  -1.785334643443e+00 3.722194613773e+00 2.155387770445e+01 1.702342593906e+00
2.715000000000e+01  -1.748127524183e+00 3.719199423270e+00 2.157044029068e+01 1.610161380584e+00
2.716000000000e+01  -1.710950844083e+00 3.716106806023e+00 2.158608026705e+01 1.517821360428e+00
2.717000000000e+01  -1.673805585993e+00 3.712915046471e+00 2.160079607700e+01 1.425328837363e+00
2.718000000000e+01  -1.636692749808e+00 3.709622450959e+00 2.161458622697e+01 1.332690105508e+00
2.719000000000e+01  -1.599613352251e+00 3.706227347813e+00 2.162744928627e+01 1.239911448875e+00
2.720000000000e+01  -1.562568426650e+00 3.702728087385e+00 2.163938388704e+01 1.146999141112e+00
2.721000000000e+01  -1.525559022719e+00 3.699123042058e+00 2.165038872407e+01 1.053959445264e+00
2.722000000000e+01  -1.488586206341e+00 3.695410606234e+00 2.166046255472e+01 9.607986135707e-01
2.723000000000e+01  -1.451651059343e+00 3.691589196285e+00 2.166960419885e+01 8.675228872895e-01
2.724000000000e+01  -1.414754679279e+00 3.687657250485e+00 2.167781253866e+01 7.741384965376e-01
2.725000000000e+01  -1.377898179211e+00 3.683613228917e+00 2.168508651859e+01 6.806516601640e-01
2.726000000000e+01  -1.341082687494e+00 3.679455613356e+00 2.169142514521e+01 5.870685856395e-01
2.727000000000e+01  -1.304309347554e+00 3.675182907130e+00 2.169682748713e+01 4.933954689685e-01
2.728000000000e+01  -1.267579317680e+00 3.670793634969e+00 2.170129267484e+01 3.996384946195e-01
2.729000000000e+01  -1.230893770805e+00 3.666286342825e+00 2.170481990062e+01 3.058038354734e-01
2.730000000000e+01  -1.194253894300e+00 3.661659597681e+00 2.170740841844e+01 2.118976527881e-01
2.731000000000e+01  -1.157660889760e+00 3.656911987347e+00 2.170905754379e+01 1.179260961794e-01
2.732000000000e+01  -1.121115972800e+00 3.652042120234e+00 2.170976665363e+01 2.389530361569e-02
2.733000000000e+01  -1.084620372849e+00 3.647048625116e+00 2.170953518623e+01 -7.018859857388e-02
2.734000000000e+01  -1.048175332947e+00 3.641930150886e+00 2.170836264106e+01 -1.643194956782e-01
2.735000000000e+01  -1.011782109547e+00 3.636685366289e+00 2.170624857869e+01 -2.584912845719e-01
2.736000000000e+01  -9.754419723154e-01 3.631312959651e+00 2.170319262065e+01 -3.526978736718e-01
2.737000000000e+01  -9.391562039404e-01 3.625811638597e+00 2.169919444935e+01 -4.469331828834e-01
2.738000000000e+01  -9.029260999378e-01 3.620180129757e+00 2.169425380792e+01 -5.411911435387e-01
2.739000000000e+01  -8.667529684642e-01 3.614417178464e+00 2.168837050014e+01 -6.354656983237e-01
2.740000000000e+01  -8.306381301307e-01 3.608521548444e+00 2.168154439029e+01 -7.297508012000e-01
2.741000000000e+01  -7.945829178210e-01 3.602492021495e+00 2.167377540307e+01 -8.240404173173e-01
2.742000000000e+01  -7.585886765119e-01 3.596327397168e+00 2.166506352347e+01 -9.183285229199e-01
2.743000000000e+01  -7.226567630979e-01 3.590026492430e+00 2.165540879664e+01 -1.012609105246e+00
2.744000000000e+01  -6.867885462183e-01 3.583588141325e+00 2.164481132784e+01 -1.106876162424e+00
2.745000000000e+01  -6.509854060885e-01 3.577011194634e+00 2.163327128228e+01 -1.201123703356e+00
2.746000000000e+01  -6.152487343339e-01 3.570294519524e+00 2.162078888501e+01 -1.295345747608e+00
2.747000000000e+01  -5.795799338285e-01 3.563436999194e+00 2.160736442086e+01 -1.389536325284e+00
2.748000000000e+01  -5.439804185357e-01 3.556437532515e+00 2.159299823429e+01 -1.483689476904e+00
2.749000000000e+01  -5.084516133539e-01 3.549295033669e+00 2.157769072931e+01 -1.577799253271e+00
2.750000000000e+01  -4.729949539648e-01 3.542008431784e+00 2.156144236936e+01 -1.671859715342e+00
2.751000000000e+01  -4.376118866860e-01 3.534576670559e+00 2.154425367725e+01 -1.765864934090e+00
2.752000000000e+01  -4.023038683275e-01 3.526998707896e+00 2.152612523499e+01 -1.859808990367e+00
2.753000000000e+01  -3.670723660506e-01 3.519273515521e+00 2.150705768377e+01 -1.953685974760e+00
2.754000000000e+01  -3.319188572328e-01 3.511400078603e+00 2.148705172380e+01 -2.047489987446e+00
2.755000000000e+01  -2.968448293341e-01 3.503377395380e+00 2.146610811426e+01 -2.141215138048e+00
2.756000000000e+01  -2.618517797690e-01 3.495204476765e+00 2.144422767317e+01 -2.234855545486e+00
2.757000000000e+01  -2.269412157815e-01 3.486880345968e+00 2.142141127734e+01 -2.328405337825e+00
2.758000000000e+01  -1.921146543238e-01 3.478404038106e+00 2.139765986223e+01 -2.421858652123e+00
2.759000000000e+01  -1.573736219396e-01 3.469774599812e+00 2.137297442189e+01 -2.515209634277e+00
2.760000000000e+01  -1.227196546506e-01 3.460991088847e+00 2.134735600888e+01 -2.608452438868e+00
2.761000000000e+01  -8.815429784710e-02 3.452052573704e+00 2.132080573416e+01 -2.701581229006e+00
2.762000000000e+01  -5.367910618301e-02 3.442958133219e+00 2.129332476703e+01 -2.794590176169e+00
2.763000000000e+01  -1.929564347409e-02 3.433706856174e+00 2.126491433502e+01 -2.887473460050e+00
2.764000000000e+01  1.499451739941e-02 3.424297840901e+00 2.123557572383e+01 -2.980225268391e+00
2.765000000000e+01  4.918979458632e-02 3.414730194890e+00 2.120531027724e+01 -3.072839796828e+00
2.766000000000e+01  8.328859735413e-02 3.405003034387e+00 2.117411939704e+01 -3.165311248730e+00
2.767000000000e+01  1.172893261746e-01 3.395115484003e+00 2.114200454295e+01 -3.257633835037e+00
2.768000000000e+01  1.511903728052e-01 3.385066676311e+00 2.110896723254e+01 -3.349801774101e+00
2.769000000000e+01  1.849901203673e-01 3.374855751454e+00 2.107500904115e+01 -3.441809291522e+00
2.770000000000e+01  2.186869434191e-01 3.364481856747e+00 2.104013160185e+01 -3.533650619993e+00
2.771000000000e+01  2.522792080261e-01 3.353944146276e+00 2.100433660534e+01 -3.625319999132e+00
2.772000000000e+01  2.857652718264e-01 3.343241780508e+00 2.096762579988e+01 -3.716811675331e+00
2.773000000000e+01  3.191434840927e-01 3.332373925894e+00 2.093000099125e+01 -3.808119901588e+00
2.774000000000e+01  3.524121857900e-01 3.321339754469e+00 2.089146404265e+01 -3.899238937355e+00
2.775000000000e+01  3.855697096298e-01 3.310138443468e+00 2.085201687467e+01 -3.990163048380e+00
2.776000000000e+01  4.186143801197e-01 3.298769174926e+00 2.081166146520e+01 -4.080886506547e+00
2.777000000000e+01  4.515445136097e-01 3.287231135292e+00 2.077039984940e+01 -4.171403589728e+00
2.778000000000e+01  4.843584183347e-01 3.275523515039e+00 2.072823411960e+01 -4.261708581625e+00
2.779000000000e+01  5.170543944521e-01 3.263645508279e+00 2.068516642528e+01 -4.351795771624e+00
2.780000000000e+01  5.496307340769e-01 3.251596312380e+00 2.064119897299e+01 -4.441659454646e+00
2.781000000000e+01  5.820857213119e-01 3.239375127584e+00 2.059633402630e+01 -4.531293931001e+00
2.782000000000e+01  6.144176322751e-01 3.226981156629e+00 2.055057390577e+01 -4.620693506248e+00
2.783000000000e+01  6.466247351222e-01 3.214413604379e+00 2.050392098886e+01 -4.709852491057e+00
2.784000000000e+01  6.787052900664e-01 3.201671677453e+00 2.045637770992e+01 -4.798765201074e+00
2.785000000000e+01  7.106575493940e-01 3.188754583861e+00 2.040794656008e+01 -4.887425956795e+00
2.786000000000e+01  7.424797574765e-01 3.175661532644e+00 2.035863008729e+01 -4.975829083438e+00
2.787000000000e+01  7.741701507791e-01 3.162391733522e+00 2.030843089618e+01 -5.063968910826e+00
2.788000000000e+01  8.057269578660e-01 3.148944396547e+00 2.025735164811e+01 -5.151839773276e+00
2.789000000000e+01  8.371483994018e-01 3.135318731765e+00 2.020539506102e+01 -5.239436009495e+00
2.790000000000e+01  8.684326881497e-01 3.121513948882e+00 2.015256390949e+01 -5.326751962478e+00
2.791000000000e+01  8.995780289668e-01 3.107529256940e+00 2.009886102461e+01 -5.413781979425e+00
2.792000000000e+01  9.305826187956e-01 3.093363864012e+00 2.004428929401e+01 -5.500520411657e+00
2.793000000000e+01  9.614446466529e-01 3.079016976887e+00 1.998885166176e+01 -5.586961614552e+00
2.794000000000e+01  9.921622936157e-01 3.064487800791e+00 1.993255112837e+01 -5.673099947480e+00
2.795000000000e+01  1.022733732804e+00 3.049775539101e+00 1.987539075074e+01 -5.758929773764e+00
2.796000000000e+01  1.053157129360e+00 3.034879393082e+00 1.981737364212e+01 -5.844445460647e+00
2.797000000000e+01  1.083430640429e+00 3.019798561640e+00 1.975850297205e+01 -5.929641379272e+00
2.798000000000e+01  1.113552415129e+00 3.004532241085e+00 1.969878196635e+01 -6.014511904682e+00
2.799000000000e+01  1.143520594531e+00 2.989079624920e+00 1.963821390707e+01 -6.099051415841e+00
2.800000000000e+01  1.173333311622e+00 2.973439903642e+00 1.957680213246e+01 -6.183254295661e+00
2.801000000000e+01  1.202988691281e+00 2.957612264567e+00 1.951455003690e+01 -6.267114931068e+00
2.802000000000e+01  1.232484850243e+00 2.941595891682e+00 1.945146107091e+01 -6.350627713075e+00
2.803000000000e+01  1.261819897064e+00 2.925389965514e+00 1.938753874104e+01 -6.433787036885e+00
2.804000000000e+01  1.290991932088e+00 2.908993663032e+00 1.932278660991e+01 -6.516587302026e+00
2.805000000000e+01  1.319999047412e+00 2.892406157576e+00 1.925720829609e+01 -6.599022912505e+00
2.806000000000e+01  1.348839326846e+00 2.875626618815e+00 1.919080747410e+01 -6.681088277000e+00
2.807000000000e+01  1.377510845881e+00 2.858654212746e+00 1.912358787434e+01 -6.762777809082e+00
2.808000000000e+01  1.406011671645e+00 2.841488101720e+00 1.905555328307e+01 -6.844085927476e+00
2.809000000000e+01  1.434339862877e+00 2.824127444516e+00 1.898670754231e+01 -6.925007056358e+00
2.810000000000e+01  1.462493469883e+00 2.806571396453e+00 1.891705454983e+01 -7.005535625697e+00
2.811000000000e+01  1.490470534507e+00 2.788819109547e+00 1.884659825905e+01 -7.085666071640e+00
2.812000000000e+01  1.518269090097e+00 2.770869732723e+00 1.877534267901e+01 -7.165392836947e+00
2.813000000000e+01  1.545887161476e+00 2.752722412072e+00 1.870329187429e+01 -7.244710371480e+00
2.814000000000e+01  1.573322764917e+00 2.734376291171e+00 1.863044996492e+01 -7.323613132744e+00
2.815000000000e+01  1.600573908116e+00 2.715830511463e+00 1.855682112632e+01 -7.402095586492e+00
2.816000000000e+01  1.627638590175e+00 2.697084212697e+00 1.848240958921e+01 -7.480152207396e+00
2.817000000000e+01  1.654514801589e+00 2.678136533448e+00 1.840721963951e+01 -7.557777479783e+00
2.818000000000e+01  1.681200524234e+00 2.658986611702e+00 1.833125561826e+01 -7.634965898449e+00
2.819000000000e+01  1.707693731369e+00 2.639633585526e+00 1.825452192148e+01 -7.711711969554e+00
2.820000000000e+01  1.733992387635e+00 2.620076593828e+00 1.817702300006e+01 -7.788010211596e+00
2.821000000000e+01  1.760094449071e+00 2.600314777196e+00 1.809876335966e+01 -7.863855156483e+00
2.822000000000e+01  1.785997863137e+00 2.580347278850e+00 1.801974756054e+01 -7.939241350698e+00
2.823000000000e+01  1.811700568741e+00 2.560173245685e+00 1.793998021741e+01 -8.014163356569e+00
2.824000000000e+01  1.837200496286e+00 2.539791829437e+00 1.785946599926e+01 -8.088615753650e+00
2.825000000000e+01  1.862495567721e+00 2.519202187954e+00 1.777820962923e+01 -8.162593140219e+00
2.826000000000e+01  1.887583696612e+00 2.498403486605e+00 1.769621588433e+01 -8.236090134897e+00
2.827000000000e+01  1.912462788226e+00 2.477394899813e+00 1.761348959531e+01 -8.309101378409e+00
2.828000000000e+01  1.937130739624e+00 2.456175612739e+00 1.753003564638e+01 -8.381621535477e+00
2.829000000000e+01  1.961585439784e+00 2.434744823105e+00 1.744585897495e+01 -8.453645296870e+00
2.830000000000e+01  1.985824769734e+00 2.413101743185e+00 1.736096457142e+01 -8.525167381602e+00
2.831000000000e+01  2.009846602706e+00 2.391245601964e+00 1.727535747881e+01 -8.596182539314e+00
2.832000000000e+01  2.033648804320e+00 2.369175647469e+00 1.718904279252e+01 -8.666685552817e+00
2.833000000000e+01  2.057229232782e+00 2.346891149291e+00 1.710202565991e+01 -8.736671240830e+00
2.834000000000e+01  2.080585739116e+00 2.324391401311e+00 1.701431127996e+01 -8.806134460921e+00
2.835000000000e+01  2.103716167421e+00 2.301675724627e+00 1.692590490288e+01 -8.875070112642e+00
2.836000000000e+01  2.126618355158e+00 2.278743470702e+00 1.683681182965e+01 -8.943473140898e+00
2.837000000000e+01  2.149290133473e+00 2.255594024749e+00 1.674703741155e+01 -9.011338539538e+00
2.838000000000e+01  2.171729327549e+00 2.232226809351e+00 1.665658704968e+01 -9.078661355185e+00
2.839000000000e+01  2.193933757003e+00 2.208641288340e+00 1.656546619436e+01 -9.145436691331e+00
2.840000000000e+01  2.215901236315e+00 2.184836970936e+00 1.647368034459e+01 -9.211659712682e+00
2.841000000000e+01  2.237629575308e+00 2.160813416171e+00 1.638123504738e+01 -9.277325649789e+00
2.842000000000e+01  2.259116579667e+00 2.136570237593e+00 1.628813589710e+01 -9.342429803965e+00
2.843000000000e+01  2.280360051511e+00 2.112107108275e+00 1.619438853470e+01 -9.406967552500e+00
2.844000000000e+01  2.301357790014e+00 2.087423766140e+00 1.609999864698e+01 -9.470934354188e+00
2.845000000000e+01  2.322107592079e+00 2.062520019596e+00 1.600497196570e+01 -9.534325755173e+00
2.846000000000e+01  2.342607253079e+00 2.037395753519e+00 1.590931426668e+01 -9.597137395136e+00
2.847000000000e+01  2.362854567648e+00 2.012050935571e+00 1.581303136887e+01 -9.659365013814e+00
2.848000000000e+01  2.382847330544e+00 1.986485622873e+00 1.571612913326e+01 -9.721004457880e+00
2.849000000000e+01  2.402583337579e+00 1.960699969038e+00 1.561861346182e+01 -9.782051688176e+00
2.850000000000e+01  2.422060386619e+00 1.934694231578e+00 1.552049029630e+01 -9.842502787324e+00
2.851000000000e+01  2.441276278667e+00 1.908468779681e+00 1.542176561697e+01 -9.902353967700e+00
2.852000000000e+01  2.460228819013e+00 1.882024102371e+00 1.532244544129e+01 -9.961601579799e+00
2.853000000000e+01  2.478915818482e+00 1.855360817050e+00 1.522253582249e+01 -1.002024212097e+01
2.854000000000e+01  2.497335094758e+00 1.828479678425e+00 1.512204284802e+01 -1.007827224454e+01
2.855000000000e+01  2.515484473808e+00 1.801381587816e+00 1.502097263800e+01 -1.013568876934e+01
2.856000000000e+01  2.533361791389e+00 1.774067602847e+00 1.491933134346e+01 -1.019248868956e+01
2.857000000000e+01  2.550964894670e+00 1.746538947508e+00 1.481712514459e+01 -1.024866918503e+01
2.858000000000e+01  2.568291643942e+00 1.718797022576e+00 1.471436024876e+01 -1.030422763181e+01
2.859000000000e+01  2.585339914443e+00 1.690843416390e+00 1.461104288858e+01 -1.035916161320e+01
2.860000000000e+01  2.602107598287e+00 1.662679915957e+00 1.450717931972e+01 -1.041346893101e+01
2.861000000000e+01  2.618592606508e+00 1.634308518367e+00 1.440277581867e+01 -1.046714761715e+01
2.862000000000e+01  2.634792871221e+00 1.605731442493e+00 1.429783868041e+01 -1.052019594557e+01
2.863000000000e+01  2.650706347897e+00 1.576951140939e+00 1.419237421591e+01 -1.057261244435e+01
2.864000000000e+01  2.666331017765e+00 1.547970312210e+00 1.408638874950e+01 -1.062439590809e+01
2.865000000000e+01  2.681664890329e+00 1.518791913049e+00 1.397988861620e+01 -1.067554541042e+01
2.866000000000e+01  2.696706006013e+00 1.489419170896e+00 1.387288015882e+01 -1.072606031663e+01
2.867000000000e+01  2.711452438933e+00 1.459855596419e+00 1.376536972500e+01 -1.077594029644e+01
2.868000000000e+01  2.725902299791e+00 1.430104996042e+00 1.365736366409e+01 -1.082518533665e+01
2.869000000000e+01  2.740053738892e+00 1.400171484413e+00 1.354886832394e+01 -1.087379575382e+01
2.870000000000e+01  2.753904949295e+00 1.370059496726e+00 1.343989004750e+01 -1.092177220680e+01
2.871000000000e+01  2.767454170069e+00 1.339773800809e+00 1.333043516938e+01 -1.096911570895e+01
2.872000000000e+01  2.780699689688e+00 1.309319508905e+00 1.322051001220e+01 -1.101582764013e+01
2.873000000000e+01  2.793639849524e+00 1.278702089008e+00 1.311012088292e+01 -1.106190975821e+01
2.874000000000e+01  2.806273047464e+00 1.247927375693e+00 1.299927406896e+01 -1.110736421008e+01
2.875000000000e+01  2.818597741624e+00 1.217001580279e+00 1.288797583426e+01 -1.115219354200e+01
2.876000000000e+01  2.830612454165e+00 1.185931300239e+00 1.277623241529e+01 -1.119640070916e+01
2.877000000000e+01  2.842315775196e+00 1.154723527701e+00 1.266405001685e+01 -1.123998908437e+01
2.878000000000e+01  2.853706366757e+00 1.123385656925e+00 1.255143480789e+01 -1.128296246574e+01
2.879000000000e+01  2.864782966875e+00 1.091925490602e+00 1.243839291723e+01 -1.132532508309e+01
2.880000000000e+01  2.875544393669e+00 1.060351244841e+00 1.232493042920e+01 -1.136708160316e+01
2.881000000000e+01  2.885989549507e+00 1.028671552691e+00 1.221105337925e+01 -1.140823713329e+01
2.882000000000e+01  2.896117425179e+00 9.968954660587e-01 1.209676774957e+01 -1.144879722350e+01
2.883000000000e+01  2.905927104092e+00 9.650324558623e-01 1.198207946460e+01 -1.148876786680e+01
2.884000000000e+01  2.915417766449e+00 9.330924102918e-01 1.186699438668e+01 -1.152815549766e+01
2.885000000000e+01  2.924588693400e+00 9.010856310240e-01 1.175151831158e+01 -1.156696698834e+01
2.886000000000e+01  2.933439271152e+00 8.690228272631e-01 1.163565696420e+01 -1.160520964313e+01
2.887000000000e+01  2.941968995002e+00 8.369151074824e-01 1.151941599430e+01 -1.164289119025e+01
2.888000000000e+01  2.950177473271e+00 8.047739687516e-01 1.140280097226e+01 -1.168001977133e+01
2.889000000000e+01  2.958064431133e+00 7.726112835519e-01 1.128581738505e+01 -1.171660392839e+01
2.890000000000e+01  2.965629714282e+00 7.404392839954e-01 1.116847063230e+01 -1.175265258822e+01
2.891000000000e+01  2.972873292441e+00 7.082705433851e-01 1.105076602254e+01 -1.178817504409e+01
2.892000000000e+01  2.979795262667e+00 6.761179550737e-01 1.093270876964e+01 -1.182318093480e+01
2.893000000000e+01  2.986395852432e+00 6.439947086048e-01 1.081430398945e+01 -1.185768022094e+01
2.894000000000e+01  2.992675422450e+00 6.119142631438e-01 1.069555669678e+01 -1.189168315848e+01
2.895000000000e+01  2.998634469233e+00 5.798903182384e-01 1.057647180251e+01 -1.192520026971e+01
2.896000000000e+01  3.004273627328e+00 5.479367819753e-01 1.045705411114e+01 -1.195824231153e+01
2.897000000000e+01  3.009593671237e+00 5.160677366348e-01 1.033730831860e+01 -1.199082024126e+01
2.898000000000e+01  3.014595516970e+00 4.842974019748e-01 1.021723901042e+01 -1.202294518007e+01
2.899000000000e+01  3.019280223232e+00 4.526400963104e-01 1.009685066029e+01 -1.205462837421e+01
2.900000000000e+01  3.023648992195e+00 4.211101955889e-01 9.976147629038e+00 -1.208588115425e+01
2.901000000000e+01  3.027703169870e+00 3.897220906901e-01 9.855134163948e+00 -1.211671489250e+01
2.902000000000e+01  3.031444246029e+00 3.584901432139e-01 9.733814398607e+00 -1.214714095895e+01
2.903000000000e+01  3.034873853686e+00 3.274286400468e-01 9.612192353137e+00 -1.217717067601e+01
2.904000000000e+01  3.037993768122e+00 2.965517470230e-01 9.490271934905e+00 -1.220681527226e+01
2.905000000000e+01  3.040805905434e+00 2.658734620195e-01 9.368056939694e+00 -1.223608583573e+01
2.906000000000e+01  3.043312320626e+00 2.354075678443e-01 9.245551053345e+00 -1.226499326691e+01
2.907000000000e+01  3.045515205218e+00 2.051675852901e-01 9.122757853863e+00 -1.229354823195e+01
2.908000000000e+01  3.047416884397e+00 1.751667267344e-01 8.999680813997e+00 -1.232176111639e+01
2.909000000000e+01  3.049019813707e+00 1.454178506751e-01 8.876323304267e+00 -1.234964197982e+01
2.910000000000e+01  3.050326575284e+00 1.159334175834e-01 8.752688596450e+00 -1.237720051192e+01
2.911000000000e+01  3.051339873669e+00 8.672544745543e-02 8.628779867483e+00 -1.240444599006e+01
2.912000000000e+01  3.052062531198e+00 5.780547942546e-02 8.504600203794e+00 -1.243138723913e+01
2.913000000000e+01  3.052497483007e+00 2.918453378931e-02 8.380152606015e+00 -1.245803259364e+01
2.914000000000e+01  3.052647771662e+00 8.730767614191e-04 8.255439994056e+00 -1.248438986261e+01
2.915000000000e+01  3.052516541461e+00 -2.711901173949e-02 8.130465212527e+00 -1.251046629752e+01
2.916000000000e+01  3.052107032427e+00 -5.478246701386e-02 8.005231036454e+00 -1.253626856347e+01
2.917000000000e+01  3.051422574025e+00 -8.210866498860e-02 7.879740177271e+00 -1.256180271392e+01
2.918000000000e+01  3.050466578650e+00 -1.090896439231e-01 7.753995289042e+00 -1.258707416911e+01
2.919000000000e+01  3.049242534914e+00 -1.357181222711e-01 7.627998974884e+00 -1.261208769831e+01
2.920000000000e+01  3.047754000776e+00 -1.619875126000e-01 7.501753793544e+00 -1.263684740603e+01
2.921000000000e+01  3.046004596546e+00 -1.878919315133e-01 7.375262266098e+00 -1.266135672219e+01
2.922000000000e+01  3.043997997821e+00 -2.134262055685e-01 7.248526882723e+00 -1.268561839638e+01
2.923000000000e+01  3.041737928372e+00 -2.385858732246e-01 7.121550109512e+00 -1.270963449596e+01
2.924000000000e+01  3.039228153036e+00 -2.633671828964e-01 6.994334395284e+00 -1.273340640817e+01
2.925000000000e+01  3.036472470644e+00 -2.877670872345e-01 6.866882178359e+00 -1.275693484593e+01
2.926000000000e+01  3.033474707028e+00 -3.117832337844e-01 6.739195893251e+00 -1.278021985733e+01
2.927000000000e+01  3.030238708132e+00 -3.354139522126e-01 6.611277977251e+00 -1.280326083848e+01
2.928000000000e+01  3.026768333275e+00 -3.586582383177e-01 6.483130876872e+00 -1.282605654961e+01
2.929000000000e+01  3.023067448580e+00 -3.815157350691e-01 6.354757054106e+00 -1.284860513419e+01
2.930000000000e+01  3.019139920614e+00 -4.039867109361e-01 6.226158992487e+00 -1.287090414062e+01
2.931000000000e+01  3.014989610252e+00 -4.260720357869e-01 6.097339202917e+00 -1.289295054653e+01
2.932000000000e+01  3.010620366793e+00 -4.477731546483e-01 5.968300229248e+00 -1.291474078504e+01
2.933000000000e+01  3.006036022354e+00 -4.690920596231e-01 5.839044653578e+00 -1.293627077300e+01
2.934000000000e+01  3.001240386540e+00 -4.900312602649e-01 5.709575101272e+00 -1.295753594072e+01
2.935000000000e+01  2.996237241430e+00 -5.105937527088e-01 5.579894245670e+00 -1.297853126287e+01
2.936000000000e+01  2.991030336865e+00 -5.307829878500e-01 5.450004812484e+00 -1.299925129048e+01
2.937000000000e+01  2.985623386068e+00 -5.506028388536e-01 5.319909583870e+00 -1.301969018349e+01
2.938000000000e+01  2.980020061582e+00 -5.700575682677e-01 5.189611402177e+00 -1.303984174372e+01
2.939000000000e+01  2.974223991543e+00 -5.891517949965e-01 5.059113173360e+00 -1.305969944802e+01
2.940000000000e+01  2.968238756280e+00 -6.078904613738e-01 4.928417870065e+00 -1.307925648125e+01
2.941000000000e+01  2.962067885246e+00 -6.262788005589e-01 4.797528534388e+00 -1.309850576902e+01
2.942000000000e+01  2.955714854267e+00 -6.443223044569e-01 4.666448280303e+00 -1.311744000981e+01
2.943000000000e+01  2.949183083112e+00 -6.620266923472e-01 4.535180295779e+00 -1.313605170647e+01
2.944000000000e+01  2.942475933375e+00 -6.793978803784e-01 4.403727844581e+00 -1.315433319680e+01
2.945000000000e+01  2.935596706651e+00 -6.964419520736e-01 4.272094267774e+00 -1.317227668309e+01
2.946000000000e+01  2.928548643001e+00 -7.131651299633e-01 4.140282984936e+00 -1.318987426064e+01
2.947000000000e+01  2.921334919707e+00 -7.295737484462e-01 4.008297495090e+00 -1.320711794491e+01
2.948000000000e+01  2.913958650271e+00 -7.456742279591e-01 3.876141377377e+00 -1.322399969749e+01
2.949000000000e+01  2.906422883685e+00 -7.614730505170e-01 3.743818291467e+00 -1.324051145057e+01
2.950000000000e+01  2.898730603929e+00 -7.769767366681e-01 3.611331977739e+00 -1.325664513013e+01
2.951000000000e+01  2.890884729691e+00 -7.921918238936e-01 3.478686257238e+00 -1.327239267759e+01
2.952000000000e+01  2.882888114299e+00 -8.071248464644e-01 3.345885031414e+00 -1.328774606999e+01
2.953000000000e+01  2.874743545851e+00 -8.217823167574e-01 3.212932281677e+00 -1.330269733880e+01
2.954000000000e+01  2.866453747513e+00 -8.361707080194e-01 3.079832068763e+00 -1.331723858720e+01
2.955000000000e+01  2.858021377995e+00 -8.502964385555e-01 2.946588531939e+00 -1.333136200596e+01
2.956000000000e+01  2.849449032169e+00 -8.641658573145e-01 2.813205888054e+00 -1.334505988792e+01
2.957000000000e+01  2.840739241831e+00 -8.777852308288e-01 2.679688430454e+00 -1.335832464112e+01
2.958000000000e+01  2.831894476582e+00 -8.911607314656e-01 2.546040527767e+00 -1.337114880062e+01
2.959000000000e+01  2.822917144821e+00 -9.042984269391e-01 2.412266622585e+00 -1.338352503903e+01
2.960000000000e+01  2.813809594841e+00 -9.172042710259e-01 2.278371230041e+00 -1.339544617588e+01
2.961000000000e+01  2.804574116005e+00 -9.298840954289e-01 2.144358936294e+00 -1.340690518579e+01
2.962000000000e+01  2.795212940008e+00 -9.423436027260e-01 2.010234396950e+00 -1.341789520560e+01
2.963000000000e+01  2.785728242191e+00 -9.545883603431e-01 1.876002335401e+00 -1.342840954044e+01
2.964000000000e+01  2.776122142923e+00 -9.666237954873e-01 1.741667541124e+00 -1.343844166886e+01
2.965000000000e+01  2.766396709025e+00 -9.784551909789e-01 1.607234867922e+00 -1.344798524703e+01
2.966000000000e+01  2.756553955224e+00 -9.900876819167e-01 1.472709232131e+00 -1.345703411215e+01
2.967000000000e+01  2.746595845650e+00 -1.001526253119e+00 1.338095610797e+00 -1.346558228506e+01
2.968000000000e+01  2.736524295345e+00 -1.012775737274e+00 1.203399039832e+00 -1.347362397211e+01
2.969000000000e+01  2.726341171790e+00 -1.023840813753e+00 1.068624612147e+00 -1.348115356642e+01
2.970000000000e+01  2.716048296442e+00 -1.034726008009e+00 9.337774757893e-01 -1.348816564851e+01
2.971000000000e+01  2.705647446271e+00 -1.045435691533e+00 7.988628320612e-01 -1.349465498640e+01
2.972000000000e+01  2.695140355304e+00 -1.055974082291e+00 6.638859336502e-01 -1.350061653519e+01
2.973000000000e+01  2.684528716148e+00 -1.066345245615e+00 5.288520827617e-01 -1.350604543625e+01
2.974000000000e+01  2.673814181513e+00 -1.076553095479e+00 3.937666292628e-01 -1.351093701594e+01
2.975000000000e+01  2.662998365720e+00 -1.086601396138e+00 2.586349688398e-01 -1.351528678404e+01
2.976000000000e+01  2.652082846184e+00 -1.096493764070e+00 1.234625411742e-01 -1.351909043180e+01
2.977000000000e+01  2.641069164885e+00 -1.106233670197e+00 -1.174517186165e-02 -1.352234382980e+01
2.978000000000e+01  2.629958829808e+00 -1.115824442339e+00 -1.469826479854e-01 -1.352504302553e+01
2.979000000000e+01  2.618753316360e+00 -1.125269267874e+00 -2.822443262605e-01 -1.352718424069e+01
2.980000000000e+01  2.607454068766e+00 -1.134571196569e+00 -4.175246088250e-01 -1.352876386848e+01
2.981000000000e+01  2.596062501424e+00 -1.143733143553e+00 -5.528178625908e-01 -1.352977847058e+01
2.982000000000e+01  2.584580000237e+00 -1.152757892419e+00 -6.881184209140e-01 -1.353022477411e+01
2.983000000000e+01  2.573007923918e+00 -1.161648098404e+00 -8.234205852332e-01 -1.353009966847e+01
2.984000000000e+01  2.561347605249e+00 -1.170406291655e+00 -9.587186266757e-01 -1.352940020210e+01
2.985000000000e+01  2.549600352321e+00 -1.179034880544e+00 -1.094006787632e+00 -1.352812357915e+01
2.986000000000e+01  2.537767449734e+00 -1.187536155013e+00 -1.229279283296e+00 -1.352626715622e+01
2.987000000000e+01  2.525850159761e+00 -1.195912289948e+00 -1.364530303173e+00 -1.352382843892e+01
2.988000000000e+01  2.513849723487e+00 -1.204165348545e+00 -1.499754012553e+00 -1.352080507860e+01
2.989000000000e+01  2.501767361906e+00 -1.212297285681e+00 -1.634944553950e+00 -1.351719486894e+01
2.990000000000e+01  2.489604276988e+00 -1.220309951253e+00 -1.770096048510e+00 -1.351299574263e+01
2.991000000000e+01  2.477361652713e+00 -1.228205093496e+00 -1.905202597386e+00 -1.350820576810e+01
2.992000000000e+01  2.465040656068e+00 -1.235984362256e+00 -2.040258283076e+00 -1.350282314619e+01
2.993000000000e+01  2.452642438021e+00 -1.243649312219e+00 -2.175257170733e+00 -1.349684620699e+01
2.994000000000e+01  2.440168134449e+00 -1.251201406090e+00 -2.310193309441e+00 -1.349027340664e+01
2.995000000000e+01  2.427618867050e+00 -1.258642017701e+00 -2.445060733460e+00 -1.348310332423e+01
2.996000000000e+01  2.414995744210e+00 -1.265972435074e+00 -2.579853463440e+00 -1.347533465871e+01
2.997000000000e+01  2.402299861850e+00 -1.273193863393e+00 -2.714565507605e+00 -1.346696622599e+01
2.998000000000e+01  2.389532304238e+00 -1.280307427926e+00 -2.849190862909e+00 -1.345799695593e+01
2.999000000000e+01  2.376694144777e+00 -1.287314176856e+00 -2.983723516160e+00 -1.344842588958e+01
3.000000000000e+01  2.363786446756e+00 -1.294215084046e+00 -3.118157445117e+00 -1.343825217637e+01
3.001000000000e+01  2.350810264086e+00 -1.301011051722e+00 -3.252486619564e+00 -1.342747507143e+01
3.002000000000e+01  2.337766642001e+00 -1.307702913071e+00 -3.386705002350e+00 -1.341609393297e+01
3.003000000000e+01  2.324656617735e+00 -1.314291434775e+00 -3.520806550410e+00 -1.340410821978e+01
3.004000000000e+01  2.311481221175e+00 -1.320777319444e+00 -3.654785215756e+00 -1.339151748874e+01
3.005000000000e+01  2.298241475491e+00 -1.327161207987e+00 -3.788634946449e+00 -1.337832139246e+01
3.006000000000e+01  2.284938397741e+00 -1.333443681888e+00 -3.922349687542e+00 -1.336451967699e+01
3.007000000000e+01  2.271572999454e+00 -1.339625265416e+00 -4.055923382006e+00 -1.335011217958e+01
3.008000000000e+01  2.258146287192e+00 -1.345706427743e+00 -4.189349971628e+00 -1.333509882655e+01
3.009000000000e+01  2.244659263091e+00 -1.351687584996e+00 -4.322623397895e+00 -1.331947963123e+01
3.010000000000e+01  2.231112925380e+00 -1.357569102222e+00 -4.455737602850e+00 -1.330325469198e+01
3.011000000000e+01  2.217508268883e+00 -1.363351295286e+00 -4.588686529939e+00 -1.328642419023e+01
3.012000000000e+01  2.203846285505e+00 -1.369034432687e+00 -4.721464124825e+00 -1.326898838868e+01
3.013000000000e+01  2.190127964691e+00 -1.374618737312e+00 -4.854064336196e+00 -1.325094762951e+01
3.014000000000e+01  2.176354293877e+00 -1.380104388104e+00 -4.986481116553e+00 -1.323230233268e+01
3.015000000000e+01  2.162526258925e+00 -1.385491521675e+00 -5.118708422974e+00 -1.321305299428e+01
3.016000000000e+01  2.148644844529e+00 -1.390780233843e+00 -5.250740217873e+00 -1.319320018499e+01
3.017000000000e+01  2.134711034627e+00 -1.395970581105e+00 -5.382570469737e+00 -1.317274454855e+01
3.018000000000e+01  2.120725812777e+00 -1.401062582044e+00 -5.514193153845e+00 -1.315168680032e+01
3.019000000000e+01  2.106690162538e+00 -1.406056218678e+00 -5.645602252984e+00 -1.313002772591e+01
3.020000000000e+01  2.092605067822e+00 -1.410951437743e+00 -5.776791758141e+00 -1.310776817985e+01
3.021000000000e+01  2.078471513246e+00 -1.415748151920e+00 -5.907755669187e+00 -1.308490908434e+01
3.022000000000e+01  2.064290484463e+00 -1.420446241003e+00 -6.038487995545e+00 -1.306145142801e+01
3.023000000000e+01  2.050062968489e+00 -1.425045553010e+00 -6.168982756854e+00 -1.303739626479e+01
3.024000000000e+01  2.035789954011e+00 -1.429545905247e+00 -6.299233983611e+00 -1.301274471281e+01
3.025000000000e+01  2.021472431693e+00 -1.433947085310e+00 -6.429235717811e+00 -1.298749795333e+01
3.026000000000e+01  2.007111394466e+00 -1.438248852044e+00 -6.558982013572e+00 -1.296165722976e+01
3.027000000000e+01  1.992707837814e+00 -1.442450936450e+00 -6.688466937753e+00 -1.293522384669e+01
3.028000000000e+01  1.978262760043e+00 -1.446553042543e+00 -6.817684570559e+00 -1.290819916896e+01
3.029000000000e+01  1.963777162551e+00 -1.450554848167e+00 -6.946629006141e+00 -1.288058462084e+01
3.030000000000e+01  1.949252050085e+00 -1.454456005766e+00 -7.075294353186e+00 -1.285238168518e+01
3.031000000000e+01  1.934688430989e+00 -1.458256143110e+00 -7.203674735499e+00 -1.282359190263e+01
3.032000000000e+01  1.920087317452e+00 -1.461954863980e+00 -7.331764292574e+00 -1.279421687090e+01
3.033000000000e+01  1.905449725741e+00 -1.465551748815e+00 -7.459557180168e+00 -1.276425824406e+01
3.034000000000e+01  1.890776676431e+00 -1.469046355315e+00 -7.587047570855e+00 -1.273371773187e+01
3.035000000000e+01  1.876069194632e+00 -1.472438219018e+00 -7.714229654582e+00 -1.270259709915e+01
3.036000000000e+01  1.861328310206e+00 -1.475726853825e+00 -7.841097639218e+00 -1.267089816518e+01
3.037000000000e+01  1.846555057983e+00 -1.478911752504e+00 -7.967645751091e+00 -1.263862280316e+01
3.038000000000e+01  1.831750477969e+00 -1.481992387153e+00 -8.093868235533e+00 -1.260577293965e+01
3.039000000000e+01  1.816915615547e+00 -1.484968209636e+00 -8.219759357401e+00 -1.257235055407e+01
3.040000000000e+01  1.802051521684e+00 -1.487838651978e+00 -8.345313401612e+00 -1.253835767825e+01
3.041000000000e+01  1.787159253122e+00 -1.490603126740e+00 -8.470524673659e+00 -1.250379639600e+01
3.042000000000e+01  1.772239872575e+00 -1.493261027362e+00 -8.595387500131e+00 -1.246866884264e+01
3.043000000000e+01  1.757294448915e+00 -1.495811728474e+00 -8.719896229229e+00 -1.243297720468e+01
3.044000000000e+01  1.742324057361e+00 -1.498254586182e+00 -8.844045231269e+00 -1.239672371942e+01
3.045000000000e+01  1.727329779662e+00 -1.500588938329e+00 -8.967828899195e+00 -1.235991067461e+01
3.046000000000e+01  1.712312704279e+00 -1.502814104729e+00 -9.091241649078e+00 -1.232254040816e+01
3.047000000000e+01  1.697273926563e+00 -1.504929387380e+00 -9.214277920620e+00 -1.228461530783e+01
3.048000000000e+01  1.682214548936e+00 -1.506934070646e+00 -9.336932177645e+00 -1.224613781099e+01
3.049000000000e+01  1.667135681060e+00 -1.508827421422e+00 -9.459198908599e+00 -1.220711040434e+01
3.050000000000e+01  1.652038440017e+00 -1.510608689278e+00 -9.581072627043e+00 -1.216753562369e+01
3.051000000000e+01  1.636923950480e+00 -1.512277106575e+00 -9.702547872137e+00 -1.212741605379e+01
3.052000000000e+01  1.621793344881e+00 -1.513831888571e+00 -9.823619209135e+00 -1.208675432809e+01
3.053000000000e+01  1.606647763588e+00 -1.515272233496e+00 -9.944281229867e+00 -1.204555312861e+01
3.054000000000e+01  1.591488355069e+00 -1.516597322614e+00 -1.006452855323e+01 -1.200381518577e+01
3.055000000000e+01  1.576316276066e+00 -1.517806320268e+00 -1.018435582565e+01 -1.196154327826e+01
3.056000000000e+01  1.561132691760e+00 -1.518898373906e+00 -1.030375772161e+01 -1.191874023293e+01
3.057000000000e+01  1.545938775944e+00 -1.519872614085e+00 -1.042272894407e+01 -1.187540892466e+01
3.058000000000e+01  1.530735711188e+00 -1.520728154468e+00 -1.054126422500e+01 -1.183155227630e+01
3.059000000000e+01  1.515524689011e+00 -1.521464091800e+00 -1.065935832583e+01 -1.178717325859e+01
3.060000000000e+01  1.500306910051e+00 -1.522079505867e+00 -1.077700603795e+01 -1.174227489007e+01
3.061000000000e+01  1.485083584230e+00 -1.522573459446e+00 -1.089420218315e+01 -1.169686023709e+01
3.062000000000e+01  1.469855930930e+00 -1.522944998240e+00 -1.101094161413e+01 -1.165093241371e+01
3.063000000000e+01  1.454625179161e+00 -1.523193150796e+00 -1.112721921499e+01 -1.160449458170e+01
3.064000000000e+01  1.439392567733e+00 -1.523316928419e+00 -1.124302990166e+01 -1.155754995054e+01
3.065000000000e+01  1.424159345432e+00 -1.523315325063e+00 -1.135836862242e+01 -1.151010177742e+01
3.066000000000e+01  1.408926771189e+00 -1.523187317223e+00 -1.147323035836e+01 -1.146215336720e+01
3.067000000000e+01  1.393696114260e+00 -1.522931863809e+00 -1.158761012383e+01 -1.141370807246e+01
3.068000000000e+01  1.378468654400e+00 -1.522547906013e+00 -1.170150296699e+01 -1.136476929353e+01
3.069000000000e+01  1.363245682042e+00 -1.522034367167e+00 -1.181490397020e+01 -1.131534047849e+01
3.070000000000e+01  1.348028498473e+00 -1.521390152593e+00 -1.192780825058e+01 -1.126542512323e+01
3.071000000000e+01  1.332818416022e+00 -1.520614149446e+00 -1.204021096041e+01 -1.121502677148e+01
3.072000000000e+01  1.317616758234e+00 -1.519705226549e+00 -1.215210728767e+01 -1.116414901486e+01
3.073000000000e+01  1.302424860062e+00 -1.518662234225e+00 -1.226349245649e+01 -1.111279549293e+01
3.074000000000e+01  1.287244068046e+00 -1.517484004121e+00 -1.237436172763e+01 -1.106096989324e+01
3.075000000000e+01  1.272075740507e+00 -1.516169349029e+00 -1.248471039898e+01 -1.100867595141e+01
3.076000000000e+01  1.256921247729e+00 -1.514717062706e+00 -1.259453380602e+01 -1.095591745116e+01
3.077000000000e+01  1.241781972160e+00 -1.513125919688e+00 -1.270382732229e+01 -1.090269822439e+01
3.078000000000e+01  1.226659308595e+00 -1.511394675106e+00 -1.281258635993e+01 -1.084902215123e+01
3.079000000000e+01  1.211554664378e+00 -1.509522064499e+00 -1.292080637008e+01 -1.079489316010e+01
3.080000000000e+01  1.196469459597e+00 -1.507506803630e+00 -1.302848284344e+01 -1.074031522777e+01
3.081000000000e+01  1.181405127280e+00 -1.505347588303e+00 -1.313561131070e+01 -1.068529237942e+01
3.082000000000e+01  1.166363113599e+00 -1.503043094185e+00 -1.324218734305e+01 -1.062982868867e+01
3.083000000000e+01  1.151344878073e+00 -1.500591976624e+00 -1.334820655267e+01 -1.057392827764e+01
3.084000000000e+01  1.136351893766e+00 -1.497992870488e+00 -1.345366459317e+01 -1.051759531700e+01
3.085000000000e+01  1.121385647499e+00 -1.495244389995e+00 -1.355855716015e+01 -1.046083402594e+01
3.086000000000e+01  1.106447640055e+00 -1.492345128562e+00 -1.366287999163e+01 -1.040364867226e+01
3.087000000000e+01  1.091539386387e+00 -1.489293658659e+00 -1.376662886853e+01 -1.034604357233e+01
3.088000000000e+01  1.076662415829e+00 -1.486088531677e+00 -1.386979961522e+01 -1.028802309111e+01
3.089000000000e+01  1.061818272307e+00 -1.482728277805e+00 -1.397238809992e+01 -1.022959164210e+01
3.090000000000e+01  1.047008514551e+00 -1.479211405928e+00 -1.407439023525e+01 -1.017075368736e+01
3.091000000000e+01  1.032234716310e+00 -1.475536403537e+00 -1.417580197869e+01 -1.011151373737e+01
3.092000000000e+01  1.017498466566e+00 -1.471701736660e+00 -1.427661933307e+01 -1.005187635105e+01
3.093000000000e+01  1.002801369748e+00 -1.467705849810e+00 -1.437683834705e+01 -9.991846135580e+00
3.094000000000e+01  9.881450459467e-01 -1.463547165964e+00 -1.447645511559e+01 -9.931427746342e+00
3.095000000000e+01  9.735311311315e-01 -1.459224086557e+00 -1.457546578045e+01 -9.870625886740e+00
3.096000000000e+01  9.589612773651e-01 -1.454734991511e+00 -1.467386653068e+01 -9.809445308033e+00
3.097000000000e+01  9.444371530182e-01 -1.450078239288e+00 -1.477165360306e+01 -9.747890809131e+00
3.098000000000e+01  9.299604429840e-01 -1.445252166985e+00 -1.486882328261e+01 -9.685967236348e+00
3.099000000000e+01  9.155328488907e-01 -1.440255090453e+00 -1.496537190305e+01 -9.623679483132e+00
3.100000000000e+01  9.011560893138e-01 -1.435085304458e+00 -1.506129584724e+01 -9.561032489741e+00
3.101000000000e+01  8.868318999852e-01 -1.429741082893e+00 -1.515659154772e+01 -9.498031242890e+00
3.102000000000e+01  8.725620340016e-01 -1.424220679014e+00 -1.525125548710e+01 -9.434680775344e+00
3.103000000000e+01  8.583482620284e-01 -1.418522325746e+00 -1.534528419854e+01 -9.370986165464e+00
3.104000000000e+01  8.441923725021e-01 -1.412644236022e+00 -1.543867426623e+01 -9.306952536702e+00
3.105000000000e+01  8.300961718277e-01 -1.406584603190e+00 -1.553142232581e+01 -9.242585057039e+00
3.106000000000e+01  8.160614845726e-01 -1.400341601467e+00 -1.562352506480e+01 -9.177888938367e+00
3.107000000000e+01  8.020901536549e-01 -1.393913386463e+00 -1.571497922310e+01 -9.112869435798e+00
3.108000000000e+01  7.881840405270e-01 -1.387298095770e+00 -1.580578159332e+01 -9.047531846921e+00
3.109000000000e+01  7.743450253522e-01 -1.380493849617e+00 -1.589592902130e+01 -8.981881510972e+00
3.110000000000e+01  7.605750071747e-01 -1.373498751606e+00 -1.598541840645e+01 -8.915923807937e+00
3.111000000000e+01  7.468759040818e-01 -1.366310889521e+00 -1.607424670218e+01 -8.849664157574e+00
3.112000000000e+01  7.332496533576e-01 -1.358928336227e+00 -1.616241091630e+01 -8.783108018347e+00
3.113000000000e+01  7.196982116276e-01 -1.351349150649e+00 -1.624990811139e+01 -8.716260886272e+00
3.114000000000e+01  7.062235549921e-01 -1.343571378856e+00 -1.633673540518e+01 -8.649128293670e+00
3.115000000000e+01  6.928276791492e-01 -1.335593055232e+00 -1.642288997087e+01 -8.581715807817e+00
3.116000000000e+01  6.795125995057e-01 -1.327412203758e+00 -1.650836903754e+01 -8.514029029493e+00
3.117000000000e+01  6.662803512731e-01 -1.319026839400e+00 -1.659316989041e+01 -8.446073591418e+00
3.118000000000e+01  6.531329895514e-01 -1.310434969613e+00 -1.667728987119e+01 -8.377855156573e+00
3.119000000000e+01  6.400725893953e-01 -1.301634595959e+00 -1.676072637836e+01 -8.309379416404e+00
3.120000000000e+01  6.271012458647e-01 -1.292623715860e+00 -1.684347686743e+01 -8.240652088895e+00
3.121000000000e+01  6.142210740569e-01 -1.283400324474e+00 -1.692553885125e+01 -8.171678916511e+00
3.122000000000e+01  6.014342091187e-01 -1.273962416708e+00 -1.700690990018e+01 -8.102465664005e+00
3.123000000000e+01  5.887428062385e-01 -1.264307989378e+00 -1.708758764233e+01 -8.033018116078e+00
3.124000000000e+01  5.761490406155e-01 -1.254435043509e+00 -1.716756976374e+01 -7.963342074896e+00
3.125000000000e+01  5.636551074053e-01 -1.244341586797e+00 -1.724685400856e+01 -7.893443357448e+00
3.126000000000e+01  5.512632216405e-01 -1.234025636225e+00 -1.732543817917e+01 -7.823327792744e+00
3.127000000000e+01  5.389756181232e-01 -1.223485220839e+00 -1.740332013628e+01 -7.753001218852e+00
3.128000000000e+01  5.267945512904e-01 -1.212718384702e+00 -1.748049779899e+01 -7.682469479764e+00
3.129000000000e+01  5.147222950477e-01 -1.201723190018e+00 -1.755696914489e+01 -7.611738422077e+00
3.130000000000e+01  5.027611425715e-01 -1.190497720435e+00 -1.763273221002e+01 -7.540813891512e+00
3.131000000000e+01  4.909134060771e-01 -1.179040084533e+00 -1.770778508883e+01 -7.469701729228e+00
3.132000000000e+01  4.791814165512e-01 -1.167348419501e+00 -1.778212593417e+01 -7.398407767959e+00
3.133000000000e+01  4.675675234460e-01 -1.155420895003e+00 -1.785575295715e+01 -7.326937827957e+00
3.134000000000e+01  4.560740943348e-01 -1.143255717245e+00 -1.792866442698e+01 -7.255297712734e+00
3.135000000000e+01  4.447035145247e-01 -1.130851133235e+00 -1.800085867082e+01 -7.183493204606e+00
3.136000000000e+01  4.334581866263e-01 -1.118205435250e+00 -1.807233407352e+01 -7.111530060040e+00
3.137000000000e+01  4.223405300782e-01 -1.105316965497e+00 -1.814308907734e+01 -7.039414004785e+00
3.138000000000e+01  4.113529806227e-01 -1.092184120987e+00 -1.821312218160e+01 -6.967150728817e+00
3.139000000000e+01  4.004979897328e-01 -1.078805358607e+00 -1.828243194235e+01 -6.894745881059e+00
3.140000000000e+01  3.897780239868e-01 -1.065179200399e+00 -1.835101697187e+01 -6.822205063913e+00
3.141000000000e+01  3.791955643895e-01 -1.051304239037e+00 -1.841887593821e+01 -6.749533827578e+00
3.142000000000e+01  3.687531056377e-01 -1.037179143507e+00 -1.848600756464e+01 -6.676737664176e+00
3.143000000000e+01  3.584531553271e-01 -1.022802664981e+00 -1.855241062903e+01 -6.603822001675e+00
3.144000000000e+01  3.482982331008e-01 -1.008173642882e+00 -1.861808396315e+01 -6.530792197624e+00
3.145000000000e+01  3.382908697349e-01 -9.932910111296e-01 -1.868302645200e+01 -6.457653532704e+00
3.146000000000e+01  3.284336061619e-01 -9.781538045719e-01 -1.874723703296e+01 -6.384411204098e+00
3.147000000000e+01  3.187289924284e-01 -9.627611655749e-01 -1.881071469490e+01 -6.311070318693e+00
3.148000000000e+01  3.091795865856e-01 -9.471123507757e-01 -1.887345847732e+01 -6.237635886125e+00
3.149000000000e+01  2.997879535130e-01 -9.312067379785e-01 -1.893546746925e+01 -6.164112811677e+00
3.150000000000e+01  2.905566636708e-01 -9.150438331828e-01 -1.899674080826e+01 -6.090505889045e+00
3.151000000000e+01  2.814882917826e-01 -8.986232777272e-01 -1.905727767922e+01 -6.016819792991e+00
3.152000000000e+01  2.725854154458e-01 -8.819448555313e-01 -1.911707731314e+01 -5.943059071885e+00
3.153000000000e+01  2.638506136689e-01 -8.650085004174e-01 -1.917613898583e+01 -5.869228140185e+00
3.154000000000e+01  2.552864653359e-01 -8.478143034900e-01 -1.923446201657e+01 -5.795331270842e+00
3.155000000000e+01  2.468955475964e-01 -8.303625205497e-01 -1.929204576658e+01 -5.721372587678e+00
3.156000000000e+01  2.386804341811e-01 -8.126535795183e-01 -1.934888963756e+01 -5.647356057749e+00
3.157000000000e+01  2.306436936440e-01 -7.946880878460e-01 -1.940499307005e+01 -5.573285483732e+00
3.158000000000e+01  2.227878875301e-01 -7.764668398737e-01 -1.946035554177e+01 -5.499164496342e+00
3.159000000000e+01  2.151155684700e-01 -7.579908241177e-01 -1.951497656583e+01 -5.424996546843e+00
3.160000000000e+01  2.076292782023e-01 -7.392612304472e-01 -1.956885568894e+01 -5.350784899649e+00
3.161000000000e+01  2.003315455251e-01 -7.202794571169e-01 -1.962199248946e+01 -5.276532625086e+00
3.162000000000e+01  1.932248841777e-01 -7.010471176219e-01 -1.967438657547e+01 -5.202242592314e+00
3.163000000000e+01  1.863117906546e-01 -6.815660473353e-01 -1.972603758269e+01 -5.127917462479e+00
3.164000000000e+01  1.795947419558e-01 -6.618383098914e-01 -1.977694517238e+01 -5.053559682113e+00
3.165000000000e+01  1.730761932725e-01 -6.418662032731e-01 -1.982710902917e+01 -4.979171476827e+00
3.166000000000e+01  1.667585756159e-01 -6.216522655641e-01 -1.987652885878e+01 -4.904754845344e+00
3.167000000000e+01  1.606442933888e-01 -6.011992803229e-01 -1.992520438581e+01 -4.830311553906e+00
3.168000000000e+01  1.547357219060e-01 -5.805102815376e-01 -1.997313535127e+01 -4.755843131102e+00
3.169000000000e+01  1.490352048679e-01 -5.595885581185e-01 -2.002032151030e+01 -4.681350863152e+00
3.170000000000e+01  1.435450517908e-01 -5.384376578859e-01 -2.006676262964e+01 -4.606835789703e+00
3.171000000000e+01  1.382675354013e-01 -5.170613910129e-01 -2.011245848517e+01 -4.532298700165e+00
3.172000000000e+01  1.332048889976e-01 -4.954638328798e-01 -2.015740885943e+01 -4.457740130634e+00
3.173000000000e+01  1.283593037872e-01 -4.736493263016e-01 -2.020161353900e+01 -4.383160361444e+00
3.174000000000e+01  1.237329262041e-01 -4.516224830906e-01 -2.024507231201e+01 -4.308559415382e+00
3.175000000000e+01  1.193278552145e-01 -4.293881849150e-01 -2.028778496550e+01 -4.233937056605e+00
3.176000000000e+01  1.151461396183e-01 -4.069515834226e-01 -2.032975128288e+01 -4.159292790296e+00
3.177000000000e+01  1.111897753515e-01 -3.843180995948e-01 -2.037097104130e+01 -4.084625863083e+00
3.178000000000e+01  1.074607028009e-01 -3.614934223043e-01 -2.041144400910e+01 -4.009935264260e+00
3.179000000000e+01  1.039608041364e-01 -3.384835060507e-01 -2.045116994322e+01 -3.935219727823e+00
3.180000000000e+01  1.006919006696e-01 -3.152945678521e-01 -2.049014858671e+01 -3.860477735355e+00
3.181000000000e+01  9.765575024917e-02 -2.919330832769e-01 -2.052837966617e+01 -3.785707519770e+00
3.182000000000e+01  9.485404469937e-02 -2.684057816015e-01 -2.056586288930e+01 -3.710907069923e+00
3.183000000000e+01  9.228840731136e-02 -2.447196400878e-01 -2.060259794251e+01 -3.636074136113e+00
3.184000000000e+01  8.996039039653e-02 -2.208818773765e-01 -2.063858448856e+01 -3.561206236457e+00
3.185000000000e+01  8.787147291012e-02 -1.968999459997e-01 -2.067382216425e+01 -3.486300664154e+00
3.186000000000e+01  8.602305815411e-02 -1.727815240200e-01 -2.070831057823e+01 -3.411354495613e+00
3.187000000000e+01  8.441647156795e-02 -1.485345058113e-01 -2.074204930888e+01 -3.336364599446e+00
3.188000000000e+01  8.305295861581e-02 -1.241669919991e-01 -2.077503790228e+01 -3.261327646300e+00
3.189000000000e+01  8.193368277834e-02 -9.968727858796e-02 -2.080727587028e+01 -3.186240119499e+00
3.190000000000e+01  8.105972365726e-02 -7.510384530385e-02 -2.083876268866e+01 -3.111098326470e+00
3.191000000000e+01  8.043207520002e-02 -5.042534319170e-02 -2.086949779549e+01 -3.035898410918e+00
3.192000000000e+01  8.005164405228e-02 -2.566058150758e-02 -2.089948058951e+01 -2.960636365702e+00
3.193000000000e+01  7.991924804452e-02 -8.185139542922e-04 -2.092871042868e+01 -2.885308046370e+00
3.194000000000e+01  8.003561481943e-02 2.409177568771e-02 -2.095718662893e+01 -2.809909185292e+00
3.195000000000e+01  8.040138060574e-02 4.906108847689e-02 -2.098490846296e+01 -2.734435406353e+00
3.196000000000e+01  8.101708914362e-02 7.408012571333e-02 -2.101187515924e+01 -2.658882240118e+00
3.197000000000e+01  8.188319076615e-02 9.913950476271e-02 -2.103808590116e+01 -2.583245139423e+00
3.198000000000e+01  8.300004164095e-02 1.242297752328e-01 -2.106353982631e+01 -2.507519495324e+00
3.199000000000e+01  8.436790317479e-02 1.493414354317e-01 -2.108823602601e+01 -2.431700653319e+00
3.200000000000e+01  8.598694158402e-02 1.744649490340e-01 -2.111217354483e+01 -2.355783929781e+00
3.201000000000e+01  8.785722763215e-02 1.995907618802e-01 -2.113535138049e+01 -2.279764628525e+00
3.202000000000e+01  8.997873653583e-02 2.247093188333e-01 -2.115776848373e+01 -2.203638057433e+00
3.203000000000e+01  9.235134803927e-02 2.498110806164e-01 -2.117942375851e+01 -2.127399545053e+00
3.204000000000e+01  9.497484665653e-02 2.748865405547e-01 -2.120031606223e+01 -2.051044457111e+00
3.205000000000e+01  9.784892208041e-02 2.999262411473e-01 -2.122044420623e+01 -1.974568212848e+00
3.206000000000e+01  1.009731697558e-01 3.249207903950e-01 -2.123980695637e+01 -1.897966301110e+00
3.207000000000e+01  1.043470916150e-01 3.498608778128e-01 -2.125840303387e+01 -1.821234296131e+00
3.208000000000e+01  1.079700969704e-01 3.747372900573e-01 -2.127623111614e+01 -1.744367872922e+00
3.209000000000e+01  1.118415035625e-01 3.995409261050e-01 -2.129328983797e+01 -1.667362822214e+00
3.210000000000e+01  1.159605387561e-01 4.242628119178e-01 -2.130957779266e+01 -1.590215064892e+00
3.211000000000e+01  1.203263408805e-01 4.488941145393e-01 -2.132509353348e+01 -1.512920665852e+00
3.212000000000e+01  1.249379607081e-01 4.734261555683e-01 -2.133983557511e+01 -1.435475847240e+00
3.213000000000e+01  1.297943630636e-01 4.978504239604e-01 -2.135380239532e+01 -1.357877001019e+00
3.214000000000e+01  1.348944285581e-01 5.221585881156e-01 -2.136699243667e+01 -1.280120700820e+00
3.215000000000e+01  1.402369554403e-01 5.463425072134e-01 -2.137940410847e+01 -1.202203713043e+00
3.216000000000e+01  1.458206615571e-01 5.703942417634e-01 -2.139103578868e+01 -1.124123007169e+00
3.217000000000e+01  1.516441864153e-01 5.943060633442e-01 -2.140188582601e+01 -1.045875765263e+00
3.218000000000e+01  1.577060933375e-01 6.180704635106e-01 -2.141195254212e+01 -9.674593906489e-01
3.219000000000e+01  1.640048717012e-01 6.416801618522e-01 -2.142123423384e+01 -8.888715157274e-01
3.220000000000e+01  1.705389392560e-01 6.651281131951e-01 -2.142972917550e+01 -8.101100089438e-01
3.221000000000e+01  1.773066445074e-01 6.884075139413e-01 -2.143743562133e+01 -7.311729808909e-01
3.222000000000e+01  1.843062691598e-01 7.115118075469e-01 -2.144435180789e+01 -6.520587895504e-01
3.223000000000e+01  1.915360306103e-01 7.344346891449e-01 -2.145047595660e+01 -5.727660446801e-01
3.224000000000e+01  1.989940844843e-01 7.571701093227e-01 -2.145580627624e+01 -4.932936113547e-01
3.225000000000e+01  2.066785272050e-01 7.797122770713e-01 -2.146034096553e+01 -4.136406126786e-01
3.226000000000e+01  2.145873985880e-01 8.020556619219e-01 -2.146407821572e+01 -3.338064316866e-01
3.227000000000e+01  2.227186844531e-01 8.241949952964e-01 -2.146701621321e+01 -2.537907124579e-01
3.228000000000e+01  2.310703192471e-01 8.461252710964e-01 -2.146915314214e+01 -1.735933604688e-01
3.229000000000e+01  2.396401886667e-01 8.678417455596e-01 -2.147048718700e+01 -9.321454221354e-02
3.230000000000e+01  2.484261322786e-01 8.893399364177e-01 -2.147101653525e+01 -1.265468412540e-02
3.231000000000e+01  2.574259461266e-01 9.106156213887e-01 -2.147073937992e+01 6.808552916682e-02
3.232000000000e+01  2.666373853206e-01 9.316648360396e-01 -2.146965392213e+01 1.490051572115e-01
3.233000000000e+01  2.760581666017e-01 9.524838710594e-01 -2.146775837372e+01 2.301030066978e-01
3.234000000000e+01  2.856859708770e-01 9.730692689792e-01 -2.146505095966e+01 3.113776349708e-01
3.235000000000e+01  2.955184457190e-01 9.934178203801e-01 -2.146152992061e+01 3.928273540593e-01
3.236000000000e+01  3.055532078246e-01 1.013526559630e+00 -2.145719351529e+01 4.744502351743e-01
3.237000000000e+01  3.157878454302e-01 1.033392760189e+00 -2.145204002290e+01 5.562441136398e-01
3.238000000000e+01  3.262199206762e-01 1.053013929522e+00 -2.144606774543e+01 6.382065942133e-01
3.239000000000e+01  3.368469719209e-01 1.072387803665e+00 -2.143927500996e+01 7.203350567570e-01
3.240000000000e+01  3.476665159965e-01 1.091512341476e+00 -2.143166017086e+01 8.026266622211e-01
3.241000000000e+01  3.586760504082e-01 1.110385718612e+00 -2.142322161194e+01 8.850783588992e-01
3.242000000000e+01  3.698730554699e-01 1.129006321277e+00 -2.141395774858e+01 9.676868889184e-01
3.243000000000e+01  3.812549963784e-01 1.147372739762e+00 -2.140386702973e+01 1.050448794930e+00
3.244000000000e+01  3.928193252204e-01 1.165483761830e+00 -2.139294793988e+01 1.133360426961e+00
3.245000000000e+01  4.045634829139e-01 1.183338365962e+00 -2.138119900092e+01 1.216417949402e+00
3.246000000000e+01  4.164849010810e-01 1.200935714507e+00 -2.136861877403e+01 1.299617348085e+00
3.247000000000e+01  4.285810038520e-01 1.218275146769e+00 -2.135520586136e+01 1.382954437442e+00
3.248000000000e+01  4.408492096003e-01 1.235356172041e+00 -2.134095890775e+01 1.466424867691e+00
3.249000000000e+01  4.532869326071e-01 1.252178462635e+00 -2.132587660232e+01 1.550024132044e+00
3.250000000000e+01  4.658915846571e-01 1.268741846921e+00 -2.130995768001e+01 1.633747573904e+00
3.251000000000e+01  4.786605765644e-01 1.285046302396e+00 -2.129320092304e+01 1.717590394021e+00
3.252000000000e+01  4.915913196291e-01 1.301091948810e+00 -2.127560516228e+01 1.801547657605e+00
3.253000000000e+01  5.046812270265e-01 1.316879041369e+00 -2.125716927862e+01 1.885614301348e+00
3.254000000000e+01  5.179277151273e-01 1.332407964024e+00 -2.123789220417e+01 1.969785140371e+00
3.255000000000e+01  5.313282047527e-01 1.347679222874e+00 -2.121777292348e+01 2.054054875049e+00
3.256000000000e+01  5.448801223630e-01 1.362693439686e+00 -2.119681047463e+01 2.138418097724e+00
3.257000000000e+01  5.585809011832e-01 1.377451345552e+00 -2.117500395028e+01 2.222869299275e+00
3.258000000000e+01  5.724279822646e-01 1.391953774690e+00 -2.115235249865e+01 2.307402875549e+00
3.259000000000e+01  5.864188154863e-01 1.406201658404e+00 -2.112885532446e+01 2.392013133631e+00
3.260000000000e+01  6.005508604962e-01 1.420196019201e+00 -2.110451168976e+01 2.476694297950e+00
3.261000000000e+01  6.148215875952e-01 1.433937965088e+00 -2.107932091476e+01 2.561440516223e+00
3.262000000000e+01  6.292284785640e-01 1.447428684033e+00 -2.105328237853e+01 2.646245865206e+00
3.263000000000e+01  6.437690274359e-01 1.460669438616e+00 -2.102639551969e+01 2.731104356285e+00
3.264000000000e+01  6.584407412175e-01 1.473661560861e+00 -2.099865983708e+01 2.816009940862e+00
3.265000000000e+01  6.732411405578e-01 1.486406447251e+00 -2.097007489027e+01 2.900956515569e+00
3.266000000000e+01  6.881677603693e-01 1.498905553939e+00 -2.094064030012e+01 2.985937927288e+00
3.267000000000e+01  7.032181504011e-01 1.511160392137e+00 -2.091035574926e+01 3.070947977981e+00
3.268000000000e+01  7.183898757678e-01 1.523172523700e+00 -2.087922098247e+01 3.155980429335e+00
3.269000000000e+01  7.336805174348e-01 1.534943556898e+00 -2.084723580714e+01 3.241029007215e+00
3.270000000000e+01  7.490876726619e-01 1.546475142367e+00 -2.081440009351e+01 3.326087405936e+00
3.271000000000e+01  7.646089554081e-01 1.557768969252e+00 -2.078071377505e+01 3.411149292344e+00
3.272000000000e+01  7.802419966979e-01 1.568826761528e+00 -2.074617684866e+01 3.496208309721e+00
3.273000000000e+01  7.959844449522e-01 1.579650274492e+00 -2.071078937492e+01 3.581258081509e+00
3.274000000000e+01  8.118339662852e-01 1.590241291445e+00 -2.067455147825e+01 3.666292214858e+00
3.275000000000e+01  8.277882447680e-01 1.600601620529e+00 -2.063746334706e+01 3.751304304006e+00
3.276000000000e+01  8.438449826628e-01 1.610733091742e+00 -2.059952523386e+01 3.836287933488e+00
3.277000000000e+01  8.600019006269e-01 1.620637554108e+00 -2.056073745538e+01 3.921236681181e+00
3.278000000000e+01  8.762567378897e-01 1.630316873012e+00 -2.052110039256e+01 4.006144121197e+00
3.279000000000e+01  8.926072524037e-01 1.639772927678e+00 -2.048061449061e+01 4.091003826615e+00
3.280000000000e+01  9.090512209711e-01 1.649007608811e+00 -2.043928025900e+01 4.175809372069e+00
3.281000000000e+01  9.255864393475e-01 1.658022816363e+00 -2.039709827145e+01 4.260554336186e+00
3.282000000000e+01  9.422107223241e-01 1.666820457456e+00 -2.035406916585e+01 4.345232303894e+00
3.283000000000e+01  9.589219037890e-01 1.675402444425e+00 -2.031019364420e+01 4.429836868587e+00
3.284000000000e+01  9.757178367713e-01 1.683770692998e+00 -2.026547247250e+01 4.514361634164e+00
3.285000000000e+01  9.925963934655e-01 1.691927120594e+00 -2.021990648068e+01 4.598800216947e+00
3.286000000000e+01  1.009555465241e+00 1.699873644741e+00 -2.017349656241e+01 4.683146247473e+00
3.287000000000e+01  1.026592962636e+00 1.707612181613e+00 -2.012624367499e+01 4.767393372183e+00
3.288000000000e+01  1.043706815336e+00 1.715144644662e+00 -2.007814883915e+01 4.851535254987e+00
3.289000000000e+01  1.060894972143e+00 1.722472943372e+00 -2.002921313892e+01 4.935565578737e+00
3.290000000000e+01  1.078155400926e+00 1.729598982094e+00 -1.997943772136e+01 5.019478046592e+00
3.291000000000e+01  1.095486088570e+00 1.736524658992e+00 -1.992882379642e+01 5.103266383294e+00
3.292000000000e+01  1.112885040901e+00 1.743251865065e+00 -1.987737263667e+01 5.186924336351e+00
3.293000000000e+01  1.130350282620e+00 1.749782483263e+00 -1.982508557711e+01 5.270445677128e+00
3.294000000000e+01  1.147879857209e+00 1.756118387683e+00 -1.977196401488e+01 5.353824201867e+00
3.295000000000e+01  1.165471826846e+00 1.762261442839e+00 -1.971800940903e+01 5.437053732617e+00
3.296000000000e+01  1.183124272302e+00 1.768213503011e+00 -1.966322328027e+01 5.520128118101e+00
3.297000000000e+01  1.200835292837e+00 1.773976411656e+00 -1.960760721067e+01 5.603041234506e+00
3.298000000000e+01  1.218603006089e+00 1.779552000888e+00 -1.955116284341e+01 5.685786986207e+00
3.299000000000e+01  1.236425547957e+00 1.784942091025e+00 -1.949389188249e+01 5.768359306433e+00
3.300000000000e+01  1.254301072483e+00 1.790148490186e+00 -1.943579609240e+01 5.850752157865e+00
3.301000000000e+01  1.272227751730e+00 1.795172993947e+00 -1.937687729788e+01 5.932959533191e+00
3.302000000000e+01  1.290203775648e+00 1.800017385049e+00 -1.931713738358e+01 6.014975455594e+00
3.303000000000e+01  1.308227351953e+00 1.804683433156e+00 -1.925657829376e+01 6.096793979201e+00
3.304000000000e+01  1.326296705989e+00 1.809172894656e+00 -1.919520203201e+01 6.178409189479e+00
3.305000000000e+01  1.344410080599e+00 1.813487512508e+00 -1.913301066087e+01 6.259815203591e+00
3.306000000000e+01  1.362565735985e+00 1.817629016126e+00 -1.907000630156e+01 6.341006170709e+00
3.307000000000e+01  1.380761949578e+00 1.821599121305e+00 -1.900619113366e+01 6.421976272285e+00
3.308000000000e+01  1.398997015896e+00 1.825399530178e+00 -1.894156739476e+01 6.502719722294e+00
3.309000000000e+01  1.417269246413e+00 1.829031931212e+00 -1.887613738016e+01 6.583230767434e+00
3.310000000000e+01  1.435576969418e+00 1.832497999227e+00 -1.880990344251e+01 6.663503687303e+00
3.311000000000e+01  1.453918529879e+00 1.835799395449e+00 -1.874286799152e+01 6.743532794535e+00
3.312000000000e+01  1.472292289311e+00 1.838937767590e+00 -1.867503349358e+01 6.823312434920e+00
3.313000000000e+01  1.490696625638e+00 1.841914749950e+00 -1.860640247149e+01 6.902836987493e+00
3.314000000000e+01  1.509129933061e+00 1.844731963544e+00 -1.853697750407e+01 6.982100864597e+00
3.315000000000e+01  1.527590621926e+00 1.847391016250e+00 -1.846676122585e+01 7.061098511929e+00
3.316000000000e+01  1.546077118590e+00 1.849893502975e+00 -1.839575632676e+01 7.139824408560e+00
3.317000000000e+01  1.564587865300e+00 1.852241005840e+00 -1.832396555174e+01 7.218273066937e+00
3.318000000000e+01  1.583121320058e+00 1.854435094387e+00 -1.825139170047e+01 7.296439032874e+00
3.319000000000e+01  1.601675956501e+00 1.856477325789e+00 -1.817803762697e+01 7.374316885515e+00
3.320000000000e+01  1.620250263776e+00 1.858369245089e+00 -1.810390623934e+01 7.451901237293e+00
3.321000000000e+01  1.638842746421e+00 1.860112385439e+00 -1.802900049937e+01 7.529186733867e+00
3.322000000000e+01  1.657451924251e+00 1.861708268359e+00 -1.795332342222e+01 7.606168054050e+00
3.323000000000e+01  1.676076332234e+00 1.863158404004e+00 -1.787687807611e+01 7.682839909729e+00
3.324000000000e+01  1.694714520387e+00 1.864464291439e+00 -1.779966758198e+01 7.759197045762e+00
3.325000000000e+01  1.713365053665e+00 1.865627418922e+00 -1.772169511314e+01 7.835234239883e+00
3.326000000000e+01  1.732026511850e+00 1.866649264204e+00 -1.764296389498e+01 7.910946302581e+00
3.327000000000e+01  1.750697489453e+00 1.867531294820e+00 -1.756347720461e+01 7.986328076985e+00
3.328000000000e+01  1.769376595609e+00 1.868274968400e+00 -1.748323837054e+01 8.061374438729e+00
3.329000000000e+01  1.788062453984e+00 1.868881732980e+00 -1.740225077238e+01 8.136080295824e+00
3.330000000000e+01  1.806753702674e+00 1.869353027315e+00 -1.732051784049e+01 8.210440588513e+00
3.331000000000e+01  1.825448994122e+00 1.869690281202e+00 -1.723804305565e+01 8.284450289127e+00
3.332000000000e+01  1.844146995023e+00 1.869894915800e+00 -1.715482994879e+01 8.358104401931e+00
3.333000000000e+01  1.862846386243e+00 1.869968343959e+00 -1.707088210062e+01 8.431397962979e+00
3.334000000000e+01  1.881545862738e+00 1.869911970546e+00 -1.698620314133e+01 8.504326039947e+00
3.335000000000e+01  1.900244133472e+00 1.869727192776e+00 -1.690079675028e+01 8.576883731975e+00
3.336000000000e+01  1.918939921345e+00 1.869415400543e+00 -1.681466665568e+01 8.649066169511e+00
3.337000000000e+01  1.937631963124e+00 1.868977976752e+00 -1.672781663428e+01 8.720868514135e+00
3.338000000000e+01  1.956319009368e+00 1.868416297651e+00 -1.664025051108e+01 8.792285958403e+00
3.339000000000e+01  1.974999824370e+00 1.867731733163e+00 -1.655197215896e+01 8.863313725674e+00
3.340000000000e+01  1.993673186089e+00 1.866925647218e+00 -1.646298549844e+01 8.933947069943e+00
3.341000000000e+01  2.012337886098e+00 1.865999398086e+00 -1.637329449735e+01 9.004181275675e+00
3.342000000000e+01  2.030992729525e+00 1.864954338704e+00 -1.628290317052e+01 9.074011657633e+00
3.343000000000e+01  2.049636535002e+00 1.863791817005e+00 -1.619181557948e+01 9.143433560713e+00
3.344000000000e+01  2.068268134619e+00 1.862513176245e+00 -1.610003583215e+01 9.212442359774e+00
3.345000000000e+01  2.086886373873e+00 1.861119755329e+00 -1.600756808256e+01 9.281033459472e+00
3.346000000000e+01  2.105490111634e+00 1.859612889127e+00 -1.591441653057e+01 9.349202294098e+00
3.347000000000e+01  2.124078220099e+00 1.857993908802e+00 -1.582058542152e+01 9.416944327409e+00
3.348000000000e+01  2.142649584762e+00 1.856264142119e+00 -1.572607904597e+01 9.484255052469e+00
3.349000000000e+01  2.161203104379e+00 1.854424913760e+00 -1.563090173941e+01 9.551129991488e+00
3.350000000000e+01  2.179737690937e+00 1.852477545637e+00 -1.553505788196e+01 9.617564695666e+00
3.351000000000e+01  2.198252269632e+00 1.850423357189e+00 -1.543855189809e+01 9.683554745034e+00
3.352000000000e+01  2.216745778844e+00 1.848263665693e+00 -1.534138825633e+01 9.749095748306e+00
3.353000000000e+01  2.235217170113e+00 1.845999786554e+00 -1.524357146895e+01 9.814183342729e+00
3.354000000000e+01  2.253665408129e+00 1.843633033599e+00 -1.514510609176e+01 9.878813193935e+00
3.355000000000e+01  2.272089470712e+00 1.841164719368e+00 -1.504599672371e+01 9.942980995800e+00
3.356000000000e+01  2.290488348804e+00 1.838596155387e+00 -1.494624800673e+01 1.000668247031e+01
3.357000000000e+01  2.308861046456e+00 1.835928652455e+00 -1.484586462534e+01 1.006991336742e+01
3.358000000000e+01  2.327206580826e+00 1.833163520907e+00 -1.474485130645e+01 1.013266946493e+01
3.359000000000e+01  2.345523982176e+00 1.830302070879e+00 -1.464321281906e+01 1.019494656836e+01
3.360000000000e+01  2.363812293868e+00 1.827345612567e+00 -1.454095397395e+01 1.025674051084e+01
3.361000000000e+01  2.382070572368e+00 1.824295456480e+00 -1.443807962345e+01 1.031804715297e+01
3.362000000000e+01  2.400297887249e+00 1.821152913676e+00 -1.433459466114e+01 1.037886238274e+01
3.363000000000e+01  2.418493321199e+00 1.817919296005e+00 -1.423050402160e+01 1.043918211543e+01
3.364000000000e+01  2.436655970032e+00 1.814595916328e+00 -1.412581268010e+01 1.049900229350e+01
3.365000000000e+01  2.454784942694e+00 1.811184088745e+00 -1.402052565235e+01 1.055831888650e+01
3.366000000000e+01  2.472879361279e+00 1.807685128796e+00 -1.391464799425e+01 1.061712789102e+01
3.367000000000e+01  2.490938361047e+00 1.804100353664e+00 -1.380818480158e+01 1.067542533058e+01
3.368000000000e+01  2.508961090438e+00 1.800431082365e+00 -1.370114120977e+01 1.073320725560e+01
3.369000000000e+01  2.526946711091e+00 1.796678635924e+00 -1.359352239358e+01 1.079046974335e+01
3.370000000000e+01  2.544894397868e+00 1.792844337544e+00 -1.348533356690e+01 1.084720889789e+01
3.371000000000e+01  2.562803338874e+00 1.788929512761e+00 -1.337657998243e+01 1.090342085002e+01
3.372000000000e+01  2.580672735482e+00 1.784935489585e+00 -1.326726693141e+01 1.095910175732e+01
3.373000000000e+01  2.598501802358e+00 1.780863598628e+00 -1.315739974341e+01 1.101424780408e+01
3.374000000000e+01  2.616289767487e+00 1.776715173220e+00 -1.304698378598e+01 1.106885520136e+01
3.375000000000e+01  2.634035872203e+00 1.772491549506e+00 -1.293602446447e+01 1.112292018695e+01
3.376000000000e+01  2.651739371214e+00 1.768194066529e+00 -1.282452722168e+01 1.117643902547e+01
3.377000000000e+01  2.669399532636e+00 1.763824066295e+00 -1.271249753765e+01 1.122940800837e+01
3.378000000000e+01  2.687015638018e+00 1.759382893822e+00 -1.259994092936e+01 1.128182345400e+01
3.379000000000e+01  2.704586982375e+00 1.754871897164e+00 -1.248686295049e+01 1.133368170773e+01
3.380000000000e+01  2.722112874218e+00 1.750292427421e+00 -1.237326919111e+01 1.138497914201e+01
3.381000000000e+01  2.739592635583e+00 1.745645838723e+00 -1.225916527745e+01 1.143571215655e+01
3.382000000000e+01  2.757025602066e+00 1.740933488193e+00 -1.214455687158e+01 1.148587717840e+01
3.383000000000e+01  2.774411122843e+00 1.736156735881e+00 -1.202944967119e+01 1.153547066216e+01
3.384000000000e+01  2.791748560711e+00 1.731316944679e+00 -1.191384940926e+01 1.158448909016e+01
3.385000000000e+01  2.809037292105e+00 1.726415480203e+00 -1.179776185382e+01 1.163292897271e+01
3.386000000000e+01  2.826276707131e+00 1.721453710643e+00 -1.168119280767e+01 1.168078684830e+01
3.387000000000e+01  2.843466209589e+00 1.716433006591e+00 -1.156414810805e+01 1.172805928391e+01
3.388000000000e+01  2.860605216996e+00 1.711354740823e+00 -1.144663362642e+01 1.177474287532e+01
3.389000000000e+01  2.877693160606e+00 1.706220288057e+00 -1.132865526811e+01 1.182083424744e+01
3.390000000000e+01  2.894729485428e+00 1.701031024664e+00 -1.121021897207e+01 1.186633005472e+01
3.391000000000e+01  2.911713650242e+00 1.695788328346e+00 -1.109133071054e+01 1.191122698151e+01
3.392000000000e+01  2.928645127611e+00 1.690493577765e+00 -1.097199648879e+01 1.195552174261e+01
3.393000000000e+01  2.945523403885e+00 1.685148152134e+00 -1.085222234477e+01 1.199921108370e+01
3.394000000000e+01  2.962347979210e+00 1.679753430751e+00 -1.073201434881e+01 1.204229178191e+01
3.395000000000e+01  2.979118367519e+00 1.674310792489e+00 -1.061137860333e+01 1.208476064644e+01
3.396000000000e+01  2.995834096531e+00 1.668821615229e+00 -1.049032124247e+01 1.212661451922e+01
3.397000000000e+01  3.012494707736e+00 1.663287275234e+00 -1.036884843180e+01 1.216785027557e+01
3.398000000000e+01  3.029099756375e+00 1.657709146468e+00 -1.024696636796e+01 1.220846482502e+01
3.399000000000e+01  3.045648811413e+00 1.652088599839e+00 -1.012468127832e+01 1.224845511213e+01
3.400000000000e+01  3.062141455504e+00 1.646427002385e+00 -1.000199942063e+01 1.228781811737e+01
3.401000000000e+01  3.078577284950e+00 1.640725716382e+00 -9.878927082647e+00 1.232655085812e+01
3.402000000000e+01  3.094955909647e+00 1.634986098372e+00 -9.755470581762e+00 1.236465038970e+01
3.403000000000e+01  3.111276953022e+00 1.629209498117e+00 -9.631636264623e+00 1.240211380649e+01
3.404000000000e+01  3.127540051960e+00 1.623397257459e+00 -9.507430506727e+00 1.243893824316e+01
3.405000000000e+01  3.143744856720e+00 1.617550709093e+00 -9.382859712022e+00 1.247512087596e+01
3.406000000000e+01  3.159891030833e+00 1.611671175246e+00 -9.257930312475e+00 1.251065892412e+01
3.407000000000e+01  3.175978250996e+00 1.605759966244e+00 -9.132648767641e+00 1.254554965134e+01
3.408000000000e+01  3.192006206940e+00 1.599818378985e+00 -9.007021564205e+00 1.257979036740e+01
3.409000000000e+01  3.207974601291e+00 1.593847695290e+00 -8.881055215517e+00 1.261337842987e+01
3.410000000000e+01  3.223883149408e+00 1.587849180132e+00 -8.754756261105e+00 1.264631124594e+01
3.411000000000e+01  3.239731579206e+00 1.581824079753e+00 -8.628131266163e+00 1.267858627438e+01
3.412000000000e+01  3.255519630960e+00 1.575773619628e+00 -8.501186821033e+00 1.271020102763e+01
3.413000000000e+01  3.271247057084e+00 1.569699002311e+00 -8.373929540651e+00 1.274115307401e+01
3.414000000000e+01  3.286913621891e+00 1.563601405119e+00 -8.246366063981e+00 1.277144004011e+01
3.415000000000e+01  3.302519101331e+00 1.557481977670e+00 -8.118503053413e+00 1.280105961330e+01
3.416000000000e+01  3.318063282695e+00 1.551341839261e+00 -7.990347194151e+00 1.283000954440e+01
3.417000000000e+01  3.333545964305e+00 1.545182076072e+00 -7.861905193556e+00 1.285828765054e+01
3.418000000000e+01  3.348966955163e+00 1.539003738200e+00 -7.733183780473e+00 1.288589181819e+01
3.419000000000e+01  3.364326074575e+00 1.532807836508e+00 -7.604189704518e+00 1.291282000634e+01
3.420000000000e+01  3.379623151744e+00 1.526595339280e+00 -7.474929735340e+00 1.293907024990e+01
3.421000000000e+01  3.394858025324e+00 1.520367168683e+00 -7.345410661838e+00 1.296464066330e+01
3.422000000000e+01  3.410030542943e+00 1.514124197012e+00 -7.215639291354e+00 1.298952944428e+01
3.423000000000e+01  3.425140560682e+00 1.507867242731e+00 -7.085622448813e+00 1.301373487789e+01
3.424000000000e+01  3.440187942517e+00 1.501597066285e+00 -6.955366975834e+00 1.303725534073e+01
3.425000000000e+01  3.455172559714e+00 1.495314365688e+00 -6.824879729789e+00 1.306008930539e+01
3.426000000000e+01  3.470094290188e+00 1.489019771868e+00 -6.694167582820e+00 1.308223534518e+01
3.427000000000e+01  3.484953017800e+00 1.482713843775e+00 -6.563237420810e+00 1.310369213902e+01
3.428000000000e+01  3.499748631615e+00 1.476397063236e+00 -6.432096142297e+00 1.312445847661e+01
3.429000000000e+01  3.514481025107e+00 1.470069829558e+00 -6.300750657341e+00 1.314453326394e+01
3.430000000000e+01  3.529150095297e+00 1.463732453871e+00 -6.169207886333e+00 1.316391552889e+01
3.431000000000e+01  3.543755741852e+00 1.457385153207e+00 -6.037474758746e+00 1.318260442724e+01
3.432000000000e+01  3.558297866105e+00 1.451028044317e+00 -5.905558211824e+00 1.320059924886e+01
3.433000000000e+01  3.572776370023e+00 1.444661137214e+00 -5.773465189210e+00 1.321789942419e+01
3.434000000000e+01  3.587191155106e+00 1.438284328456e+00 -5.641202639507e+00 1.323450453102e+01
3.435000000000e+01  3.601542121218e+00 1.431897394162e+00 -5.508777514765e+00 1.325041430145e+01
3.436000000000e+01  3.615829165345e+00 1.425499982762e+00 -5.376196768910e+00 1.326562862920e+01
3.437000000000e+01  3.630052180283e+00 1.419091607492e+00 -5.243467356080e+00 1.328014757711e+01
3.438000000000e+01  3.644211053243e+00 1.412671638645e+00 -5.110596228904e+00 1.329397138494e+01
3.439000000000e+01  3.658305664386e+00 1.406239295578e+00 -4.977590336686e+00 1.330710047737e+01
3.440000000000e+01  3.672335885271e+00 1.399793638499e+00 -4.844456623520e+00 1.331953547220e+01
3.441000000000e+01  3.686301577219e+00 1.393333560041e+00 -4.711202026313e+00 1.333127718884e+01
3.442000000000e+01  3.700202589598e+00 1.386857776654e+00 -4.577833472725e+00 1.334232665690e+01
3.443000000000e+01  3.714038758017e+00 1.380364819829e+00 -4.444357879028e+00 1.335268512498e+01
3.444000000000e+01  3.727809902428e+00 1.373853027188e+00 -4.310782147866e+00 1.336235406961e+01
3.445000000000e+01  3.741515825146e+00 1.367320533476e+00 -4.177113165934e+00 1.337133520426e+01
3.446000000000e+01  3.755156308774e+00 1.360765261476e+00 -4.043357801562e+00 1.337963048841e+01
3.447000000000e+01  3.768731114035e+00 1.354184912915e+00 -3.909522902209e+00 1.338724213667e+01
3.448000000000e+01  3.782239977521e+00 1.347576959386e+00 -3.775615291867e+00 1.339417262787e+01
3.449000000000e+01  3.795682609345e+00 1.340938633356e+00 -3.641641768375e+00 1.340042471403e+01
3.450000000000e+01  3.809058690701e+00 1.334266919309e+00 -3.507609100639e+00 1.340600142923e+01
3.451000000000e+01  3.822367871348e+00 1.327558545099e+00 -3.373524025771e+00 1.341090609828e+01
3.452000000000e+01  3.835609766997e+00 1.320809973574e+00 -3.239393246142e+00 1.341514234505e+01
3.453000000000e+01  3.848783956622e+00 1.314017394569e+00 -3.105223426345e+00 1.341871410048e+01
3.454000000000e+01  3.861889979692e+00 1.307176717330e+00 -2.971021190092e+00 1.342162561019e+01
3.455000000000e+01  3.874927333332e+00 1.300283563481e+00 -2.836793117031e+00 1.342388144148e+01
3.456000000000e+01  3.887895469411e+00 1.293333260621e+00 -2.702545739495e+00 1.342548648970e+01
3.457000000000e+01  3.900793791577e+00 1.286320836659e+00 -2.568285539195e+00 1.342644598393e+01
3.458000000000e+01  3.913621652231e+00 1.279241015001e+00 -2.434018943859e+00 1.342676549181e+01
3.459000000000e+01  3.926378349471e+00 1.272088210698e+00 -2.299752323827e+00 1.342645092330e+01
3.460000000000e+01  3.939063123987e+00 1.264856527677e+00 -2.165491988611e+00 1.342550853351e+01
3.461000000000e+01  3.951675155943e+00 1.257539757182e+00 -2.031244183440e+00 1.342394492421e+01
3.462000000000e+01  3.964213561853e+00 1.250131377550e+00 -1.897015085792e+00 1.342176704401e+01
3.463000000000e+01  3.976677391456e+00 1.242624555444e+00 -1.762810801929e+00 1.341898218717e+01
3.464000000000e+01  3.989065624612e+00 1.235012148680e+00 -1.628637363456e+00 1.341559799068e+01
3.465000000000e+01  4.001377168237e+00 1.227286710768e+00 -1.494500723917e+00 1.341162242975e+01
3.466000000000e+01  4.013610853293e+00 1.219440497289e+00 -1.360406755446e+00 1.340706381138e+01
3.467000000000e+01  4.025765431850e+00 1.211465474232e+00 -1.226361245488e+00 1.340193076599e+01
3.468000000000e+01  4.037839574239e+00 1.203353328389e+00 -1.092369893619e+00 1.339623223703e+01
3.469000000000e+01  4.049831866330e+00 1.195095479920e+00 -9.584383084771e-01 1.338997746834e+01
3.470000000000e+01  4.061740806930e+00 1.186683097170e+00 -8.245720048353e-01 1.338317598935e+01
3.471000000000e+01  4.073564805359e+00 1.178107113802e+00 -6.907764008292e-01 1.337583759786e+01
3.472000000000e+01  4.085302179197e+00 1.169358248325e+00 -5.570568153718e-01 1.336797234053e+01
3.473000000000e+01  4.096951152242e+00 1.160427026013e+00 -4.234184657748e-01 1.335959049088e+01
3.474000000000e+01  4.108509852700e+00 1.151303803273e+00 -2.898664656018e-01 1.335070252491e+01
3.475000000000e+01  4.119976311630e+00 1.141978794407e+00 -1.564058227778e-01 1.334131909429e+01
3.476000000000e+01  4.131348461670e+00 1.132442100756e+00 -2.304143797818e-02 1.333145099717e+01
3.477000000000e+01  4.142624136062e+00 1.122683742139e+00 1.102218966786e-01 1.332110914671e+01
3.478000000000e+01  4.153801068007e+00 1.112693690499e+00 2.433794986128e-01 1.331030453737e+01
3.479000000000e+01  4.164876890364e+00 1.102461905610e+00 3.764267954175e-01 1.329904820919e+01
3.480000000000e+01  4.175849135718e+00 1.091978372687e+00 5.093593251258e-01 1.328735121008e+01
3.481000000000e+01  4.186715236826e+00 1.081233141697e+00 6.421727360934e-01 1.327522455650e+01
3.482000000000e+01  4.197472527476e+00 1.070216368137e+00 7.748627864796e-01 1.326267919264e+01
3.483000000000e+01  4.208118243745e+00 1.058918355017e+00 9.074253433142e-01 1.324972594835e+01
3.484000000000e+01  4.218649525694e+00 1.047329595749e+00 1.039856381140e+00 1.323637549619e+01
3.485000000000e+01  4.229063419485e+00 1.035440817629e+00 1.172151980220e+00 1.322263830795e+01
3.486000000000e+01  4.239356879943e+00 1.023243025553e+00 1.304308324316e+00 1.320852461081e+01
3.487000000000e+01  4.249526773546e+00 1.010727545611e+00 1.436321698018e+00 1.319404434373e+01
3.488000000000e+01  4.259569881854e+00 9.978860681743e-01 1.568188483650e+00 1.317920711428e+01
3.489000000000e+01  4.269482905363e+00 9.847106900747e-01 1.699905157744e+00 1.316402215641e+01
3.490000000000e+01  4.279262467774e+00 9.711939554916e-01 1.831468287099e+00 1.314849828950e+01
3.491000000000e+01  4.288905120662e+00 9.573288951378e-01 1.962874524439e+00 1.313264387909e+01
3.492000000000e+01  4.298407348526e+00 9.431090633600e-01 2.094120603688e+00 1.311646679975e+01
3.493000000000e+01  4.307765574202e+00 9.285285727770e-01 2.225203334889e+00 1.309997440031e+01
3.494000000000e+01  4.316976164600e+00 9.135821260997e-01 2.356119598784e+00 1.308317347205e+01
3.495000000000e+01  4.326035436752e+00 8.982650448036e-01 2.486866341098e+00 1.306607021988e+01
3.496000000000e+01  4.334939664123e+00 8.825732943569e-01 2.617440566546e+00 1.304867023710e+01
3.497000000000e+01  4.343685083164e+00 8.665035057443e-01 2.747839332610e+00 1.303097848376e+01
3.498000000000e+01  4.352267900046e+00 8.500529930690e-01 2.878059743120e+00 1.301299926900e+01
3.499000000000e+01  4.360684297568e+00 8.332197670619e-01 3.008098941671e+00 1.299473623746e+01
3.500000000000e+01  4.368930442165e+00 8.160025443757e-01 3.137954104940e+00 1.297619235989e+01
3.501000000000e+01  4.377002490991e+00 7.984007525918e-01 3.267622435914e+00 1.295736992810e+01
3.502000000000e+01  4.384896599037e+00 7.804145309211e-01 3.397101157099e+00 1.293827055413e+01
3.503000000000e+01  4.392608926226e+00 7.620447266322e-01 3.526387503741e+00 1.291889517378e+01
3.504000000000e+01  4.400135644452e+00 7.432928872882e-01 3.655478717103e+00 1.289924405426e+01
3.505000000000e+01  4.407472944531e+00 7.241612489264e-01 3.784372037832e+00 1.287931680594e+01
3.506000000000e+01  4.414617043001e+00 7.046527203576e-01 3.913064699476e+00 1.285911239793e+01
3.507000000000e+01  4.421564188757e+00 6.847708638044e-01 4.041553922162e+00 1.283862917740e+01
3.508000000000e+01  4.428310669467e+00 6.645198721361e-01 4.169836906493e+00 1.281786489221e+01
3.509000000000e+01  4.434852817755e+00 6.439045429893e-01 4.297910827683e+00 1.279681671672e+01
3.510000000000e+01  4.441187017099e+00 6.229302500885e-01 4.425772829965e+00 1.277548128039e+01
3.511000000000e+01  4.447309707441e+00 6.016029121057e-01 4.553420021296e+00 1.275385469876e+01
3.512000000000e+01  4.453217390469e+00 5.799289594068e-01 4.680849468386e+00 1.273193260669e+01
3.513000000000e+01  4.458906634556e+00 5.579152990480e-01 4.808058192064e+00 1.270971019319e+01
3.514000000000e+01  4.464374079349e+00 5.355692783827e-01 4.935043163001e+00 1.268718223776e+01
3.515000000000e+01  4.469616439983e+00 5.128986476415e-01 5.061801297802e+00 1.266434314771e+01
3.516000000000e+01  4.474630510920e+00 4.899115218360e-01 5.188329455473e+00 1.264118699610e+01
3.517000000000e+01  4.479413169403e+00 4.666163423293e-01 5.314624434272e+00 1.261770756012e+01
3.518000000000e+01  4.483961378530e+00 4.430218383954e-01 5.440682968940e+00 1.259389835941e+01
3.519000000000e+01  4.488272189939e+00 4.191369890735e-01 5.566501728317e+00 1.256975269408e+01
3.520000000000e+01  4.492342746122e+00 3.949709855980e-01 5.692077313334e+00 1.254526368217e+01
3.521000000000e+01  4.496170282359e+00 3.705331946614e-01 5.817406255374e+00 1.252042429632e+01
3.522000000000e+01  4.499752128297e+00 3.458331227391e-01 5.942485014996e+00 1.249522739928e+01
3.523000000000e+01  4.503085709175e+00 3.208803816802e-01 6.067309981012e+00 1.246966577822e+01
3.524000000000e+01  4.506168546714e+00 2.956846557371e-01 6.191877469887e+00 1.244373217759e+01
3.525000000000e+01  4.508998259681e+00 2.702556701812e-01 6.316183725477e+00 1.241741933042e+01
3.526000000000e+01  4.511572564155e+00 2.446031616231e-01 6.440224919056e+00 1.239071998781e+01
3.527000000000e+01  4.513889273496e+00 2.187368501290e-01 6.563997149639e+00 1.236362694675e+01
3.528000000000e+01  4.515946298054e+00 1.926664132013e-01 6.687496444569e+00 1.233613307601e+01
3.529000000000e+01  4.517741644622e+00 1.664014616660e-01 6.810718760356e+00 1.230823134011e+01
3.530000000000e+01  4.519273415655e+00 1.399515174875e-01 6.933659983744e+00 1.227991482140e+01
3.531000000000e+01  4.520539808284e+00 1.133259935124e-01 7.056315932989e+00 1.225117674018e+01
3.532000000000e+01  4.521539113131e+00 8.653417512529e-02 7.178682359332e+00 1.222201047293e+01
3.533000000000e+01  4.522269712952e+00 5.958520378297e-02 7.300754948640e+00 1.219240956864e+01
3.534000000000e+01  4.522730081128e+00 3.248806238020e-02 7.422529323205e+00 1.216236776330e+01
3.535000000000e+01  4.522918780008e+00 5.251562388070e-03 7.544001043678e+00 1.213187899267e+01
3.536000000000e+01  4.522834459145e+00 -2.211566730402e-02 7.665165611120e+00 1.210093740326e+01
3.537000000000e+01  4.522475853422e+00 -4.960518991998e-02 7.786018469158e+00 1.206953736176e+01
3.538000000000e+01  4.521841781088e+00 -7.720876878542e-02 7.906555006227e+00 1.203767346288e+01
3.539000000000e+01  4.520931141726e+00 -1.049183738610e-01 8.026770557880e+00 1.200534053577e+01
3.540000000000e+01  4.519742914162e+00 -1.327261869119e-01 8.146660409158e+00 1.197253364899e+01
3.541000000000e+01  4.518276154323e+00 -1.606246054068e-01 8.266219797006e+00 1.193924811436e+01
3.542000000000e+01  4.516529993074e+00 -1.886062452397e-01 8.385443912712e+00 1.190547948947e+01
3.543000000000e+01  4.514503634017e+00 -2.166639423682e-01 8.504327904380e+00 1.187122357921e+01
3.544000000000e+01  4.512196351293e+00 -2.447907534601e-01 8.622866879400e+00 1.183647643625e+01
3.545000000000e+01  4.509607487375e+00 -2.729799556388e-01 8.741055906925e+00 1.180123436067e+01
3.546000000000e+01  4.506736450867e+00 -3.012250454133e-01 8.858890020340e+00 1.176549389874e+01
3.547000000000e+01  4.503582714320e+00 -3.295197368790e-01 8.976364219715e+00 1.172925184096e+01
3.548000000000e+01  4.500145812068e+00 -3.578579592666e-01 9.093473474231e+00 1.169250521944e+01
3.549000000000e+01  4.496425338096e+00 -3.862338539179e-01 9.210212724583e+00 1.165525130479e+01
3.550000000000e+01  4.492420943928e+00 -4.146417707594e-01 9.326576885348e+00 1.161748760239e+01
3.551000000000e+01  4.488132336570e+00 -4.430762643407e-01 9.442560847306e+00 1.157921184830e+01
3.552000000000e+01  4.483559276478e+00 -4.715320895021e-01 9.558159479733e+00 1.154042200475e+01
3.553000000000e+01  4.478701575584e+00 -5.000041967297e-01 9.673367632631e+00 1.150111625539e+01
3.554000000000e+01  4.473559095360e+00 -5.284877272512e-01 9.788180138920e+00 1.146129300016e+01
3.555000000000e+01  4.468131744939e+00 -5.569780079244e-01 9.902591816577e+00 1.142095085010e+01
3.556000000000e+01  4.462419479282e+00 -5.854705459620e-01 1.001659747072e+01 1.138008862185e+01
3.557000000000e+01  4.456422297406e+00 -6.139610235362e-01 1.013019189562e+01 1.133870533213e+01
3.558000000000e+01  4.450140240657e+00 -6.424452922990e-01 1.024336987670e+01 1.129680019209e+01
3.559000000000e+01  4.443573391046e+00 -6.709193678543e-01 1.035612619244e+01 1.125437260165e+01
3.560000000000e+01  4.436721869634e+00 -6.993794242100e-01 1.046845561623e+01 1.121142214372e+01
3.561000000000e+01  4.429585834980e+00 -7.278217882391e-01 1.058035291818e+01 1.116794857858e+01
3.562000000000e+01  4.422165481637e+00 -7.562429341731e-01 1.069181286684e+01 1.112395183813e+01
3.563000000000e+01  4.414461038707e+00 -7.846394781487e-01 1.080283023094e+01 1.107943202035e+01
3.564000000000e+01  4.406472768446e+00 -8.130081728266e-01 1.091339978097e+01 1.103438938369e+01
3.565000000000e+01  4.398200964929e+00 -8.413459020982e-01 1.102351629079e+01 1.098882434162e+01
3.566000000000e+01  4.389645952762e+00 -8.696496758939e-01 1.113317453915e+01 1.094273745728e+01
3.567000000000e+01  4.380808085847e+00 -8.979166251044e-01 1.124236931113e+01 1.089612943826e+01
3.568000000000e+01  4.371687746197e+00 -9.261439966257e-01 1.135109539960e+01 1.084900113139e+01
3.569000000000e+01  4.362285342799e+00 -9.543291485333e-01 1.145934760657e+01 1.080135351783e+01
3.570000000000e+01  4.352601310529e+00 -9.824695453953e-01 1.156712074451e+01 1.075318770815e+01
3.571000000000e+01  4.342636109106e+00 -1.010562753726e+00 1.167440963761e+01 1.070450493764e+01
3.572000000000e+01  4.332390222098e+00 -1.038606437587e+00 1.178120912301e+01 1.065530656173e+01
3.573000000000e+01  4.321864155965e+00 -1.066598354334e+00 1.188751405200e+01 1.060559405153e+01
3.574000000000e+01  4.311058439146e+00 -1.094536350517e+00 1.199331929113e+01 1.055536898959e+01
3.575000000000e+01  4.299973621191e+00 -1.122418357926e+00 1.209861972331e+01 1.050463306576e+01
3.576000000000e+01  4.288610271923e+00 -1.150242389792e+00 1.220341024886e+01 1.045338807318e+01
3.577000000000e+01  4.276968980646e+00 -1.178006537136e+00 1.230768578654e+01 1.040163590448e+01
3.578000000000e+01  4.265050355381e+00 -1.205708965261e+00 1.241144127452e+01 1.034937854807e+01
3.579000000000e+01  4.252855022140e+00 -1.233347910399e+00 1.251467167129e+01 1.029661808464e+01
3.580000000000e+01  4.240383624237e+00 -1.260921676494e+00 1.261737195661e+01 1.024335668368e+01
3.581000000000e+01  4.227636821623e+00 -1.288428632131e+00 1.271953713237e+01 1.018959660032e+01
3.582000000000e+01  4.214615290251e+00 -1.315867207597e+00 1.282116222340e+01 1.013534017212e+01
3.583000000000e+01  4.201319721482e+00 -1.343235892084e+00 1.292224227834e+01 1.008058981613e+01
3.584000000000e+01  4.187750821501e+00 -1.370533231018e+00 1.302277237033e+01 1.002534802605e+01
3.585000000000e+01  4.173909310771e+00 -1.397757823516e+00 1.312274759788e+01 9.969617369423e+00
3.586000000000e+01  4.159795923506e+00 -1.424908319968e+00 1.322216308547e+01 9.913400485108e+00
3.587000000000e+01  4.145411407174e+00 -1.451983419740e+00 1.332101398436e+01 9.856700080738e+00
3.588000000000e+01  4.130756522014e+00 -1.478981868985e+00 1.341929547319e+01 9.799518930360e+00
3.589000000000e+01  4.115832040579e+00 -1.505902458580e+00 1.351700275868e+01 9.741859872173e+00
3.590000000000e+01  4.100638747301e+00 -1.532744022157e+00 1.361413107623e+01 9.683725806365e+00
3.591000000000e+01  4.085177438072e+00 -1.559505434246e+00 1.371067569055e+01 9.625119693062e+00
3.592000000000e+01  4.069448919839e+00 -1.586185608516e+00 1.380663189623e+01 9.566044550368e+00
3.593000000000e+01  4.053454010230e+00 -1.612783496112e+00 1.390199501833e+01 9.506503452512e+00
3.594000000000e+01  4.037193537180e+00 -1.639298084085e+00 1.399676041292e+01 9.446499528073e+00
3.595000000000e+01  4.020668338579e+00 -1.665728393912e+00 1.409092346763e+01 9.386035958304e+00
3.596000000000e+01  4.003879261942e+00 -1.692073480099e+00 1.418447960214e+01 9.325115975534e+00
3.597000000000e+01  3.986827164075e+00 -1.718332428865e+00 1.427742426872e+01 9.263742861655e+00
3.598000000000e+01  3.969512910774e+00 -1.744504356911e+00 1.436975295269e+01 9.201919946679e+00
3.599000000000e+01  3.951937376520e+00 -1.770588410253e+00 1.446146117290e+01 9.139650607383e+00
3.600000000000e+01  3.934101444191e+00 -1.796583763138e+00 1.455254448221e+01 9.076938266009e+00
3.601000000000e+01  3.916006004788e+00 -1.822489617019e+00 1.464299846790e+01 9.013786389042e+00
3.602000000000e+01  3.897651957167e+00 -1.848305199603e+00 1.473281875215e+01 8.950198486049e+00
3.603000000000e+01  3.879040207779e+00 -1.874029763959e+00 1.482200099245e+01 8.886178108582e+00
3.604000000000e+01  3.860171670421e+00 -1.899662587680e+00 1.491054088198e+01 8.821728849139e+00
3.605000000000e+01  3.841047265998e+00 -1.925202972115e+00 1.499843415008e+01 8.756854340179e+00
3.606000000000e+01  3.821667922283e+00 -1.950650241645e+00 1.508567656260e+01 8.691558253195e+00
3.607000000000e+01  3.802034573696e+00 -1.976003743012e+00 1.517226392228e+01 8.625844297834e+00
3.608000000000e+01  3.782148161080e+00 -2.001262844706e+00 1.525819206916e+01 8.559716221073e+00
3.609000000000e+01  3.762009631487e+00 -2.026426936387e+00 1.534345688092e+01 8.493177806433e+00
3.610000000000e+01  3.741619937969e+00 -2.051495428364e+00 1.542805427327e+01 8.426232873243e+00
3.611000000000e+01  3.720980039375e+00 -2.076467751111e+00 1.551198020027e+01 8.358885275947e+00
3.612000000000e+01  3.700090900150e+00 -2.101343354823e+00 1.559523065473e+01 8.291138903445e+00
3.613000000000e+01  3.678953490141e+00 -2.126121709020e+00 1.567780166847e+01 8.222997678484e+00
3.614000000000e+01  3.657568784405e+00 -2.150802302172e+00 1.575968931274e+01 8.154465557074e+00
3.615000000000e+01  3.635937763019e+00 -2.175384641382e+00 1.584088969850e+01 8.085546527946e+00
3.616000000000e+01  3.614061410901e+00 -2.199868252084e+00 1.592139897677e+01 8.016244612044e+00
3.617000000000e+01  3.591940717623e+00 -2.224252677781e+00 1.600121333893e+01 7.946563862042e+00
3.618000000000e+01  3.569576677230e+00 -2.248537479817e+00 1.608032901704e+01 7.876508361903e+00
3.619000000000e+01  3.546970288070e+00 -2.272722237177e+00 1.615874228415e+01 7.806082226453e+00
3.620000000000e+01  3.524122552610e+00 -2.296806546308e+00 1.623644945464e+01 7.735289600997e+00
3.621000000000e+01  3.501034477268e+00 -2.320790020979e+00 1.631344688445e+01 7.664134660948e+00
3.622000000000e+01  3.477707072238e+00 -2.344672292161e+00 1.638973097145e+01 7.592621611494e+00
3.623000000000e+01  3.454141351318e+00 -2.368453007927e+00 1.646529815571e+01 7.520754687280e+00
3.624000000000e+01  3.430338331741e+00 -2.392131833386e+00 1.654014491980e+01 7.448538152114e+00
3.625000000000e+01  3.406299034005e+00 -2.415708450631e+00 1.661426778903e+01 7.375976298702e+00
3.626000000000e+01  3.382024481699e+00 -2.439182558713e+00 1.668766333184e+01 7.303073448393e+00
3.627000000000e+01  3.357515701339e+00 -2.462553873634e+00 1.676032815998e+01 7.229833950957e+00
3.628000000000e+01  3.332773722197e+00 -2.485822128358e+00 1.683225892885e+01 7.156262184367e+00
3.629000000000e+01  3.307799576129e+00 -2.508987072847e+00 1.690345233779e+01 7.082362554616e+00
3.630000000000e+01  3.282594297406e+00 -2.532048474109e+00 1.697390513032e+01 7.008139495537e+00
3.631000000000e+01  3.257158922544e+00 -2.555006116263e+00 1.704361409444e+01 6.933597468650e+00
3.632000000000e+01  3.231494490131e+00 -2.577859800627e+00 1.711257606291e+01 6.858740963018e+00
3.633000000000e+01  3.205602040657e+00 -2.600609345817e+00 1.718078791350e+01 6.783574495124e+00
3.634000000000e+01  3.179482616338e+00 -2.623254587860e+00 1.724824656930e+01 6.708102608758e+00
3.635000000000e+01  3.153137260941e+00 -2.645795380324e+00 1.731494899897e+01 6.632329874923e+00
3.636000000000e+01  3.126567019610e+00 -2.668231594464e+00 1.738089221701e+01 6.556260891749e+00
3.637000000000e+01  3.099772938687e+00 -2.690563119377e+00 1.744607328405e+01 6.479900284424e+00
3.638000000000e+01  3.072756065532e+00 -2.712789862173e+00 1.751048930709e+01 6.403252705136e+00
3.639000000000e+01  3.045517448345e+00 -2.734911748155e+00 1.757413743979e+01 6.326322833029e+00
3.640000000000e+01  3.018058135980e+00 -2.756928721017e+00 1.763701488276e+01 6.249115374164e+00
3.641000000000e+01  2.990379177760e+00 -2.778840743043e+00 1.769911888376e+01 6.171635061499e+00
3.642000000000e+01  2.962481623293e+00 -2.800647795329e+00 1.776044673806e+01 6.093886654874e+00
3.643000000000e+01  2.934366522279e+00 -2.822349878006e+00 1.782099578864e+01 6.015874941007e+00
3.644000000000e+01  2.906034924323e+00 -2.843947010475e+00 1.788076342648e+01 5.937604733499e+00
3.645000000000e+01  2.877487878734e+00 -2.865439231657e+00 1.793974709084e+01 5.859080872854e+00
3.646000000000e+01  2.848726434338e+00 -2.886826600242e+00 1.799794426951e+01 5.780308226495e+00
3.647000000000e+01  2.819751639271e+00 -2.908109194953e+00 1.805535249910e+01 5.701291688801e+00
3.648000000000e+01  2.790564540780e+00 -2.929287114820e+00 1.811196936529e+01 5.622036181143e+00
3.649000000000e+01  2.761166185020e+00 -2.950360479453e+00 1.816779250312e+01 5.542546651933e+00
3.650000000000e+01  2.731557616846e+00 -2.971329429332e+00 1.822281959724e+01 5.462828076674e+00
3.651000000000e+01  2.701739879600e+00 -2.992194126097e+00 1.827704838219e+01 5.382885458023e+00
3.652000000000e+01  2.671714014902e+00 -3.012954752846e+00 1.833047664267e+01 5.302723825855e+00
3.653000000000e+01  2.641481062434e+00 -3.033611514440e+00 1.838310221384e+01 5.222348237332e+00
3.654000000000e+01  2.611042059714e+00 -3.054164637811e+00 1.843492298154e+01 5.141763776982e+00
3.655000000000e+01  2.580398041885e+00 -3.074614372276e+00 1.848593688260e+01 5.060975556779e+00
3.656000000000e+01  2.549550041477e+00 -3.094960989858e+00 1.853614190512e+01 4.979988716226e+00
3.657000000000e+01  2.518499088190e+00 -3.115204785605e+00 1.858553608872e+01 4.898808422444e+00
3.658000000000e+01  2.487246208654e+00 -3.135346077916e+00 1.863411752483e+01 4.817439870263e+00
3.659000000000e+01  2.455792426196e+00 -3.155385208872e+00 1.868188435698e+01 4.735888282316e+00
3.660000000000e+01  2.424138760604e+00 -3.175322544560e+00 1.872883478105e+01 4.654158909134e+00
3.661000000000e+01  2.392286227883e+00 -3.195158475412e+00 1.877496704557e+01 4.572257029243e+00
3.662000000000e+01  2.360235840009e+00 -3.214893416530e+00 1.882027945202e+01 4.490187949260e+00
3.663000000000e+01  2.327988604683e+00 -3.234527808025e+00 1.886477035504e+01 4.407957003992e+00
3.664000000000e+01  2.295545525079e+00 -3.254062115344e+00 1.890843816280e+01 4.325569556534e+00
3.665000000000e+01  2.262907599586e+00 -3.273496829606e+00 1.895128133724e+01 4.243030998361e+00
3.666000000000e+01  2.230075821553e+00 -3.292832467926e+00 1.899329839432e+01 4.160346749422e+00
3.667000000000e+01  2.197051179027e+00 -3.312069573742e+00 1.903448790439e+01 4.077522258234e+00
3.668000000000e+01  2.163834654486e+00 -3.331208717140e+00 1.907484849240e+01 3.994563001962e+00
3.669000000000e+01  2.130427224574e+00 -3.350250495166e+00 1.911437883823e+01 3.911474486505e+00
3.670000000000e+01  2.096829859825e+00 -3.369195532144e+00 1.915307767695e+01 3.828262246570e+00
3.671000000000e+01  2.063043524395e+00 -3.388044479977e+00 1.919094379912e+01 3.744931845742e+00
3.672000000000e+01  2.029069175780e+00 -3.406798018443e+00 1.922797605111e+01 3.661488876544e+00
3.673000000000e+01  1.994907764538e+00 -3.425456855489e+00 1.926417333532e+01 3.577938960488e+00
3.674000000000e+01  1.960560234005e+00 -3.444021727502e+00 1.929953461055e+01 3.494287748120e+00
3.675000000000e+01  1.926027520009e+00 -3.462493399580e+00 1.933405889221e+01 3.410540919046e+00
3.676000000000e+01  1.891310550584e+00 -3.480872665786e+00 1.936774525268e+01 3.326704181955e+00
3.677000000000e+01  1.856410245676e+00 -3.499160349384e+00 1.940059282157e+01 3.242783274616e+00
3.678000000000e+01  1.821327516850e+00 -3.517357303063e+00 1.943260078601e+01 3.158783963868e+00
3.679000000000e+01  1.786063266998e+00 -3.535464409148e+00 1.946376839093e+01 3.074712045591e+00
3.680000000000e+01  1.750618390039e+00 -3.553482579780e+00 1.949409493939e+01 2.990573344653e+00
3.681000000000e+01  1.714993770620e+00 -3.571412757084e+00 1.952357979282e+01 2.906373714843e+00
3.682000000000e+01  1.679190283816e+00 -3.589255913312e+00 1.955222237135e+01 2.822119038774e+00
3.683000000000e+01  1.643208794830e+00 -3.607013050960e+00 1.958002215407e+01 2.737815227765e+00
3.684000000000e+01  1.607050158687e+00 -3.624685202861e+00 1.960697867932e+01 2.653468221698e+00
3.685000000000e+01  1.570715219930e+00 -3.642273432238e+00 1.963309154500e+01 2.569083988841e+00
3.686000000000e+01  1.534204812322e+00 -3.659778832744e+00 1.965836040881e+01 2.484668525639e+00
3.687000000000e+01  1.497519758532e+00 -3.677202528447e+00 1.968278498859e+01 2.400227856477e+00
3.688000000000e+01  1.460660869841e+00 -3.694545673792e+00 1.970636506251e+01 2.315768033399e+00
3.689000000000e+01  1.423628945831e+00 -3.711809453520e+00 1.972910046945e+01 2.231295135792e+00
3.690000000000e+01  1.386424774087e+00 -3.728995082541e+00 1.975099110919e+01 2.146815270025e+00
3.691000000000e+01  1.349049129895e+00 -3.746103805763e+00 1.977203694270e+01 2.062334569045e+00
3.692000000000e+01  1.311502775942e+00 -3.763136897875e+00 1.979223799245e+01 1.977859191920e+00
3.693000000000e+01  1.273786462022e+00 -3.780095663076e+00 1.981159434258e+01 1.893395323335e+00
3.694000000000e+01  1.235900924739e+00 -3.796981434745e+00 1.983010613923e+01 1.808949173030e+00
3.695000000000e+01  1.197846887222e+00 -3.813795575054e+00 1.984777359076e+01 1.724526975178e+00
3.696000000000e+01  1.159625058833e+00 -3.830539474525e+00 1.986459696798e+01 1.640134987701e+00
3.697000000000e+01  1.121236134893e+00 -3.847214551503e+00 1.988057660440e+01 1.555779491522e+00
3.698000000000e+01  1.082680796400e+00 -3.863822251578e+00 1.989571289645e+01 1.471466789738e+00
3.699000000000e+01  1.043959709766e+00 -3.880364046916e+00 1.991000630370e+01 1.387203206730e+00
3.700000000000e+01  1.005073526551e+00 -3.896841435516e+00 1.992345734906e+01 1.302995087179e+00
3.701000000000e+01  9.660228832103e-01 -3.913255940387e+00 1.993606661900e+01 1.218848795015e+00
3.702000000000e+01  9.268084008471e-01 -3.929609108625e+00 1.994783476368e+01 1.134770712256e+00
3.703000000000e+01  8.874306849798e-01 -3.945902510408e+00 1.995876249722e+01 1.050767237777e+00
3.704000000000e+01  8.478903253146e-01 -3.962137737883e+00 1.996885059775e+01 9.668447859579e-01
3.705000000000e+01  8.081878955323e-01 -3.978316403954e+00 1.997809990767e+01 8.830097852454e-01
3.706000000000e+01  7.683239530876e-01 -3.994440140958e+00 1.998651133368e+01 7.992686765943e-01
3.707000000000e+01  7.282990390214e-01 -4.010510599228e+00 1.999408584697e+01 7.156279118003e-01
3.708000000000e+01  6.881136777896e-01 -4.026529445534e+00 2.000082448329e+01 6.320939517102e-01
3.709000000000e+01  6.477683771061e-01 -4.042498361401e+00 2.000672834302e+01 5.486732643085e-01
3.710000000000e+01  6.072636278049e-01 -4.058419041292e+00 2.001179859127e+01 4.653723226711e-01
3.711000000000e+01  5.665999037205e-01 -4.074293190656e+00 2.001603645788e+01 3.821976027838e-01
3.712000000000e+01  5.257776615883e-01 -4.090122523832e+00 2.001944323745e+01 2.991555812173e-01
3.713000000000e+01  4.847973409669e-01 -4.105908761808e+00 2.002202028934e+01 2.162527326545e-01
3.714000000000e+01  4.436593641840e-01 -4.121653629820e+00 2.002376903765e+01 1.334955272635e-01
3.715000000000e+01  4.023641363060e-01 -4.137358854792e+00 2.002469097112e+01 5.089042791146e-02
3.716000000000e+01  3.609120451356e-01 -4.153026162619e+00 2.002478764308e+01 -3.155611278727e-02
3.717000000000e+01  3.193034612358e-01 -4.168657275263e+00 2.002406067133e+01 -1.138376555933e-01
3.718000000000e+01  2.775387379851e-01 -4.184253907689e+00 2.002251173795e+01 -1.959477779406e-01
3.719000000000e+01  2.356182116634e-01 -4.199817764608e+00 2.002014258918e+01 -2.778800774157e-01
3.720000000000e+01  1.935422015720e-01 -4.215350537038e+00 2.001695503515e+01 -3.596281754234e-01
3.721000000000e+01  1.513110101885e-01 -4.230853898674e+00 2.001295094962e+01 -4.411857210427e-01
3.722000000000e+01  1.089249233593e-01 -4.246329502062e+00 2.000813226973e+01 -5.225463950774e-01
3.723000000000e+01  6.638421053108e-02 -4.261778974572e+00 2.000250099563e+01 -6.037039143061e-01
3.724000000000e+01  2.368912502376e-02 -4.277203914175e+00 1.999605919006e+01 -6.846520359334e-01
3.725000000000e+01  -1.916009565329e-02 -4.292605885004e+00 1.998880897802e+01 -7.653845622462e-01
3.726000000000e+01  -6.216322943971e-02 -4.307986412717e+00 1.998075254621e+01 -8.458953454776e-01
3.727000000000e+01  -1.053200693152e-01 -4.323346979647e+00 1.997189214251e+01 -9.261782928785e-01
3.728000000000e+01  -1.486304228409e-01 -4.338689019740e+00 1.996223007548e+01 -1.006227371999e+00
3.729000000000e+01  -1.920941116491e-01 -4.354013913289e+00 1.995176871362e+01 -1.086036616180e+00
3.730000000000e+01  -2.357109708796e-01 -4.369322981452e+00 1.994051048478e+01 -1.165600130251e+00
3.731000000000e+01  -2.794808485596e-01 -4.384617480568e+00 1.992845787536e+01 -1.244912096436e+00
3.732000000000e+01  -3.234036049262e-01 -4.399898596269e+00 1.991561342951e+01 -1.323966780462e+00
3.733000000000e+01  -3.674791116889e-01 -4.415167437388e+00 1.990197974829e+01 -1.402758537866e+00
3.734000000000e+01  -4.117072512302e-01 -4.430425029681e+00 1.988755948873e+01 -1.481281820497e+00
3.735000000000e+01  -4.560879157425e-01 -4.445672309352e+00 1.987235536279e+01 -1.559531183203e+00
3.736000000000e+01  -5.006210062991e-01 -4.460910116408e+00 1.985637013637e+01 -1.637501290695e+00
3.737000000000e+01  -5.453064318584e-01 -4.476139187841e+00 1.983960662813e+01 -1.715186924582e+00
3.738000000000e+01  -5.901441081991e-01 -4.491360150652e+00 1.982206770828e+01 -1.792582990559e+00
3.739000000000e+01  -6.351339567839e-01 -4.506573514735e+00 1.980375629734e+01 -1.869684525741e+00
3.740000000000e+01  -6.802759035529e-01 -4.521779665628e+00 1.978467536473e+01 -1.946486706127e+00
3.741000000000e+01  -7.255698776432e-01 -4.536978857157e+00 1.976482792740e+01 -2.022984854166e+00
3.742000000000e+01  -7.710158100341e-01 -4.552171203979e+00 1.974421704832e+01 -2.099174446430e+00
3.743000000000e+01  -8.166136321181e-01 -4.567356674061e+00 1.972284583485e+01 -2.175051121343e+00
3.744000000000e+01  -8.623632741960e-01 -4.582535081108e+00 1.970071743715e+01 -2.250610686969e+00
3.745000000000e+01  -9.082646638964e-01 -4.597706076958e+00 1.967783504639e+01 -2.325849128822e+00
3.746000000000e+01  -9.543177245190e-01 -4.612869143994e+00 1.965420189297e+01 -2.400762617670e+00
3.747000000000e+01  -1.000522373302e+00 -4.628023587575e+00 1.962982124461e+01 -2.475347517309e+00
3.748000000000e+01  -1.046878519615e+00 -4.643168528533e+00 1.960469640440e+01 -2.549600392273e+00
3.749000000000e+01  -1.093386063075e+00 -4.658302895768e+00 1.957883070872e+01 -2.623518015450e+00
3.750000000000e+01  -1.140044891593e+00 -4.673425418972e+00 1.955222752518e+01 -2.697097375566e+00
3.751000000000e+01  -1.186854879346e+00 -4.688534621512e+00 1.952489025035e+01 -2.770335684500e+00
3.752000000000e+01  -1.233815884677e+00 -4.703628813531e+00 1.949682230755e+01 -2.843230384394e+00
3.753000000000e+01  -1.280927747931e+00 -4.718706085288e+00 1.946802714448e+01 -2.915779154521e+00
3.754000000000e+01  -1.328190289225e+00 -4.733764300774e+00 1.943850823085e+01 -2.987979917861e+00
3.755000000000e+01  -1.375603306154e+00 -4.748801091679e+00 1.940826905586e+01 -3.059830847349e+00
3.756000000000e+01  -1.423166571440e+00 -4.763813851708e+00 1.937731312574e+01 -3.131330371751e+00
3.757000000000e+01  -1.470879830524e+00 -4.778799731329e+00 1.934564396109e+01 -3.202477181124e+00
3.758000000000e+01  -1.518742799115e+00 -4.793755632972e+00 1.931326509429e+01 -3.273270231809e+00
3.759000000000e+01  -1.566755160682e+00 -4.808678206744e+00 1.928018006682e+01 -3.343708750926e+00
3.760000000000e+01  -1.614916563914e+00 -4.823563846680e+00 1.924639242649e+01 -3.413792240310e+00
3.761000000000e+01  -1.663226620146e+00 -4.838408687605e+00 1.921190572471e+01 -3.483520479856e+00
3.762000000000e+01  -1.711684900752e+00 -4.853208602615e+00 1.917672351370e+01 -3.552893530224e+00
3.763000000000e+01  -1.760290934518e+00 -4.867959201253e+00 1.914084934364e+01 -3.621911734872e+00
3.764000000000e+01  -1.809044205002e+00 -4.882655828393e+00 1.910428675986e+01 -3.690575721351e+00
3.765000000000e+01  -1.857944147888e+00 -4.897293563884e+00 1.906703930001e+01 -3.758886401868e+00
3.766000000000e+01  -1.906990148332e+00 -4.911867222991e+00 1.902911049117e+01 -3.826844973032e+00
3.767000000000e+01  -1.956181538327e+00 -4.926371357647e+00 1.899050384705e+01 -3.894452914791e+00
3.768000000000e+01  -2.005517594080e+00 -4.940800258574e+00 1.895122286515e+01 -3.961711988507e+00
3.769000000000e+01  -2.054997533412e+00 -4.955147958266e+00 1.891127102396e+01 -4.028624234160e+00
3.770000000000e+01  -2.104620513199e+00 -4.969408234883e+00 1.887065178021e+01 -4.095191966643e+00
3.771000000000e+01  -2.154385626849e+00 -4.983574617054e+00 1.882936856612e+01 -4.161417771150e+00
3.772000000000e+01  -2.204291901838e+00 -4.997640389598e+00 1.878742478672e+01 -4.227304497636e+00
3.773000000000e+01  -2.254338297305e+00 -5.011598600189e+00 1.874482381727e+01 -4.292855254342e+00
3.774000000000e+01  -2.304523701715e+00 -5.025442066945e+00 1.870156900069e+01 -4.358073400391e+00
3.775000000000e+01  -2.354846930611e+00 -5.039163386937e+00 1.865766364509e+01 -4.422962537459e+00
3.776000000000e+01  -2.405306724448e+00 -5.052754945621e+00 1.861311102139e+01 -4.487526500531e+00
3.777000000000e+01  -2.455901746528e+00 -5.066208927157e+00 1.856791436107e+01 -4.551769347761e+00
3.778000000000e+01  -2.506630581043e+00 -5.079517325601e+00 1.852207685393e+01 -4.615695349459e+00
3.779000000000e+01  -2.557491731238e+00 -5.092671956941e+00 1.847560164609e+01 -4.679308976238e+00
3.780000000000e+01  -2.608483617688e+00 -5.105664471928e+00 1.842849183802e+01 -4.742614886358e+00
3.781000000000e+01  -2.659604576719e+00 -5.118486369678e+00 1.838075048275e+01 -4.805617912306e+00
3.782000000000e+01  -2.710852858961e+00 -5.131129011978e+00 1.833238058415e+01 -4.868323046661e+00
3.783000000000e+01  -2.762226628048e+00 -5.143583638254e+00 1.828338509548e+01 -4.930735427307e+00
3.784000000000e+01  -2.813723959475e+00 -5.155841381138e+00 1.823376691793e+01 -4.992860322034e+00
3.785000000000e+01  -2.865342839612e+00 -5.167893282568e+00 1.818352889947e+01 -5.054703112617e+00
3.786000000000e+01  -2.917081164873e+00 -5.179730310358e+00 1.813267383376e+01 -5.116269278415e+00
3.787000000000e+01  -2.968936741067e+00 -5.191343375153e+00 1.808120445925e+01 -5.177564379584e+00
3.788000000000e+01  -3.020907282908e+00 -5.202723347716e+00 1.802912345848e+01 -5.238594039966e+00
3.789000000000e+01  -3.072990413707e+00 -5.213861076442e+00 1.797643345752e+01 -5.299363929741e+00
3.790000000000e+01  -3.125183665234e+00 -5.224747405037e+00 1.792313702559e+01 -5.359879747910e+00
3.791000000000e+01  -3.177484477761e+00 -5.235373190278e+00 1.786923667487e+01 -5.420147204711e+00
3.792000000000e+01  -3.229890200281e+00 -5.245729319760e+00 1.781473486046e+01 -5.480172004029e+00
3.793000000000e+01  -3.282398090908e+00 -5.255806729565e+00 1.775963398054e+01 -5.539959825894e+00
3.794000000000e+01  -3.335005317442e+00 -5.265596421757e+00 1.770393637671e+01 -5.599516309149e+00
3.795000000000e+01  -3.387708958123e+00 -5.275089481630e+00 1.764764433445e+01 -5.658847034364e+00
3.796000000000e+01  -3.440506002543e+00 -5.284277094627e+00 1.759076008382e+01 -5.717957507076e+00
3.797000000000e+01  -3.493393352731e+00 -5.293150562862e+00 1.753328580030e+01 -5.776853141424e+00
3.798000000000e+01  -3.546367824400e+00 -5.301701321160e+00 1.747522360574e+01 -5.835539244271e+00
3.799000000000e+01  -3.599426148354e+00 -5.309920952564e+00 1.741657556954e+01 -5.894020999854e+00
3.800000000000e+01  -3.652564972041e+00 -5.317801203225e+00 1.735734370994e+01 -5.952303455044e+00
3.801000000000e+01  -3.705780861257e+00 -5.325333996638e+00 1.729752999549e+01 -6.010391505271e+00
3.802000000000e+01  -3.759070301987e+00 -5.332511447147e+00 1.723713634658e+01 -6.068289881163e+00
3.803000000000e+01  -3.812429702378e+00 -5.339325872697e+00 1.717616463721e+01 -6.126003135958e+00
3.804000000000e+01  -3.865855394832e+00 -5.345769806766e+00 1.711461669676e+01 -6.183535633710e+00
3.805000000000e+01  -3.919343638221e+00 -5.351836009459e+00 1.705249431200e+01 -6.240891538356e+00
3.806000000000e+01  -3.972890620200e+00 -5.357517477719e+00 1.698979922909e+01 -6.298074803638e+00
3.807000000000e+01  -4.026492459625e+00 -5.362807454652e+00 1.692653315577e+01 -6.355089163942e+00
3.808000000000e+01  -4.080145209055e+00 -5.367699437924e+00 1.686269776355e+01 -6.411938126033e+00
3.809000000000e+01  -4.133844857336e+00 -5.372187187234e+00 1.679829469008e+01 -6.468624961730e+00
3.810000000000e+01  -4.187587332253e+00 -5.376264730860e+00 1.673332554145e+01 -6.525152701506e+00
3.811000000000e+01  -4.241368503245e+00 -5.379926371266e+00 1.666779189473e+01 -6.581524129020e+00
3.812000000000e+01  -4.295184184170e+00 -5.383166689784e+00 1.660169530038e+01 -6.637741776573e+00
3.813000000000e+01  -4.349030136112e+00 -5.385980550384e+00 1.653503728481e+01 -6.693807921477e+00
3.814000000000e+01  -4.402902070221e+00 -5.388363102546e+00 1.646781935297e+01 -6.749724583328e+00
3.815000000000e+01  -4.456795650582e+00 -5.390309783250e+00 1.640004299089e+01 -6.805493522141e+00
3.816000000000e+01  -4.510706497090e+00 -5.391816318119e+00 1.633170966830e+01 -6.861116237347e+00
3.817000000000e+01  -4.564630188342e+00 -5.392878721740e+00 1.626282084127e+01 -6.916593967610e+00
3.818000000000e+01  -4.618562264523e+00 -5.393493297188e+00 1.619337795474e+01 -6.971927691425e+00
3.819000000000e+01  -4.672498230284e+00 -5.393656634803e+00 1.612338244519e+01 -7.027118128482e+00
3.820000000000e+01  -4.726433557609e+00 -5.393365610245e+00 1.605283574319e+01 -7.082165741731e+00
3.821000000000e+01  -4.780363688647e+00 -5.392617381877e+00 1.598173927592e+01 -7.137070740136e+00
3.822000000000e+01  -4.834284038533e+00 -5.391409387507e+00 1.591009446976e+01 -7.191833082050e+00
3.823000000000e+01  -4.888189998155e+00 -5.389739340546e+00 1.583790275270e+01 -7.246452479193e+00
3.824000000000e+01  -4.942076936891e+00 -5.387605225614e+00 1.576516555687e+01 -7.300928401158e+00
3.825000000000e+01  -4.995940205298e+00 -5.385005293646e+00 1.569188432085e+01 -7.355260080439e+00
3.826000000000e+01  -5.049775137746e+00 -5.381938056535e+00 1.561806049207e+01 -7.409446517899e+00
3.827000000000e+01  -5.103577055000e+00 -5.378402281371e+00 1.554369552909e+01 -7.463486488659e+00
3.828000000000e+01  -5.157341266742e+00 -5.374396984298e+00 1.546879090379e+01 -7.517378548350e+00
3.829000000000e+01  -5.211063074027e+00 -5.369921424063e+00 1.539334810358e+01 -7.571121039692e+00
3.830000000000e+01  -5.264737771679e+00 -5.364975095261e+00 1.531736863346e+01 -7.624712099354e+00
3.831000000000e+01  -5.318360650609e+00 -5.359557721355e+00 1.524085401807e+01 -7.678149665053e+00
3.832000000000e+01  -5.371927000074e+00 -5.353669247487e+00 1.516380580363e+01 -7.731431482856e+00
3.833000000000e+01  -5.425432109852e+00 -5.347309833121e+00 1.508622555980e+01 -7.784555114645e+00
3.834000000000e+01  -5.478871272352e+00 -5.340479844569e+00 1.500811488154e+01 -7.837517945703e+00
3.835000000000e+01  -5.532239784640e+00 -5.333179847412e+00 1.492947539077e+01 -7.890317192400e+00
3.836000000000e+01  -5.585532950398e+00 -5.325410598873e+00 1.485030873807e+01 -7.942949909926e+00
3.837000000000e+01  -5.638746081798e+00 -5.317173040149e+00 1.477061660422e+01 -7.995413000067e+00
3.838000000000e+01  -5.691874501309e+00 -5.308468288756e+00 1.469040070173e+01 -8.047703218962e+00
3.839000000000e+01  -5.744913543415e+00 -5.299297630884e+00 1.460966277622e+01 -8.099817184845e+00
3.840000000000e+01  -5.797858556270e+00 -5.289662513821e+00 1.452840460780e+01 -8.151751385735e+00
3.841000000000e+01  -5.850704903267e+00 -5.279564538435e+00 1.444662801229e+01 -8.203502187038e+00
3.842000000000e+01  -5.903447964540e+00 -5.269005451761e+00 1.436433484244e+01 -8.255065839068e+00
3.843000000000e+01  -5.956083138387e+00 -5.257987139694e+00 1.428152698904e+01 -8.306438484446e+00
3.844000000000e+01  -6.008605842624e+00 -5.246511619819e+00 1.419820638195e+01 -8.357616165368e+00
3.845000000000e+01  -6.061011515866e+00 -5.234581034379e+00 1.411437499109e+01 -8.408594830726e+00
3.846000000000e+01  -6.113295618738e+00 -5.222197643401e+00 1.403003482730e+01 -8.459370343076e+00
3.847000000000e+01  -6.165453635023e+00 -5.209363818001e+00 1.394518794321e+01 -8.509938485425e+00
3.848000000000e+01  -6.217481072737e+00 -5.196082033852e+00 1.385983643397e+01 -8.560294967848e+00
3.849000000000e+01  -6.269373465144e+00 -5.182354864854e+00 1.377398243798e+01 -8.610435433908e+00
3.850000000000e+01  -6.321126371708e+00 -5.168184976991e+00 1.368762813748e+01 -8.660355466884e+00
3.851000000000e+01  -6.372735378984e+00 -5.153575122386e+00 1.360077575918e+01 -8.710050595800e+00
3.852000000000e+01  -6.424196101448e+00 -5.138528133564e+00 1.351342757473e+01 -8.759516301245e+00
3.853000000000e+01  -6.475504182278e+00 -5.123046917920e+00 1.342558590117e+01 -8.808748020986e+00
3.854000000000e+01  -6.526655294073e+00 -5.107134452395e+00 1.333725310137e+01 -8.857741155371e+00
3.855000000000e+01  -6.577645139525e+00 -5.090793778358e+00 1.324843158435e+01 -8.906491072524e+00
3.856000000000e+01  -6.628469452034e+00 -5.074027996706e+00 1.315912380560e+01 -8.954993113325e+00
3.857000000000e+01  -6.679123996288e+00 -5.056840263167e+00 1.306933226729e+01 -9.003242596181e+00
3.858000000000e+01  -6.729604568780e+00 -5.039233783802e+00 1.297905951851e+01 -9.051234821591e+00
3.859000000000e+01  -6.779906998296e+00 -5.021211810732e+00 1.288830815541e+01 -9.098965076502e+00
3.860000000000e+01  -6.830027146353e+00 -5.002777638043e+00 1.279708082132e+01 -9.146428638465e+00
3.861000000000e+01  -6.879960907599e+00 -4.983934597905e+00 1.270538020682e+01 -9.193620779586e+00
3.862000000000e+01  -6.929704210176e+00 -4.964686056884e+00 1.261320904978e+01 -9.240536770288e+00
3.863000000000e+01  -6.979253016047e+00 -4.945035412432e+00 1.252057013534e+01 -9.287171882878e+00
3.864000000000e+01  -7.028603321285e+00 -4.924986089577e+00 1.242746629592e+01 -9.333521394925e+00
3.865000000000e+01  -7.077751156340e+00 -4.904541537788e+00 1.233390041110e+01 -9.379580592458e+00
3.866000000000e+01  -7.126692586259e+00 -4.883705228008e+00 1.223987540755e+01 -9.425344772990e+00
3.867000000000e+01  -7.175423710896e+00 -4.862480649869e+00 1.214539425889e+01 -9.470809248369e+00
3.868000000000e+01  -7.223940665081e+00 -4.840871309065e+00 1.205045998554e+01 -9.515969347456e+00
3.869000000000e+01  -7.272239618766e+00 -4.818880724879e+00 1.195507565454e+01 -9.560820418655e+00
3.870000000000e+01  -7.320316777158e+00 -4.796512427875e+00 1.185924437933e+01 -9.605357832281e+00
3.871000000000e+01  -7.368168380810e+00 -4.773769957726e+00 1.176296931951e+01 -9.649576982776e+00
3.872000000000e+01  -7.415790705709e+00 -4.750656861190e+00 1.166625368064e+01 -9.693473290795e+00
3.873000000000e+01  -7.463180063338e+00 -4.727176690218e+00 1.156910071390e+01 -9.737042205136e+00
3.874000000000e+01  -7.510332800714e+00 -4.703333000193e+00 1.147151371586e+01 -9.780279204556e+00
3.875000000000e+01  -7.557245300418e+00 -4.679129348300e+00 1.137349602812e+01 -9.823179799450e+00
3.876000000000e+01  -7.603913980604e+00 -4.654569291999e+00 1.127505103702e+01 -9.865739533415e+00
3.877000000000e+01  -7.650335294995e+00 -4.629656387631e+00 1.117618217330e+01 -9.907953984693e+00
3.878000000000e+01  -7.696505732867e+00 -4.604394189116e+00 1.107689291172e+01 -9.949818767512e+00
3.879000000000e+01  -7.742421819015e+00 -4.578786246760e+00 1.097718677073e+01 -9.991329533319e+00
3.880000000000e+01  -7.788080113716e+00 -4.552836106165e+00 1.087706731206e+01 -1.003248197191e+01
3.881000000000e+01  -7.833477212672e+00 -4.526547307219e+00 1.077653814036e+01 -1.007327181248e+01
3.882000000000e+01  -7.878609746954e+00 -4.499923383185e+00 1.067560290276e+01 -1.011369482457e+01
3.883000000000e+01  -7.923474382925e+00 -4.472967859868e+00 1.057426528852e+01 -1.015374681890e+01
3.884000000000e+01  -7.968067822168e+00 -4.445684254861e+00 1.047252902857e+01 -1.019342364821e+01
3.885000000000e+01  -8.012386801397e+00 -4.418076076863e+00 1.037039789508e+01 -1.023272120795e+01
3.886000000000e+01  -8.056428092364e+00 -4.390146825075e+00 1.026787570109e+01 -1.027163543689e+01
3.887000000000e+01  -8.100188501765e+00 -4.361899988648e+00 1.016496630000e+01 -1.031016231773e+01
3.888000000000e+01  -8.143664871133e+00 -4.333339046208e+00 1.006167358517e+01 -1.034829787758e+01
3.889000000000e+01  -8.186854076734e+00 -4.304467465427e+00 9.958001489460e+00 -1.038603818842e+01
3.890000000000e+01  -8.229753029455e+00 -4.275288702653e+00 9.853953984800e+00 -1.042337936751e+01
3.891000000000e+01  -8.272358674687e+00 -4.245806202593e+00 9.749535081705e+00 -1.046031757768e+01
3.892000000000e+01  -8.314667992208e+00 -4.216023398042e+00 9.644748828838e+00 -1.049684902769e+01
3.893000000000e+01  -8.356677996065e+00 -4.185943709654e+00 9.539599312542e+00 -1.053296997239e+01
3.894000000000e+01  -8.398385734450e+00 -4.155570545755e+00 9.434090656381e+00 -1.056867671300e+01
3.895000000000e+01  -8.439788289574e+00 -4.124907302200e+00 9.328227020673e+00 -1.060396559724e+01
3.896000000000e+01  -8.480882777547e+00 -4.093957362258e+00 9.222012602027e+00 -1.063883301943e+01
3.897000000000e+01  -8.521666348246e+00 -4.062724096537e+00 9.115451632876e+00 -1.067327542061e+01
3.898000000000e+01  -8.562136185191e+00 -4.031210862933e+00 9.008548381008e+00 -1.070728928860e+01
3.899000000000e+01  -8.602289505418e+00 -3.999421006612e+00 8.901307149098e+00 -1.074087115800e+01
3.900000000000e+01  -8.642123559352e+00 -3.967357860018e+00 8.793732274244e+00 -1.077401761021e+01
3.901000000000e+01  -8.681635630677e+00 -3.935024742901e+00 8.685828127494e+00 -1.080672527339e+01
3.902000000000e+01  -8.720823036213e+00 -3.902424962372e+00 8.577599113381e+00 -1.083899082241e+01
3.903000000000e+01  -8.759683125788e+00 -3.869561812974e+00 8.469049669456e+00 -1.087081097882e+01
3.904000000000e+01  -8.798213282113e+00 -3.836438576773e+00 8.360184265825e+00 -1.090218251069e+01
3.905000000000e+01  -8.836410920658e+00 -3.803058523464e+00 8.251007404677e+00 -1.093310223254e+01
3.906000000000e+01  -8.874273489529e+00 -3.769424910495e+00 8.141523619827e+00 -1.096356700522e+01
3.907000000000e+01  -8.911798469347e+00 -3.735540983201e+00 8.031737476249e+00 -1.099357373576e+01
3.908000000000e+01  -8.948983373124e+00 -3.701409974948e+00 7.921653569618e+00 -1.102311937719e+01
3.909000000000e+01  -8.985825746149e+00 -3.667035107295e+00 7.811276525850e+00 -1.105220092842e+01
3.910000000000e+01  -9.022323165868e+00 -3.632419590159e+00 7.700611000641e+00 -1.108081543405e+01
3.911000000000e+01  -9.058473241769e+00 -3.597566621987e+00 7.589661679017e+00 -1.110895998413e+01
3.912000000000e+01  -9.094273615267e+00 -3.562479389941e+00 7.478433274875e+00 -1.113663171406e+01
3.913000000000e+01  -9.129721959596e+00 -3.527161070082e+00 7.366930530532e+00 -1.116382780431e+01
3.914000000000e+01  -9.164815979693e+00 -3.491614827562e+00 7.255158216279e+00 -1.119054548023e+01
3.915000000000e+01  -9.199553412095e+00 -3.455843816822e+00 7.143121129927e+00 -1.121678201186e+01
3.916000000000e+01  -9.233932024831e+00 -3.419851181786e+00 7.030824096366e+00 -1.124253471369e+01
3.917000000000e+01  -9.267949617316e+00 -3.383640056064e+00 6.918271967120e+00 -1.126780094444e+01
3.918000000000e+01  -9.301604020253e+00 -3.347213563151e+00 6.805469619906e+00 -1.129257810685e+01
3.919000000000e+01  -9.334893095529e+00 -3.310574816631e+00 6.692421958194e+00 -1.131686364742e+01
3.920000000000e+01  -9.367814736119e+00 -3.273726920375e+00 6.579133910772e+00 -1.134065505622e+01
3.921000000000e+01  -9.400366865989e+00 -3.236672968743e+00 6.465610431310e+00 -1.136394986664e+01
3.922000000000e+01  -9.432547440002e+00 -3.199416046781e+00 6.351856497931e+00 -1.138674565518e+01
3.923000000000e+01  -9.464354443827e+00 -3.161959230418e+00 6.237877112775e+00 -1.140904004118e+01
3.924000000000e+01  -9.495785893847e+00 -3.124305586654e+00 6.123677301580e+00 -1.143083068664e+01
3.925000000000e+01  -9.526839837071e+00 -3.086458173757e+00 6.009262113247e+00 -1.145211529600e+01
3.926000000000e+01  -9.557514351048e+00 -3.048420041441e+00 5.894636619425e+00 -1.147289161587e+01
3.927000000000e+01  -9.587807543785e+00 -3.010194231048e+00 5.779805914087e+00 -1.149315743484e+01
3.928000000000e+01  -9.617717553657e+00 -2.971783775727e+00 5.664775113110e+00 -1.151291058328e+01
3.929000000000e+01  -9.647242549334e+00 -2.933191700597e+00 5.549549353860e+00 -1.153214893310e+01
3.930000000000e+01  -9.676380729698e+00 -2.894421022914e+00 5.434133794779e+00 -1.155087039757e+01
3.931000000000e+01  -9.705130323763e+00 -2.855474752226e+00 5.318533614968e+00 -1.156907293110e+01
3.932000000000e+01  -9.733489590602e+00 -2.816355890524e+00 5.202754013781e+00 -1.158675452905e+01
3.933000000000e+01  -9.761456819271e+00 -2.777067432383e+00 5.086800210414e+00 -1.160391322753e+01
3.934000000000e+01  -9.789030328735e+00 -2.737612365096e+00 4.970677443498e+00 -1.162054710325e+01
3.935000000000e+01  -9.816208467797e+00 -2.697993668797e+00 4.854390970698e+00 -1.163665427331e+01
3.936000000000e+01  -9.842989615026e+00 -2.658214316582e+00 4.737946068304e+00 -1.165223289503e+01
3.937000000000e+01  -9.869372178688e+00 -2.618277274614e+00 4.621348030835e+00 -1.166728116581e+01
3.938000000000e+01  -9.895354596674e+00 -2.578185502217e+00 4.504602170633e+00 -1.168179732297e+01
3.939000000000e+01  -9.920935336437e+00 -2.537941951972e+00 4.387713817471e+00 -1.169577964360e+01
3.940000000000e+01  -9.946112894923e+00 -2.497549569782e+00 4.270688318152e+00 -1.170922644443e+01
3.941000000000e+01  -9.970885798503e+00 -2.457011294947e+00 4.153531036116e+00 -1.172213608167e+01
3.942000000000e+01  -9.995252602908e+00 -2.416330060212e+00 4.036247351040e+00 -1.173450695097e+01
3.943000000000e+01  -1.001921189316e+01 -2.375508791811e+00 3.918842658451e+00 -1.174633748725e+01
3.944000000000e+01  -1.004276228353e+01 -2.334550409496e+00 3.801322369331e+00 -1.175762616460e+01
3.945000000000e+01  -1.006590241742e+01 -2.293457826551e+00 3.683691909724e+00 -1.176837149626e+01
3.946000000000e+01  -1.008863096737e+01 -2.252233949794e+00 3.565956720349e+00 -1.177857203450e+01
3.947000000000e+01  -1.011094663493e+01 -2.210881679567e+00 3.448122256204e+00 -1.178822637055e+01
3.948000000000e+01  -1.013284815062e+01 -2.169403909708e+00 3.330193986183e+00 -1.179733313462e+01
3.949000000000e+01  -1.015433427390e+01 -2.127803527505e+00 3.212177392681e+00 -1.180589099578e+01
3.950000000000e+01  -1.017540379302e+01 -2.086083413644e+00 3.094077971211e+00 -1.181389866203e+01
3.951000000000e+01  -1.019605552504e+01 -2.044246442126e+00 2.975901230009e+00 -1.182135488026e+01
3.952000000000e+01  -1.021628831572e+01 -2.002295480180e+00 2.857652689648e+00 -1.182825843624e+01
3.953000000000e+01  -1.023610103944e+01 -1.960233388146e+00 2.739337882649e+00 -1.183460815469e+01
3.954000000000e+01  -1.025549259918e+01 -1.918063019351e+00 2.620962353091e+00 -1.184040289934e+01
3.955000000000e+01  -1.027446192638e+01 -1.875787219954e+00 2.502531656221e+00 -1.184564157294e+01
3.956000000000e+01  -1.029300798093e+01 -1.833408828776e+00 2.384051358062e+00 -1.185032311741e+01
3.957000000000e+01  -1.031112975106e+01 -1.790930677109e+00 2.265527035022e+00 -1.185444651390e+01
3.958000000000e+01  -1.032882625330e+01 -1.748355588500e+00 2.146964273500e+00 -1.185801078295e+01
3.959000000000e+01  -1.034609653233e+01 -1.705686378513e+00 2.028368669493e+00 -1.186101498462e+01
3.960000000000e+01  -1.036293966098e+01 -1.662925854464e+00 1.909745828199e+00 -1.186345821866e+01
3.961000000000e+01  -1.037935474009e+01 -1.620076815136e+00 1.791101363617e+00 -1.186533962475e+01
3.962000000000e+01  -1.039534089847e+01 -1.577142050458e+00 1.672440898151e+00 -1.186665838265e+01
3.963000000000e+01  -1.041089729276e+01 -1.534124341165e+00 1.553770062204e+00 -1.186741371251e+01
3.964000000000e+01  -1.042602310736e+01 -1.491026458423e+00 1.435094493777e+00 -1.186760487512e+01
3.965000000000e+01  -1.044071755434e+01 -1.447851163428e+00 1.316419838054e+00 -1.186723117224e+01
3.966000000000e+01  -1.045497987334e+01 -1.404601206964e+00 1.197751746999e+00 -1.186629194688e+01
3.967000000000e+01  -1.046880933143e+01 -1.361279328940e+00 1.079095878935e+00 -1.186478658375e+01
3.968000000000e+01  -1.048220522304e+01 -1.317888257879e+00 9.604578981291e-01 -1.186271450959e+01
3.969000000000e+01  -1.049516686981e+01 -1.274430710379e+00 8.418434743683e-01 -1.186007519366e+01
3.970000000000e+01  -1.050769362050e+01 -1.230909390534e+00 7.232582825316e-01 -1.185686814818e+01
3.971000000000e+01  -1.051978485085e+01 -1.187326989309e+00 6.047080021588e-01 -1.185309292887e+01
3.972000000000e+01  -1.053143996341e+01 -1.143686183879e+00 4.861983170122e-01 -1.184874913548e+01
3.973000000000e+01  -1.054265838746e+01 -1.099989636922e+00 3.677349146331e-01 -1.184383641243e+01
3.974000000000e+01  -1.055343957882e+01 -1.056239995863e+00 2.493234858927e-01 -1.183835444940e+01
3.975000000000e+01  -1.056378301971e+01 -1.012439892071e+00 1.309697245352e-01 -1.183230298206e+01
3.976000000000e+01  -1.057368821855e+01 -9.685919400091e-01 1.267932671466e-02 -1.182568179279e+01
3.977000000000e+01  -1.058315470986e+01 -9.246987363219e-01 -1.055420094763e-01 -1.181849071147e+01
3.978000000000e+01  -1.059218205401e+01 -8.807628588773e-01 -2.236885844856e-01 -1.181072961637e+01
3.979000000000e+01  -1.060076983704e+01 -8.367868657435e-01 -3.417546977900e-01 -1.180239843497e+01
3.980000000000e+01  -1.060891767049e+01 -7.927732941072e-01 -4.597346483923e-01 -1.179349714500e+01
3.981000000000e+01  -1.061662519113e+01 -7.487246591280e-01 -5.776227353289e-01 -1.178402577543e+01
3.982000000000e+01  -1.062389206081e+01 -7.046434527252e-01 -6.954132581874e-01 -1.177398440756e+01
3.983000000000e+01  -1.063071796613e+01 -6.605321422959e-01 -8.131005176358e-01 -1.176337317618e+01
3.984000000000e+01  -1.063710261827e+01 -6.163931693596e-01 -9.306788159640e-01 -1.175219227081e+01
3.985000000000e+01  -1.064304575267e+01 -5.722289481266e-01 -1.048142457637e+00 -1.174044193699e+01
3.986000000000e+01  -1.064854712877e+01 -5.280418639879e-01 -1.165485749862e+00 -1.172812247770e+01
3.987000000000e+01  -1.065360652972e+01 -4.838342719213e-01 -1.282703003171e+00 -1.171523425476e+01
3.988000000000e+01  -1.065822376206e+01 -4.396084948119e-01 -1.399788532016e+00 -1.170177769043e+01
3.989000000000e+01  -1.066239865537e+01 -3.953668216823e-01 -1.516736655381e+00 -1.168775326903e+01
3.990000000000e+01  -1.066613106196e+01 -3.511115058299e-01 -1.633541697415e+00 -1.167316153868e+01
3.991000000000e+01  -1.066942085648e+01 -3.068447628663e-01 -1.750197988073e+00 -1.165800311311e+01
3.992000000000e+01  -1.067226793555e+01 -2.625687686559e-01 -1.866699863787e+00 -1.164227867359e+01
3.993000000000e+01  -1.067467221731e+01 -2.182856571503e-01 -1.983041668149e+00 -1.162598897097e+01
3.994000000000e+01  -1.067663364104e+01 -1.739975181131e-01 -2.099217752618e+00 -1.160913482781e+01
3.995000000000e+01  -1.067815216669e+01 -1.297063947328e-01 -2.215222477248e+00 -1.159171714060e+01
3.996000000000e+01  -1.067922777438e+01 -8.541428111895e-02 -2.331050211441e+00 -1.157373688218e+01
3.997000000000e+01  -1.067986046392e+01 -4.112311967907e-02 -2.446695334721e+00 -1.155519510417e+01
3.998000000000e+01  -1.068005025427e+01 3.165201629424e-03 -2.562152237533e+00 -1.153609293960e+01
3.999000000000e+01  -1.067979718299e+01 4.744885217397e-02 -2.677415322076e+00 -1.151643160561e+01
4.000000000000e+01  -1.067910130563e+01 9.172606165274e-02 -2.792479003154e+00 -1.149621240637e+01
4.001000000000e+01  -1.067796269514e+01 1.359951232348e-01 -2.907337709063e+00 -1.147543673601e+01
4.002000000000e+01  -1.067638144121e+01 1.802543968374e-01 -3.021985882505e+00 -1.145410608175e+01
4.003000000000e+01  -1.067435764955e+01 2.245023125436e-01 -3.136417981537e+00 -1.143222202723e+01
4.004000000000e+01  -1.067189144124e+01 2.687373741622e-01 -3.250628480552e+00 -1.140978625586e+01
4.005000000000e+01  -1.066898295190e+01 3.129581629326e-01 -3.364611871293e+00 -1.138680055437e+01
4.006000000000e+01  -1.066563233095e+01 3.571633413754e-01 -3.478362663906e+00 -1.136326681656e+01
4.007000000000e+01  -1.066183974077e+01 4.013516572906e-01 -3.591875388028e+00 -1.133918704708e+01
4.008000000000e+01  -1.065760535577e+01 4.455219479036e-01 -3.705144593919e+00 -1.131456336547e+01
4.009000000000e+01  -1.065292936158e+01 4.896731441581e-01 -3.818164853628e+00 -1.128939801024e+01
4.010000000000e+01  -1.064781195398e+01 5.338042751556e-01 -3.930930762207e+00 -1.126369334323e+01
4.011000000000e+01  -1.064225333797e+01 5.779144727394e-01 -4.043436938964e+00 -1.123745185393e+01
4.012000000000e+01  -1.063625372668e+01 6.220029762182e-01 -4.155678028764e+00 -1.121067616416e+01
4.013000000000e+01  -1.062981334031e+01 6.660691372284e-01 -4.267648703373e+00 -1.118336903267e+01
4.014000000000e+01  -1.062293240493e+01 7.101124247259e-01 -4.379343662858e+00 -1.115553336000e+01
4.015000000000e+01  -1.061561115133e+01 7.541324301025e-01 -4.490757637020e+00 -1.112717219348e+01
4.016000000000e+01  -1.060784981372e+01 7.981288724175e-01 -4.601885386897e+00 -1.109828873220e+01
4.017000000000e+01  -1.059964862848e+01 8.421016037335e-01 -4.712721706300e+00 -1.106888633228e+01
4.018000000000e+01  -1.059100783276e+01 8.860506145450e-01 -4.823261423414e+00 -1.103896851206e+01
4.019000000000e+01  -1.058192766311e+01 9.299760392837e-01 -4.933499402444e+00 -1.100853895746e+01
4.020000000000e+01  -1.057240835397e+01 9.738781618844e-01 -5.043430545322e+00 -1.097760152736e+01
4.021000000000e+01  -1.056245013615e+01 1.017757421392e+00 -5.153049793459e+00 -1.094616025907e+01
4.022000000000e+01  -1.055205323530e+01 1.061614417585e+00 -5.262352129557e+00 -1.091421937376e+01
4.023000000000e+01  -1.054121787022e+01 1.105449916597e+00 -5.371332579480e+00 -1.088178328187e+01
4.024000000000e+01  -1.052994425118e+01 1.149264856494e+00 -5.479986214168e+00 -1.084885658861e+01
4.025000000000e+01  -1.051823257821e+01 1.193060352796e+00 -5.588308151613e+00 -1.081544409917e+01
4.026000000000e+01  -1.050608303925e+01 1.236837703882e+00 -5.696293558887e+00 -1.078155082409e+01
4.027000000000e+01  -1.049349580832e+01 1.280598396267e+00 -5.803937654220e+00 -1.074718198424e+01
4.028000000000e+01  -1.048047104360e+01 1.324344109684e+00 -5.911235709124e+00 -1.071234301579e+01
4.029000000000e+01  -1.046700888550e+01 1.368076721934e+00 -6.018183050576e+00 -1.067703957488e+01
4.030000000000e+01  -1.045310945464e+01 1.411798313459e+00 -6.124775063235e+00 -1.064127754195e+01
4.031000000000e+01  -1.043877284977e+01 1.455511171569e+00 -6.231007191708e+00 -1.060506302587e+01
4.032000000000e+01  -1.042399914575e+01 1.499217794270e+00 -6.336874942848e+00 -1.056840236751e+01
4.033000000000e+01  -1.040878839137e+01 1.542920893626e+00 -6.442373888096e+00 -1.053130214297e+01
4.034000000000e+01  -1.039314060721e+01 1.586623398594e+00 -6.547499665842e+00 -1.049376916620e+01
4.035000000000e+01  -1.037705578348e+01 1.630328457240e+00 -6.652247983817e+00 -1.045581049103e+01
4.036000000000e+01  -1.036053387781e+01 1.674039438283e+00 -6.756614621493e+00 -1.041743341254e+01
4.037000000000e+01  -1.034357481301e+01 1.717759931866e+00 -6.860595432507e+00 -1.037864546763e+01
4.038000000000e+01  -1.032617847490e+01 1.761493749475e+00 -6.964186347070e+00 -1.033945443478e+01
4.039000000000e+01  -1.030834471009e+01 1.805244922928e+00 -7.067383374381e+00 -1.029986833278e+01
4.040000000000e+01  -1.029007332375e+01 1.849017702326e+00 -7.170182605016e+00 -1.025989541856e+01
4.041000000000e+01  -1.027136407752e+01 1.892816552893e+00 -7.272580213298e+00 -1.021954418381e+01
4.042000000000e+01  -1.025221668728e+01 1.936646150594e+00 -7.374572459614e+00 -1.017882335039e+01
4.043000000000e+01  -1.023263082117e+01 1.980511376452e+00 -7.476155692696e+00 -1.013774186449e+01
4.044000000000e+01  -1.021260609751e+01 2.024417309469e+00 -7.577326351818e+00 -1.009630888930e+01
4.045000000000e+01  -1.019214208288e+01 2.068369218056e+00 -7.678080968933e+00 -1.005453379629e+01
4.046000000000e+01  -1.017123829029e+01 2.112372549890e+00 -7.778416170695e+00 -1.001242615488e+01
4.047000000000e+01  -1.014989417742e+01 2.156432920126e+00 -7.878328680385e+00 -9.969995720384e+00
4.048000000000e+01  -1.012810914505e+01 2.200556097872e+00 -7.977815319695e+00 -9.927252420365e+00
4.049000000000e+01  -1.010588253555e+01 2.244747990886e+00 -8.076873010380e+00 -9.884206339085e+00
4.050000000000e+01  -1.008321363163e+01 2.289014628419e+00 -8.175498775734e+00 -9.840867700161e+00
4.051000000000e+01  -1.006010165517e+01 2.333362142179e+00 -8.273689741886e+00 -9.797246847331e+00
4.052000000000e+01  -1.003654576636e+01 2.377796745385e+00 -8.371443138902e+00 -9.753354223297e+00
4.053000000000e+01  -1.001254506292e+01 2.422324709902e+00 -8.468756301650e+00 -9.709200346663e+00
4.054000000000e+01  -9.988098579712e+00 2.466952341459e+00 -8.565626670442e+00 -9.664795786946e+00
4.055000000000e+01  -9.963205288501e+00 2.511685952997e+00 -8.662051791405e+00 -9.620151137718e+00
4.056000000000e+01  -9.937864098022e+00 2.556531836181e+00 -8.758029316580e+00 -9.575276987919e+00
4.057000000000e+01  -9.912073854354e+00 2.601496231173e+00 -8.853557003721e+00 -9.530183891414e+00
4.058000000000e+01  -9.885833341588e+00 2.646585294751e+00 -8.948632715786e+00 -9.484882334907e+00
4.059000000000e+01  -9.859141282834e+00 2.691805066912e+00 -9.043254420097e+00 -9.439382704345e+00
4.060000000000e+01  -9.831996341559e+00 2.737161436126e+00 -9.137420187156e+00 -9.393695249948e+00
4.061000000000e+01  -9.804397123282e+00 2.782660103408e+00 -9.231128189110e+00 -9.347830050084e+00
4.062000000000e+01  -9.776342177631e+00 2.828306545438e+00 -9.324376697844e+00 -9.301796974172e+00
4.063000000000e+01  -9.747830000782e+00 2.874105976961e+00 -9.417164082705e+00 -9.255605644871e+00
4.064000000000e+01  -9.718859038257e+00 2.920063312739e+00 -9.509488807839e+00 -9.209265399823e+00
4.065000000000e+01  -9.689427688126e+00 2.966183129343e+00 -9.601349429157e+00 -9.162785253232e+00
4.066000000000e+01  -9.659534304572e+00 3.012469627098e+00 -9.692744590898e+00 -9.116173857592e+00
4.067000000000e+01  -9.629177201844e+00 3.058926592518e+00 -9.783673021832e+00 -9.069439465910e+00
4.068000000000e+01  -9.598354658579e+00 3.105557361564e+00 -9.874133531077e+00 -9.022589894753e+00
4.069000000000e+01  -9.567064922484e+00 3.152364784097e+00 -9.964125003557e+00 -8.975632488478e+00
4.070000000000e+01  -9.535306215369e+00 3.199351189879e+00 -1.005364639510e+01 -8.928574085026e+00
4.071000000000e+01  -9.503076738505e+00 3.246518356484e+00 -1.014269672724e+01 -8.881420983606e+00
4.072000000000e+01  -9.470374678300e+00 3.293867479481e+00 -1.023127508163e+01 -8.834178914669e+00
4.073000000000e+01  -9.437198212251e+00 3.341399145229e+00 -1.031938059427e+01 -8.786853012482e+00
4.074000000000e+01  -9.403545515157e+00 3.389113306620e+00 -1.040701244940e+01 -8.739447790651e+00
4.075000000000e+01  -9.369414765564e+00 3.437009262067e+00 -1.049416987316e+01 -8.691967120892e+00
4.076000000000e+01  -9.334804152392e+00 3.485085638019e+00 -1.058085212715e+01 -8.644414215325e+00
4.077000000000e+01  -9.299711881724e+00 3.533340375245e+00 -1.066705850169e+01 -8.596791612538e+00
4.078000000000e+01  -9.264136183713e+00 3.581770719087e+00 -1.075278830907e+01 -8.549101167617e+00
4.079000000000e+01  -9.228075319566e+00 3.630373213846e+00 -1.083804087672e+01 -8.501344046313e+00
4.080000000000e+01  -9.191527588556e+00 3.679143701403e+00 -1.092281554023e+01 -8.453520723438e+00
4.081000000000e+01  -9.154491335038e+00 3.728077324150e+00 -1.100711163652e+01 -8.405630985580e+00
4.082000000000e+01  -9.116964955401e+00 3.777168532239e+00 -1.109092849696e+01 -8.357673938117e+00
4.083000000000e+01  -9.078946904940e+00 3.826411095094e+00 -1.117426544063e+01 -8.309648016516e+00
4.084000000000e+01  -9.040435704579e+00 3.875798117108e+00 -1.125712176770e+01 -8.261551001802e+00
4.085000000000e+01  -9.001429947425e+00 3.925322057383e+00 -1.133949675296e+01 -8.213380040070e+00
4.086000000000e+01  -8.961928305103e+00 3.974974753297e+00 -1.142138963960e+01 -8.165131665830e+00
4.087000000000e+01  -8.921929533837e+00 4.024747447690e+00 -1.150279963325e+01 -8.116801828968e+00
4.088000000000e+01  -8.881432480245e+00 4.074630819378e+00 -1.158372589627e+01 -8.068385925031e+00
4.089000000000e+01  -8.840436086807e+00 4.124615016672e+00 -1.166416754233e+01 -8.019878828521e+00
4.090000000000e+01  -8.798939396994e+00 4.174689693579e+00 -1.174412363148e+01 -7.971274928867e+00
4.091000000000e+01  -8.756941560015e+00 4.224844048305e+00 -1.182359316537e+01 -7.922568168703e+00
4.092000000000e+01  -8.714441835174e+00 4.275066863675e+00 -1.190257508308e+01 -7.873752084057e+00
4.093000000000e+01  -8.671439595816e+00 4.325346549079e+00 -1.198106825723e+01 -7.824819846071e+00
4.094000000000e+01  -8.627934332843e+00 4.375671183538e+00 -1.205907149051e+01 -7.775764303836e+00
4.095000000000e+01  -8.583925657801e+00 4.426028559496e+00 -1.213658351273e+01 -7.726578027956e+00
4.096000000000e+01  -8.539413305524e+00 4.476406226938e+00 -1.221360297823e+01 -7.677253354437e+00
4.097000000000e+01  -8.494397136339e+00 4.526791537466e+00 -1.229012846376e+01 -7.627782428529e+00
4.098000000000e+01  -8.448877137830e+00 4.577171687963e+00 -1.236615846676e+01 -7.578157248162e+00
4.099000000000e+01  -8.402853426172e+00 4.627533763503e+00 -1.244169140417e+01 -7.528369706631e+00
4.100000000000e+01  -8.356326247041e+00 4.677864779214e+00 -1.251672561151e+01 -7.478411634216e+00
4.101000000000e+01  -8.309295976108e+00 4.728151720785e+00 -1.259125934250e+01 -7.428274838467e+00
4.102000000000e+01  -8.261763119141e+00 4.778381583380e+00 -1.266529076902e+01 -7.377951142879e+00
4.103000000000e+01  -8.213728311722e+00 4.828541408733e+00 -1.273881798145e+01 -7.327432423767e+00
4.104000000000e+01  -8.165192318611e+00 4.878618320250e+00 -1.281183898937e+01 -7.276710645116e+00
4.105000000000e+01  -8.116156032760e+00 4.928599555934e+00 -1.288435172258e+01 -7.225777891296e+00
4.106000000000e+01  -8.066620474014e+00 4.978472499060e+00 -1.295635403251e+01 -7.174626397483e+00
4.107000000000e+01  -8.016586787520e+00 5.028224706462e+00 -1.302784369382e+01 -7.123248577728e+00
4.108000000000e+01  -7.966056241858e+00 5.077843934418e+00 -1.309881840633e+01 -7.071637050601e+00
4.109000000000e+01  -7.915030226933e+00 5.127318162076e+00 -1.316927579719e+01 -7.019784662385e+00
4.110000000000e+01  -7.863510251639e+00 5.176635612438e+00 -1.323921342326e+01 -6.967684507826e+00
4.111000000000e+01  -7.811497941328e+00 5.225784770911e+00 -1.330862877366e+01 -6.915329948449e+00
4.112000000000e+01  -7.758995035106e+00 5.274754401481e+00 -1.337751927257e+01 -6.862714628499e+00
4.113000000000e+01  -7.706003382977e+00 5.323533560568e+00 -1.344588228206e+01 -6.809832488562e+00
4.114000000000e+01  -7.652524942863e+00 5.372111608650e+00 -1.351371510517e+01 -6.756677776950e+00
4.115000000000e+01  -7.598561777510e+00 5.420478219737e+00 -1.358101498899e+01 -6.703245058944e+00
4.116000000000e+01  -7.544116051323e+00 5.468623388818e+00 -1.364777912791e+01 -6.649529224005e+00
4.117000000000e+01  -7.489190027124e+00 5.516537437379e+00 -1.371400466682e+01 -6.595525491058e+00
4.118000000000e+01  -7.433786062868e+00 5.564211017136e+00 -1.377968870451e+01 -6.541229411984e+00
4.119000000000e+01  -7.377906608333e+00 5.611635112080e+00 -1.384482829693e+01 -6.486636873435e+00
4.120000000000e+01  -7.321554201794e+00 5.658801038991e+00 -1.390942046058e+01 -6.431744097112e+00
4.121000000000e+01  -7.264731466699e+00 5.705700446533e+00 -1.397346217585e+01 -6.376547638621e+00
4.122000000000e+01  -7.207441108359e+00 5.752325313065e+00 -1.403695039034e+01 -6.321044385049e+00
4.123000000000e+01  -7.149685910674e+00 5.798667943296e+00 -1.409988202217e+01 -6.265231551387e+00
4.124000000000e+01  -7.091468732883e+00 5.844720963906e+00 -1.416225396320e+01 -6.209106675909e+00
4.125000000000e+01  -7.032792506378e+00 5.890477318251e+00 -1.422406308230e+01 -6.152667614644e+00
4.126000000000e+01  -6.973660231564e+00 5.935930260272e+00 -1.428530622843e+01 -6.095912535048e+00
4.127000000000e+01  -6.914074974788e+00 5.981073347710e+00 -1.434598023375e+01 -6.038839908983e+00
4.128000000000e+01  -6.854039865337e+00 6.025900434735e+00 -1.440608191663e+01 -5.981448505112e+00
4.129000000000e+01  -6.793558092514e+00 6.070405664086e+00 -1.446560808456e+01 -5.923737380799e+00
4.130000000000e+01  -6.732632902795e+00 6.114583458813e+00 -1.452455553701e+01 -5.865705873615e+00
4.131000000000e+01  -6.671267597064e+00 6.158428513692e+00 -1.458292106819e+01 -5.807353592519e+00
4.132000000000e+01  -6.609465527945e+00 6.201935786411e+00 -1.464070146970e+01 -5.748680408809e+00
4.133000000000e+01  -6.547230097216e+00 6.245100488582e+00 -1.469789353313e+01 -5.689686446891e+00
4.134000000000e+01  -6.484564753312e+00 6.287918076645e+00 -1.475449405251e+01 -5.630372074955e+00
4.135000000000e+01  -6.421472988930e+00 6.330384242729e+00 -1.481049982676e+01 -5.570737895593e+00
4.136000000000e+01  -6.357958338709e+00 6.372494905509e+00 -1.486590766192e+01 -5.510784736426e+00
4.137000000000e+01  -6.294024377016e+00 6.414246201118e+00 -1.492071437340e+01 -5.450513640775e+00
4.138000000000e+01  -6.229674715814e+00 6.455634474146e+00 -1.497491678806e+01 -5.389925858426e+00
4.139000000000e+01  -6.164913002623e+00 6.496656268765e+00 -1.502851174627e+01 -5.329022836521e+00
4.140000000000e+01  -6.099742918566e+00 6.537308320010e+00 -1.508149610380e+01 -5.267806210599e+00
4.141000000000e+01  -6.034168176506e+00 6.577587545238e+00 -1.513386673366e+01 -5.206277795824e+00
4.142000000000e+01  -5.968192519260e+00 6.617491035798e+00 -1.518562052789e+01 -5.144439578416e+00
4.143000000000e+01  -5.901819717905e+00 6.657016048917e+00 -1.523675439919e+01 -5.082293707303e+00
4.144000000000e+01  -5.835053570154e+00 6.696159999828e+00 -1.528726528254e+01 -5.019842486016e+00
4.145000000000e+01  -5.767897898816e+00 6.734920454145e+00 -1.533715013666e+01 -4.957088364822e+00
4.146000000000e+01  -5.700356550329e+00 6.773295120495e+00 -1.538640594550e+01 -4.894033933131e+00
4.147000000000e+01  -5.632433393366e+00 6.811281843420e+00 -1.543502971954e+01 -4.830681912157e+00
4.148000000000e+01  -5.564132317509e+00 6.848878596546e+00 -1.548301849712e+01 -4.767035147851e+00
4.149000000000e+01  -5.495457231990e+00 6.886083476020e+00 -1.553036934559e+01 -4.703096604110e+00
4.150000000000e+01  -5.426412064501e+00 6.922894694224e+00 -1.557707936255e+01 -4.638869356252e+00
4.151000000000e+01  -5.357000760055e+00 6.959310573761e+00 -1.562314567682e+01 -4.574356584770e+00
4.152000000000e+01  -5.287227279921e+00 6.995329541705e+00 -1.566856544957e+01 -4.509561569347e+00
4.153000000000e+01  -5.217095600600e+00 7.030950124119e+00 -1.571333587521e+01 -4.444487683143e+00
4.154000000000e+01  -5.146609712864e+00 7.066170940836e+00 -1.575745418233e+01 -4.379138387342e+00
4.155000000000e+01  -5.075773620843e+00 7.100990700491e+00 -1.580091763454e+01 -4.313517225951e+00
4.156000000000e+01  -5.004591341160e+00 7.135408195809e+00 -1.584372353128e+01 -4.247627820853e+00
4.157000000000e+01  -4.933066902113e+00 7.169422299127e+00 -1.588586920858e+01 -4.181473867105e+00
4.158000000000e+01  -4.861204342900e+00 7.203031958161e+00 -1.592735203977e+01 -4.115059128461e+00
4.159000000000e+01  -4.789007712883e+00 7.236236191997e+00 -1.596816943612e+01 -4.048387433142e+00
4.160000000000e+01  -4.716481070899e+00 7.269034087302e+00 -1.600831884750e+01 -3.981462669810e+00
4.161000000000e+01  -4.643628484595e+00 7.301424794751e+00 -1.604779776294e+01 -3.914288783766e+00
4.162000000000e+01  -4.570454029810e+00 7.333407525654e+00 -1.608660371121e+01 -3.846869773348e+00
4.163000000000e+01  -4.496961789981e+00 7.364981548789e+00 -1.612473426128e+01 -3.779209686530e+00
4.164000000000e+01  -4.423155855587e+00 7.396146187416e+00 -1.616218702286e+01 -3.711312617709e+00
4.165000000000e+01  -4.349040323614e+00 7.426900816473e+00 -1.619895964681e+01 -3.643182704671e+00
4.166000000000e+01  -4.274619297054e+00 7.457244859949e+00 -1.623504982556e+01 -3.574824125735e+00
4.167000000000e+01  -4.199896884426e+00 7.487177788421e+00 -1.627045529353e+01 -3.506241097061e+00
4.168000000000e+01  -4.124877199324e+00 7.516699116745e+00 -1.630517382747e+01 -3.437437870115e+00
4.169000000000e+01  -4.049564359980e+00 7.545808401906e+00 -1.633920324681e+01 -3.368418729285e+00
4.170000000000e+01  -3.973962488856e+00 7.574505240999e+00 -1.637254141398e+01 -3.299187989646e+00
4.171000000000e+01  -3.898075712254e+00 7.602789269360e+00 -1.640518623470e+01 -3.229749994852e+00
4.172000000000e+01  -3.821908159938e+00 7.630660158815e+00 -1.643713565826e+01 -3.160109115165e+00
4.173000000000e+01  -3.745463964779e+00 7.658117616058e+00 -1.646838767778e+01 -3.090269745607e+00
4.174000000000e+01  -3.668747262418e+00 7.685161381142e+00 -1.649894033044e+01 -3.020236304225e+00
4.175000000000e+01  -3.591762190930e+00 7.711791226085e+00 -1.652879169772e+01 -2.950013230470e+00
4.176000000000e+01  -3.514512890522e+00 7.738006953575e+00 -1.655793990558e+01 -2.879604983681e+00
4.177000000000e+01  -3.437003503224e+00 7.763808395778e+00 -1.658638312466e+01 -2.809016041666e+00
4.178000000000e+01  -3.359238172602e+00 7.789195413235e+00 -1.661411957050e+01 -2.738250899378e+00
4.179000000000e+01  -3.281221043480e+00 7.814167893854e+00 -1.664114750363e+01 -2.667314067685e+00
4.180000000000e+01  -3.202956261673e+00 7.838725751978e+00 -1.666746522977e+01 -2.596210072210e+00
4.181000000000e+01  -3.124447973721e+00 7.862868927538e+00 -1.669307109999e+01 -2.524943452269e+00
4.182000000000e+01  -3.045700326644e+00 7.886597385275e+00 -1.671796351078e+01 -2.453518759868e+00
4.183000000000e+01  -2.966717467692e+00 7.909911114034e+00 -1.674214090424e+01 -2.381940558780e+00
4.184000000000e+01  -2.887503544110e+00 7.932810126128e+00 -1.676560176816e+01 -2.310213423682e+00
4.185000000000e+01  -2.808062702905e+00 7.955294456753e+00 -1.678834463609e+01 -2.238341939361e+00
4.186000000000e+01  -2.728399090621e+00 7.977364163478e+00 -1.681036808753e+01 -2.166330699975e+00
4.187000000000e+01  -2.648516853116e+00 7.999019325773e+00 -1.683167074792e+01 -2.094184308368e+00
4.188000000000e+01  -2.568420135346e+00 8.020260044599e+00 -1.685225128880e+01 -2.021907375445e+00
4.189000000000e+01  -2.488113081152e+00 8.041086442044e+00 -1.687210842784e+01 -1.949504519585e+00
4.190000000000e+01  -2.407599833049e+00 8.061498661005e+00 -1.689124092892e+01 -1.876980366112e+00
4.191000000000e+01  -2.326884532023e+00 8.081496864912e+00 -1.690964760224e+01 -1.804339546798e+00
4.192000000000e+01  -2.245971317321e+00 8.101081237493e+00 -1.692732730430e+01 -1.731586699421e+00
4.193000000000e+01  -2.164864326255e+00 8.120251982575e+00 -1.694427893806e+01 -1.658726467344e+00
4.194000000000e+01  -2.083567693997e+00 8.139009323925e+00 -1.696050145289e+01 -1.585763499149e+00
4.195000000000e+01  -2.002085553382e+00 8.157353505120e+00 -1.697599384470e+01 -1.512702448288e+00
4.196000000000e+01  -1.920422034714e+00 8.175284789450e+00 -1.699075515594e+01 -1.439547972779e+00
4.197000000000e+01  -1.838581265561e+00 8.192803459851e+00 -1.700478447569e+01 -1.366304734926e+00
4.198000000000e+01  -1.756567370568e+00 8.209909818864e+00 -1.701808093965e+01 -1.292977401066e+00
4.199000000000e+01  -1.674384471254e+00 8.226604188619e+00 -1.703064373019e+01 -1.219570641348e+00
4.200000000000e+01  -1.592036685819e+00 8.242886910850e+00 -1.704247207644e+01 -1.146089129529e+00
4.201000000000e+01  -1.509528128948e+00 8.258758346920e+00 -1.705356525425e+01 -1.072537542805e+00
4.202000000000e+01  -1.426862911615e+00 8.274218877883e+00 -1.706392258627e+01 -9.989205616512e-01
4.203000000000e+01  -1.344045140883e+00 8.289268904550e+00 -1.707354344197e+01 -9.252428696919e-01
4.204000000000e+01  -1.261078919707e+00 8.303908847587e+00 -1.708242723768e+01 -8.515091535869e-01
4.205000000000e+01  -1.177968346737e+00 8.318139147624e+00 -1.709057343660e+01 -7.777241029361e-01
4.206000000000e+01  -1.094717516116e+00 8.331960265378e+00 -1.709798154885e+01 -7.038924102017e-01
4.207000000000e+01  -1.011330517279e+00 8.345372681801e+00 -1.710465113148e+01 -6.300187706467e-01
4.208000000000e+01  -9.278114347486e-01 8.358376898230e+00 -1.711058178850e+01 -5.561078822890e-01
4.209000000000e+01  -8.441643479314e-01 8.370973436563e+00 -1.711577317095e+01 -4.821644458689e-01
4.210000000000e+01  -7.603933309116e-01 8.383162839435e+00 -1.712022497684e+01 -4.081931648316e-01
4.211000000000e+01  -6.765024522423e-01 8.394945670420e+00 -1.712393695126e+01 -3.341987453214e-01
4.212000000000e+01  -5.924957747350e-01 8.406322514231e+00 -1.712690888637e+01 -2.601858961884e-01
4.213000000000e+01  -5.083773552474e-01 8.417293976939e+00 -1.712914062144e+01 -1.861593290067e-01
4.214000000000e+01  -4.241512444686e-01 8.427860686199e+00 -1.713063204285e+01 -1.121237581029e-01
4.215000000000e+01  -3.398214867017e-01 8.438023291485e+00 -1.713138308416e+01 -3.808390059576e-02
4.216000000000e+01  -2.553921196450e-01 8.447782464334e+00 -1.713139372608e+01 3.595552355599e-02
4.217000000000e+01  -1.708671741698e-01 8.457138898600e+00 -1.713066399658e+01 1.099897914954e-01
4.218000000000e+01  -8.625067409589e-02 8.466093310712e+00 -1.712919397085e+01 1.840141774010e-01
4.219000000000e+01  -1.546635964537e-03 8.474646439942e+00 -1.712698377135e+01 2.580239524129e-01
4.220000000000e+01  8.324093119132e-02 8.482799048679e+00 -1.712403356784e+01 3.320143845499e-01
4.221000000000e+01  1.681080260796e-01 8.490551922709e+00 -1.712034357744e+01 4.059807386204e-01
4.222000000000e+01  2.530506553847e-01 8.497905871502e+00 -1.711591406462e+01 4.799182761261e-01
4.223000000000e+01  3.380648340054e-01 8.504861728503e+00 -1.711074534125e+01 5.538222551588e-01
4.224000000000e+01  4.231465852966e-01 8.511420351431e+00 -1.710483776666e+01 6.276879302914e-01
4.225000000000e+01  5.082919413129e-01 8.517582622578e+00 -1.709819174761e+01 7.015105524627e-01
4.226000000000e+01  5.934969430566e-01 8.523349449118e+00 -1.709080773842e+01 7.752853688568e-01
4.227000000000e+01  6.787576407277e-01 8.528721763416e+00 -1.708268624092e+01 8.490076227772e-01
4.228000000000e+01  7.640700939773e-01 8.533700523344e+00 -1.707382780455e+01 9.226725535157e-01
4.229000000000e+01  8.494303721644e-01 8.538286712600e+00 -1.706423302636e+01 9.962753962170e-01
4.230000000000e+01  9.348345546158e-01 8.542481341028e+00 -1.705390255108e+01 1.069811381738e+00
4.231000000000e+01  1.020278730889e+00 8.546285444947e+00 -1.704283707115e+01 1.143275736505e+00
4.232000000000e+01  1.105759001039e+00 8.549700087473e+00 -1.703103732678e+01 1.216663682362e+00
4.233000000000e+01  1.191271475888e+00 8.552726358855e+00 -1.701850410597e+01 1.289970436423e+00
4.234000000000e+01  1.276812277297e+00 8.555365376803e+00 -1.700523824458e+01 1.363191210916e+00
4.235000000000e+01  1.362377538444e+00 8.557618286829e+00 -1.699124062638e+01 1.436321213019e+00
4.236000000000e+01  1.447963404102e+00 8.559486262578e+00 -1.697651218308e+01 1.509355644707e+00
4.237000000000e+01  1.533566030925e+00 8.560970506170e+00 -1.696105389441e+01 1.582289702583e+00
4.238000000000e+01  1.619181587728e+00 8.562072248536e+00 -1.694486678815e+01 1.655118577710e+00
4.239000000000e+01  1.704806255786e+00 8.562792749764e+00 -1.692795194021e+01 1.727837455448e+00
4.240000000000e+01  1.790436229120e+00 8.563133299432e+00 -1.691031047468e+01 1.800441515280e+00
4.241000000000e+01  1.876067714796e+00 8.563095216959e+00 -1.689194356386e+01 1.872925930641e+00
4.242000000000e+01  1.961696933226e+00 8.562679851937e+00 -1.687285242837e+01 1.945285868745e+00
4.243000000000e+01  2.047320118469e+00 8.561888584481e+00 -1.685303833719e+01 2.017516490413e+00
4.244000000000e+01  2.132933518540e+00 8.560722825562e+00 -1.683250260770e+01 2.089612949897e+00
4.245000000000e+01  2.218533395722e+00 8.559184017350e+00 -1.681124660582e+01 2.161570394705e+00
4.246000000000e+01  2.304116026875e+00 8.557273633553e+00 -1.678927174597e+01 2.233383965432e+00
4.247000000000e+01  2.389677703756e+00 8.554993179747e+00 -1.676657949125e+01 2.305048795580e+00
4.248000000000e+01  2.475214733339e+00 8.552344193719e+00 -1.674317135342e+01 2.376560011391e+00
4.249000000000e+01  2.560723438139e+00 8.549328245790e+00 -1.671904889306e+01 2.447912731676e+00
4.250000000000e+01  2.646200156537e+00 8.545946939143e+00 -1.669421371956e+01 2.519102067643e+00
4.251000000000e+01  2.731641243115e+00 8.542201910153e+00 -1.666866749125e+01 2.590123122738e+00
4.252000000000e+01  2.817043068983e+00 8.538094828697e+00 -1.664241191548e+01 2.660970992475e+00
4.253000000000e+01  2.902402022121e+00 8.533627398476e+00 -1.661544874866e+01 2.731640764284e+00
4.254000000000e+01  2.987714507716e+00 8.528801357319e+00 -1.658777979639e+01 2.802127517355e+00
4.255000000000e+01  3.072976948505e+00 8.523618477482e+00 -1.655940691352e+01 2.872426322487e+00
4.256000000000e+01  3.158185785123e+00 8.518080565952e+00 -1.653033200420e+01 2.942532241948e+00
4.257000000000e+01  3.243337476448e+00 8.512189464724e+00 -1.650055702205e+01 3.012440329338e+00
4.258000000000e+01  3.328428499956e+00 8.505947051083e+00 -1.647008397016e+01 3.082145629459e+00
4.259000000000e+01  3.413455352072e+00 8.499355237872e+00 -1.643891490124e+01 3.151643178199e+00
4.260000000000e+01  3.498414548530e+00 8.492415973749e+00 -1.640705191767e+01 3.220928002415e+00
4.261000000000e+01  3.583302624732e+00 8.485131243433e+00 -1.637449717162e+01 3.289995119838e+00
4.262000000000e+01  3.668116136105e+00 8.477503067937e+00 -1.634125286513e+01 3.358839538985e+00
4.263000000000e+01  3.752851658473e+00 8.469533504786e+00 -1.630732125019e+01 3.427456259075e+00
4.264000000000e+01  3.837505788416e+00 8.461224648221e+00 -1.627270462885e+01 3.495840269977e+00
4.265000000000e+01  3.922075143643e+00 8.452578629387e+00 -1.623740535331e+01 3.563986552155e+00
4.266000000000e+01  4.006556363357e+00 8.443597616503e+00 -1.620142582601e+01 3.631890076641e+00
4.267000000000e+01  4.090946108634e+00 8.434283815011e+00 -1.616476849973e+01 3.699545805022e+00
4.268000000000e+01  4.175241062786e+00 8.424639467708e+00 -1.612743587768e+01 3.766948689445e+00
4.269000000000e+01  4.259437931745e+00 8.414666854846e+00 -1.608943051359e+01 3.834093672648e+00
4.270000000000e+01  4.343533444431e+00 8.404368294226e+00 -1.605075501183e+01 3.900975688007e+00
4.271000000000e+01  4.427524353129e+00 8.393746141245e+00 -1.601141202746e+01 3.967589659614e+00
4.272000000000e+01  4.511407433868e+00 8.382802788928e+00 -1.597140426635e+01 4.033930502379e+00
4.273000000000e+01  4.595179486797e+00 8.371540667930e+00 -1.593073448528e+01 4.099993122157e+00
4.274000000000e+01  4.678837336555e+00 8.359962246498e+00 -1.588940549200e+01 4.165772415914e+00
4.275000000000e+01  4.762377832656e+00 8.348070030408e+00 -1.584742014534e+01 4.231263271920e+00
4.276000000000e+01  4.845797849856e+00 8.335866562857e+00 -1.580478135529e+01 4.296460569974e+00
4.277000000000e+01  4.929094288530e+00 8.323354424322e+00 -1.576149208309e+01 4.361359181677e+00
4.278000000000e+01  5.012264075044e+00 8.310536232375e+00 -1.571755534129e+01 4.425953970737e+00
4.279000000000e+01  5.095304162125e+00 8.297414641450e+00 -1.567297419385e+01 4.490239793320e+00
4.280000000000e+01  5.178211529224e+00 8.283992342572e+00 -1.562775175620e+01 4.554211498445e+00
4.281000000000e+01  5.260983182888e+00 8.270272063025e+00 -1.558189119532e+01 4.617863928433e+00
4.282000000000e+01  5.343616157113e+00 8.256256565972e+00 -1.553539572979e+01 4.681191919402e+00
4.283000000000e+01  5.426107513706e+00 8.241948650019e+00 -1.548826862986e+01 4.744190301821e+00
4.284000000000e+01  5.508454342633e+00 8.227351148716e+00 -1.544051321751e+01 4.806853901123e+00
4.285000000000e+01  5.590653762370e+00 8.212466929994e+00 -1.539213286647e+01 4.869177538375e+00
4.286000000000e+01  5.672702920238e+00 8.197298895542e+00 -1.534313100229e+01 4.931156031022e+00
4.287000000000e+01  5.754598992744e+00 8.181849980098e+00 -1.529351110236e+01 4.992784193695e+00
4.288000000000e+01  5.836339185901e+00 8.166123150684e+00 -1.524327669592e+01 5.054056839094e+00
4.289000000000e+01  5.917920735550e+00 8.150121405744e+00 -1.519243136411e+01 5.114968778949e+00
4.290000000000e+01  5.999340907671e+00 8.133847774209e+00 -1.514097873994e+01 5.175514825066e+00
4.291000000000e+01  6.080596998678e+00 8.117305314470e+00 -1.508892250829e+01 5.235689790450e+00
4.292000000000e+01  6.161686335712e+00 8.100497113265e+00 -1.503626640592e+01 5.295488490533e+00
4.293000000000e+01  6.242606276917e+00 8.083426284458e+00 -1.498301422138e+01 5.354905744485e+00
4.294000000000e+01  6.323354211705e+00 8.066095967723e+00 -1.492916979504e+01 5.413936376628e+00
4.295000000000e+01  6.403927561007e+00 8.048509327126e+00 -1.487473701897e+01 5.472575217965e+00
4.296000000000e+01  6.484323777509e+00 8.030669549586e+00 -1.481971983691e+01 5.530817107803e+00
4.297000000000e+01  6.564540345872e+00 8.012579843226e+00 -1.476412224413e+01 5.588656895500e+00
4.298000000000e+01  6.644574782935e+00 7.994243435599e+00 -1.470794828738e+01 5.646089442334e+00
4.299000000000e+01  6.724424637901e+00 7.975663571793e+00 -1.465120206469e+01 5.703109623492e+00
4.300000000000e+01  6.804087492501e+00 7.956843512396e+00 -1.459388772528e+01 5.759712330191e+00
4.301000000000e+01  6.883560961141e+00 7.937786531330e+00 -1.453600946937e+01 5.815892471931e+00
4.302000000000e+01  6.962842691018e+00 7.918495913542e+00 -1.447757154798e+01 5.871644978901e+00
4.303000000000e+01  7.041930362224e+00 7.898974952546e+00 -1.441857826270e+01 5.926964804512e+00
4.304000000000e+01  7.120821687815e+00 7.879226947816e+00 -1.435903396546e+01 5.981846928096e+00
4.305000000000e+01  7.199514413857e+00 7.859255202014e+00 -1.429894305827e+01 6.036286357755e+00
4.306000000000e+01  7.278006319446e+00 7.839063018067e+00 -1.423830999288e+01 6.090278133370e+00
4.307000000000e+01  7.356295216691e+00 7.818653696069e+00 -1.417713927048e+01 6.143817329776e+00
4.308000000000e+01  7.434378950675e+00 7.798030530013e+00 -1.411543544130e+01 6.196899060108e+00
4.309000000000e+01  7.512255399369e+00 7.777196804349e+00 -1.405320310426e+01 6.249518479322e+00
4.310000000000e+01  7.589922473526e+00 7.756155790361e+00 -1.399044690649e+01 6.301670787888e+00
4.311000000000e+01  7.667378116526e+00 7.734910742365e+00 -1.392717154285e+01 6.353351235674e+00
4.312000000000e+01  7.744620304187e+00 7.713464893712e+00 -1.386338175546e+01 6.404555126005e+00
4.313000000000e+01  7.821647044537e+00 7.691821452610e+00 -1.379908233310e+01 6.455277819919e+00
4.314000000000e+01  7.898456377536e+00 7.669983597752e+00 -1.373427811065e+01 6.505514740605e+00
4.315000000000e+01  7.975046374761e+00 7.647954473748e+00 -1.366897396841e+01 6.555261378034e+00
4.316000000000e+01  8.051415139044e+00 7.625737186370e+00 -1.360317483142e+01 6.604513293790e+00
4.317000000000e+01  8.127560804051e+00 7.603334797592e+00 -1.353688566872e+01 6.653266126082e+00
4.318000000000e+01  8.203481533828e+00 7.580750320449e+00 -1.347011149258e+01 6.701515594956e+00
4.319000000000e+01  8.279175522277e+00 7.557986713695e+00 -1.340285735760e+01 6.749257507699e+00
4.320000000000e+01  8.354640992589e+00 7.535046876270e+00 -1.333512835988e+01 6.796487764420e+00
4.321000000000e+01  8.429876196618e+00 7.511933641587e+00 -1.326692963599e+01 6.843202363833e+00
4.322000000000e+01  8.504879414195e+00 7.488649771635e+00 -1.319826636201e+01 6.889397409206e+00
4.323000000000e+01  8.579648952382e+00 7.465197950899e+00 -1.312914375245e+01 6.935069114492e+00
4.324000000000e+01  8.654183144668e+00 7.441580780119e+00 -1.305956705905e+01 6.980213810630e+00
4.325000000000e+01  8.728480350100e+00 7.417800769882e+00 -1.298954156967e+01 7.024827951995e+00
4.326000000000e+01  8.802538952345e+00 7.393860334068e+00 -1.291907260695e+01 7.068908123012e+00
4.327000000000e+01  8.876357358695e+00 7.369761783151e+00 -1.284816552702e+01 7.112451044896e+00
4.328000000000e+01  8.949933998992e+00 7.345507317374e+00 -1.277682571805e+01 7.155453582527e+00
4.329000000000e+01  9.023267324498e+00 7.321099019811e+00 -1.270505859883e+01 7.197912751429e+00
4.330000000000e+01  9.096355806682e+00 7.296538849337e+00 -1.263286961721e+01 7.239825724850e+00
4.331000000000e+01  9.169197935948e+00 7.271828633513e+00 -1.256026424848e+01 7.281189840913e+00
4.332000000000e+01  9.241792220281e+00 7.246970061416e+00 -1.248724799368e+01 7.322002609828e+00
4.333000000000e+01  9.314137183831e+00 7.221964676430e+00 -1.241382637785e+01 7.362261721138e+00
4.334000000000e+01  9.386231365413e+00 7.196813869028e+00 -1.234000494822e+01 7.401965050979e+00
4.335000000000e+01  9.458073316950e+00 7.171518869559e+00 -1.226578927226e+01 7.441110669321e+00
4.336000000000e+01  9.529661601831e+00 7.146080741081e+00 -1.219118493576e+01 7.479696847174e+00
4.337000000000e+01  9.600994793204e+00 7.120500372258e+00 -1.211619754076e+01 7.517722063720e+00
4.338000000000e+01  9.672071472195e+00 7.094778470362e+00 -1.204083270342e+01 7.555185013346e+00
4.339000000000e+01  9.742890226064e+00 7.068915554395e+00 -1.196509605184e+01 7.592084612542e+00
4.340000000000e+01  9.813449646284e+00 7.042911948397e+00 -1.188899322383e+01 7.628420006631e+00
4.341000000000e+01  9.883748326561e+00 7.016767774934e+00 -1.181252986455e+01 7.664190576298e+00
4.342000000000e+01  9.953784860791e+00 6.990482948845e+00 -1.173571162417e+01 7.699395943870e+00
4.343000000000e+01  1.002355784095e+01 6.964057171258e+00 -1.165854415537e+01 7.734035979324e+00
4.344000000000e+01  1.009306585492e+01 6.937489923922e+00 -1.158103311089e+01 7.768110805971e+00
4.345000000000e+01  1.016230748428e+01 6.910780463906e+00 -1.150318414091e+01 7.801620805782e+00
4.346000000000e+01  1.023128130205e+01 6.883927818692e+00 -1.142500289052e+01 7.834566624309e+00
4.347000000000e+01  1.029998587032e+01 6.856930781708e+00 -1.134649499697e+01 7.866949175163e+00
4.348000000000e+01  1.036841973796e+01 6.829787908354e+00 -1.126766608704e+01 7.898769644013e+00
4.349000000000e+01  1.043658143817e+01 6.802497512543e+00 -1.118852177425e+01 7.930029492048e+00
4.350000000000e+01  1.050446948605e+01 6.775057663811e+00 -1.110906765616e+01 7.960730458883e+00
4.351000000000e+01  1.057208237619e+01 6.747466185040e+00 -1.102930931147e+01 7.990874564843e+00
4.352000000000e+01  1.063941858017e+01 6.719720650816e+00 -1.094925229733e+01 8.020464112613e+00
4.353000000000e+01  1.070647654403e+01 6.691818386477e+00 -1.086890214639e+01 8.049501688194e+00
4.354000000000e+01  1.077325468586e+01 6.663756467880e+00 -1.078826436406e+01 8.077990161144e+00
4.355000000000e+01  1.083975139323e+01 6.635531721915e+00 -1.070734442562e+01 8.105932684066e+00
4.356000000000e+01  1.090596502077e+01 6.607140727804e+00 -1.062614777341e+01 8.133332691306e+00
4.357000000000e+01  1.097189388766e+01 6.578579819209e+00 -1.054467981406e+01 8.160193896848e+00
4.358000000000e+01  1.103753627520e+01 6.549845087169e+00 -1.046294591564e+01 8.186520291374e+00
4.359000000000e+01  1.110289042441e+01 6.520932383897e+00 -1.038095140497e+01 8.212316138464e+00
4.360000000000e+01  1.116795453365e+01 6.491837327436e+00 -1.029870156488e+01 8.237585969932e+00
4.361000000000e+01  1.123272675634e+01 6.462555307195e+00 -1.021620163158e+01 8.262334580283e+00
4.362000000000e+01  1.129720519867e+01 6.433081490375e+00 -1.013345679205e+01 8.286567020282e+00
4.363000000000e+01  1.136138791743e+01 6.403410829271e+00 -1.005047218152e+01 8.310288589635e+00
4.364000000000e+01  1.142527291788e+01 6.373538069461e+00 -9.967252880994e+00 8.333504828798e+00
4.365000000000e+01  1.148885815179e+01 6.343457758856e+00 -9.883803914951e+00 8.356221509900e+00
4.366000000000e+01  1.155214151542e+01 6.313164257608e+00 -9.800130249017e+00 8.378444626830e+00
4.367000000000e+01  1.161512084779e+01 6.282651748850e+00 -9.716236787830e+00 8.400180384475e+00
4.368000000000e+01  1.167779392889e+01 6.251914250233e+00 -9.632128372980e+00 8.421435187170e+00
4.369000000000e+01  1.174015847815e+01 6.220945626231e+00 -9.547809781079e+00 8.442215626362e+00
4.370000000000e+01  1.180221215291e+01 6.189739601183e+00 -9.463285721952e+00 8.462528467556e+00
4.371000000000e+01  1.186395254715e+01 6.158289773013e+00 -9.378560836970e+00 8.482380636570e+00
4.372000000000e+01  1.192537719026e+01 6.126589627580e+00 -9.293639697514e+00 8.501779205156e+00
4.373000000000e+01  1.198648354600e+01 6.094632553612e+00 -9.208526803591e+00 8.520731376038e+00
4.374000000000e+01  1.204726901160e+01 6.062411858157e+00 -9.123226582607e+00 8.539244467442e+00
4.375000000000e+01  1.210773091706e+01 6.029920782483e+00 -9.037743388284e+00 8.557325897154e+00
4.376000000000e+01  1.216786652450e+01 5.997152518369e+00 -8.952081499752e+00 8.574983166206e+00
4.377000000000e+01  1.222767302784e+01 5.964100224705e+00 -8.866245120795e+00 8.592223842238e+00
4.378000000000e+01  1.228714755248e+01 5.930757044333e+00 -8.780238379273e+00 8.609055542626e+00
4.379000000000e+01  1.234628715525e+01 5.897116121053e+00 -8.694065326709e+00 8.625485917435e+00
4.380000000000e+01  1.240508882454e+01 5.863170616710e+00 -8.607729938046e+00 8.641522632294e+00
4.381000000000e+01  1.246354948050e+01 5.828913728298e+00 -8.521236111579e+00 8.657173351260e+00
4.382000000000e+01  1.252166597551e+01 5.794338704976e+00 -8.434587669055e+00 8.672445719749e+00
4.383000000000e+01  1.257943509482e+01 5.759438864950e+00 -8.347788355945e+00 8.687347347620e+00
4.384000000000e+01  1.263685355726e+01 5.724207612118e+00 -8.260841841882e+00 8.701885792482e+00
4.385000000000e+01  1.269391801622e+01 5.688638452414e+00 -8.173751721265e+00 8.716068543302e+00
4.386000000000e+01  1.275062506074e+01 5.652725009778e+00 -8.086521514027e+00 8.729903004390e+00
4.387000000000e+01  1.280697121675e+01 5.616461041677e+00 -7.999154666559e+00 8.743396479827e+00
4.388000000000e+01  1.286295294853e+01 5.579840454119e+00 -7.911654552787e+00 8.756556158404e+00
4.389000000000e+01  1.291856666021e+01 5.542857316084e+00 -7.824024475397e+00 8.769389099131e+00
4.390000000000e+01  1.297380869749e+01 5.505505873327e+00 -7.736267667205e+00 8.781902217383e+00
4.391000000000e+01  1.302867534949e+01 5.467780561496e+00 -7.648387292655e+00 8.794102271732e+00
4.392000000000e+01  1.308316285070e+01 5.429676018513e+00 -7.560386449452e+00 8.805995851499e+00
4.393000000000e+01  1.313726738305e+01 5.391187096175e+00 -7.472268170311e+00 8.817589365100e+00
4.394000000000e+01  1.319098507812e+01 5.352308870951e+00 -7.384035424823e+00 8.828889029186e+00
4.395000000000e+01  1.324431201940e+01 5.313036653929e+00 -7.295691121421e+00 8.839900858636e+00
4.396000000000e+01  1.329724424475e+01 5.273365999892e+00 -7.207238109442e+00 8.850630657415e+00
4.397000000000e+01  1.334977774881e+01 5.233292715513e+00 -7.118679181280e+00 8.861084010316e+00
4.398000000000e+01  1.340190848559e+01 5.192812866643e+00 -7.030017074614e+00 8.871266275603e+00
4.399000000000e+01  1.345363237109e+01 5.151922784693e+00 -6.941254474704e+00 8.881182578558e+00
4.400000000000e+01  1.350494528596e+01 5.110619072113e+00 -6.852394016750e+00 8.890837805941e+00
4.401000000000e+01  1.355584307829e+01 5.068898606956e+00 -6.763438288300e+00 8.900236601345e+00
4.402000000000e+01  1.360632156630e+01 5.026758546553e+00 -6.674389831702e+00 8.909383361453e+00
4.403000000000e+01  1.365637654124e+01 4.984196330303e+00 -6.585251146583e+00 8.918282233168e+00
4.404000000000e+01  1.370600377014e+01 4.941209681608e+00 -6.496024692361e+00 8.926937111611e+00
4.405000000000e+01  1.375519899870e+01 4.897796608956e+00 -6.406712890769e+00 8.935351638952e+00
4.406000000000e+01  1.380395795413e+01 4.853955406202e+00 -6.317318128381e+00 8.943529204051e+00
4.407000000000e+01  1.385227634802e+01 4.809684652065e+00 -6.227842759152e+00 8.951472942885e+00
4.408000000000e+01  1.390014987913e+01 4.764983208870e+00 -6.138289106930e+00 8.959185739715e+00
4.409000000000e+01  1.394757423629e+01 4.719850220592e+00 -6.048659467973e+00 8.966670228967e+00
4.410000000000e+01  1.399454510114e+01 4.674285110209e+00 -5.958956113431e+00 8.973928797788e+00
4.411000000000e+01  1.404105815094e+01 4.628287576434e+00 -5.869181291801e+00 8.980963589228e+00
4.412000000000e+01  1.408710906128e+01 4.581857589852e+00 -5.779337231353e+00 8.987776506016e+00
4.413000000000e+01  1.413269350881e+01 4.534995388508e+00 -5.689426142507e+00 8.994369214880e+00
4.414000000000e+01  1.417780717387e+01 4.487701472985e+00 -5.599450220176e+00 9.000743151378e+00
4.415000000000e+01  1.422244574309e+01 4.439976601030e+00 -5.509411646041e+00 9.006899525180e+00
4.416000000000e+01  1.426660491193e+01 4.391821781753e+00 -5.419312590792e+00 9.012839325773e+00
4.417000000000e+01  1.431028038718e+01 4.343238269458e+00 -5.329155216293e+00 9.018563328534e+00
4.418000000000e+01  1.435346788935e+01 4.294227557137e+00 -5.238941677692e+00 9.024072101141e+00
4.419000000000e+01  1.439616315505e+01 4.244791369676e+00 -5.148674125466e+00 9.029366010262e+00
4.420000000000e+01  1.443836193926e+01 4.194931656816e+00 -5.058354707396e+00 9.034445228501e+00
4.421000000000e+01  1.448006001754e+01 4.144650585899e+00 -4.967985570469e+00 9.039309741543e+00
4.422000000000e+01  1.452125318819e+01 4.093950534450e+00 -4.877568862718e+00 9.043959355476e+00
4.423000000000e+01  1.456193727428e+01 4.042834082612e+00 -4.787106734970e+00 9.048393704242e+00
4.424000000000e+01  1.460210812567e+01 3.991304005497e+00 -4.696601342541e+00 9.052612257186e+00
4.425000000000e+01  1.464176162090e+01 3.939363265459e+00 -4.606054846835e+00 9.056614326675e+00
4.426000000000e+01  1.468089366904e+01 3.887015004335e+00 -4.515469416880e+00 9.060399075743e+00
4.427000000000e+01  1.471950021142e+01 3.834262535678e+00 -4.424847230783e+00 9.063965525752e+00
4.428000000000e+01  1.475757722334e+01 3.781109337015e+00 -4.334190477106e+00 9.067312564021e+00
4.429000000000e+01  1.479512071566e+01 3.727559042141e+00 -4.243501356170e+00 9.070438951414e+00
4.430000000000e+01  1.483212673631e+01 3.673615433491e+00 -4.152782081285e+00 9.073343329858e+00
4.431000000000e+01  1.486859137175e+01 3.619282434598e+00 -4.062034879896e+00 9.076024229766e+00
4.432000000000e+01  1.490451074835e+01 3.564564102658e+00 -3.971261994667e+00 9.078480077354e+00
4.433000000000e+01  1.493988103369e+01 3.509464621224e+00 -3.880465684483e+00 9.080709201831e+00
4.434000000000e+01  1.497469843776e+01 3.453988293037e+00 -3.789648225390e+00 9.082709842440e+00
4.435000000000e+01  1.500895921416e+01 3.398139533019e+00 -3.698811911453e+00 9.084480155350e+00
4.436000000000e+01  1.504265966116e+01 3.341922861425e+00 -3.607959055560e+00 9.086018220377e+00
4.437000000000e+01  1.507579612272e+01 3.285342897177e+00 -3.517091990150e+00 9.087322047524e+00
4.438000000000e+01  1.510836498945e+01 3.228404351382e+00 -3.426213067877e+00 9.088389583339e+00
4.439000000000e+01  1.514036269952e+01 3.171112021042e+00 -3.335324662218e+00 9.089218717077e+00
4.440000000000e+01  1.517178573944e+01 3.113470782965e+00 -3.244429168014e+00 9.089807286657e+00
4.441000000000e+01  1.520263064488e+01 3.055485587879e+00 -3.153529001955e+00 9.090153084423e+00
4.442000000000e+01  1.523289400134e+01 2.997161454745e+00 -3.062626603007e+00 9.090253862691e+00
4.443000000000e+01  1.526257244485e+01 2.938503465294e+00 -2.971724432786e+00 9.090107339089e+00
4.444000000000e+01  1.529166266253e+01 2.879516758756e+00 -2.880824975882e+00 9.089711201683e+00
4.445000000000e+01  1.532016139314e+01 2.820206526813e+00 -2.789930740124e+00 9.089063113895e+00
4.446000000000e+01  1.534806542762e+01 2.760578008754e+00 -2.699044256809e+00 9.088160719209e+00
4.447000000000e+01  1.537537160950e+01 2.700636486839e+00 -2.608168080878e+00 9.087001645668e+00
4.448000000000e+01  1.540207683534e+01 2.640387281870e+00 -2.517304791042e+00 9.085583510160e+00
4.449000000000e+01  1.542817805508e+01 2.579835748966e+00 -2.426456989885e+00 9.083903922511e+00
4.450000000000e+01  1.545367227234e+01 2.518987273534e+00 -2.335627303905e+00 9.081960489361e+00
4.451000000000e+01  1.547855654474e+01 2.457847267438e+00 -2.244818383530e+00 9.079750817855e+00
4.452000000000e+01  1.550282798415e+01 2.396421165361e+00 -2.154032903101e+00 9.077272519138e+00
4.453000000000e+01  1.552648375687e+01 2.334714421353e+00 -2.063273560808e+00 9.074523211660e+00
4.454000000000e+01  1.554952108380e+01 2.272732505556e+00 -1.972543078604e+00 9.071500524299e+00
4.455000000000e+01  1.557193724065e+01 2.210480901118e+00 -1.881844202089e+00 9.068202099303e+00
4.456000000000e+01  1.559372955798e+01 2.147965101265e+00 -1.791179700358e+00 9.064625595067e+00
4.457000000000e+01  1.561489542132e+01 2.085190606549e+00 -1.700552365828e+00 9.060768688730e+00
4.458000000000e+01  1.563543227125e+01 2.022162922250e+00 -1.609965014041e+00 9.056629078623e+00
4.459000000000e+01  1.565533760339e+01 1.958887555939e+00 -1.519420483436e+00 9.052204486554e+00
4.460000000000e+01  1.567460896846e+01 1.895370015182e+00 -1.428921635108e+00 9.047492659944e+00
4.461000000000e+01  1.569324397223e+01 1.831615805393e+00 -1.338471352538e+00 9.042491373819e+00
4.462000000000e+01  1.571124027550e+01 1.767630427823e+00 -1.248072541311e+00 9.037198432666e+00
4.463000000000e+01  1.572859559406e+01 1.703419377678e+00 -1.157728128809e+00 9.031611672154e+00
4.464000000000e+01  1.574530769862e+01 1.638988142365e+00 -1.067441063898e+00 9.025728960726e+00
4.465000000000e+01  1.576137441471e+01 1.574342199860e+00 -9.772143165833e-01 9.019548201075e+00
4.466000000000e+01  1.577679362257e+01 1.509487017182e+00 -8.870508776686e-01 9.013067331499e+00
4.467000000000e+01  1.579156325708e+01 1.444428048987e+00 -7.969537583891e-01 9.006284327154e+00
4.468000000000e+01  1.580568130757e+01 1.379170736258e+00 -7.069259900391e-01 8.999197201191e+00
4.469000000000e+01  1.581914581772e+01 1.313720505093e+00 -6.169706235859e-01 8.991804005802e+00
4.470000000000e+01  1.583195488540e+01 1.248082765595e+00 -5.270907292752e-01 8.984102833170e+00
4.471000000000e+01  1.584410666247e+01 1.182262910836e+00 -4.372893962266e-01 8.976091816327e+00
4.472000000000e+01  1.585559935465e+01 1.116266315919e+00 -3.475697320215e-01 8.967769129931e+00
4.473000000000e+01  1.586643122131e+01 1.050098337106e+00 -2.579348622829e-01 8.959132990961e+00
4.474000000000e+01  1.587660057530e+01 9.837643110305e-01 -1.683879302496e-01 8.950181659335e+00
4.475000000000e+01  1.588610578271e+01 9.172695539745e-01 -7.893209634385e-02 8.940913438464e+00
4.476000000000e+01  1.589494526270e+01 8.506193612099e-01 1.042946226617e-02 8.931326675729e+00
4.477000000000e+01  1.590311748728e+01 7.838190064053e-01 9.969355210787e-02 8.921419762904e+00
4.478000000000e+01  1.591062098108e+01 7.168737410883e-01 1.888569638501e-01 8.911191136518e+00
4.479000000000e+01  1.591745432114e+01 6.497887941622e-01 2.779164727524e-01 8.900639278156e+00
4.480000000000e+01  1.592361613665e+01 5.825693714724e-01 3.668688391163e-01 8.889762714722e+00
4.481000000000e+01  1.592910510878e+01 5.152206554209e-01 4.557108087404e-01 8.878560018638e+00
4.482000000000e+01  1.593391997037e+01 4.477478046235e-01 5.444391133754e-01 8.867029808008e+00
4.483000000000e+01  1.593805950575e+01 3.801559536076e-01 6.330504711825e-01 8.855170746742e+00
4.484000000000e+01  1.594152255045e+01 3.124502125475e-01 7.215415871909e-01 8.842981544634e+00
4.485000000000e+01  1.594430799101e+01 2.446356670346e-01 8.099091537576e-01 8.830460957410e+00
4.486000000000e+01  1.594641476468e+01 1.767173778794e-01 8.981498510265e-01 8.817607786741e+00
4.487000000000e+01  1.594784185919e+01 1.087003809420e-01 9.862603473878e-01 8.804420880227e+00
4.488000000000e+01  1.594858831252e+01 4.058968699063e-02 1.074237299937e+00 8.790899131353e+00
4.489000000000e+01  1.594865321262e+01 -2.760971841628e-02 1.162077354934e+00 8.777041479415e+00
4.490000000000e+01  1.594803569718e+01 -9.589287502547e-02 1.249777148259e+00 8.762846909431e+00
4.491000000000e+01  1.594673495336e+01 -1.642548479643e-01 1.337333305872e+00 8.748314452025e+00
4.492000000000e+01  1.594475021752e+01 -2.326907277978e-01 1.424742444265e+00 8.733443183295e+00
4.493000000000e+01  1.594208077504e+01 -3.011956305704e-01 1.512001170919e+00 8.718232224659e+00
4.494000000000e+01  1.593872595995e+01 -3.697646978320e-01 1.599106084753e+00 8.702680742693e+00
4.495000000000e+01  1.593468515479e+01 -4.383930966533e-01 1.686053776579e+00 8.686787948952e+00
4.496000000000e+01  1.592995779027e+01 -5.070760196281e-01 1.772840829546e+00 8.670553099773e+00
4.497000000000e+01  1.592454334505e+01 -5.758086848680e-01 1.859463819592e+00 8.653975496084e+00
4.498000000000e+01  1.591844134550e+01 -6.445863359884e-01 1.945919315884e+00 8.637054483182e+00
4.499000000000e+01  1.591165136540e+01 -7.134042420877e-01 2.032203881263e+00 8.619789450524e+00
4.500000000000e+01  1.590417302574e+01 -7.822576977222e-01 2.118314072685e+00 8.602179831502e+00
4.501000000000e+01  1.589600599442e+01 -8.511420228765e-01 2.204246441658e+00 8.584225103210e+00
4.502000000000e+01  1.588714998601e+01 -9.200525629312e-01 2.289997534679e+00 8.565924786216e+00
4.503000000000e+01  1.587760476150e+01 -9.889846886294e-01 2.375563893665e+00 8.547278444327e+00
4.504000000000e+01  1.586737012807e+01 -1.057933796042e+00 2.460942056387e+00 8.528285684353e+00
4.505000000000e+01  1.585644593879e+01 -1.126895306536e+00 2.546128556899e+00 8.508946155871e+00
4.506000000000e+01  1.584483209239e+01 -1.195864666739e+00 2.631119925963e+00 8.489259550988e+00
4.507000000000e+01  1.583252853302e+01 -1.264837348514e+00 2.715912691472e+00 8.469225604111e+00
4.508000000000e+01  1.581953524997e+01 -1.333808848930e+00 2.800503378875e+00 8.448844091712e+00
4.509000000000e+01  1.580585227746e+01 -1.402774690241e+00 2.884888511594e+00 8.428114832104e+00
4.510000000000e+01  1.579147969432e+01 -1.471730419871e+00 2.969064611444e+00 8.407037685217e+00
4.511000000000e+01  1.577641762382e+01 -1.540671610402e+00 3.053028199043e+00 8.385612552376e+00
4.512000000000e+01  1.576066623336e+01 -1.609593859570e+00 3.136775794231e+00 8.363839376096e+00
4.513000000000e+01  1.574422573424e+01 -1.678492790268e+00 3.220303916478e+00 8.341718139870e+00
4.514000000000e+01  1.572709638140e+01 -1.747364050559e+00 3.303609085290e+00 8.319248867976e+00
4.515000000000e+01  1.570927847319e+01 -1.816203313698e+00 3.386687820623e+00 8.296431625284e+00
4.516000000000e+01  1.569077235109e+01 -1.885006278156e+00 3.469536643279e+00 8.273266517076e+00
4.517000000000e+01  1.567157839945e+01 -1.953768667668e+00 3.552152075319e+00 8.249753688874e+00
4.518000000000e+01  1.565169704530e+01 -2.022486231281e+00 3.634530640456e+00 8.225893326282e+00
4.519000000000e+01  1.563112875802e+01 -2.091154743414e+00 3.716668864459e+00 8.201685654831e+00
4.520000000000e+01  1.560987404912e+01 -2.159770003940e+00 3.798563275553e+00 8.177130939841e+00
4.521000000000e+01  1.558793347200e+01 -2.228327838268e+00 3.880210404814e+00 8.152229486300e+00
4.522000000000e+01  1.556530762167e+01 -2.296824097447e+00 3.961606786565e+00 8.126981638742e+00
4.523000000000e+01  1.554199713450e+01 -2.365254658283e+00 4.042748958771e+00 8.101387781152e+00
4.524000000000e+01  1.551800268795e+01 -2.433615423466e+00 4.123633463436e+00 8.075448336878e+00
4.525000000000e+01  1.549332500035e+01 -2.501902321722e+00 4.204256846992e+00 8.049163768563e+00
4.526000000000e+01  1.546796483059e+01 -2.570111307967e+00 4.284615660693e+00 8.022534578082e+00
4.527000000000e+01  1.544192297790e+01 -2.638238363494e+00 4.364706461011e+00 7.995561306510e+00
4.528000000000e+01  1.541520028153e+01 -2.706279496164e+00 4.444525810021e+00 7.968244534095e+00
4.529000000000e+01  1.538779762055e+01 -2.774230740622e+00 4.524070275798e+00 7.940584880253e+00
4.530000000000e+01  1.535971591354e+01 -2.842088158532e+00 4.603336432807e+00 7.912583003581e+00
4.531000000000e+01  1.533095611833e+01 -2.909847838828e+00 4.682320862297e+00 7.884239601891e+00
4.532000000000e+01  1.530151923170e+01 -2.977505897987e+00 4.761020152687e+00 7.855555412259e+00
4.533000000000e+01  1.527140628916e+01 -3.045058480324e+00 4.839430899966e+00 7.826531211098e+00
4.534000000000e+01  1.524061836461e+01 -3.112501758308e+00 4.917549708087e+00 7.797167814249e+00
4.535000000000e+01  1.520915657010e+01 -3.179831932900e+00 4.995373189354e+00 7.767466077102e+00
4.536000000000e+01  1.517702205551e+01 -3.247045233915e+00 5.072897964826e+00 7.737426894727e+00
4.537000000000e+01  1.514421600830e+01 -3.314137920410e+00 5.150120664713e+00 7.707051202043e+00
4.538000000000e+01  1.511073965316e+01 -3.381106281093e+00 5.227037928773e+00 7.676339973998e+00
4.539000000000e+01  1.507659425177e+01 -3.447946634760e+00 5.303646406714e+00 7.645294225786e+00
4.540000000000e+01  1.504178110246e+01 -3.514655330762e+00 5.379942758600e+00 7.613915013083e+00
4.541000000000e+01  1.500630153991e+01 -3.581228749496e+00 5.455923655254e+00 7.582203432314e+00
4.542000000000e+01  1.497015693483e+01 -3.647663302927e+00 5.531585778671e+00 7.550160620947e+00
4.543000000000e+01  1.493334869366e+01 -3.713955435136e+00 5.606925822425e+00 7.517787757819e+00
4.544000000000e+01  1.489587825824e+01 -3.780101622907e+00 5.681940492088e+00 7.485086063485e+00
4.545000000000e+01  1.485774710547e+01 -3.846098376337e+00 5.756626505648e+00 7.452056800612e+00
4.546000000000e+01  1.481895674697e+01 -3.911942239489e+00 5.830980593932e+00 7.418701274394e+00
4.547000000000e+01  1.477950872876e+01 -3.977629791068e+00 5.904999501036e+00 7.385020833003e+00
4.548000000000e+01  1.473940463090e+01 -4.043157645144e+00 5.978679984752e+00 7.351016868085e+00
4.549000000000e+01  1.469864606711e+01 -4.108522451903e+00 6.052018817011e+00 7.316690815275e+00
4.550000000000e+01  1.465723468444e+01 -4.173720898444e+00 6.125012784321e+00 7.282044154770e+00
4.551000000000e+01  1.461517216287e+01 -4.238749709609e+00 6.197658688220e+00 7.247078411926e+00
4.552000000000e+01  1.457246021494e+01 -4.303605648857e+00 6.269953345727e+00 7.211795157901e+00
4.553000000000e+01  1.452910058538e+01 -4.368285519181e+00 6.341893589807e+00 7.176196010341e+00
4.554000000000e+01  1.448509505065e+01 -4.432786164070e+00 6.413476269835e+00 7.140282634110e+00
4.555000000000e+01  1.444044541859e+01 -4.497104468510e+00 6.484698252076e+00 7.104056742062e+00
4.556000000000e+01  1.439515352798e+01 -4.561237360041e+00 6.555556420168e+00 7.067520095861e+00
4.557000000000e+01  1.434922124809e+01 -4.625181809854e+00 6.626047675615e+00 7.030674506852e+00
4.558000000000e+01  1.430265047828e+01 -4.688934833946e+00 6.696168938284e+00 6.993521836976e+00
4.559000000000e+01  1.425544314750e+01 -4.752493494321e+00 6.765917146923e+00 6.956063999743e+00
4.560000000000e+01  1.420760121384e+01 -4.815854900247e+00 6.835289259677e+00 6.918302961256e+00
4.561000000000e+01  1.415912666407e+01 -4.879016209565e+00 6.904282254619e+00 6.880240741283e+00
4.562000000000e+01  1.411002151313e+01 -4.941974630064e+00 6.972893130296e+00 6.841879414399e+00
4.563000000000e+01  1.406028780361e+01 -5.004727420899e+00 7.041118906280e+00 6.803221111175e+00
4.564000000000e+01  1.400992760526e+01 -5.067271894086e+00 7.108956623734e+00 6.764268019431e+00
4.565000000000e+01  1.395894301443e+01 -5.129605416048e+00 7.176403345993e+00 6.725022385554e+00
4.566000000000e+01  1.390733615354e+01 -5.191725409228e+00 7.243456159156e+00 6.685486515873e+00
4.567000000000e+01  1.385510917047e+01 -5.253629353768e+00 7.310112172692e+00 6.645662778104e+00
4.568000000000e+01  1.380226423802e+01 -5.315314789257e+00 7.376368520062e+00 6.605553602862e+00
4.569000000000e+01  1.374880355329e+01 -5.376779316540e+00 7.442222359355e+00 6.565161485239e+00
4.570000000000e+01  1.369472933706e+01 -5.438020599611e+00 7.507670873941e+00 6.524488986455e+00
4.571000000000e+01  1.364004383312e+01 -5.499036367564e+00 7.572711273145e+00 6.483538735577e+00
4.572000000000e+01  1.358474930765e+01 -5.559824416623e+00 7.637340792926e+00 6.442313431319e+00
4.573000000000e+01  1.352884804853e+01 -5.620382612251e+00 7.701556696592e+00 6.400815843905e+00
4.574000000000e+01  1.347234236462e+01 -5.680708891330e+00 7.765356275518e+00 6.359048817017e+00
4.575000000000e+01  1.341523458503e+01 -5.740801264415e+00 7.828736849895e+00 6.317015269817e+00
4.576000000000e+01  1.335752705840e+01 -5.800657818073e+00 7.891695769492e+00 6.274718199048e+00
4.577000000000e+01  1.329922215212e+01 -5.860276717298e+00 7.954230414447e+00 6.232160681208e+00
4.578000000000e+01  1.324032225150e+01 -5.919656208002e+00 8.016338196070e+00 6.189345874812e+00
4.579000000000e+01  1.318082975900e+01 -5.978794619587e+00 8.078016557681e+00 6.146277022723e+00
4.580000000000e+01  1.312074709333e+01 -6.037690367598e+00 8.139262975459e+00 6.102957454573e+00
4.581000000000e+01  1.306007668863e+01 -6.096341956455e+00 8.200074959330e+00 6.059390589251e+00
4.582000000000e+01  1.299882099351e+01 -6.154747982254e+00 8.260450053864e+00 6.015579937480e+00
4.583000000000e+01  1.293698247015e+01 -6.212907135659e+00 8.320385839215e+00 5.971529104460e+00
4.584000000000e+01  1.287456359336e+01 -6.270818204856e+00 8.379879932071e+00 5.927241792593e+00
4.585000000000e+01  1.281156684954e+01 -6.328480078589e+00 8.438929986647e+00 5.882721804280e+00
4.586000000000e+01  1.274799473569e+01 -6.385891749253e+00 8.497533695696e+00 5.837973044782e+00
4.587000000000e+01  1.268384975836e+01 -6.443052316073e+00 8.555688791552e+00 5.792999525156e+00
4.588000000000e+01  1.261913443254e+01 -6.499960988320e+00 8.613393047204e+00 5.747805365241e+00
4.589000000000e+01  1.255385128059e+01 -6.556617088607e+00 8.670644277398e+00 5.702394796712e+00
4.590000000000e+01  1.248800283104e+01 -6.613020056217e+00 8.727440339774e+00 5.656772166180e+00
4.591000000000e+01  1.242159161742e+01 -6.669169450486e+00 8.783779136025e+00 5.610941938331e+00
4.592000000000e+01  1.235462017707e+01 -6.725064954221e+00 8.839658613101e+00 5.564908699111e+00
4.593000000000e+01  1.228709104985e+01 -6.780706377133e+00 8.895076764431e+00 5.518677158925e+00
4.594000000000e+01  1.221900677687e+01 -6.836093659301e+00 8.950031631189e+00 5.472252155867e+00
4.595000000000e+01  1.215036989920e+01 -6.891226874633e+00 9.004521303584e+00 5.425638658936e+00
4.596000000000e+01  1.208118295645e+01 -6.946106234313e+00 9.058543922183e+00 5.378841771261e+00
4.597000000000e+01  1.201144848543e+01 -7.000732090237e+00 9.112097679277e+00 5.331866733289e+00
4.598000000000e+01  1.194116901870e+01 -7.055104938393e+00 9.165180820257e+00 5.284718925942e+00
4.599000000000e+01  1.187034708314e+01 -7.109225422194e+00 9.217791645048e+00 5.237403873706e+00
4.600000000000e+01  1.179898519843e+01 -7.163094335729e+00 9.269928509548e+00 5.189927247649e+00
4.601000000000e+01  1.172708587554e+01 -7.216712626908e+00 9.321589827116e+00 5.142294868335e+00
4.602000000000e+01  1.165465161519e+01 -7.270081400485e+00 9.372774070077e+00 5.094512708613e+00
4.603000000000e+01  1.158168490623e+01 -7.323201920934e+00 9.423479771261e+00 5.046586896252e+00
4.604000000000e+01  1.150818822407e+01 -7.376075615130e+00 9.473705525560e+00 4.998523716396e+00
4.605000000000e+01  1.143416402904e+01 -7.428704074835e+00 9.523449991519e+00 4.950329613811e+00
4.606000000000e+01  1.135961476468e+01 -7.481089058917e+00 9.572711892937e+00 4.902011194876e+00
4.607000000000e+01  1.128454285612e+01 -7.533232495307e+00 9.621490020494e+00 4.853575229301e+00
4.608000000000e+01  1.120895070836e+01 -7.585136482616e+00 9.669783233391e+00 4.805028651516e+00
4.609000000000e+01  1.113284070454e+01 -7.636803291398e+00 9.717590461003e+00 4.756378561698e+00
4.610000000000e+01  1.105621520425e+01 -7.688235365000e+00 9.764910704539e+00 4.707632226392e+00
4.611000000000e+01  1.097907654176e+01 -7.739435319957e+00 9.811743038704e+00 4.658797078670e+00
4.612000000000e+01  1.090142702432e+01 -7.790405945879e+00 9.858086613368e+00 4.609880717792e+00
4.613000000000e+01  1.082326893041e+01 -7.841150204780e+00 9.903940655219e+00 4.560890908299e+00
4.614000000000e+01  1.074460450806e+01 -7.891671229798e+00 9.949304469409e+00 4.511835578503e+00
4.615000000000e+01  1.066543597310e+01 -7.941972323234e+00 9.994177441183e+00 4.462722818299e+00
4.616000000000e+01  1.058576550750e+01 -7.992056953872e+00 1.003855903748e+01 4.413560876248e+00
4.617000000000e+01  1.050559525775e+01 -8.041928753503e+00 1.008244880849e+01 4.364358155878e+00
4.618000000000e+01  1.042492733321e+01 -8.091591512593e+00 1.012584638920e+01 4.315123211119e+00
4.619000000000e+01  1.034376380458e+01 -8.141049175046e+00 1.016875150087e+01 4.265864740839e+00
4.620000000000e+01  1.026210670238e+01 -8.190305831975e+00 1.021116395241e+01 4.216591582382e+00
4.621000000000e+01  1.017995801551e+01 -8.239365714441e+00 1.025308364180e+01 4.167312704085e+00
4.622000000000e+01  1.009731968991e+01 -8.288233185081e+00 1.029451055729e+01 4.118037196675e+00
4.623000000000e+01  1.001419362728e+01 -8.336912728578e+00 1.033544477860e+01 4.068774263509e+00
4.624000000000e+01  9.930581683934e+00 -8.385408940897e+00 1.037588647800e+01 4.019533209588e+00
4.625000000000e+01  9.846485669701e+00 -8.433726517257e+00 1.041583592125e+01 3.970323429303e+00
4.626000000000e+01  9.761907347047e+00 -8.481870238768e+00 1.045529346846e+01 3.921154392838e+00
4.627000000000e+01  9.676848430265e+00 -8.529844957697e+00 1.049425957470e+01 3.872035631220e+00
4.628000000000e+01  9.591310584851e+00 -8.577655581327e+00 1.053273479061e+01 3.822976719950e+00
4.629000000000e+01  9.505295427041e+00 -8.625307054382e+00 1.057071976271e+01 3.773987261199e+00
4.630000000000e+01  9.418804523532e+00 -8.672804339986e+00 1.060821523357e+01 3.725076864551e+00
4.631000000000e+01  9.331839391398e+00 -8.720152399167e+00 1.064522204180e+01 3.676255126276e+00
4.632000000000e+01  9.244401498226e+00 -8.767356168892e+00 1.068174112178e+01 3.627531607149e+00
4.633000000000e+01  9.156492262468e+00 -8.814420538659e+00 1.071777350323e+01 3.578915808812e+00
4.634000000000e+01  9.068113054044e+00 -8.861350325680e+00 1.075332031044e+01 3.530417148744e+00
4.635000000000e+01  8.979265195191e+00 -8.908150248699e+00 1.078838276134e+01 3.482044933852e+00
4.636000000000e+01  8.889949961591e+00 -8.954824900517e+00 1.082296216622e+01 3.433808332774e+00
4.637000000000e+01  8.800168583771e+00 -9.001378719301e+00 1.085705992623e+01 3.385716346972e+00
4.638000000000e+01  8.709922248797e+00 -9.047815958791e+00 1.089067753156e+01 3.337777780723e+00
4.639000000000e+01  8.619212102273e+00 -9.094140657533e+00 1.092381655930e+01 3.290001210121e+00
4.640000000000e+01  8.528039250652e+00 -9.140356607269e+00 1.095647867097e+01 3.242394951262e+00
4.641000000000e+01  8.436404763867e+00 -9.186467320668e+00 1.098866560982e+01 3.194967027750e+00
4.642000000000e+01  8.344309678279e+00 -9.232475998579e+00 1.102037919772e+01 3.147725137734e+00
4.643000000000e+01  8.251754999969e+00 -9.278385497015e+00 1.105162133168e+01 3.100676620678e+00
4.644000000000e+01  8.158741708343e+00 -9.324198294103e+00 1.108239398020e+01 3.053828424094e+00
4.645000000000e+01  8.065270760082e+00 -9.369916457231e+00 1.111269917910e+01 3.007187070476e+00
4.646000000000e+01  7.971343093409e+00 -9.415541610679e+00 1.114253902713e+01 2.960758624711e+00
4.647000000000e+01  7.876959632676e+00 -9.461074903988e+00 1.117191568127e+01 2.914548662242e+00
4.648000000000e+01  7.782121293266e+00 -9.506516981370e+00 1.120083135162e+01 2.868562238260e+00
4.649000000000e+01  7.686828986796e+00 -9.551867952450e+00 1.122928829612e+01 2.822803858237e+00
4.650000000000e+01  7.591083626594e+00 -9.597127364642e+00 1.125728881485e+01 2.777277450089e+00
4.651000000000e+01  7.494886133455e+00 -9.642294177466e+00 1.128483524416e+01 2.731986338283e+00
4.652000000000e+01  7.398237441636e+00 -9.687366739098e+00 1.131192995051e+01 2.686933220176e+00
4.653000000000e+01  7.301138505074e+00 -9.732342765449e+00 1.133857532410e+01 2.642120144886e+00
4.654000000000e+01  7.203590303796e+00 -9.777219322044e+00 1.136477377226e+01 2.597548494964e+00
4.655000000000e+01  7.105593850505e+00 -9.821992808979e+00 1.139052771278e+01 2.553218971139e+00
4.656000000000e+01  7.007150197287e+00 -9.866658949165e+00 1.141583956695e+01 2.509131580362e+00
4.657000000000e+01  6.908260442425e+00 -9.911212780110e+00 1.144071175265e+01 2.465285627374e+00
4.658000000000e+01  6.808925737280e+00 -9.955648649380e+00 1.146514667723e+01 2.421679709968e+00
4.659000000000e+01  6.709147293188e+00 -9.999960213913e+00 1.148914673053e+01 2.378311718098e+00
4.660000000000e+01  6.608926388353e+00 -1.004414044329e+01 1.151271427774e+01 2.335178836942e+00
4.661000000000e+01  6.508264374686e+00 -1.008818162701e+01 1.153585165239e+01 2.292277553981e+00
4.662000000000e+01  6.407162684544e+00 -1.013207538583e+01 1.155856114950e+01 2.249603670126e+00
4.663000000000e+01  6.305622837347e+00 -1.017581268708e+01 1.158084501871e+01 2.207152314857e+00
4.664000000000e+01  6.203646446009e+00 -1.021938386400e+01 1.160270545770e+01 2.164917965325e+00
4.665000000000e+01  6.101235223171e+00 -1.026277863886e+01 1.162414460577e+01 2.122894469289e+00
4.666000000000e+01  5.998390987168e+00 -1.030598614976e+01 1.164516453769e+01 2.081075071737e+00
4.667000000000e+01  5.895115667728e+00 -1.034899498097e+01 1.166576725783e+01 2.039452444991e+00
4.668000000000e+01  5.791411311336e+00 -1.039179319644e+01 1.168595469454e+01 1.998018722054e+00
4.669000000000e+01  5.687280086256e+00 -1.043436837634e+01 1.170572869505e+01 1.956765532928e+00
4.670000000000e+01  5.582724287177e+00 -1.047670765621e+01 1.172509102051e+01 1.915684043590e+00
4.671000000000e+01  5.477746339445e+00 -1.051879776845e+01 1.174404334165e+01 1.874764997289e+00
4.672000000000e+01  5.372348802884e+00 -1.056062508582e+01 1.176258723472e+01 1.833998757819e+00
4.673000000000e+01  5.266534375163e+00 -1.060217566643e+01 1.178072417795e+01 1.793375354365e+00
4.674000000000e+01  5.160305894712e+00 -1.064343530005e+01 1.179845554840e+01 1.752884527574e+00
4.675000000000e+01  5.053666343171e+00 -1.068438955510e+01 1.181578261935e+01 1.712515776423e+00
4.676000000000e+01  4.946618847364e+00 -1.072502382623e+01 1.183270655806e+01 1.672258405517e+00
4.677000000000e+01  4.839166680803e+00 -1.076532338176e+01 1.184922842415e+01 1.632101572424e+00
4.678000000000e+01  4.731313264710e+00 -1.080527341091e+01 1.186534916828e+01 1.592034334669e+00
4.679000000000e+01  4.623062168582e+00 -1.084485907026e+01 1.188106963142e+01 1.552045696038e+00
4.680000000000e+01  4.514417110283e+00 -1.088406552922e+01 1.189639054454e+01 1.512124651848e+00
4.681000000000e+01  4.405381955702e+00 -1.092287801416e+01 1.191131252875e+01 1.472260232874e+00
4.682000000000e+01  4.295960717966e+00 -1.096128185085e+01 1.192583609584e+01 1.432441547644e+00
4.683000000000e+01  4.186157556246e+00 -1.099926250507e+01 1.193996164929e+01 1.392657822852e+00
4.684000000000e+01  4.075976774161e+00 -1.103680562111e+01 1.195368948562e+01 1.352898441663e+00
4.685000000000e+01  3.965422817816e+00 -1.107389705792e+01 1.196701979613e+01 1.313152979713e+00
4.686000000000e+01  3.854500273486e+00 -1.111052292289e+01 1.197995266904e+01 1.273411238661e+00
4.687000000000e+01  3.743213864973e+00 -1.114666960293e+01 1.199248809185e+01 1.233663277159e+00
4.688000000000e+01  3.631568450671e+00 -1.118232379301e+01 1.200462595406e+01 1.193899439154e+00
4.689000000000e+01  3.519569020356e+00 -1.121747252189e+01 1.201636605019e+01 1.154110379467e+00
4.690000000000e+01  3.407220691733e+00 -1.125210317509e+01 1.202770808297e+01 1.114287086610e+00
4.691000000000e+01  3.294528706766e+00 -1.128620351518e+01 1.203865166676e+01 1.074420902862e+00
4.692000000000e+01  3.181498427823e+00 -1.131976169926e+01 1.204919633123e+01 1.034503541608e+00
4.693000000000e+01  3.068135333653e+00 -1.135276629382e+01 1.205934152510e+01 9.945271020147e-01
4.694000000000e+01  2.954445015233e+00 -1.138520628697e+01 1.206908662006e+01 9.544840810933e-01
4.695000000000e+01  2.840433171504e+00 -1.141707109818e+01 1.207843091482e+01 9.143673832614e-01
4.696000000000e+01  2.726105605016e+00 -1.144835058558e+01 1.208737363920e+01 8.741703274963e-01
4.697000000000e+01  2.611468217523e+00 -1.147903505101e+01 1.209591395832e+01 8.338866522069e-01
4.698000000000e+01  2.496527005526e+00 -1.150911524292e+01 1.210405097677e+01 7.935105179537e-01
4.699000000000e+01  2.381288055805e+00 -1.153858235722e+01 1.211178374288e+01 7.530365081557e-01
4.700000000000e+01  2.265757540949e+00 -1.156742803627e+01 1.211911125292e+01 7.124596279296e-01
4.701000000000e+01  2.149941714905e+00 -1.159564436620e+01 1.212603245530e+01 6.717753012101e-01
4.702000000000e+01  2.033846908562e+00 -1.162322387260e+01 1.213254625474e+01 6.309793663010e-01
4.703000000000e+01  1.917479525383e+00 -1.165015951481e+01 1.213865151638e+01 5.900680700063e-01
4.704000000000e+01  1.800846037107e+00 -1.167644467894e+01 1.214434706985e+01 5.490380604912e-01
4.705000000000e+01  1.683952979516e+00 -1.170207316977e+01 1.214963171322e+01 5.078863790159e-01
4.706000000000e+01  1.566806948298e+00 -1.172703920162e+01 1.215450421689e+01 4.666104506835e-01
4.707000000000e+01  1.449414594999e+00 -1.175133738846e+01 1.215896332738e+01 4.252080743367e-01
4.708000000000e+01  1.331782623082e+00 -1.177496273319e+01 1.216300777102e+01 3.836774117323e-01
4.709000000000e+01  1.213917784093e+00 -1.179791061638e+01 1.216663625750e+01 3.420169761145e-01
4.710000000000e+01  1.095826873942e+00 -1.182017678449e+01 1.216984748334e+01 3.002256203028e-01
4.711000000000e+01  9.775167293050e-01 -1.184175733778e+01 1.217264013526e+01 2.583025244001e-01
4.712000000000e+01  8.589942241506e-01 -1.186264871783e+01 1.217501289330e+01 2.162471832205e-01
4.713000000000e+01  7.402662663873e-01 -1.188284769495e+01 1.217696443401e+01 1.740593935280e-01
4.714000000000e+01  6.213397946404e-01 -1.190235135545e+01 1.217849343330e+01 1.317392411696e-01
4.715000000000e+01  5.022217751563e-01 -1.192115708891e+01 1.217959856938e+01 8.928708817778e-02
4.716000000000e+01  3.829191988330e-01 -1.193926257541e+01 1.218027852534e+01 4.670355991014e-02
4.717000000000e+01  2.634390783778e-01 -1.195666577299e+01 1.218053199182e+01 3.989532288115e-03
4.718000000000e+01  1.437884455910e-01 -1.197336490511e+01 1.218035766938e+01 -3.885388081283e-02
4.719000000000e+01  2.397434877232e-02 -1.198935844839e+01 1.217975427086e+01 -8.182533997374e-02
4.720000000000e+01  -9.599614975064e-02 -1.200464512063e+01 1.217872052355e+01 -1.249232924027e-01
4.721000000000e+01  -2.161159759748e-01 -1.201922386897e+01 1.217725517130e+01 -1.681459838304e-01
4.722000000000e+01  -3.363780464582e-01 -1.203309385850e+01 1.217535697643e+01 -2.114914701010e-01
4.723000000000e+01  -4.567752704440e-01 -1.204625446112e+01 1.217302472159e+01 -2.549576284344e-01
4.724000000000e+01  -5.773005518738e-01 -1.205870524470e+01 1.217025721152e+01 -2.985421683390e-01
4.725000000000e+01  -6.979467912964e-01 -1.207044596277e+01 1.216705327463e+01 -3.422426421602e-01
4.726000000000e+01  -8.187068876736e-01 -1.208147654436e+01 1.216341176455e+01 -3.860564552527e-01
4.727000000000e+01  -9.395737400867e-01 -1.209179708443e+01 1.215933156155e+01 -4.299808757682e-01
4.728000000000e+01  -1.060540249350e+00 -1.210140783455e+01 1.215481157384e+01 -4.740130440531e-01
4.729000000000e+01  -1.181599319533e+00 -1.211030919406e+01 1.214985073883e+01 -5.181499816544e-01
4.730000000000e+01  -1.302743859392e+00 -1.211850170152e+01 1.214444802428e+01 -5.623885999335e-01
4.731000000000e+01  -1.423966783729e+00 -1.212598602667e+01 1.213860242932e+01 -6.067257082903e-01
4.732000000000e+01  -1.545261014657e+00 -1.213276296268e+01 1.213231298547e+01 -6.511580220012e-01
4.733000000000e+01  -1.666619482804e+00 -1.213883341881e+01 1.212557875753e+01 -6.956821696782e-01
4.734000000000e+01  -1.788035128433e+00 -1.214419841347e+01 1.211839884441e+01 -7.402947003544e-01
4.735000000000e+01  -1.909500902508e+00 -1.214885906758e+01 1.211077237990e+01 -7.849920902058e-01
4.736000000000e+01  -2.031009767679e+00 -1.215281659834e+01 1.210269853335e+01 -8.297707489177e-01
4.737000000000e+01  -2.152554699223e+00 -1.215607231331e+01 1.209417651034e+01 -8.746270257061e-01
4.738000000000e+01  -2.274128685916e+00 -1.215862760486e+01 1.208520555319e+01 -9.195572150052e-01
4.739000000000e+01  -2.395724730856e+00 -1.216048394488e+01 1.207578494156e+01 -9.645575618319e-01
4.740000000000e+01  -2.517335852231e+00 -1.216164287987e+01 1.206591399287e+01 -1.009624266838e+00
4.741000000000e+01  -2.638955084045e+00 -1.216210602629e+01 1.205559206272e+01 -1.054753491064e+00
4.742000000000e+01  -2.760575476796e+00 -1.216187506616e+01 1.204481854530e+01 -1.099941360404e+00
4.743000000000e+01  -2.882190098107e+00 -1.216095174305e+01 1.203359287367e+01 -1.145183969796e+00
4.744000000000e+01  -3.003792033328e+00 -1.215933785820e+01 1.202191452010e+01 -1.190477387147e+00
4.745000000000e+01  -3.125374386090e+00 -1.215703526695e+01 1.200978299627e+01 -1.235817657008e+00
4.746000000000e+01  -3.246930278832e+00 -1.215404587545e+01 1.199719785354e+01 -1.281200804006e+00
4.747000000000e+01  -3.368452853293e+00 -1.215037163751e+01 1.198415868310e+01 -1.326622836050e+00
4.748000000000e+01  -3.489935270975e+00 -1.214601455174e+01 1.197066511612e+01 -1.372079747320e+00
4.749000000000e+01  -3.611370713575e+00 -1.214097665884e+01 1.195671682389e+01 -1.417567521044e+00
4.750000000000e+01  -3.732752383397e+00 -1.213526003914e+01 1.194231351791e+01 -1.463082132084e+00
4.751000000000e+01  -3.854073503733e+00 -1.212886681026e+01 1.192745494997e+01 -1.508619549338e+00
4.752000000000e+01  -3.975327319229e+00 -1.212179912502e+01 1.191214091218e+01 -1.554175737961e+00
4.753000000000e+01  -4.096507096225e+00 -1.211405916943e+01 1.189637123700e+01 -1.599746661425e+00
4.754000000000e+01  -4.217606123076e+00 -1.210564916090e+01 1.188014579727e+01 -1.645328283415e+00
4.755000000000e+01  -4.338617710462e+00 -1.209657134659e+01 1.186346450616e+01 -1.690916569590e+00
4.756000000000e+01  -4.459535191677e+00 -1.208682800184e+01 1.184632731721e+01 -1.736507489191e+00
4.757000000000e+01  -4.580351922898e+00 -1.207642142880e+01 1.182873422419e+01 -1.782097016525e+00
4.758000000000e+01  -4.701061283456e+00 -1.206535395517e+01 1.181068526113e+01 -1.827681132329e+00
4.759000000000e+01  -4.821656676079e+00 -1.205362793298e+01 1.179218050220e+01 -1.873255825007e+00
4.760000000000e+01  -4.942131527130e+00 -1.204124573760e+01 1.177322006165e+01 -1.918817091770e+00
4.761000000000e+01  -5.062479286841e+00 -1.202820976673e+01 1.175380409370e+01 -1.964360939669e+00
4.762000000000e+01  -5.182693429527e+00 -1.201452243959e+01 1.173393279245e+01 -2.009883386528e+00
4.763000000000e+01  -5.302767453798e+00 -1.200018619611e+01 1.171360639177e+01 -2.055380461798e+00
4.764000000000e+01  -5.422694882765e+00 -1.198520349625e+01 1.169282516516e+01 -2.100848207316e+00
4.765000000000e+01  -5.542469264235e+00 -1.196957681938e+01 1.167158942565e+01 -2.146282677992e+00
4.766000000000e+01  -5.662084170904e+00 -1.195330866378e+01 1.164989952565e+01 -2.191679942422e+00
4.767000000000e+01  -5.781533200542e+00 -1.193640154608e+01 1.162775585680e+01 -2.237036083433e+00
4.768000000000e+01  -5.900809976176e+00 -1.191885800095e+01 1.160515884985e+01 -2.282347198559e+00
4.769000000000e+01  -6.019908146267e+00 -1.190068058066e+01 1.158210897450e+01 -2.327609400466e+00
4.770000000000e+01  -6.138821384886e+00 -1.188187185483e+01 1.155860673925e+01 -2.372818817315e+00
4.771000000000e+01  -6.257543391886e+00 -1.186243441015e+01 1.153465269122e+01 -2.417971593075e+00
4.772000000000e+01  -6.376067893072e+00 -1.184237085019e+01 1.151024741603e+01 -2.463063887789e+00
4.773000000000e+01  -6.494388640367e+00 -1.182168379525e+01 1.148539153762e+01 -2.508091877796e+00
4.774000000000e+01  -6.612499411981e+00 -1.180037588220e+01 1.146008571806e+01 -2.553051755907e+00
4.775000000000e+01  -6.730394012575e+00 -1.177844976446e+01 1.143433065743e+01 -2.597939731551e+00
4.776000000000e+01  -6.848066273426e+00 -1.175590811186e+01 1.140812709363e+01 -2.642752030875e+00
4.777000000000e+01  -6.965510052593e+00 -1.173275361071e+01 1.138147580221e+01 -2.687484896819e+00
4.778000000000e+01  -7.082719235080e+00 -1.170898896375e+01 1.135437759620e+01 -2.732134589156e+00
4.779000000000e+01  -7.199687733000e+00 -1.168461689023e+01 1.132683332598e+01 -2.776697384504e+00
4.780000000000e+01  -7.316409485742e+00 -1.165964012592e+01 1.129884387903e+01 -2.821169576316e+00
4.781000000000e+01  -7.432878460136e+00 -1.163406142325e+01 1.127041017985e+01 -2.865547474839e+00
4.782000000000e+01  -7.549088650621e+00 -1.160788355138e+01 1.124153318974e+01 -2.909827407056e+00
4.783000000000e+01  -7.665034079411e+00 -1.158110929632e+01 1.121221390665e+01 -2.954005716603e+00
4.784000000000e+01  -7.780708796664e+00 -1.155374146112e+01 1.118245336501e+01 -2.998078763671e+00
4.785000000000e+01  -7.896106880657e+00 -1.152578286595e+01 1.115225263556e+01 -3.042042924888e+00
4.786000000000e+01  -8.011222437955e+00 -1.149723634835e+01 1.112161282521e+01 -3.085894593188e+00
4.787000000000e+01  -8.126049603584e+00 -1.146810476337e+01 1.109053507684e+01 -3.129630177656e+00
4.788000000000e+01  -8.240582541211e+00 -1.143839098377e+01 1.105902056917e+01 -3.173246103373e+00
4.789000000000e+01  -8.354815443321e+00 -1.140809790023e+01 1.102707051658e+01 -3.216738811236e+00
4.790000000000e+01  -8.468742531394e+00 -1.137722842161e+01 1.099468616898e+01 -3.260104757776e+00
4.791000000000e+01  -8.582358056093e+00 -1.134578547511e+01 1.096186881163e+01 -3.303340414958e+00
4.792000000000e+01  -8.695656297446e+00 -1.131377200654e+01 1.092861976499e+01 -3.346442269976e+00
4.793000000000e+01  -8.808631565032e+00 -1.128119098058e+01 1.089494038458e+01 -3.389406825036e+00
4.794000000000e+01  -8.921278198174e+00 -1.124804538098e+01 1.086083206081e+01 -3.432230597135e+00
4.795000000000e+01  -9.033590566128e+00 -1.121433821088e+01 1.082629621886e+01 -3.474910117829e+00
4.796000000000e+01  -9.145563068280e+00 -1.118007249302e+01 1.079133431852e+01 -3.517441932993e+00
4.797000000000e+01  -9.257190134344e+00 -1.114525126999e+01 1.075594785407e+01 -3.559822602581e+00
4.798000000000e+01  -9.368466224559e+00 -1.110987760458e+01 1.072013835408e+01 -3.602048700375e+00
4.799000000000e+01  -9.479385829896e+00 -1.107395457996e+01 1.068390738134e+01 -3.644116813728e+00
4.800000000000e+01  -9.589943472260e+00 -1.103748530000e+01 1.064725653271e+01 -3.686023543311e+00
4.801000000000e+01  -9.700133704700e+00 -1.100047288957e+01 1.061018743896e+01 -3.727765502842e+00
4.802000000000e+01  -9.809951111620e+00 -1.096292049476e+01 1.057270176466e+01 -3.769339318823e+00
4.803000000000e+01  -9.919390308992e+00 -1.092483128322e+01 1.053480120806e+01 -3.810741630269e+00
4.804000000000e+01  -1.002844594458e+01 -1.088620844438e+01 1.049648750096e+01 -3.851969088434e+00
4.805000000000e+01  -1.013711269814e+01 -1.084705518982e+01 1.045776240857e+01 -3.893018356532e+00
4.806000000000e+01  -1.024538528166e+01 -1.080737475347e+01 1.041862772944e+01 -3.933886109462e+00
4.807000000000e+01  -1.035325843960e+01 -1.076717039195e+01 1.037908529530e+01 -3.974569033523e+00
4.808000000000e+01  -1.046072694907e+01 -1.072644538482e+01 1.033913697094e+01 -4.015063826131e+00
4.809000000000e+01  -1.056778562011e+01 -1.068520303493e+01 1.029878465416e+01 -4.055367195534e+00
4.810000000000e+01  -1.067442929591e+01 -1.064344666860e+01 1.025803027559e+01 -4.095475860525e+00
4.811000000000e+01  -1.078065285303e+01 -1.060117963603e+01 1.021687579864e+01 -4.135386550155e+00
4.812000000000e+01  -1.088645120166e+01 -1.055840531147e+01 1.017532321939e+01 -4.175096003438e+00
4.813000000000e+01  -1.099181928586e+01 -1.051512709361e+01 1.013337456645e+01 -4.214600969068e+00
4.814000000000e+01  -1.109675208379e+01 -1.047134840577e+01 1.009103190093e+01 -4.253898205119e+00
4.815000000000e+01  -1.120124460796e+01 -1.042707269626e+01 1.004829731629e+01 -4.292984478758e+00
4.816000000000e+01  -1.130529190551e+01 -1.038230343862e+01 1.000517293828e+01 -4.331856565951e+00
4.817000000000e+01  -1.140888905844e+01 -1.033704413192e+01 9.961660924861e+00 -4.370511251167e+00
4.818000000000e+01  -1.151203118386e+01 -1.029129830102e+01 9.917763466088e+00 -4.408945327085e+00
4.819000000000e+01  -1.161471343426e+01 -1.024506949687e+01 9.873482784065e+00 -4.447155594302e+00
4.820000000000e+01  -1.171693099778e+01 -1.019836129678e+01 9.828821132845e+00 -4.485138861034e+00
4.821000000000e+01  -1.181867909845e+01 -1.015117730471e+01 9.783780798366e+00 -4.522891942826e+00
4.822000000000e+01  -1.191995299650e+01 -1.010352115150e+01 9.738364098372e+00 -4.560411662257e+00
4.823000000000e+01  -1.202074798858e+01 -1.005539649520e+01 9.692573382351e+00 -4.597694848644e+00
4.824000000000e+01  -1.212105940807e+01 -1.000680702129e+01 9.646411031464e+00 -4.634738337750e+00
4.825000000000e+01  -1.222088262535e+01 -9.957756442983e+00 9.599879458482e+00 -4.671538971493e+00
4.826000000000e+01  -1.232021304805e+01 -9.908248501474e+00 9.552981107732e+00 -4.708093597653e+00
4.827000000000e+01  -1.241904612138e+01 -9.858286966202e+00 9.505718455032e+00 -4.744399069580e+00
4.828000000000e+01  -1.251737732836e+01 -9.807875635111e+00 9.458094007641e+00 -4.780452245907e+00
4.829000000000e+01  -1.261520219016e+01 -9.757018334911e+00 9.410110304207e+00 -4.816249990260e+00
4.830000000000e+01  -1.271251626635e+01 -9.705718921324e+00 9.361769914718e+00 -4.851789170973e+00
4.831000000000e+01  -1.280931515519e+01 -9.653981279340e+00 9.313075440458e+00 -4.887066660802e+00
4.832000000000e+01  -1.290559449396e+01 -9.601809323461e+00 9.264029513962e+00 -4.922079336644e+00
4.833000000000e+01  -1.300134995922e+01 -9.549206997942e+00 9.214634798976e+00 -4.956824079256e+00
4.834000000000e+01  -1.309657726714e+01 -9.496178277027e+00 9.164893990422e+00 -4.991297772976e+00
4.835000000000e+01  -1.319127217376e+01 -9.442727165188e+00 9.114809814361e+00 -5.025497305454e+00
4.836000000000e+01  -1.328543047533e+01 -9.388857697346e+00 9.064385027963e+00 -5.059419567375e+00
4.837000000000e+01  -1.337904800860e+01 -9.334573939101e+00 9.013622419478e+00 -5.093061452195e+00
4.838000000000e+01  -1.347212065114e+01 -9.279879986941e+00 8.962524808208e+00 -5.126419855877e+00
4.839000000000e+01  -1.356464432162e+01 -9.224779968461e+00 8.911095044485e+00 -5.159491676633e+00
4.840000000000e+01  -1.365661498017e+01 -9.169278042559e+00 8.859336009649e+00 -5.192273814670e+00
4.841000000000e+01  -1.374802862864e+01 -9.113378399642e+00 8.807250616029e+00 -5.224763171941e+00
4.842000000000e+01  -1.383888131096e+01 -9.057085261809e+00 8.754841806927e+00 -5.256956651904e+00
4.843000000000e+01  -1.392916911344e+01 -9.000402883033e+00 8.702112556604e+00 -5.288851159287e+00
4.844000000000e+01  -1.401888816507e+01 -8.943335549338e+00 8.649065870270e+00 -5.320443599859e+00
4.845000000000e+01  -1.410803463789e+01 -8.885887578957e+00 8.595704784071e+00 -5.351730880208e+00
4.846000000000e+01  -1.419660474727e+01 -8.828063322489e+00 8.542032365087e+00 -5.382709907532e+00
4.847000000000e+01  -1.428459475224e+01 -8.769867163038e+00 8.488051711321e+00 -5.413377589436e+00
4.848000000000e+01  -1.437200095584e+01 -8.711303516345e+00 8.433765951702e+00 -5.443730833734e+00
4.849000000000e+01  -1.445881970543e+01 -8.652376830907e+00 8.379178246079e+00 -5.473766548278e+00
4.850000000000e+01  -1.454504739300e+01 -8.593091588079e+00 8.324291785224e+00 -5.503481640776e+00
4.851000000000e+01  -1.463068045555e+01 -8.533452302168e+00 8.269109790833e+00 -5.532873018646e+00
4.852000000000e+01  -1.471571537537e+01 -8.473463520504e+00 8.213635515530e+00 -5.561937588863e+00
4.853000000000e+01  -1.480014868038e+01 -8.413129823500e+00 8.157872242873e+00 -5.590672257838e+00
4.854000000000e+01  -1.488397694450e+01 -8.352455824695e+00 8.101823287360e+00 -5.619073931301e+00
4.855000000000e+01  -1.496719678790e+01 -8.291446170773e+00 8.045491994434e+00 -5.647139514210e+00
4.856000000000e+01  -1.504980487745e+01 -8.230105541565e+00 7.988881740493e+00 -5.674865910671e+00
4.857000000000e+01  -1.513179792692e+01 -8.168438650034e+00 7.931995932899e+00 -5.702250023880e+00
4.858000000000e+01  -1.521317269742e+01 -8.106450242228e+00 7.874838009988e+00 -5.729288756092e+00
4.859000000000e+01  -1.529392599767e+01 -8.044145097213e+00 7.817411441078e+00 -5.755979008607e+00
4.860000000000e+01  -1.537405468433e+01 -7.981528026986e+00 7.759719726476e+00 -5.782317681780e+00
4.861000000000e+01  -1.545355566238e+01 -7.918603876348e+00 7.701766397494e+00 -5.808301675059e+00
4.862000000000e+01  -1.553242588538e+01 -7.855377522758e+00 7.643555016452e+00 -5.833927887054e+00
4.863000000000e+01  -1.561066235584e+01 -7.791853876150e+00 7.585089176687e+00 -5.859193215631e+00
4.864000000000e+01  -1.568826212553e+01 -7.728037878720e+00 7.526372502563e+00 -5.884094558039e+00
4.865000000000e+01  -1.576522229580e+01 -7.663934504675e+00 7.467408649471e+00 -5.908628811072e+00
4.866000000000e+01  -1.584154001790e+01 -7.599548759945e+00 7.408201303837e+00 -5.932792871268e+00
4.867000000000e+01  -1.591721249330e+01 -7.534885681859e+00 7.348754183122e+00 -5.956583635142e+00
4.868000000000e+01  -1.599223697400e+01 -7.469950338768e+00 7.289071035820e+00 -5.979997999465e+00
4.869000000000e+01  -1.606661076283e+01 -7.404747829640e+00 7.229155641456e+00 -6.003032861585e+00
4.870000000000e+01  -1.614033121376e+01 -7.339283283590e+00 7.169011810575e+00 -6.025685119788e+00
4.871000000000e+01  -1.621339573222e+01 -7.273561859374e+00 7.108643384733e+00 -6.047951673717e+00
4.872000000000e+01  -1.628580177535e+01 -7.207588744822e+00 7.048054236482e+00 -6.069829424836e+00
4.873000000000e+01  -1.635754685231e+01 -7.141369156217e+00 6.987248269346e+00 -6.091315276949e+00
4.874000000000e+01  -1.642862852458e+01 -7.074908337616e+00 6.926229417797e+00 -6.112406136780e+00
4.875000000000e+01  -1.649904440620e+01 -7.008211560108e+00 6.865001647222e+00 -6.133098914609e+00
4.876000000000e+01  -1.656879216406e+01 -6.941284121008e+00 6.803568953886e+00 -6.153390524974e+00
4.877000000000e+01  -1.663786951814e+01 -6.874131342983e+00 6.741935364881e+00 -6.173277887444e+00
4.878000000000e+01  -1.670627424180e+01 -6.806758573096e+00 6.680104938075e+00 -6.192757927456e+00
4.879000000000e+01  -1.677400416194e+01 -6.739171181793e+00 6.618081762047e+00 -6.211827577228e+00
4.880000000000e+01  -1.684105715931e+01 -6.671374561789e+00 6.555869956017e+00 -6.230483776759e+00
4.881000000000e+01  -1.690743116869e+01 -6.603374126887e+00 6.493473669760e+00 -6.248723474900e+00
4.882000000000e+01  -1.697312417909e+01 -6.535175310699e+00 6.430897083511e+00 -6.266543630513e+00
4.883000000000e+01  -1.703813423394e+01 -6.466783565280e+00 6.368144407863e+00 -6.283941213731e+00
4.884000000000e+01  -1.710245943129e+01 -6.398204359667e+00 6.305219883642e+00 -6.300913207295e+00
4.885000000000e+01  -1.716609792396e+01 -6.329443178315e+00 6.242127781779e+00 -6.317456608005e+00
4.886000000000e+01  -1.722904791967e+01 -6.260505519430e+00 6.178872403156e+00 -6.333568428267e+00
4.887000000000e+01  -1.729130768118e+01 -6.191396893194e+00 6.115458078448e+00 -6.349245697742e+00
4.888000000000e+01  -1.735287552643e+01 -6.122122819877e+00 6.051889167937e+00 -6.364485465120e+00
4.889000000000e+01  -1.741374982857e+01 -6.052688827831e+00 5.988170061312e+00 -6.379284799998e+00
4.890000000000e+01  -1.747392901608e+01 -5.983100451360e+00 5.924305177454e+00 -6.393640794884e+00
4.891000000000e+01  -1.753341157280e+01 -5.913363228471e+00 5.860298964194e+00 -6.407550567322e+00
4.892000000000e+01  -1.759219603796e+01 -5.843482698486e+00 5.796155898049e+00 -6.421011262151e+00
4.893000000000e+01  -1.765028100618e+01 -5.773464399526e+00 5.731880483940e+00 -6.434020053897e+00
4.894000000000e+01  -1.770766512742e+01 -5.703313865847e+00 5.667477254884e+00 -6.446574149295e+00
4.895000000000e+01  -1.776434710698e+01 -5.633036625047e+00 5.602950771654e+00 -6.458670789964e+00
4.896000000000e+01  -1.782032570537e+01 -5.562638195108e+00 5.538305622418e+00 -6.470307255220e+00
4.897000000000e+01  -1.787559973821e+01 -5.492124081305e+00 5.473546422351e+00 -6.481480865042e+00
4.898000000000e+01  -1.793016807612e+01 -5.421499772945e+00 5.408677813205e+00 -6.492188983190e+00
4.899000000000e+01  -1.798402964449e+01 -5.350770739958e+00 5.343704462862e+00 -6.502429020481e+00
4.900000000000e+01  -1.803718342330e+01 -5.279942429323e+00 5.278631064843e+00 -6.512198438225e+00
4.901000000000e+01  -1.808962844688e+01 -5.209020261330e+00 5.213462337786e+00 -6.521494751817e+00
4.902000000000e+01  -1.814136380360e+01 -5.138009625677e+00 5.148203024884e+00 -6.530315534508e+00
4.903000000000e+01  -1.819238863556e+01 -5.066915877398e+00 5.082857893291e+00 -6.538658421327e+00
4.904000000000e+01  -1.824270213819e+01 -4.995744332622e+00 5.017431733480e+00 -6.546521113182e+00
4.905000000000e+01  -1.829230355991e+01 -4.924500264161e+00 4.951929358564e+00 -6.553901381124e+00
4.906000000000e+01  -1.834119220160e+01 -4.853188896930e+00 4.886355603574e+00 -6.560797070788e+00
4.907000000000e+01  -1.838936741612e+01 -4.781815403189e+00 4.820715324689e+00 -6.567206106992e+00
4.908000000000e+01  -1.843682860778e+01 -4.710384897627e+00 4.755013398418e+00 -6.573126498513e+00
4.909000000000e+01  -1.848357523173e+01 -4.638902432268e+00 4.689254720739e+00 -6.578556343027e+00
4.910000000000e+01  -1.852960679328e+01 -4.567372991220e+00 4.623444206184e+00 -6.583493832212e+00
4.911000000000e+01  -1.857492284722e+01 -4.495801485256e+00 4.557586786872e+00 -6.587937257008e+00
4.912000000000e+01  -1.861952299708e+01 -4.424192746248e+00 4.491687411487e+00 -6.591885013037e+00
4.913000000000e+01  -1.866340689424e+01 -4.352551521438e+00 4.425751044208e+00 -6.595335606168e+00
4.914000000000e+01  -1.870657423714e+01 -4.280882467578e+00 4.359782663575e+00 -6.598287658230e+00
4.915000000000e+01  -1.874902477029e+01 -4.209190144924e+00 4.293787261300e+00 -6.600739912851e+00
4.916000000000e+01  -1.879075828328e+01 -4.137479011113e+00 4.227769841021e+00 -6.602691241432e+00
4.917000000000e+01  -1.883177460975e+01 -4.065753414913e+00 4.161735416992e+00 -6.604140649228e+00
4.918000000000e+01  -1.887207362624e+01 -3.994017589879e+00 4.095689012714e+00 -6.605087281535e+00
4.919000000000e+01  -1.891165525101e+01 -3.922275647918e+00 4.029635659505e+00 -6.605530429963e+00
4.920000000000e+01  -1.895051944283e+01 -3.850531572771e+00 3.963580395002e+00 -6.605469538790e+00
4.921000000000e+01  -1.898866619960e+01 -3.778789213444e+00 3.897528261604e+00 -6.604904211363e+00
4.922000000000e+01  -1.902609555702e+01 -3.707052277599e+00 3.831484304851e+00 -6.603834216547e+00
4.923000000000e+01  -1.906280758713e+01 -3.635324324917e+00 3.765453571731e+00 -6.602259495188e+00
4.924000000000e+01  -1.909880239677e+01 -3.563608760468e+00 3.699441108935e+00 -6.600180166580e+00
4.925000000000e+01  -1.913408012606e+01 -3.491908828107e+00 3.633451961033e+00 -6.597596534899e+00
4.926000000000e+01  -1.916864094669e+01 -3.420227603906e+00 3.567491168600e+00 -6.594509095596e+00
4.927000000000e+01  -1.920248506026e+01 -3.348567989675e+00 3.501563766266e+00 -6.590918541710e+00
4.928000000000e+01  -1.923561269647e+01 -3.276932706577e+00 3.435674780714e+00 -6.586825770077e+00
4.929000000000e+01  -1.926802411131e+01 -3.205324288874e+00 3.369829228608e+00 -6.582231887407e+00
4.930000000000e+01  -1.929971958514e+01 -3.133745077843e+00 3.304032114465e+00 -6.577138216204e+00
4.931000000000e+01  -1.933069942073e+01 -3.062197215874e+00 3.238288428470e+00 -6.571546300479e+00
4.932000000000e+01  -1.936096394127e+01 -2.990682640804e+00 3.172603144235e+00 -6.565457911243e+00
4.933000000000e+01  -1.939051348827e+01 -2.919203080516e+00 3.106981216497e+00 -6.558875051735e+00
4.934000000000e+01  -1.941934841945e+01 -2.847760047822e+00 3.041427578777e+00 -6.551799962353e+00
4.935000000000e+01  -1.944746910653e+01 -2.776354835694e+00 2.975947140983e+00 -6.544235125247e+00
4.936000000000e+01  -1.947487593309e+01 -2.704988512853e+00 2.910544786971e+00 -6.536183268542e+00
4.937000000000e+01  -1.950156929220e+01 -2.633661919775e+00 2.845225372066e+00 -6.527647370160e+00
4.938000000000e+01  -1.952754958422e+01 -2.562375665130e+00 2.779993720550e+00 -6.518630661185e+00
4.939000000000e+01  -1.955281721439e+01 -2.491130122714e+00 2.714854623112e+00 -6.509136628759e+00
4.940000000000e+01  -1.957737259054e+01 -2.419925428887e+00 2.649812834277e+00 -6.499169018448e+00
4.941000000000e+01  -1.960121612062e+01 -2.348761480572e+00 2.584873069815e+00 -6.488731836062e+00
4.942000000000e+01  -1.962434821037e+01 -2.277637933839e+00 2.520040004128e+00 -6.477829348880e+00
4.943000000000e+01  -1.964676926089e+01 -2.206554203110e+00 2.455318267636e+00 -6.466466086261e+00
4.944000000000e+01  -1.966847966619e+01 -2.135509461018e+00 2.390712444155e+00 -6.454646839591e+00
4.945000000000e+01  -1.968947981083e+01 -2.064502638948e+00 2.326227068280e+00 -6.442376661551e+00
4.946000000000e+01  -1.970977006747e+01 -1.993532428291e+00 2.261866622780e+00 -6.429660864678e+00
4.947000000000e+01  -1.972935079447e+01 -1.922597282426e+00 2.197635536010e+00 -6.416505019183e+00
4.948000000000e+01  -1.974822233359e+01 -1.851695419465e+00 2.133538179349e+00 -6.402914950016e+00
4.949000000000e+01  -1.976638500759e+01 -1.780824825766e+00 2.069578864672e+00 -6.388896733157e+00
4.950000000000e+01  -1.978383911795e+01 -1.709983260240e+00 2.005761841859e+00 -6.374456691115e+00
4.951000000000e+01  -1.980058494265e+01 -1.639168259455e+00 1.942091296361e+00 -6.359601387630e+00
4.952000000000e+01  -1.981662273392e+01 -1.568377143541e+00 1.878571346814e+00 -6.344337621566e+00
4.953000000000e+01  -1.983195271617e+01 -1.497607022906e+00 1.815206042724e+00 -6.328672420000e+00
4.954000000000e+01  -1.984657508390e+01 -1.426854805751e+00 1.751999362226e+00 -6.312613030507e+00
4.955000000000e+01  -1.986048999971e+01 -1.356117206387e+00 1.688955209915e+00 -6.296166912646e+00
4.956000000000e+01  -1.987369759244e+01 -1.285390754321e+00 1.626077414780e+00 -6.279341728665e+00
4.957000000000e+01  -1.988619795531e+01 -1.214671804121e+00 1.563369728223e+00 -6.262145333448e+00
4.958000000000e+01  -1.989799114431e+01 -1.143956546003e+00 1.500835822187e+00 -6.244585763713e+00
4.959000000000e+01  -1.990907717655e+01 -1.073241017145e+00 1.438479287396e+00 -6.226671226502e+00
4.960000000000e+01  -1.991945602879e+01 -1.002521113663e+00 1.376303631713e+00 -6.208410086995e+00
4.961000000000e+01  -1.992912763612e+01 -9.317926032369e-01 1.314312278623e+00 -6.189810855689e+00
4.962000000000e+01  -1.993809189075e+01 -8.610511383215e-01 1.252508565845e+00 -6.170882174970e+00
4.963000000000e+01  -1.994634864087e+01 -7.902922699062e-01 1.190895744084e+00 -6.151632805155e+00
4.964000000000e+01  -1.995389768977e+01 -7.195114617666e-01 1.129476975926e+00 -6.132071610029e+00
4.965000000000e+01  -1.996073879502e+01 -6.487041051517e-01 1.068255334873e+00 -6.112207541951e+00
4.966000000000e+01  -1.996687166778e+01 -5.778655338467e-01 1.007233804540e+00 -6.092049626582e+00
4.967000000000e+01  -1.997229597238e+01 -5.069910395465e-01 9.464152779926e-01 -6.071606947303e+00
4.968000000000e+01  -1.997701132591e+01 -4.360758874760e-01 8.858025572562e-01 -6.050888629383e+00
4.969000000000e+01  -1.998101729806e+01 -3.651153321860e-01 8.253983529719e-01 -6.029903823972e+00
4.970000000000e+01  -1.998431341110e+01 -2.941046334570e-01 7.652052842205e-01 -6.008661691987e+00
4.971000000000e+01  -1.998689913998e+01 -2.230390722379e-01 7.052258785052e-01 -5.987171387959e+00
4.972000000000e+01  -1.998877391269e+01 -1.519139665484e-01 6.454625718962e-01 -5.965442043917e+00
4.973000000000e+01  -1.998993711062e+01 -8.072468727411e-02 5.859177093352e-01 -5.943482753383e+00
4.974000000000e+01  -1.999038806923e+01 -9.466673782085e-03 5.265935451004e-01 -5.921302555534e+00
4.975000000000e+01  -1.999012607880e+01 6.186455071269e-02 4.674922434273e-01 -5.898910419629e+00
4.976000000000e+01  -1.998915038531e+01 1.332733640975e-01 4.086158792844e-01 -5.876315229738e+00
4.977000000000e+01  -1.998746019157e+01 2.047640306949e-01 3.499664392996e-01 -5.853525769859e+00
4.978000000000e+01  -1.998505465834e+01 2.763406870420e-01 2.915458228329e-01 -5.830550709480e+00
4.979000000000e+01  -1.998193290576e+01 3.480073281747e-01 2.333558431913e-01 -5.807398589647e+00
4.980000000000e+01  -1.997809401476e+01 4.197677944729e-01 1.753982289802e-01 -5.784077809589e+00
4.981000000000e+01  -1.997353702874e+01 4.916257591196e-01 1.176746255851e-01 -5.760596613957e+00
4.982000000000e+01  -1.996826095522e+01 5.635847162192e-01 6.018659677821e-02 -5.736963080725e+00
4.983000000000e+01  -1.996226476777e+01 6.356479696192e-01 2.935626441957e-03 -5.713185109791e+00
4.984000000000e+01  -1.995554740789e+01 7.078186224705e-01 -5.407687959680e-02 -5.689270412313e+00
4.985000000000e+01  -1.994810778713e+01 7.800995675614e-01 -1.108495916300e-01 -5.665226500826e+00
4.986000000000e+01  -1.993994478920e+01 8.524934784489e-01 -1.673812540365e-01 -5.641060680149e+00
4.987000000000e+01  -1.993105727219e+01 9.250028014109e-01 -2.236706831640e-01 -5.616780039113e+00
4.988000000000e+01  -1.992144407093e+01 9.976297482340e-01 -2.797167651313e-01 -5.592391443128e+00
4.989000000000e+01  -1.991110399931e+01 1.070376289848e+00 -3.355184535619e-01 -5.567901527594e+00
4.990000000000e+01  -1.990003585276e+01 1.143244150812e+00 -3.910747672544e-01 -5.543316692160e+00
4.991000000000e+01  -1.988823841071e+01 1.216234804651e+00 -4.463847878014e-01 -5.518643095839e+00
4.992000000000e+01  -1.987571043914e+01 1.289349470045e+00 -5.014476571622e-01 -5.493886652968e+00
4.993000000000e+01  -1.986245069313e+01 1.362589107843e+00 -5.562625752004e-01 -5.469053030004e+00
4.994000000000e+01  -1.984845791943e+01 1.435954418916e+00 -6.108287971930e-01 -5.444147643139e+00
4.995000000000e+01  -1.983373085911e+01 1.509445842801e+00 -6.651456313200e-01 -5.419175656727e+00
4.996000000000e+01  -1.981826825016e+01 1.583063557134e+00 -7.192124361420e-01 -5.394141982488e+00
4.997000000000e+01  -1.980206883008e+01 1.656807477841e+00 -7.730286180735e-01 -5.369051279466e+00
4.998000000000e+01  -1.978513133853e+01 1.730677260052e+00 -8.265936288598e-01 -5.343907954721e+00
4.999000000000e+01  -1.976745451991e+01 1.804672299713e+00 -8.799069630640e-01 -5.318716164713e+00
5.000000000000e+01  -1.974903712594e+01 1.878791735866e+00 -9.329681555710e-01 -5.293479817344e+00
5.001000000000e+01  -1.972987791823e+01 1.953034453543e+00 -9.857767791158e-01 -5.268202574636e+00
5.002000000000e+01  -1.970997567078e+01 2.027399087261e+00 -1.038332441840e+00 -5.242887855986e+00
5.003000000000e+01  -1.968932917250e+01 2.101884025058e+00 -1.090634784886e+00 -5.217538841976e+00
5.004000000000e+01  -1.966793722960e+01 2.176487413041e+00 -1.142683480030e+00 -5.192158478690e+00
5.005000000000e+01  -1.964579866803e+01 2.251207160402e+00 -1.194478227358e+00 -5.166749482499e+00
5.006000000000e+01  -1.962291233580e+01 2.326040944860e+00 -1.246018753001e+00 -5.141314345274e+00
5.007000000000e+01  -1.959927710529e+01 2.400986218494e+00 -1.297304806912e+00 -5.115855339984e+00
5.008000000000e+01  -1.957489187542e+01 2.476040213917e+00 -1.348336160709e+00 -5.090374526641e+00
5.009000000000e+01  -1.954975557389e+01 2.551199950758e+00 -1.399112605578e+00 -5.064873758547e+00
5.010000000000e+01  -1.952386715920e+01 2.626462242411e+00 -1.449633950235e+00 -5.039354688814e+00
5.011000000000e+01  -1.949722562273e+01 2.701823703011e+00 -1.499900018962e+00 -5.013818777104e+00
5.012000000000e+01  -1.946982999068e+01 2.777280754599e+00 -1.549910649705e+00 -4.988267296567e+00
5.013000000000e+01  -1.944167932594e+01 2.852829634450e+00 -1.599665692243e+00 -4.962701340927e+00
5.014000000000e+01  -1.941277272994e+01 2.928466402514e+00 -1.649165006431e+00 -4.937121831695e+00
5.015000000000e+01  -1.938310934433e+01 3.004186948945e+00 -1.698408460518e+00 -4.911529525465e+00
5.016000000000e+01  -1.935268835269e+01 3.079987001696e+00 -1.747395929526e+00 -4.885925021272e+00
5.017000000000e+01  -1.932150898209e+01 3.155862134134e+00 -1.796127293721e+00 -4.860308767974e+00
5.018000000000e+01  -1.928957050459e+01 3.231807772659e+00 -1.844602437141e+00 -4.834681071637e+00
5.019000000000e+01  -1.925687223869e+01 3.307819204296e+00 -1.892821246209e+00 -4.809042102893e+00
5.020000000000e+01  -1.922341355069e+01 3.383891584244e+00 -1.940783608412e+00 -4.783391904251e+00
5.021000000000e+01  -1.918919385595e+01 3.460019943348e+00 -1.988489411060e+00 -4.757730397339e+00
5.022000000000e+01  -1.915421262010e+01 3.536199195484e+00 -2.035938540108e+00 -4.732057390049e+00
5.023000000000e+01  -1.911846936019e+01 3.612424144841e+00 -2.083130879059e+00 -4.706372583587e+00
5.024000000000e+01  -1.908196364573e+01 3.688689493067e+00 -2.130066307927e+00 -4.680675579382e+00
5.025000000000e+01  -1.904469509971e+01 3.764989846286e+00 -2.176744702276e+00 -4.654965885868e+00
5.026000000000e+01  -1.900666339949e+01 3.841319721963e+00 -2.223165932324e+00 -4.629242925113e+00
5.027000000000e+01  -1.896786827767e+01 3.917673555595e+00 -2.269329862108e+00 -4.603506039274e+00
5.028000000000e+01  -1.892830952286e+01 3.994045707244e+00 -2.315236348719e+00 -4.577754496896e+00
5.029000000000e+01  -1.888798698042e+01 4.070430467880e+00 -2.360885241597e+00 -4.551987499015e+00
5.030000000000e+01  -1.884690055314e+01 4.146822065536e+00 -2.406276381883e+00 -4.526204185080e+00
5.031000000000e+01  -1.880505020177e+01 4.223214671273e+00 -2.451409601835e+00 -4.500403638684e+00
5.032000000000e+01  -1.876243594565e+01 4.299602404950e+00 -2.496284724292e+00 -4.474584893089e+00
5.033000000000e+01  -1.871905786313e+01 4.375979340782e+00 -2.540901562203e+00 -4.448746936561e+00
5.034000000000e+01  -1.867491609200e+01 4.452339512709e+00 -2.585259918201e+00 -4.422888717491e+00
5.035000000000e+01  -1.863001082992e+01 4.528676919553e+00 -2.629359584226e+00 -4.397009149320e+00
5.036000000000e+01  -1.858434233469e+01 4.604985529972e+00 -2.673200341203e+00 -4.371107115259e+00
5.037000000000e+01  -1.853791092457e+01 4.681259287212e+00 -2.716781958759e+00 -4.345181472801e+00
5.038000000000e+01  -1.849071697848e+01 4.757492113655e+00 -2.760104194990e+00 -4.319231058035e+00
5.039000000000e+01  -1.844276093619e+01 4.833677915171e+00 -2.803166796265e+00 -4.293254689763e+00
5.040000000000e+01  -1.839404329850e+01 4.909810585268e+00 -2.845969497075e+00 -4.267251173408e+00
5.041000000000e+01  -1.834456462728e+01 4.985884009051e+00 -2.888512019918e+00 -4.241219304744e+00
5.042000000000e+01  -1.829432554561e+01 5.061892066991e+00 -2.930794075218e+00 -4.215157873424e+00
5.043000000000e+01  -1.824332673775e+01 5.137828638504e+00 -2.972815361281e+00 -4.189065666325e+00
5.044000000000e+01  -1.819156894916e+01 5.213687605355e+00 -3.014575564284e+00 -4.162941470714e+00
5.045000000000e+01  -1.813905298645e+01 5.289462854874e+00 -3.056074358294e+00 -4.136784077235e+00
5.046000000000e+01  -1.808577971731e+01 5.365148283016e+00 -3.097311405315e+00 -4.110592282722e+00
5.047000000000e+01  -1.803175007043e+01 5.440737797238e+00 -3.138286355365e+00 -4.084364892850e+00
5.048000000000e+01  -1.797696503534e+01 5.516225319224e+00 -3.178998846572e+00 -4.058100724619e+00
5.049000000000e+01  -1.792142566229e+01 5.591604787454e+00 -3.219448505306e+00 -4.031798608691e+00
5.050000000000e+01  -1.786513306201e+01 5.666870159619e+00 -3.259634946319e+00 -4.005457391567e+00
5.051000000000e+01  -1.780808840558e+01 5.742015414891e+00 -3.299557772921e+00 -3.979075937625e+00
5.052000000000e+01  -1.775029292416e+01 5.817034556062e+00 -3.339216577163e+00 -3.952653131019e+00
5.053000000000e+01  -1.769174790875e+01 5.891921611538e+00 -3.378610940044e+00 -3.926187877447e+00
5.054000000000e+01  -1.763245470994e+01 5.966670637215e+00 -3.417740431738e+00 -3.899679105783e+00
5.055000000000e+01  -1.757241473760e+01 6.041275718229e+00 -3.456604611829e+00 -3.873125769599e+00
5.056000000000e+01  -1.751162946062e+01 6.115730970591e+00 -3.495203029570e+00 -3.846526848561e+00
5.057000000000e+01  -1.745010040653e+01 6.190030542708e+00 -3.533535224144e+00 -3.819881349723e+00
5.058000000000e+01  -1.738782916123e+01 6.264168616803e+00 -3.571600724951e+00 -3.793188308707e+00
5.059000000000e+01  -1.732481736863e+01 6.338139410234e+00 -3.609399051892e+00 -3.766446790791e+00
5.060000000000e+01  -1.726106673027e+01 6.411937176712e+00 -3.646929715678e+00 -3.739655891895e+00
5.061000000000e+01  -1.719657900497e+01 6.485556207437e+00 -3.684192218132e+00 -3.712814739483e+00
5.062000000000e+01  -1.713135600845e+01 6.558990832148e+00 -3.721186052517e+00 -3.685922493378e+00
5.063000000000e+01  -1.706539961292e+01 6.632235420082e+00 -3.757910703858e+00 -3.658978346496e+00
5.064000000000e+01  -1.699871174672e+01 6.705284380875e+00 -3.794365649280e+00 -3.631981525506e+00
5.065000000000e+01  -1.693129439388e+01 6.778132165374e+00 -3.830550358343e+00 -3.604931291418e+00
5.066000000000e+01  -1.686314959369e+01 6.850773266394e+00 -3.866464293395e+00 -3.577826940106e+00
5.067000000000e+01  -1.679427944032e+01 6.923202219410e+00 -3.902106909916e+00 -3.550667802766e+00
5.068000000000e+01  -1.672468608237e+01 6.995413603185e+00 -3.937477656879e+00 -3.523453246316e+00
5.069000000000e+01  -1.665437172243e+01 7.067402040346e+00 -3.972575977106e+00 -3.496182673746e+00
5.070000000000e+01  -1.658333861663e+01 7.139162197916e+00 -4.007401307629e+00 -3.468855524410e+00
5.071000000000e+01  -1.651158907423e+01 7.210688787783e+00 -4.041953080059e+00 -3.441471274277e+00
5.072000000000e+01  -1.643912545712e+01 7.281976567140e+00 -4.076230720949e+00 -3.414029436135e+00
5.073000000000e+01  -1.636595017941e+01 7.353020338876e+00 -4.110233652165e+00 -3.386529559752e+00
5.074000000000e+01  -1.629206570692e+01 7.423814951929e+00 -4.143961291258e+00 -3.358971232009e+00
5.075000000000e+01  -1.621747455680e+01 7.494355301612e+00 -4.177413051832e+00 -3.331354076986e+00
5.076000000000e+01  -1.614217929696e+01 7.564636329893e+00 -4.210588343919e+00 -3.303677756029e+00
5.077000000000e+01  -1.606618254569e+01 7.634653025662e+00 -4.243486574349e+00 -3.275941967776e+00
5.078000000000e+01  -1.598948697115e+01 7.704400424959e+00 -4.276107147127e+00 -3.248146448170e+00
5.079000000000e+01  -1.591209529088e+01 7.773873611186e+00 -4.308449463804e+00 -3.220290970438e+00
5.080000000000e+01  -1.583401027139e+01 7.843067715292e+00 -4.340512923848e+00 -3.192375345053e+00
5.081000000000e+01  -1.575523472761e+01 7.911977915942e+00 -4.372296925019e+00 -3.164399419677e+00
5.082000000000e+01  -1.567577152246e+01 7.980599439669e+00 -4.403800863737e+00 -3.136363079090e+00
5.083000000000e+01  -1.559562356633e+01 8.048927561006e+00 -4.435024135458e+00 -3.108266245098e+00
5.084000000000e+01  -1.551479381665e+01 8.116957602612e+00 -4.465966135039e+00 -3.080108876434e+00
5.085000000000e+01  -1.543328527739e+01 8.184684935384e+00 -4.496626257109e+00 -3.051890968647e+00
5.086000000000e+01  -1.535110099854e+01 8.252104978554e+00 -4.527003896434e+00 -3.023612553979e+00
5.087000000000e+01  -1.526824407567e+01 8.319213199789e+00 -4.557098448288e+00 -2.995273701242e+00
5.088000000000e+01  -1.518471764943e+01 8.386005115276e+00 -4.586909308814e+00 -2.966874515681e+00
5.089000000000e+01  -1.510052490508e+01 8.452476289806e+00 -4.616435875388e+00 -2.938415138836e+00
5.090000000000e+01  -1.501566907196e+01 8.518622336855e+00 -4.645677546985e+00 -2.909895748407e+00
5.091000000000e+01  -1.493015342305e+01 8.584438918659e+00 -4.674633724535e+00 -2.881316558110e+00
5.092000000000e+01  -1.484398127447e+01 8.649921746300e+00 -4.703303811283e+00 -2.852677817535e+00
5.093000000000e+01  -1.475715598496e+01 8.715066579777e+00 -4.731687213153e+00 -2.823979812012e+00
5.094000000000e+01  -1.466968095544e+01 8.779869228093e+00 -4.759783339096e+00 -2.795222862470e+00
5.095000000000e+01  -1.458155962848e+01 8.844325549339e+00 -4.787591601453e+00 -2.766407325306e+00
5.096000000000e+01  -1.449279548784e+01 8.908431450778e+00 -4.815111416302e+00 -2.737533592262e+00
5.097000000000e+01  -1.440339205793e+01 8.972182888949e+00 -4.842342203819e+00 -2.708602090298e+00
5.098000000000e+01  -1.431335290338e+01 9.035575869759e+00 -4.869283388621e+00 -2.679613281482e+00
5.099000000000e+01  -1.422268162850e+01 9.098606448598e+00 -4.895934400124e+00 -2.650567662884e+00
5.100000000000e+01  -1.413138187680e+01 9.161270730454e+00 -4.922294672887e+00 -2.621465766480e+00
5.101000000000e+01  -1.403945733049e+01 9.223564870042e+00 -4.948363646963e+00 -2.592308159065e+00
5.102000000000e+01  -1.394691170999e+01 9.285485071938e+00 -4.974140768249e+00 -2.563095442181e+00
5.103000000000e+01  -1.385374877340e+01 9.347027590730e+00 -4.999625488828e+00 -2.533828252049e+00
5.104000000000e+01  -1.375997231607e+01 9.408188731177e+00 -5.024817267320e+00 -2.504507259527e+00
5.105000000000e+01  -1.366558617000e+01 9.468964848387e+00 -5.049715569227e+00 -2.475133170063e+00
5.106000000000e+01  -1.357059420342e+01 9.529352347996e+00 -5.074319867276e+00 -2.445706723684e+00
5.107000000000e+01  -1.347500032024e+01 9.589347686378e+00 -5.098629641769e+00 -2.416228694982e+00
5.108000000000e+01  -1.337880845955e+01 9.648947370858e+00 -5.122644380928e+00 -2.386699893126e+00
5.109000000000e+01  -1.328202259511e+01 9.708147959947e+00 -5.146363581238e+00 -2.357121161889e+00
5.110000000000e+01  -1.318464673484e+01 9.766946063588e+00 -5.169786747793e+00 -2.327493379691e+00
5.111000000000e+01  -1.308668492031e+01 9.825338343430e+00 -5.192913394650e+00 -2.297817459661e+00
5.112000000000e+01  -1.298814122620e+01 9.883321513108e+00 -5.215743045167e+00 -2.268094349720e+00
5.113000000000e+01  -1.288901975979e+01 9.940892338551e+00 -5.238275232357e+00 -2.238325032679e+00
5.114000000000e+01  -1.278932466047e+01 9.998047638306e+00 -5.260509499237e+00 -2.208510526366e+00
5.115000000000e+01  -1.268906009913e+01 1.005478428388e+01 -5.282445399177e+00 -2.178651883763e+00
5.116000000000e+01  -1.258823027773e+01 1.011109920012e+01 -5.304082496254e+00 -2.148750193176e+00
5.117000000000e+01  -1.248683942866e+01 1.016698936556e+01 -5.325420365605e+00 -2.118806578421e+00
5.118000000000e+01  -1.238489181430e+01 1.022245181291e+01 -5.346458593784e+00 -2.088822199033e+00
5.119000000000e+01  -1.228239172641e+01 1.027748362939e+01 -5.367196779122e+00 -2.058798250506e+00
5.120000000000e+01  -1.217934348560e+01 1.033208195727e+01 -5.387634532084e+00 -2.028735964550e+00
5.121000000000e+01  -1.207575144079e+01 1.038624399432e+01 -5.407771475635e+00 -1.998636609379e+00
5.122000000000e+01  -1.197161996863e+01 1.043996699430e+01 -5.427607245607e+00 -1.968501490020e+00
5.123000000000e+01  -1.186695347296e+01 1.049324826755e+01 -5.447141491067e+00 -1.938331948658e+00
5.124000000000e+01  -1.176175638423e+01 1.054608518147e+01 -5.466373874692e+00 -1.908129364996e+00
5.125000000000e+01  -1.165603315892e+01 1.059847516119e+01 -5.485304073147e+00 -1.877895156660e+00
5.126000000000e+01  -1.154978827898e+01 1.065041569013e+01 -5.503931777463e+00 -1.847630779614e+00
5.127000000000e+01  -1.144302625122e+01 1.070190431068e+01 -5.522256693425e+00 -1.817337728623e+00
5.128000000000e+01  -1.133575160673e+01 1.075293862486e+01 -5.540278541964e+00 -1.787017537734e+00
5.129000000000e+01  -1.122796890028e+01 1.080351629502e+01 -5.557997059548e+00 -1.756671780798e+00
5.130000000000e+01  -1.111968270972e+01 1.085363504459e+01 -5.575411998587e+00 -1.726302072012e+00
5.131000000000e+01  -1.101089763534e+01 1.090329265886e+01 -5.592523127838e+00 -1.695910066511e+00
5.132000000000e+01  -1.090161829928e+01 1.095248698575e+01 -5.609330232815e+00 -1.665497460976e+00
5.133000000000e+01  -1.079184934486e+01 1.100121593667e+01 -5.625833116213e+00 -1.635065994289e+00
5.134000000000e+01  -1.068159543599e+01 1.104947748739e+01 -5.642031598327e+00 -1.604617448218e+00
5.135000000000e+01  -1.057086125649e+01 1.109726967893e+01 -5.657925517490e+00 -1.574153648136e+00
5.136000000000e+01  -1.045965150943e+01 1.114459061852e+01 -5.673514730509e+00 -1.543676463781e+00
5.137000000000e+01  -1.034797091647e+01 1.119143848054e+01 -5.688799113117e+00 -1.513187810050e+00
5.138000000000e+01  -1.023582421720e+01 1.123781150758e+01 -5.703778560424e+00 -1.482689647831e+00
5.139000000000e+01  -1.012321616842e+01 1.128370801145e+01 -5.718452987383e+00 -1.452183984875e+00
5.140000000000e+01  -1.001015154349e+01 1.132912637428e+01 -5.732822329263e+00 -1.421672876704e+00
5.141000000000e+01  -9.896635131547e+00 1.137406504966e+01 -5.746886542135e+00 -1.391158427561e+00
5.142000000000e+01  -9.782671736870e+00 1.141852256379e+01 -5.760645603357e+00 -1.360642791395e+00
5.143000000000e+01  -9.668266178087e+00 1.146249751666e+01 -5.774099512083e+00 -1.330128172897e+00
5.144000000000e+01  -9.553423287453e+00 1.150598858336e+01 -5.787248289773e+00 -1.299616828562e+00
5.145000000000e+01  -9.438147910094e+00 1.154899451527e+01 -5.800091980715e+00 -1.269111067802e+00
5.146000000000e+01  -9.322444903230e+00 1.159151414148e+01 -5.812630652562e+00 -1.238613254097e+00
5.147000000000e+01  -9.206319135399e+00 1.163354637007e+01 -5.824864396880e+00 -1.208125806187e+00
5.148000000000e+01  -9.089775485653e+00 1.167509018955e+01 -5.836793329702e+00 -1.177651199305e+00
5.149000000000e+01  -8.972818842752e+00 1.171614467031e+01 -5.848417592105e+00 -1.147191966449e+00
5.150000000000e+01  -8.855454104332e+00 1.175670896607e+01 -5.859737350790e+00 -1.116750699698e+00
5.151000000000e+01  -8.737686176072e+00 1.179678231543e+01 -5.870752798681e+00 -1.086330051569e+00
5.152000000000e+01  -8.619519970829e+00 1.183636404342e+01 -5.881464155537e+00 -1.055932736404e+00
5.153000000000e+01  -8.500960407772e+00 1.187545356306e+01 -5.891871668577e+00 -1.025561531810e+00
5.154000000000e+01  -8.382012411490e+00 1.191405037706e+01 -5.901975613120e+00 -9.952192801283e-01
5.155000000000e+01  -8.262680911090e+00 1.195215407944e+01 -5.911776293238e+00 -9.649088899375e-01
5.156000000000e+01  -8.142970839272e+00 1.198976435723e+01 -5.921274042430e+00 -9.346333376015e-01
5.157000000000e+01  -8.022887131393e+00 1.202688099223e+01 -5.930469224304e+00 -9.043956688430e-01
5.158000000000e+01  -7.902434724510e+00 1.206350386277e+01 -5.939362233281e+00 -8.741990003518e-01
5.159000000000e+01  -7.781618556402e+00 1.209963294547e+01 -5.947953495312e+00 -8.440465214218e-01
5.160000000000e+01  -7.660443564585e+00 1.213526831712e+01 -5.956243468612e+00 -8.139414956147e-01
5.161000000000e+01  -7.538914685296e+00 1.217041015646e+01 -5.964232644412e+00 -7.838872624468e-01
5.162000000000e+01  -7.417036852463e+00 1.220505874606e+01 -5.971921547726e+00 -7.538872390969e-01
5.163000000000e+01  -7.294814996664e+00 1.223921447420e+01 -5.979310738138e+00 -7.239449221296e-01
5.164000000000e+01  -7.172254044052e+00 1.227287783677e+01 -5.986400810602e+00 -6.940638892314e-01
5.165000000000e+01  -7.049358915277e+00 1.230604943913e+01 -5.993192396264e+00 -6.642478009528e-01
5.166000000000e+01  -6.926134524376e+00 1.233872999800e+01 -5.999686163299e+00 -6.345004024536e-01
5.167000000000e+01  -6.802585777654e+00 1.237092034340e+01 -6.005882817766e+00 -6.048255252423e-01
5.168000000000e+01  -6.678717572541e+00 1.240262142044e+01 -6.011783104477e+00 -5.752270889061e-01
5.169000000000e+01  -6.554534796427e+00 1.243383429126e+01 -6.017387807891e+00 -5.457091028215e-01
5.170000000000e+01  -6.430042325491e+00 1.246456013678e+01 -6.022697753020e+00 -5.162756678392e-01
5.171000000000e+01  -6.305245023497e+00 1.249480025855e+01 -6.027713806346e+00 -4.869309779337e-01
5.172000000000e+01  -6.180147740583e+00 1.252455608045e+01 -6.032436876768e+00 -4.576793218084e-01
5.173000000000e+01  -6.054755312028e+00 1.255382915041e+01 -6.036867916553e+00 -4.285250844450e-01
5.174000000000e+01  -5.929072557001e+00 1.258262114200e+01 -6.041007922306e+00 -3.994727485868e-01
5.175000000000e+01  -5.803104277302e+00 1.261093385602e+01 -6.044857935955e+00 -3.705268961422e-01
5.176000000000e+01  -5.676855256079e+00 1.263876922187e+01 -6.048419045751e+00 -3.416922094965e-01
5.177000000000e+01  -5.550330256535e+00 1.266612929894e+01 -6.051692387277e+00 -3.129734727159e-01
5.178000000000e+01  -5.423534020625e+00 1.269301627782e+01 -6.054679144471e+00 -2.843755726291e-01
5.179000000000e+01  -5.296471267736e+00 1.271943248135e+01 -6.057380550656e+00 -2.559034997702e-01
5.180000000000e+01  -5.169146693358e+00 1.274538036554e+01 -6.059797889587e+00 -2.275623491631e-01
5.181000000000e+01  -5.041564967756e+00 1.277086252033e+01 -6.061932496490e+00 -1.993573209297e-01
5.182000000000e+01  -4.913730734619e+00 1.279588167008e+01 -6.063785759123e+00 -1.712937207018e-01
5.183000000000e+01  -4.785648609720e+00 1.282044067393e+01 -6.065359118829e+00 -1.433769598126e-01
5.184000000000e+01  -4.657323179568e+00 1.284454252585e+01 -6.066654071593e+00 -1.156125552476e-01
5.185000000000e+01  -4.528759000057e+00 1.286819035446e+01 -6.067672169095e+00 -8.800612932823e-02
5.186000000000e+01  -4.399960595124e+00 1.289138742252e+01 -6.068415019764e+00 -6.056340910357e-02
5.187000000000e+01  -4.270932455413e+00 1.291413712613e+01 -6.068884289817e+00 -3.329022542254e-02
5.188000000000e+01  -4.141679036943e+00 1.293644299359e+01 -6.069081704293e+00 -6.192511658633e-03
5.189000000000e+01  -4.012204759800e+00 1.295830868384e+01 -6.069009048070e+00 2.072369794289e-02
5.190000000000e+01  -3.882514006834e+00 1.297973798453e+01 -6.068668166863e+00 4.745227032586e-02
5.191000000000e+01  -3.752611122390e+00 1.300073480960e+01 -6.068060968198e+00 7.398697612429e-02
5.192000000000e+01  -3.622500411054e+00 1.302130319645e+01 -6.067189422362e+00 1.003214926364e-01
5.193000000000e+01  -3.492186136437e+00 1.304144730259e+01 -6.066055563320e+00 1.264494073058e-01
5.194000000000e+01  -3.361672519996e+00 1.306117140164e+01 -6.064661489589e+00 1.523642217438e-01
5.195000000000e+01  -3.230963739891e+00 1.308047987894e+01 -6.063009365079e+00 1.780593563285e-01
5.196000000000e+01  -3.100063929897e+00 1.309937722636e+01 -6.061101419876e+00 2.035281554162e-01
5.197000000000e+01  -2.968977178365e+00 1.311786803662e+01 -6.058939950973e+00 2.287638931998e-01
5.198000000000e+01  -2.837707527249e+00 1.313595699677e+01 -6.056527322939e+00 2.537597802510e-01
5.199000000000e+01  -2.706258971193e+00 1.315364888112e+01 -6.053865968521e+00 2.785089707791e-01
5.200000000000e+01  -2.574635456704e+00 1.317094854325e+01 -6.050958389164e+00 3.030045706429e-01
5.201000000000e+01  -2.442840881398e+00 1.318786090737e+01 -6.047807155454e+00 3.272396461460e-01
5.202000000000e+01  -2.310879093345e+00 1.320439095874e+01 -6.044414907464e+00 3.512072336477e-01
5.203000000000e+01  -2.178753890507e+00 1.322054373340e+01 -6.040784354999e+00 3.749003500185e-01
5.204000000000e+01  -2.046469020289e+00 1.323632430687e+01 -6.036918277739e+00 3.983120039651e-01
5.205000000000e+01  -1.914028179202e+00 1.325173778203e+01 -6.032819525256e+00 4.214352082486e-01
5.206000000000e+01  -1.781435012659e+00 1.326678927612e+01 -6.028491016908e+00 4.442629928145e-01
5.207000000000e+01  -1.648693114897e+00 1.328148390672e+01 -6.023935741598e+00 4.667884188484e-01
5.208000000000e+01  -1.515806029049e+00 1.329582677689e+01 -6.019156757387e+00 4.890045937672e-01
5.209000000000e+01  -1.382777247370e+00 1.330982295931e+01 -6.014157190951e+00 5.109046871486e-01
5.210000000000e+01  -1.249610211624e+00 1.332347747951e+01 -6.008940236875e+00 5.324819475950e-01
5.211000000000e+01  -1.116308313644e+00 1.333679529812e+01 -6.003509156774e+00 5.537297205229e-01
5.212000000000e+01  -9.828748960732e-01 1.334978129234e+01 -5.997867278232e+00 5.746414668566e-01
5.213000000000e+01  -8.493132532971e-01 1.336244023635e+01 -5.992017993549e+00 5.952107826012e-01
5.214000000000e+01  -7.156266325766e-01 1.337477678107e+01 -5.985964758287e+00 6.154314192562e-01
5.215000000000e+01  -5.818182353852e-01 1.338679543295e+01 -5.979711089609e+00 6.352973050242e-01
5.216000000000e+01  -4.478912189631e-01 1.339850053215e+01 -5.973260564405e+00 6.548025667563e-01
5.217000000000e+01  -3.138486980932e-01 1.340989622997e+01 -5.966616817190e+00 6.739415525661e-01
5.218000000000e+01  -1.796937471049e-01 1.342098646573e+01 -5.959783537773e+00 6.927088550320e-01
5.219000000000e+01  -4.542940211230e-02 1.343177494316e+01 -5.952764468701e+00 7.110993348957e-01
5.220000000000e+01  8.894133650965e-02 1.344226510635e+01 -5.945563402449e+00 7.291081451531e-01
5.221000000000e+01  2.234155014075e-01 1.345246011546e+01 -5.938184178380e+00 7.467307554214e-01
5.222000000000e+01  3.579901552875e-01 1.346236282227e+01 -5.930630679456e+00 7.639629764537e-01
5.223000000000e+01  4.926623877099e-01 1.347197574574e+01 -5.922906828704e+00 7.808009846631e-01
5.224000000000e+01  6.274293116388e-01 1.348130104767e+01 -5.915016585435e+00 7.972413465029e-01
5.225000000000e+01  7.622880597501e-01 1.349034050867e+01 -5.906963941226e+00 8.132810425442e-01
5.226000000000e+01  8.972357805030e-01 1.349909550467e+01 -5.898752915659e+00 8.289174910785e-01
5.227000000000e+01  1.032269633977e+00 1.350756698397e+01 -5.890387551831e+00 8.441485710669e-01
5.228000000000e+01  1.167386787488e+00 1.351575544521e+01 -5.881871911636e+00 8.589726442501e-01
5.229000000000e+01  1.302584410984e+00 1.352366091637e+01 -5.873210070829e+00 8.733885762268e-01
5.230000000000e+01  1.437859672239e+00 1.353128293494e+01 -5.864406113892e+00 8.873957563082e-01
5.231000000000e+01  1.573209731859e+00 1.353862052952e+01 -5.855464128703e+00 9.009941159497e-01
5.232000000000e+01  1.708631738109e+00 1.354567220312e+01 -5.846388201032e+00 9.141841455663e-01
5.233000000000e+01  1.844122821578e+00 1.355243591815e+01 -5.837182408872e+00 9.269669095396e-01
5.234000000000e+01  1.979680089715e+00 1.355890908344e+01 -5.827850816640e+00 9.393440592293e-01
5.235000000000e+01  2.115300621231e+00 1.356508854352e+01 -5.818397469248e+00 9.513178438119e-01
5.236000000000e+01  2.250981460423e+00 1.357097057008e+01 -5.808826386088e+00 9.628911187794e-01
5.237000000000e+01  2.386719611407e+00 1.357655085608e+01 -5.799141554930e+00 9.740673519458e-01
5.238000000000e+01  2.522512032319e+00 1.358182451235e+01 -5.789346925793e+00 9.848506268228e-01
5.239000000000e+01  2.658355629492e+00 1.358678606704e+01 -5.779446404775e+00 9.952456432482e-01
5.240000000000e+01  2.794247251634e+00 1.359142946787e+01 -5.769443847906e+00 1.005257715169e+00
5.241000000000e+01  2.930183684057e+00 1.359574808728e+01 -5.759343055033e+00 1.014892765507e+00
5.242000000000e+01  3.066161642961e+00 1.359973473060e+01 -5.749147763766e+00 1.024157318058e+00
5.243000000000e+01  3.202177769816e+00 1.360338164714e+01 -5.738861643531e+00 1.033058486397e+00
5.244000000000e+01  3.338228625879e+00 1.360668054430e+01 -5.728488289738e+00 1.041603959812e+00
5.245000000000e+01  3.474310686855e+00 1.360962260463e+01 -5.718031218110e+00 1.049801986277e+00
5.246000000000e+01  3.610420337749e+00 1.361219850577e+01 -5.707493859196e+00 1.057661352553e+00
5.247000000000e+01  3.746553867930e+00 1.361439844314e+01 -5.696879553098e+00 1.065191361483e+00
5.248000000000e+01  3.882707466441e+00 1.361621215537e+01 -5.686191544435e+00 1.072401806635e+00
5.249000000000e+01  4.018877217561e+00 1.361762895219e+01 -5.675432977574e+00 1.079302944403e+00
5.250000000000e+01  4.155059096676e+00 1.361863774468e+01 -5.664606892157e+00 1.085905463771e+00
5.251000000000e+01  4.291248966451e+00 1.361922707772e+01 -5.653716218934e+00 1.092220453924e+00
5.252000000000e+01  4.427442573339e+00 1.361938516428e+01 -5.642763775932e+00 1.098259369921e+00
5.253000000000e+01  4.563635544443e+00 1.361909992151e+01 -5.631752264980e+00 1.104033996676e+00
5.254000000000e+01  4.699823384747e+00 1.361835900816e+01 -5.620684268594e+00 1.109556411504e+00
5.255000000000e+01  4.836001474719e+00 1.361714986327e+01 -5.609562247247e+00 1.114838945481e+00
5.256000000000e+01  4.972165068322e+00 1.361545974567e+01 -5.598388537031e+00 1.119894143910e+00
5.257000000000e+01  5.108309291401e+00 1.361327577421e+01 -5.587165347713e+00 1.124734726171e+00
5.258000000000e+01  5.244429140496e+00 1.361058496819e+01 -5.575894761199e+00 1.129373545227e+00
5.259000000000e+01  5.380519482041e+00 1.360737428794e+01 -5.564578730398e+00 1.133823547085e+00
5.260000000000e+01  5.516575051981e+00 1.360363067515e+01 -5.553219078497e+00 1.138097730468e+00
5.261000000000e+01  5.652590455784e+00 1.359934109271e+01 -5.541817498627e+00 1.142209106989e+00
5.262000000000e+01  5.788560168847e+00 1.359449256375e+01 -5.530375553938e+00 1.146170662066e+00
5.263000000000e+01  5.924478537290e+00 1.358907220981e+01 -5.518894678044e+00 1.149995316827e+00
5.264000000000e+01  6.060339779124e+00 1.358306728763e+01 -5.507376175854e+00 1.153695891233e+00
5.265000000000e+01  6.196137985779e+00 1.357646522466e+01 -5.495821224758e+00 1.157285068634e+00
5.266000000000e+01  6.331867123984e+00 1.356925365287e+01 -5.484230876167e+00 1.160775361923e+00
5.267000000000e+01  6.467521037967e+00 1.356142044079e+01 -5.472606057373e+00 1.164179081482e+00
5.268000000000e+01  6.603093451979e+00 1.355295372366e+01 -5.460947573729e+00 1.167508305044e+00
5.269000000000e+01  6.738577973091e+00 1.354384193149e+01 -5.449256111113e+00 1.170774849597e+00
5.270000000000e+01  6.873968094283e+00 1.353407381505e+01 -5.437532238664e+00 1.173990245425e+00
5.271000000000e+01  7.009257197760e+00 1.352363846954e+01 -5.425776411774e+00 1.177165712365e+00
5.272000000000e+01  7.144438558510e+00 1.351252535611e+01 -5.413988975293e+00 1.180312138317e+00
5.273000000000e+01  7.279505348059e+00 1.350072432105e+01 -5.402170166947e+00 1.183440060051e+00
5.274000000000e+01  7.414450638404e+00 1.348822561259e+01 -5.390320120937e+00 1.186559646303e+00
5.275000000000e+01  7.549267406106e+00 1.347501989562e+01 -5.378438871686e+00 1.189680683157e+00
5.276000000000e+01  7.683948536522e+00 1.346109826392e+01 -5.366526357732e+00 1.192812561681e+00
5.277000000000e+01  7.818486828139e+00 1.344645225038e+01 -5.354582425730e+00 1.195964267760e+00
5.278000000000e+01  7.952874997010e+00 1.343107383496e+01 -5.342606834539e+00 1.199144374073e+00
5.279000000000e+01  8.087105681251e+00 1.341495545064e+01 -5.330599259388e+00 1.202361034138e+00
5.280000000000e+01  8.221171445593e+00 1.339808998735e+01 -5.318559296086e+00 1.205621978322e+00
5.281000000000e+01  8.355064785962e+00 1.338047079408e+01 -5.306486465264e+00 1.208934511741e+00
5.282000000000e+01  8.488778134069e+00 1.336209167916e+01 -5.294380216631e+00 1.212305513927e+00
5.283000000000e+01  8.622303861998e+00 1.334294690890e+01 -5.282239933219e+00 1.215741440154e+00
5.284000000000e+01  8.755634286772e+00 1.332303120467e+01 -5.270064935616e+00 1.219248324318e+00
5.285000000000e+01  8.888761674881e+00 1.330233973860e+01 -5.257854486155e+00 1.222831783230e+00
5.286000000000e+01  9.021678246761e+00 1.328086812789e+01 -5.245607793060e+00 1.226497022232e+00
5.287000000000e+01  9.154376181213e+00 1.325861242800e+01 -5.233324014522e+00 1.230248841976e+00
5.288000000000e+01  9.286847619741e+00 1.323556912479e+01 -5.221002262712e+00 1.234091646288e+00
5.289000000000e+01  9.419084670819e+00 1.321173512559e+01 -5.208641607701e+00 1.238029450964e+00
5.290000000000e+01  9.551079414049e+00 1.318710774961e+01 -5.196241081295e+00 1.242065893408e+00
5.291000000000e+01  9.682823904237e+00 1.316168471749e+01 -5.183799680765e+00 1.246204242981e+00
5.292000000000e+01  9.814310175343e+00 1.313546414029e+01 -5.171316372474e+00 1.250447411973e+00
5.293000000000e+01  9.945530244335e+00 1.310844450800e+01 -5.158790095390e+00 1.254797967079e+00
5.294000000000e+01  1.007647611492e+01 1.308062467753e+01 -5.146219764484e+00 1.259258141298e+00
5.295000000000e+01  1.020713978113e+01 1.305200386049e+01 -5.133604274001e+00 1.263829846152e+00
5.296000000000e+01  1.033751323084e+01 1.302258161063e+01 -5.120942500618e+00 1.268514684144e+00
5.297000000000e+01  1.046758844911e+01 1.299235781122e+01 -5.108233306470e+00 1.273313961383e+00
5.298000000000e+01  1.059735742142e+01 1.296133266223e+01 -5.095475542046e+00 1.278228700297e+00
5.299000000000e+01  1.072681213674e+01 1.292950666757e+01 -5.082668048967e+00 1.283259652358e+00
5.300000000000e+01  1.085594459058e+01 1.289688062231e+01 -5.069809662633e+00 1.288407310787e+00
5.301000000000e+01  1.098474678776e+01 1.286345560003e+01 -5.056899214736e+00 1.293671923152e+00
5.302000000000e+01  1.111321074517e+01 1.282923294030e+01 -5.043935535660e+00 1.299053503828e+00
5.303000000000e+01  1.124132849437e+01 1.279421423633e+01 -5.030917456751e+00 1.304551846280e+00
5.304000000000e+01  1.136909208407e+01 1.275840132283e+01 -5.017843812463e+00 1.310166535110e+00
5.305000000000e+01  1.149649358245e+01 1.272179626418e+01 -5.004713442389e+00 1.315896957859e+00
5.306000000000e+01  1.162352507946e+01 1.268440134284e+01 -4.991525193177e+00 1.321742316521e+00
5.307000000000e+01  1.175017868887e+01 1.264621904804e+01 -4.978277920323e+00 1.327701638746e+00
5.308000000000e+01  1.187644655034e+01 1.260725206487e+01 -4.964970489868e+00 1.333773788718e+00
5.309000000000e+01  1.200232083131e+01 1.256750326365e+01 -4.951601779973e+00 1.339957477683e+00
5.310000000000e+01  1.212779372881e+01 1.252697568968e+01 -4.938170682400e+00 1.346251274132e+00
5.311000000000e+01  1.225285747111e+01 1.248567255338e+01 -4.924676103893e+00 1.352653613600e+00
5.312000000000e+01  1.237750431939e+01 1.244359722076e+01 -4.911116967458e+00 1.359162808103e+00
5.313000000000e+01  1.250172656923e+01 1.240075320425e+01 -4.897492213553e+00 1.365777055197e+00
5.314000000000e+01  1.262551655200e+01 1.235714415400e+01 -4.883800801187e+00 1.372494446651e+00
5.315000000000e+01  1.274886663624e+01 1.231277384947e+01 -4.870041708942e+00 1.379312976750e+00
5.316000000000e+01  1.287176922887e+01 1.226764619141e+01 -4.856213935905e+00 1.386230550216e+00
5.317000000000e+01  1.299421677640e+01 1.222176519423e+01 -4.842316502523e+00 1.393244989757e+00
5.318000000000e+01  1.311620176601e+01 1.217513497875e+01 -4.828348451393e+00 1.400354043251e+00
5.319000000000e+01  1.323771672660e+01 1.212775976526e+01 -4.814308847972e+00 1.407555390571e+00
5.320000000000e+01  1.335875422971e+01 1.207964386696e+01 -4.800196781227e+00 1.414846650055e+00
5.321000000000e+01  1.347930689048e+01 1.203079168375e+01 -4.786011364218e+00 1.422225384630e+00
5.322000000000e+01  1.359936736841e+01 1.198120769635e+01 -4.771751734624e+00 1.429689107610e+00
5.323000000000e+01  1.371892836824e+01 1.193089646073e+01 -4.757417055211e+00 1.437235288159e+00
5.324000000000e+01  1.383798264056e+01 1.187986260283e+01 -4.743006514250e+00 1.444861356445e+00
5.325000000000e+01  1.395652298259e+01 1.182811081367e+01 -4.728519325881e+00 1.452564708492e+00
5.326000000000e+01  1.407454223874e+01 1.177564584465e+01 -4.713954730430e+00 1.460342710737e+00
5.327000000000e+01  1.419203330123e+01 1.172247250316e+01 -4.699311994686e+00 1.468192704306e+00
5.328000000000e+01  1.430898911058e+01 1.166859564851e+01 -4.684590412136e+00 1.476112009017e+00
5.329000000000e+01  1.442540265619e+01 1.161402018807e+01 -4.669789303152e+00 1.484097927133e+00
5.330000000000e+01  1.454126697673e+01 1.155875107364e+01 -4.654908015158e+00 1.492147746858e+00
5.331000000000e+01  1.465657516058e+01 1.150279329810e+01 -4.639945922748e+00 1.500258745600e+00
5.332000000000e+01  1.477132034628e+01 1.144615189224e+01 -4.624902427782e+00 1.508428193008e+00
5.333000000000e+01  1.488549572281e+01 1.138883192188e+01 -4.609776959445e+00 1.516653353797e+00
5.334000000000e+01  1.499909452999e+01 1.133083848507e+01 -4.594568974292e+00 1.524931490362e+00
5.335000000000e+01  1.511211005878e+01 1.127217670960e+01 -4.579277956248e+00 1.533259865205e+00
5.336000000000e+01  1.522453565153e+01 1.121285175063e+01 -4.563903416606e+00 1.541635743173e+00
5.337000000000e+01  1.533636470228e+01 1.115286878853e+01 -4.548444893986e+00 1.550056393524e+00
5.338000000000e+01  1.544759065700e+01 1.109223302682e+01 -4.532901954285e+00 1.558519091822e+00
5.339000000000e+01  1.555820701378e+01 1.103094969034e+01 -4.517274190602e+00 1.567021121688e+00
5.340000000000e+01  1.566820732308e+01 1.096902402353e+01 -4.501561223156e+00 1.575559776389e+00
5.341000000000e+01  1.577758518788e+01 1.090646128883e+01 -4.485762699174e+00 1.584132360299e+00
5.342000000000e+01  1.588633426387e+01 1.084326676529e+01 -4.469878292778e+00 1.592736190223e+00
5.343000000000e+01  1.599444825961e+01 1.077944574714e+01 -4.453907704856e+00 1.601368596596e+00
5.344000000000e+01  1.610192093666e+01 1.071500354269e+01 -4.437850662915e+00 1.610026924574e+00
5.345000000000e+01  1.620874610975e+01 1.064994547316e+01 -4.421706920935e+00 1.618708535010e+00
5.346000000000e+01  1.631491764686e+01 1.058427687167e+01 -4.405476259203e+00 1.627410805324e+00
5.347000000000e+01  1.642042946938e+01 1.051800308238e+01 -4.389158484146e+00 1.636131130285e+00
5.348000000000e+01  1.652527555217e+01 1.045112945962e+01 -4.372753428152e+00 1.644866922699e+00
5.349000000000e+01  1.662944992369e+01 1.038366136721e+01 -4.356260949389e+00 1.653615614013e+00
5.350000000000e+01  1.673294666609e+01 1.031560417773e+01 -4.339680931614e+00 1.662374654840e+00
5.351000000000e+01  1.683575991527e+01 1.024696327198e+01 -4.323013283982e+00 1.671141515410e+00
5.352000000000e+01  1.693788386100e+01 1.017774403844e+01 -4.306257940843e+00 1.679913685956e+00
5.353000000000e+01  1.703931274694e+01 1.010795187285e+01 -4.289414861544e+00 1.688688677029e+00
5.354000000000e+01  1.714004087078e+01 1.003759217775e+01 -4.272484030224e+00 1.697464019762e+00
5.355000000000e+01  1.724006258423e+01 9.966670362166e+00 -4.255465455608e+00 1.706237266070e+00
5.356000000000e+01  1.733937229314e+01 9.895191841337e+00 -4.238359170795e+00 1.715005988806e+00
5.357000000000e+01  1.743796445755e+01 9.823162036429e+00 -4.221165233052e+00 1.723767781863e+00
5.358000000000e+01  1.753583359173e+01 9.750586374347e+00 -4.203883723600e+00 1.732520260235e+00
5.359000000000e+01  1.763297426425e+01 9.677470287574e+00 -4.186514747408e+00 1.741261060035e+00
5.360000000000e+01  1.772938109803e+01 9.603819214033e+00 -4.169058432974e+00 1.749987838478e+00
5.361000000000e+01  1.782504877039e+01 9.529638596999e+00 -4.151514932122e+00 1.758698273821e+00
5.362000000000e+01  1.791997201312e+01 9.454933885036e+00 -4.133884419788e+00 1.767390065284e+00
5.363000000000e+01  1.801414561252e+01 9.379710531961e+00 -4.116167093810e+00 1.776060932926e+00
5.364000000000e+01  1.810756440946e+01 9.303973996834e+00 -4.098363174724e+00 1.784708617500e+00
5.365000000000e+01  1.820022329942e+01 9.227729743982e+00 -4.080472905555e+00 1.793330880289e+00
5.366000000000e+01  1.829211723254e+01 9.150983243031e+00 -4.062496551615e+00 1.801925502903e+00
5.367000000000e+01  1.838324121370e+01 9.073739968969e+00 -4.044434400296e+00 1.810490287071e+00
5.368000000000e+01  1.847359030255e+01 8.996005402221e+00 -4.026286760878e+00 1.819023054402e+00
5.369000000000e+01  1.856315961357e+01 8.917785028746e+00 -4.008053964323e+00 1.827521646133e+00
5.370000000000e+01  1.865194431615e+01 8.839084340145e+00 -3.989736363086e+00 1.835983922859e+00
5.371000000000e+01  1.873993963458e+01 8.759908833785e+00 -3.971334330921e+00 1.844407764248e+00
5.372000000000e+01  1.882714084820e+01 8.680264012936e+00 -3.952848262689e+00 1.852791068743e+00
5.373000000000e+01  1.891354329138e+01 8.600155386916e+00 -3.934278574177e+00 1.861131753250e+00
5.374000000000e+01  1.899914235364e+01 8.519588471249e+00 -3.915625701911e+00 1.869427752821e+00
5.375000000000e+01  1.908393347966e+01 8.438568787835e+00 -3.896890102979e+00 1.877677020314e+00
5.376000000000e+01  1.916791216939e+01 8.357101865116e+00 -3.878072254851e+00 1.885877526058e+00
5.377000000000e+01  1.925107397811e+01 8.275193238266e+00 -3.859172655209e+00 1.894027257500e+00
5.378000000000e+01  1.933341451646e+01 8.192848449373e+00 -3.840191821778e+00 1.902124218852e+00
5.379000000000e+01  1.941492945054e+01 8.110073047635e+00 -3.821130292158e+00 1.910166430721e+00
5.380000000000e+01  1.949561450200e+01 8.026872589555e+00 -3.801988623662e+00 1.918151929748e+00
5.381000000000e+01  1.957546544808e+01 7.943252639145e+00 -3.782767393159e+00 1.926078768227e+00
5.382000000000e+01  1.965447812169e+01 7.859218768128e+00 -3.763467196921e+00 1.933945013727e+00
5.383000000000e+01  1.973264841151e+01 7.774776556152e+00 -3.744088650466e+00 1.941748748713e+00
5.384000000000e+01  1.980997226206e+01 7.689931590992e+00 -3.724632388417e+00 1.949488070156e+00
5.385000000000e+01  1.988644567376e+01 7.604689468771e+00 -3.705099064358e+00 1.957161089143e+00
5.386000000000e+01  1.996206470305e+01 7.519055794168e+00 -3.685489350691e+00 1.964765930487e+00
5.387000000000e+01  2.003682546246e+01 7.433036180633e+00 -3.665803938505e+00 1.972300732333e+00
5.388000000000e+01  2.011072412070e+01 7.346636250606e+00 -3.646043537441e+00 1.979763645760e+00
5.389000000000e+01  2.018375690275e+01 7.259861635732e+00 -3.626208875571e+00 1.987152834386e+00
5.390000000000e+01  2.025592008995e+01 7.172717977072e+00 -3.606300699264e+00 1.994466473967e+00
5.391000000000e+01  2.032721002009e+01 7.085210925328e+00 -3.586319773078e+00 2.001702751999e+00
5.392000000000e+01  2.039762308754e+01 6.997346141051e+00 -3.566266879637e+00 2.008859867317e+00
5.393000000000e+01  2.046715574331e+01 6.909129294859e+00 -3.546142819522e+00 2.015936029697e+00
5.394000000000e+01  2.053580449518e+01 6.820566067652e+00 -3.525948411165e+00 2.022929459452e+00
5.395000000000e+01  2.060356590776e+01 6.731662150821e+00 -3.505684490742e+00 2.029838387033e+00
5.396000000000e+01  2.067043660268e+01 6.642423246467e+00 -3.485351912078e+00 2.036661052627e+00
5.397000000000e+01  2.073641325859e+01 6.552855067605e+00 -3.464951546550e+00 2.043395705760e+00
5.398000000000e+01  2.080149261137e+01 6.462963338377e+00 -3.444484282992e+00 2.050040604893e+00
5.399000000000e+01  2.086567145418e+01 6.372753794258e+00 -3.423951027613e+00 2.056594017025e+00
5.400000000000e+01  2.092894663758e+01 6.282232182264e+00 -3.403352703911e+00 2.063054217294e+00
5.401000000000e+01  2.099131506968e+01 6.191404261156e+00 -3.382690252595e+00 2.069419488581e+00
5.402000000000e+01  2.105277371624e+01 6.100275801641e+00 -3.361964631507e+00 2.075688121108e+00
5.403000000000e+01  2.111331960077e+01 6.008852586573e+00 -3.341176815552e+00 2.081858412048e+00
5.404000000000e+01  2.117294980467e+01 5.917140411156e+00 -3.320327796631e+00 2.087928665126e+00
5.405000000000e+01  2.123166146738e+01 5.825145083134e+00 -3.299418583579e+00 2.093897190227e+00
5.406000000000e+01  2.128945178645e+01 5.732872422989e+00 -3.278450202100e+00 2.099762303002e+00
5.407000000000e+01  2.134631801773e+01 5.640328264136e+00 -3.257423694717e+00 2.105522324480e+00
5.408000000000e+01  2.140225747545e+01 5.547518453108e+00 -3.236340120717e+00 2.111175580675e+00
5.409000000000e+01  2.145726753237e+01 5.454448849747e+00 -3.215200556105e+00 2.116720402196e+00
5.410000000000e+01  2.151134561992e+01 5.361125327389e+00 -3.194006093556e+00 2.122155123866e+00
5.411000000000e+01  2.156448922835e+01 5.267553773046e+00 -3.172757842381e+00 2.127478084331e+00
5.412000000000e+01  2.161669590683e+01 5.173740087588e+00 -3.151456928486e+00 2.132687625680e+00
5.413000000000e+01  2.166796326361e+01 5.079690185918e+00 -3.130104494341e+00 2.137782093061e+00
5.414000000000e+01  2.171828896616e+01 4.985409997151e+00 -3.108701698951e+00 2.142759834302e+00
5.415000000000e+01  2.176767074132e+01 4.890905464782e+00 -3.087249717831e+00 2.147619199535e+00
5.416000000000e+01  2.181610637544e+01 4.796182546860e+00 -3.065749742987e+00 2.152358540815e+00
5.417000000000e+01  2.186359371452e+01 4.701247216149e+00 -3.044202982894e+00 2.156976211753e+00
5.418000000000e+01  2.191013066436e+01 4.606105460296e+00 -3.022610662487e+00 2.161470567141e+00
5.419000000000e+01  2.195571519071e+01 4.510763281986e+00 -3.000974023148e+00 2.165839962584e+00
5.420000000000e+01  2.200034531944e+01 4.415226699101e+00 -2.979294322702e+00 2.170082754136e+00
5.421000000000e+01  2.204401913664e+01 4.319501744875e+00 -2.957572835412e+00 2.174197297933e+00
5.422000000000e+01  2.208673478885e+01 4.223594468036e+00 -2.935810851981e+00 2.178181949840e+00
5.423000000000e+01  2.212849048316e+01 4.127510932957e+00 -2.914009679557e+00 2.182035065087e+00
5.424000000000e+01  2.216928448737e+01 4.031257219792e+00 -2.892170641741e+00 2.185754997922e+00
5.425000000000e+01  2.220911513017e+01 3.934839424615e+00 -2.870295078597e+00 2.189340101259e+00
5.426000000000e+01  2.224798080132e+01 3.838263659549e+00 -2.848384346671e+00 2.192788726336e+00
5.427000000000e+01  2.228587995173e+01 3.741536052893e+00 -2.826439819004e+00 2.196099222370e+00
5.428000000000e+01  2.232281109371e+01 3.644662749240e+00 -2.804462885157e+00 2.199269936224e+00
5.429000000000e+01  2.235877280109e+01 3.547649909595e+00 -2.782454951238e+00 2.202299212078e+00
5.430000000000e+01  2.239376370939e+01 3.450503711482e+00 -2.760417439926e+00 2.205185391102e+00
5.431000000000e+01  2.242778251599e+01 3.353230349044e+00 -2.738351790506e+00 2.207926811137e+00
5.432000000000e+01  2.246082798030e+01 3.255836033139e+00 -2.716259458902e+00 2.210521806382e+00
5.433000000000e+01  2.249289892392e+01 3.158326991431e+00 -2.694141917718e+00 2.212968707090e+00
5.434000000000e+01  2.252399423081e+01 3.060709468463e+00 -2.672000656274e+00 2.215265839267e+00
5.435000000000e+01  2.255411284745e+01 2.962989725729e+00 -2.649837180655e+00 2.217411524385e+00
5.436000000000e+01  2.258325378305e+01 2.865174041741e+00 -2.627653013754e+00 2.219404079097e+00
5.437000000000e+01  2.261141610965e+01 2.767268712074e+00 -2.605449695323e+00 2.221241814967e+00
5.438000000000e+01  2.263859896237e+01 2.669280049408e+00 -2.583228782026e+00 2.222923038205e+00
5.439000000000e+01  2.266480153952e+01 2.571214383562e+00 -2.560991847493e+00 2.224446049416e+00
5.440000000000e+01  2.269002310280e+01 2.473078061509e+00 -2.538740482376e+00 2.225809143363e+00
5.441000000000e+01  2.271426297747e+01 2.374877447378e+00 -2.516476294411e+00 2.227010608732e+00
5.442000000000e+01  2.273752055250e+01 2.276618922451e+00 -2.494200908478e+00 2.228048727925e+00
5.443000000000e+01  2.275979528078e+01 2.178308885136e+00 -2.471915966667e+00 2.228921776852e+00
5.444000000000e+01  2.278108667927e+01 2.079953750925e+00 -2.449623128340e+00 2.229628024752e+00
5.445000000000e+01  2.280139432915e+01 1.981559952346e+00 -2.427324070202e+00 2.230165734019e+00
5.446000000000e+01  2.282071787603e+01 1.883133938878e+00 -2.405020486369e+00 2.230533160055e+00
5.447000000000e+01  2.283905703009e+01 1.784682176867e+00 -2.382714088439e+00 2.230728551133e+00
5.448000000000e+01  2.285641156625e+01 1.686211149408e+00 -2.360406605564e+00 2.230750148287e+00
5.449000000000e+01  2.287278132437e+01 1.587727356208e+00 -2.338099784522e+00 2.230596185218e+00
5.450000000000e+01  2.288816620936e+01 1.489237313431e+00 -2.315795389789e+00 2.230264888228e+00
5.451000000000e+01  2.290256619139e+01 1.390747553510e+00 -2.293495203618e+00 2.229754476173e+00
5.452000000000e+01  2.291598130603e+01 1.292264624941e+00 -2.271201026110e+00 2.229063160449e+00
5.453000000000e+01  2.292841165442e+01 1.193795092043e+00 -2.248914675290e+00 2.228189144996e+00
5.454000000000e+01  2.293985740341e+01 1.095345534689e+00 -2.226637987179e+00 2.227130626338e+00
5.455000000000e+01  2.295031878574e+01 9.969225480064e-01 -2.204372815870e+00 2.225885793658e+00
5.456000000000e+01  2.295979610016e+01 8.985327420462e-01 -2.182121033603e+00 2.224452828894e+00
5.457000000000e+01  2.296828971161e+01 8.001827414108e-01 -2.159884530830e+00 2.222829906883e+00
5.458000000000e+01  2.297580005133e+01 7.018791848478e-01 -2.137665216294e+00 2.221015195538e+00
5.459000000000e+01  2.298232761703e+01 6.036287248027e-01 -2.115465017088e+00 2.219006856059e+00
5.460000000000e+01  2.298787297301e+01 5.054380269287e-01 -2.093285878728e+00 2.216803043197e+00
5.461000000000e+01  2.299243675028e+01 4.073137695511e-01 -2.071129765212e+00 2.214401905555e+00
5.462000000000e+01  2.299601964670e+01 3.092626430850e-01 -2.048998659084e+00 2.211801585941e+00
5.463000000000e+01  2.299862242709e+01 2.112913494014e-01 -2.026894561482e+00 2.209000221764e+00
5.464000000000e+01  2.300024592335e+01 1.134066011407e-01 -2.004819492199e+00 2.205995945495e+00
5.465000000000e+01  2.300089103454e+01 1.561512096979e-02 -1.982775489724e+00 2.202786885171e+00
5.466000000000e+01  2.300055872702e+01 -8.207635922019e-02 -1.960764611283e+00 2.199371164968e+00
5.467000000000e+01  2.299925003448e+01 -1.796610991786e-01 -1.938788932881e+00 2.195746905829e+00
5.468000000000e+01  2.299696605808e+01 -2.771323512257e-01 -1.916850549322e+00 2.191912226164e+00
5.469000000000e+01  2.299370796646e+01 -3.744833612527e-01 -1.894951574237e+00 2.187865242613e+00
5.470000000000e+01  2.298947699586e+01 -4.717073697937e-01 -1.873094140094e+00 2.183604070887e+00
5.471000000000e+01  2.298427445010e+01 -5.687976131751e-01 -1.851280398207e+00 2.179126826679e+00
5.472000000000e+01  2.297810170068e+01 -6.657473247442e-01 -1.829512518724e+00 2.174431626661e+00
5.473000000000e+01  2.297096018676e+01 -7.625497361826e-01 -1.807792690620e+00 2.169516589563e+00
5.474000000000e+01  2.296285141519e+01 -8.591980789068e-01 -1.786123121663e+00 2.164379837337e+00
5.475000000000e+01  2.295377696051e+01 -9.556855855615e-01 -1.764506038383e+00 2.159019496413e+00
5.476000000000e+01  2.294373846491e+01 -1.052005491609e+00 -1.742943686013e+00 2.153433699060e+00
5.477000000000e+01  2.293273763819e+01 -1.148151037017e+00 -1.721438328429e+00 2.147620584832e+00
5.478000000000e+01  2.292077625774e+01 -1.244115468057e+00 -1.699992248068e+00 2.141578302130e+00
5.479000000000e+01  2.290785616843e+01 -1.339892039201e+00 -1.678607745828e+00 2.135305009873e+00
5.480000000000e+01  2.289397928256e+01 -1.435474015146e+00 -1.657287140959e+00 2.128798879272e+00
5.481000000000e+01  2.287914757970e+01 -1.530854672941e+00 -1.636032770925e+00 2.122058095734e+00
5.482000000000e+01  2.286336310657e+01 -1.626027304249e+00 -1.614846991258e+00 2.115080860880e+00
5.483000000000e+01  2.284662797691e+01 -1.720985217728e+00 -1.593732175381e+00 2.107865394694e+00
5.484000000000e+01  2.282894437126e+01 -1.815721741546e+00 -1.572690714413e+00 2.100409937800e+00
5.485000000000e+01  2.281031453678e+01 -1.910230226031e+00 -1.551725016953e+00 2.092712753875e+00
5.486000000000e+01  2.279074078699e+01 -2.004504046459e+00 -1.530837508834e+00 2.084772132206e+00
5.487000000000e+01  2.277022550153e+01 -2.098536605991e+00 -1.510030632855e+00 2.076586390382e+00
5.488000000000e+01  2.274877112585e+01 -2.192321338750e+00 -1.489306848485e+00 2.068153877143e+00
5.489000000000e+01  2.272638017088e+01 -2.285851713057e+00 -1.468668631533e+00 2.059472975375e+00
5.490000000000e+01  2.270305521268e+01 -2.379121234819e+00 -1.448118473793e+00 2.050542105263e+00
5.491000000000e+01  2.267879889207e+01 -2.472123451073e+00 -1.427658882654e+00 2.041359727599e+00
5.492000000000e+01  2.265361391414e+01 -2.564851953702e+00 -1.407292380679e+00 2.031924347259e+00
5.493000000000e+01  2.262750304783e+01 -2.657300383299e+00 -1.387021505140e+00 2.022234516840e+00
5.494000000000e+01  2.260046912544e+01 -2.749462433219e+00 -1.366848807529e+00 2.012288840460e+00
5.495000000000e+01  2.257251504200e+01 -2.841331853779e+00 -1.346776853017e+00 2.002085977738e+00
5.496000000000e+01  2.254364375477e+01 -2.932902456645e+00 -1.326808219882e+00 1.991624647934e+00
5.497000000000e+01  2.251385828255e+01 -3.024168119382e+00 -1.306945498888e+00 1.980903634270e+00
5.498000000000e+01  2.248316170501e+01 -3.115122790178e+00 -1.287191292627e+00 1.969921788412e+00
5.499000000000e+01  2.245155716197e+01 -3.205760492741e+00 -1.267548214807e+00 1.958678035136e+00
5.500000000000e+01  2.241904785260e+01 -3.296075331361e+00 -1.248018889498e+00 1.947171377152e+00
5.501000000000e+01  2.238563703460e+01 -3.386061496149e+00 -1.228605950331e+00 1.935400900110e+00
5.502000000000e+01  2.235132802331e+01 -3.475713268438e+00 -1.209312039639e+00 1.923365777761e+00
5.503000000000e+01  2.231612419079e+01 -3.565025026342e+00 -1.190139807547e+00 1.911065277286e+00
5.504000000000e+01  2.228002896478e+01 -3.653991250479e+00 -1.171091911019e+00 1.898498764780e+00
5.505000000000e+01  2.224304582770e+01 -3.742606529844e+00 -1.152171012831e+00 1.885665710892e+00
5.506000000000e+01  2.220517831549e+01 -3.830865567825e+00 -1.133379780504e+00 1.872565696606e+00
5.507000000000e+01  2.216643001646e+01 -3.918763188356e+00 -1.114720885166e+00 1.859198419161e+00
5.508000000000e+01  2.212680457004e+01 -4.006294342202e+00 -1.096197000361e+00 1.845563698097e+00
5.509000000000e+01  2.208630566550e+01 -4.093454113352e+00 -1.077810800797e+00 1.831661481419e+00
5.510000000000e+01  2.204493704056e+01 -4.180237725525e+00 -1.059564961026e+00 1.817491851866e+00
5.511000000000e+01  2.200270247997e+01 -4.266640548760e+00 -1.041462154069e+00 1.803055033271e+00
5.512000000000e+01  2.195960581402e+01 -4.352658106084e+00 -1.023505049970e+00 1.788351396991e+00
5.513000000000e+01  2.191565091698e+01 -4.438286080240e+00 -1.005696314290e+00 1.773381468403e+00
5.514000000000e+01  2.187084170544e+01 -4.523520320446e+00 -9.880386065332e-01 1.758145933435e+00
5.515000000000e+01  2.182518213665e+01 -4.608356849189e+00 -9.705345785082e-01 1.742645645119e+00
5.516000000000e+01  2.177867620673e+01 -4.692791868998e+00 -9.531868726260e-01 1.726881630140e+00
5.517000000000e+01  2.173132794883e+01 -4.776821769206e+00 -9.359981201294e-01 1.710855095362e+00
5.518000000000e+01  2.168314143126e+01 -4.860443132652e+00 -9.189709392595e-01 1.694567434297e+00
5.519000000000e+01  2.163412075547e+01 -4.943652742307e+00 -9.021079333566e-01 1.678020233502e+00
5.520000000000e+01  2.158427005409e+01 -5.026447587791e+00 -8.854116888990e-01 1.661215278867e+00
5.521000000000e+01  2.153359348875e+01 -5.108824871754e+00 -8.688847734786e-01 1.644154561761e+00
5.522000000000e+01  2.148209524797e+01 -5.190782016088e+00 -8.525297337160e-01 1.626840285016e+00
5.523000000000e+01  2.142977954494e+01 -5.272316667932e+00 -8.363490931175e-01 1.609274868702e+00
5.524000000000e+01  2.137665061521e+01 -5.353426705443e+00 -8.203453498745e-01 1.591460955668e+00
5.525000000000e+01  2.132271271436e+01 -5.434110243293e+00 -8.045209746097e-01 1.573401416811e+00
5.526000000000e+01  2.126797011562e+01 -5.514365637853e+00 -7.888784080714e-01 1.555099356030e+00
5.527000000000e+01  2.121242710743e+01 -5.594191492029e+00 -7.734200587811e-01 1.536558114837e+00
5.528000000000e+01  2.115608799094e+01 -5.673586659715e+00 -7.581483006357e-01 1.517781276573e+00
5.529000000000e+01  2.109895707749e+01 -5.752550249812e+00 -7.430654704704e-01 1.498772670215e+00
5.530000000000e+01  2.104103868603e+01 -5.831081629790e+00 -7.281738655857e-01 1.479536373696e+00
5.531000000000e+01  2.098233714054e+01 -5.909180428740e+00 -7.134757412435e-01 1.460076716738e+00
5.532000000000e+01  2.092285676738e+01 -5.986846539886e+00 -6.989733081382e-01 1.440398283138e+00
5.533000000000e+01  2.086260189265e+01 -6.064080122511e+00 -6.846687298470e-01 1.420505912466e+00
5.534000000000e+01  2.080157683952e+01 -6.140881603270e+00 -6.705641202668e-01 1.400404701155e+00
5.535000000000e+01  2.073978592555e+01 -6.217251676844e+00 -6.566615410439e-01 1.380100002930e+00
5.536000000000e+01  2.067723346001e+01 -6.293191305910e+00 -6.429629990014e-01 1.359597428552e+00
5.537000000000e+01  2.061392374122e+01 -6.368701720385e+00 -6.294704435747e-01 1.338902844842e+00
5.538000000000e+01  2.054986105386e+01 -6.443784415924e+00 -6.161857642589e-01 1.318022372954e+00
5.539000000000e+01  2.048504966635e+01 -6.518441151642e+00 -6.031107880781e-01 1.296962385874e+00
5.540000000000e+01  2.041949382819e+01 -6.592673947030e+00 -5.902472770838e-01 1.275729505115e+00
5.541000000000e+01  2.035319776744e+01 -6.666485078058e+00 -5.775969258899e-01 1.254330596600e+00
5.542000000000e+01  2.028616568812e+01 -6.739877072433e+00 -5.651613592537e-01 1.232772765698e+00
5.543000000000e+01  2.021840176773e+01 -6.812852704020e+00 -5.529421297101e-01 1.211063351422e+00
5.544000000000e+01  2.014991015486e+01 -6.885414986397e+00 -5.409407152688e-01 1.189209919772e+00
5.545000000000e+01  2.008069496678e+01 -6.957567165555e+00 -5.291585171820e-01 1.167220256209e+00
5.546000000000e+01  2.001076028719e+01 -7.029312711751e+00 -5.175968577911e-01 1.145102357292e+00
5.547000000000e+01  1.994011016401e+01 -7.100655310501e+00 -5.062569784627e-01 1.122864421457e+00
5.548000000000e+01  1.986874860727e+01 -7.171598852750e+00 -4.951400376191e-01 1.100514838962e+00
5.549000000000e+01  1.979667958713e+01 -7.242147424225e+00 -4.842471088751e-01 1.078062181031e+00
5.550000000000e+01  1.972390703197e+01 -7.312305293993e+00 -4.735791792865e-01 1.055515188196e+00
5.551000000000e+01  1.965043482661e+01 -7.382076902274e+00 -4.631371477187e-01 1.032882757887e+00
5.552000000000e+01  1.957626681070e+01 -7.451466847512e+00 -4.529218233437e-01 1.010173931300e+00
5.553000000000e+01  1.950140677716e+01 -7.520479872787e+00 -4.429339242714e-01 9.873978795880e-01
5.554000000000e+01  1.942585847084e+01 -7.589120851576e+00 -4.331740763223e-01 9.645638894103e-01
5.555000000000e+01  1.934962558729e+01 -7.657394772942e+00 -4.236428119474e-01 9.416813479106e-01
5.556000000000e+01  1.927271177162e+01 -7.725306726196e+00 -4.143405693013e-01 9.187597271666e-01
5.557000000000e+01  1.919512061769e+01 -7.792861885096e+00 -4.052676914729e-01 8.958085681790e-01
5.558000000000e+01  1.911685566723e+01 -7.860065491649e+00 -3.964244258780e-01 8.728374644639e-01
5.559000000000e+01  1.903792040930e+01 -7.926922839588e+00 -3.878109238179e-01 8.498560453184e-01
5.560000000000e+01  1.895831827988e+01 -7.993439257590e+00 -3.794272402068e-01 8.268739588311e-01
5.561000000000e+01  1.887805266154e+01 -8.059620092311e+00 -3.712733334694e-01 8.039008547131e-01
5.562000000000e+01  1.879712688338e+01 -8.125470691327e+00 -3.633490656110e-01 7.809463670255e-01
5.563000000000e+01  1.871554422112e+01 -8.190996386038e+00 -3.556542024610e-01 7.580200968823e-01
5.564000000000e+01  1.863330789733e+01 -8.256202474632e+00 -3.481884140879e-01 7.351315952070e-01
5.565000000000e+01  1.855042108183e+01 -8.321094205177e+00 -3.409512753872e-01 7.122903456216e-01
5.566000000000e+01  1.846688689232e+01 -8.385676758927e+00 -3.339422668388e-01 6.895057475470e-01
5.567000000000e+01  1.838270839508e+01 -8.449955233912e+00 -3.271607754322e-01 6.667870995909e-01
5.568000000000e+01  1.829788860593e+01 -8.513934628888e+00 -3.206060957555e-01 6.441435832985e-01
5.569000000000e+01  1.821243049124e+01 -8.577619827729e+00 -3.142774312457e-01 6.215842473384e-01
5.570000000000e+01  1.812633696924e+01 -8.641015584315e+00 -3.081738955934e-01 5.991179921935e-01
5.571000000000e+01  1.803961091130e+01 -8.704126507990e+00 -3.022945142988e-01 5.767535554215e-01
5.572000000000e+01  1.795225514351e+01 -8.766957049660e+00 -2.966382263713e-01 5.544994975478e-01
5.573000000000e+01  1.786427244830e+01 -8.829511488563e+00 -2.912038861669e-01 5.323641886462e-01
5.574000000000e+01  1.777566556624e+01 -8.891793919793e+00 -2.859902653563e-01 5.103557956601e-01
5.575000000000e+01  1.768643719793e+01 -8.953808242602e+00 -2.809960550155e-01 4.884822705107e-01
5.576000000000e+01  1.759659000598e+01 -9.015558149527e+00 -2.762198678313e-01 4.667513390314e-01
5.577000000000e+01  1.750612661720e+01 -9.077047116387e+00 -2.716602404136e-01 4.451704907654e-01
5.578000000000e+01  1.741504962474e+01 -9.138278393157e+00 -2.673156357043e-01 4.237469696533e-01
5.579000000000e+01  1.732336159043e+01 -9.199254995766e+00 -2.631844454757e-01 4.024877656341e-01
5.580000000000e+01  1.723106504716e+01 -9.259979698818e+00 -2.592649929078e-01 3.813996071761e-01
5.581000000000e+01  1.713816250129e+01 -9.320455029251e+00 -2.555555352358e-01 3.604889547481e-01
5.582000000000e+01  1.704465643520e+01 -9.380683260944e+00 -2.520542664575e-01 3.397619952351e-01
5.583000000000e+01  1.695054930979e+01 -9.440666410262e+00 -2.487593200932e-01 3.192246372966e-01
5.584000000000e+01  1.685584356712e+01 -9.500406232540e+00 -2.456687719858e-01 2.988825076617e-01
5.585000000000e+01  1.676054163302e+01 -9.559904219485e+00 -2.427806431340e-01 2.787409483469e-01
5.586000000000e+01  1.666464591972e+01 -9.619161597489e+00 -2.400929025496e-01 2.588050147810e-01
5.587000000000e+01  1.656815882851e+01 -9.678179326817e+00 -2.376034701274e-01 2.390794748126e-01
5.588000000000e+01  1.647108275242e+01 -9.736958101658e+00 -2.353102195222e-01 2.195688085767e-01
5.589000000000e+01  1.637342007886e+01 -9.795498351000e+00 -2.332109810226e-01 2.002772091869e-01
5.590000000000e+01  1.627517319226e+01 -9.853800240296e+00 -2.313035444131e-01 1.812085842215e-01
5.591000000000e+01  1.617634447672e+01 -9.911863673888e+00 -2.295856618193e-01 1.623665579656e-01
5.592000000000e+01  1.607693631857e+01 -9.969688298141e+00 -2.280550505250e-01 1.437544743689e-01
5.593000000000e+01  1.597695110895e+01 -1.002727350526e+01 -2.267093957582e-01 1.253754006794e-01
5.594000000000e+01  1.587639124633e+01 -1.008461843771e+01 -2.255463534364e-01 1.072321317062e-01
5.595000000000e+01  1.577525913897e+01 -1.014172199328e+01 -2.245635528668e-01 8.932719466957e-02
5.596000000000e+01  1.567355720737e+01 -1.019858283060e+01 -2.237585993953e-01 7.166285458968e-02
5.597000000000e+01  1.557128788658e+01 -1.025519937525e+01 -2.231290769993e-01 5.424112016932e-02
5.598000000000e+01  1.546845362856e+01 -1.031156982619e+01 -2.226725508187e-01 3.706375012252e-02
5.599000000000e+01  1.536505690434e+01 -1.036769216274e+01 -2.223865696227e-01 2.013225990313e-02
5.600000000000e+01  1.526110020625e+01 -1.042356415177e+01 -2.222686682069e-01 3.447928787071e-03
5.601000000000e+01  1.515658604997e+01 -1.047918335529e+01 -2.223163697178e-01 -1.298819273722e-02
5.602000000000e+01  1.505151697653e+01 -1.053454713827e+01 -2.225271879027e-01 -2.917527531437e-02
5.603000000000e+01  1.494589555426e+01 -1.058965267666e+01 -2.228986292818e-01 -4.511270284684e-02
5.604000000000e+01  1.483972438066e+01 -1.064449696563e+01 -2.234281952400e-01 -6.080006444039e-02
5.605000000000e+01  1.473300608411e+01 -1.069907682795e+01 -2.241133840385e-01 -7.623714621025e-02
5.606000000000e+01  1.462574332560e+01 -1.075338892239e+01 -2.249516927433e-01 -9.142392298596e-02
5.607000000000e+01  1.451793880029e+01 -1.080742975229e+01 -2.259406190703e-01 -1.063605499512e-01
5.608000000000e+01  1.440959523907e+01 -1.086119567410e+01 -2.270776631470e-01 -1.210473542527e-01
5.609000000000e+01  1.430071540993e+01 -1.091468290592e+01 -2.283603291905e-01 -1.354848266099e-01
5.610000000000e+01  1.419130211934e+01 -1.096788753601e+01 -2.297861271010e-01 -1.496736129558e-01
5.611000000000e+01  1.408135821350e+01 -1.102080553129e+01 -2.313525739726e-01 -1.636145061362e-01
5.612000000000e+01  1.397088657949e+01 -1.107343274567e+01 -2.330571955216e-01 -1.773084376931e-01
5.613000000000e+01  1.385989014640e+01 -1.112576492831e+01 -2.348975274323e-01 -1.907564697546e-01
5.614000000000e+01  1.374837188629e+01 -1.117779773181e+01 -2.368711166238e-01 -2.039597870540e-01
5.615000000000e+01  1.363633481514e+01 -1.122952672012e+01 -2.389755224362e-01 -2.169196890959e-01
5.616000000000e+01  1.352378199370e+01 -1.128094737643e+01 -2.412083177401e-01 -2.296375824861e-01
5.617000000000e+01  1.341071652825e+01 -1.133205511077e+01 -2.435670899704e-01 -2.421149734408e-01
5.618000000000e+01  1.329714157130e+01 -1.138284526745e+01 -2.460494420860e-01 -2.543534604885e-01
5.619000000000e+01  1.318306032222e+01 -1.143331313235e+01 -2.486529934568e-01 -2.663547273737e-01
5.620000000000e+01  1.306847602776e+01 -1.148345393989e+01 -2.513753806821e-01 -2.781205361747e-01
5.621000000000e+01  1.295339198257e+01 -1.153326287987e+01 -2.542142583405e-01 -2.896527206407e-01
5.622000000000e+01  1.283781152956e+01 -1.158273510406e+01 -2.571672996743e-01 -3.009531797556e-01
5.623000000000e+01  1.272173806031e+01 -1.163186573251e+01 -2.602321972106e-01 -3.120238715334e-01
5.624000000000e+01  1.260517501532e+01 -1.168064985970e+01 -2.634066633225e-01 -3.228668070471e-01
5.625000000000e+01  1.248812588425e+01 -1.172908256038e+01 -2.666884307300e-01 -3.334840446949e-01
5.626000000000e+01  1.237059420607e+01 -1.177715889523e+01 -2.700752529468e-01 -3.438776847038e-01
5.627000000000e+01  1.225258356918e+01 -1.182487391624e+01 -2.735649046714e-01 -3.540498638698e-01
5.628000000000e+01  1.213409761151e+01 -1.187222267186e+01 -2.771551821284e-01 -3.640027505352e-01
5.629000000000e+01  1.201514002047e+01 -1.191920021197e+01 -2.808439033594e-01 -3.737385397985e-01
5.630000000000e+01  1.189571453296e+01 -1.196580159251e+01 -2.846289084683e-01 -3.832594489571e-01
5.631000000000e+01  1.177582493524e+01 -1.201202187997e+01 -2.885080598213e-01 -3.925677131766e-01
5.632000000000e+01  1.165547506286e+01 -1.205785615565e+01 -2.924792422052e-01 -4.016655813838e-01
5.633000000000e+01  1.153466880046e+01 -1.210329951961e+01 -2.965403629454e-01 -4.105553123792e-01
5.634000000000e+01  1.141341008155e+01 -1.214834709456e+01 -3.006893519866e-01 -4.192391711621e-01
5.635000000000e+01  1.129170288830e+01 -1.219299402937e+01 -3.049241619371e-01 -4.277194254646e-01
5.636000000000e+01  1.116955125122e+01 -1.223723550250e+01 -3.092427680799e-01 -4.359983424875e-01
5.637000000000e+01  1.104695924890e+01 -1.228106672520e+01 -3.136431683523e-01 -4.440781858318e-01
5.638000000000e+01  1.092393100762e+01 -1.232448294447e+01 -3.181233832952e-01 -4.519612126204e-01
5.639000000000e+01  1.080047070101e+01 -1.236747944593e+01 -3.226814559748e-01 -4.596496708020e-01
5.640000000000e+01  1.067658254962e+01 -1.241005155640e+01 -3.273154518787e-01 -4.671457966315e-01
5.641000000000e+01  1.055227082054e+01 -1.245219464642e+01 -3.320234587867e-01 -4.744518123199e-01
5.642000000000e+01  1.042753982689e+01 -1.249390413250e+01 -3.368035866198e-01 -4.815699238465e-01
5.643000000000e+01  1.030239392742e+01 -1.253517547933e+01 -3.416539672673e-01 -4.885023189267e-01
5.644000000000e+01  1.017683752596e+01 -1.257600420171e+01 -3.465727543954e-01 -4.952511651282e-01
5.645000000000e+01  1.005087507093e+01 -1.261638586646e+01 -3.515581232362e-01 -5.018186081305e-01
5.646000000000e+01  9.924511054833e+00 -1.265631609410e+01 -3.566082703616e-01 -5.082067701176e-01
5.647000000000e+01  9.797750013675e+00 -1.269579056044e+01 -3.617214134401e-01 -5.144177483011e-01
5.648000000000e+01  9.670596526425e+00 -1.273480499807e+01 -3.668957909813e-01 -5.204536135642e-01
5.649000000000e+01  9.543055214435e+00 -1.277335519767e+01 -3.721296620654e-01 -5.263164092220e-01
5.650000000000e+01  9.415130740853e+00 -1.281143700926e+01 -3.774213060627e-01 -5.320081498909e-01
5.651000000000e+01  9.286827810027e+00 -1.284904634334e+01 -3.827690223408e-01 -5.375308204612e-01
5.652000000000e+01  9.158151166891e+00 -1.288617917191e+01 -3.881711299632e-01 -5.428863751674e-01
5.653000000000e+01  9.029105596346e+00 -1.292283152939e+01 -3.936259673783e-01 -5.480767367501e-01
5.654000000000e+01  8.899695922634e+00 -1.295899951351e+01 -3.991318921008e-01 -5.531037957035e-01
5.655000000000e+01  8.769927008700e+00 -1.299467928606e+01 -4.046872803858e-01 -5.579694096043e-01
5.656000000000e+01  8.639803755546e+00 -1.302986707357e+01 -4.102905268965e-01 -5.626754025152e-01
5.657000000000e+01  8.509331101582e+00 -1.306455916792e+01 -4.159400443670e-01 -5.672235644596e-01
5.658000000000e+01  8.378514021971e+00 -1.309875192696e+01 -4.216342632587e-01 -5.716156509611e-01
5.659000000000e+01  8.247357527966e+00 -1.313244177490e+01 -4.273716314143e-01 -5.758533826451e-01
5.660000000000e+01  8.115866666242e+00 -1.316562520281e+01 -4.331506137062e-01 -5.799384448952e-01
5.661000000000e+01  7.984046518228e+00 -1.319829876900e+01 -4.389696916835e-01 -5.838724875639e-01
5.662000000000e+01  7.851902199432e+00 -1.323045909930e+01 -4.448273632145e-01 -5.876571247294e-01
5.663000000000e+01  7.719438858767e+00 -1.326210288739e+01 -4.507221421288e-01 -5.912939344984e-01
5.664000000000e+01  7.586661677865e+00 -1.329322689501e+01 -4.566525578566e-01 -5.947844588481e-01
5.665000000000e+01  7.453575870403e+00 -1.332382795218e+01 -4.626171550663e-01 -5.981302035056e-01
5.666000000000e+01  7.320186681413e+00 -1.335390295737e+01 -4.686144933023e-01 -6.013326378615e-01
5.667000000000e+01  7.186499386603e+00 -1.338344887761e+01 -4.746431466208e-01 -6.043931949127e-01
5.668000000000e+01  7.052519291662e+00 -1.341246274861e+01 -4.807017032259e-01 -6.073132712332e-01
5.669000000000e+01  6.918251731584e+00 -1.344094167487e+01 -4.867887651055e-01 -6.100942269689e-01
5.670000000000e+01  6.783702069970e+00 -1.346888282968e+01 -4.929029476670e-01 -6.127373858544e-01
5.671000000000e+01  6.648875698345e+00 -1.349628345520e+01 -4.990428793729e-01 -6.152440352482e-01
5.672000000000e+01  6.513778035470e+00 -1.352314086248e+01 -5.052072013783e-01 -6.176154261846e-01
5.673000000000e+01  6.378414526649e+00 -1.354945243142e+01 -5.113945671669e-01 -6.198527734397e-01
5.674000000000e+01  6.242790643042e+00 -1.357521561080e+01 -5.176036421896e-01 -6.219572556088e-01
5.675000000000e+01  6.106911880981e+00 -1.360042791827e+01 -5.238331035028e-01 -6.239300151945e-01
5.676000000000e+01  5.970783761272e+00 -1.362508694026e+01 -5.300816394079e-01 -6.257721587010e-01
5.677000000000e+01  5.834411828519e+00 -1.364919033201e+01 -5.363479490919e-01 -6.274847567358e-01
5.678000000000e+01  5.697801650424e+00 -1.367273581747e+01 -5.426307422690e-01 -6.290688441141e-01
5.679000000000e+01  5.560958817111e+00 -1.369572118930e+01 -5.489287388232e-01 -6.305254199660e-01
5.680000000000e+01  5.423888940432e+00 -1.371814430879e+01 -5.552406684518e-01 -6.318554478446e-01
5.681000000000e+01  5.286597653283e+00 -1.374000310580e+01 -5.615652703106e-01 -6.330598558330e-01
5.682000000000e+01  5.149090608920e+00 -1.376129557876e+01 -5.679012926591e-01 -6.341395366486e-01
5.683000000000e+01  5.011373480271e+00 -1.378201979456e+01 -5.742474925080e-01 -6.350953477451e-01
5.684000000000e+01  4.873451959254e+00 -1.380217388855e+01 -5.806026352665e-01 -6.359281114079e-01
5.685000000000e+01  4.735331756092e+00 -1.382175606448e+01 -5.869654943914e-01 -6.366386148448e-01
5.686000000000e+01  4.597018598627e+00 -1.384076459449e+01 -5.933348510366e-01 -6.372276102685e-01
5.687000000000e+01  4.458518231639e+00 -1.385919781902e+01 -5.997094937037e-01 -6.376958149718e-01
5.688000000000e+01  4.319836416163e+00 -1.387705414688e+01 -6.060882178927e-01 -6.380439113918e-01
5.689000000000e+01  4.180978928801e+00 -1.389433205516e+01 -6.124698257543e-01 -6.382725471662e-01
5.690000000000e+01  4.041951561047e+00 -1.391103008927e+01 -6.188531257415e-01 -6.383823351759e-01
5.691000000000e+01  3.902760118597e+00 -1.392714686295e+01 -6.252369322629e-01 -6.383738535775e-01
5.692000000000e+01  3.763410420668e+00 -1.394268105826e+01 -6.316200653347e-01 -6.382476458218e-01
5.693000000000e+01  3.623908299314e+00 -1.395763142564e+01 -6.380013502346e-01 -6.380042206594e-01
5.694000000000e+01  3.484259598745e+00 -1.397199678395e+01 -6.443796171540e-01 -6.376440521311e-01
5.695000000000e+01  3.344470174638e+00 -1.398577602052e+01 -6.507537008510e-01 -6.371675795449e-01
5.696000000000e+01  3.204545893454e+00 -1.399896809121e+01 -6.571224403031e-01 -6.365752074353e-01
5.697000000000e+01  3.064492631753e+00 -1.401157202054e+01 -6.634846783589e-01 -6.358673055081e-01
5.698000000000e+01  2.924316275506e+00 -1.402358690175e+01 -6.698392613898e-01 -6.350442085675e-01
5.699000000000e+01  2.784022719408e+00 -1.403501189692e+01 -6.761850389400e-01 -6.341062164263e-01
5.700000000000e+01  2.643617866187e+00 -1.404584623713e+01 -6.825208633764e-01 -6.330535937983e-01
5.701000000000e+01  2.503107625915e+00 -1.405608922259e+01 -6.888455895371e-01 -6.318865701718e-01
5.702000000000e+01  2.362497915316e+00 -1.406574022282e+01 -6.951580743781e-01 -6.306053396654e-01
5.703000000000e+01  2.221794657072e+00 -1.407479867680e+01 -7.014571766190e-01 -6.292100608640e-01
5.704000000000e+01  2.081003779124e+00 -1.408326409325e+01 -7.077417563865e-01 -6.277008566358e-01
5.705000000000e+01  1.940131213979e+00 -1.409113605074e+01 -7.140106748566e-01 -6.260778139289e-01
5.706000000000e+01  1.799182898007e+00 -1.409841419804e+01 -7.202627938939e-01 -6.243409835487e-01
5.707000000000e+01  1.658164770737e+00 -1.410509825429e+01 -7.264969756893e-01 -6.224903799137e-01
5.708000000000e+01  1.517082774155e+00 -1.411118800934e+01 -7.327120823945e-01 -6.205259807922e-01
5.709000000000e+01  1.375942851992e+00 -1.411668332402e+01 -7.389069757542e-01 -6.184477270168e-01
5.710000000000e+01  1.234750949016e+00 -1.412158413044e+01 -7.450805167353e-01 -6.162555221785e-01
5.711000000000e+01  1.093513010313e+00 -1.412589043235e+01 -7.512315651527e-01 -6.139492322998e-01
5.712000000000e+01  9.522349805747e-01 -1.412960230548e+01 -7.573589792919e-01 -6.115286854862e-01
5.713000000000e+01  8.109228033715e-01 -1.413271989793e+01 -7.634616155282e-01 -6.089936715564e-01
5.714000000000e+01  6.695824204300e-01 -1.413524343054e+01 -7.695383279414e-01 -6.063439416511e-01
5.715000000000e+01  5.282197709021e-01 -1.413717319734e+01 -7.755879679274e-01 -6.035792078209e-01
5.716000000000e+01  3.868407906318e-01 -1.413850956595e+01 -7.816093838051e-01 -6.006991425919e-01
5.717000000000e+01  2.454514114164e-01 -1.413925297803e+01 -7.876014204185e-01 -5.977033785114e-01
5.718000000000e+01  1.040575602639e-01 -1.413940394979e+01 -7.935629187350e-01 -5.945915076711e-01
5.719000000000e+01  -3.733484135494e-02 -1.413896307245e+01 -7.994927154379e-01 -5.913630812105e-01
5.720000000000e+01  -1.787198782590e-01 -1.413793101275e+01 -8.053896425148e-01 -5.880176087993e-01
5.721000000000e+01  -3.200916423152e-01 -1.413630851351e+01 -8.112525268397e-01 -5.845545580994e-01
5.722000000000e+01  -4.614442332015e-01 -1.413409639413e+01 -8.170801897506e-01 -5.809733542074e-01
5.723000000000e+01  -6.027717591758e-01 -1.413129555121e+01 -8.228714466204e-01 -5.772733790772e-01
5.724000000000e+01  -7.440683378509e-01 -1.412790695908e+01 -8.286251064232e-01 -5.734539709237e-01
5.725000000000e+01  -8.853280969748e-01 -1.412393167045e+01 -8.343399712933e-01 -5.695144236089e-01
5.726000000000e+01  -1.026545175217e+00 -1.411937081698e+01 -8.400148360785e-01 -5.654539860098e-01
5.727000000000e+01  -1.167713722962e+00 -1.411422560993e+01 -8.456484878874e-01 -5.612718613694e-01
5.728000000000e+01  -1.308827903109e+00 -1.410849734081e+01 -8.512397056293e-01 -5.569672066326e-01
5.729000000000e+01  -1.449881891875e+00 -1.410218738204e+01 -8.567872595483e-01 -5.525391317664e-01
5.730000000000e+01  -1.590869879610e+00 -1.409529718759e+01 -8.622899107496e-01 -5.479866990671e-01
5.731000000000e+01  -1.731786071616e+00 -1.408782829372e+01 -8.677464107194e-01 -5.433089224547e-01
5.732000000000e+01  -1.872624688972e+00 -1.407978231958e+01 -8.731555008377e-01 -5.385047667560e-01
5.733000000000e+01  -2.013379969365e+00 -1.407116096802e+01 -8.785159118836e-01 -5.335731469793e-01
5.734000000000e+01  -2.154046167934e+00 -1.406196602619e+01 -8.838263635334e-01 -5.285129275797e-01
5.735000000000e+01  -2.294617558114e+00 -1.405219936631e+01 -8.890855638516e-01 -5.233229217201e-01
5.736000000000e+01  -2.435088432493e+00 -1.404186294638e+01 -8.942922087740e-01 -5.180018905270e-01
5.737000000000e+01  -2.575453103669e+00 -1.403095881083e+01 -8.994449815836e-01 -5.125485423457e-01
5.738000000000e+01  -2.715705905121e+00 -1.401948909133e+01 -9.045425523794e-01 -5.069615319955e-01
5.739000000000e+01  -2.855841192086e+00 -1.400745600739e+01 -9.095835775371e-01 -5.012394600291e-01
5.740000000000e+01  -2.995853342436e+00 -1.399486186713e+01 -9.145666991628e-01 -4.953808719979e-01
5.741000000000e+01  -3.135736757573e+00 -1.398170906792e+01 -9.194905445394e-01 -4.893842577267e-01
5.742000000000e+01  -3.275485863321e+00 -1.396800009707e+01 -9.243537255661e-01 -4.832480506017e-01
5.743000000000e+01  -3.415095110832e+00 -1.395373753248e+01 -9.291548381897e-01 -4.769706268749e-01
5.744000000000e+01  -3.554558977491e+00 -1.393892404326e+01 -9.338924618310e-01 -4.705503049885e-01
5.745000000000e+01  -3.693871967836e+00 -1.392356239034e+01 -9.385651588023e-01 -4.639853449250e-01
5.746000000000e+01  -3.833028614472e+00 -1.390765542704e+01 -9.431714737207e-01 -4.572739475853e-01
5.747000000000e+01  -3.972023479007e+00 -1.389120609962e+01 -9.477099329136e-01 -4.504142542027e-01
5.748000000000e+01  -4.110851152976e+00 -1.387421744774e+01 -9.521790438197e-01 -4.434043457944e-01
5.749000000000e+01  -4.249506258779e+00 -1.385669260494e+01 -9.565772943841e-01 -4.362422426600e-01
5.750000000000e+01  -4.387983450626e+00 -1.383863479904e+01 -9.609031524492e-01 -4.289259039298e-01
5.751000000000e+01  -4.526277415477e+00 -1.382004735244e+01 -9.651550651406e-01 -4.214532271711e-01
5.752000000000e+01  -4.664382873990e+00 -1.380093368243e+01 -9.693314582500e-01 -4.138220480590e-01
5.753000000000e+01  -4.802294581470e+00 -1.378129730137e+01 -9.734307356152e-01 -4.060301401183e-01
5.754000000000e+01  -4.940007328826e+00 -1.376114181680e+01 -9.774512784973e-01 -3.980752145456e-01
5.755000000000e+01  -5.077515943514e+00 -1.374047093148e+01 -9.813914449575e-01 -3.899549201183e-01
5.756000000000e+01  -5.214815290496e+00 -1.371928844332e+01 -9.852495692321e-01 -3.816668431995e-01
5.757000000000e+01  -5.351900273188e+00 -1.369759824519e+01 -9.890239611100e-01 -3.732085078489e-01
5.758000000000e+01  -5.488765834407e+00 -1.367540432464e+01 -9.927129053097e-01 -3.645773760486e-01
5.759000000000e+01  -5.625406957319e+00 -1.365271076347e+01 -9.963146608611e-01 -3.557708480529e-01
5.760000000000e+01  -5.761818666374e+00 -1.362952173718e+01 -9.998274604903e-01 -3.467862628754e-01
5.761000000000e+01  -5.897996028244e+00 -1.360584151426e+01 -1.003249510010e+00 -3.376208989214e-01
5.762000000000e+01  -6.033934152746e+00 -1.358167445532e+01 -1.006578987719e+00 -3.282719747801e-01
5.763000000000e+01  -6.169628193759e+00 -1.355702501207e+01 -1.009814043805e+00 -3.187366501863e-01
5.764000000000e+01  -6.305073350129e+00 -1.353189772606e+01 -1.012952799768e+00 -3.090120271664e-01
5.765000000000e+01  -6.440264866559e+00 -1.350629722730e+01 -1.015993347843e+00 -2.990951513802e-01
5.766000000000e+01  -6.575198034486e+00 -1.348022823262e+01 -1.018933750449e+00 -2.889830136729e-01
5.767000000000e+01  -6.709868192942e+00 -1.345369554377e+01 -1.021772039649e+00 -2.786725518513e-01
5.768000000000e+01  -6.844270729390e+00 -1.342670404537e+01 -1.024506216626e+00 -2.681606526984e-01
5.769000000000e+01  -6.978401080541e+00 -1.339925870256e+01 -1.027134251191e+00 -2.574441542412e-01
5.770000000000e+01  -7.112254733148e+00 -1.337136455833e+01 -1.029654081299e+00 -2.465198482874e-01
5.771000000000e+01  -7.245827224769e+00 -1.334302673064e+01 -1.032063612611e+00 -2.353844832454e-01
5.772000000000e+01  -7.379114144500e+00 -1.331425040923e+01 -1.034360718067e+00 -2.240347672439e-01
5.773000000000e+01  -7.512111133677e+00 -1.328504085205e+01 -1.036543237506e+00 -2.124673715671e-01
5.774000000000e+01  -7.644813886535e+00 -1.325540338143e+01 -1.038608977312e+00 -2.006789344207e-01
5.775000000000e+01  -7.777218150837e+00 -1.322534337989e+01 -1.040555710110e+00 -1.886660650439e-01
5.776000000000e+01  -7.909319728447e+00 -1.319486628551e+01 -1.042381174490e+00 -1.764253481852e-01
5.777000000000e+01  -8.041114475863e+00 -1.316397758705e+01 -1.044083074794e+00 -1.639533489545e-01
5.778000000000e+01  -8.172598304699e+00 -1.313268281855e+01 -1.045659080944e+00 -1.512466180683e-01
5.779000000000e+01  -8.303767182105e+00 -1.310098755361e+01 -1.047106828322e+00 -1.383016975021e-01
5.780000000000e+01  -8.434617131137e+00 -1.306889739921e+01 -1.048423917720e+00 -1.251151265630e-01
5.781000000000e+01  -8.565144231053e+00 -1.303641798909e+01 -1.049607915338e+00 -1.116834483962e-01
5.782000000000e+01  -8.695344617547e+00 -1.300355497670e+01 -1.050656352866e+00 -9.800321693568e-02
5.783000000000e+01  -8.825214482910e+00 -1.297031402769e+01 -1.051566727620e+00 -8.407100431222e-02
5.784000000000e+01  -8.954750076110e+00 -1.293670081193e+01 -1.052336502769e+00 -6.988340872448e-02
5.785000000000e+01  -9.083947702792e+00 -1.290272099506e+01 -1.052963107637e+00 -5.543706278305e-02
5.786000000000e+01  -9.212803725194e+00 -1.286838022954e+01 -1.053443938089e+00 -4.072864233165e-02
5.787000000000e+01  -9.341314561964e+00 -1.283368414526e+01 -1.053776357011e+00 -2.575487574909e-02
5.788000000000e+01  -9.469476687887e+00 -1.279863833963e+01 -1.053957694885e+00 -1.051255373267e-02
5.789000000000e+01  -9.597286633509e+00 -1.276324836720e+01 -1.053985250462e+00 5.001460438727e-03
5.790000000000e+01  -9.724740984652e+00 -1.272751972882e+01 -1.053856291543e+00 2.079022016673e-02
5.791000000000e+01  -9.851836381823e+00 -1.269145786031e+01 -1.053568055865e+00 3.685668432881e-02
5.792000000000e+01  -9.978569519501e+00 -1.265506812065e+01 -1.053117752111e+00 5.320370561832e-02
5.793000000000e+01  -1.010493714531e+01 -1.261835577984e+01 -1.052502561026e+00 6.983401844461e-02
5.794000000000e+01  -1.023093605907e+01 -1.258132600616e+01 -1.051719636665e+00 8.675022641238e-02
5.795000000000e+01  -1.035656311171e+01 -1.254398385320e+01 -1.050766107765e+00 1.039547894039e-01
5.796000000000e+01  -1.048181520405e+01 -1.250633424642e+01 -1.049639079251e+00 1.214500102920e-01
5.797000000000e+01  -1.060668928545e+01 -1.246838196940e+01 -1.048335633871e+00 1.392380213170e-01
5.798000000000e+01  -1.073118235235e+01 -1.243013164979e+01 -1.046852833972e+00 1.573207701640e-01
5.799000000000e+01  -1.085529144658e+01 -1.239158774502e+01 -1.045187723421e+00 1.757000057847e-01
5.800000000000e+01  -1.097901365365e+01 -1.235275452777e+01 -1.043337329658e+00 1.943772640099e-01
5.801000000000e+01  -1.110234610080e+01 -1.231363607127e+01 -1.041298665905e+00 2.133538530069e-01
5.802000000000e+01  -1.122528595490e+01 -1.227423623459e+01 -1.039068733512e+00 2.326308386386e-01
5.803000000000e+01  -1.134783042030e+01 -1.223455864776e+01 -1.036644524457e+00 2.522090297889e-01
5.804000000000e+01  -1.146997673642e+01 -1.219460669704e+01 -1.034023023986e+00 2.720889637208e-01
5.805000000000e+01  -1.159172217525e+01 -1.215438351023e+01 -1.031201213404e+00 2.922708915431e-01
5.806000000000e+01  -1.171306403868e+01 -1.211389194220e+01 -1.028176073006e+00 3.127547638608e-01
5.807000000000e+01  -1.183399965574e+01 -1.207313456063e+01 -1.024944585156e+00 3.335402166925e-01
5.808000000000e+01  -1.195452637961e+01 -1.203211363219e+01 -1.021503737498e+00 3.546265577418e-01
5.809000000000e+01  -1.207464158458e+01 -1.199083110906e+01 -1.017850526307e+00 3.760127531104e-01
5.810000000000e+01  -1.219434266280e+01 -1.194928861610e+01 -1.013981959968e+00 3.976974145468e-01
5.811000000000e+01  -1.231362702100e+01 -1.190748743850e+01 -1.009895062584e+00 4.196787873250e-01
5.812000000000e+01  -1.243249207700e+01 -1.186542851031e+01 -1.005586877692e+00 4.419547388491e-01
5.813000000000e+01  -1.255093525612e+01 -1.182311240369e+01 -1.001054472098e+00 4.645227480809e-01
5.814000000000e+01  -1.266895398760e+01 -1.178053931910e+01 -9.962949398081e-01 4.873798958886e-01
5.815000000000e+01  -1.278654570072e+01 -1.173770907656e+01 -9.913054060554e-01 5.105228564106e-01
5.816000000000e+01  -1.290370782107e+01 -1.169462110790e+01 -9.860830314016e-01 5.339478895302e-01
5.817000000000e+01  -1.302043776656e+01 -1.165127445035e+01 -9.806250159129e-01 5.576508345510e-01
5.818000000000e+01  -1.313673294347e+01 -1.160766774132e+01 -9.749286033909e-01 5.816271051600e-01
5.819000000000e+01  -1.325259074245e+01 -1.156379921457e+01 -9.689910856468e-01 6.058716857605e-01
5.820000000000e+01  -1.336800853444e+01 -1.151966669785e+01 -9.628098068056e-01 6.303791292499e-01
5.821000000000e+01  -1.348298366666e+01 -1.147526761202e+01 -9.563821676246e-01 6.551435563100e-01
5.822000000000e+01  -1.359751345845e+01 -1.143059897178e+01 -9.497056298113e-01 6.801586562706e-01
5.823000000000e+01  -1.371159519734e+01 -1.138565738794e+01 -9.427777203243e-01 7.054176895958e-01
5.824000000000e+01  -1.382522613491e+01 -1.134043907148e+01 -9.355960356418e-01 7.309134920336e-01
5.825000000000e+01  -1.393840348293e+01 -1.129493983917e+01 -9.281582459789e-01 7.566384804574e-01
5.826000000000e+01  -1.405112440936e+01 -1.124915512101e+01 -9.204620994388e-01 7.825846604175e-01
5.827000000000e+01  -1.416338603460e+01 -1.120307996927e+01 -9.125054260802e-01 8.087436354056e-01
5.828000000000e+01  -1.427518542773e+01 -1.115670906934e+01 -9.042861418824e-01 8.351066178254e-01
5.829000000000e+01  -1.438651960292e+01 -1.111003675222e+01 -8.958022525932e-01 8.616644416480e-01
5.830000000000e+01  -1.449738551592e+01 -1.106305700862e+01 -8.870518574418e-01 8.884075767149e-01
5.831000000000e+01  -1.460778006080e+01 -1.101576350473e+01 -8.780331527003e-01 9.153261446435e-01
5.832000000000e+01  -1.471770006673e+01 -1.096814959947e+01 -8.687444350792e-01 9.424099362696e-01
5.833000000000e+01  -1.482714229504e+01 -1.092020836324e+01 -8.591841049404e-01 9.696484305557e-01
5.834000000000e+01  -1.493610343641e+01 -1.087193259803e+01 -8.493506693142e-01 9.970308148751e-01
5.835000000000e+01  -1.504458010832e+01 -1.082331485878e+01 -8.392427447082e-01 1.024546006575e+00
5.836000000000e+01  -1.515256885266e+01 -1.077434747601e+01 -8.288590596932e-01 1.052182675706e+00
5.837000000000e+01  -1.526006613364e+01 -1.072502257933e+01 -8.181984572575e-01 1.079929268805e+00
5.838000000000e+01  -1.536706833587e+01 -1.067533212203e+01 -8.072598969187e-01 1.107774033591e+00
5.839000000000e+01  -1.547357176273e+01 -1.062526790637e+01 -7.960424565843e-01 1.135705044450e+00
5.840000000000e+01  -1.557957263502e+01 -1.057482160950e+01 -7.845453341545e-01 1.163710228565e+00
5.841000000000e+01  -1.568506708979e+01 -1.052398480994e+01 -7.727678488609e-01 1.191777392532e+00
5.842000000000e+01  -1.579005117955e+01 -1.047274901433e+01 -7.607094423380e-01 1.219894249329e+00
5.843000000000e+01  -1.589452087161e+01 -1.042110568446e+01 -7.483696794230e-01 1.248048445482e+00
5.844000000000e+01  -1.599847204785e+01 -1.036904626421e+01 -7.357482486849e-01 1.276227588258e+00
5.845000000000e+01  -1.610190050460e+01 -1.031656220654e+01 -7.228449626809e-01 1.304419272773e+00
5.846000000000e+01  -1.620480195292e+01 -1.026364500011e+01 -7.096597579447e-01 1.332611108822e+00
5.847000000000e+01  -1.630717201906e+01 -1.021028619553e+01 -6.961926947063e-01 1.360790747327e+00
5.848000000000e+01  -1.640900624521e+01 -1.015647743108e+01 -6.824439563523e-01 1.388945906239e+00
5.849000000000e+01  -1.651030009050e+01 -1.010221045779e+01 -6.684138486287e-01 1.417064395782e+00
5.850000000000e+01  -1.661104893227e+01 -1.004747716366e+01 -6.541027985962e-01 1.445134142902e+00
5.851000000000e+01  -1.671124806754e+01 -9.992269597039e+00 -6.395113533450e-01 1.473143214817e+00
5.852000000000e+01  -1.681089271471e+01 -9.936579988992e+00 -6.246401784797e-01 1.501079841558e+00
5.853000000000e+01  -1.690997801552e+01 -9.880400774524e+00 -6.094900563839e-01 1.528932437416e+00
5.854000000000e+01  -1.700849903719e+01 -9.823724612664e+00 -5.940618842757e-01 1.556689621205e+00
5.855000000000e+01  -1.710645077474e+01 -9.766544405281e+00 -5.783566720683e-01 1.584340235271e+00
5.856000000000e+01  -1.720382815350e+01 -9.708853314586e+00 -5.623755400454e-01 1.611873363194e+00
5.857000000000e+01  -1.730062603180e+01 -9.650644779281e+00 -5.461197163677e-01 1.639278346128e+00
5.858000000000e+01  -1.739683920383e+01 -9.591912529310e+00 -5.295905344219e-01 1.666544797751e+00
5.859000000000e+01  -1.749246240260e+01 -9.532650599185e+00 -5.127894300283e-01 1.693662617795e+00
5.860000000000e+01  -1.758749030304e+01 -9.472853339895e+00 -4.957179385194e-01 1.720622004140e+00
5.861000000000e+01  -1.768191752522e+01 -9.412515429359e+00 -4.783776917052e-01 1.747413463483e+00
5.862000000000e+01  -1.777573863768e+01 -9.351631881474e+00 -4.607704147390e-01 1.774027820573e+00
5.863000000000e+01  -1.786894816082e+01 -9.290198053735e+00 -4.428979228974e-01 1.800456226041e+00
5.864000000000e+01  -1.796154057034e+01 -9.228209653477e+00 -4.247621182895e-01 1.826690162840e+00
5.865000000000e+01  -1.805351030081e+01 -9.165662742772e+00 -4.063649865080e-01 1.852721451347e+00
5.866000000000e+01  -1.814485174920e+01 -9.102553742006e+00 -3.877085932362e-01 1.878542253142e+00
5.867000000000e+01  -1.823555927850e+01 -9.038879432203e+00 -3.687950808233e-01 1.904145073539e+00
5.868000000000e+01  -1.832562722131e+01 -8.974636956132e+00 -3.496266648402e-01 1.929522762900e+00
5.869000000000e+01  -1.841504988347e+01 -8.909823818274e+00 -3.302056306288e-01 1.954668516800e+00
5.870000000000e+01  -1.850382154766e+01 -8.844437883686e+00 -3.105343298535e-01 1.979575875111e+00
5.871000000000e+01  -1.859193647700e+01 -8.778477375854e+00 -2.906151770689e-01 2.004238720050e+00
5.872000000000e+01  -1.867938891864e+01 -8.711940873580e+00 -2.704506463104e-01 2.028651273285e+00
5.873000000000e+01  -1.876617310725e+01 -8.644827306983e+00 -2.500432677183e-01 2.052808092141e+00
5.874000000000e+01  -1.885228326856e+01 -8.577135952686e+00 -2.293956242051e-01 2.076704064996e+00
5.875000000000e+01  -1.893771362275e+01 -8.508866428252e+00 -2.085103481708e-01 2.100334405929e+00
5.876000000000e+01  -1.902245838787e+01 -8.440018685937e+00 -1.873901182767e-01 2.123694648689e+00
5.877000000000e+01  -1.910651178310e+01 -8.370593005843e+00 -1.660376562815e-01 2.146780640053e+00
5.878000000000e+01  -1.918986803205e+01 -8.300589988527e+00 -1.444557239470e-01 2.169588532651e+00
5.879000000000e+01  -1.927252136589e+01 -8.230010547125e+00 -1.226471200181e-01 2.192114777310e+00
5.880000000000e+01  -1.935446602644e+01 -8.158855899082e+00 -1.006146772807e-01 2.214356114988e+00
5.881000000000e+01  -1.943569626918e+01 -8.087127557515e+00 -7.836125970266e-02 2.236309568362e+00
5.882000000000e+01  -1.951620636616e+01 -8.014827322298e+00 -5.588975966017e-02 2.257972433120e+00
5.883000000000e+01  -1.959599060879e+01 -7.941957270902e+00 -3.320309525228e-02 2.279342269025e+00
5.884000000000e+01  -1.967504331062e+01 -7.868519749059e+00 -1.030420770574e-02 2.300416890791e+00
5.885000000000e+01  -1.975335880996e+01 -7.794517361290e+00 1.280394112827e-02 2.321194358832e+00
5.886000000000e+01  -1.983093147237e+01 -7.719952961348e+00 3.611837118445e-02 2.341672969925e+00
5.887000000000e+01  -1.990775569320e+01 -7.644829642619e+00 5.963608650007e-02 2.361851247823e+00
5.888000000000e+01  -1.998382589984e+01 -7.569150728517e+00 8.335407743790e-02 2.381727933879e+00
5.889000000000e+01  -2.005913655404e+01 -7.492919762919e+00 1.072693228154e-01 2.401301977692e+00
5.890000000000e+01  -2.013368215404e+01 -7.416140500655e+00 1.313787919408e-01 2.420572527826e+00
5.891000000000e+01  -2.020745723662e+01 -7.338816898112e+00 1.556794465569e-01 2.439538922629e+00
5.892000000000e+01  -2.028045637911e+01 -7.260953103945e+00 1.801682426936e-01 2.458200681172e+00
5.893000000000e+01  -2.035267420123e+01 -7.182553449951e+00 2.048421324304e-01 2.476557494342e+00
5.894000000000e+01  -2.042410536689e+01 -7.103622442105e+00 2.296980655712e-01 2.494609216100e+00
5.895000000000e+01  -2.049474458588e+01 -7.024164751791e+00 2.547329912322e-01 2.512355854938e+00
5.896000000000e+01  -2.056458661551e+01 -6.944185207229e+00 2.799438593453e-01 2.529797565531e+00
5.897000000000e+01  -2.063362626209e+01 -6.863688785137e+00 3.053276220795e-01 2.546934640620e+00
5.898000000000e+01  -2.070185838241e+01 -6.782680602603e+00 3.308812351821e-01 2.563767503114e+00
5.899000000000e+01  -2.076927788509e+01 -6.701165909219e+00 3.566016592422e-01 2.580296698445e+00
5.900000000000e+01  -2.083587973189e+01 -6.619150079445e+00 3.824858608788e-01 2.596522887162e+00
5.901000000000e+01  -2.090165893886e+01 -6.536638605239e+00 4.085308138561e-01 2.612446837785e+00
5.902000000000e+01  -2.096661057757e+01 -6.453637088936e+00 4.347335001292e-01 2.628069419913e+00
5.903000000000e+01  -2.103072977610e+01 -6.370151236394e+00 4.610909108212e-01 2.643391597595e+00
5.904000000000e+01  -2.109401172008e+01 -6.286186850396e+00 4.876000471364e-01 2.658414422962e+00
5.905000000000e+01  -2.115645165363e+01 -6.201749824315e+00 5.142579212102e-01 2.673139030123e+00
5.906000000000e+01  -2.121804488021e+01 -6.116846136042e+00 5.410615568998e-01 2.687566629315e+00
5.907000000000e+01  -2.127878676347e+01 -6.031481842168e+00 5.680079905174e-01 2.701698501319e+00
5.908000000000e+01  -2.133867272799e+01 -5.945663072421e+00 5.950942715095e-01 2.715535992128e+00
5.909000000000e+01  -2.139769825996e+01 -5.859396024357e+00 6.223174630828e-01 2.729080507863e+00
5.910000000000e+01  -2.145585890791e+01 -5.772686958294e+00 6.496746427820e-01 2.742333509943e+00
5.911000000000e+01  -2.151315028321e+01 -5.685542192491e+00 6.771629030196e-01 2.755296510487e+00
5.912000000000e+01  -2.156956806071e+01 -5.597968098556e+00 7.047793515608e-01 2.767971067962e+00
5.913000000000e+01  -2.162510797921e+01 -5.509971097092e+00 7.325211119670e-01 2.780358783056e+00
5.914000000000e+01  -2.167976584196e+01 -5.421557653559e+00 7.603853239978e-01 2.792461294771e+00
5.915000000000e+01  -2.173353751704e+01 -5.332734274360e+00 7.883691439763e-01 2.804280276742e+00
5.916000000000e+01  -2.178641893781e+01 -5.243507503126e+00 8.164697451176e-01 2.815817433754e+00
5.917000000000e+01  -2.183840610320e+01 -5.153883917213e+00 8.446843178242e-01 2.827074498474e+00
5.918000000000e+01  -2.188949507811e+01 -5.063870124394e+00 8.730100699494e-01 2.838053228372e+00
5.919000000000e+01  -2.193968199361e+01 -4.973472759730e+00 9.014442270307e-01 2.848755402829e+00
5.920000000000e+01  -2.198896304727e+01 -4.882698482633e+00 9.299840324955e-01 2.859182820430e+00
5.921000000000e+01  -2.203733450336e+01 -4.791553974098e+00 9.586267478407e-01 2.869337296433e+00
5.922000000000e+01  -2.208479269305e+01 -4.700045934102e+00 9.873696527872e-01 2.879220660398e+00
5.923000000000e+01  -2.213133401459e+01 -4.608181079158e+00 1.016210045412e+00 2.888834753981e+00
5.924000000000e+01  -2.217695493347e+01 -4.515966140033e+00 1.045145242259e+00 2.898181428880e+00
5.925000000000e+01  -2.222165198255e+01 -4.423407859599e+00 1.074172578430e+00 2.907262544925e+00
5.926000000000e+01  -2.226542176218e+01 -4.330512990833e+00 1.103289407657e+00 2.916079968310e+00
5.927000000000e+01  -2.230826094025e+01 -4.237288294942e+00 1.132493102356e+00 2.924635569954e+00
5.928000000000e+01  -2.235016625232e+01 -4.143740539617e+00 1.161781053672e+00 2.932931223994e+00
5.929000000000e+01  -2.239113450165e+01 -4.049876497410e+00 1.191150671498e+00 2.940968806388e+00
5.930000000000e+01  -2.243116255923e+01 -3.955702944218e+00 1.220599384488e+00 2.948750193644e+00
5.931000000000e+01  -2.247024736384e+01 -3.861226657881e+00 1.250124640061e+00 2.956277261648e+00
5.932000000000e+01  -2.250838592202e+01 -3.766454416878e+00 1.279723904386e+00 2.963551884599e+00
5.933000000000e+01  -2.254557530811e+01 -3.671392999123e+00 1.309394662359e+00 2.970575934036e+00
5.934000000000e+01  -2.258181266420e+01 -3.576049180849e+00 1.339134417575e+00 2.977351277964e+00
5.935000000000e+01  -2.261709520014e+01 -3.480429735582e+00 1.368940692288e+00 2.983879780059e+00
5.936000000000e+01  -2.265142019351e+01 -3.384541433195e+00 1.398811027363e+00 2.990163298962e+00
5.937000000000e+01  -2.268478498956e+01 -3.288391039038e+00 1.428742982222e+00 2.996203687641e+00
5.938000000000e+01  -2.271718700114e+01 -3.191985313145e+00 1.458734134788e+00 3.002002792837e+00
5.939000000000e+01  -2.274862370871e+01 -3.095331009500e+00 1.488782081416e+00 3.007562454566e+00
5.940000000000e+01  -2.277909266021e+01 -2.998434875378e+00 1.518884436827e+00 3.012884505696e+00
5.941000000000e+01  -2.280859147103e+01 -2.901303650740e+00 1.549038834031e+00 3.017970771577e+00
5.942000000000e+01  -2.283711782392e+01 -2.803944067687e+00 1.579242924254e+00 3.022823069734e+00
5.943000000000e+01  -2.286466946890e+01 -2.706362849964e+00 1.609494376857e+00 3.027443209604e+00
5.944000000000e+01  -2.289124422319e+01 -2.608566712519e+00 1.639790879254e+00 3.031832992334e+00
5.945000000000e+01  -2.291683997111e+01 -2.510562361102e+00 1.670130136827e+00 3.035994210616e+00
5.946000000000e+01  -2.294145466399e+01 -2.412356491918e+00 1.700509872843e+00 3.039928648573e+00
5.947000000000e+01  -2.296508632009e+01 -2.313955791306e+00 1.730927828368e+00 3.043638081679e+00
5.948000000000e+01  -2.298773302446e+01 -2.215366935471e+00 1.761381762178e+00 3.047124276724e+00
5.949000000000e+01  -2.300939292888e+01 -2.116596590241e+00 1.791869450674e+00 3.050388991807e+00
5.950000000000e+01  -2.303006425170e+01 -2.017651410863e+00 1.822388687794e+00 3.053433976369e+00
5.951000000000e+01  -2.304974527782e+01 -1.918538041826e+00 1.852937284929e+00 3.056260971253e+00
5.952000000000e+01  -2.306843435849e+01 -1.819263116715e+00 1.883513070835e+00 3.058871708791e+00
5.953000000000e+01  -2.308612991127e+01 -1.719833258095e+00 1.914113891550e+00 3.061267912924e+00
5.954000000000e+01  -2.310283041986e+01 -1.620255077407e+00 1.944737610310e+00 3.063451299338e+00
5.955000000000e+01  -2.311853443404e+01 -1.520535174906e+00 1.975382107466e+00 3.065423575630e+00
5.956000000000e+01  -2.313324056953e+01 -1.420680139602e+00 2.006045280407e+00 3.067186441491e+00
5.957000000000e+01  -2.314694750790e+01 -1.320696549235e+00 2.036725043482e+00 3.068741588911e+00
5.958000000000e+01  -2.315965399641e+01 -1.220590970258e+00 2.067419327919e+00 3.070090702401e+00
5.959000000000e+01  -2.317135884794e+01 -1.120369957840e+00 2.098126081758e+00 3.071235459229e+00
5.960000000000e+01  -2.318206094089e+01 -1.020040055891e+00 2.128843269775e+00 3.072177529677e+00
5.961000000000e+01  -2.319175921901e+01 -9.196077970898e-01 2.159568873416e+00 3.072918577307e+00
5.962000000000e+01  -2.320045269134e+01 -8.190797029321e-01 2.190300890731e+00 3.073460259244e+00
5.963000000000e+01  -2.320814043208e+01 -7.184622837909e-01 2.221037336309e+00 3.073804226463e+00
5.964000000000e+01  -2.321482158046e+01 -6.177620389851e-01 2.251776241222e+00 3.073952124102e+00
5.965000000000e+01  -2.322049534068e+01 -5.169854568596e-01 2.282515652963e+00 3.073905591764e+00
5.966000000000e+01  -2.322516098173e+01 -4.161390148747e-01 2.313253635396e+00 3.073666263850e+00
5.967000000000e+01  -2.322881783735e+01 -3.152291797037e-01 2.343988268708e+00 3.073235769881e+00
5.968000000000e+01  -2.323146530589e+01 -2.142624073382e-01 2.374717649353e+00 3.072615734843e+00
5.969000000000e+01  -2.323310285021e+01 -1.132451432013e-01 2.405439890017e+00 3.071807779526e+00
5.970000000000e+01  -2.323372999755e+01 -1.218382226551e-02 2.436153119576e+00 3.070813520879e+00
5.971000000000e+01  -2.323334633947e+01 8.891513082171e-02 2.466855483055e+00 3.069634572364e+00
5.972000000000e+01  -2.323195153172e+01 1.900453016084e-01 2.497545141601e+00 3.068272544318e+00
5.973000000000e+01  -2.322954529414e+01 2.912002857032e-01 2.528220272448e+00 3.066729044320e+00
5.974000000000e+01  -2.322612741057e+01 3.923736886363e-01 2.558879068896e+00 3.065005677558e+00
5.975000000000e+01  -2.322169772875e+01 4.935591257167e-01 2.589519740286e+00 3.063104047205e+00
5.976000000000e+01  -2.321625616021e+01 5.947502218856e-01 2.620140511982e+00 3.061025754793e+00
5.977000000000e+01  -2.320980268019e+01 6.959406115670e-01 2.650739625358e+00 3.058772400592e+00
5.978000000000e+01  -2.320233732753e+01 7.971239385154e-01 2.681315337787e+00 3.056345583996e+00
5.979000000000e+01  -2.319386020459e+01 8.982938556610e-01 2.711865922631e+00 3.053746903899e+00
5.980000000000e+01  -2.318437147717e+01 9.994440249526e-01 2.742389669244e+00 3.050977959086e+00
5.981000000000e+01  -2.317387137439e+01 1.100568117199e+00 2.772884882966e+00 3.048040348617e+00
5.982000000000e+01  -2.316236018862e+01 1.201659811907e+00 2.803349885132e+00 3.044935672218e+00
5.983000000000e+01  -2.314983827541e+01 1.302712797122e+00 2.833783013081e+00 3.041665530668e+00
5.984000000000e+01  -2.313630605336e+01 1.403720769259e+00 2.864182620165e+00 3.038231526188e+00
5.985000000000e+01  -2.312176400408e+01 1.504677432946e+00 2.894547075769e+00 3.034635262835e+00
5.986000000000e+01  -2.310621267210e+01 1.605576500848e+00 2.924874765330e+00 3.030878346891e+00
5.987000000000e+01  -2.308965266478e+01 1.706411693510e+00 2.955164090359e+00 3.026962387257e+00
5.988000000000e+01  -2.307208465223e+01 1.807176739183e+00 2.985413468473e+00 3.022888995842e+00
5.989000000000e+01  -2.305350936724e+01 1.907865373656e+00 3.015621333424e+00 3.018659787960e+00
5.990000000000e+01  -2.303392760522e+01 2.008471340092e+00 3.045786135136e+00 3.014276382718e+00
5.991000000000e+01  -2.301334022409e+01 2.108988388854e+00 3.075906339748e+00 3.009740403409e+00
5.992000000000e+01  -2.299174814424e+01 2.209410277336e+00 3.105980429650e+00 3.005053477907e+00
5.993000000000e+01  -2.296915234847e+01 2.309730769794e+00 3.136006903540e+00 3.000217239056e+00
5.994000000000e+01  -2.294555388189e+01 2.409943637176e+00 3.165984276469e+00 2.995233325063e+00
5.995000000000e+01  -2.292095385186e+01 2.510042656950e+00 3.195911079899e+00 2.990103379890e+00
5.996000000000e+01  -2.289535342793e+01 2.610021612933e+00 3.225785861764e+00 2.984829053644e+00
5.997000000000e+01  -2.286875384182e+01 2.709874295121e+00 3.255607186531e+00 2.979412002965e+00
5.998000000000e+01  -2.284115638727e+01 2.809594499520e+00 3.285373635266e+00 2.973853891422e+00
5.999000000000e+01  -2.281256242007e+01 2.909176027971e+00 3.315083805710e+00 2.968156389896e+00
6.000000000000e+01  -2.278297335794e+01 3.008612687980e+00 3.344736312351e+00 2.962321176974e+00
6.001000000000e+01  -2.275239068050e+01 3.107898292552e+00 3.374329786503e+00 2.956349939330e+00
6.002000000000e+01  -2.272081592923e+01 3.207026660014e+00 3.403862876388e+00 2.950244372120e+00
6.003000000000e+01  -2.268825070738e+01 3.305991613846e+00 3.433334247227e+00 2.944006179362e+00
6.004000000000e+01  -2.265469667996e+01 3.404786982516e+00 3.462742581324e+00 2.937637074324e+00
6.005000000000e+01  -2.262015557366e+01 3.503406599303e+00 3.492086578166e+00 2.931138779907e+00
6.006000000000e+01  -2.258462917681e+01 3.601844302132e+00 3.521364954518e+00 2.924513029029e+00
6.007000000000e+01  -2.254811933935e+01 3.700093933406e+00 3.550576444528e+00 2.917761565006e+00
6.008000000000e+01  -2.251062797277e+01 3.798149339833e+00 3.579719799829e+00 2.910886141932e+00
6.009000000000e+01  -2.247215705007e+01 3.896004372264e+00 3.608793789653e+00 2.903888525059e+00
6.010000000000e+01  -2.243270860573e+01 3.993652885523e+00 3.637797200940e+00 2.896770491174e+00
6.011000000000e+01  -2.239228473565e+01 4.091088738242e+00 3.666728838460e+00 2.889533828974e+00
6.012000000000e+01  -2.235088759713e+01 4.188305792700e+00 3.695587524928e+00 2.882180339441e+00
6.013000000000e+01  -2.230851940884e+01 4.285297914654e+00 3.724372101135e+00 2.874711836212e+00
6.014000000000e+01  -2.226518245076e+01 4.382058973180e+00 3.753081426074e+00 2.867130145948e+00
6.015000000000e+01  -2.222087906419e+01 4.478582840517e+00 3.781714377069e+00 2.859437108704e+00
6.016000000000e+01  -2.217561165166e+01 4.574863391901e+00 3.810269849915e+00 2.851634578290e+00
6.017000000000e+01  -2.212938267695e+01 4.670894505418e+00 3.838746759016e+00 2.843724422635e+00
6.018000000000e+01  -2.208219466504e+01 4.766670061842e+00 3.867144037528e+00 2.835708524140e+00
6.019000000000e+01  -2.203405020212e+01 4.862183944492e+00 3.895460637503e+00 2.827588780038e+00
6.020000000000e+01  -2.198495193548e+01 4.957430039080e+00 3.923695530044e+00 2.819367102742e+00
6.021000000000e+01  -2.193490257359e+01 5.052402233567e+00 3.951847705454e+00 2.811045420189e+00
6.022000000000e+01  -2.188390488600e+01 5.147094418023e+00 3.979916173396e+00 2.802625676187e+00
6.023000000000e+01  -2.183196170337e+01 5.241500484494e+00 4.007899963051e+00 2.794109830747e+00
6.024000000000e+01  -2.177907591742e+01 5.335614326864e+00 4.035798123285e+00 2.785499860413e+00
6.025000000000e+01  -2.172525048092e+01 5.429429840737e+00 4.063609722811e+00 2.776797758592e+00
6.026000000000e+01  -2.167048840769e+01 5.522940923308e+00 4.091333850363e+00 2.768005535868e+00
6.027000000000e+01  -2.161479277256e+01 5.616141473254e+00 4.118969614871e+00 2.759125220314e+00
6.028000000000e+01  -2.155816671136e+01 5.709025390626e+00 4.146516145630e+00 2.750158857795e+00
6.029000000000e+01  -2.150061342092e+01 5.801586576748e+00 4.173972592488e+00 2.741108512266e+00
6.030000000000e+01  -2.144213615907e+01 5.893818934124e+00 4.201338126024e+00 2.731976266052e+00
6.031000000000e+01  -2.138273824458e+01 5.985716366360e+00 4.228611937731e+00 2.722764220128e+00
6.032000000000e+01  -2.132242305720e+01 6.077272778088e+00 4.255793240209e+00 2.713474494380e+00
6.033000000000e+01  -2.126119403761e+01 6.168482074904e+00 4.282881267352e+00 2.704109227863e+00
6.034000000000e+01  -2.119905468745e+01 6.259338163321e+00 4.309875274541e+00 2.694670579034e+00
6.035000000000e+01  -2.113600856928e+01 6.349834950728e+00 4.336774538842e+00 2.685160725985e+00
6.036000000000e+01  -2.107205930658e+01 6.439966345371e+00 4.363578359198e+00 2.675581866652e+00
6.037000000000e+01  -2.100721058374e+01 6.529726256341e+00 4.390286056635e+00 2.665936219008e+00
6.038000000000e+01  -2.094146614608e+01 6.619108593585e+00 4.416896974456e+00 2.656226021244e+00
6.039000000000e+01  -2.087482979979e+01 6.708107267929e+00 4.443410478452e+00 2.646453531930e+00
6.040000000000e+01  -2.080730541195e+01 6.796716191126e+00 4.469825957099e+00 2.636621030147e+00
6.041000000000e+01  -2.073889691052e+01 6.884929275919e+00 4.496142821770e+00 2.626730815615e+00
6.042000000000e+01  -2.066960828435e+01 6.972740436129e+00 4.522360506937e+00 2.616785208777e+00
6.043000000000e+01  -2.059944358311e+01 7.060143586769e+00 4.548478470380e+00 2.606786550878e+00
6.044000000000e+01  -2.052840691734e+01 7.147132644177e+00 4.574496193398e+00 2.596737204000e+00
6.045000000000e+01  -2.045650245839e+01 7.233701526184e+00 4.600413181013e+00 2.586639551081e+00
6.046000000000e+01  -2.038373443844e+01 7.319844152309e+00 4.626228962183e+00 2.576495995896e+00
6.047000000000e+01  -2.031010715046e+01 7.405554443983e+00 4.651943090004e+00 2.566308963009e+00
6.048000000000e+01  -2.023562494820e+01 7.490826324809e+00 4.677555141926e+00 2.556080897688e+00
6.049000000000e+01  -2.016029224614e+01 7.575653720863e+00 4.703064719951e+00 2.545814265779e+00
6.050000000000e+01  -2.008411351951e+01 7.660030561025e+00 4.728471450843e+00 2.535511553551e+00
6.051000000000e+01  -2.000709330422e+01 7.743950777360e+00 4.753774986330e+00 2.525175267483e+00
6.052000000000e+01  -1.992923619686e+01 7.827408305538e+00 4.778975003305e+00 2.514807934019e+00
6.053000000000e+01  -1.985054685463e+01 7.910397085303e+00 4.804071204022e+00 2.504412099266e+00
6.054000000000e+01  -1.977102999530e+01 7.992911060997e+00 4.829063316296e+00 2.493990328643e+00
6.055000000000e+01  -1.969069039720e+01 8.074944182129e+00 4.853951093688e+00 2.483545206475e+00
6.056000000000e+01  -1.960953289910e+01 8.156490404008e+00 4.878734315695e+00 2.473079335531e+00
6.057000000000e+01  -1.952756240021e+01 8.237543688435e+00 4.903412787933e+00 2.462595336495e+00
6.058000000000e+01  -1.944478386008e+01 8.318098004460e+00 4.927986342310e+00 2.452095847372e+00
6.059000000000e+01  -1.936120229853e+01 8.398147329204e+00 4.952454837197e+00 2.441583522833e+00
6.060000000000e+01  -1.927682279557e+01 8.477685648760e+00 4.976818157593e+00 2.431061033473e+00
6.061000000000e+01  -1.919165049127e+01 8.556706959164e+00 5.001076215279e+00 2.420531065002e+00
6.062000000000e+01  -1.910569058573e+01 8.635205267454e+00 5.025228948962e+00 2.409996317346e+00
6.063000000000e+01  -1.901894833888e+01 8.713174592809e+00 5.049276324416e+00 2.399459503665e+00
6.064000000000e+01  -1.893142907042e+01 8.790608967778e+00 5.073218334608e+00 2.388923349279e+00
6.065000000000e+01  -1.884313815964e+01 8.867502439614e+00 5.097054999811e+00 2.378390590497e+00
6.066000000000e+01  -1.875408104526e+01 8.943849071699e+00 5.120786367713e+00 2.367863973339e+00
6.067000000000e+01  -1.866426322531e+01 9.019642945076e+00 5.144412513502e+00 2.357346252161e+00
6.068000000000e+01  -1.857369025689e+01 9.094878160098e+00 5.167933539944e+00 2.346840188159e+00
6.069000000000e+01  -1.848236775600e+01 9.169548838192e+00 5.191349577443e+00 2.336348547754e+00
6.070000000000e+01  -1.839030139732e+01 9.243649123738e+00 5.214660784085e+00 2.325874100862e+00
6.071000000000e+01  -1.829749691394e+01 9.317173186092e+00 5.237867345665e+00 2.315419619023e+00
6.072000000000e+01  -1.820396009713e+01 9.390115221728e+00 5.260969475689e+00 2.304987873401e+00
6.073000000000e+01  -1.810969679606e+01 9.462469456532e+00 5.283967415364e+00 2.294581632640e+00
6.074000000000e+01  -1.801471291747e+01 9.534230148239e+00 5.306861433558e+00 2.284203660571e+00
6.075000000000e+01  -1.791901442535e+01 9.605391589019e+00 5.329651826742e+00 2.273856713765e+00
6.076000000000e+01  -1.782260734060e+01 9.675948108232e+00 5.352338918904e+00 2.263543538926e+00
6.077000000000e+01  -1.772549774060e+01 9.745894075343e+00 5.374923061436e+00 2.253266870114e+00
6.078000000000e+01  -1.762769175883e+01 9.815223903007e+00 5.397404632991e+00 2.243029425795e+00
6.079000000000e+01  -1.752919558443e+01 9.883932050339e+00 5.419784039315e+00 2.232833905717e+00
6.080000000000e+01  -1.743001546167e+01 9.952013026366e+00 5.442061713040e+00 2.222682987588e+00
6.081000000000e+01  -1.733015768947e+01 1.001946139367e+01 5.464238113448e+00 2.212579323575e+00
6.082000000000e+01  -1.722962862086e+01 1.008627177222e+01 5.486313726198e+00 2.202525536593e+00
6.083000000000e+01  -1.712843466234e+01 1.015243884342e+01 5.508289063010e+00 2.192524216399e+00
6.084000000000e+01  -1.702658227326e+01 1.021795735438e+01 5.530164661317e+00 2.182577915471e+00
6.085000000000e+01  -1.692407796518e+01 1.028282212233e+01 5.551941083868e+00 2.172689144675e+00
6.086000000000e+01  -1.682092830109e+01 1.034702803935e+01 5.573618918290e+00 2.162860368713e+00
6.087000000000e+01  -1.671713989466e+01 1.041057007724e+01 5.595198776603e+00 2.153094001346e+00
6.088000000000e+01  -1.661271940944e+01 1.047344329269e+01 5.616681294684e+00 2.143392400389e+00
6.089000000000e+01  -1.650767355793e+01 1.053564283257e+01 5.638067131683e+00 2.133757862481e+00
6.090000000000e+01  -1.640200910071e+01 1.059716393959e+01 5.659356969384e+00 2.124192617615e+00
6.091000000000e+01  -1.629573284542e+01 1.065800195809e+01 5.680551511509e+00 2.114698823438e+00
6.092000000000e+01  -1.618885164569e+01 1.071815234009e+01 5.701651482962e+00 2.105278559317e+00
6.093000000000e+01  -1.608137240010e+01 1.077761065159e+01 5.722657629024e+00 2.095933820168e+00
6.094000000000e+01  -1.597330205095e+01 1.083637257908e+01 5.743570714466e+00 2.086666510051e+00
6.095000000000e+01  -1.586464758303e+01 1.089443393632e+01 5.764391522615e+00 2.077478435538e+00
6.096000000000e+01  -1.575541602235e+01 1.095179067127e+01 5.785120854342e+00 2.068371298853e+00
6.097000000000e+01  -1.564561443469e+01 1.100843887332e+01 5.805759526982e+00 2.059346690788e+00
6.098000000000e+01  -1.553524992423e+01 1.106437478068e+01 5.826308373184e+00 2.050406083407e+00
6.099000000000e+01  -1.542432963197e+01 1.111959478800e+01 5.846768239689e+00 2.041550822552e+00
6.100000000000e+01  -1.531286073414e+01 1.117409545415e+01 5.867139986025e+00 2.032782120136e+00
6.101000000000e+01  -1.520085044054e+01 1.122787351026e+01 5.887424483129e+00 2.024101046276e+00
6.102000000000e+01  -1.508830599272e+01 1.128092586779e+01 5.907622611894e+00 2.015508521240e+00
6.103000000000e+01  -1.497523466221e+01 1.133324962693e+01 5.927735261620e+00 2.007005307254e+00
6.104000000000e+01  -1.486164374854e+01 1.138484208494e+01 5.947763328402e+00 1.998592000173e+00
6.105000000000e+01  -1.474754057722e+01 1.143570074474e+01 5.967707713418e+00 1.990269021041e+00
6.106000000000e+01  -1.463293249768e+01 1.148582332351e+01 5.987569321139e+00 1.982036607568e+00
6.107000000000e+01  -1.451782688107e+01 1.153520776141e+01 6.007349057455e+00 1.973894805544e+00
6.108000000000e+01  -1.440223111796e+01 1.158385223026e+01 6.027047827710e+00 1.965843460223e+00
6.109000000000e+01  -1.428615261602e+01 1.163175514224e+01 6.046666534654e+00 1.957882207709e+00
6.110000000000e+01  -1.416959879752e+01 1.167891515860e+01 6.066206076313e+00 1.950010466380e+00
6.111000000000e+01  -1.405257709688e+01 1.172533119824e+01 6.085667343761e+00 1.942227428380e+00
6.112000000000e+01  -1.393509495795e+01 1.177100244616e+01 6.105051218823e+00 1.934532051234e+00
6.113000000000e+01  -1.381715983138e+01 1.181592836183e+01 6.124358571685e+00 1.926923049609e+00
6.114000000000e+01  -1.369877917183e+01 1.186010868731e+01 6.143590258423e+00 1.919398887283e+00
6.115000000000e+01  -1.357996043506e+01 1.190354345504e+01 6.162747118461e+00 1.911957769369e+00
6.116000000000e+01  -1.346071107501e+01 1.194623299552e+01 6.181829971940e+00 1.904597634831e+00
6.117000000000e+01  -1.334103854083e+01 1.198817794443e+01 6.200839617026e+00 1.897316149361e+00
6.118000000000e+01  -1.322095027371e+01 1.202937924946e+01 6.219776827140e+00 1.890110698662e+00
6.119000000000e+01  -1.310045370380e+01 1.206983817663e+01 6.238642348132e+00 1.882978382196e+00
6.120000000000e+01  -1.297955624694e+01 1.210955631612e+01 6.257436895383e+00 1.875916007460e+00
6.121000000000e+01  -1.285826530145e+01 1.214853558748e+01 6.276161150866e+00 1.868920084837e+00
6.122000000000e+01  -1.273658824478e+01 1.218677824418e+01 6.294815760148e+00 1.861986823100e+00
6.123000000000e+01  -1.261453243014e+01 1.222428687752e+01 6.313401329357e+00 1.855112125611e+00
6.124000000000e+01  -1.249210518313e+01 1.226106441971e+01 6.331918422112e+00 1.848291587284e+00
6.125000000000e+01  -1.236931379832e+01 1.229711414617e+01 6.350367556430e+00 1.841520492380e+00
6.126000000000e+01  -1.224616553580e+01 1.233243967694e+01 6.368749201606e+00 1.834793813168e+00
6.127000000000e+01  -1.212266761772e+01 1.236704497709e+01 6.387063775099e+00 1.828106209537e+00
6.128000000000e+01  -1.199882722487e+01 1.240093435625e+01 6.405311639407e+00 1.821452029590e+00
6.129000000000e+01  -1.187465149322e+01 1.243411246702e+01 6.423493098958e+00 1.814825311283e+00
6.130000000000e+01  -1.175014751053e+01 1.246658430226e+01 6.441608397022e+00 1.808219785154e+00
6.131000000000e+01  -1.162532231294e+01 1.249835519137e+01 6.459657712655e+00 1.801628878182e+00
6.132000000000e+01  -1.150018288162e+01 1.252943079525e+01 6.477641157693e+00 1.795045718812e+00
6.133000000000e+01  -1.137473613952e+01 1.255981710017e+01 6.495558773793e+00 1.788463143184e+00
6.134000000000e+01  -1.124898894814e+01 1.258952041037e+01 6.513410529547e+00 1.781873702588e+00
6.135000000000e+01  -1.112294810440e+01 1.261854733942e+01 6.531196317682e+00 1.775269672154e+00
6.136000000000e+01  -1.099662033755e+01 1.264690480030e+01 6.548915952343e+00 1.768643060809e+00
6.137000000000e+01  -1.087001230630e+01 1.267459999428e+01 6.566569166489e+00 1.761985622478e+00
6.138000000000e+01  -1.074313059597e+01 1.270164039849e+01 6.584155609407e+00 1.755288868539e+00
6.139000000000e+01  -1.061598171578e+01 1.272803375230e+01 6.601674844350e+00 1.748544081513e+00
6.140000000000e+01  -1.048857209632e+01 1.275378804244e+01 6.619126346329e+00 1.741742329962e+00
6.141000000000e+01  -1.036090808717e+01 1.277891148703e+01 6.636509500050e+00 1.734874484559e+00
6.142000000000e+01  -1.023299595465e+01 1.280341251834e+01 6.653823598020e+00 1.727931235293e+00
6.143000000000e+01  -1.010484187976e+01 1.282729976461e+01 6.671067838837e+00 1.720903109749e+00
6.144000000000e+01  -9.976451956376e+00 1.285058203081e+01 6.688241325656e+00 1.713780492395e+00
6.145000000000e+01  -9.847832189498e+00 1.287326827839e+01 6.705343064862e+00 1.706553644822e+00
6.146000000000e+01  -9.718988493855e+00 1.289536760427e+01 6.722371964949e+00 1.699212726828e+00
6.147000000000e+01  -9.589926692635e+00 1.291688921900e+01 6.739326835606e+00 1.691747818284e+00
6.148000000000e+01  -9.460652516464e+00 1.293784242427e+01 6.756206387036e+00 1.684148941656e+00
6.149000000000e+01  -9.331171602611e+00 1.295823658986e+01 6.773009229493e+00 1.676406085108e+00
6.150000000000e+01  -9.201489494423e+00 1.297808113008e+01 6.789733873058e+00 1.668509226040e+00
6.151000000000e+01  -9.071611640999e+00 1.299738547997e+01 6.806378727653e+00 1.660448354979e+00
6.152000000000e+01  -8.941543397108e+00 1.301615907121e+01 6.822942103290e+00 1.652213499667e+00
6.153000000000e+01  -8.811290023334e+00 1.303441130796e+01 6.839422210564e+00 1.643794749252e+00
6.154000000000e+01  -8.680856686482e+00 1.305215154271e+01 6.855817161391e+00 1.635182278436e+00
6.155000000000e+01  -8.550248460208e+00 1.306938905238e+01 6.872124969980e+00 1.626366371447e+00
6.156000000000e+01  -8.419470325892e+00 1.308613301462e+01 6.888343554048e+00 1.617337445736e+00
6.157000000000e+01  -8.288527173755e+00 1.310239248456e+01 6.904470736268e+00 1.608086075232e+00
6.158000000000e+01  -8.157423804188e+00 1.311817637212e+01 6.920504245950e+00 1.598603013068e+00
6.159000000000e+01  -8.026164929322e+00 1.313349341997e+01 6.936441720939e+00 1.588879213630e+00
6.160000000000e+01  -7.894755174800e+00 1.314835218227e+01 6.952280709738e+00 1.578905853840e+00
6.161000000000e+01  -7.763199081770e+00 1.316276100430e+01 6.968018673831e+00 1.568674353531e+00
6.162000000000e+01  -7.631501109067e+00 1.317672800306e+01 6.983652990214e+00 1.558176394854e+00
6.163000000000e+01  -7.499665635591e+00 1.319026104899e+01 6.999180954106e+00 1.547403940583e+00
6.164000000000e+01  -7.367696962851e+00 1.320336774882e+01 7.014599781843e+00 1.536349251259e+00
6.165000000000e+01  -7.235599317692e+00 1.321605542968e+01 7.029906613933e+00 1.525004901091e+00
6.166000000000e+01  -7.103376855154e+00 1.322833112451e+01 7.045098518270e+00 1.513363792547e+00
6.167000000000e+01  -6.971033661486e+00 1.324020155886e+01 7.060172493476e+00 1.501419169579e+00
6.168000000000e+01  -6.838573757279e+00 1.325167313903e+01 7.075125472383e+00 1.489164629442e+00
6.169000000000e+01  -6.706001100705e+00 1.326275194174e+01 7.089954325609e+00 1.476594133076e+00
6.170000000000e+01  -6.573319590864e+00 1.327344370515e+01 7.104655865248e+00 1.463702014018e+00
6.171000000000e+01  -6.440533071204e+00 1.328375382149e+01 7.119226848628e+00 1.450482985855e+00
6.172000000000e+01  -6.307645333009e+00 1.329368733100e+01 7.133663982143e+00 1.436932148188e+00
6.173000000000e+01  -6.174660118943e+00 1.330324891747e+01 7.147963925134e+00 1.423044991145e+00
6.174000000000e+01  -6.041581126631e+00 1.331244290517e+01 7.162123293813e+00 1.408817398443e+00
6.175000000000e+01  -5.908412012260e+00 1.332127325715e+01 7.176138665205e+00 1.394245649047e+00
6.176000000000e+01  -5.775156394193e+00 1.332974357495e+01 7.190006581101e+00 1.379326417441e+00
6.177000000000e+01  -5.641817856581e+00 1.333785709970e+01 7.203723552010e+00 1.364056772574e+00
6.178000000000e+01  -5.508399952954e+00 1.334561671436e+01 7.217286061091e+00 1.348434175535e+00
6.179000000000e+01  -5.374906209785e+00 1.335302494732e+01 7.230690568055e+00 1.332456476002e+00
6.180000000000e+01  -5.241340130013e+00 1.336008397701e+01 7.243933513033e+00 1.316121907540e+00
6.181000000000e+01  -5.107705196513e+00 1.336679563774e+01 7.257011320378e+00 1.299429081824e+00
6.182000000000e+01  -4.974004875504e+00 1.337316142640e+01 7.269920402418e+00 1.282376981843e+00
6.183000000000e+01  -4.840242619885e+00 1.337918251020e+01 7.282657163130e+00 1.264964954176e+00
6.184000000000e+01  -4.706421872487e+00 1.338485973523e+01 7.295218001729e+00 1.247192700414e+00
6.185000000000e+01  -4.572546069240e+00 1.339019363577e+01 7.307599316178e+00 1.229060267807e+00
6.186000000000e+01  -4.438618642242e+00 1.339518444429e+01 7.319797506586e+00 1.210568039218e+00
6.187000000000e+01  -4.304643022719e+00 1.339983210212e+01 7.331808978520e+00 1.191716722465e+00
6.188000000000e+01  -4.170622643884e+00 1.340413627059e+01 7.343630146191e+00 1.172507339127e+00
6.189000000000e+01  -4.036560943682e+00 1.340809634264e+01 7.355257435538e+00 1.152941212899e+00
6.190000000000e+01  -3.902461367407e+00 1.341171145483e+01 7.366687287185e+00 1.133019957566e+00
6.191000000000e+01  -3.768327370209e+00 1.341498049959e+01 7.377916159287e+00 1.112745464674e+00
6.192000000000e+01  -3.634162419472e+00 1.341790213779e+01 7.388940530235e+00 1.092119890968e+00
6.193000000000e+01  -3.499969997066e+00 1.342047481143e+01 7.399756901256e+00 1.071145645662e+00
6.194000000000e+01  -3.365753601471e+00 1.342269675638e+01 7.410361798862e+00 1.049825377615e+00
6.195000000000e+01  -3.231516749775e+00 1.342456601525e+01 7.420751777191e+00 1.028161962459e+00
6.196000000000e+01  -3.097262979542e+00 1.342608045017e+01 7.430923420206e+00 1.006158489750e+00
6.197000000000e+01  -2.962995850554e+00 1.342723775557e+01 7.440873343772e+00 9.838182501843e-01
6.198000000000e+01  -2.828718946424e+00 1.342803547072e+01 7.450598197601e+00 9.611447229379e-01
6.199000000000e+01  -2.694435876086e+00 1.342847099227e+01 7.460094667081e+00 9.381415631636e-01
6.200000000000e+01  -2.560150275160e+00 1.342854158641e+01 7.469359474966e+00 9.148125896935e-01
6.201000000000e+01  -2.425865807194e+00 1.342824440095e+01 7.478389382959e+00 8.911617729803e-01
6.202000000000e+01  -2.291586164795e+00 1.342757647701e+01 7.487181193166e+00 8.671932233099e-01
6.203000000000e+01  -2.157315070633e+00 1.342653476048e+01 7.495731749438e+00 8.429111793120e-01
6.204000000000e+01  -2.023056278339e+00 1.342511611310e+01 7.504037938598e+00 8.183199967961e-01
6.205000000000e+01  -1.888813573296e+00 1.342331732324e+01 7.512096691560e+00 7.934241379307e-01
6.206000000000e+01  -1.754590773316e+00 1.342113511632e+01 7.519904984339e+00 7.682281607848e-01
6.207000000000e+01  -1.620391729224e+00 1.341856616476e+01 7.527459838958e+00 7.427367092446e-01
6.208000000000e+01  -1.486220325336e+00 1.341560709771e+01 7.534758324264e+00 7.169545033173e-01
6.209000000000e+01  -1.352080479848e+00 1.341225451019e+01 7.541797556633e+00 6.908863298292e-01
6.210000000000e+01  -1.217976145130e+00 1.340850497201e+01 7.548574700603e+00 6.645370335245e-01
6.211000000000e+01  -1.083911307940e+00 1.340435503615e+01 7.555086969406e+00 6.379115085659e-01
6.212000000000e+01  -9.498899895510e-01 1.339980124678e+01 7.561331625421e+00 6.110146904402e-01
6.213000000000e+01  -8.159162457987e-01 1.339484014693e+01 7.567305980552e+00 5.838515482653e-01
6.214000000000e+01  -6.819941670591e-01 1.338946828565e+01 7.573007396524e+00 5.564270774965e-01
6.215000000000e+01  -5.481278781532e-01 1.338368222489e+01 7.578433285116e+00 5.287462930274e-01
6.216000000000e+01  -4.143215381861e-01 1.337747854591e+01 7.583581108320e+00 5.008142226781e-01
6.217000000000e+01  -2.805793403240e-01 1.337085385532e+01 7.588448378440e+00 4.726359010639e-01
6.218000000000e+01  -1.469055115114e-01 1.336380479078e+01 7.593032658132e+00 4.442163638358e-01
6.219000000000e+01  -1.330431213478e-02 1.335632802632e+01 7.597331560387e+00 4.155606422822e-01
6.220000000000e+01  1.202199643663e-01 1.334842027731e+01 7.601342748461e+00 3.866737582830e-01
6.221000000000e+01  2.536629919354e-01 1.334007830504e+01 7.605063935760e+00 3.575607196026e-01
6.222000000000e+01  3.870204123803e-01 1.333129892107e+01 7.608492885674e+00 3.282265155120e-01
6.223000000000e+01  5.202878358952e-01 1.332207899116e+01 7.611627411374e+00 2.986761127278e-01
6.224000000000e+01  6.534608416214e-01 1.331241543898e+01 7.614465375567e+00 2.689144516539e-01
6.225000000000e+01  7.865349782429e-01 1.330230524945e+01 7.617004690214e+00 2.389464429156e-01
6.226000000000e+01  9.195057646147e-01 1.329174547186e+01 7.619243316218e+00 2.087769641712e-01
6.227000000000e+01  1.052368690420e+00 1.328073322267e+01 7.621179263082e+00 1.784108571902e-01
6.228000000000e+01  1.185119216857e+00 1.326926568814e+01 7.622810588530e+00 1.478529251841e-01
6.229000000000e+01  1.317752777345e+00 1.325734012661e+01 7.624135398116e+00 1.171079303770e-01
6.230000000000e+01  1.450264778259e+00 1.324495387063e+01 7.625151844799e+00 8.618059180477e-02
6.231000000000e+01  1.582650599677e+00 1.323210432884e+01 7.625858128505e+00 5.507558332882e-02
6.232000000000e+01  1.714905596157e+00 1.321878898764e+01 7.626252495661e+00 2.379753185405e-02
6.233000000000e+01  1.847025097514e+00 1.320500541272e+01 7.626333238722e+00 -7.648984262296e-03
6.234000000000e+01  1.979004409622e+00 1.319075125032e+01 7.626098695678e+00 -3.925943662134e-02
6.235000000000e+01  2.110838815227e+00 1.317602422840e+01 7.625547249545e+00 -7.102934802441e-02
6.236000000000e+01  2.242523574770e+00 1.316082215758e+01 7.624677327852e+00 -1.029542935567e-01
6.237000000000e+01  2.374053927212e+00 1.314514293204e+01 7.623487402109e+00 -1.350299015233e-01
6.238000000000e+01  2.505425090879e+00 1.312898453012e+01 7.621975987274e+00 -1.672518542470e-01
6.239000000000e+01  2.636632264303e+00 1.311234501495e+01 7.620141641210e+00 -1.996158887388e-01
6.240000000000e+01  2.767670627075e+00 1.309522253484e+01 7.617982964131e+00 -2.321177972491e-01
6.241000000000e+01  2.898535340695e+00 1.307761532365e+01 7.615498598052e+00 -2.647534277084e-01
6.242000000000e+01  3.029221549430e+00 1.305952170098e+01 7.612687226229e+00 -2.975186840678e-01
6.243000000000e+01  3.159724381173e+00 1.304094007233e+01 7.609547572597e+00 -3.304095265444e-01
6.244000000000e+01  3.290038948303e+00 1.302186892912e+01 7.606078401205e+00 -3.634219717821e-01
6.245000000000e+01  3.420160348541e+00 1.300230684865e+01 7.602278515657e+00 -3.965520929331e-01
6.246000000000e+01  3.550083665809e+00 1.298225249402e+01 7.598146758539e+00 -4.297960196681e-01
6.247000000000e+01  3.679803971091e+00 1.296170461393e+01 7.593682010862e+00 -4.631499381214e-01
6.248000000000e+01  3.809316323281e+00 1.294066204243e+01 7.588883191490e+00 -4.966100907764e-01
6.249000000000e+01  3.938615770042e+00 1.291912369866e+01 7.583749256585e+00 -5.301727762992e-01
6.250000000000e+01  4.067697348651e+00 1.289708858649e+01 7.578279199040e+00 -5.638343493234e-01
6.251000000000e+01  4.196556086843e+00 1.287455579413e+01 7.572472047926e+00 -5.975912201932e-01
6.252000000000e+01  4.325187003660e+00 1.285152449374e+01 7.566326867930e+00 -6.314398546685e-01
6.253000000000e+01  4.453585110277e+00 1.282799394093e+01 7.559842758809e+00 -6.653767735972e-01
6.254000000000e+01  4.581745410845e+00 1.280396347429e+01 7.553018854837e+00 -6.993985525589e-01
6.255000000000e+01  4.709662903309e+00 1.277943251487e+01 7.545854324262e+00 -7.335018214835e-01
6.256000000000e+01  4.837332580238e+00 1.275440056567e+01 7.538348368759e+00 -7.676832642492e-01
6.257000000000e+01  4.964749429634e+00 1.272886721105e+01 7.530500222902e+00 -8.019396182626e-01
6.258000000000e+01  5.091908435750e+00 1.270283211618e+01 7.522309153622e+00 -8.362676740251e-01
6.259000000000e+01  5.218804579889e+00 1.267629502644e+01 7.513774459683e+00 -8.706642746874e-01
6.260000000000e+01  5.345432841209e+00 1.264925576686e+01 7.504895471157e+00 -9.051263155964e-01
6.261000000000e+01  5.471788197510e+00 1.262171424146e+01 7.495671548903e+00 -9.396507438357e-01
6.262000000000e+01  5.597865626027e+00 1.259367043272e+01 7.486102084053e+00 -9.742345577630e-01
6.263000000000e+01  5.723660104208e+00 1.256512440092e+01 7.476186497504e+00 -1.008874806546e+00
6.264000000000e+01  5.849166610489e+00 1.253607628354e+01 7.465924239405e+00 -1.043568589702e+00
6.265000000000e+01  5.974380125064e+00 1.250652629467e+01 7.455314788666e+00 -1.078313056633e+00
6.266000000000e+01  6.099295630650e+00 1.247647472440e+01 7.444357652450e+00 -1.113105406176e+00
6.267000000000e+01  6.223908113240e+00 1.244592193822e+01 7.433052365692e+00 -1.147942886150e+00
6.268000000000e+01  6.348212562856e+00 1.241486837644e+01 7.421398490604e+00 -1.182822792917e+00
6.269000000000e+01  6.472203974294e+00 1.238331455357e+01 7.409395616194e+00 -1.217742470949e+00
6.270000000000e+01  6.595877347865e+00 1.235126105780e+01 7.397043357786e+00 -1.252699312406e+00
6.271000000000e+01  6.719227690125e+00 1.231870855039e+01 7.384341356548e+00 -1.287690756726e+00
6.272000000000e+01  6.842250014609e+00 1.228565776516e+01 7.371289279018e+00 -1.322714290227e+00
6.273000000000e+01  6.964939342545e+00 1.225210950790e+01 7.357886816640e+00 -1.357767445721e+00
6.274000000000e+01  7.087290703581e+00 1.221806465587e+01 7.344133685297e+00 -1.392847802147e+00
6.275000000000e+01  7.209299136490e+00 1.218352415730e+01 7.330029624855e+00 -1.427952984212e+00
6.276000000000e+01  7.330959689880e+00 1.214848903087e+01 7.315574398707e+00 -1.463080662053e+00
6.277000000000e+01  7.452267422896e+00 1.211296036521e+01 7.300767793318e+00 -1.498228550915e+00
6.278000000000e+01  7.573217405917e+00 1.207693931847e+01 7.285609617776e+00 -1.533394410841e+00
6.279000000000e+01  7.693804721248e+00 1.204042711785e+01 7.270099703347e+00 -1.568576046385e+00
6.280000000000e+01  7.814024463809e+00 1.200342505914e+01 7.254237903031e+00 -1.603771306341e+00
6.281000000000e+01  7.933871741821e+00 1.196593450635e+01 7.238024091119e+00 -1.638978083484e+00
6.282000000000e+01  8.053341677481e+00 1.192795689125e+01 7.221458162756e+00 -1.674194314343e+00
6.283000000000e+01  8.172429407644e+00 1.188949371305e+01 7.204540033505e+00 -1.709417978974e+00
6.284000000000e+01  8.291130084489e+00 1.185054653796e+01 7.187269638910e+00 -1.744647100769e+00
6.285000000000e+01  8.409438876193e+00 1.181111699890e+01 7.169646934067e+00 -1.779879746274e+00
6.286000000000e+01  8.527350967594e+00 1.177120679513e+01 7.151671893191e+00 -1.815114025026e+00
6.287000000000e+01  8.644861560851e+00 1.173081769196e+01 7.133344509188e+00 -1.850348089415e+00
6.288000000000e+01  8.761965876107e+00 1.168995152044e+01 7.114664793225e+00 -1.885580134556e+00
6.289000000000e+01  8.878659152142e+00 1.164861017709e+01 7.095632774307e+00 -1.920808398191e+00
6.290000000000e+01  8.994936647027e+00 1.160679562361e+01 7.076248498847e+00 -1.956031160599e+00
6.291000000000e+01  9.110793638775e+00 1.156450988668e+01 7.056512030245e+00 -1.991246744531e+00
6.292000000000e+01  9.226225425990e+00 1.152175505772e+01 7.036423448459e+00 -2.026453515163e+00
6.293000000000e+01  9.341227328512e+00 1.147853329265e+01 7.015982849585e+00 -2.061649880067e+00
6.294000000000e+01  9.455794688064e+00 1.143484681175e+01 6.995190345430e+00 -2.096834289197e+00
6.295000000000e+01  9.569922868890e+00 1.139069789944e+01 6.974046063092e+00 -2.132005234899e+00
6.296000000000e+01  9.683607258399e+00 1.134608890415e+01 6.952550144532e+00 -2.167161251934e+00
6.297000000000e+01  9.796843267806e+00 1.130102223817e+01 6.930702746150e+00 -2.202300917519e+00
6.298000000000e+01  9.909626332765e+00 1.125550037752e+01 6.908504038364e+00 -2.237422851387e+00
6.299000000000e+01  1.002195191401e+01 1.120952586185e+01 6.885954205178e+00 -2.272525715865e+00
6.300000000000e+01  1.013381549799e+01 1.116310129433e+01 6.863053443764e+00 -2.307608215960e+00
6.301000000000e+01  1.024521259749e+01 1.111622934159e+01 6.839801964027e+00 -2.342669099471e+00
6.302000000000e+01  1.035613875231e+01 1.106891273365e+01 6.816199988180e+00 -2.377707157112e+00
6.303000000000e+01  1.046658952983e+01 1.102115426384e+01 6.792247750313e+00 -2.412721222646e+00
6.304000000000e+01  1.057656052571e+01 1.097295678881e+01 6.767945495964e+00 -2.447710173039e+00
6.305000000000e+01  1.068604736447e+01 1.092432322846e+01 6.743293481684e+00 -2.482672928625e+00
6.306000000000e+01  1.079504570016e+01 1.087525656594e+01 6.718291974603e+00 -2.517608453285e+00
6.307000000000e+01  1.090355121697e+01 1.082575984767e+01 6.692941251992e+00 -2.552515754631e+00
6.308000000000e+01  1.101155962987e+01 1.077583618330e+01 6.667241600829e+00 -2.587393884215e+00
6.309000000000e+01  1.111906668526e+01 1.072548874578e+01 6.641193317353e+00 -2.622241937735e+00
6.310000000000e+01  1.122606816156e+01 1.067472077133e+01 6.614796706627e+00 -2.657059055257e+00
6.311000000000e+01  1.133255986989e+01 1.062353555951e+01 6.588052082087e+00 -2.691844421445e+00
6.312000000000e+01  1.143853765467e+01 1.057193647326e+01 6.560959765102e+00 -2.726597265798e+00
6.313000000000e+01  1.154399739427e+01 1.051992693891e+01 6.533520084518e+00 -2.761316862892e+00
6.314000000000e+01  1.164893500164e+01 1.046751044628e+01 6.505733376209e+00 -2.796002532629e+00
6.315000000000e+01  1.175334642495e+01 1.041469054868e+01 6.477599982623e+00 -2.830653640488e+00
6.316000000000e+01  1.185722764822e+01 1.036147086299e+01 6.449120252324e+00 -2.865269597780e+00
6.317000000000e+01  1.196057469196e+01 1.030785506972e+01 6.420294539532e+00 -2.899849861904e+00
6.318000000000e+01  1.206338361379e+01 1.025384691304e+01 6.391123203660e+00 -2.934393936604e+00
6.319000000000e+01  1.216565050911e+01 1.019945020084e+01 6.361606608854e+00 -2.968901372215e+00
6.320000000000e+01  1.226737151170e+01 1.014466880478e+01 6.331745123519e+00 -3.003371765921e+00
6.321000000000e+01  1.236854279438e+01 1.008950666032e+01 6.301539119855e+00 -3.037804761992e+00
6.322000000000e+01  1.246916056965e+01 1.003396776677e+01 6.270988973382e+00 -3.072200052020e+00
6.323000000000e+01  1.256922109033e+01 9.978056187244e+00 6.240095062465e+00 -3.106557375148e+00
6.324000000000e+01  1.266872065017e+01 9.921776048760e+00 6.208857767842e+00 -3.140876518281e+00
6.325000000000e+01  1.276765558452e+01 9.865131542158e+00 6.177277472138e+00 -3.175157316287e+00
6.326000000000e+01  1.286602227096e+01 9.808126922102e+00 6.145354559393e+00 -3.209399652175e+00
6.327000000000e+01  1.296381712993e+01 9.750766507027e+00 6.113089414571e+00 -3.243603457265e+00
6.328000000000e+01  1.306103662538e+01 9.693054679072e+00 6.080482423083e+00 -3.277768711323e+00
6.329000000000e+01  1.315767726540e+01 9.634995883980e+00 6.047533970301e+00 -3.311895442675e+00
6.330000000000e+01  1.325373560285e+01 9.576594630971e+00 6.014244441067e+00 -3.345983728302e+00
6.331000000000e+01  1.334920823599e+01 9.517855492588e+00 5.980614219212e+00 -3.380033693884e+00
6.332000000000e+01  1.344409180914e+01 9.458783104503e+00 5.946643687066e+00 -3.414045513828e+00
6.333000000000e+01  1.353838301328e+01 9.399382165278e+00 5.912333224971e+00 -3.448019411246e+00
6.334000000000e+01  1.363207858669e+01 9.339657436094e+00 5.877683210796e+00 -3.481955657892e+00
6.335000000000e+01  1.372517531558e+01 9.279613740424e+00 5.842694019447e+00 -3.515854574056e+00
6.336000000000e+01  1.381767003469e+01 9.219255963657e+00 5.807366022389e+00 -3.549716528404e+00
6.337000000000e+01  1.390955962794e+01 9.158589052667e+00 5.771699587155e+00 -3.583541937761e+00
6.338000000000e+01  1.400084102901e+01 9.097618015317e+00 5.735695076875e+00 -3.617331266838e+00
6.339000000000e+01  1.409151122197e+01 9.036347919905e+00 5.699352849792e+00 -3.651085027892e+00
6.340000000000e+01  1.418156724186e+01 8.974783894533e+00 5.662673258789e+00 -3.684803780312e+00
6.341000000000e+01  1.427100617532e+01 8.912931126399e+00 5.625656650925e+00 -3.718488130140e+00
6.342000000000e+01  1.435982516112e+01 8.850794861014e+00 5.588303366966e+00 -3.752138729499e+00
6.343000000000e+01  1.444802139080e+01 8.788380401325e+00 5.550613740930e+00 -3.785756275943e+00
6.344000000000e+01  1.453559210920e+01 8.725693106751e+00 5.512588099637e+00 -3.819341511707e+00
6.345000000000e+01  1.462253461505e+01 8.662738392112e+00 5.474226762264e+00 -3.852895222867e+00
6.346000000000e+01  1.470884626146e+01 8.599521726460e+00 5.435530039914e+00 -3.886418238387e+00
6.347000000000e+01  1.479452445653e+01 8.536048631792e+00 5.396498235191e+00 -3.919911429058e+00
6.348000000000e+01  1.487956666383e+01 8.472324681645e+00 5.357131641786e+00 -3.953375706317e+00
6.349000000000e+01  1.496397040291e+01 8.408355499568e+00 5.317430544082e+00 -3.986812020941e+00
6.350000000000e+01  1.504773324980e+01 8.344146757456e+00 5.277395216763e+00 -4.020221361607e+00
6.351000000000e+01  1.513085283749e+01 8.279704173748e+00 5.237025924443e+00 -4.053604753313e+00
6.352000000000e+01  1.521332685636e+01 8.215033511470e+00 5.196322921316e+00 -4.086963255654e+00
6.353000000000e+01  1.529515305464e+01 8.150140576132e+00 5.155286450815e+00 -4.120297960932e+00
6.354000000000e+01  1.537632923884e+01 8.085031213452e+00 5.113916745297e+00 -4.153609992122e+00
6.355000000000e+01  1.545685327407e+01 8.019711306916e+00 5.072214025745e+00 -4.186900500646e+00
6.356000000000e+01  1.553672308449e+01 7.954186775153e+00 5.030178501501e+00 -4.220170663984e+00
6.357000000000e+01  1.561593665359e+01 7.888463569131e+00 4.987810370012e+00 -4.253421683093e+00
6.358000000000e+01  1.569449202452e+01 7.822547669151e+00 4.945109816613e+00 -4.286654779632e+00
6.359000000000e+01  1.577238730037e+01 7.756445081643e+00 4.902077014333e+00 -4.319871192988e+00
6.360000000000e+01  1.584962064441e+01 7.690161835752e+00 4.858712123736e+00 -4.353072177085e+00
6.361000000000e+01  1.592619028027e+01 7.623703979706e+00 4.815015292788e+00 -4.386258996989e+00
6.362000000000e+01  1.600209449217e+01 7.557077576960e+00 4.770986656770e+00 -4.419432925278e+00
6.363000000000e+01  1.607733162502e+01 7.490288702110e+00 4.726626338217e+00 -4.452595238189e+00
6.364000000000e+01  1.615190008448e+01 7.423343436572e+00 4.681934446905e+00 -4.485747211521e+00
6.365000000000e+01  1.622579833706e+01 7.356247864010e+00 4.636911079873e+00 -4.518890116304e+00
6.366000000000e+01  1.629902491010e+01 7.289008065525e+00 4.591556321501e+00 -4.552025214212e+00
6.367000000000e+01  1.637157839170e+01 7.221630114584e+00 4.545870243619e+00 -4.585153752726e+00
6.368000000000e+01  1.644345743062e+01 7.154120071694e+00 4.499852905680e+00 -4.618276960041e+00
6.369000000000e+01  1.651466073616e+01 7.086483978813e+00 4.453504354980e+00 -4.651396039707e+00
6.370000000000e+01  1.658518707790e+01 7.018727853501e+00 4.406824626928e+00 -4.684512165015e+00
6.371000000000e+01  1.665503528544e+01 6.950857682803e+00 4.359813745382e+00 -4.717626473113e+00
6.372000000000e+01  1.672420424807e+01 6.882879416868e+00 4.312471723040e+00 -4.750740058854e+00
6.373000000000e+01  1.679269291437e+01 6.814798962304e+00 4.264798561894e+00 -4.783853968390e+00
6.374000000000e+01  1.686050029174e+01 6.746622175270e+00 4.216794253754e+00 -4.816969192495e+00
6.375000000000e+01  1.692762544583e+01 6.678354854311e+00 4.168458780831e+00 -4.850086659634e+00
6.376000000000e+01  1.699406749998e+01 6.610002732939e+00 4.119792116400e+00 -4.883207228777e+00
6.377000000000e+01  1.705982563447e+01 6.541571471965e+00 4.070794225529e+00 -4.916331681970e+00
6.378000000000e+01  1.712489908582e+01 6.473066651602e+00 4.021465065892e+00 -4.949460716666e+00
6.379000000000e+01  1.718928714587e+01 6.404493763331e+00 3.971804588648e+00 -4.982594937828e+00
6.380000000000e+01  1.725298916093e+01 6.335858201555e+00 3.921812739411e+00 -5.015734849825e+00
6.381000000000e+01  1.731600453069e+01 6.267165255060e+00 3.871489459294e+00 -5.048880848115e+00
6.382000000000e+01  1.737833270718e+01 6.198420098287e+00 3.820834686045e+00 -5.082033210764e+00
6.383000000000e+01  1.743997319356e+01 6.129627782438e+00 3.769848355258e+00 -5.115192089780e+00
6.384000000000e+01  1.750092554281e+01 6.060793226448e+00 3.718530401686e+00 -5.148357502326e+00
6.385000000000e+01  1.756118935644e+01 5.991921207834e+00 3.666880760624e+00 -5.181529321799e+00
6.386000000000e+01  1.762076428294e+01 5.923016353452e+00 3.614899369400e+00 -5.214707268829e+00
6.387000000000e+01  1.767965001629e+01 5.854083130195e+00 3.562586168945e+00 -5.247890902207e+00
6.388000000000e+01  1.773784629429e+01 5.785125835656e+00 3.509941105456e+00 -5.281079609787e+00
6.389000000000e+01  1.779535289682e+01 5.716148588794e+00 3.456964132151e+00 -5.314272599389e+00
6.390000000000e+01  1.785216964401e+01 5.647155320644e+00 3.403655211116e+00 -5.347468889744e+00
6.391000000000e+01  1.790829639432e+01 5.578149765101e+00 3.350014315240e+00 -5.380667301511e+00
6.392000000000e+01  1.796373304251e+01 5.509135449821e+00 3.296041430241e+00 -5.413866448421e+00
6.393000000000e+01  1.801847951755e+01 5.440115687290e+00 3.241736556776e+00 -5.447064728576e+00
6.394000000000e+01  1.807253578040e+01 5.371093566096e+00 3.187099712643e+00 -5.480260315960e+00
6.395000000000e+01  1.812590182176e+01 5.302071942454e+00 3.132130935063e+00 -5.513451152203e+00
6.396000000000e+01  1.817857765968e+01 5.233053432044e+00 3.076830283039e+00 -5.546634938647e+00
6.397000000000e+01  1.823056333714e+01 5.164040402187e+00 3.021197839803e+00 -5.579809128768e+00
6.398000000000e+01  1.828185891950e+01 5.095034964435e+00 2.965233715326e+00 -5.612970920999e+00
6.399000000000e+01  1.833246449192e+01 5.026038967619e+00 2.908938048905e+00 -5.646117252006e+00
6.400000000000e+01  1.838238015670e+01 4.957053991392e+00 2.852311011809e+00 -5.679244790483e+00
6.401000000000e+01  1.843160603059e+01 4.888081340349e+00 2.795352809989e+00 -5.712349931492e+00
6.402000000000e+01  1.848014224196e+01 4.819122038741e+00 2.738063686837e+00 -5.745428791426e+00
6.403000000000e+01  1.852798892798e+01 4.750176825868e+00 2.680443926001e+00 -5.778477203629e+00
6.404000000000e+01  1.857514623182e+01 4.681246152170e+00 2.622493854224e+00 -5.811490714728e+00
6.405000000000e+01  1.862161429964e+01 4.612330176086e+00 2.564213844235e+00 -5.844464581728e+00
6.406000000000e+01  1.866739327775e+01 4.543428761718e+00 2.505604317650e+00 -5.877393769903e+00
6.407000000000e+01  1.871248330960e+01 4.474541477335e+00 2.446665747898e+00 -5.910272951548e+00
6.408000000000e+01  1.875688453286e+01 4.405667594772e+00 2.387398663150e+00 -5.943096505608e+00
6.409000000000e+01  1.880059707642e+01 4.336806089748e+00 2.327803649256e+00 -5.975858518227e+00
6.410000000000e+01  1.884362105747e+01 4.267955643141e+00 2.267881352657e+00 -6.008552784265e+00
6.411000000000e+01  1.888595657852e+01 4.199114643235e+00 2.207632483291e+00 -6.041172809776e+00
6.412000000000e+01  1.892760372455e+01 4.130281188981e+00 2.147057817464e+00 -6.073711815506e+00
6.413000000000e+01  1.896856256007e+01 4.061453094270e+00 2.086158200677e+00 -6.106162741395e+00
6.414000000000e+01  1.900883312636e+01 3.992627893227e+00 2.024934550409e+00 -6.138518252115e+00
6.415000000000e+01  1.904841543865e+01 3.923802846553e+00 1.963387858835e+00 -6.170770743636e+00
6.416000000000e+01  1.908730948346e+01 3.854974948880e+00 1.901519195478e+00 -6.202912350823e+00
6.417000000000e+01  1.912551521597e+01 3.786140937155e+00 1.839329709773e+00 -6.234934956049e+00
6.418000000000e+01  1.916303255747e+01 3.717297300027e+00 1.776820633548e+00 -6.266830198816e+00
6.419000000000e+01  1.919986139297e+01 3.648440288209e+00 1.713993283396e+00 -6.298589486350e+00
6.420000000000e+01  1.923600156884e+01 3.579565925797e+00 1.650849062942e+00 -6.330204005157e+00
6.421000000000e+01  1.927145289063e+01 3.510670022500e+00 1.587389464990e+00 -6.361664733477e+00
6.422000000000e+01  1.930621512095e+01 3.441748186737e+00 1.523616073533e+00 -6.392962454625e+00
6.423000000000e+01  1.934028797760e+01 3.372795839563e+00 1.459530565637e+00 -6.424087771137e+00
6.424000000000e+01  1.937367113170e+01 3.303808229351e+00 1.395134713172e+00 -6.455031119692e+00
6.425000000000e+01  1.940636420607e+01 3.234780447183e+00 1.330430384393e+00 -6.485782786728e+00
6.426000000000e+01  1.943836677374e+01 3.165707442871e+00 1.265419545361e+00 -6.516332924704e+00
6.427000000000e+01  1.946967835662e+01 3.096584041551e+00 1.200104261199e+00 -6.546671568913e+00
6.428000000000e+01  1.950029842431e+01 3.027404960758e+00 1.134486697175e+00 -6.576788654793e+00
6.429000000000e+01  1.953022639317e+01 2.958164827912e+00 1.068569119615e+00 -6.606674035643e+00
6.430000000000e+01  1.955946162543e+01 2.888858198134e+00 1.002353896633e+00 -6.636317500670e+00
6.431000000000e+01  1.958800342864e+01 2.819479572301e+00 9.358434986807e-01 -6.665708793269e+00
6.432000000000e+01  1.961585105516e+01 2.750023415258e+00 8.690404989118e-01 -6.694837629464e+00
6.433000000000e+01  1.964300370189e+01 2.680484174099e+00 8.019475733656e-01 -6.723693716423e+00
6.434000000000e+01  1.966946051025e+01 2.610856296433e+00 7.345675009615e-01 -6.752266770946e+00
6.435000000000e+01  1.969522056618e+01 2.541134248546e+00 6.669031633112e-01 -6.780546537856e+00
6.436000000000e+01  1.972028290051e+01 2.471312533374e+00 5.989575443477e-01 -6.808522808200e+00
6.437000000000e+01  1.974464648933e+01 2.401385708204e+00 5.307337297730e-01 -6.836185437178e+00
6.438000000000e+01  1.976831025470e+01 2.331348402033e+00 4.622349063287e-01 -6.863524361723e+00
6.439000000000e+01  1.979127306537e+01 2.261195332496e+00 3.934643608934e-01 -6.890529617659e+00
6.440000000000e+01  1.981353373784e+01 2.190921322295e+00 3.244254794098e-01 -6.917191356353e+00
6.441000000000e+01  1.983509103740e+01 2.120521315067e+00 2.551217456493e-01 -6.943499860811e+00
6.442000000000e+01  1.985594367947e+01 2.049990390623e+00 1.855567398181e-01 -6.969445561135e+00
6.443000000000e+01  1.987609033104e+01 1.979323779503e+00 1.157341370122e-01 -6.995019049308e+00
6.444000000000e+01  1.989552961221e+01 1.908516876794e+00 4.565770552890e-02 -7.020211093232e+00
6.445000000000e+01  1.991426009792e+01 1.837565255172e+00 -2.466869495934e-02 -7.045012649987e+00
6.446000000000e+01  1.993228031978e+01 1.766464677115e+00 -9.524111535854e-02 -7.069414878279e+00
6.447000000000e+01  1.994958876805e+01 1.695211106270e+00 -1.660555192274e-01 -7.093409150018e+00
6.448000000000e+01  1.996618389366e+01 1.623800717941e+00 -2.371077849631e-01 -7.116987061027e+00
6.449000000000e+01  1.998206411042e+01 1.552229908673e+00 -3.083937080891e-01 -7.140140440851e+00
6.450000000000e+01  1.999722779724e+01 1.480495304923e+00 -3.799090036372e-01 -7.162861361647e+00
6.451000000000e+01  2.001167330050e+01 1.408593770815e+00 -4.516493086133e-01 -7.185142146153e+00
6.452000000000e+01  2.002539893642e+01 1.336522414962e+00 -5.236101845386e-01 -7.206975374733e+00
6.453000000000e+01  2.003840299358e+01 1.264278596375e+00 -5.957871200564e-01 -7.228353891503e+00
6.454000000000e+01  2.005068373541e+01 1.191859929458e+00 -6.681755335955e-01 -7.249270809542e+00
6.455000000000e+01  2.006223940280e+01 1.119264288105e+00 -7.407707760818e-01 -7.269719515205e+00
6.456000000000e+01  2.007306821667e+01 1.046489808918e+00 -8.135681336880e-01 -7.289693671558e+00
6.457000000000e+01  2.008316838065e+01 9.735348935678e-01 -8.865628306136e-01 -7.309187220955e+00
6.458000000000e+01  2.009253808371e+01 9.003982103259e-01 -9.597500318866e-01 -7.328194386780e+00
6.459000000000e+01  2.010117550284e+01 8.270786947969e-01 -1.033124846179e+00 -7.346709674399e+00
6.460000000000e+01  2.010907880573e+01 7.535755498810e-01 -1.106682328625e+00 -7.364727871330e+00
6.461000000000e+01  2.011624615342e+01 6.798882450074e-01 -1.180417483645e+00 -7.382244046693e+00
6.462000000000e+01  2.012267570298e+01 6.060165146722e-01 -1.254325267750e+00 -7.399253549955e+00
6.463000000000e+01  2.012836561014e+01 5.319603563227e-01 -1.328400592337e+00 -7.415752009030e+00
6.464000000000e+01  2.013331403188e+01 4.577200276272e-01 -1.402638326465e+00 -7.431735327756e+00
6.465000000000e+01  2.013751912908e+01 3.832960431734e-01 -1.477033299591e+00 -7.447199682802e+00
6.466000000000e+01  2.014097906902e+01 3.086891706364e-01 -1.551580304288e+00 -7.462141520049e+00
6.467000000000e+01  2.014369202787e+01 2.339004264606e-01 -1.626274098911e+00 -7.476557550473e+00
6.468000000000e+01  2.014565619323e+01 1.589310710962e-01 -1.701109410229e+00 -7.490444745594e+00
6.469000000000e+01  2.014686976647e+01 8.378260383433e-02 -1.776080936003e+00 -7.503800332514e+00
6.470000000000e+01  2.014733096512e+01 8.456757280801e-03 -1.851183347517e+00 -7.516621788601e+00
6.471000000000e+01  2.014703802519e+01 -6.704450848916e-02 -1.926411292050e+00 -7.528906835841e+00
6.472000000000e+01  2.014598920338e+01 -1.427190120568e-01 -2.001759395296e+00 -7.540653434921e+00
6.473000000000e+01  2.014418277930e+01 -2.185643570269e-01 -2.077222263718e+00 -7.551859779064e+00
6.474000000000e+01  2.014161705754e+01 -2.945779386000e-01 -2.152794486842e+00 -7.562524287659e+00
6.475000000000e+01  2.013829036977e+01 -3.707569503124e-01 -2.228470639485e+00 -7.572645599721e+00
6.476000000000e+01  2.013420107668e+01 -4.470983909129e-01 -2.304245283921e+00 -7.582222567215e+00
6.477000000000e+01  2.012934756992e+01 -5.235990713408e-01 -2.380112971973e+00 -7.591254248279e+00
6.478000000000e+01  2.012372827394e+01 -6.002556217774e-01 -2.456068247041e+00 -7.599739900368e+00
6.479000000000e+01  2.011734164775e+01 -6.770644987417e-01 -2.532105646063e+00 -7.607678973361e+00
6.480000000000e+01  2.011018618663e+01 -7.540219922031e-01 -2.608219701405e+00 -7.615071102639e+00
6.481000000000e+01  2.010226042375e+01 -8.311242326866e-01 -2.684404942675e+00 -7.621916102181e+00
6.482000000000e+01  2.009356293174e+01 -9.083671983488e-01 -2.760655898484e+00 -7.628213957680e+00
6.483000000000e+01  2.008409232420e+01 -9.857467220015e-01 -2.836967098122e+00 -7.633964819713e+00
6.484000000000e+01  2.007384725705e+01 -1.063258498066e+00 -2.913333073176e+00 -7.639168996985e+00
6.485000000000e+01  2.006282642995e+01 -1.140898089438e+00 -2.989748359077e+00 -7.643826949646e+00
6.486000000000e+01  2.005102858757e+01 -1.218660934253e+00 -3.066207496583e+00 -7.647939282731e+00
6.487000000000e+01  2.003845252074e+01 -1.296542352527e+00 -3.142705033193e+00 -7.651506739695e+00
6.488000000000e+01  2.002509706771e+01 -1.374537552674e+00 -3.219235524501e+00 -7.654530196095e+00
6.489000000000e+01  2.001096111512e+01 -1.452641637881e+00 -3.295793535489e+00 -7.657010653397e+00
6.490000000000e+01  1.999604359910e+01 -1.530849612331e+00 -3.372373641749e+00 -7.658949232947e+00
6.491000000000e+01  1.998034350619e+01 -1.609156387268e+00 -3.448970430659e+00 -7.660347170085e+00
6.492000000000e+01  1.996385987428e+01 -1.687556786899e+00 -3.525578502492e+00 -7.661205808433e+00
6.493000000000e+01  1.994659179339e+01 -1.766045554123e+00 -3.602192471471e+00 -7.661526594348e+00
6.494000000000e+01  1.992853840650e+01 -1.844617356087e+00 -3.678806966766e+00 -7.661311071552e+00
6.495000000000e+01  1.990969891029e+01 -1.923266789561e+00 -3.755416633451e+00 -7.660560875934e+00
6.496000000000e+01  1.989007255578e+01 -2.001988386137e+00 -3.832016133389e+00 -7.659277730538e+00
6.497000000000e+01  1.986965864897e+01 -2.080776617241e+00 -3.908600146090e+00 -7.657463440729e+00
6.498000000000e+01  1.984845655144e+01 -2.159625898962e+00 -3.985163369502e+00 -7.655119889539e+00
6.499000000000e+01  1.982646568085e+01 -2.238530596705e+00 -4.061700520772e+00 -7.652249033198e+00
6.500000000000e+01  1.980368551145e+01 -2.317485029653e+00 -4.138206336953e+00 -7.648852896846e+00
6.501000000000e+01  1.978011557449e+01 -2.396483475056e+00 -4.214675575673e+00 -7.644933570420e+00
6.502000000000e+01  1.975575545865e+01 -2.475520172335e+00 -4.291103015766e+00 -7.640493204724e+00
6.503000000000e+01  1.973060481038e+01 -2.554589327015e+00 -4.367483457856e+00 -7.635534007670e+00
6.504000000000e+01  1.970466333424e+01 -2.633685114485e+00 -4.443811724918e+00 -7.630058240693e+00
6.505000000000e+01  1.967793079314e+01 -2.712801683578e+00 -4.520082662787e+00 -7.624068215337e+00
6.506000000000e+01  1.965040700864e+01 -2.791933160001e+00 -4.596291140654e+00 -7.617566290000e+00
6.507000000000e+01  1.962209186115e+01 -2.871073649588e+00 -4.672432051507e+00 -7.610554866846e+00
6.508000000000e+01  1.959298529007e+01 -2.950217241402e+00 -4.748500312563e+00 -7.603036388878e+00
6.509000000000e+01  1.956308729402e+01 -3.029358010678e+00 -4.824490865659e+00 -7.595013337152e+00
6.510000000000e+01  1.953239793090e+01 -3.108490021622e+00 -4.900398677621e+00 -7.586488228149e+00
6.511000000000e+01  1.950091731801e+01 -3.187607330057e+00 -4.976218740601e+00 -7.577463611295e+00
6.512000000000e+01  1.946864563213e+01 -3.266703985937e+00 -5.051946072402e+00 -7.567942066607e+00
6.513000000000e+01  1.943558310955e+01 -3.345774035717e+00 -5.127575716768e+00 -7.557926202484e+00
6.514000000000e+01  1.940173004611e+01 -3.424811524596e+00 -5.203102743658e+00 -7.547418653631e+00
6.515000000000e+01  1.936708679720e+01 -3.503810498635e+00 -5.278522249500e+00 -7.536422079095e+00
6.516000000000e+01  1.933165377770e+01 -3.582765006744e+00 -5.353829357425e+00 -7.524939160434e+00
6.517000000000e+01  1.929543146203e+01 -3.661669102567e+00 -5.429019217486e+00 -7.512972600000e+00
6.518000000000e+01  1.925842038399e+01 -3.740516846240e+00 -5.504087006852e+00 -7.500525119324e+00
6.519000000000e+01  1.922062113678e+01 -3.819302306050e+00 -5.579027929997e+00 -7.487599457622e+00
6.520000000000e+01  1.918203437285e+01 -3.898019559987e+00 -5.653837218871e+00 -7.474198370390e+00
6.521000000000e+01  1.914266080381e+01 -3.976662697197e+00 -5.728510133050e+00 -7.460324628106e+00
6.522000000000e+01  1.910250120032e+01 -4.055225819345e+00 -5.803041959888e+00 -7.445981015018e+00
6.523000000000e+01  1.906155639196e+01 -4.133703041881e+00 -5.877428014641e+00 -7.431170328029e+00
6.524000000000e+01  1.901982726708e+01 -4.212088495224e+00 -5.951663640594e+00 -7.415895375656e+00
6.525000000000e+01  1.897731477265e+01 -4.290376325862e+00 -6.025744209171e+00 -7.400158977083e+00
6.526000000000e+01  1.893401991406e+01 -4.368560697377e+00 -6.099665120037e+00 -7.383963961279e+00
6.527000000000e+01  1.888994375502e+01 -4.446635791395e+00 -6.173421801191e+00 -7.367313166196e+00
6.528000000000e+01  1.884508741730e+01 -4.524595808456e+00 -6.247009709052e+00 -7.350209438037e+00
6.529000000000e+01  1.879945208057e+01 -4.602434968836e+00 -6.320424328540e+00 -7.332655630579e+00
6.530000000000e+01  1.875303898220e+01 -4.680147513283e+00 -6.393661173149e+00 -7.314654604579e+00
6.531000000000e+01  1.870584941704e+01 -4.757727703711e+00 -6.466715785011e+00 -7.296209227214e+00
6.532000000000e+01  1.865788473723e+01 -4.835169823828e+00 -6.539583734960e+00 -7.277322371601e+00
6.533000000000e+01  1.860914635193e+01 -4.912468179706e+00 -6.612260622590e+00 -7.257996916351e+00
6.534000000000e+01  1.855963572716e+01 -4.989617100314e+00 -6.684742076304e+00 -7.238235745183e+00
6.535000000000e+01  1.850935438551e+01 -5.066610937983e+00 -6.757023753369e+00 -7.218041746583e+00
6.536000000000e+01  1.845830390594e+01 -5.143444068844e+00 -6.829101339958e+00 -7.197417813508e+00
6.537000000000e+01  1.840648592351e+01 -5.220110893208e+00 -6.900970551195e+00 -7.176366843129e+00
6.538000000000e+01  1.835390212918e+01 -5.296605835918e+00 -6.972627131196e+00 -7.154891736617e+00
6.539000000000e+01  1.830055426952e+01 -5.372923346649e+00 -7.044066853106e+00 -7.132995398963e+00
6.540000000000e+01  1.824644414649e+01 -5.449057900184e+00 -7.115285519142e+00 -7.110680738836e+00
6.541000000000e+01  1.819157361716e+01 -5.525003996647e+00 -7.186278960624e+00 -7.087950668472e+00
6.542000000000e+01  1.813594459348e+01 -5.600756161711e+00 -7.257043038010e+00 -7.064808103592e+00
6.543000000000e+01  1.807955904202e+01 -5.676308946770e+00 -7.327573640935e+00 -7.041255963355e+00
6.544000000000e+01  1.802241898371e+01 -5.751656929085e+00 -7.397866688242e+00 -7.017297170328e+00
6.545000000000e+01  1.796452649355e+01 -5.826794711906e+00 -7.467918128016e+00 -6.992934650489e+00
6.546000000000e+01  1.790588370040e+01 -5.901716924560e+00 -7.537723937621e+00 -6.968171333256e+00
6.547000000000e+01  1.784649278671e+01 -5.976418222531e+00 -7.607280123731e+00 -6.943010151526e+00
6.548000000000e+01  1.778635598821e+01 -6.050893287501e+00 -7.676582722368e+00 -6.917454041747e+00
6.549000000000e+01  1.772547559371e+01 -6.125136827380e+00 -7.745627798935e+00 -6.891505944005e+00
6.550000000000e+01  1.766385394480e+01 -6.199143576318e+00 -7.814411448257e+00 -6.865168802124e+00
6.551000000000e+01  1.760149343559e+01 -6.272908294691e+00 -7.882929794614e+00 -6.838445563791e+00
6.552000000000e+01  1.753839651246e+01 -6.346425769079e+00 -7.951178991786e+00 -6.811339180691e+00
6.553000000000e+01  1.747456567381e+01 -6.419690812220e+00 -8.019155223089e+00 -6.783852608659e+00
6.554000000000e+01  1.741000346976e+01 -6.492698262956e+00 -8.086854701418e+00 -6.755988807843e+00
6.555000000000e+01  1.734471250192e+01 -6.565442986160e+00 -8.154273669295e+00 -6.727750742880e+00
6.556000000000e+01  1.727869542312e+01 -6.637919872652e+00 -8.221408398909e+00 -6.699141383086e+00
6.557000000000e+01  1.721195493715e+01 -6.710123839105e+00 -8.288255192168e+00 -6.670163702657e+00
6.558000000000e+01  1.714449379852e+01 -6.782049827935e+00 -8.354810380748e+00 -6.640820680872e+00
6.559000000000e+01  1.707631481218e+01 -6.853692807185e+00 -8.421070326144e+00 -6.611115302318e+00
6.560000000000e+01  1.700742083326e+01 -6.925047770395e+00 -8.487031419723e+00 -6.581050557109e+00
6.561000000000e+01  1.693781476684e+01 -6.996109736465e+00 -8.552690082784e+00 -6.550629441129e+00
6.562000000000e+01  1.686749956768e+01 -7.066873749512e+00 -8.618042766615e+00 -6.519854956265e+00
6.563000000000e+01  1.679647823998e+01 -7.137334878711e+00 -8.683085952554e+00 -6.488730110660e+00
6.564000000000e+01  1.672475383713e+01 -7.207488218136e+00 -8.747816152053e+00 -6.457257918968e+00
6.565000000000e+01  1.665232946143e+01 -7.277328886592e+00 -8.812229906743e+00 -6.425441402610e+00
6.566000000000e+01  1.657920826389e+01 -7.346852027435e+00 -8.876323788507e+00 -6.393283590042e+00
6.567000000000e+01  1.650539344396e+01 -7.416052808396e+00 -8.940094399548e+00 -6.360787517023e+00
6.568000000000e+01  1.643088824929e+01 -7.484926421389e+00 -9.003538372464e+00 -6.327956226893e+00
6.569000000000e+01  1.635569597551e+01 -7.553468082318e+00 -9.066652370327e+00 -6.294792770845e+00
6.570000000000e+01  1.627981996593e+01 -7.621673030881e+00 -9.129433086762e+00 -6.261300208213e+00
6.571000000000e+01  1.620326361139e+01 -7.689536530362e+00 -9.191877246028e+00 -6.227481606752e+00
6.572000000000e+01  1.612603034996e+01 -7.757053867427e+00 -9.253981603105e+00 -6.193340042933e+00
6.573000000000e+01  1.604812366672e+01 -7.824220351911e+00 -9.315742943786e+00 -6.158878602227e+00
6.574000000000e+01  1.596954709355e+01 -7.891031316597e+00 -9.377158084762e+00 -6.124100379404e+00
6.575000000000e+01  1.589030420888e+01 -7.957482117000e+00 -9.438223873722e+00 -6.089008478828e+00
6.576000000000e+01  1.581039863749e+01 -8.023568131140e+00 -9.498937189446e+00 -6.053606014755e+00
6.577000000000e+01  1.572983405025e+01 -8.089284759314e+00 -9.559294941909e+00 -6.017896111635e+00
6.578000000000e+01  1.564861416391e+01 -8.154627423867e+00 -9.619294072384e+00 -5.981881904413e+00
6.579000000000e+01  1.556674274092e+01 -8.219591568952e+00 -9.678931553546e+00 -5.945566538834e+00
6.580000000000e+01  1.548422358915e+01 -8.284172660294e+00 -9.738204389583e+00 -5.908953171750e+00
6.581000000000e+01  1.540106056172e+01 -8.348366184953e+00 -9.797109616311e+00 -5.872044971425e+00
6.582000000000e+01  1.531725755677e+01 -8.412167651073e+00 -9.855644301284e+00 -5.834845117848e+00
6.583000000000e+01  1.523281851726e+01 -8.475572587639e+00 -9.913805543919e+00 -5.797356803037e+00
6.584000000000e+01  1.514774743075e+01 -8.538576544226e+00 -9.971590475615e+00 -5.759583231357e+00
6.585000000000e+01  1.506204832921e+01 -8.601175090748e+00 -1.002899625987e+01 -5.721527619827e+00
6.586000000000e+01  1.497572528881e+01 -8.663363817200e+00 -1.008602009244e+01 -5.683193198437e+00
6.587000000000e+01  1.488878242971e+01 -8.725138333403e+00 -1.014265920142e+01 -5.644583210461e+00
6.588000000000e+01  1.480122391588e+01 -8.786494268741e+00 -1.019891084741e+01 -5.605700912772e+00
6.589000000000e+01  1.471305395491e+01 -8.847427271903e+00 -1.025477232367e+01 -5.566549576160e+00
6.590000000000e+01  1.462427679780e+01 -8.907933010612e+00 -1.031024095622e+01 -5.527132485645e+00
6.591000000000e+01  1.453489673878e+01 -8.968007171363e+00 -1.036531410401e+01 -5.487452940800e+00
6.592000000000e+01  1.444491811512e+01 -9.027645459151e+00 -1.041998915906e+01 -5.447514256065e+00
6.593000000000e+01  1.435434530694e+01 -9.086843597200e+00 -1.047426354661e+01 -5.407319761066e+00
6.594000000000e+01  1.426318273707e+01 -9.145597326688e+00 -1.052813472526e+01 -5.366872800938e+00
6.595000000000e+01  1.417143487080e+01 -9.203902406473e+00 -1.058160018716e+01 -5.326176736639e+00
6.596000000000e+01  1.407910621578e+01 -9.261754612817e+00 -1.063465745815e+01 -5.285234945274e+00
6.597000000000e+01  1.398620132178e+01 -9.319149739101e+00 -1.068730409792e+01 -5.244050820416e+00
6.598000000000e+01  1.389272478058e+01 -9.376083595549e+00 -1.073953770016e+01 -5.202627772421e+00
6.599000000000e+01  1.379868122576e+01 -9.432552008944e+00 -1.079135589278e+01 -5.160969228755e+00
6.600000000000e+01  1.370407533255e+01 -9.488550822339e+00 -1.084275633804e+01 -5.119078634309e+00
6.601000000000e+01  1.360891181768e+01 -9.544075894781e+00 -1.089373673273e+01 -5.076959451721e+00
6.602000000000e+01  1.351319543920e+01 -9.599123101012e+00 -1.094429480837e+01 -5.034615161697e+00
6.603000000000e+01  1.341693099635e+01 -9.653688331192e+00 -1.099442833136e+01 -4.992049263328e+00
6.604000000000e+01  1.332012332936e+01 -9.707767490603e+00 -1.104413510320e+01 -4.949265274408e+00
6.605000000000e+01  1.322277731939e+01 -9.761356499359e+00 -1.109341296067e+01 -4.906266731753e+00
6.606000000000e+01  1.312489788826e+01 -9.814451292123e+00 -1.114225977600e+01 -4.863057191519e+00
6.607000000000e+01  1.302648999843e+01 -9.867047817808e+00 -1.119067345708e+01 -4.819640229511e+00
6.608000000000e+01  1.292755865276e+01 -9.919142039292e+00 -1.123865194767e+01 -4.776019441503e+00
6.609000000000e+01  1.282810889444e+01 -9.970729933124e+00 -1.128619322758e+01 -4.732198443543e+00
6.610000000000e+01  1.272814580681e+01 -1.002180748924e+01 -1.133329531288e+01 -4.688180872269e+00
6.611000000000e+01  1.262767451326e+01 -1.007237071067e+01 -1.137995625612e+01 -4.643970385209e+00
6.612000000000e+01  1.252670017707e+01 -1.012241561326e+01 -1.142617414653e+01 -4.599570661087e+00
6.613000000000e+01  1.242522800132e+01 -1.017193822536e+01 -1.147194711023e+01 -4.554985400122e+00
6.614000000000e+01  1.232326322872e+01 -1.022093458757e+01 -1.151727331045e+01 -4.510218324325e+00
6.615000000000e+01  1.222081114153e+01 -1.026940075248e+01 -1.156215094777e+01 -4.465273177792e+00
6.616000000000e+01  1.211787706143e+01 -1.031733278431e+01 -1.160657826030e+01 -4.420153726983e+00
6.617000000000e+01  1.201446634938e+01 -1.036472675873e+01 -1.165055352393e+01 -4.374863761013e+00
6.618000000000e+01  1.191058440556e+01 -1.041157876254e+01 -1.169407505257e+01 -4.329407091918e+00
6.619000000000e+01  1.180623666920e+01 -1.045788489343e+01 -1.173714119836e+01 -4.283787554927e+00
6.620000000000e+01  1.170142861850e+01 -1.050364125970e+01 -1.177975035190e+01 -4.238009008720e+00
6.621000000000e+01  1.159616577055e+01 -1.054884398005e+01 -1.182190094250e+01 -4.192075335678e+00
6.622000000000e+01  1.149045368119e+01 -1.059348918328e+01 -1.186359143843e+01 -4.145990442128e+00
6.623000000000e+01  1.138429794490e+01 -1.063757300813e+01 -1.190482034712e+01 -4.099758258568e+00
6.624000000000e+01  1.127770419477e+01 -1.068109160298e+01 -1.194558621545e+01 -4.053382739892e+00
6.625000000000e+01  1.117067810231e+01 -1.072404112570e+01 -1.198588762995e+01 -4.006867865594e+00
6.626000000000e+01  1.106322537744e+01 -1.076641774344e+01 -1.202572321708e+01 -3.960217639957e+00
6.627000000000e+01  1.095535176835e+01 -1.080821763240e+01 -1.206509164348e+01 -3.913436092237e+00
6.628000000000e+01  1.084706306143e+01 -1.084943697773e+01 -1.210399161618e+01 -3.866527276817e+00
6.629000000000e+01  1.073836508116e+01 -1.089007197331e+01 -1.214242188291e+01 -3.819495273354e+00
6.630000000000e+01  1.062926369005e+01 -1.093011882166e+01 -1.218038123230e+01 -3.772344186898e+00
6.631000000000e+01  1.051976478855e+01 -1.096957373380e+01 -1.221786849417e+01 -3.725078147991e+00
6.632000000000e+01  1.040987431495e+01 -1.100843292917e+01 -1.225488253977e+01 -3.677701312750e+00
6.633000000000e+01  1.029959824529e+01 -1.104669263557e+01 -1.229142228205e+01 -3.630217862911e+00
6.634000000000e+01  1.018894259331e+01 -1.108434908908e+01 -1.232748667590e+01 -3.582632005858e+00
6.635000000000e+01  1.007791341034e+01 -1.112139853409e+01 -1.236307471839e+01 -3.534947974614e+00
6.636000000000e+01  9.966516785228e+00 -1.115783722327e+01 -1.239818544907e+01 -3.487170027800e+00
6.637000000000e+01  9.854758844250e+00 -1.119366141766e+01 -1.243281795022e+01 -3.439302449568e+00
6.638000000000e+01  9.742645751032e+00 -1.122886738674e+01 -1.246697134706e+01 -3.391349549480e+00
6.639000000000e+01  9.630183706461e+00 -1.126345140856e+01 -1.250064480803e+01 -3.343315662362e+00
6.640000000000e+01  9.517378948601e+00 -1.129740976988e+01 -1.253383754508e+01 -3.295205148106e+00
6.641000000000e+01  9.404237752604e+00 -1.133073876643e+01 -1.256654881384e+01 -3.247022391423e+00
6.642000000000e+01  9.290766430619e+00 -1.136343470312e+01 -1.259877791393e+01 -3.198771801550e+00
6.643000000000e+01  9.176971331696e+00 -1.139549389441e+01 -1.263052418919e+01 -3.150457811905e+00
6.644000000000e+01  9.062858841693e+00 -1.142691266464e+01 -1.266178702791e+01 -3.102084879669e+00
6.645000000000e+01  8.948435383175e+00 -1.145768734847e+01 -1.269256586305e+01 -3.053657485327e+00
6.646000000000e+01  8.833707415303e+00 -1.148781429139e+01 -1.272286017252e+01 -3.005180132121e+00
6.647000000000e+01  8.718681433727e+00 -1.151728985029e+01 -1.275266947934e+01 -2.956657345445e+00
6.648000000000e+01  8.603363970470e+00 -1.154611039411e+01 -1.278199335192e+01 -2.908093672156e+00
6.649000000000e+01  8.487761593801e+00 -1.157427230451e+01 -1.281083140422e+01 -2.859493679809e+00
6.650000000000e+01  8.371880908103e+00 -1.160177197678e+01 -1.283918329600e+01 -2.810861955797e+00
6.651000000000e+01  8.255728553736e+00 -1.162860582064e+01 -1.286704873296e+01 -2.762203106402e+00
6.652000000000e+01  8.139311206884e+00 -1.165477026130e+01 -1.289442746696e+01 -2.713521755751e+00
6.653000000000e+01  8.022635579399e+00 -1.168026174057e+01 -1.292131929621e+01 -2.664822544654e+00
6.654000000000e+01  7.905708418621e+00 -1.170507671801e+01 -1.294772406537e+01 -2.616110129345e+00
6.655000000000e+01  7.788536507204e+00 -1.172921167236e+01 -1.297364166576e+01 -2.567389180093e+00
6.656000000000e+01  7.671126662910e+00 -1.175266310290e+01 -1.299907203545e+01 -2.518664379686e+00
6.657000000000e+01  7.553485738396e+00 -1.177542753109e+01 -1.302401515940e+01 -2.469940421792e+00
6.658000000000e+01  7.435620620986e+00 -1.179750150231e+01 -1.304847106954e+01 -2.421222009167e+00
6.659000000000e+01  7.317538232423e+00 -1.181888158771e+01 -1.307243984488e+01 -2.372513851717e+00
6.660000000000e+01  7.199245528598e+00 -1.183956438625e+01 -1.309592161154e+01 -2.323820664400e+00
6.661000000000e+01  7.080749499262e+00 -1.185954652690e+01 -1.311891654282e+01 -2.275147164967e+00
6.662000000000e+01  6.962057167716e+00 -1.187882467103e+01 -1.314142485919e+01 -2.226498071519e+00
6.663000000000e+01  6.843175590471e+00 -1.189739551497e+01 -1.316344682828e+01 -2.177878099882e+00
6.664000000000e+01  6.724111856887e+00 -1.191525579273e+01 -1.318498276487e+01 -2.129291960790e+00
6.665000000000e+01  6.604873088783e+00 -1.193240227899e+01 -1.320603303080e+01 -2.080744356856e+00
6.666000000000e+01  6.485466440008e+00 -1.194883179223e+01 -1.322659803487e+01 -2.032239979335e+00
6.667000000000e+01  6.365899095993e+00 -1.196454119818e+01 -1.324667823275e+01 -1.983783504662e+00
6.668000000000e+01  6.246178273258e+00 -1.197952741338e+01 -1.326627412674e+01 -1.935379590753e+00
6.669000000000e+01  6.126311218882e+00 -1.199378740909e+01 -1.328538626563e+01 -1.887032873059e+00
6.670000000000e+01  6.006305209939e+00 -1.200731821541e+01 -1.330401524444e+01 -1.838747960371e+00
6.671000000000e+01  5.886167552887e+00 -1.202011692562e+01 -1.332216170410e+01 -1.790529430352e+00
6.672000000000e+01  5.765905582908e+00 -1.203218070090e+01 -1.333982633115e+01 -1.742381824802e+00
6.673000000000e+01  5.645526663213e+00 -1.204350677524e+01 -1.335700985734e+01 -1.694309644629e+00
6.674000000000e+01  5.525038184281e+00 -1.205409246069e+01 -1.337371305921e+01 -1.646317344525e+00
6.675000000000e+01  5.404447563050e+00 -1.206393515287e+01 -1.338993675758e+01 -1.598409327348e+00
6.676000000000e+01  5.283762242059e+00 -1.207303233689e+01 -1.340568181699e+01 -1.550589938175e+00
6.677000000000e+01  5.162989688516e+00 -1.208138159345e+01 -1.342094914514e+01 -1.502863458045e+00
6.678000000000e+01  5.042137393311e+00 -1.208898060538e+01 -1.343573969218e+01 -1.455234097366e+00
6.679000000000e+01  4.921212869962e+00 -1.209582716448e+01 -1.345005444996e+01 -1.407705988985e+00
6.680000000000e+01  4.800223653486e+00 -1.210191917869e+01 -1.346389445126e+01 -1.360283180922e+00
6.681000000000e+01  4.679177299206e+00 -1.210725467960e+01 -1.347726076887e+01 -1.312969628749e+00
6.682000000000e+01  4.558081381470e+00 -1.211183183033e+01 -1.349015451461e+01 -1.265769187624e+00
6.683000000000e+01  4.436943492294e+00 -1.211564893378e+01 -1.350257683834e+01 -1.218685603971e+00
6.684000000000e+01  4.315771239926e+00 -1.211870444117e+01 -1.351452892678e+01 -1.171722506806e+00
6.685000000000e+01  4.194572247316e+00 -1.212099696097e+01 -1.352601200232e+01 -1.124883398714e+00
6.686000000000e+01  4.073354150493e+00 -1.212252526818e+01 -1.353702732168e+01 -1.078171646481e+00
6.687000000000e+01  3.952124596860e+00 -1.212328831392e+01 -1.354757617453e+01 -1.031590471381e+00
6.688000000000e+01  3.830891243376e+00 -1.212328523540e+01 -1.355765988199e+01 -9.851429391318e-01
6.689000000000e+01  3.709661754646e+00 -1.212251536614e+01 -1.356727979497e+01 -9.388319495380e-01
6.690000000000e+01  3.588443800907e+00 -1.212097824655e+01 -1.357643729254e+01 -8.926602258182e-01
6.691000000000e+01  3.467245055901e+00 -1.211867363476e+01 -1.358513378003e+01 -8.466303036525e-01
6.692000000000e+01  3.346073194647e+00 -1.211560151778e+01 -1.359337068715e+01 -8.007445199621e-01
6.693000000000e+01  3.224935891092e+00 -1.211176212276e+01 -1.360114946592e+01 -7.550050014502e-01
6.694000000000e+01  3.103840815651e+00 -1.210715592863e+01 -1.360847158853e+01 -7.094136529332e-01
6.695000000000e+01  2.982795632635e+00 -1.210178367778e+01 -1.361533854504e+01 -6.639721454966e-01
6.696000000000e+01  2.861807997554e+00 -1.209564638794e+01 -1.362175184099e+01 -6.186819045139e-01
6.697000000000e+01  2.740885554301e+00 -1.208874536414e+01 -1.362771299488e+01 -5.735440975742e-01
6.698000000000e+01  2.620035932227e+00 -1.208108221070e+01 -1.363322353556e+01 -5.285596223637e-01
6.699000000000e+01  2.499266743079e+00 -1.207265884322e+01 -1.363828499942e+01 -4.837290945587e-01
6.700000000000e+01  2.378585577836e+00 -1.206347750050e+01 -1.364289892756e+01 -4.390528357861e-01
6.701000000000e+01  2.258000003409e+00 -1.205354075631e+01 -1.364706686275e+01 -3.945308617179e-01
6.702000000000e+01  2.137517559244e+00 -1.204285153101e+01 -1.365079034633e+01 -3.501628703684e-01
6.703000000000e+01  2.017145753789e+00 -1.203141310279e+01 -1.365407091498e+01 -3.059482306693e-01
6.704000000000e+01  1.896892060869e+00 -1.201922911863e+01 -1.365691009736e+01 -2.618859714031e-01
6.705000000000e+01  1.776763915942e+00 -1.200630360484e+01 -1.365930941068e+01 -2.179747705800e-01
6.706000000000e+01  1.656768712256e+00 -1.199264097694e+01 -1.366127035712e+01 -1.742129453484e-01
6.707000000000e+01  1.536913796912e+00 -1.197824604907e+01 -1.366279442017e+01 -1.305984425330e-01
6.708000000000e+01  1.417206466830e+00 -1.196312404251e+01 -1.366388306089e+01 -8.712882989885e-02
6.709000000000e+01  1.297653964647e+00 -1.194728059355e+01 -1.366453771410e+01 -4.380128824299e-02
6.710000000000e+01  1.178263474524e+00 -1.193072176024e+01 -1.366475978446e+01 -6.126044184555e-04
6.711000000000e+01  1.059042117905e+00 -1.191345402825e+01 -1.366455064247e+01 4.244083460411e-02
6.712000000000e+01  9.399969492160e-01 -1.189548431550e+01 -1.366391162050e+01 8.536304652909e-02
6.713000000000e+01  8.211349515241e-01 -1.187681997558e+01 -1.366284400871e+01 1.281584572759e-01
6.714000000000e+01  7.024630321726e-01 -1.185746879975e+01 -1.366134905091e+01 1.708319031598e-01
6.715000000000e+01  5.839880184000e-01 -1.183743901757e+01 -1.365942794054e+01 2.133886316095e-01
6.716000000000e+01  4.657166529627e-01 -1.181673929587e+01 -1.365708181648e+01 2.558343003214e-01
6.717000000000e+01  3.476555897753e-01 -1.179537873611e+01 -1.365431175901e+01 2.981749747534e-01
6.718000000000e+01  2.298113895863e-01 -1.177336686999e+01 -1.365111878572e+01 3.404171238708e-01
6.719000000000e+01  1.121905157066e-01 -1.175071365320e+01 -1.364750384755e+01 3.825676140612e-01
6.720000000000e+01  -5.200670189367e-03 -1.172742945730e+01 -1.364346782480e+01 4.246337011464e-01
6.721000000000e+01  -1.223559121721e-01 -1.170352505961e+01 -1.363901152334e+01 4.666230204299e-01
6.722000000000e+01  -2.392690640538e-01 -1.167901163109e+01 -1.363413567083e+01 5.085435747313e-01
6.723000000000e+01  -3.559340932543e-01 -1.165390072219e+01 -1.362884091314e+01 5.504037203709e-01
6.724000000000e+01  -4.723450845144e-01 -1.162820424659e+01 -1.362312781089e+01 5.922121510851e-01
6.725000000000e+01  -5.884962434369e-01 -1.160193446288e+01 -1.361699683617e+01 6.339778798693e-01
6.726000000000e+01  -7.043818998338e-01 -1.157510395422e+01 -1.361044836944e+01 6.757102187598e-01
6.727000000000e+01  -8.199965108600e-01 -1.154772560593e+01 -1.360348269666e+01 7.174187565896e-01
6.728000000000e+01  -9.353346639128e-01 -1.151981258108e+01 -1.359610000662e+01 7.591133347678e-01
6.729000000000e+01  -1.050391079278e+00 -1.149137829424e+01 -1.358830038859e+01 8.008040211534e-01
6.730000000000e+01  -1.165160612506e+00 -1.146243638336e+01 -1.358008383015e+01 8.425010821171e-01
6.731000000000e+01  -1.279638256492e+00 -1.143300067997e+01 -1.357145021539e+01 8.842149528995e-01
6.732000000000e+01  -1.393819143262e+00 -1.140308517781e+01 -1.356239932333e+01 9.259562063997e-01
6.733000000000e+01  -1.507698545425e+00 -1.137270400005e+01 -1.355293082675e+01 9.677355205415e-01
6.734000000000e+01  -1.621271877298e+00 -1.134187136519e+01 -1.354304429132e+01 1.009563644388e+00
6.735000000000e+01  -1.734534695686e+00 -1.131060155198e+01 -1.353273917499e+01 1.051451363192e+00
6.736000000000e+01  -1.847482700305e+00 -1.127890886343e+01 -1.352201482789e+01 1.093409462570e+00
6.737000000000e+01  -1.960111733836e+00 -1.124680759015e+01 -1.351087049247e+01 1.135448692041e+00
6.738000000000e+01  -2.072417781622e+00 -1.121431197331e+01 -1.349930530403e+01 1.177579728124e+00
6.739000000000e+01  -2.184396970985e+00 -1.118143616737e+01 -1.348731829168e+01 1.219813137249e+00
6.740000000000e+01  -2.296045570171e+00 -1.114819420284e+01 -1.347490837957e+01 1.262159338722e+00
6.741000000000e+01  -2.407359986929e+00 -1.111459994942e+01 -1.346207438862e+01 1.304628567978e+00
6.742000000000e+01  -2.518336766717e+00 -1.108066707957e+01 -1.344881503845e+01 1.347230840380e+00
6.743000000000e+01  -2.628972590557e+00 -1.104640903293e+01 -1.343512894984e+01 1.389975915798e+00
6.744000000000e+01  -2.739264272529e+00 -1.101183898178e+01 -1.342101464739e+01 1.432873264216e+00
6.745000000000e+01  -2.849208756933e+00 -1.097696979767e+01 -1.340647056263e+01 1.475932032587e+00
6.746000000000e+01  -2.958803115124e+00 -1.094181401959e+01 -1.339149503740e+01 1.519161013166e+00
6.747000000000e+01  -3.068044542032e+00 -1.090638382383e+01 -1.337608632753e+01 1.562568613525e+00
6.748000000000e+01  -3.176930352395e+00 -1.087069099566e+01 -1.336024260684e+01 1.606162828440e+00
6.749000000000e+01  -3.285457976719e+00 -1.083474690307e+01 -1.334396197140e+01 1.649951213819e+00
6.750000000000e+01  -3.393624956983e+00 -1.079856247274e+01 -1.332724244402e+01 1.693940862830e+00
6.751000000000e+01  -3.501428942120e+00 -1.076214816830e+01 -1.331008197903e+01 1.738138384369e+00
6.752000000000e+01  -3.608867683284e+00 -1.072551397105e+01 -1.329247846716e+01 1.782549883952e+00
6.753000000000e+01  -3.715939028951e+00 -1.068866936320e+01 -1.327442974069e+01 1.827180947141e+00
6.754000000000e+01  -3.822640919851e+00 -1.065162331368e+01 -1.325593357872e+01 1.872036625557e+00
6.755000000000e+01  -3.928971383780e+00 -1.061438426662e+01 -1.323698771255e+01 1.917121425508e+00
6.756000000000e+01  -4.034928530306e+00 -1.057696013238e+01 -1.321758983121e+01 1.962439299262e+00
6.757000000000e+01  -4.140510545403e+00 -1.053935828127e+01 -1.319773758698e+01 2.007993638939e+00
6.758000000000e+01  -4.245715686027e+00 -1.050158553988e+01 -1.317742860105e+01 2.053787272996e+00
6.759000000000e+01  -4.350542274678e+00 -1.046364818986e+01 -1.315666046915e+01 2.099822465249e+00
6.760000000000e+01  -4.454988693952e+00 -1.042555196923e+01 -1.313543076718e+01 2.146100916359e+00
6.761000000000e+01  -4.559053381127e+00 -1.038730207606e+01 -1.311373705684e+01 2.192623767685e+00
6.762000000000e+01  -4.662734822793e+00 -1.034890317435e+01 -1.309157689118e+01 2.239391607396e+00
6.763000000000e+01  -4.766031549547e+00 -1.031035940212e+01 -1.306894782008e+01 2.286404478723e+00
6.764000000000e+01  -4.868942130790e+00 -1.027167438144e+01 -1.304584739568e+01 2.333661890201e+00
6.765000000000e+01  -4.971465169621e+00 -1.023285123033e+01 -1.302227317764e+01 2.381162827774e+00
6.766000000000e+01  -5.073599297869e+00 -1.019389257636e+01 -1.299822273829e+01 2.428905768591e+00
6.767000000000e+01  -5.175343171260e+00 -1.015480057179e+01 -1.297369366769e+01 2.476888696337e+00
6.768000000000e+01  -5.276695464751e+00 -1.011557691010e+01 -1.294868357841e+01 2.525109117946e+00
6.769000000000e+01  -5.377654868027e+00 -1.007622284365e+01 -1.292319011027e+01 2.573564081506e+00
6.770000000000e+01  -5.478220081186e+00 -1.003673920245e+01 -1.289721093480e+01 2.622250195215e+00
6.771000000000e+01  -5.578389810610e+00 -9.997126413809e+00 -1.287074375954e+01 2.671163647203e+00
6.772000000000e+01  -5.678162765046e+00 -9.957384522635e+00 -1.284378633217e+01 2.720300226076e+00
6.773000000000e+01  -5.777537651880e+00 -9.917513212343e+00 -1.281633644435e+01 2.769655342006e+00
6.774000000000e+01  -5.876513173631e+00 -9.877511826150e+00 -1.278839193543e+01 2.819224048238e+00
6.775000000000e+01  -5.975088024658e+00 -9.837379388628e+00 -1.275995069592e+01 2.869001062850e+00
6.776000000000e+01  -6.073260888081e+00 -9.797114627393e+00 -1.273101067070e+01 2.918980790647e+00
6.777000000000e+01  -6.171030432919e+00 -9.756715994786e+00 -1.270156986207e+01 2.969157345049e+00
6.778000000000e+01  -6.268395311445e+00 -9.716181689441e+00 -1.267162633252e+01 3.019524569870e+00
6.779000000000e+01  -6.365354156759e+00 -9.675509677619e+00 -1.264117820737e+01 3.070076060864e+00
6.780000000000e+01  -6.461905580565e+00 -9.634697714229e+00 -1.261022367711e+01 3.120805186948e+00
6.781000000000e+01  -6.558048171161e+00 -9.593743363428e+00 -1.257876099956e+01 3.171705111018e+00
6.782000000000e+01  -6.653780491636e+00 -9.552644018729e+00 -1.254678850185e+01 3.222768810272e+00
6.783000000000e+01  -6.749101078257e+00 -9.511396922561e+00 -1.251430458217e+01 3.273989095974e+00
6.784000000000e+01  -6.844008439055e+00 -9.469999185190e+00 -1.248130771132e+01 3.325358632596e+00
6.785000000000e+01  -6.938501052593e+00 -9.428447802995e+00 -1.244779643411e+01 3.376869956302e+00
6.786000000000e+01  -7.032577366918e+00 -9.386739676013e+00 -1.241376937053e+01 3.428515492711e+00
6.787000000000e+01  -7.126235798677e+00 -9.344871624754e+00 -1.237922521679e+01 3.480287573925e+00
6.788000000000e+01  -7.219474732406e+00 -9.302840406242e+00 -1.234416274616e+01 3.532178454787e+00
6.789000000000e+01  -7.312292519970e+00 -9.260642729268e+00 -1.230858080968e+01 3.584180328351e+00
6.790000000000e+01  -7.404687480154e+00 -9.218275268852e+00 -1.227247833669e+01 3.636285340559e+00
6.791000000000e+01  -7.496657898389e+00 -9.175734679893e+00 -1.223585433523e+01 3.688485604112e+00
6.792000000000e+01  -7.588202026623e+00 -9.133017610024e+00 -1.219870789232e+01 3.740773211538e+00
6.793000000000e+01  -7.679318083300e+00 -9.090120711666e+00 -1.216103817409e+01 3.793140247471e+00
6.794000000000e+01  -7.770004253471e+00 -9.047040653290e+00 -1.212284442583e+01 3.845578800130e+00
6.795000000000e+01  -7.860258689003e+00 -9.003774129918e+00 -1.208412597183e+01 3.898080972038e+00
6.796000000000e+01  -7.950079508896e+00 -8.960317872848e+00 -1.204488221529e+01 3.950638889975e+00
6.797000000000e+01  -8.039464799688e+00 -8.916668658663e+00 -1.200511263793e+01 4.003244714197e+00
6.798000000000e+01  -8.128412615950e+00 -8.872823317508e+00 -1.196481679967e+01 4.055890646945e+00
6.799000000000e+01  -8.216920980862e+00 -8.828778740685e+00 -1.192399433817e+01 4.108568940259e+00
6.800000000000e+01  -8.304987886855e+00 -8.784531887586e+00 -1.188264496828e+01 4.161271903134e+00
6.801000000000e+01  -8.392611296328e+00 -8.740079791982e+00 -1.184076848144e+01 4.213991908030e+00
6.802000000000e+01  -8.479789142416e+00 -8.695419567710e+00 -1.179836474502e+01 4.266721396789e+00
6.803000000000e+01  -8.566519329820e+00 -8.650548413775e+00 -1.175543370160e+01 4.319452885956e+00
6.804000000000e+01  -8.652799735677e+00 -8.605463618908e+00 -1.171197536819e+01 4.372178971566e+00
6.805000000000e+01  -8.738628210483e+00 -8.560162565595e+00 -1.166798983543e+01 4.424892333396e+00
6.806000000000e+01  -8.824002579043e+00 -8.514642733623e+00 -1.162347726673e+01 4.477585738738e+00
6.807000000000e+01  -8.908920641462e+00 -8.468901703152e+00 -1.157843789735e+01 4.530252045698e+00
6.808000000000e+01  -8.993380174163e+00 -8.422937157363e+00 -1.153287203352e+01 4.582884206071e+00
6.809000000000e+01  -9.077378930926e+00 -8.376746884694e+00 -1.148678005148e+01 4.635475267804e+00
6.810000000000e+01  -9.160914643950e+00 -8.330328780696e+00 -1.144016239648e+01 4.688018377081e+00
6.811000000000e+01  -9.243985024933e+00 -8.283680849538e+00 -1.139301958181e+01 4.740506780053e+00
6.812000000000e+01  -9.326587766166e+00 -8.236801205184e+00 -1.134535218780e+01 4.792933824249e+00
6.813000000000e+01  -9.408720541629e+00 -8.189688072262e+00 -1.129716086080e+01 4.845292959671e+00
6.814000000000e+01  -9.490381008107e+00 -8.142339786664e+00 -1.124844631212e+01 4.897577739622e+00
6.815000000000e+01  -9.571566806302e+00 -8.094754795877e+00 -1.119920931704e+01 4.949781821270e+00
6.816000000000e+01  -9.652275561947e+00 -8.046931659084e+00 -1.114945071374e+01 5.001898965980e+00
6.817000000000e+01  -9.732504886927e+00 -7.998869047051e+00 -1.109917140226e+01 5.053923039428e+00
6.818000000000e+01  -9.812252380391e+00 -7.950565741814e+00 -1.104837234347e+01 5.105848011522e+00
6.819000000000e+01  -9.891515629860e+00 -7.902020636193e+00 -1.099705455802e+01 5.157667956144e+00
6.820000000000e+01  -9.970292212335e+00 -7.853232733139e+00 -1.094521912530e+01 5.209377050734e+00
6.821000000000e+01  -1.004857969539e+01 -7.804201144945e+00 -1.089286718241e+01 5.260969575727e+00
6.822000000000e+01  -1.012637563828e+01 -7.754925092318e+00 -1.083999992315e+01 5.312439913865e+00
6.823000000000e+01  -1.020367759298e+01 -7.705403903347e+00 -1.078661859695e+01 5.363782549388e+00
6.824000000000e+01  -1.028048310529e+01 -7.655637012362e+00 -1.073272450793e+01 5.414992067134e+00
6.825000000000e+01  -1.035678971588e+01 -7.605623958707e+00 -1.067831901386e+01 5.466063151541e+00
6.826000000000e+01  -1.043259496132e+01 -7.555364385436e+00 -1.062340352515e+01 5.516990585575e+00
6.827000000000e+01  -1.050789637514e+01 -7.504858037938e+00 -1.056797950391e+01 5.567769249595e+00
6.828000000000e+01  -1.058269148882e+01 -7.454104762512e+00 -1.051204846296e+01 5.618394120157e+00
6.829000000000e+01  -1.065697783280e+01 -7.403104504891e+00 -1.045561196490e+01 5.668860268772e+00
6.830000000000e+01  -1.073075293746e+01 -7.351857308726e+00 -1.039867162111e+01 5.719162860626e+00
6.831000000000e+01  -1.080401433410e+01 -7.300363314040e+00 -1.034122909089e+01 5.769297153267e+00
6.832000000000e+01  -1.087675955591e+01 -7.248622755657e+00 -1.028328608049e+01 5.819258495272e+00
6.833000000000e+01  -1.094898613889e+01 -7.196635961616e+00 -1.022484434224e+01 5.869042324892e+00
6.834000000000e+01  -1.102069162275e+01 -7.144403351572e+00 -1.016590567362e+01 5.918644168691e+00
6.835000000000e+01  -1.109187355188e+01 -7.091925435188e+00 -1.010647191645e+01 5.968059640170e+00
6.836000000000e+01  -1.116252947620e+01 -7.039202810530e+00 -1.004654495595e+01 6.017284438402e+00
6.837000000000e+01  -1.123265695204e+01 -6.986236162465e+00 -9.986126719952e+00 6.066314346662e+00
6.838000000000e+01  -1.130225354301e+01 -6.933026261063e+00 -9.925219178029e+00 6.115145231065e+00
6.839000000000e+01  -1.137131682083e+01 -6.879573960013e+00 -9.863824340691e+00 6.163773039220e+00
6.840000000000e+01  -1.143984436617e+01 -6.825880195056e+00 -9.801944258569e+00 6.212193798894e+00
6.841000000000e+01  -1.150783376946e+01 -6.771945982426e+00 -9.739581021625e+00 6.260403616697e+00
6.842000000000e+01  -1.157528263170e+01 -6.717772417322e+00 -9.676736758363e+00 6.308398676782e+00
6.843000000000e+01  -1.164218856522e+01 -6.663360672393e+00 -9.613413635069e+00 6.356175239571e+00
6.844000000000e+01  -1.170854919445e+01 -6.608711996254e+00 -9.549613855046e+00 6.403729640506e+00
6.845000000000e+01  -1.177436215668e+01 -6.553827712026e+00 -9.485339657877e+00 6.451058288822e+00
6.846000000000e+01  -1.183962510280e+01 -6.498709215899e+00 -9.420593318686e+00 6.498157666353e+00
6.847000000000e+01  -1.190433569803e+01 -6.443357975730e+00 -9.355377147425e+00 6.545024326361e+00
6.848000000000e+01  -1.196849162261e+01 -6.387775529669e+00 -9.289693488161e+00 6.591654892398e+00
6.849000000000e+01  -1.203209057250e+01 -6.331963484814e+00 -9.223544718379e+00 6.638046057202e+00
6.850000000000e+01  -1.209513026008e+01 -6.275923515900e+00 -9.156933248297e+00 6.684194581616e+00
6.851000000000e+01  -1.215760841480e+01 -6.219657364018e+00 -9.089861520189e+00 6.730097293549e+00
6.852000000000e+01  -1.221952278387e+01 -6.163166835370e+00 -9.022332007721e+00 6.775751086965e+00
6.853000000000e+01  -1.228087113285e+01 -6.106453800055e+00 -8.954347215291e+00 6.821152920904e+00
6.854000000000e+01  -1.234165124633e+01 -6.049520190889e+00 -8.885909677390e+00 6.866299818538e+00
6.855000000000e+01  -1.240186092853e+01 -5.992368002257e+00 -8.817021957958e+00 6.911188866261e+00
6.856000000000e+01  -1.246149800393e+01 -5.934999289001e+00 -8.747686649761e+00 6.955817212814e+00
6.857000000000e+01  -1.252056031784e+01 -5.877416165342e+00 -8.677906373771e+00 7.000182068439e+00
6.858000000000e+01  -1.257904573702e+01 -5.819620803833e+00 -8.607683778552e+00 7.044280704068e+00
6.859000000000e+01  -1.263695215022e+01 -5.761615434346e+00 -8.537021539661e+00 7.088110450553e+00
6.860000000000e+01  -1.269427746879e+01 -5.703402343095e+00 -8.465922359051e+00 7.131668697913e+00
6.861000000000e+01  -1.275101962721e+01 -5.644983871688e+00 -8.394388964480e+00 7.174952894630e+00
6.862000000000e+01  -1.280717658365e+01 -5.586362416214e+00 -8.322424108935e+00 7.217960546971e+00
6.863000000000e+01  -1.286274632051e+01 -5.527540426363e+00 -8.250030570054e+00 7.260689218335e+00
6.864000000000e+01  -1.291772684495e+01 -5.468520404573e+00 -8.177211149558e+00 7.303136528647e+00
6.865000000000e+01  -1.297211618942e+01 -5.409304905217e+00 -8.103968672690e+00 7.345300153769e+00
6.866000000000e+01  -1.302591241215e+01 -5.349896533810e+00 -8.030305987657e+00 7.387177824947e+00
6.867000000000e+01  -1.307911359771e+01 -5.290297946257e+00 -7.956225965080e+00 7.428767328294e+00
6.868000000000e+01  -1.313171785745e+01 -5.230511848126e+00 -7.881731497445e+00 7.470066504294e+00
6.869000000000e+01  -1.318372333003e+01 -5.170540993947e+00 -7.806825498565e+00 7.511073247336e+00
6.870000000000e+01  -1.323512818189e+01 -5.110388186549e+00 -7.731510903044e+00 7.551785505285e+00
6.871000000000e+01  -1.328593060775e+01 -5.050056276416e+00 -7.655790665739e+00 7.592201279075e+00
6.872000000000e+01  -1.333612883106e+01 -4.989548161077e+00 -7.579667761236e+00 7.632318622323e+00
6.873000000000e+01  -1.338572110449e+01 -4.928866784522e+00 -7.503145183321e+00 7.672135640988e+00
6.874000000000e+01  -1.343470571036e+01 -4.868015136642e+00 -7.426225944464e+00 7.711650493037e+00
6.875000000000e+01  -1.348308096113e+01 -4.806996252698e+00 -7.348913075293e+00 7.750861388149e+00
6.876000000000e+01  -1.353084519983e+01 -4.745813212816e+00 -7.271209624086e+00 7.789766587442e+00
6.877000000000e+01  -1.357799680052e+01 -4.684469141503e+00 -7.193118656251e+00 7.828364403220e+00
6.878000000000e+01  -1.362453416872e+01 -4.622967207192e+00 -7.114643253819e+00 7.866653198748e+00
6.879000000000e+01  -1.367045574186e+01 -4.561310621806e+00 -7.035786514935e+00 7.904631388050e+00
6.880000000000e+01  -1.371575998968e+01 -4.499502640349e+00 -6.956551553350e+00 7.942297435731e+00
6.881000000000e+01  -1.376044541473e+01 -4.437546560521e+00 -6.876941497919e+00 7.979649856816e+00
6.882000000000e+01  -1.380451055269e+01 -4.375445722344e+00 -6.796959492094e+00 8.016687216615e+00
6.883000000000e+01  -1.384795397291e+01 -4.313203507825e+00 -6.716608693421e+00 8.053408130608e+00
6.884000000000e+01  -1.389077427871e+01 -4.250823340625e+00 -6.635892273045e+00 8.089811264350e+00
6.885000000000e+01  -1.393297010791e+01 -4.188308685759e+00 -6.554813415203e+00 8.125895333391e+00
6.886000000000e+01  -1.397454013314e+01 -4.125663049306e+00 -6.473375316727e+00 8.161659103224e+00
6.887000000000e+01  -1.401548306232e+01 -4.062889978146e+00 -6.391581186546e+00 8.197101389241e+00
6.888000000000e+01  -1.405579763904e+01 -3.999993059706e+00 -6.309434245183e+00 8.232221056716e+00
6.889000000000e+01  -1.409548264295e+01 -3.936975921732e+00 -6.226937724263e+00 8.267017020793e+00
6.890000000000e+01  -1.413453689019e+01 -3.873842232068e+00 -6.144094866005e+00 8.301488246503e+00
6.891000000000e+01  -1.417295923379e+01 -3.810595698459e+00 -6.060908922733e+00 8.335633748784e+00
6.892000000000e+01  -1.421074856403e+01 -3.747240068365e+00 -5.977383156369e+00 8.369452592525e+00
6.893000000000e+01  -1.424790380888e+01 -3.683779128785e+00 -5.893520837938e+00 8.402943892614e+00
6.894000000000e+01  -1.428442393438e+01 -3.620216706105e+00 -5.809325247064e+00 8.436106814011e+00
6.895000000000e+01  -1.432030794502e+01 -3.556556665944e+00 -5.724799671472e+00 8.468940571820e+00
6.896000000000e+01  -1.435555488413e+01 -3.492802913025e+00 -5.639947406484e+00 8.501444431380e+00
6.897000000000e+01  -1.439016383432e+01 -3.428959391049e+00 -5.554771754517e+00 8.533617708361e+00
6.898000000000e+01  -1.442413391779e+01 -3.365030082577e+00 -5.469276024581e+00 8.565459768878e+00
6.899000000000e+01  -1.445746429679e+01 -3.301019008929e+00 -5.383463531769e+00 8.596970029597e+00
6.900000000000e+01  -1.449015417396e+01 -3.236930230081e+00 -5.297337596757e+00 8.628147957869e+00
6.901000000000e+01  -1.452220279274e+01 -3.172767844576e+00 -5.210901545291e+00 8.658993071850e+00
6.902000000000e+01  -1.455360943775e+01 -3.108535989435e+00 -5.124158707682e+00 8.689504940636e+00
6.903000000000e+01  -1.458437343516e+01 -3.044238840076e+00 -5.037112418294e+00 8.719683184407e+00
6.904000000000e+01  -1.461449415309e+01 -2.979880610236e+00 -4.949766015034e+00 8.749527474556e+00
6.905000000000e+01  -1.464397100200e+01 -2.915465551889e+00 -4.862122838838e+00 8.779037533841e+00
6.906000000000e+01  -1.467280343506e+01 -2.850997955174e+00 -4.774186233156e+00 8.808213136518e+00
6.907000000000e+01  -1.470099094852e+01 -2.786482148317e+00 -4.685959543439e+00 8.837054108481e+00
6.908000000000e+01  -1.472853308210e+01 -2.721922497545e+00 -4.597446116619e+00 8.865560327402e+00
6.909000000000e+01  -1.475542941938e+01 -2.657323407009e+00 -4.508649300591e+00 8.893731722862e+00
6.910000000000e+01  -1.478167958819e+01 -2.592689318689e+00 -4.419572443696e+00 8.921568276471e+00
6.911000000000e+01  -1.480728326093e+01 -2.528024712298e+00 -4.330218894197e+00 8.949070021991e+00
6.912000000000e+01  -1.483224015501e+01 -2.463334105181e+00 -4.240591999757e+00 8.976237045444e+00
6.913000000000e+01  -1.485655003319e+01 -2.398622052189e+00 -4.150695106920e+00 9.003069485203e+00
6.914000000000e+01  -1.488021270399e+01 -2.333893145557e+00 -4.060531560581e+00 9.029567532079e+00
6.915000000000e+01  -1.490322802201e+01 -2.269152014755e+00 -3.970104703467e+00 9.055731429387e+00
6.916000000000e+01  -1.492559588833e+01 -2.204403326328e+00 -3.879417875606e+00 9.081561472992e+00
6.917000000000e+01  -1.494731625091e+01 -2.139651783714e+00 -3.788474413807e+00 9.107058011344e+00
6.918000000000e+01  -1.496838910489e+01 -2.074902127041e+00 -3.697277651131e+00 9.132221445478e+00
6.919000000000e+01  -1.498881449303e+01 -2.010159132901e+00 -3.605830916365e+00 9.157052228998e+00
6.920000000000e+01  -1.500859250601e+01 -1.945427614090e+00 -3.514137533498e+00 9.181550868032e+00
6.921000000000e+01  -1.502772328282e+01 -1.880712419333e+00 -3.422200821195e+00 9.205717921150e+00
6.922000000000e+01  -1.504620701114e+01 -1.816018432959e+00 -3.330024092275e+00 9.229553999259e+00
6.923000000000e+01  -1.506404392765e+01 -1.751350574554e+00 -3.237610653184e+00 9.253059765453e+00
6.924000000000e+01  -1.508123431839e+01 -1.686713798564e+00 -3.144963803481e+00 9.276235934828e+00
6.925000000000e+01  -1.509777851914e+01 -1.622113093868e+00 -3.052086835312e+00 9.299083274248e+00
6.926000000000e+01  -1.511367691572e+01 -1.557553483295e+00 -2.958983032897e+00 9.321602602075e+00
6.927000000000e+01  -1.512892994437e+01 -1.493040023095e+00 -2.865655672019e+00 9.343794787837e+00
6.928000000000e+01  -1.514353809202e+01 -1.428577802357e+00 -2.772108019509e+00 9.365660751852e+00
6.929000000000e+01  -1.515750189669e+01 -1.364171942375e+00 -2.678343332745e+00 9.387201464787e+00
6.930000000000e+01  -1.517082194775e+01 -1.299827595943e+00 -2.584364859148e+00 9.408417947158e+00
6.931000000000e+01  -1.518349888626e+01 -1.235549946590e+00 -2.490175835688e+00 9.429311268764e+00
6.932000000000e+01  -1.519553340525e+01 -1.171344207749e+00 -2.395779488392e+00 9.449882548051e+00
6.933000000000e+01  -1.520692625004e+01 -1.107215621844e+00 -2.301179031865e+00 9.470132951398e+00
6.934000000000e+01  -1.521767821853e+01 -1.043169459304e+00 -2.206377668812e+00 9.490063692322e+00
6.935000000000e+01  -1.522779016143e+01 -9.792110174864e-01 -2.111378589571e+00 9.509676030608e+00
6.936000000000e+01  -1.523726298257e+01 -9.153456195218e-01 -2.016184971656e+00 9.528971271333e+00
6.937000000000e+01  -1.524609763913e+01 -8.515786130529e-01 -1.920799979307e+00 9.547950763811e+00
6.938000000000e+01  -1.525429514188e+01 -7.879153688819e-01 -1.825226763059e+00 9.566615900423e+00
6.939000000000e+01  -1.526185655542e+01 -7.243612795100e-01 -1.729468459312e+00 9.584968115356e+00
6.940000000000e+01  -1.526878299835e+01 -6.609217575664e-01 -1.633528189921e+00 9.603008883215e+00
6.941000000000e+01  -1.527507564353e+01 -5.976022341219e-01 -1.537409061803e+00 9.620739717531e+00
6.942000000000e+01  -1.528073571816e+01 -5.344081568797e-01 -1.441114166552e+00 9.638162169137e+00
6.943000000000e+01  -1.528576450403e+01 -4.713449882392e-01 -1.344646580073e+00 9.655277824422e+00
6.944000000000e+01  -1.529016333761e+01 -4.084182032254e-01 -1.248009362244e+00 9.672088303444e+00
6.945000000000e+01  -1.529393361017e+01 -3.456332872790e-01 -1.151205556580e+00 9.688595257908e+00
6.946000000000e+01  -1.529707676787e+01 -2.829957339010e-01 -1.054238189933e+00 9.704800368992e+00
6.947000000000e+01  -1.529959431184e+01 -2.205110421455e-01 -9.571102722067e-01 9.720705345027e+00
6.948000000000e+01  -1.530148779821e+01 -1.581847139549e-01 -8.598247960992e-01 9.736311919010e+00
6.949000000000e+01  -1.530275883813e+01 -9.602225133231e-02 -7.623847368677e-01 9.751621845961e+00
6.950000000000e+01  -1.530340909775e+01 -3.402915334459e-02 -6.647930521232e-01 9.766636900105e+00
6.951000000000e+01  -1.530344029821e+01 2.778908704919e-02 -5.670526816534e-01 9.781358871878e+00
6.952000000000e+01  -1.530285421550e+01 8.942698634913e-02 -4.691665472763e-01 9.795789564759e+00
6.953000000000e+01  -1.530165268038e+01 1.508790740511e-01 -3.711375527267e-01 9.809930791902e+00
6.954000000000e+01  -1.529983757825e+01 2.121398963731e-01 -2.729685835771e-01 9.823784372592e+00
6.955000000000e+01  -1.529741084895e+01 2.732040201764e-01 -1.746625071951e-01 9.837352128498e+00
6.956000000000e+01  -1.529437448650e+01 3.340660370852e-01 -7.622217273963e-02 9.850635879724e+00
6.957000000000e+01  -1.529073053887e+01 3.947205678080e-01 2.234958880327e-02 9.863637440661e+00
6.958000000000e+01  -1.528648110767e+01 4.551622666651e-01 1.210499645410e-01 9.876358615634e+00
6.959000000000e+01  -1.528162834777e+01 5.153858263235e-01 2.198761595512e-01 9.888801194332e+00
6.960000000000e+01  -1.527617446687e+01 5.753859827414e-01 3.188253967115e-01 9.900966947040e+00
6.961000000000e+01  -1.527012172510e+01 6.351575203240e-01 4.178949164802e-01 9.912857619641e+00
6.962000000000e+01  -1.526347243447e+01 6.946952772898e-01 5.170819766268e-01 9.924474928428e+00
6.963000000000e+01  -1.525622895831e+01 7.539941512480e-01 6.163838519086e-01 9.935820554684e+00
6.964000000000e+01  -1.524839371063e+01 8.130491049840e-01 7.157978336928e-01 9.946896139062e+00
6.965000000000e+01  -1.523996915549e+01 8.718551724520e-01 8.153212295207e-01 9.957703275761e+00
6.966000000000e+01  -1.523095780620e+01 9.304074649689e-01 9.149513626135e-01 9.968243506487e+00
6.967000000000e+01  -1.522136222454e+01 9.887011776059e-01 1.014685571315e+00 9.978518314228e+00
6.968000000000e+01  -1.521118501990e+01 1.046731595771e+00 1.114521208476e+00 9.988529116828e+00
6.969000000000e+01  -1.520042884831e+01 1.104494101975e+00 1.214455640762e+00 9.998277260382e+00
6.970000000000e+01  -1.518909641149e+01 1.161984182768e+00 1.314486247913e+00 1.000776401245e+01
6.971000000000e+01  -1.517719045569e+01 1.219197435844e+00 1.414610421911e+00 1.001699055513e+01
6.972000000000e+01  -1.516471377063e+01 1.276129577287e+00 1.514825566102e+00 1.002595797793e+01
6.973000000000e+01  -1.515166918824e+01 1.332776448966e+00 1.615129094224e+00 1.003466727055e+01
6.974000000000e+01  -1.513805958133e+01 1.389134026033e+00 1.715518429378e+00 1.004311931555e+01
6.975000000000e+01  -1.512388786230e+01 1.445198424536e+00 1.815991002917e+00 1.005131488085e+01
6.976000000000e+01  -1.510915698161e+01 1.500965909107e+00 1.916544253262e+00 1.005925461224e+01
6.977000000000e+01  -1.509386992631e+01 1.556432900712e+00 2.017175624645e+00 1.006693902572e+01
6.978000000000e+01  -1.507802971842e+01 1.611595984436e+00 2.117882565769e+00 1.007436849992e+01
6.979000000000e+01  -1.506163941324e+01 1.666451917279e+00 2.218662528399e+00 1.008154326841e+01
6.980000000000e+01  -1.504470209761e+01 1.720997635935e+00 2.319512965872e+00 1.008846341208e+01
6.981000000000e+01  -1.502722088807e+01 1.775230264524e+00 2.420431331534e+00 1.009512885157e+01
6.982000000000e+01  -1.500919892893e+01 1.829147122245e+00 2.521415077095e+00 1.010153933971e+01
6.983000000000e+01  -1.499063939030e+01 1.882745730920e+00 2.622461650921e+00 1.010769445417e+01
6.984000000000e+01  -1.497154546603e+01 1.936023822387e+00 2.723568496241e+00 1.011359359018e+01
6.985000000000e+01  -1.495192037156e+01 1.988979345718e+00 2.824733049288e+00 1.011923595344e+01
6.986000000000e+01  -1.493176734172e+01 2.041610474208e+00 2.925952737372e+00 1.012462055330e+01
6.987000000000e+01  -1.491108962844e+01 2.093915612109e+00 3.027224976880e+00 1.012974619614e+01
6.988000000000e+01  -1.488989049844e+01 2.145893401061e+00 3.128547171217e+00 1.013461147905e+01
6.989000000000e+01  -1.486817323079e+01 2.197542726185e+00 3.229916708683e+00 1.013921478394e+01
6.990000000000e+01  -1.484594111447e+01 2.248862721791e+00 3.331330960292e+00 1.014355427188e+01
6.991000000000e+01  -1.482319744585e+01 2.299852776655e+00 3.432787277539e+00 1.014762787801e+01
6.992000000000e+01  -1.479994552611e+01 2.350512538840e+00 3.534282990120e+00 1.015143330683e+01
6.993000000000e+01  -1.477618865863e+01 2.400841919994e+00 3.635815403597e+00 1.015496802803e+01
6.994000000000e+01  -1.475193014634e+01 2.450841099105e+00 3.737381797041e+00 1.015822927286e+01
6.995000000000e+01  -1.472717328903e+01 2.500510525662e+00 3.838979420625e+00 1.016121403108e+01
6.996000000000e+01  -1.470192138061e+01 2.549850922178e+00 3.940605493202e+00 1.016391904859e+01
6.997000000000e+01  -1.467617770643e+01 2.598863286055e+00 4.042257199854e+00 1.016634082566e+01
6.998000000000e+01  -1.464994554044e+01 2.647548890733e+00 4.143931689435e+00 1.016847561592e+01
6.999000000000e+01  -1.462322814251e+01 2.695909286108e+00 4.245626072097e+00 1.017031942606e+01
7.000000000000e+01  -1.459602875561e+01 2.743946298172e+00 4.347337416829e+00 1.017186801627e+01
7.001000000000e+01  -1.456835060308e+01 2.791662027866e+00 4.449062748994e+00 1.017311690157e+01
7.002000000000e+01  -1.454019688590e+01 2.839058849109e+00 4.550799047891e+00 1.017406135383e+01
7.003000000000e+01  -1.451157077993e+01 2.886139405983e+00 4.652543244336e+00 1.017469640474e+01
7.004000000000e+01  -1.448247543328e+01 2.932906609065e+00 4.754292218278e+00 1.017501684959e+01
7.005000000000e+01  -1.445291396364e+01 2.979363630894e+00 4.856042796463e+00 1.017501725186e+01
7.006000000000e+01  -1.442288945568e+01 3.025513900563e+00 4.957791750137e+00 1.017469194882e+01
7.007000000000e+01  -1.439240495855e+01 3.071361097434e+00 5.059535792822e+00 1.017403505786e+01
7.008000000000e+01  -1.436146348337e+01 3.116909143986e+00 5.161271578148e+00 1.017304048376e+01
7.009000000000e+01  -1.433006800087e+01 3.162162197800e+00 5.262995697772e+00 1.017170192684e+01
7.010000000000e+01  -1.429822143907e+01 3.207124642705e+00 5.364704679376e+00 1.017001289186e+01
7.011000000000e+01  -1.426592668107e+01 3.251801079084e+00 5.466394984761e+00 1.016796669789e+01
7.012000000000e+01  -1.423318656293e+01 3.296196313403e+00 5.568063008041e+00 1.016555648880e+01
7.013000000000e+01  -1.420000387168e+01 3.340315346953e+00 5.669705073951e+00 1.016277524468e+01
7.014000000000e+01  -1.416638134341e+01 3.384163363878e+00 5.771317436267e+00 1.015961579390e+01
7.015000000000e+01  -1.413232166153e+01 3.427745718504e+00 5.872896276355e+00 1.015607082581e+01
7.016000000000e+01  -1.409782745513e+01 3.471067922041e+00 5.974437701845e+00 1.015213290425e+01
7.017000000000e+01  -1.406290129744e+01 3.514135628692e+00 6.075937745446e+00 1.014779448142e+01
7.018000000000e+01  -1.402754570453e+01 3.556954621225e+00 6.177392363907e+00 1.014304791246e+01
7.019000000000e+01  -1.399176313407e+01 3.599530796093e+00 6.278797437115e+00 1.013788547042e+01
7.020000000000e+01  -1.395555598428e+01 3.641870148128e+00 6.380148767353e+00 1.013229936162e+01
7.021000000000e+01  -1.391892659301e+01 3.683978754912e+00 6.481442078713e+00 1.012628174141e+01
7.022000000000e+01  -1.388187723699e+01 3.725862760872e+00 6.582673016666e+00 1.011982473011e+01
7.023000000000e+01  -1.384441013126e+01 3.767528361175e+00 6.683837147790e+00 1.011292042924e+01
7.024000000000e+01  -1.380652742874e+01 3.808981785507e+00 6.784929959667e+00 1.010556093781e+01
7.025000000000e+01  -1.376823121997e+01 3.850229281786e+00 6.885946860938e+00 1.009773836868e+01
7.026000000000e+01  -1.372952353297e+01 3.891277099915e+00 6.986883181520e+00 1.008944486488e+01
7.027000000000e+01  -1.369040633337e+01 3.932131475613e+00 7.087734172997e+00 1.008067261588e+01
7.028000000000e+01  -1.365088152456e+01 3.972798614422e+00 7.188495009156e+00 1.007141387364e+01
7.029000000000e+01  -1.361095094812e+01 4.013284675954e+00 7.289160786698e+00 1.006166096846e+01
7.030000000000e+01  -1.357061638434e+01 4.053595758435e+00 7.389726526093e+00 1.005140632445e+01
7.031000000000e+01  -1.352987955291e+01 4.093737883626e+00 7.490187172598e+00 1.004064247477e+01
7.032000000000e+01  -1.348874211376e+01 4.133716982177e+00 7.590537597420e+00 1.002936207626e+01
7.033000000000e+01  -1.344720566803e+01 4.173538879471e+00 7.690772599025e+00 1.001755792373e+01
7.034000000000e+01  -1.340527175921e+01 4.213209282014e+00 7.790886904583e+00 1.000522296357e+01
7.035000000000e+01  -1.336294187438e+01 4.252733764427e+00 7.890875171552e+00 9.992350306896e+00
7.036000000000e+01  -1.332021744559e+01 4.292117757069e+00 7.990731989386e+00 9.978933241938e+00
7.037000000000e+01  -1.327709985137e+01 4.331366534356e+00 8.090451881365e+00 9.964965245800e+00
7.038000000000e+01  -1.323359041836e+01 4.370485203785e+00 8.190029306542e+00 9.950439995493e+00
7.039000000000e+01  -1.318969042297e+01 4.409478695715e+00 8.289458661788e+00 9.935351378218e+00
7.040000000000e+01  -1.314540109327e+01 4.448351753915e+00 8.388734283944e+00 9.919693500868e+00
7.041000000000e+01  -1.310072361086e+01 4.487108926908e+00 8.487850452065e+00 9.903460698743e+00
7.042000000000e+01  -1.305565911287e+01 4.525754560117e+00 8.586801389736e+00 9.886647543459e+00
7.043000000000e+01  -1.301020869402e+01 4.564292788828e+00 8.685581267478e+00 9.869248850030e+00
7.044000000000e+01  -1.296437340877e+01 4.602727531973e+00 8.784184205210e+00 9.851259683146e+00
7.045000000000e+01  -1.291815427349e+01 4.641062486729e+00 8.882604274772e+00 9.832675362613e+00
7.046000000000e+01  -1.287155226872e+01 4.679301123931e+00 8.980835502501e+00 9.813491467994e+00
7.047000000000e+01  -1.282456834143e+01 4.717446684282e+00 9.078871871849e+00 9.793703842442e+00
7.048000000000e+01  -1.277720340736e+01 4.755502175359e+00 9.176707326031e+00 9.773308595737e+00
7.049000000000e+01  -1.272945835334e+01 4.793470369381e+00 9.274335770704e+00 9.752302106563e+00
7.050000000000e+01  -1.268133403967e+01 4.831353801729e+00 9.371751076664e+00 9.730681024024e+00
7.051000000000e+01  -1.263283130248e+01 4.869154770192e+00 9.468947082556e+00 9.708442268448e+00
7.052000000000e+01  -1.258395095610e+01 4.906875334900e+00 9.565917597581e+00 9.685583031477e+00
7.053000000000e+01  -1.253469379548e+01 4.944517318933e+00 9.662656404213e+00 9.662100775507e+00
7.054000000000e+01  -1.248506059848e+01 4.982082309556e+00 9.759157260896e+00 9.637993232475e+00
7.055000000000e+01  -1.243505212826e+01 5.019571660060e+00 9.855413904734e+00 9.613258402064e+00
7.056000000000e+01  -1.238466913563e+01 5.056986492163e+00 9.951420054152e+00 9.587894549321e+00
7.057000000000e+01  -1.233391236132e+01 5.094327698945e+00 1.004716941154e+01 9.561900201763e+00
7.058000000000e+01  -1.228278253822e+01 5.131595948264e+00 1.014265566586e+01 9.535274145978e+00
7.059000000000e+01  -1.223128039370e+01 5.168791686639e+00 1.023787249521e+01 9.508015423773e+00
7.060000000000e+01  -1.217940665171e+01 5.205915143539e+00 1.033281356936e+01 9.480123327913e+00
7.061000000000e+01  -1.212716203498e+01 5.242966336056e+00 1.042747255225e+01 9.451597397466e+00
7.062000000000e+01  -1.207454726712e+01 5.279945073916e+00 1.052184310441e+01 9.422437412814e+00
7.063000000000e+01  -1.202156307464e+01 5.316850964796e+00 1.061591888535e+01 9.392643390357e+00
7.064000000000e+01  -1.196821018895e+01 5.353683419912e+00 1.070969355591e+01 9.362215576944e+00
7.065000000000e+01  -1.191448934832e+01 5.390441659835e+00 1.080316078050e+01 9.331154444071e+00
7.066000000000e+01  -1.186040129970e+01 5.427124720513e+00 1.089631422936e+01 9.299460681874e+00
7.067000000000e+01  -1.180594680062e+01 5.463731459458e+00 1.098914758069e+01 9.267135192960e+00
7.068000000000e+01  -1.175112662087e+01 5.500260562067e+00 1.108165452272e+01 9.234179086090e+00
7.069000000000e+01  -1.169594154421e+01 5.536710548052e+00 1.117382875581e+01 9.200593669763e+00
7.070000000000e+01  -1.164039237002e+01 5.573079777950e+00 1.126566399434e+01 9.166380445716e+00
7.071000000000e+01  -1.158447991481e+01 5.609366459679e+00 1.135715396865e+01 9.131541102371e+00
7.072000000000e+01  -1.152820501376e+01 5.645568655122e+00 1.144829242686e+01 9.096077508256e+00
7.073000000000e+01  -1.147156852213e+01 5.681684286721e+00 1.153907313665e+01 9.059991705418e+00
7.074000000000e+01  -1.141457131661e+01 5.717711144042e+00 1.162948988696e+01 9.023285902857e+00
7.075000000000e+01  -1.135721429663e+01 5.753646890307e+00 1.171953648961e+01 8.985962469996e+00
7.076000000000e+01  -1.129949838559e+01 5.789489068868e+00 1.180920678089e+01 8.948023930200e+00
7.077000000000e+01  -1.124142453202e+01 5.825235109606e+00 1.189849462305e+01 8.909472954380e+00
7.078000000000e+01  -1.118299371068e+01 5.860882335245e+00 1.198739390578e+01 8.870312354675e+00
7.079000000000e+01  -1.112420692363e+01 5.896427967552e+00 1.207589854755e+01 8.830545078238e+00
7.080000000000e+01  -1.106506520117e+01 5.931869133434e+00 1.216400249695e+01 8.790174201136e+00
7.081000000000e+01  -1.100556960277e+01 5.967202870903e+00 1.225169973394e+01 8.749202922378e+00
7.082000000000e+01  -1.094572121795e+01 6.002426134903e+00 1.233898427106e+01 8.707634558068e+00
7.083000000000e+01  -1.088552116706e+01 6.037535802999e+00 1.242585015457e+01 8.665472535713e+00
7.084000000000e+01  -1.082497060203e+01 6.072528680908e+00 1.251229146553e+01 8.622720388670e+00
7.085000000000e+01  -1.076407070709e+01 6.107401507878e+00 1.259830232084e+01 8.579381750752e+00
7.086000000000e+01  -1.070282269934e+01 6.142150961906e+00 1.268387687421e+01 8.535460350997e+00
7.087000000000e+01  -1.064122782942e+01 6.176773664786e+00 1.276900931711e+01 8.490960008595e+00
7.088000000000e+01  -1.057928738199e+01 6.211266186991e+00 1.285369387959e+01 8.445884627983e+00
7.089000000000e+01  -1.051700267624e+01 6.245625052387e+00 1.293792483118e+01 8.400238194118e+00
7.090000000000e+01  -1.045437506634e+01 6.279846742771e+00 1.302169648163e+01 8.354024767902e+00
7.091000000000e+01  -1.039140594182e+01 6.313927702244e+00 1.310500318166e+01 8.307248481794e+00
7.092000000000e+01  -1.032809672794e+01 6.347864341404e+00 1.318783932364e+01 8.259913535582e+00
7.093000000000e+01  -1.026444888601e+01 6.381653041376e+00 1.327019934227e+01 8.212024192326e+00
7.094000000000e+01  -1.020046391365e+01 6.415290157665e+00 1.335207771516e+01 8.163584774473e+00
7.095000000000e+01  -1.013614334504e+01 6.448772023854e+00 1.343346896344e+01 8.114599660132e+00
7.096000000000e+01  -1.007148875110e+01 6.482094955121e+00 1.351436765227e+01 8.065073279513e+00
7.097000000000e+01  -1.000650173968e+01 6.515255251605e+00 1.359476839136e+01 8.015010111532e+00
7.098000000000e+01  -9.941183955712e+00 6.548249201614e+00 1.367466583544e+01 7.964414680566e+00
7.099000000000e+01  -9.875537081258e+00 6.581073084665e+00 1.375405468469e+01 7.913291553369e+00
7.100000000000e+01  -9.809562835628e+00 6.613723174385e+00 1.383292968516e+01 7.861645336135e+00
7.101000000000e+01  -9.743262975410e+00 6.646195741260e+00 1.391128562915e+01 7.809480671705e+00
7.102000000000e+01  -9.676639294491e+00 6.678487055233e+00 1.398911735553e+01 7.756802236923e+00
7.103000000000e+01  -9.609693624047e+00 6.710593388171e+00 1.406641975014e+01 7.703614740129e+00
7.104000000000e+01  -9.542427832516e+00 6.742511016188e+00 1.414318774602e+01 7.649922918780e+00
7.105000000000e+01  -9.474843825542e+00 6.774236221846e+00 1.421941632372e+01 7.595731537211e+00
7.106000000000e+01  -9.406943545900e+00 6.805765296219e+00 1.429510051156e+01 7.541045384512e+00
7.107000000000e+01  -9.338728973404e+00 6.837094540839e+00 1.437023538589e+01 7.485869272534e+00
7.108000000000e+01  -9.270202124790e+00 6.868220269524e+00 1.444481607124e+01 7.430208034008e+00
7.109000000000e+01  -9.201365053587e+00 6.899138810090e+00 1.451883774059e+01 7.374066520775e+00
7.110000000000e+01  -9.132219849967e+00 6.929846505957e+00 1.459229561552e+01 7.317449602127e+00
7.111000000000e+01  -9.062768640584e+00 6.960339717642e+00 1.466518496639e+01 7.260362163249e+00
7.112000000000e+01  -8.993013588392e+00 6.990614824165e+00 1.473750111247e+01 7.202809103765e+00
7.113000000000e+01  -8.922956892457e+00 7.020668224342e+00 1.480923942210e+01 7.144795336369e+00
7.114000000000e+01  -8.852600787755e+00 7.050496337997e+00 1.488039531280e+01 7.086325785563e+00
7.115000000000e+01  -8.781947544947e+00 7.080095607083e+00 1.495096425141e+01 7.027405386461e+00
7.116000000000e+01  -8.710999470166e+00 7.109462496715e+00 1.502094175413e+01 6.968039083698e+00
7.117000000000e+01  -8.639758904766e+00 7.138593496127e+00 1.509032338669e+01 6.908231830400e+00
7.118000000000e+01  -8.568228225091e+00 7.167485119549e+00 1.515910476436e+01 6.847988587237e+00
7.119000000000e+01  -8.496409842208e+00 7.196133907016e+00 1.522728155206e+01 6.787314321550e+00
7.120000000000e+01  -8.424306201655e+00 7.224536425098e+00 1.529484946442e+01 6.726214006541e+00
7.121000000000e+01  -8.351919783165e+00 7.252689267573e+00 1.536180426582e+01 6.664692620528e+00
7.122000000000e+01  -8.279253100398e+00 7.280589056036e+00 1.542814177045e+01 6.602755146264e+00
7.123000000000e+01  -8.206308700655e+00 7.308232440441e+00 1.549385784233e+01 6.540406570313e+00
7.124000000000e+01  -8.133089164590e+00 7.335616099598e+00 1.555894839539e+01 6.477651882477e+00
7.125000000000e+01  -8.059597105929e+00 7.362736741603e+00 1.562340939345e+01 6.414496075285e+00
7.126000000000e+01  -7.985835171162e+00 7.389591104234e+00 1.568723685027e+01 6.350944143516e+00
7.127000000000e+01  -7.911806039257e+00 7.416175955282e+00 1.575042682959e+01 6.287001083784e+00
7.128000000000e+01  -7.837512421349e+00 7.442488092848e+00 1.581297544509e+01 6.222671894155e+00
7.129000000000e+01  -7.762957060441e+00 7.468524345594e+00 1.587487886045e+01 6.157961573812e+00
7.130000000000e+01  -7.688142731095e+00 7.494281572953e+00 1.593613328936e+01 6.092875122757e+00
7.131000000000e+01  -7.613072239123e+00 7.519756665302e+00 1.599673499549e+01 6.027417541546e+00
7.132000000000e+01  -7.537748421281e+00 7.544946544098e+00 1.605668029253e+01 5.961593831065e+00
7.133000000000e+01  -7.462174144952e+00 7.569848161981e+00 1.611596554418e+01 5.895408992332e+00
7.134000000000e+01  -7.386352307838e+00 7.594458502845e+00 1.617458716415e+01 5.828868026334e+00
7.135000000000e+01  -7.310285837644e+00 7.618774581880e+00 1.623254161616e+01 5.761975933890e+00
7.136000000000e+01  -7.233977691768e+00 7.642793445584e+00 1.628982541392e+01 5.694737715539e+00
7.137000000000e+01  -7.157430856986e+00 7.666512171751e+00 1.634643512117e+01 5.627158371457e+00
7.138000000000e+01  -7.080648349141e+00 7.689927869430e+00 1.640236735163e+01 5.559242901396e+00
7.139000000000e+01  -7.003633212828e+00 7.713037678868e+00 1.645761876903e+01 5.490996304641e+00
7.140000000000e+01  -6.926388521085e+00 7.735838771425e+00 1.651218608709e+01 5.422423579992e+00
7.141000000000e+01  -6.848917375082e+00 7.758328349468e+00 1.656606606949e+01 5.353529725762e+00
7.142000000000e+01  -6.771222903810e+00 7.780503646252e+00 1.661925552993e+01 5.284319739796e+00
7.143000000000e+01  -6.693308263774e+00 7.802361925779e+00 1.667175133206e+01 5.214798619503e+00
7.144000000000e+01  -6.615176638687e+00 7.823900482637e+00 1.672355038951e+01 5.144971361903e+00
7.145000000000e+01  -6.536831239164e+00 7.845116641832e+00 1.677464966587e+01 5.074842963694e+00
7.146000000000e+01  -6.458275302417e+00 7.866007758598e+00 1.682504617472e+01 5.004418421323e+00
7.147000000000e+01  -6.379512091957e+00 7.886571218195e+00 1.687473697957e+01 4.933702731078e+00
7.148000000000e+01  -6.300544897295e+00 7.906804435695e+00 1.692371919393e+01 4.862700889185e+00
7.149000000000e+01  -6.221377033641e+00 7.926704855758e+00 1.697198998124e+01 4.791417891920e+00
7.150000000000e+01  -6.142011841613e+00 7.946269952394e+00 1.701954655492e+01 4.719858735728e+00
7.151000000000e+01  -6.062452686943e+00 7.965497228715e+00 1.706638617835e+01 4.648028417352e+00
7.152000000000e+01  -5.982702960188e+00 7.984384216675e+00 1.711250616489e+01 4.575931933968e+00
7.153000000000e+01  -5.902766076443e+00 8.002928476811e+00 1.715790387787e+01 4.503574283335e+00
7.154000000000e+01  -5.822645475055e+00 8.021127597960e+00 1.720257673060e+01 4.430960463939e+00
7.155000000000e+01  -5.742344619345e+00 8.038979196982e+00 1.724652218637e+01 4.358095475160e+00
7.156000000000e+01  -5.661866996323e+00 8.056480918467e+00 1.728973775848e+01 4.284984317427e+00
7.157000000000e+01  -5.581216116420e+00 8.073630434442e+00 1.733222101024e+01 4.211631992397e+00
7.158000000000e+01  -5.500395513209e+00 8.090425444062e+00 1.737396955499e+01 4.138043503123e+00
7.159000000000e+01  -5.419408743138e+00 8.106863673304e+00 1.741498105609e+01 4.064223854233e+00
7.160000000000e+01  -5.338259385262e+00 8.122942874655e+00 1.745525322698e+01 3.990178052120e+00
7.161000000000e+01  -5.256951040982e+00 8.138660826786e+00 1.749478383115e+01 3.915911105123e+00
7.162000000000e+01  -5.175487333782e+00 8.154015334230e+00 1.753357068220e+01 3.841428023720e+00
7.163000000000e+01  -5.093871908972e+00 8.169004227055e+00 1.757161164384e+01 3.766733820724e+00
7.164000000000e+01  -5.012108433438e+00 8.183625360526e+00 1.760890462992e+01 3.691833511478e+00
7.165000000000e+01  -4.930200595387e+00 8.197876614768e+00 1.764544760446e+01 3.616732114054e+00
7.166000000000e+01  -4.848152104102e+00 8.211755894427e+00 1.768123858168e+01 3.541434649460e+00
7.167000000000e+01  -4.765966689702e+00 8.225261128322e+00 1.771627562602e+01 3.465946141837e+00
7.168000000000e+01  -4.683648102894e+00 8.238390269097e+00 1.775055685217e+01 3.390271618672e+00
7.169000000000e+01  -4.601200114746e+00 8.251141292871e+00 1.778408042514e+01 3.314416111006e+00
7.170000000000e+01  -4.518626516445e+00 8.263512198881e+00 1.781684456024e+01 3.238384653638e+00
7.171000000000e+01  -4.435931119074e+00 8.275501009126e+00 1.784884752315e+01 3.162182285345e+00
7.172000000000e+01  -4.353117753386e+00 8.287105768008e+00 1.788008762999e+01 3.085814049088e+00
7.173000000000e+01  -4.270190269576e+00 8.298324541965e+00 1.791056324731e+01 3.009284992231e+00
7.174000000000e+01  -4.187152537069e+00 8.309155419112e+00 1.794027279214e+01 2.932600166751e+00
7.175000000000e+01  -4.104008444301e+00 8.319596508869e+00 1.796921473208e+01 2.855764629462e+00
7.176000000000e+01  -4.020761898510e+00 8.329645941593e+00 1.799738758531e+01 2.778783442224e+00
7.177000000000e+01  -3.937416825528e+00 8.339301868209e+00 1.802478992068e+01 2.701661672165e+00
7.178000000000e+01  -3.853977169576e+00 8.348562459833e+00 1.805142035770e+01 2.624404391901e+00
7.179000000000e+01  -3.770446893064e+00 8.357425907401e+00 1.807727756665e+01 2.547016679750e+00
7.180000000000e+01  -3.686829976398e+00 8.365890421288e+00 1.810236026865e+01 2.469503619956e+00
7.181000000000e+01  -3.603130417784e+00 8.373954230934e+00 1.812666723565e+01 2.391870302906e+00
7.182000000000e+01  -3.519352233038e+00 8.381615584462e+00 1.815019729057e+01 2.314121825354e+00
7.183000000000e+01  -3.435499455407e+00 8.388872748296e+00 1.817294930731e+01 2.236263290634e+00
7.184000000000e+01  -3.351576135382e+00 8.395724006785e+00 1.819492221084e+01 2.158299808885e+00
7.185000000000e+01  -3.267586340522e+00 8.402167661811e+00 1.821611497729e+01 2.080236497274e+00
7.186000000000e+01  -3.183534155285e+00 8.408202032411e+00 1.823652663396e+01 2.002078480205e+00
7.187000000000e+01  -3.099423680851e+00 8.413825454393e+00 1.825615625945e+01 1.923830889551e+00
7.188000000000e+01  -3.015259034962e+00 8.419036279947e+00 1.827500298374e+01 1.845498864862e+00
7.189000000000e+01  -2.931044351759e+00 8.423832877259e+00 1.829306598820e+01 1.767087553590e+00
7.190000000000e+01  -2.846783781621e+00 8.428213630130e+00 1.831034450576e+01 1.688602111301e+00
7.191000000000e+01  -2.762481491014e+00 8.432176937584e+00 1.832683782090e+01 1.610047701895e+00
7.192000000000e+01  -2.678141662339e+00 8.435721213486e+00 1.834254526984e+01 1.531429497818e+00
7.193000000000e+01  -2.593768493789e+00 8.438844886157e+00 1.835746624051e+01 1.452752680275e+00
7.194000000000e+01  -2.509366199199e+00 8.441546397986e+00 1.837160017274e+01 1.374022439442e+00
7.195000000000e+01  -2.424939007915e+00 8.443824205050e+00 1.838494655828e+01 1.295243974673e+00
7.196000000000e+01  -2.340491164654e+00 8.445676776729e+00 1.839750494095e+01 1.216422494711e+00
7.197000000000e+01  -2.256026929377e+00 8.447102595326e+00 1.840927491667e+01 1.137563217886e+00
7.198000000000e+01  -2.171550577156e+00 8.448100155690e+00 1.842025613362e+01 1.058671372320e+00
7.199000000000e+01  -2.087066398056e+00 8.448667964840e+00 1.843044829229e+01 9.797521961214e-01
7.200000000000e+01  -2.002578697013e+00 8.448804541590e+00 1.843985114564e+01 9.008109375794e-01
7.201000000000e+01  -1.918091793716e+00 8.448508416178e+00 1.844846449911e+01 8.218528553521e-01
7.202000000000e+01  -1.833610022498e+00 8.447778129907e+00 1.845628821083e+01 7.428832186498e-01
7.203000000000e+01  -1.749137732225e+00 8.446612234777e+00 1.846332219164e+01 6.639073074131e-01
7.204000000000e+01  -1.664679286191e+00 8.445009293133e+00 1.846956640526e+01 5.849304124841e-01
7.205000000000e+01  -1.580239062018e+00 8.442967877312e+00 1.847502086835e+01 5.059578357713e-01
7.206000000000e+01  -1.495821451554e+00 8.440486569304e+00 1.847968565068e+01 4.269948904064e-01
7.207000000000e+01  -1.411430860784e+00 8.437563960413e+00 1.848356087516e+01 3.480469008926e-01
7.208000000000e+01  -1.327071709731e+00 8.434198650933e+00 1.848664671804e+01 2.691192032436e-01
7.209000000000e+01  -1.242748432374e+00 8.430389249826e+00 1.848894340899e+01 1.902171451124e-01
7.210000000000e+01  -1.158465476562e+00 8.426134374417e+00 1.849045123118e+01 1.113460859081e-01
7.211000000000e+01  -1.074227303928e+00 8.421432650097e+00 1.849117052148e+01 3.251139690110e-02
7.212000000000e+01  -9.900383898131e-01 8.416282710044e+00 1.849110167049e+01 -4.628153868639e-02
7.213000000000e+01  -9.059032231893e-01 8.410683194947e+00 1.849024512274e+01 -1.250273256041e-01
7.214000000000e+01  -8.218263065854e-01 8.404632752757e+00 1.848860137674e+01 -2.037205565142e-01
7.215000000000e+01  -7.378121560154e-01 8.398130038450e+00 1.848617098516e+01 -2.823558119499e-01
7.216000000000e+01  -6.538653009098e-01 8.391173713809e+00 1.848295455492e+01 -3.609276602933e-01
7.217000000000e+01  -5.699902840481e-01 8.383762447224e+00 1.847895274729e+01 -4.394306577743e-01
7.218000000000e+01  -4.861916614940e-01 8.375894913520e+00 1.847416627808e+01 -5.178593484939e-01
7.219000000000e+01  -4.024740025314e-01 8.367569793806e+00 1.846859591770e+01 -5.962082644711e-01
7.220000000000e+01  -3.188418896023e-01 8.358785775346e+00 1.846224249129e+01 -6.744719257181e-01
7.221000000000e+01  -2.352999182461e-01 8.349541551471e+00 1.845510687887e+01 -7.526448403452e-01
7.222000000000e+01  -1.518526970388e-01 8.339835821505e+00 1.844719001543e+01 -8.307215046976e-01
7.223000000000e+01  -6.850484753323e-02 8.329667290744e+00 1.843849289104e+01 -9.086964035265e-01
7.224000000000e+01  1.473899580039e-02 8.319034670457e+00 1.842901655100e+01 -9.865640101992e-01
7.225000000000e+01  9.787418563462e-02 8.307936677933e+00 1.841876209593e+01 -1.064318786948e+00
7.226000000000e+01  1.808960618454e-01 8.296372036568e+00 1.840773068187e+01 -1.141955185165e+00
7.227000000000e+01  2.637999515738e-01 8.284339476008e+00 1.839592352041e+01 -1.219467645743e+00
7.228000000000e+01  3.465811692895e-01 8.271837732326e+00 1.838334187877e+01 -1.296850599466e+00
7.229000000000e+01  4.292350168562e-01 8.258865548265e+00 1.836998707993e+01 -1.374098467457e+00
7.230000000000e+01  5.117567835997e-01 8.245421673542e+00 1.835586050269e+01 -1.451205661686e+00
7.231000000000e+01  5.941417463798e-01 8.231504865197e+00 1.834096358176e+01 -1.528166585536e+00
7.232000000000e+01  6.763851696653e-01 8.217113888032e+00 1.832529780790e+01 -1.604975634441e+00
7.233000000000e+01  7.584823056141e-01 8.202247515105e+00 1.830886472790e+01 -1.681627196599e+00
7.234000000000e+01  8.404283941592e-01 8.186904528312e+00 1.829166594474e+01 -1.758115653758e+00
7.235000000000e+01  9.222186630996e-01 8.171083719041e+00 1.827370311759e+01 -1.834435382088e+00
7.236000000000e+01  1.003848328200e+00 8.154783888931e+00 1.825497796189e+01 -1.910580753146e+00
7.237000000000e+01  1.085312593295e+00 8.138003850711e+00 1.823549224938e+01 -1.986546134932e+00
7.238000000000e+01  1.166606650410e+00 8.120742429148e+00 1.821524780812e+01 -2.062325893049e+00
7.239000000000e+01  1.247725679881e+00 8.102998462103e+00 1.819424652255e+01 -2.137914391976e+00
7.240000000000e+01  1.328664850493e+00 8.084770801702e+00 1.817249033344e+01 -2.213305996449e+00
7.241000000000e+01  1.409419319634e+00 8.066058315630e+00 1.814998123791e+01 -2.288495072978e+00
7.242000000000e+01  1.489984233449e+00 8.046859888559e+00 1.812672128939e+01 -2.363475991482e+00
7.243000000000e+01  1.570354727025e+00 8.027174423711e+00 1.810271259761e+01 -2.438243127079e+00
7.244000000000e+01  1.650525924583e+00 8.007000844578e+00 1.807795732848e+01 -2.512790862015e+00
7.245000000000e+01  1.730492939689e+00 7.986338096786e+00 1.805245770406e+01 -2.587113587754e+00
7.246000000000e+01  1.810250875484e+00 7.965185150142e+00 1.802621600244e+01 -2.661205707238e+00
7.247000000000e+01  1.889794824943e+00 7.943541000846e+00 1.799923455762e+01 -2.735061637322e+00
7.248000000000e+01  1.969119871143e+00 7.921404673898e+00 1.797151575931e+01 -2.808675811399e+00
7.249000000000e+01  2.048221087570e+00 7.898775225697e+00 1.794306205284e+01 -2.882042682222e+00
7.250000000000e+01  2.127093538446e+00 7.875651746851e+00 1.791387593887e+01 -2.955156724934e+00
7.251000000000e+01  2.205732279083e+00 7.852033365214e+00 1.788395997318e+01 -3.028012440324e+00
7.252000000000e+01  2.284132356275e+00 7.827919249138e+00 1.785331676641e+01 -3.100604358312e+00
7.253000000000e+01  2.362288808720e+00 7.803308610990e+00 1.782194898373e+01 -3.172927041673e+00
7.254000000000e+01  2.440196667478e+00 7.778200710906e+00 1.778985934450e+01 -3.244975090028e+00
7.255000000000e+01  2.517850956469e+00 7.752594860823e+00 1.775705062188e+01 -3.316743144094e+00
7.256000000000e+01  2.595246693013e+00 7.726490428787e+00 1.772352564238e+01 -3.388225890218e+00
7.257000000000e+01  2.672378888415e+00 7.699886843557e+00 1.768928728543e+01 -3.459418065207e+00
7.258000000000e+01  2.749242548595e+00 7.672783599510e+00 1.765433848277e+01 -3.530314461453e+00
7.259000000000e+01  2.825832674771e+00 7.645180261863e+00 1.761868221794e+01 -3.600909932392e+00
7.260000000000e+01  2.902144264194e+00 7.617076472230e+00 1.758232152560e+01 -3.671199398276e+00
7.261000000000e+01  2.978172310944e+00 7.588471954509e+00 1.754525949085e+01 -3.741177852296e+00
7.262000000000e+01  3.053911806783e+00 7.559366521134e+00 1.750749924846e+01 -3.810840367052e+00
7.263000000000e+01  3.129357742071e+00 7.529760079677e+00 1.746904398204e+01 -3.880182101394e+00
7.264000000000e+01  3.204505106757e+00 7.499652639829e+00 1.742989692315e+01 -3.949198307622e+00
7.265000000000e+01  3.279348891431e+00 7.469044320763e+00 1.739006135031e+01 -4.017884339086e+00
7.266000000000e+01  3.353884088465e+00 7.437935358883e+00 1.734954058797e+01 -4.086235658153e+00
7.267000000000e+01  3.428105693218e+00 7.406326115969e+00 1.730833800538e+01 -4.154247844594e+00
7.268000000000e+01  3.502008705339e+00 7.374217087723e+00 1.726645701533e+01 -4.221916604351e+00
7.269000000000e+01  3.575588130147e+00 7.341608912718e+00 1.722390107291e+01 -4.289237778721e+00
7.270000000000e+01  3.648838980108e+00 7.308502381752e+00 1.718067367405e+01 -4.356207353936e+00
7.271000000000e+01  3.721756276408e+00 7.274898447600e+00 1.713677835405e+01 -4.422821471152e+00
7.272000000000e+01  3.794335050618e+00 7.240798235172e+00 1.709221868598e+01 -4.489076436835e+00
7.273000000000e+01  3.866570346475e+00 7.206203052055e+00 1.704699827894e+01 -4.554968733534e+00
7.274000000000e+01  3.938457221757e+00 7.171114399438e+00 1.700112077631e+01 -4.620495031039e+00
7.275000000000e+01  4.009990750280e+00 7.135533983405e+00 1.695458985373e+01 -4.685652197907e+00
7.276000000000e+01  4.081166024003e+00 7.099463726568e+00 1.690740921714e+01 -4.750437313328e+00
7.277000000000e+01  4.151978155254e+00 7.062905780036e+00 1.685958260055e+01 -4.814847679322e+00
7.278000000000e+01  4.222422279076e+00 7.025862535664e+00 1.681111376379e+01 -4.878880833228e+00
7.279000000000e+01  4.292493555698e+00 6.988336638580e+00 1.676200649007e+01 -4.942534560459e+00
7.280000000000e+01  4.362187173127e+00 6.950330999923e+00 1.671226458343e+01 -5.005806907480e+00
7.281000000000e+01  4.431498349880e+00 6.911848809768e+00 1.666189186609e+01 -5.068696194959e+00
7.282000000000e+01  4.500422337833e+00 6.872893550172e+00 1.661089217562e+01 -5.131201031051e+00
7.283000000000e+01  4.568954425208e+00 6.833469008289e+00 1.655926936201e+01 -5.193320324750e+00
7.284000000000e+01  4.637089939691e+00 6.793579289488e+00 1.650702728458e+01 -5.255053299236e+00
7.285000000000e+01  4.704824251677e+00 6.753228830399e+00 1.645416980877e+01 -5.316399505160e+00
7.286000000000e+01  4.772152777649e+00 6.712422411810e+00 1.640070080285e+01 -5.377358833776e+00
7.287000000000e+01  4.839070983681e+00 6.671165171325e+00 1.634662413437e+01 -5.437931529828e+00
7.288000000000e+01  4.905574389071e+00 6.629462615677e+00 1.629194366661e+01 -5.498118204107e+00
7.289000000000e+01  4.971658570088e+00 6.587320632618e+00 1.623666325487e+01 -5.557919845571e+00
7.290000000000e+01  5.037319163840e+00 6.544745502247e+00 1.618078674261e+01 -5.617337832909e+00
7.291000000000e+01  5.102551872253e+00 6.501743907673e+00 1.612431795746e+01 -5.676373945442e+00
7.292000000000e+01  5.167352466148e+00 6.458322944884e+00 1.606726070726e+01 -5.735030373224e+00
7.293000000000e+01  5.231716789415e+00 6.414490131696e+00 1.600961877582e+01 -5.793309726228e+00
7.294000000000e+01  5.295640763272e+00 6.370253415628e+00 1.595139591869e+01 -5.851215042464e+00
7.295000000000e+01  5.359120390593e+00 6.325621180591e+00 1.589259585892e+01 -5.908749794893e+00
7.296000000000e+01  5.422151760300e+00 6.280602252215e+00 1.583322228257e+01 -5.965917896995e+00
7.297000000000e+01  5.484731051802e+00 6.235205901690e+00 1.577327883438e+01 -6.022723706848e+00
7.298000000000e+01  5.546854539456e+00 6.189441847962e+00 1.571276911326e+01 -6.079172029559e+00
7.299000000000e+01  5.608518597052e+00 6.143320258140e+00 1.565169666782e+01 -6.135268117906e+00
7.300000000000e+01  5.669719702283e+00 6.096851745979e+00 1.559006499194e+01 -6.191017671057e+00
7.301000000000e+01  5.730454441196e+00 6.050047368278e+00 1.552787752027e+01 -6.246426831208e+00
7.302000000000e+01  5.790719512593e+00 6.002918619097e+00 1.546513762385e+01 -6.301502178031e+00
7.303000000000e+01  5.850511732363e+00 5.955477421636e+00 1.540184860578e+01 -6.356250720793e+00
7.304000000000e+01  5.909828037718e+00 5.907736117686e+00 1.533801369697e+01 -6.410679888044e+00
7.305000000000e+01  5.968665491319e+00 5.859707454561e+00 1.527363605202e+01 -6.464797514780e+00
7.306000000000e+01  6.027021285249e+00 5.811404569414e+00 1.520871874521e+01 -6.518611827002e+00
7.307000000000e+01  6.084892744821e+00 5.762840970898e+00 1.514326476671e+01 -6.572131423607e+00
7.308000000000e+01  6.142277332185e+00 5.714030518125e+00 1.507727701892e+01 -6.625365255587e+00
7.309000000000e+01  6.199172649719e+00 5.664987396913e+00 1.501075831312e+01 -6.678322602512e+00
7.310000000000e+01  6.255576443159e+00 5.615726093339e+00 1.494371136624e+01 -6.731013046315e+00
7.311000000000e+01  6.311486604461e+00 5.566261364638e+00 1.487613879806e+01 -6.783446442432e+00
7.312000000000e+01  6.366901174347e+00 5.516608207521e+00 1.480804312857e+01 -6.835632888352e+00
7.313000000000e+01  6.421818344538e+00 5.466781824018e+00 1.473942677576e+01 -6.887582689695e+00
7.314000000000e+01  6.476236459617e+00 5.416797584974e+00 1.467029205369e+01 -6.939306323951e+00
7.315000000000e+01  6.530154018526e+00 5.366670991385e+00 1.460064117100e+01 -6.990814402037e+00
7.316000000000e+01  6.583569675669e+00 5.316417633742e+00 1.453047622972e+01 -7.042117627892e+00
7.317000000000e+01  6.636482241587e+00 5.266053149646e+00 1.445979922462e+01 -7.093226756314e+00
7.318000000000e+01  6.688890683216e+00 5.215593179924e+00 1.438861204287e+01 -7.144152549320e+00
7.319000000000e+01  6.740794123692e+00 5.165053323556e+00 1.431691646421e+01 -7.194905731301e+00
7.320000000000e+01  6.792191841700e+00 5.114449091701e+00 1.424471416155e+01 -7.245496943288e+00
7.321000000000e+01  6.843083270368e+00 5.063795861169e+00 1.417200670204e+01 -7.295936696652e+00
7.322000000000e+01  6.893467995685e+00 5.013108827679e+00 1.409879554859e+01 -7.346235326603e+00
7.323000000000e+01  6.943345754462e+00 4.962402959265e+00 1.402508206189e+01 -7.396402945823e+00
7.324000000000e+01  6.992716431819e+00 4.911692950200e+00 1.395086750282e+01 -7.446449398626e+00
7.325000000000e+01  7.041580058228e+00 4.860993175800e+00 1.387615303539e+01 -7.496384216000e+00
7.326000000000e+01  7.089936806097e+00 4.810317648502e+00 1.380093973010e+01 -7.546216571906e+00
7.327000000000e+01  7.137786985935e+00 4.759679975537e+00 1.372522856769e+01 -7.595955241199e+00
7.328000000000e+01  7.185131042096e+00 4.709093318597e+00 1.364902044334e+01 -7.645608559514e+00
7.329000000000e+01  7.231969548133e+00 4.658570355777e+00 1.357231617129e+01 -7.695184385447e+00
7.330000000000e+01  7.278303201785e+00 4.608123246137e+00 1.349511648973e+01 -7.744690065350e+00
7.331000000000e+01  7.324132819624e+00 4.557763597153e+00 1.341742206610e+01 -7.794132401004e+00
7.332000000000e+01  7.369459331393e+00 4.507502435288e+00 1.333923350272e+01 -7.843517620436e+00
7.333000000000e+01  7.414283774064e+00 4.457350179938e+00 1.326055134261e+01 -7.892851352080e+00
7.334000000000e+01  7.458607285656e+00 4.407316620879e+00 1.318137607561e+01 -7.942138602466e+00
7.335000000000e+01  7.502431098843e+00 4.357410899400e+00 1.310170814471e+01 -7.991383737578e+00
7.336000000000e+01  7.545756534395e+00 4.307641493184e+00 1.302154795251e+01 -8.040590467964e+00
7.337000000000e+01  7.588584994484e+00 4.258016205002e+00 1.294089586784e+01 -8.089761837660e+00
7.338000000000e+01  7.630917955898e+00 4.208542155237e+00 1.285975223245e+01 -8.138900216946e+00
7.339000000000e+01  7.672756963199e+00 4.159225778200e+00 1.277811736779e+01 -8.188007298885e+00
7.340000000000e+01  7.714103621862e+00 4.110072822175e+00 1.269599158175e+01 -8.237084099602e+00
7.341000000000e+01  7.754959591433e+00 4.061088353089e+00 1.261337517543e+01 -8.286130962173e+00
7.342000000000e+01  7.795326578742e+00 4.012276761661e+00 1.253026844982e+01 -8.335147564010e+00
7.343000000000e+01  7.835206331204e+00 3.963641773865e+00 1.244667171242e+01 -8.384132927548e+00
7.344000000000e+01  7.874600630234e+00 3.915186464510e+00 1.236258528371e+01 -8.433085434044e+00
7.345000000000e+01  7.913511284826e+00 3.866913273704e+00 1.227800950347e+01 -8.482002840279e+00
7.346000000000e+01  7.951940125295e+00 3.818824025981e+00 1.219294473696e+01 -8.530882297898e+00
7.347000000000e+01  7.989888997231e+00 3.770919951809e+00 1.210739138081e+01 -8.579720375157e+00
7.348000000000e+01  8.027359755678e+00 3.723201711244e+00 1.202134986880e+01 -8.628513080784e+00
7.349000000000e+01  8.064354259554e+00 3.675669419418e+00 1.193482067725e+01 -8.677255889701e+00
7.350000000000e+01  8.100874366342e+00 3.628322673614e+00 1.184780433031e+01 -8.725943770326e+00
7.351000000000e+01  8.136921927048e+00 3.581160581647e+00 1.176030140480e+01 -8.774571213163e+00
7.352000000000e+01  8.172498781456e+00 3.534181791257e+00 1.167231253489e+01 -8.823132260432e+00
7.353000000000e+01  8.207606753678e+00 3.487384520285e+00 1.158383841643e+01 -8.871620536453e+00
7.354000000000e+01  8.242247648010e+00 3.440766587342e+00 1.149487981093e+01 -8.920029278547e+00
7.355000000000e+01  8.276423245089e+00 3.394325442761e+00 1.140543754933e+01 -8.968351368202e+00
7.356000000000e+01  8.310135298373e+00 3.348058199581e+00 1.131551253538e+01 -9.016579362277e+00
7.357000000000e+01  8.343385530914e+00 3.301961664364e+00 1.122510574872e+01 -9.064705524040e+00
7.358000000000e+01  8.376175632452e+00 3.256032367648e+00 1.113421824768e+01 -9.112721853840e+00
7.359000000000e+01  8.408507256801e+00 3.210266593865e+00 1.104285117174e+01 -9.160620119239e+00
7.360000000000e+01  8.440382019533e+00 3.164660410556e+00 1.095100574373e+01 -9.208391884447e+00
7.361000000000e+01  8.471801495956e+00 3.119209696755e+00 1.085868327171e+01 -9.256028538925e+00
7.362000000000e+01  8.502767219360e+00 3.073910170424e+00 1.076588515058e+01 -9.303521325029e+00
7.363000000000e+01  8.533280679543e+00 3.028757414826e+00 1.067261286343e+01 -9.350861364604e+00
7.364000000000e+01  8.563343321586e+00 2.983746903757e+00 1.057886798258e+01 -9.398039684430e+00
7.365000000000e+01  8.592956544882e+00 2.938874025587e+00 1.048465217047e+01 -9.445047240473e+00
7.366000000000e+01  8.622121702394e+00 2.894134106023e+00 1.038996718019e+01 -9.491874940865e+00
7.367000000000e+01  8.650840100136e+00 2.849522429597e+00 1.029481485591e+01 -9.538513667603e+00
7.368000000000e+01  8.679112996863e+00 2.805034259829e+00 1.019919713298e+01 -9.584954296924e+00
7.369000000000e+01  8.706941603951e+00 2.760664858069e+00 1.010311603794e+01 -9.631187718355e+00
7.370000000000e+01  8.734327085470e+00 2.716409501011e+00 1.000657368828e+01 -9.677204852444e+00
7.371000000000e+01  8.761270558412e+00 2.672263496902e+00 9.909572292033e+00 -9.722996667171e+00
7.372000000000e+01  8.787773093085e+00 2.628222200454e+00 9.812114147253e+00 -9.768554193073e+00
7.373000000000e+01  8.813835713643e+00 2.584281026495e+00 9.714201641303e+00 -9.813868537103e+00
7.374000000000e+01  8.839459398752e+00 2.540435462393e+00 9.615837250031e+00 -9.858930895256e+00
7.375000000000e+01  8.864645082370e+00 2.496681079289e+00 9.517023536824e+00 -9.903732564017e+00
7.376000000000e+01  8.889393654636e+00 2.453013542194e+00 9.417763151550e+00 -9.948264950656e+00
7.377000000000e+01  8.913705962853e+00 2.409428618987e+00 9.318058829406e+00 -9.992519582434e+00
7.378000000000e+01  8.937582812555e+00 2.365922188369e+00 9.217913389674e+00 -1.003648811476e+01
7.379000000000e+01  8.961024968656e+00 2.322490246839e+00 9.117329734407e+00 -1.008016233838e+01
7.380000000000e+01  8.984033156649e+00 2.279128914724e+00 9.016310847041e+00 -1.012353418557e+01
7.381000000000e+01  9.006608063878e+00 2.235834441335e+00 8.914859790958e+00 -1.016659573557e+01
7.382000000000e+01  9.028750340848e+00 2.192603209302e+00 8.812979707989e+00 -1.020933921902e+01
7.383000000000e+01  9.050460602570e+00 2.149431738139e+00 8.710673816882e+00 -1.025175702183e+01
7.384000000000e+01  9.071739429952e+00 2.106316687095e+00 8.607945411738e+00 -1.029384168813e+01
7.385000000000e+01  9.092587371205e+00 2.063254857343e+00 8.504797860409e+00 -1.033558592273e+01
7.386000000000e+01  9.113004943265e+00 2.020243193564e+00 8.401234602891e+00 -1.037698259286e+01
7.387000000000e+01  9.132992633241e+00 1.977278784965e+00 8.297259149688e+00 -1.041802472943e+01
7.388000000000e+01  9.152550899858e+00 1.934358865792e+00 8.192875080173e+00 -1.045870552767e+01
7.389000000000e+01  9.171680174907e+00 1.891480815377e+00 8.088086040947e+00 -1.049901834742e+01
7.390000000000e+01  9.190380864700e+00 1.848642157754e+00 7.982895744186e+00 -1.053895671293e+01
7.391000000000e+01  9.208653351504e+00 1.805840560911e+00 7.877307966008e+00 -1.057851431231e+01
7.392000000000e+01  9.226497994984e+00 1.763073835684e+00 7.771326544835e+00 -1.061768499659e+01
7.393000000000e+01  9.243915133619e+00 1.720339934360e+00 7.664955379769e+00 -1.065646277854e+01
7.394000000000e+01  9.260905086108e+00 1.677636949005e+00 7.558198428984e+00 -1.069484183117e+01
7.395000000000e+01  9.277468152763e+00 1.634963109552e+00 7.451059708133e+00 -1.073281648604e+01
7.396000000000e+01  9.293604616872e+00 1.592316781690e+00 7.343543288767e+00 -1.077038123127e+01
7.397000000000e+01  9.309314746048e+00 1.549696464566e+00 7.235653296788e+00 -1.080753070950e+01
7.398000000000e+01  9.324598793550e+00 1.507100788341e+00 7.127393910906e+00 -1.084425971559e+01
7.399000000000e+01  9.339456999581e+00 1.464528511614e+00 7.018769361138e+00 -1.088056319424e+01
7.400000000000e+01  9.353889592559e+00 1.421978518736e+00 6.909783927315e+00 -1.091643623748e+01
7.401000000000e+01  9.367896790360e+00 1.379449817044e+00 6.800441937624e+00 -1.095187408211e+01
7.402000000000e+01  9.381478801533e+00 1.336941534021e+00 6.690747767174e+00 -1.098687210699e+01
7.403000000000e+01  9.394635826491e+00 1.294452914409e+00 6.580705836589e+00 -1.102142583041e+01
7.404000000000e+01  9.407368058663e+00 1.251983317279e+00 6.470320610627e+00 -1.105553090727e+01
7.405000000000e+01  9.419675685627e+00 1.209532213088e+00 6.359596596829e+00 -1.108918312635e+01
7.406000000000e+01  9.431558890207e+00 1.167099180718e+00 6.248538344190e+00 -1.112237840750e+01
7.407000000000e+01  9.443017851545e+00 1.124683904519e+00 6.137150441867e+00 -1.115511279891e+01
7.408000000000e+01  9.454052746137e+00 1.082286171362e+00 6.025437517908e+00 -1.118738247427e+01
7.409000000000e+01  9.464663748847e+00 1.039905867717e+00 5.913404238010e+00 -1.121918373007e+01
7.410000000000e+01  9.474851033886e+00 9.975429767468e-01 5.801055304305e+00 -1.125051298286e+01
7.411000000000e+01  9.484614775767e+00 9.551975754490e-01 5.688395454171e+00 -1.128136676654e+01
7.412000000000e+01  9.493955150227e+00 9.128698318293e-01 5.575429459076e+00 -1.131174172974e+01
7.413000000000e+01  9.502872335124e+00 8.705600021240e-01 5.462162123441e+00 -1.134163463317e+01
7.414000000000e+01  9.511366511309e+00 8.282684280721e-01 5.348598283531e+00 -1.137104234709e+01
7.415000000000e+01  9.519437863459e+00 7.859955342413e-01 5.234742806374e+00 -1.139996184879e+01
7.416000000000e+01  9.527086580903e+00 7.437418254110e-01 5.120600588703e+00 -1.142839022016e+01
7.417000000000e+01  9.534312858403e+00 7.015078840158e-01 5.006176555921e+00 -1.145632464526e+01
7.418000000000e+01  9.541116896923e+00 6.592943676504e-01 4.891475661090e+00 -1.148376240801e+01
7.419000000000e+01  9.547498904364e+00 6.171020066381e-01 4.776502883946e+00 -1.151070088994e+01
7.420000000000e+01  9.553459096286e+00 5.749316016649e-01 4.661263229934e+00 -1.153713756795e+01
7.421000000000e+01  9.558997696593e+00 5.327840214792e-01 4.545761729261e+00 -1.156307001218e+01
7.422000000000e+01  9.564114938207e+00 4.906602006578e-01 4.430003435979e+00 -1.158849588395e+01
7.423000000000e+01  9.568811063713e+00 4.485611374387e-01 4.313993427081e+00 -1.161341293373e+01
7.424000000000e+01  9.573086325988e+00 4.064878916215e-01 4.197736801619e+00 -1.163781899922e+01
7.425000000000e+01  9.576940988803e+00 3.644415825339e-01 4.081238679840e+00 -1.166171200344e+01
7.426000000000e+01  9.580375327411e+00 3.224233870640e-01 3.964504202346e+00 -1.168508995295e+01
7.427000000000e+01  9.583389629112e+00 2.804345377601e-01 3.847538529262e+00 -1.170795093607e+01
7.428000000000e+01  9.585984193801e+00 2.384763209933e-01 3.730346839431e+00 -1.173029312123e+01
7.429000000000e+01  9.588159334497e+00 1.965500751864e-01 3.612934329620e+00 -1.175211475529e+01
7.430000000000e+01  9.589915377854e+00 1.546571891047e-01 3.495306213740e+00 -1.177341416207e+01
7.431000000000e+01  9.591252664659e+00 1.127991002097e-01 3.377467722090e+00 -1.179418974075e+01
7.432000000000e+01  9.592171550307e+00 7.097729307387e-02 3.259424100606e+00 -1.181443996451e+01
7.433000000000e+01  9.592672405268e+00 2.919329785479e-02 3.141180610130e+00 -1.183416337910e+01
7.434000000000e+01  9.592755615535e+00 -1.255131117119e-02 3.022742525689e+00 -1.185335860156e+01
7.435000000000e+01  9.592421583056e+00 -5.425491701855e-02 2.904115135790e+00 -1.187202431890e+01
7.436000000000e+01  9.591670726156e+00 -9.591586134583e-02 2.785303741727e+00 -1.189015928693e+01
7.437000000000e+01  9.590503479943e+00 -1.375324457542e-01 2.666313656897e+00 -1.190776232909e+01
7.438000000000e+01  9.588920296706e+00 -1.791029330329e-01 2.547150206131e+00 -1.192483233533e+01
7.439000000000e+01  9.586921646291e+00 -2.206255483520e-01 2.427818725031e+00 -1.194136826106e+01
7.440000000000e+01  9.584508016477e+00 -2.620984804055e-01 2.308324559326e+00 -1.195736912617e+01
7.441000000000e+01  9.581679913331e+00 -3.035198825041e-01 2.188673064225e+00 -1.197283401402e+01
7.442000000000e+01  9.578437861561e+00 -3.448878736212e-01 2.068869603793e+00 -1.198776207058e+01
7.443000000000e+01  9.574782404850e+00 -3.862005393911e-01 1.948919550327e+00 -1.200215250350e+01
7.444000000000e+01  9.570714106187e+00 -4.274559330631e-01 1.828828283741e+00 -1.201600458137e+01
7.445000000000e+01  9.566233548188e+00 -4.686520764107e-01 1.708601190964e+00 -1.202931763286e+01
7.446000000000e+01  9.561341333402e+00 -5.097869605989e-01 1.588243665341e+00 -1.204209104603e+01
7.447000000000e+01  9.556038084616e+00 -5.508585470094e-01 1.467761106043e+00 -1.205432426760e+01
7.448000000000e+01  9.550324445148e+00 -5.918647680264e-01 1.347158917484e+00 -1.206601680232e+01
7.449000000000e+01  9.544201079135e+00 -6.328035277829e-01 1.226442508745e+00 -1.207716821232e+01
7.450000000000e+01  9.537668671809e+00 -6.736727028694e-01 1.105617292998e+00 -1.208777811653e+01
7.451000000000e+01  9.530727929770e+00 -7.144701430058e-01 9.846886869481e-01 -1.209784619014e+01
7.452000000000e+01  9.523379581255e+00 -7.551936716785e-01 8.636621102679e-01 -1.210737216407e+01
7.453000000000e+01  9.515624376390e+00 -7.958410867418e-01 7.425429850451e-01 -1.211635582448e+01
7.454000000000e+01  9.507463087452e+00 -8.364101609877e-01 6.213367352319e-01 -1.212479701235e+01
7.455000000000e+01  9.498896509111e+00 -8.768986426817e-01 5.000487860986e-01 -1.213269562302e+01
7.456000000000e+01  9.489925458673e+00 -9.173042560681e-01 3.786845636925e-01 -1.214005160580e+01
7.457000000000e+01  9.480550776323e+00 -9.576247018456e-01 2.572494942995e-01 -1.214686496364e+01
7.458000000000e+01  9.470773325351e+00 -9.978576576123e-01 1.357490039095e-01 -1.215313575276e+01
7.459000000000e+01  9.460593992386e+00 -1.038000778283e+00 1.418851768538e-02 -1.215886408238e+01
7.460000000000e+01  9.450013687621e+00 -1.078051696478e+00 -1.074265405655e-01 -1.216405011438e+01
7.461000000000e+01  9.439033345030e+00 -1.118008022889e+00 -2.290907489169e-01 -1.216869406311e+01
7.462000000000e+01  9.427653922589e+00 -1.157867346611e+00 -3.507986878471e-01 -1.217279619510e+01
7.463000000000e+01  9.415876402491e+00 -1.197627235460e+00 -4.725449407597e-01 -1.217635682888e+01
7.464000000000e+01  9.403701791353e+00 -1.237285236257e+00 -5.943240945026e-01 -1.217937633481e+01
7.465000000000e+01  9.391131120430e+00 -1.276838875095e+00 -7.161307398857e-01 -1.218185513487e+01
7.466000000000e+01  9.378165445818e+00 -1.316285657579e+00 -8.379594721960e-01 -1.218379370256e+01
7.467000000000e+01  9.364805848658e+00 -1.355623069045e+00 -9.598048917125e-01 -1.218519256274e+01
7.468000000000e+01  9.351053435338e+00 -1.394848574764e+00 -1.081661604219e+00 -1.218605229156e+01
7.469000000000e+01  9.336909337693e+00 -1.433959620115e+00 -1.203524221518e+00 -1.218637351636e+01
7.470000000000e+01  9.322374713204e+00 -1.472953630744e+00 -1.325387361939e+00 -1.218615691561e+01
7.471000000000e+01  9.307450745192e+00 -1.511828012709e+00 -1.447245650853e+00 -1.218540321885e+01
7.472000000000e+01  9.292138643016e+00 -1.550580152593e+00 -1.569093721181e+00 -1.218411320665e+01
7.473000000000e+01  9.276439642264e+00 -1.589207417614e+00 -1.690926213905e+00 -1.218228771065e+01
7.474000000000e+01  9.260355004953e+00 -1.627707155709e+00 -1.812737778580e+00 -1.217992761349e+01
7.475000000000e+01  9.243886019711e+00 -1.666076695604e+00 -1.934523073841e+00 -1.217703384887e+01
7.476000000000e+01  9.227034001979e+00 -1.704313346870e+00 -2.056276767916e+00 -1.217360740155e+01
7.477000000000e+01  9.209800294195e+00 -1.742414399960e+00 -2.177993539135e+00 -1.216964930742e+01
7.478000000000e+01  9.192186265991e+00 -1.780377126235e+00 -2.299668076445e+00 -1.216516065353e+01
7.479000000000e+01  9.174193314379e+00 -1.818198777978e+00 -2.421295079919e+00 -1.216014257819e+01
7.480000000000e+01  9.155822863944e+00 -1.855876588389e+00 -2.542869261268e+00 -1.215459627101e+01
7.481000000000e+01  9.137076367033e+00 -1.893407771573e+00 -2.664385344359e+00 -1.214852297301e+01
7.482000000000e+01  9.117955303952e+00 -1.930789522514e+00 -2.785838065724e+00 -1.214192397674e+01
7.483000000000e+01  9.098461183148e+00 -1.968019017041e+00 -2.907222175081e+00 -1.213480062633e+01
7.484000000000e+01  9.078595541410e+00 -2.005093411778e+00 -3.028532435847e+00 -1.212715431767e+01
7.485000000000e+01  9.058359944054e+00 -2.042009844089e+00 -3.149763625657e+00 -1.211898649851e+01
7.486000000000e+01  9.037755985121e+00 -2.078765432018e+00 -3.270910536884e+00 -1.211029866859e+01
7.487000000000e+01  9.016785287568e+00 -2.115357274211e+00 -3.391967977158e+00 -1.210109237976e+01
7.488000000000e+01  8.995449503463e+00 -2.151782449843e+00 -3.512930769891e+00 -1.209136923616e+01
7.489000000000e+01  8.973750314180e+00 -2.188038018527e+00 -3.633793754798e+00 -1.208113089437e+01
7.490000000000e+01  8.951689430596e+00 -2.224121020227e+00 -3.754551788421e+00 -1.207037906351e+01
7.491000000000e+01  8.929268593287e+00 -2.260028475167e+00 -3.875199744658e+00 -1.205911550546e+01
7.492000000000e+01  8.906489572726e+00 -2.295757383725e+00 -3.995732515290e+00 -1.204734203496e+01
7.493000000000e+01  8.883354169480e+00 -2.331304726341e+00 -4.116145010513e+00 -1.203506051981e+01
7.494000000000e+01  8.859864214416e+00 -2.366667463414e+00 -4.236432159464e+00 -1.202227288099e+01
7.495000000000e+01  8.836021568894e+00 -2.401842535196e+00 -4.356588910757e+00 -1.200898109286e+01
7.496000000000e+01  8.811828124975e+00 -2.436826861701e+00 -4.476610233019e+00 -1.199518718325e+01
7.497000000000e+01  8.787285805622e+00 -2.471617342602e+00 -4.596491115423e+00 -1.198089323367e+01
7.498000000000e+01  8.762396564901e+00 -2.506210857138e+00 -4.716226568224e+00 -1.196610137942e+01
7.499000000000e+01  8.737162388191e+00 -2.540604264027e+00 -4.835811623303e+00 -1.195081380971e+01
7.500000000000e+01  8.711585292386e+00 -2.574794401384e+00 -4.955241334702e+00 -1.193503276784e+01
7.501000000000e+01  8.685667326102e+00 -2.608778086646e+00 -5.074510779167e+00 -1.191876055126e+01
7.502000000000e+01  8.659410569885e+00 -2.642552116513e+00 -5.193615056689e+00 -1.190199951172e+01
7.503000000000e+01  8.632817136418e+00 -2.676113266888e+00 -5.312549291050e+00 -1.188475205533e+01
7.504000000000e+01  8.605889170729e+00 -2.709458292843e+00 -5.431308630365e+00 -1.186702064267e+01
7.505000000000e+01  8.578628850399e+00 -2.742583928596e+00 -5.549888247628e+00 -1.184880778881e+01
7.506000000000e+01  8.551038385774e+00 -2.775486887500e+00 -5.668283341255e+00 -1.183011606342e+01
7.507000000000e+01  8.523120020167e+00 -2.808163862059e+00 -5.786489135633e+00 -1.181094809070e+01
7.508000000000e+01  8.494876030074e+00 -2.840611523958e+00 -5.904500881664e+00 -1.179130654948e+01
7.509000000000e+01  8.466308725375e+00 -2.872826524127e+00 -6.022313857310e+00 -1.177119417310e+01
7.510000000000e+01  8.437420449545e+00 -2.904805492817e+00 -6.139923368141e+00 -1.175061374943e+01
7.511000000000e+01  8.408213579861e+00 -2.936545039719e+00 -6.257324747876e+00 -1.172956812074e+01
7.512000000000e+01  8.378690527604e+00 -2.968041754106e+00 -6.374513358930e+00 -1.170806018359e+01
7.513000000000e+01  8.348853738264e+00 -2.999292205010e+00 -6.491484592952e+00 -1.168609288870e+01
7.514000000000e+01  8.318705691739e+00 -3.030292941440e+00 -6.608233871371e+00 -1.166366924073e+01
7.515000000000e+01  8.288248902540e+00 -3.061040492636e+00 -6.724756645929e+00 -1.164079229805e+01
7.516000000000e+01  8.257485919978e+00 -3.091531368372e+00 -6.841048399220e+00 -1.161746517248e+01
7.517000000000e+01  8.226419328368e+00 -3.121762059301e+00 -6.957104645222e+00 -1.159369102893e+01
7.518000000000e+01  8.195051747206e+00 -3.151729037354e+00 -7.072920929825e+00 -1.156947308504e+01
7.519000000000e+01  8.163385831364e+00 -3.181428756190e+00 -7.188492831359e+00 -1.154481461074e+01
7.520000000000e+01  8.131424271267e+00 -3.210857651708e+00 -7.303815961109e+00 -1.151971892775e+01
7.521000000000e+01  8.099169793063e+00 -3.240012142624e+00 -7.418885963836e+00 -1.149418940902e+01
7.522000000000e+01  8.066625158800e+00 -3.268888631102e+00 -7.533698518283e+00 -1.146822947810e+01
7.523000000000e+01  8.033793166581e+00 -3.297483503474e+00 -7.648249337679e+00 -1.144184260842e+01
7.524000000000e+01  8.000676650723e+00 -3.325793131021e+00 -7.762534170231e+00 -1.141503232254e+01
7.525000000000e+01  7.967278481900e+00 -3.353813870839e+00 -7.876548799615e+00 -1.138780219129e+01
7.526000000000e+01  7.933601567280e+00 -3.381542066795e+00 -7.990289045451e+00 -1.136015583278e+01
7.527000000000e+01  7.899648850657e+00 -3.408974050567e+00 -8.103750763772e+00 -1.133209691140e+01
7.528000000000e+01  7.865423312562e+00 -3.436106142782e+00 -8.216929847479e+00 -1.130362913667e+01
7.529000000000e+01  7.830927970366e+00 -3.462934654253e+00 -8.329822226791e+00 -1.127475626199e+01
7.530000000000e+01  7.796165878379e+00 -3.489455887325e+00 -8.442423869671e+00 -1.124548208331e+01
7.531000000000e+01  7.761140127921e+00 -3.515666137336e+00 -8.554730782249e+00 -1.121581043765e+01
7.532000000000e+01  7.725853847384e+00 -3.541561694182e+00 -8.666739009220e+00 -1.118574520153e+01
7.533000000000e+01  7.690310202282e+00 -3.567138844024e+00 -8.778444634238e+00 -1.115529028928e+01
7.534000000000e+01  7.654512395278e+00 -3.592393871111e+00 -8.889843780276e+00 -1.112444965117e+01
7.535000000000e+01  7.618463666190e+00 -3.617323059746e+00 -9.000932609981e+00 -1.109322727144e+01
7.536000000000e+01  7.582167291983e+00 -3.641922696386e+00 -9.111707326003e+00 -1.106162716622e+01
7.537000000000e+01  7.545626586736e+00 -3.666189071901e+00 -9.222164171301e+00 -1.102965338121e+01
7.538000000000e+01  7.508844901586e+00 -3.690118483974e+00 -9.332299429425e+00 -1.099730998930e+01
7.539000000000e+01  7.471825624645e+00 -3.713707239672e+00 -9.442109424780e+00 -1.096460108796e+01
7.540000000000e+01  7.434572180895e+00 -3.736951658175e+00 -9.551590522853e+00 -1.093153079651e+01
7.541000000000e+01  7.397088032050e+00 -3.759848073682e+00 -9.660739130420e+00 -1.089810325317e+01
7.542000000000e+01  7.359376676394e+00 -3.782392838495e+00 -9.769551695717e+00 -1.086432261198e+01
7.543000000000e+01  7.321441648578e+00 -3.804582326278e+00 -9.878024708586e+00 -1.083019303948e+01
7.544000000000e+01  7.283286519395e+00 -3.826412935519e+00 -9.986154700577e+00 -1.079571871126e+01
7.545000000000e+01  7.244914895511e+00 -3.847881093172e+00 -1.009393824502e+01 -1.076090380827e+01
7.546000000000e+01  7.206330419159e+00 -3.868983258509e+00 -1.020137195708e+01 -1.072575251295e+01
7.547000000000e+01  7.167536767798e+00 -3.889715927168e+00 -1.030845249370e+01 -1.069026900513e+01
7.548000000000e+01  7.128537653730e+00 -3.910075635410e+00 -1.041517655362e+01 -1.065445745777e+01
7.549000000000e+01  7.089336823667e+00 -3.930058964591e+00 -1.052154087723e+01 -1.061832203244e+01
7.550000000000e+01  7.049938058258e+00 -3.949662545841e+00 -1.062754224648e+01 -1.058186687458e+01
7.551000000000e+01  7.010345171570e+00 -3.968883064962e+00 -1.073317748463e+01 -1.054509610861e+01
7.552000000000e+01  6.970562010511e+00 -3.987717267550e+00 -1.083844345610e+01 -1.050801383276e+01
7.553000000000e+01  6.930592454208e+00 -4.006161964319e+00 -1.094333706611e+01 -1.047062411365e+01
7.554000000000e+01  6.890440413329e+00 -4.024214036662e+00 -1.104785526034e+01 -1.043293098077e+01
7.555000000000e+01  6.850109829344e+00 -4.041870442415e+00 -1.115199502460e+01 -1.039493842062e+01
7.556000000000e+01  6.809604673733e+00 -4.059128221840e+00 -1.125575338428e+01 -1.035665037068e+01
7.557000000000e+01  6.768928947132e+00 -4.075984503819e+00 -1.135912740388e+01 -1.031807071321e+01
7.558000000000e+01  6.728086678411e+00 -4.092436512258e+00 -1.146211418642e+01 -1.027920326876e+01
7.559000000000e+01  6.687081923696e+00 -4.108481572679e+00 -1.156471087278e+01 -1.024005178951e+01
7.560000000000e+01  6.645918765311e+00 -4.124117119021e+00 -1.166691464098e+01 -1.020061995249e+01
7.561000000000e+01  6.604601310669e+00 -4.139340700609e+00 -1.176872270542e+01 -1.016091135247e+01
7.562000000000e+01  6.563133691074e+00 -4.154149989304e+00 -1.187013231596e+01 -1.012092949484e+01
7.563000000000e+01  6.521520060463e+00 -4.168542786813e+00 -1.197114075708e+01 -1.008067778818e+01
7.564000000000e+01  6.479764594069e+00 -4.182517032139e+00 -1.207174534679e+01 -1.004015953676e+01
7.565000000000e+01  6.437871487013e+00 -4.196070809166e+00 -1.217194343560e+01 -9.999377932921e+00
7.566000000000e+01  6.395844952810e+00 -4.209202354353e+00 -1.227173240533e+01 -9.958336049318e+00
7.567000000000e+01  6.353689221813e+00 -4.221910064514e+00 -1.237110966790e+01 -9.917036831049e+00
7.568000000000e+01  6.311408539564e+00 -4.234192504679e+00 -1.247007266400e+01 -9.875483087754e+00
7.569000000000e+01  6.269007165074e+00 -4.246048415985e+00 -1.256861886171e+01 -9.833677485649e+00
7.570000000000e+01  6.226489369023e+00 -4.257476723595e+00 -1.266674575499e+01 -9.791622539540e+00
7.571000000000e+01  6.183859431879e+00 -4.268476544603e+00 -1.276445086218e+01 -9.749320604849e+00
7.572000000000e+01  6.141121641942e+00 -4.279047195896e+00 -1.286173172432e+01 -9.706773869683e+00
7.573000000000e+01  6.098280293303e+00 -4.289188201946e+00 -1.295858590346e+01 -9.663984346968e+00
7.574000000000e+01  6.055339683734e+00 -4.298899302491e+00 -1.305501098087e+01 -9.620953866693e+00
7.575000000000e+01  6.012304112493e+00 -4.308180460069e+00 -1.315100455516e+01 -9.577684068304e+00
7.576000000000e+01  5.969177878065e+00 -4.317031867375e+00 -1.324656424034e+01 -9.534176393265e+00
7.577000000000e+01  5.925965275819e+00 -4.325453954389e+00 -1.334168766382e+01 -9.490432077858e+00
7.578000000000e+01  5.882670595605e+00 -4.333447395239e+00 -1.343637246431e+01 -9.446452146230e+00
7.579000000000e+01  5.839298119277e+00 -4.341013114763e+00 -1.353061628966e+01 -9.402237403763e+00
7.580000000000e+01  5.795852118158e+00 -4.348152294711e+00 -1.362441679465e+01 -9.357788430776e+00
7.581000000000e+01  5.752336850437e+00 -4.354866379559e+00 -1.371777163873e+01 -9.313105576634e+00
7.582000000000e+01  5.708756558519e+00 -4.361157081874e+00 -1.381067848363e+01 -9.268188954293e+00
7.583000000000e+01  5.665115466320e+00 -4.367026387199e+00 -1.390313499102e+01 -9.223038435329e+00
7.584000000000e+01  5.621417776511e+00 -4.372476558402e+00 -1.399513882005e+01 -9.177653645500e+00
7.585000000000e+01  5.577667667731e+00 -4.377510139450e+00 -1.408668762488e+01 -9.132033960879e+00
7.586000000000e+01  5.533869291757e+00 -4.382129958562e+00 -1.417777905218e+01 -9.086178504611e+00
7.587000000000e+01  5.490026770650e+00 -4.386339130694e+00 -1.426841073855e+01 -9.040086144334e+00
7.588000000000e+01  5.446144193878e+00 -4.390141059324e+00 -1.435858030800e+01 -8.993755490297e+00
7.589000000000e+01  5.402225615429e+00 -4.393539437491e+00 -1.444828536934e+01 -8.947184894225e+00
7.590000000000e+01  5.358275050907e+00 -4.396538248048e+00 -1.453752351360e+01 -8.900372448969e+00
7.591000000000e+01  5.314296474645e+00 -4.399141763108e+00 -1.462629231145e+01 -8.853315988958e+00
7.592000000000e+01  5.270293816814e+00 -4.401354542635e+00 -1.471458931063e+01 -8.806013091507e+00
7.593000000000e+01  5.226270960557e+00 -4.403181432171e+00 -1.480241203335e+01 -8.758461078992e+00
7.594000000000e+01  5.182231739148e+00 -4.404627559660e+00 -1.488975797382e+01 -8.710657021911e+00
7.595000000000e+01  5.138179933194e+00 -4.405698331367e+00 -1.497662459569e+01 -8.662597742875e+00
7.596000000000e+01  5.094119267868e+00 -4.406399426861e+00 -1.506300932962e+01 -8.614279821500e+00
7.597000000000e+01  5.050053410212e+00 -4.406736793072e+00 -1.514890957090e+01 -8.565699600255e+00
7.598000000000e+01  5.005985966498e+00 -4.406716637411e+00 -1.523432267708e+01 -8.516853191229e+00
7.599000000000e+01  4.961920479657e+00 -4.406345419946e+00 -1.531924596571e+01 -8.467736483836e+00
7.600000000000e+01  4.917860426801e+00 -4.405629844673e+00 -1.540367671218e+01 -8.418345153442e+00
7.601000000000e+01  4.873809216831e+00 -4.404576849860e+00 -1.548761214760e+01 -8.368674670899e+00
7.602000000000e+01  4.829770188146e+00 -4.403193597519e+00 -1.557104945682e+01 -8.318720312960e+00
7.603000000000e+01  4.785746606462e+00 -4.401487462011e+00 -1.565398577655e+01 -8.268477173556e+00
7.604000000000e+01  4.741741662751e+00 -4.399466017831e+00 -1.573641819357e+01 -8.217940175892e+00
7.605000000000e+01  4.697758471304e+00 -4.397137026606e+00 -1.581834374313e+01 -8.167104085331e+00
7.606000000000e+01  4.653800067929e+00 -4.394508423361e+00 -1.589975940737e+01 -8.115963523006e+00
7.607000000000e+01  4.609869408288e+00 -4.391588302088e+00 -1.598066211403e+01 -8.064512980122e+00
7.608000000000e+01  4.565969366383e+00 -4.388384900700e+00 -1.606104873518e+01 -8.012746832888e+00
7.609000000000e+01  4.522102733195e+00 -4.384906585404e+00 -1.614091608613e+01 -7.960659358012e+00
7.610000000000e+01  4.478272215482e+00 -4.381161834581e+00 -1.622026092457e+01 -7.908244748693e+00
7.611000000000e+01  4.434480434740e+00 -4.377159222233e+00 -1.629907994977e+01 -7.855497131051e+00
7.612000000000e+01  4.390729926331e+00 -4.372907401072e+00 -1.637736980201e+01 -7.802410580900e+00
7.613000000000e+01  4.347023138782e+00 -4.368415085332e+00 -1.645512706216e+01 -7.748979140814e+00
7.614000000000e+01  4.303362433256e+00 -4.363691033374e+00 -1.653234825145e+01 -7.695196837384e+00
7.615000000000e+01  4.259750083200e+00 -4.358744030172e+00 -1.660902983136e+01 -7.641057698597e+00
7.616000000000e+01  4.216188274164e+00 -4.353582869761e+00 -1.668516820377e+01 -7.586555771259e+00
7.617000000000e+01  4.172679103801e+00 -4.348216337718e+00 -1.676075971119e+01 -7.531685138368e+00
7.618000000000e+01  4.129224582037e+00 -4.342653193778e+00 -1.683580063722e+01 -7.476439936370e+00
7.619000000000e+01  4.085826631416e+00 -4.336902154635e+00 -1.691028720721e+01 -7.420814372213e+00
7.620000000000e+01  4.042487087612e+00 -4.330971877032e+00 -1.698421558897e+01 -7.364802740115e+00
7.621000000000e+01  3.999207700116e+00 -4.324870941206e+00 -1.705758189381e+01 -7.308399437983e+00
7.622000000000e+01  3.955990133079e+00 -4.318607834751e+00 -1.713038217761e+01 -7.251598983402e+00
7.623000000000e+01  3.912835966317e+00 -4.312190936983e+00 -1.720261244207e+01 -7.194396029127e+00
7.624000000000e+01  3.869746696470e+00 -4.305628503860e+00 -1.727426863620e+01 -7.136785378019e+00
7.625000000000e+01  3.826723738306e+00 -4.298928653520e+00 -1.734534665786e+01 -7.078761997355e+00
7.626000000000e+01  3.783768426170e+00 -4.292099352498e+00 -1.741584235546e+01 -7.020321032468e+00
7.627000000000e+01  3.740882015564e+00 -4.285148402658e+00 -1.748575152982e+01 -6.961457819663e+00
7.628000000000e+01  3.698065684857e+00 -4.278083428893e+00 -1.755506993615e+01 -6.902167898367e+00
7.629000000000e+01  3.655320537110e+00 -4.270911867631e+00 -1.762379328610e+01 -6.842447022467e+00
7.630000000000e+01  3.612647602016e+00 -4.263640956179e+00 -1.769191725002e+01 -6.782291170820e+00
7.631000000000e+01  3.570047837939e+00 -4.256277722920e+00 -1.775943745918e+01 -6.721696556896e+00
7.632000000000e+01  3.527522134047e+00 -4.248828978399e+00 -1.782634950825e+01 -6.660659637534e+00
7.633000000000e+01  3.485071312534e+00 -4.241301307301e+00 -1.789264895768e+01 -6.599177120815e+00
7.634000000000e+01  3.442696130909e+00 -4.233701061333e+00 -1.795833133631e+01 -6.537245973015e+00
7.635000000000e+01  3.400397284361e+00 -4.226034353007e+00 -1.802339214397e+01 -6.474863424662e+00
7.636000000000e+01  3.358175408177e+00 -4.218307050332e+00 -1.808782685414e+01 -6.412026975690e+00
7.637000000000e+01  3.316031080206e+00 -4.210524772391e+00 -1.815163091666e+01 -6.348734399692e+00
7.638000000000e+01  3.273964823371e+00 -4.202692885803e+00 -1.821479976049e+01 -6.284983747302e+00
7.639000000000e+01  3.231977108203e+00 -4.194816502041e+00 -1.827732879650e+01 -6.220773348704e+00
7.640000000000e+01  3.190068355401e+00 -4.186900475599e+00 -1.833921342027e+01 -6.156101815312e+00
7.641000000000e+01  3.148238938414e+00 -4.178949402957e+00 -1.840044901490e+01 -6.090968040626e+00
7.642000000000e+01  3.106489186011e+00 -4.170967622341e+00 -1.846103095383e+01 -6.025371200309e+00
7.643000000000e+01  3.064819384873e+00 -4.162959214232e+00 -1.852095460368e+01 -5.959310751514e+00
7.644000000000e+01  3.023229782154e+00 -4.154928002581e+00 -1.858021532703e+01 -5.892786431491e+00
7.645000000000e+01  2.981720588046e+00 -4.146877556711e+00 -1.863880848523e+01 -5.825798255516e+00
7.646000000000e+01  2.940291978303e+00 -4.138811193856e+00 -1.869672944115e+01 -5.758346514184e+00
7.647000000000e+01  2.898944096757e+00 -4.130731982292e+00 -1.875397356192e+01 -5.690431770099e+00
7.648000000000e+01  2.857677057778e+00 -4.122642745028e+00 -1.881053622167e+01 -5.622054854012e+00
7.649000000000e+01  2.816490948716e+00 -4.114546064008e+00 -1.886641280412e+01 -5.553216860443e+00
7.650000000000e+01  2.775385832278e+00 -4.106444284786e+00 -1.892159870525e+01 -5.483919142825e+00
7.651000000000e+01  2.734361748878e+00 -4.098339521623e+00 -1.897608933583e+01 -5.414163308235e+00
7.652000000000e+01  2.693418718911e+00 -4.090233662977e+00 -1.902988012394e+01 -5.343951211723e+00
7.653000000000e+01  2.652556744991e+00 -4.082128377328e+00 -1.908296651745e+01 -5.273284950304e+00
7.654000000000e+01  2.611775814113e+00 -4.074025119311e+00 -1.913534398634e+01 -5.202166856649e+00
7.655000000000e+01  2.571075899766e+00 -4.065925136108e+00 -1.918700802509e+01 -5.130599492507e+00
7.656000000000e+01  2.530456963970e+00 -4.057829474063e+00 -1.923795415488e+01 -5.058585641909e+00
7.657000000000e+01  2.489918959252e+00 -4.049738985486e+00 -1.928817792584e+01 -4.986128304181e+00
7.658000000000e+01  2.449461830549e+00 -4.041654335601e+00 -1.933767491911e+01 -4.913230686803e+00
7.659000000000e+01  2.409085517050e+00 -4.033576009620e+00 -1.938644074893e+01 -4.839896198161e+00
7.660000000000e+01  2.368789953953e+00 -4.025504319888e+00 -1.943447106456e+01 -4.766128440207e+00
7.661000000000e+01  2.328575074162e+00 -4.017439413090e+00 -1.948176155224e+01 -4.691931201063e+00
7.662000000000e+01  2.288440809906e+00 -4.009381277480e+00 -1.952830793698e+01 -4.617308447606e+00
7.663000000000e+01  2.248387094287e+00 -4.001329750108e+00 -1.957410598430e+01 -4.542264318054e+00
7.664000000000e+01  2.208413862758e+00 -3.993284524014e+00 -1.961915150195e+01 -4.466803114570e+00
7.665000000000e+01  2.168521054526e+00 -3.985245155384e+00 -1.966344034145e+01 -4.390929295927e+00
7.666000000000e+01  2.128708613882e+00 -3.977211070620e+00 -1.970696839968e+01 -4.314647470233e+00
7.667000000000e+01  2.088976491470e+00 -3.969181573335e+00 -1.974973162031e+01 -4.237962387755e+00
7.668000000000e+01  2.049324645477e+00 -3.961155851227e+00 -1.979172599517e+01 -4.160878933836e+00
7.669000000000e+01  2.009753042757e+00 -3.953132982838e+00 -1.983294756561e+01 -4.083402121950e+00
7.670000000000e+01  1.970261659895e+00 -3.945111944178e+00 -1.987339242370e+01 -4.005537086880e+00
7.671000000000e+01  1.930850484192e+00 -3.937091615189e+00 -1.991305671344e+01 -3.927289078050e+00
7.672000000000e+01  1.891519514601e+00 -3.929070786064e+00 -1.995193663188e+01 -3.848663453017e+00
7.673000000000e+01  1.852268762590e+00 -3.921048163387e+00 -1.999002843012e+01 -3.769665671123e+00
7.674000000000e+01  1.813098252951e+00 -3.913022376104e+00 -2.002732841436e+01 -3.690301287330e+00
7.675000000000e+01  1.774008024543e+00 -3.904991981305e+00 -2.006383294679e+01 -3.610575946233e+00
7.676000000000e+01  1.734998130989e+00 -3.896955469825e+00 -2.009953844646e+01 -3.530495376259e+00
7.677000000000e+01  1.696068641306e+00 -3.888911271648e+00 -2.013444139010e+01 -3.450065384057e+00
7.678000000000e+01  1.657219640488e+00 -3.880857761126e+00 -2.016853831288e+01 -3.369291849080e+00
7.679000000000e+01  1.618451230042e+00 -3.872793261992e+00 -2.020182580909e+01 -3.288180718366e+00
7.680000000000e+01  1.579763528463e+00 -3.864716052181e+00 -2.023430053280e+01 -3.206738001507e+00
7.681000000000e+01  1.541156671677e+00 -3.856624368460e+00 -2.026595919848e+01 -3.124969765821e+00
7.682000000000e+01  1.502630813421e+00 -3.848516410849e+00 -2.029679858153e+01 -3.042882131715e+00
7.683000000000e+01  1.464186125599e+00 -3.840390346865e+00 -2.032681551880e+01 -2.960481268245e+00
7.684000000000e+01  1.425822798579e+00 -3.832244315556e+00 -2.035600690905e+01 -2.877773388858e+00
7.685000000000e+01  1.387541041463e+00 -3.824076431360e+00 -2.038436971337e+01 -2.794764747339e+00
7.686000000000e+01  1.349341082314e+00 -3.815884787768e+00 -2.041190095558e+01 -2.711461633927e+00
7.687000000000e+01  1.311223168347e+00 -3.807667460811e+00 -2.043859772257e+01 -2.627870371623e+00
7.688000000000e+01  1.273187566086e+00 -3.799422512362e+00 -2.046445716460e+01 -2.543997312677e+00
7.689000000000e+01  1.235234561494e+00 -3.791147993265e+00 -2.048947649559e+01 -2.459848835241e+00
7.690000000000e+01  1.197364460065e+00 -3.782841946298e+00 -2.051365299333e+01 -2.375431340199e+00
7.691000000000e+01  1.159577586891e+00 -3.774502408963e+00 -2.053698399975e+01 -2.290751248159e+00
7.692000000000e+01  1.121874286702e+00 -3.766127416123e+00 -2.055946692105e+01 -2.205814996609e+00
7.693000000000e+01  1.084254923882e+00 -3.757715002474e+00 -2.058109922790e+01 -2.120629037216e+00
7.694000000000e+01  1.046719882456e+00 -3.749263204878e+00 -2.060187845550e+01 -2.035199833295e+00
7.695000000000e+01  1.009269566059e+00 -3.740770064541e+00 -2.062180220378e+01 -1.949533857400e+00
7.696000000000e+01  9.719043978825e-01 -3.732233629054e+00 -2.064086813741e+01 -1.863637589075e+00
7.697000000000e+01  9.346248206001e-01 -3.723651954301e+00 -2.065907398586e+01 -1.777517512721e+00
7.698000000000e+01  8.974312962766e-01 -3.715023106235e+00 -2.067641754349e+01 -1.691180115610e+00
7.699000000000e+01  8.603243062587e-01 -3.706345162531e+00 -2.069289666953e+01 -1.604631886006e+00
7.700000000000e+01  8.233043510500e-01 -3.697616214118e+00 -2.070850928807e+01 -1.517879311416e+00
7.701000000000e+01  7.863719501718e-01 -3.688834366601e+00 -2.072325338808e+01 -1.430928876952e+00
7.702000000000e+01  7.495276420093e-01 -3.679997741566e+00 -2.073712702337e+01 -1.343787063795e+00
7.703000000000e+01  7.127719836460e-01 -3.671104477793e+00 -2.075012831252e+01 -1.256460347775e+00
7.704000000000e+01  6.761055506863e-01 -3.662152732353e+00 -2.076225543884e+01 -1.168955198036e+00
7.705000000000e+01  6.395289370673e-01 -3.653140681630e+00 -2.077350665029e+01 -1.081278075805e+00
7.706000000000e+01  6.030427548612e-01 -3.644066522236e+00 -2.078388025940e+01 -9.934354332482e-01
7.707000000000e+01  5.666476340688e-01 -3.634928471849e+00 -2.079337464317e+01 -9.054337124091e-01
7.708000000000e+01  5.303442224053e-01 -3.625724769968e+00 -2.080198824296e+01 -8.172793442301e-01
7.709000000000e+01  4.941331850781e-01 -3.616453678593e+00 -2.080971956440e+01 -7.289787476508e-01
7.710000000000e+01  4.580152045595e-01 -3.607113482824e+00 -2.081656717721e+01 -6.405383287772e-01
7.711000000000e+01  4.219909803525e-01 -3.597702491405e+00 -2.082252971515e+01 -5.519644801207e-01
7.712000000000e+01  3.860612287521e-01 -3.588219037187e+00 -2.082760587579e+01 -4.632635799018e-01
7.713000000000e+01  3.502266826026e-01 -3.578661477543e+00 -2.083179442043e+01 -3.744419914144e-01
7.714000000000e+01  3.144880910499e-01 -3.569028194712e+00 -2.083509417392e+01 -2.855060624487e-01
7.715000000000e+01  2.788462192919e-01 -3.559317596101e+00 -2.083750402451e+01 -1.964621247678e-01
7.716000000000e+01  2.433018483254e-01 -3.549528114525e+00 -2.083902292368e+01 -1.073164936358e-01
7.717000000000e+01  2.078557746914e-01 -3.539658208403e+00 -2.083964988600e+01 -1.807546739461e-02
7.718000000000e+01  1.725088102174e-01 -3.529706361910e+00 -2.083938398891e+01 7.125467291535e-02
7.719000000000e+01  1.372617817605e-01 -3.519671085081e+00 -2.083822437258e+01 1.606676638905e-01
7.720000000000e+01  1.021155309476e-01 -3.509550913880e+00 -2.083617023973e+01 2.501572600606e-01
7.721000000000e+01  6.707091391609e-02 -3.499344410227e+00 -2.083322085544e+01 3.397172341477e-01
7.722000000000e+01  3.212880105473e-02 -3.489050161994e+00 -2.082937554698e+01 4.293413772902e-01
7.723000000000e+01  -2.709923256077e-03 -3.478666782964e+00 -2.082463370360e+01 5.190234992344e-01
7.724000000000e+01  -3.744436090289e-02 -3.468192912763e+00 -2.081899477636e+01 6.087574284957e-01
7.725000000000e+01  -7.207360029719e-02 -3.457627216760e+00 -2.081245827797e+01 6.985370124917e-01
7.726000000000e+01  -1.065967166322e-01 -3.446968385942e+00 -2.080502378253e+01 7.883561176483e-01
7.727000000000e+01  -1.410127721383e-01 -3.436215136766e+00 -2.079669092541e+01 8.782086294819e-01
7.728000000000e+01  -1.753208163368e-01 -3.425366210983e+00 -2.078745940301e+01 9.680884526589e-01
7.729000000000e+01  -2.095198862921e-01 -3.414420375447e+00 -2.077732897260e+01 1.057989511033e+00
7.730000000000e+01  -2.436090068614e-01 -3.403376421898e+00 -2.076629945212e+01 1.147905747666e+00
7.731000000000e+01  -2.775871909427e-01 -3.392233166729e+00 -2.075437071996e+01 1.237831124826e+00
7.732000000000e+01  -3.114534397197e-01 -3.380989450741e+00 -2.074154271482e+01 1.327759623971e+00
7.733000000000e+01  -3.452067429049e-01 -3.369644138872e+00 -2.072781543547e+01 1.417685245720e+00
7.734000000000e+01  -3.788460789794e-01 -3.358196119923e+00 -2.071318894059e+01 1.507602009808e+00
7.735000000000e+01  -4.123704154301e-01 -3.346644306263e+00 -2.069766334856e+01 1.597503955023e+00
7.736000000000e+01  -4.457787089838e-01 -3.334987633522e+00 -2.068123883728e+01 1.687385139139e+00
7.737000000000e+01  -4.790699058384e-01 -3.323225060279e+00 -2.066391564399e+01 1.777239638836e+00
7.738000000000e+01  -5.122429418907e-01 -3.311355567736e+00 -2.064569406504e+01 1.867061549606e+00
7.739000000000e+01  -5.452967429608e-01 -3.299378159382e+00 -2.062657445576e+01 1.956844985654e+00
7.740000000000e+01  -5.782302250134e-01 -3.287291860648e+00 -2.060655723023e+01 2.046584079791e+00
7.741000000000e+01  -6.110422943753e-01 -3.275095718560e+00 -2.058564286112e+01 2.136272983317e+00
7.742000000000e+01  -6.437318479501e-01 -3.262788801378e+00 -2.056383187948e+01 2.225905865900e+00
7.743000000000e+01  -6.762977734279e-01 -3.250370198236e+00 -2.054112487459e+01 2.315476915448e+00
7.744000000000e+01  -7.087389494929e-01 -3.237839018770e+00 -2.051752249376e+01 2.404980337974e+00
7.745000000000e+01  -7.410542460260e-01 -3.225194392745e+00 -2.049302544213e+01 2.494410357461e+00
7.746000000000e+01  -7.732425243048e-01 -3.212435469679e+00 -2.046763448254e+01 2.583761215716e+00
7.747000000000e+01  -8.053026371986e-01 -3.199561418459e+00 -2.044135043529e+01 2.673027172228e+00
7.748000000000e+01  -8.372334293607e-01 -3.186571426957e+00 -2.041417417802e+01 2.762202504019e+00
7.749000000000e+01  -8.690337374159e-01 -3.173464701644e+00 -2.038610664551e+01 2.851281505490e+00
7.750000000000e+01  -9.007023901448e-01 -3.160240467196e+00 -2.035714882952e+01 2.940258488267e+00
7.751000000000e+01  -9.322382086638e-01 -3.146897966107e+00 -2.032730177859e+01 3.029127781052e+00
7.752000000000e+01  -9.636400066013e-01 -3.133436458296e+00 -2.029656659789e+01 3.117883729458e+00
7.753000000000e+01  -9.949065902700e-01 -3.119855220707e+00 -2.026494444907e+01 3.206520695855e+00
7.754000000000e+01  -1.026036758835e+00 -3.106153546920e+00 -2.023243655005e+01 3.295033059213e+00
7.755000000000e+01  -1.057029304480e+00 -3.092330746753e+00 -2.019904417488e+01 3.383415214938e+00
7.756000000000e+01  -1.087883012562e+00 -3.078386145867e+00 -2.016476865361e+01 3.471661574716e+00
7.757000000000e+01  -1.118596661777e+00 -3.064319085368e+00 -2.012961137204e+01 3.559766566353e+00
7.758000000000e+01  -1.149169024303e+00 -3.050128921417e+00 -2.009357377165e+01 3.647724633618e+00
7.759000000000e+01  -1.179598865955e+00 -3.035815024830e+00 -2.005665734939e+01 3.735530236079e+00
7.760000000000e+01  -1.209884946328e+00 -3.021376780687e+00 -2.001886365754e+01 3.823177848950e+00
7.761000000000e+01  -1.240026018936e+00 -3.006813587938e+00 -1.998019430355e+01 3.910661962936e+00
7.762000000000e+01  -1.270020831349e+00 -2.992124859016e+00 -1.994065094987e+01 3.997977084072e+00
7.763000000000e+01  -1.299868125328e+00 -2.977310019439e+00 -1.990023531386e+01 4.085117733573e+00
7.764000000000e+01  -1.329566636953e+00 -2.962368507431e+00 -1.985894916753e+01 4.172078447682e+00
7.765000000000e+01  -1.359115096748e+00 -2.947299773529e+00 -1.981679433751e+01 4.258853777519e+00
7.766000000000e+01  -1.388512229800e+00 -2.932103280205e+00 -1.977377270480e+01 4.345438288931e+00
7.767000000000e+01  -1.417756755881e+00 -2.916778501480e+00 -1.972988620471e+01 4.431826562349e+00
7.768000000000e+01  -1.446847389556e+00 -2.901324922547e+00 -1.968513682664e+01 4.518013192642e+00
7.769000000000e+01  -1.475782840300e+00 -2.885742039395e+00 -1.963952661399e+01 4.603992788978e+00
7.770000000000e+01  -1.504561812596e+00 -2.870029358436e+00 -1.959305766398e+01 4.689759974685e+00
7.771000000000e+01  -1.533183006043e+00 -2.854186396137e+00 -1.954573212756e+01 4.775309387117e+00
7.772000000000e+01  -1.561645115455e+00 -2.838212678649e+00 -1.949755220920e+01 4.860635677520e+00
7.773000000000e+01  -1.589946830950e+00 -2.822107741451e+00 -1.944852016680e+01 4.945733510909e+00
7.774000000000e+01  -1.618086838049e+00 -2.805871128987e+00 -1.939863831156e+01 5.030597565937e+00
7.775000000000e+01  -1.646063817759e+00 -2.789502394314e+00 -1.934790900780e+01 5.115222534783e+00
7.776000000000e+01  -1.673876446659e+00 -2.773001098754e+00 -1.929633467287e+01 5.199603123027e+00
7.777000000000e+01  -1.701523396982e+00 -2.756366811544e+00 -1.924391777699e+01 5.283734049549e+00
7.778000000000e+01  -1.729003336689e+00 -2.739599109504e+00 -1.919066084313e+01 5.367610046416e+00
7.779000000000e+01  -1.756314929548e+00 -2.722697576699e+00 -1.913656644687e+01 5.451225858781e+00
7.780000000000e+01  -1.783456835199e+00 -2.705661804111e+00 -1.908163721627e+01 5.534576244794e+00
7.781000000000e+01  -1.810427709229e+00 -2.688491389321e+00 -1.902587583176e+01 5.617655975507e+00
7.782000000000e+01  -1.837226203228e+00 -2.671185936191e+00 -1.896928502597e+01 5.700459834797e+00
7.783000000000e+01  -1.863850964858e+00 -2.653745054560e+00 -1.891186758364e+01 5.782982619284e+00
7.784000000000e+01  -1.890300637904e+00 -2.636168359942e+00 -1.885362634151e+01 5.865219138269e+00
7.785000000000e+01  -1.916573862337e+00 -2.618455473237e+00 -1.879456418810e+01 5.947164213672e+00
7.786000000000e+01  -1.942669274360e+00 -2.600606020447e+00 -1.873468406372e+01 6.028812679979e+00
7.787000000000e+01  -1.968585506462e+00 -2.582619632408e+00 -1.867398896021e+01 6.110159384205e+00
7.788000000000e+01  -1.994321187460e+00 -2.564495944520e+00 -1.861248192093e+01 6.191199185854e+00
7.789000000000e+01  -2.019874942549e+00 -2.546234596504e+00 -1.855016604054e+01 6.271926956905e+00
7.790000000000e+01  -2.045245393343e+00 -2.527835232155e+00 -1.848704446494e+01 6.352337581796e+00
7.791000000000e+01  -2.070431157909e+00 -2.509297499121e+00 -1.842312039112e+01 6.432425957429e+00
7.792000000000e+01  -2.095430850813e+00 -2.490621048687e+00 -1.835839706705e+01 6.512186993184e+00
7.793000000000e+01  -2.120243083148e+00 -2.471805535574e+00 -1.829287779151e+01 6.591615610946e+00
7.794000000000e+01  -2.144866462571e+00 -2.452850617759e+00 -1.822656591405e+01 6.670706745153e+00
7.795000000000e+01  -2.169299593336e+00 -2.433755956304e+00 -1.815946483476e+01 6.749455342852e+00
7.796000000000e+01  -2.193541076321e+00 -2.414521215209e+00 -1.809157800423e+01 6.827856363776e+00
7.797000000000e+01  -2.217589509056e+00 -2.395146061281e+00 -1.802290892337e+01 6.905904780445e+00
7.798000000000e+01  -2.241443485757e+00 -2.375630164025e+00 -1.795346114333e+01 6.983595578275e+00
7.799000000000e+01  -2.265101597344e+00 -2.355973195553e+00 -1.788323826530e+01 7.060923755718e+00
7.800000000000e+01  -2.288562431474e+00 -2.336174830521e+00 -1.781224394045e+01 7.137884324424e+00
7.801000000000e+01  -2.311824572560e+00 -2.316234746091e+00 -1.774048186976e+01 7.214472309422e+00
7.802000000000e+01  -2.334886601801e+00 -2.296152621912e+00 -1.766795580388e+01 7.290682749330e+00
7.803000000000e+01  -2.357747097205e+00 -2.275928140142e+00 -1.759466954302e+01 7.366510696597e+00
7.804000000000e+01  -2.380404633613e+00 -2.255560985492e+00 -1.752062693678e+01 7.441951217772e+00
7.805000000000e+01  -2.402857782729e+00 -2.235050845305e+00 -1.744583188405e+01 7.516999393800e+00
7.806000000000e+01  -2.425105113140e+00 -2.214397409669e+00 -1.737028833280e+01 7.591650320364e+00
7.807000000000e+01  -2.447145190353e+00 -2.193600371572e+00 -1.729400028000e+01 7.665899108256e+00
7.808000000000e+01  -2.468976576817e+00 -2.172659427092e+00 -1.721697177142e+01 7.739740883788e+00
7.809000000000e+01  -2.490597831959e+00 -2.151574275632e+00 -1.713920690148e+01 7.813170789246e+00
7.810000000000e+01  -2.512007512219e+00 -2.130344620203e+00 -1.706070981310e+01 7.886183983396e+00
7.811000000000e+01  -2.533204171086e+00 -2.108970167752e+00 -1.698148469755e+01 7.958775642024e+00
7.812000000000e+01  -2.554186359140e+00 -2.087450629547e+00 -1.690153579422e+01 8.030940958544e+00
7.813000000000e+01  -2.574952624099e+00 -2.065785721611e+00 -1.682086739050e+01 8.102675144649e+00
7.814000000000e+01  -2.595501510865e+00 -2.043975165222e+00 -1.673948382154e+01 8.173973431026e+00
7.815000000000e+01  -2.615831561584e+00 -2.022018687477e+00 -1.665738947013e+01 8.244831068132e+00
7.816000000000e+01  -2.635941315703e+00 -1.999916021914e+00 -1.657458876640e+01 8.315243327043e+00
7.817000000000e+01  -2.655829310042e+00 -1.977666909218e+00 -1.649108618770e+01 8.385205500360e+00
7.818000000000e+01  -2.675494078868e+00 -1.955271097997e+00 -1.640688625832e+01 8.454712903209e+00
7.819000000000e+01  -2.694934153976e+00 -1.932728345641e+00 -1.632199354930e+01 8.523760874310e+00
7.820000000000e+01  -2.714148064783e+00 -1.910038419264e+00 -1.623641267815e+01 8.592344777130e+00
7.821000000000e+01  -2.733134338434e+00 -1.887201096746e+00 -1.615014830863e+01 8.660460001140e+00
7.822000000000e+01  -2.751891499910e+00 -1.864216167864e+00 -1.606320515046e+01 8.728101963155e+00
7.823000000000e+01  -2.770418072157e+00 -1.841083435533e+00 -1.597558795905e+01 8.795266108783e+00
7.824000000000e+01  -2.788712576219e+00 -1.817802717154e+00 -1.588730153520e+01 8.861947913986e+00
7.825000000000e+01  -2.806773531399e+00 -1.794373846077e+00 -1.579835072481e+01 8.928142886753e+00
7.826000000000e+01  -2.824599455417e+00 -1.770796673188e+00 -1.570874041849e+01 8.993846568891e+00
7.827000000000e+01  -2.842188864601e+00 -1.747071068632e+00 -1.561847555130e+01 9.059054537954e+00
7.828000000000e+01  -2.859540274083e+00 -1.723196923663e+00 -1.552756110230e+01 9.123762409306e+00
7.829000000000e+01  -2.876652198026e+00 -1.699174152646e+00 -1.543600209422e+01 9.187965838324e+00
7.830000000000e+01  -2.893523149861e+00 -1.675002695212e+00 -1.534380359301e+01 9.251660522758e+00
7.831000000000e+01  -2.910151642554e+00 -1.650682518575e+00 -1.525097070742e+01 9.314842205251e+00
7.832000000000e+01  -2.926536188894e+00 -1.626213620012e+00 -1.515750858855e+01 9.377506676026e+00
7.833000000000e+01  -2.942675301805e+00 -1.601596029532e+00 -1.506342242932e+01 9.439649775754e+00
7.834000000000e+01  -2.958567494691e+00 -1.576829812723e+00 -1.496871746400e+01 9.501267398602e+00
7.835000000000e+01  -2.974211281802e+00 -1.551915073802e+00 -1.487339896762e+01 9.562355495486e+00
7.836000000000e+01  -2.989605178643e+00 -1.526851958867e+00 -1.477747225542e+01 9.622910077523e+00
7.837000000000e+01  -3.004747702405e+00 -1.501640659369e+00 -1.468094268217e+01 9.682927219696e+00
7.838000000000e+01  -3.019637372438e+00 -1.476281415798e+00 -1.458381564160e+01 9.742403064747e+00
7.839000000000e+01  -3.034272710764e+00 -1.450774521618e+00 -1.448609656561e+01 9.801333827301e+00
7.840000000000e+01  -3.048652242622e+00 -1.425120327433e+00 -1.438779092361e+01 9.859715798234e+00
7.841000000000e+01  -3.062774497069e+00 -1.399319245412e+00 -1.428890422167e+01 9.917545349288e+00
7.842000000000e+01  -3.076638007612e+00 -1.373371753974e+00 -1.418944200172e+01 9.974818937955e+00
7.843000000000e+01  -3.090241312899e+00 -1.347278402743e+00 -1.408940984068e+01 1.003153311262e+01
7.844000000000e+01  -3.103582957457e+00 -1.321039817787e+00 -1.398881334947e+01 1.008768451800e+01
7.845000000000e+01  -3.116661492483e+00 -1.294656707133e+00 -1.388765817209e+01 1.014326990084e+01
7.846000000000e+01  -3.129475476692e+00 -1.268129866591e+00 -1.378594998450e+01 1.019828611594e+01
7.847000000000e+01  -3.142023477230e+00 -1.241460185865e+00 -1.368369449355e+01 1.025273013245e+01
7.848000000000e+01  -3.154304070638e+00 -1.214648654979e+00 -1.358089743582e+01 1.030659904047e+01
7.849000000000e+01  -3.166315843894e+00 -1.187696371010e+00 -1.347756457631e+01 1.035989005800e+01
7.850000000000e+01  -3.178057395519e+00 -1.160604545132e+00 -1.337370170719e+01 1.041260053815e+01
7.851000000000e+01  -3.189527336751e+00 -1.133374509985e+00 -1.326931464637e+01 1.046472797669e+01
7.852000000000e+01  -3.200724292799e+00 -1.106007727341e+00 -1.316440923607e+01 1.051627001991e+01
7.853000000000e+01  -3.211646904180e+00 -1.078505796101e+00 -1.305899134124e+01 1.056722447282e+01
7.854000000000e+01  -3.222293828121e+00 -1.050870460586e+00 -1.295306684793e+01 1.061758930758e+01
7.855000000000e+01  -3.232663740068e+00 -1.023103619132e+00 -1.284664166163e+01 1.066736267231e+01
7.856000000000e+01  -3.242755335262e+00 -9.952073329784e-01 -1.273972170538e+01 1.071654290014e+01
7.857000000000e+01  -3.252567330417e+00 -9.671838354266e-01 -1.263231291794e+01 1.076512851858e+01
7.858000000000e+01  -3.262098465489e+00 -9.390355412605e-01 -1.252442125177e+01 1.081311825906e+01
7.859000000000e+01  -3.271347505534e+00 -9.107650564043e-01 -1.241605267094e+01 1.086051106683e+01
7.860000000000e+01  -3.280313242678e+00 -8.823751877935e-01 -1.230721314897e+01 1.090730611096e+01
7.861000000000e+01  -3.288994498166e+00 -8.538689534270e-01 -1.219790866650e+01 1.095350279459e+01
7.862000000000e+01  -3.297390124535e+00 -8.252495925668e-01 -1.208814520892e+01 1.099910076528e+01
7.863000000000e+01  -3.305499007867e+00 -7.965205760447e-01 -1.197792876387e+01 1.104409992554e+01
7.864000000000e+01  -3.313320070167e+00 -7.676856166286e-01 -1.186726531864e+01 1.108850044331e+01
7.865000000000e+01  -3.320852271825e+00 -7.387486793966e-01 -1.175616085745e+01 1.113230276254e+01
7.866000000000e+01  -3.328094614200e+00 -7.097139920593e-01 -1.164462135867e+01 1.117550761365e+01
7.867000000000e+01  -3.335046142288e+00 -6.805860551658e-01 -1.153265279187e+01 1.121811602395e+01
7.868000000000e+01  -3.341705947508e+00 -6.513696521195e-01 -1.142026111480e+01 1.126012932780e+01
7.869000000000e+01  -3.348073170575e+00 -6.220698589232e-01 -1.130745227029e+01 1.130154917648e+01
7.870000000000e+01  -3.354147004473e+00 -5.926920535690e-01 -1.119423218304e+01 1.134237754784e+01
7.871000000000e+01  -3.359926697523e+00 -5.632419249757e-01 -1.108060675627e+01 1.138261675529e+01
7.872000000000e+01  -3.365411556530e+00 -5.337254813737e-01 -1.096658186835e+01 1.142226945643e+01
7.873000000000e+01  -3.370600950019e+00 -5.041490580282e-01 -1.085216336933e+01 1.146133866090e+01
7.874000000000e+01  -3.375494311536e+00 -4.745193241853e-01 -1.073735707736e+01 1.149982773750e+01
7.875000000000e+01  -3.380091143020e+00 -4.448432891201e-01 -1.062216877505e+01 1.153774042037e+01
7.876000000000e+01  -3.384391018230e+00 -4.151283071583e-01 -1.050660420585e+01 1.157508081420e+01
7.877000000000e+01  -3.388393586210e+00 -3.853820815410e-01 -1.039066907028e+01 1.161185339823e+01
7.878000000000e+01  -3.392098574797e+00 -3.556126669955e-01 -1.027436902217e+01 1.164806302900e+01
7.879000000000e+01  -3.395505794138e+00 -3.258284708745e-01 -1.015770966491e+01 1.168371494161e+01
7.880000000000e+01  -3.398615140214e+00 -2.960382527248e-01 -1.004069654762e+01 1.171881474946e+01
7.881000000000e+01  -3.401426598353e+00 -2.662511221445e-01 -9.923335161441e+00 1.175336844226e+01
7.882000000000e+01  -3.403940246709e+00 -2.364765347947e-01 -9.805630935721e+00 1.178738238220e+01
7.883000000000e+01  -3.406156259694e+00 -2.067242864308e-01 -9.687589234369e+00 1.182086329810e+01
7.884000000000e+01  -3.408074911337e+00 -1.770045048284e-01 -9.569215352210e+00 1.185381827751e+01
7.885000000000e+01  -3.409696578556e+00 -1.473276394878e-01 -9.450514511449e+00 1.188625475656e+01
7.886000000000e+01  -3.411021744308e+00 -1.177044490096e-01 -9.331491858249e+00 1.191818050746e+01
7.887000000000e+01  -3.412051000608e+00 -8.814598605217e-02 -9.212152459444e+00 1.194960362362e+01
7.888000000000e+01  -3.412785051378e+00 -5.866357979513e-02 -9.092501299417e+00 1.198053250224e+01
7.889000000000e+01  -3.413224715118e+00 -2.926881585507e-02 -8.972543277155e+00 1.201097582440e+01
7.890000000000e+01  -3.413370927351e+00 2.648637910760e-05 -8.852283203533e+00 1.204094253249e+01
7.891000000000e+01  -3.413224742838e+00 2.921029899829e-02 -8.731725798815e+00 1.207044180513e+01
7.892000000000e+01  -3.412787337524e+00 5.827041339232e-02 -8.610875690440e+00 1.209948302947e+01
7.893000000000e+01  -3.412060010190e+00 8.719447058596e-02 -8.489737411081e+00 1.212807577098e+01
7.894000000000e+01  -3.411044183797e+00 1.159699940100e-01 -8.368315397028e+00 1.215622974087e+01
7.895000000000e+01  -3.409741406484e+00 1.445844245925e-01 -8.246613986906e+00 1.218395476104e+01
7.896000000000e+01  -3.408153352208e+00 1.730251580206e-01 -8.124637420750e+00 1.221126072704e+01
7.897000000000e+01  -3.406281821000e+00 2.012795839896e-01 -8.002389839469e+00 1.223815756889e+01
7.898000000000e+01  -3.404128738817e+00 2.293351272204e-01 -7.879875284702e+00 1.226465521022e+01
7.899000000000e+01  -3.401696156984e+00 2.571792899945e-01 -7.757097699097e+00 1.229076352585e+01
7.900000000000e+01  -3.398986251197e+00 2.847996959201e-01 -7.634060927014e+00 1.231649229815e+01
7.901000000000e+01  -3.396001320085e+00 3.121841346176e-01 -7.510768715674e+00 1.234185117251e+01
7.902000000000e+01  -3.392743783325e+00 3.393206069829e-01 -7.387224716755e+00 1.236684961214e+01
7.903000000000e+01  -3.389216179303e+00 3.661973706638e-01 -7.263432488440e+00 1.239149685278e+01
7.904000000000e+01  -3.385421162318e+00 3.928029853681e-01 -7.139395497918e+00 1.241580185746e+01
7.905000000000e+01  -3.381361499337e+00 4.191263576056e-01 -7.015117124333e+00 1.243977327190e+01
7.906000000000e+01  -3.377040066313e+00 4.451567844618e-01 -6.890600662177e+00 1.246341938088e+01
7.907000000000e+01  -3.372459844059e+00 4.708839959948e-01 -6.765849325111e+00 1.248674806590e+01
7.908000000000e+01  -3.367623913724e+00 4.962981958541e-01 -6.640866250196e+00 1.250976676473e+01
7.909000000000e+01  -3.362535451858e+00 5.213900997305e-01 -6.515654502530e+00 1.253248243303e+01
7.910000000000e+01  -3.357197725117e+00 5.461509712614e-01 -6.390217080240e+00 1.255490150861e+01
7.911000000000e+01  -3.351614084614e+00 5.705726550413e-01 -6.264556919830e+00 1.257702987847e+01
7.912000000000e+01  -3.345787959964e+00 5.946476064170e-01 -6.138676901837e+00 1.259887284916e+01
7.913000000000e+01  -3.339722853042e+00 6.183689177793e-01 -6.012579856763e+00 1.262043512058e+01
7.914000000000e+01  -3.333422331504e+00 6.417303411053e-01 -5.886268571260e+00 1.264172076353e+01
7.915000000000e+01  -3.326890022093e+00 6.647263065499e-01 -5.759745794505e+00 1.266273320123e+01
7.916000000000e+01  -3.320129603789e+00 6.873519369294e-01 -5.633014244757e+00 1.268347519498e+01
7.917000000000e+01  -3.313144800829e+00 7.096030579930e-01 -5.506076616020e+00 1.270394883392e+01
7.918000000000e+01  -3.305939375647e+00 7.314762044267e-01 -5.378935584797e+00 1.272415552917e+01
7.919000000000e+01  -3.298517121779e+00 7.529686215874e-01 -5.251593816879e+00 1.274409601219e+01
7.920000000000e+01  -3.290881856764e+00 7.740782630141e-01 -5.124053974125e+00 1.276377033738e+01
7.921000000000e+01  -3.283037415100e+00 7.948037838127e-01 -4.996318721206e+00 1.278317788874e+01
7.922000000000e+01  -3.274987641278e+00 8.151445300579e-01 -4.868390732249e+00 1.280231739062e+01
7.923000000000e+01  -3.266736382946e+00 8.351005243974e-01 -4.740272697363e+00 1.282118692218e+01
7.924000000000e+01  -3.258287484232e+00 8.546724480844e-01 -4.611967329002e+00 1.283978393545e+01
7.925000000000e+01  -3.249644779265e+00 8.738616196962e-01 -4.483477368129e+00 1.285810527670e+01
7.926000000000e+01  -3.240812085923e+00 8.926699708268e-01 -4.354805590150e+00 1.287614721084e+01
7.927000000000e+01  -3.231793199838e+00 9.111000190662e-01 -4.225954810596e+00 1.289390544855e+01
7.928000000000e+01  -3.222591888684e+00 9.291548385933e-01 -4.096927890511e+00 1.291137517572e+01
7.929000000000e+01  -3.213211886765e+00 9.468380287239e-01 -3.967727741549e+00 1.292855108503e+01
7.930000000000e+01  -3.203656889934e+00 9.641536807615e-01 -3.838357330738e+00 1.294542740916e+01
7.931000000000e+01  -3.193930550843e+00 9.811063434976e-01 -3.708819684906e+00 1.296199795539e+01
7.932000000000e+01  -3.184036474545e+00 9.977009877069e-01 -3.579117894755e+00 1.297825614117e+01
7.933000000000e+01  -3.173978214457e+00 1.013942969970e+00 -3.449255118585e+00 1.299419503035e+01
7.934000000000e+01  -3.163759268683e+00 1.029837996148e+00 -3.319234585639e+00 1.300980736983e+01
7.935000000000e+01  -3.153383076704e+00 1.045392084811e+00 -3.189059599096e+00 1.302508562618e+01
7.936000000000e+01  -3.142853016435e+00 1.060611530912e+00 -3.058733538686e+00 1.304002202205e+01
7.937000000000e+01  -3.132172401638e+00 1.075502869962e+00 -2.928259862955e+00 1.305460857204e+01
7.938000000000e+01  -3.121344479690e+00 1.090072842951e+00 -2.797642111168e+00 1.306883711787e+01
7.939000000000e+01  -3.110372429703e+00 1.104328362226e+00 -2.666883904866e+00 1.308269936257e+01
7.940000000000e+01  -3.099259360973e+00 1.118276478525e+00 -2.535988949087e+00 1.309618690352e+01
7.941000000000e+01  -3.088008311755e+00 1.131924349304e+00 -2.404961033268e+00 1.310929126417e+01
7.942000000000e+01  -3.076622248346e+00 1.145279208528e+00 -2.273804031827e+00 1.312200392430e+01
7.943000000000e+01  -3.065104064464e+00 1.158348338002e+00 -2.142521904462e+00 1.313431634881e+01
7.944000000000e+01  -3.053456580905e+00 1.171139040360e+00 -2.011118696160e+00 1.314622001473e+01
7.945000000000e+01  -3.041682545460e+00 1.183658613742e+00 -1.879598536950e+00 1.315770643661e+01
7.946000000000e+01  -3.029784633080e+00 1.195914328235e+00 -1.747965641411e+00 1.316876719017e+01
7.947000000000e+01  -3.017765446262e+00 1.207913404076e+00 -1.616224307951e+00 1.317939393413e+01
7.948000000000e+01  -3.005627515651e+00 1.219662991621e+00 -1.484378917872e+00 1.318957843029e+01
7.949000000000e+01  -2.993373300830e+00 1.231170153085e+00 -1.352433934256e+00 1.319931256185e+01
7.950000000000e+01  -2.981005191280e+00 1.242441846004e+00 -1.220393900661e+00 1.320858835001e+01
7.951000000000e+01  -2.968525507506e+00 1.253484908391e+00 -1.088263439668e+00 1.321739796883e+01
7.952000000000e+01  -2.955936502297e+00 1.264306045532e+00 -9.560472512897e-01 1.322573375853e+01
7.953000000000e+01  -2.943240362109e+00 1.274911818364e+00 -8.237501112453e-01 1.323358823711e+01
7.954000000000e+01  -2.930439208561e+00 1.285308633358e+00 -6.913768691360e-01 1.324095411053e+01
7.955000000000e+01  -2.917535100022e+00 1.295502733850e+00 -5.589324465199e-01 1.324782428143e+01
7.956000000000e+01  -2.904530033283e+00 1.305500192725e+00 -4.264218349088e-01 1.325419185649e+01
7.957000000000e+01  -2.891425945284e+00 1.315306906388e+00 -2.938500936975e-01 1.326005015248e+01
7.958000000000e+01  -2.878224714910e+00 1.324928589927e+00 -1.612223480385e-01 1.326539270115e+01
7.959000000000e+01  -2.864928164819e+00 1.334370773395e+00 -2.854378667355e-02 1.327021325295e+01
7.960000000000e+01  -2.851538063307e+00 1.343638799123e+00 1.041803402673e-01 1.327450577983e+01
7.961000000000e+01  -2.838056126195e+00 1.352737819977e+00 2.369447234893e-01 1.327826447692e+01
7.962000000000e+01  -2.824484018724e+00 1.361672798490e+00 3.697439967695e-01 1.328148376349e+01
7.963000000000e+01  -2.810823357464e+00 1.370448506783e+00 5.025727391984e-01 1.328415828307e+01
7.964000000000e+01  -2.797075712212e+00 1.379069527195e+00 6.354254774199e-01 1.328628290277e+01
7.965000000000e+01  -2.783242607884e+00 1.387540253568e+00 7.682966878606e-01 1.328785271212e+01
7.966000000000e+01  -2.769325526391e+00 1.395864893090e+00 9.011807989451e-01 1.328886302118e+01
7.967000000000e+01  -2.755325908490e+00 1.404047468660e+00 1.034072193289e+00 1.328930935824e+01
7.968000000000e+01  -2.741245155622e+00 1.412091821687e+00 1.166965209869e+00 1.328918746700e+01
7.969000000000e+01  -2.727084631701e+00 1.420001615291e+00 1.299854146159e+00 1.328849330344e+01
7.970000000000e+01  -2.712845664885e+00 1.427780337825e+00 1.432733260235e+00 1.328722303229e+01
7.971000000000e+01  -2.698529549303e+00 1.435431306692e+00 1.565596772848e+00 1.328537302321e+01
7.972000000000e+01  -2.684137546745e+00 1.442957672391e+00 1.698438869448e+00 1.328293984680e+01
7.973000000000e+01  -2.669670888306e+00 1.450362422767e+00 1.831253702174e+00 1.327992027033e+01
7.974000000000e+01  -2.655130775998e+00 1.457648387413e+00 1.964035391800e+00 1.327631125338e+01
7.975000000000e+01  -2.640518384304e+00 1.464818242187e+00 2.096778029635e+00 1.327210994330e+01
7.976000000000e+01  -2.625834861692e+00 1.471874513829e+00 2.229475679375e+00 1.326731367062e+01
7.977000000000e+01  -2.611081332088e+00 1.478819584627e+00 2.362122378917e+00 1.326191994440e+01
7.978000000000e+01  -2.596258896291e+00 1.485655697117e+00 2.494712142115e+00 1.325592644751e+01
7.979000000000e+01  -2.581368633352e+00 1.492384958797e+00 2.627238960499e+00 1.324933103194e+01
7.980000000000e+01  -2.566411601896e+00 1.499009346821e+00 2.759696804939e+00 1.324213171410e+01
7.981000000000e+01  -2.551388841408e+00 1.505530712671e+00 2.892079627270e+00 1.323432667016e+01
7.982000000000e+01  -2.536301373461e+00 1.511950786774e+00 3.024381361863e+00 1.322591423140e+01
7.983000000000e+01  -2.521150202907e+00 1.518271183063e+00 3.156595927153e+00 1.321689287968e+01
7.984000000000e+01  -2.505936319017e+00 1.524493403461e+00 3.288717227128e+00 1.320726124295e+01
7.985000000000e+01  -2.490660696585e+00 1.530618842288e+00 3.420739152761e+00 1.319701809080e+01
7.986000000000e+01  -2.475324296973e+00 1.536648790564e+00 3.552655583406e+00 1.318616233019e+01
7.987000000000e+01  -2.459928069132e+00 1.542584440222e+00 3.684460388157e+00 1.317469300121e+01
7.988000000000e+01  -2.444472950567e+00 1.548426888209e+00 3.816147427150e+00 1.316260927298e+01
7.989000000000e+01  -2.428959868268e+00 1.554177140477e+00 3.947710552838e+00 1.314991043962e+01
7.990000000000e+01  -2.413389739603e+00 1.559836115860e+00 4.079143611222e+00 1.313659591637e+01
7.991000000000e+01  -2.397763473166e+00 1.565404649832e+00 4.210440443041e+00 1.312266523585e+01
7.992000000000e+01  -2.382081969596e+00 1.570883498144e+00 4.341594884930e+00 1.310811804435e+01
7.993000000000e+01  -2.366346122356e+00 1.576273340339e+00 4.472600770536e+00 1.309295409833e+01
7.994000000000e+01  -2.350556818476e+00 1.581574783154e+00 4.603451931605e+00 1.307717326098e+01
7.995000000000e+01  -2.334714939269e+00 1.586788363784e+00 4.734142199033e+00 1.306077549896e+01
7.996000000000e+01  -2.318821361005e+00 1.591914553041e+00 4.864665403883e+00 1.304376087919e+01
7.997000000000e+01  -2.302876955565e+00 1.596953758384e+00 4.995015378372e+00 1.302612956580e+01
7.998000000000e+01  -2.286882591055e+00 1.601906326833e+00 5.125185956833e+00 1.300788181719e+01
7.999000000000e+01  -2.270839132402e+00 1.606772547765e+00 5.255170976637e+00 1.298901798321e+01
8.000000000000e+01  -2.254747441911e+00 1.611552655593e+00 5.384964279100e+00 1.296953850245e+01
8.001000000000e+01  -2.238608379808e+00 1.616246832343e+00 5.514559710352e+00 1.294944389962e+01
8.002000000000e+01  -2.222422804746e+00 1.620855210106e+00 5.643951122189e+00 1.292873478308e+01
8.003000000000e+01  -2.206191574296e+00 1.625377873393e+00 5.773132372899e+00 1.290741184244e+01
8.004000000000e+01  -2.189915545410e+00 1.629814861382e+00 5.902097328058e+00 1.288547584626e+01
8.005000000000e+01  -2.173595574865e+00 1.634166170064e+00 6.030839861313e+00 1.286292763991e+01
8.006000000000e+01  -2.157232519682e+00 1.638431754287e+00 6.159353855138e+00 1.283976814342e+01
8.007000000000e+01  -2.140827237532e+00 1.642611529713e+00 6.287633201571e+00 1.281599834957e+01
8.008000000000e+01  -2.124380587115e+00 1.646705374671e+00 6.415671802932e+00 1.279161932188e+01
8.009000000000e+01  -2.107893428524e+00 1.650713131927e+00 6.543463572521e+00 1.276663219291e+01
8.010000000000e+01  -2.091366623596e+00 1.654634610367e+00 6.671002435299e+00 1.274103816245e+01
8.011000000000e+01  -2.074801036238e+00 1.658469586594e+00 6.798282328555e+00 1.271483849589e+01
8.012000000000e+01  -2.058197532749e+00 1.662217806447e+00 6.925297202550e+00 1.268803452270e+01
8.013000000000e+01  -2.041556982112e+00 1.665878986438e+00 7.052041021154e+00 1.266062763486e+01
8.014000000000e+01  -2.024880256287e+00 1.669452815120e+00 7.178507762462e+00 1.263261928551e+01
8.015000000000e+01  -2.008168230480e+00 1.672938954375e+00 7.304691419399e+00 1.260401098757e+01
8.016000000000e+01  -1.991421783408e+00 1.676337040643e+00 7.430586000313e+00 1.257480431246e+01
8.017000000000e+01  -1.974641797543e+00 1.679646686073e+00 7.556185529551e+00 1.254500088891e+01
8.018000000000e+01  -1.957829159353e+00 1.682867479619e+00 7.681484048029e+00 1.251460240175e+01
8.019000000000e+01  -1.940984759525e+00 1.685998988068e+00 7.806475613788e+00 1.248361059092e+01
8.020000000000e+01  -1.924109493187e+00 1.689040757015e+00 7.931154302536e+00 1.245202725031e+01
8.021000000000e+01  -1.907204260110e+00 1.691992311773e+00 8.055514208187e+00 1.241985422688e+01
8.022000000000e+01  -1.890269964910e+00 1.694853158238e+00 8.179549443384e+00 1.238709341970e+01
8.023000000000e+01  -1.873307517238e+00 1.697622783697e+00 8.303254140017e+00 1.235374677906e+01
8.024000000000e+01  -1.856317831960e+00 1.700300657581e+00 8.426622449732e+00 1.231981630566e+01
8.025000000000e+01  -1.839301829335e+00 1.702886232181e+00 8.549648544430e+00 1.228530404981e+01
8.026000000000e+01  -1.822260435179e+00 1.705378943309e+00 8.672326616759e+00 1.225021211073e+01
8.027000000000e+01  -1.805194581031e+00 1.707778210917e+00 8.794650880600e+00 1.221454263583e+01
8.028000000000e+01  -1.788105204307e+00 1.710083439678e+00 8.916615571547e+00 1.217829782004e+01
8.029000000000e+01  -1.770993248450e+00 1.712294019518e+00 9.038214947378e+00 1.214147990525e+01
8.030000000000e+01  -1.753859663073e+00 1.714409326116e+00 9.159443288520e+00 1.210409117969e+01
8.031000000000e+01  -1.736705404105e+00 1.716428721368e+00 9.280294898514e+00 1.206613397739e+01
8.032000000000e+01  -1.719531433919e+00 1.718351553804e+00 9.400764104465e+00 1.202761067769e+01
8.033000000000e+01  -1.702338721471e+00 1.720177158984e+00 9.520845257499e+00 1.198852370478e+01
8.034000000000e+01  -1.685128242420e+00 1.721904859855e+00 9.640532733203e+00 1.194887552721e+01
8.035000000000e+01  -1.667900979262e+00 1.723533967073e+00 9.759820932070e+00 1.190866865754e+01
8.036000000000e+01  -1.650657921444e+00 1.725063779302e+00 9.878704279940e+00 1.186790565189e+01
8.037000000000e+01  -1.633400065484e+00 1.726493583480e+00 9.997177228425e+00 1.182658910966e+01
8.038000000000e+01  -1.616128415090e+00 1.727822655054e+00 1.011523425535e+01 1.178472167313e+01
8.039000000000e+01  -1.598843981272e+00 1.729050258195e+00 1.023286986518e+01 1.174230602721e+01
8.040000000000e+01  -1.581547782451e+00 1.730175645981e+00 1.035007858942e+01 1.169934489911e+01
8.041000000000e+01  -1.564240844576e+00 1.731198060560e+00 1.046685498709e+01 1.165584105813e+01
8.042000000000e+01  -1.546924201225e+00 1.732116733283e+00 1.058319364508e+01 1.161179731542e+01
8.043000000000e+01  -1.529598893718e+00 1.732930884823e+00 1.069908917863e+01 1.156721652374e+01
8.044000000000e+01  -1.512265971221e+00 1.733639725265e+00 1.081453623169e+01 1.152210157729e+01
8.045000000000e+01  -1.494926490851e+00 1.734242454173e+00 1.092952947737e+01 1.147645541152e+01
8.046000000000e+01  -1.477581517782e+00 1.734738260648e+00 1.104406361833e+01 1.143028100302e+01
8.047000000000e+01  -1.460232125350e+00 1.735126323349e+00 1.115813338723e+01 1.138358136932e+01
8.048000000000e+01  -1.442879395154e+00 1.735405810514e+00 1.127173354708e+01 1.133635956884e+01
8.049000000000e+01  -1.425524417167e+00 1.735575879948e+00 1.138485889168e+01 1.128861870074e+01
8.050000000000e+01  -1.408168289832e+00 1.735635678999e+00 1.149750424603e+01 1.124036190485e+01
8.051000000000e+01  -1.390812120175e+00 1.735584344520e+00 1.160966446675e+01 1.119159236162e+01
8.052000000000e+01  -1.373457023903e+00 1.735421002808e+00 1.172133444244e+01 1.114231329204e+01
8.053000000000e+01  -1.356104125514e+00 1.735144769534e+00 1.183250909412e+01 1.109252795760e+01
8.054000000000e+01  -1.338754558405e+00 1.734754749653e+00 1.194318337565e+01 1.104223966029e+01
8.055000000000e+01  -1.321409464975e+00 1.734250037302e+00 1.205335227407e+01 1.099145174257e+01
8.056000000000e+01  -1.304069996737e+00 1.733629715684e+00 1.216301081008e+01 1.094016758737e+01
8.057000000000e+01  -1.286737314428e+00 1.732892856934e+00 1.227215403840e+01 1.088839061809e+01
8.058000000000e+01  -1.269412588120e+00 1.732038521981e+00 1.238077704820e+01 1.083612429866e+01
8.059000000000e+01  -1.252096997331e+00 1.731065760388e+00 1.248887496347e+01 1.078337213353e+01
8.060000000000e+01  -1.234791731142e+00 1.729973610184e+00 1.259644294346e+01 1.073013766774e+01
8.061000000000e+01  -1.217497988313e+00 1.728761097689e+00 1.270347618308e+01 1.067642448698e+01
8.062000000000e+01  -1.200216977399e+00 1.727427237317e+00 1.280996991328e+01 1.062223621764e+01
8.063000000000e+01  -1.182949916873e+00 1.725971031380e+00 1.291591940150e+01 1.056757652689e+01
8.064000000000e+01  -1.165698035245e+00 1.724391469874e+00 1.302131995205e+01 1.051244912276e+01
8.065000000000e+01  -1.148462571188e+00 1.722687530259e+00 1.312616690652e+01 1.045685775424e+01
8.066000000000e+01  -1.131244773665e+00 1.720858177229e+00 1.323045564420e+01 1.040080621138e+01
8.067000000000e+01  -1.114045902057e+00 1.718902362473e+00 1.333418158247e+01 1.034429832537e+01
8.068000000000e+01  -1.096867226294e+00 1.716819024426e+00 1.343734017726e+01 1.028733796869e+01
8.069000000000e+01  -1.079710026989e+00 1.714607088019e+00 1.353992692341e+01 1.022992905522e+01
8.070000000000e+01  -1.062575595575e+00 1.712265464412e+00 1.364193735511e+01 1.017207554033e+01
8.071000000000e+01  -1.045465234445e+00 1.709793050730e+00 1.374336704630e+01 1.011378142106e+01
8.072000000000e+01  -1.028380257089e+00 1.707188729785e+00 1.384421161114e+01 1.005505073622e+01
8.073000000000e+01  -1.011321988245e+00 1.704451369798e+00 1.394446670434e+01 9.995887566574e+00
8.074000000000e+01  -9.942917640413e-01 1.701579824113e+00 1.404412802165e+01 9.936296034913e+00
8.075000000000e+01  -9.772909321501e-01 1.698572930909e+00 1.414319130027e+01 9.876280306264e+00
8.076000000000e+01  -9.603208519381e-01 1.695429512906e+00 1.424165231924e+01 9.815844588009e+00
8.077000000000e+01  -9.433828946240e-01 1.692148377069e+00 1.433950689989e+01 9.754993130044e+00
8.078000000000e+01  -9.264784434372e-01 1.688728314312e+00 1.443675090629e+01 9.693730224923e+00
8.079000000000e+01  -9.096088937795e-01 1.685168099196e+00 1.453338024561e+01 9.632060208019e+00
8.080000000000e+01  -8.927756533908e-01 1.681466489630e+00 1.462939086862e+01 9.569987457665e+00
8.081000000000e+01  -8.759801425163e-01 1.677622226572e+00 1.472477877007e+01 9.507516395311e+00
8.082000000000e+01  -8.592237940782e-01 1.673634033726e+00 1.481953998915e+01 9.444651485664e+00
8.083000000000e+01  -8.425080538495e-01 1.669500617252e+00 1.491367060991e+01 9.381397236839e+00
8.084000000000e+01  -8.258343806306e-01 1.665220665464e+00 1.500716676170e+01 9.317758200492e+00
8.085000000000e+01  -8.092042464297e-01 1.660792848546e+00 1.510002461961e+01 9.253738971958e+00
8.086000000000e+01  -7.926191366452e-01 1.656215818266e+00 1.519224040489e+01 9.189344190377e+00
8.087000000000e+01  -7.760805502513e-01 1.651488207693e+00 1.528381038543e+01 9.124578538816e+00
8.088000000000e+01  -7.595899999866e-01 1.646608630932e+00 1.537473087613e+01 9.059446744378e+00
8.089000000000e+01  -7.431490125446e-01 1.641575682861e+00 1.546499823941e+01 8.993953578308e+00
8.090000000000e+01  -7.267591287677e-01 1.636387938874e+00 1.555460888562e+01 8.928103856077e+00
8.091000000000e+01  -7.104219038428e-01 1.631043954650e+00 1.564355927348e+01 8.861902437461e+00
8.092000000000e+01  -6.941389074999e-01 1.625542265917e+00 1.573184591053e+01 8.795354226605e+00
8.093000000000e+01  -6.779117242127e-01 1.619881388248e+00 1.581946535358e+01 8.728464172069e+00
8.094000000000e+01  -6.617419534008e-01 1.614059816864e+00 1.590641420915e+01 8.661237266851e+00
8.095000000000e+01  -6.456312096344e-01 1.608076026456e+00 1.599268913390e+01 8.593678548402e+00
8.096000000000e+01  -6.295811228401e-01 1.601928471035e+00 1.607828683509e+01 8.525793098608e+00
8.097000000000e+01  -6.135933385088e-01 1.595615583793e+00 1.616320407104e+01 8.457586043752e+00
8.098000000000e+01  -5.976695179039e-01 1.589135777004e+00 1.624743765152e+01 8.389062554452e+00
8.099000000000e+01  -5.818113382712e-01 1.582487441936e+00 1.633098443826e+01 8.320227845568e+00
8.100000000000e+01  -5.660204930494e-01 1.575668948807e+00 1.641384134535e+01 8.251087176077e+00
8.101000000000e+01  -5.502986920800e-01 1.568678646765e+00 1.649600533967e+01 8.181645848918e+00
8.102000000000e+01  -5.346476618187e-01 1.561514863907e+00 1.657747344139e+01 8.111909210798e+00
8.103000000000e+01  -5.190691455451e-01 1.554175907333e+00 1.665824272431e+01 8.041882651956e+00
8.104000000000e+01  -5.035649035724e-01 1.546660063245e+00 1.673831031640e+01 7.971571605897e+00
8.105000000000e+01  -4.881367134556e-01 1.538965597087e+00 1.681767340016e+01 7.900981549060e+00
8.106000000000e+01  -4.727863701983e-01 1.531090753737e+00 1.689632921305e+01 7.830118000459e+00
8.107000000000e+01  -4.575156864569e-01 1.523033757742e+00 1.697427504796e+01 7.758986521257e+00
8.108000000000e+01  -4.423264927425e-01 1.514792813619e+00 1.705150825358e+01 7.687592714288e+00
8.109000000000e+01  -4.272206376198e-01 1.506366106205e+00 1.712802623485e+01 7.615942223523e+00
8.110000000000e+01  -4.121999879011e-01 1.497751801074e+00 1.720382645334e+01 7.544040733467e+00
8.111000000000e+01  -3.972664288373e-01 1.488948045024e+00 1.727890642767e+01 7.471893968490e+00
8.112000000000e+01  -3.824218643023e-01 1.479952966629e+00 1.735326373389e+01 7.399507692089e+00
8.113000000000e+01  -3.676682169724e-01 1.470764676872e+00 1.742689600590e+01 7.326887706064e+00
8.114000000000e+01  -3.530074284983e-01 1.461381269852e+00 1.749980093578e+01 7.254039849624e+00
8.115000000000e+01  -3.384414596706e-01 1.451800823589e+00 1.757197627420e+01 7.180969998398e+00
8.116000000000e+01  -3.239722905755e-01 1.442021400904e+00 1.764341983076e+01 7.107684063357e+00
8.117000000000e+01  -3.096019207421e-01 1.432041050410e+00 1.771412947433e+01 7.034187989641e+00
8.118000000000e+01  -2.953323692793e-01 1.421857807588e+00 1.778410313342e+01 6.960487755279e+00
8.119000000000e+01  -2.811656750006e-01 1.411469695989e+00 1.785333879644e+01 6.886589369807e+00
8.120000000000e+01  -2.671038965376e-01 1.400874728530e+00 1.792183451209e+01 6.812498872769e+00
8.121000000000e+01  -2.531491124386e-01 1.390070908923e+00 1.798958838958e+01 6.738222332097e+00
8.122000000000e+01  -2.393034212533e-01 1.379056233217e+00 1.805659859894e+01 6.663765842373e+00
8.123000000000e+01  -2.255689416008e-01 1.367828691482e+00 1.812286337126e+01 6.589135522946e+00
8.124000000000e+01  -2.119478122204e-01 1.356386269619e+00 1.818838099896e+01 6.514337515928e+00
8.125000000000e+01  -1.984421920036e-01 1.344726951321e+00 1.825314983597e+01 6.439377984032e+00
8.126000000000e+01  -1.850542600056e-01 1.332848720181e+00 1.831716829793e+01 6.364263108265e+00
8.127000000000e+01  -1.717862154347e-01 1.320749561954e+00 1.838043486238e+01 6.288999085467e+00
8.128000000000e+01  -1.586402776191e-01 1.308427466984e+00 1.844294806891e+01 6.213592125681e+00
8.129000000000e+01  -1.456186859474e-01 1.295880432799e+00 1.850470651923e+01 6.138048449356e+00
8.130000000000e+01  -1.327236997835e-01 1.283106466884e+00 1.856570887731e+01 6.062374284377e+00
8.131000000000e+01  -1.199575983518e-01 1.270103589629e+00 1.862595386942e+01 5.986575862905e+00
8.132000000000e+01  -1.073226805929e-01 1.256869837468e+00 1.868544028417e+01 5.910659418035e+00
8.133000000000e+01  -9.482126498586e-02 1.243403266216e+00 1.874416697246e+01 5.834631180260e+00
8.134000000000e+01  -8.245568933744e-02 1.229701954600e+00 1.880213284748e+01 5.758497373730e+00
8.135000000000e+01  -7.022831053385e-02 1.215764007993e+00 1.885933688460e+01 5.682264212306e+00
8.136000000000e+01  -5.814150425465e-02 1.201587562366e+00 1.891577812128e+01 5.605937895411e+00
8.137000000000e+01  -4.619766464601e-02 1.187170788443e+00 1.897145565685e+01 5.529524603657e+00
8.138000000000e+01  -3.439920395124e-02 1.172511896089e+00 1.902636865236e+01 5.453030494254e+00
8.139000000000e+01  -2.274855209637e-02 1.157609138905e+00 1.908051633026e+01 5.376461696201e+00
8.140000000000e+01  -1.124815622866e-02 1.142460819063e+00 1.913389797415e+01 5.299824305242e+00
8.141000000000e+01  9.951979442144e-05 1.127065292356e+00 1.918651292838e+01 5.223124378606e+00
8.142000000000e+01  1.129199596780e-02 1.111420973489e+00 1.923836059765e+01 5.146367929501e+00
8.143000000000e+01  2.232677675551e-02 1.095526341588e+00 1.928944044657e+01 5.069560921393e+00
8.144000000000e+01  3.320135176364e-02 1.079379945951e+00 1.933975199906e+01 4.992709262043e+00
8.145000000000e+01  4.391319647192e-02 1.062980412018e+00 1.938929483786e+01 4.915818797321e+00
8.146000000000e+01  5.445977302614e-02 1.046326447571e+00 1.943806860379e+01 4.838895304791e+00
8.147000000000e+01  6.483853109366e-02 1.029416849156e+00 1.948607299508e+01 4.761944487076e+00
8.148000000000e+01  7.504690878427e-02 1.012250508719e+00 1.953330776660e+01 4.684971965001e+00
8.149000000000e+01  8.508233363840e-02 9.948264204526e-01 1.957977272894e+01 4.607983270532e+00
8.150000000000e+01  9.494222368488e-02 9.771436878501e-01 1.962546774758e+01 4.530983839507e+00
8.151000000000e+01  1.046239885701e-01 9.592015309422e-01 1.967039274179e+01 4.453979004176e+00
8.152000000000e+01  1.141250307606e-01 9.409992937193e-01 1.971454768365e+01 4.376973985562e+00
8.153000000000e+01  1.234427468205e-01 9.225364517190e-01 1.975793259684e+01 4.299973885656e+00
8.154000000000e+01  1.325745287656e-01 9.038126197638e-01 1.980054755541e+01 4.222983679456e+00
8.155000000000e+01  1.415177654959e-01 8.848275598319e-01 1.984239268250e+01 4.146008206876e+00
8.156000000000e+01  1.502698443066e-01 8.655811890408e-01 1.988346814893e+01 4.069052164545e+00
8.157000000000e+01  1.588281524804e-01 8.460735877233e-01 1.992377417173e+01 3.992120097504e+00
8.158000000000e+01  1.671900789601e-01 8.263050075682e-01 1.996331101258e+01 3.915216390846e+00
8.159000000000e+01  1.753530161028e-01 8.062758798039e-01 2.000207897617e+01 3.838345261307e+00
8.160000000000e+01  1.833143615170e-01 7.859868233910e-01 2.004007840847e+01 3.761510748853e+00
8.161000000000e+01  1.910715199800e-01 7.654386531972e-01 2.007730969493e+01 3.684716708281e+00
8.162000000000e+01  1.986219054382e-01 7.446323881184e-01 2.011377325857e+01 3.607966800869e+00
8.163000000000e+01  2.059629430872e-01 7.235692591107e-01 2.014946955803e+01 3.531264486123e+00
8.164000000000e+01  2.130920715321e-01 7.022507170970e-01 2.018439908548e+01 3.454613013646e+00
8.165000000000e+01  2.200067450256e-01 6.806784407058e-01 2.021856236450e+01 3.378015415168e+00
8.166000000000e+01  2.267044357834e-01 6.588543438034e-01 2.025195994787e+01 3.301474496792e+00
8.167000000000e+01  2.331826363720e-01 6.367805827729e-01 2.028459241526e+01 3.224992831486e+00
8.168000000000e+01  2.394388621698e-01 6.144595634967e-01 2.031646037086e+01 3.148572751875e+00
8.169000000000e+01  2.454706538944e-01 5.918939479953e-01 2.034756444096e+01 3.072216343371e+00
8.170000000000e+01  2.512755801960e-01 5.690866606739e-01 2.037790527143e+01 2.995925437701e+00
8.171000000000e+01  2.568512403096e-01 5.460408941299e-01 2.040748352516e+01 2.919701606870e+00
8.172000000000e+01  2.621952667642e-01 5.227601144697e-01 2.043629987944e+01 2.843546157615e+00
8.173000000000e+01  2.673053281411e-01 4.992480660872e-01 2.046435502327e+01 2.767460126397e+00
8.174000000000e+01  2.721791318784e-01 4.755087758538e-01 2.049164965463e+01 2.691444274980e+00
8.175000000000e+01  2.768144271129e-01 4.515465566715e-01 2.051818447776e+01 2.615499086652e+00
8.176000000000e+01  2.812090075554e-01 4.273660103415e-01 2.054396020028e+01 2.539624763119e+00
8.177000000000e+01  2.853607143900e-01 4.029720297005e-01 2.056897753044e+01 2.463821222145e+00
8.178000000000e+01  2.892674391913e-01 3.783697999833e-01 2.059323717423e+01 2.388088095952e+00
8.179000000000e+01  2.929271268510e-01 3.535647993658e-01 2.061673983253e+01 2.312424730448e+00
8.180000000000e+01  2.963377785063e-01 3.285627986524e-01 2.063948619824e+01 2.236830185308e+00
8.181000000000e+01  2.994974544596e-01 3.033698600703e-01 2.066147695345e+01 2.161303234949e+00
8.182000000000e+01  3.024042770822e-01 2.779923351387e-01 2.068271276656e+01 2.085842370424e+00
8.183000000000e+01  3.050564336921e-01 2.524368615857e-01 2.070319428949e+01 2.010445802274e+00
8.184000000000e+01  3.074521793953e-01 2.267103592903e-01 2.072292215487e+01 1.935111464355e+00
8.185000000000e+01  3.095898398827e-01 2.008200252296e-01 2.074189697331e+01 1.859837018656e+00
8.186000000000e+01  3.114678141704e-01 1.747733274223e-01 2.076011933072e+01 1.784619861122e+00
8.187000000000e+01  3.130845772745e-01 1.485779978597e-01 2.077758978566e+01 1.709457128486e+00
8.188000000000e+01  3.144386828114e-01 1.222420244250e-01 2.079430886682e+01 1.634345706122e+00
8.189000000000e+01  3.155287655101e-01 9.577364180790e-02 2.081027707051e+01 1.559282236891e+00
8.190000000000e+01  3.163535436308e-01 6.918132142813e-02 2.082549485833e+01 1.484263130986e+00
8.191000000000e+01  3.169118212767e-01 4.247376038665e-02 2.083996265483e+01 1.409284576742e+00
8.192000000001e+01  3.172024905906e-01 1.565986947348e-02 2.085368084544e+01 1.334342552398e+00
8.193000000001e+01  3.172245338276e-01 -1.125123973478e-02 2.086664977436e+01 1.259432838762e+00
8.194000000001e+01  3.169770252940e-01 -3.825026864630e-02 2.087886974268e+01 1.184551032747e+00
8.195000000001e+01  3.164591331446e-01 -6.532774624671e-02 2.089034100661e+01 1.109692561731e+00
8.196000000001e+01  3.156701210298e-01 -9.247404445886e-02 2.090106377588e+01 1.034852698675e+00
8.197000000001e+01  3.146093495863e-01 -1.196793942093e-01 2.091103821222e+01 9.600265779612e-01
8.198000000001e+01  3.132762777634e-01 -1.469339021355e-01 2.092026442814e+01 8.852092118603e-01
8.199000000001e+01  3.116704639795e-01 -1.742275678624e-01 2.092874248570e+01 8.103955075726e-01
8.200000000001e+01  3.097915671033e-01 -2.015503017720e-01 2.093647239564e+01 7.355802847626e-01
8.201000000001e+01  3.076393472554e-01 -2.288919431863e-01 2.094345411650e+01 6.607582935051e-01
8.202000000001e+01  3.052136664262e-01 -2.562422788790e-01 2.094968755411e+01 5.859242325613e-01
8.203000000001e+01  3.025144889080e-01 -2.835910618301e-01 2.095517256108e+01 5.110727678968e-01
8.204000000001e+01  2.995418815381e-01 -3.109280301344e-01 2.095990893666e+01 4.361985513542e-01
8.205000000001e+01  2.962960137525e-01 -3.382429259740e-01 2.096389642659e+01 3.612962393895e-01
8.206000000001e+01  2.927771574510e-01 -3.655255145650e-01 2.096713472332e+01 2.863605117819e-01
8.207000000001e+01  2.889856866722e-01 -3.927656029869e-01 2.096962346630e+01 2.113860902274e-01
8.208000000001e+01  2.849220770819e-01 -4.199530588072e-01 2.097136224250e+01 1.363677567272e-01
8.209000000001e+01  2.805869052763e-01 -4.470778284126e-01 2.097235058710e+01 6.130037168217e-02
8.210000000001e+01  2.759808479047e-01 -4.741299549631e-01 2.097258798437e+01 -1.382110838885e-02
8.211000000001e+01  2.711046806134e-01 -5.010995958871e-01 2.097207386870e+01 -8.900161359056e-02
8.212000000001e+01  2.659592768190e-01 -5.279770398402e-01 2.097080762584e+01 -1.642459439285e-01
8.213000000001e+01  2.605456063139e-01 -5.547527230543e-01 2.096878859426e+01 -2.395587531958e-01
8.214000000001e+01  2.548647337124e-01 -5.814172450105e-01 2.096601606672e+01 -3.149445335367e-01
8.215000000001e+01  2.489178167434e-01 -6.079613833725e-01 2.096248929192e+01 -3.904076007490e-01
8.216000000001e+01  2.427061043978e-01 -6.343761081242e-01 2.095820747636e+01 -4.659520803824e-01
8.217000000001e+01  2.362309349393e-01 -6.606525948629e-01 2.095316978630e+01 -5.415818946809e-01
8.218000000001e+01  2.294937337854e-01 -6.867822372038e-01 2.094737534986e+01 -6.173007504144e-01
8.219000000001e+01  2.224960112708e-01 -7.127566582596e-01 2.094082325922e+01 -6.931121276343e-01
8.220000000001e+01  2.152393602989e-01 -7.385677211659e-01 2.093351257294e+01 -7.690192693838e-01
8.221000000001e+01  2.077254538945e-01 -7.642075386298e-01 2.092544231840e+01 -8.450251723844e-01
8.222000000001e+01  1.999560426647e-01 -7.896684814854e-01 2.091661149426e+01 -9.211325787156e-01
8.223000000001e+01  1.919329521804e-01 -8.149431862481e-01 2.090701907309e+01 -9.973439684956e-01
8.224000000001e+01  1.836580802865e-01 -8.400245616643e-01 2.089666400399e+01 -1.073661553566e+00
8.225000000001e+01  1.751333943515e-01 -8.649057942609e-01 2.088554521531e+01 -1.150087272179e+00
8.226000000001e+01  1.663609284677e-01 -8.895803529047e-01 2.087366161742e+01 -1.226622784668e+00
8.227000000001e+01  1.573427806088e-01 -9.140419923865e-01 2.086101210546e+01 -1.303269470101e+00
8.228000000001e+01  1.480811097585e-01 -9.382847560514e-01 2.084759556223e+01 -1.380028423886e+00
8.229000000001e+01  1.385781330157e-01 -9.623029775006e-01 2.083341086100e+01 -1.456900456298e+00
8.230000000001e+01  1.288361226886e-01 -9.860912813952e-01 2.081845686834e+01 -1.533886091913e+00
8.231000000001e+01  1.188574033836e-01 -1.009644583396e+00 2.080273244703e+01 -1.610985569897e+00
8.232000000001e+01  1.086443491002e-01 -1.032958089275e+00 2.078623645886e+01 -1.688198845133e+00
8.233000000001e+01  9.819938033846e-02 -1.056027293245e+00 2.076896776750e+01 -1.765525590120e+00
8.234000000001e+01  8.752496122605e-02 -1.078847975539e+00 2.075092524127e+01 -1.842965197626e+00
8.235000000001e+01  7.662359667408e-02 -1.101416199300e+00 2.073210775597e+01 -1.920516784033e+00
8.236000000001e+01  6.549782956662e-02 -1.123728306814e+00 2.071251419758e+01 -1.998179193335e+00
8.237000000001e+01  5.415023799121e-02 -1.145780915139e+00 2.069214346498e+01 -2.075951001738e+00
8.238000000001e+01  4.258343251566e-02 -1.167570911180e+00 2.067099447262e+01 -2.153830522818e+00
8.239000000001e+01  3.080005351677e-02 -1.189095446260e+00 2.064906615308e+01 -2.231815813179e+00
8.240000000001e+01  1.880276856557e-02 -1.210351930232e+00 2.062635745964e+01 -2.309904678577e+00
8.241000000001e+01  6.594269873539e-03 -1.231338025176e+00 2.060286736873e+01 -2.388094680446e+00
8.242000000001e+01  -5.822728196403e-03 -1.252051638739e+00 2.057859488236e+01 -2.466383142791e+00
8.243000000001e+01  -1.844549155070e-02 -1.272490917162e+00 2.055353903046e+01 -2.544767159389e+00
8.244000000001e+01  -3.127126871485e-02 -1.292654238029e+00 2.052769887313e+01 -2.623243601272e+00
8.245000000001e+01  -4.429729310948e-02 -1.312540202793e+00 2.050107350282e+01 -2.701809124425e+00
8.246000000001e+01  -5.752078525074e-02 -1.332147629119e+00 2.047366204648e+01 -2.780460177675e+00
8.247000000001e+01  -7.093895487340e-02 -1.351475543075e+00 2.044546366756e+01 -2.859193010725e+00
8.248000000001e+01  -8.454900297538e-02 -1.370523171224e+00 2.041647756796e+01 -2.938003682288e+00
8.249000000001e+01  -9.834812378274e-02 -1.389289932642e+00 2.038670298991e+01 -3.016888068301e+00
8.250000000001e+01  -1.123335066347e-01 -1.407775430893e+00 2.035613921776e+01 -3.095841870171e+00
8.251000000001e+01  -1.265023377886e-01 -1.425979446011e+00 2.032478557967e+01 -3.174860623020e+00
8.252000000001e+01  -1.408518021441e-01 -1.443901926491e+00 2.029264144925e+01 -3.253939703920e+00
8.253000000001e+01  -1.553790848888e-01 -1.461542981345e+00 2.025970624707e+01 -3.333074340063e+00
8.254000000001e+01  -1.700813730633e-01 -1.478902872220e+00 2.022597944215e+01 -3.412259616864e+00
8.255000000001e+01  -1.849558570492e-01 -1.495982005627e+00 2.019146055333e+01 -3.491490485959e+00
8.256000000001e+01  -1.999997319790e-01 -1.512780925279e+00 2.015614915056e+01 -3.570761773087e+00
8.257000000001e+01  -2.152101990711e-01 -1.529300304572e+00 2.012004485611e+01 -3.650068185835e+00
8.258000000001e+01  -2.305844668890e-01 -1.545540939214e+00 2.008314734574e+01 -3.729404321228e+00
8.259000000001e+01  -2.461197525295e-01 -1.561503740030e+00 2.004545634975e+01 -3.808764673147e+00
8.260000000001e+01  -2.618132827375e-01 -1.577189725938e+00 2.000697165399e+01 -3.888143639575e+00
8.261000000001e+01  -2.776622949540e-01 -1.592600017123e+00 1.996769310077e+01 -3.967535529641e+00
8.262000000001e+01  -2.936640382948e-01 -1.607735828404e+00 1.992762058971e+01 -4.046934570474e+00
8.263000000001e+01  -3.098157744650e-01 -1.622598462819e+00 1.988675407856e+01 -4.126334913838e+00
8.264000000001e+01  -3.261147786103e-01 -1.637189305409e+00 1.984509358386e+01 -4.205730642564e+00
8.265000000001e+01  -3.425583401069e-01 -1.651509817232e+00 1.980263918166e+01 -4.285115776758e+00
8.266000000001e+01  -3.591437632927e-01 -1.665561529591e+00 1.975939100810e+01 -4.364484279785e+00
8.267000000001e+01  -3.758683681425e-01 -1.679346038488e+00 1.971534925992e+01 -4.443830064036e+00
8.268000000001e+01  -3.927294908877e-01 -1.692864999298e+00 1.967051419498e+01 -4.523146996468e+00
8.269000000001e+01  -4.097244845853e-01 -1.706120121674e+00 1.962488613266e+01 -4.602428903916e+00
8.270000000001e+01  -4.268507196356e-01 -1.719113164664e+00 1.957846545426e+01 -4.681669578185e+00
8.271000000001e+01  -4.441055842531e-01 -1.731845932062e+00 1.953125260330e+01 -4.760862780922e+00
8.272000000001e+01  -4.614864848922e-01 -1.744320267965e+00 1.948324808582e+01 -4.840002248267e+00
8.273000000001e+01  -4.789908466283e-01 -1.756538052551e+00 1.943445247059e+01 -4.919081695282e+00
8.274000000001e+01  -4.966161134994e-01 -1.768501198074e+00 1.938486638934e+01 -4.998094820182e+00
8.275000000001e+01  -5.143597488073e-01 -1.780211645053e+00 1.933449053686e+01 -5.077035308342e+00
8.276000000001e+01  -5.322192353824e-01 -1.791671358674e+00 1.928332567114e+01 -5.155896836116e+00
8.277000000001e+01  -5.501920758133e-01 -1.802882325389e+00 1.923137261343e+01 -5.234673074441e+00
8.278000000001e+01  -5.682757926436e-01 -1.813846549700e+00 1.917863224829e+01 -5.313357692266e+00
8.279000000001e+01  -5.864679285370e-01 -1.824566051139e+00 1.912510552356e+01 -5.391944359779e+00
8.280000000001e+01  -6.047660464137e-01 -1.835042861420e+00 1.907079345040e+01 -5.470426751459e+00
8.281000000001e+01  -6.231677295584e-01 -1.845279021770e+00 1.901569710315e+01 -5.548798548955e+00
8.282000000001e+01  -6.416705817036e-01 -1.855276580432e+00 1.895981761929e+01 -5.627053443790e+00
8.283000000001e+01  -6.602722270873e-01 -1.865037590323e+00 1.890315619935e+01 -5.705185139902e+00
8.284000000001e+01  -6.789703104896e-01 -1.874564106854e+00 1.884571410673e+01 -5.783187356034e+00
8.285000000001e+01  -6.977624972468e-01 -1.883858185897e+00 1.878749266753e+01 -5.861053827966e+00
8.286000000001e+01  -7.166464732469e-01 -1.892921881899e+00 1.872849327045e+01 -5.938778310606e+00
8.287000000001e+01  -7.356199449069e-01 -1.901757246134e+00 1.866871736650e+01 -6.016354579941e+00
8.288000000001e+01  -7.546806391321e-01 -1.910366325078e+00 1.860816646882e+01 -6.093776434854e+00
8.289000000001e+01  -7.738263032618e-01 -1.918751158925e+00 1.854684215245e+01 -6.171037698819e+00
8.290000000001e+01  -7.930547049987e-01 -1.926913780209e+00 1.848474605405e+01 -6.248132221471e+00
8.291000000001e+01  -8.123636323263e-01 -1.934856212550e+00 1.842187987166e+01 -6.325053880060e+00
8.292000000001e+01  -8.317508934142e-01 -1.942580469500e+00 1.835824536440e+01 -6.401796580801e+00
8.293000000001e+01  -8.512143165120e-01 -1.950088553503e+00 1.829384435216e+01 -6.478354260114e+00
8.294000000001e+01  -8.707517498336e-01 -1.957382454938e+00 1.822867871534e+01 -6.554720885769e+00
8.295000000001e+01  -8.903610614319e-01 -1.964464151272e+00 1.816275039447e+01 -6.630890457935e+00
8.296000000001e+01  -9.100401390666e-01 -1.971335606283e+00 1.809606138993e+01 -6.706857010144e+00
8.297000000001e+01  -9.297868900629e-01 -1.977998769382e+00 1.802861376159e+01 -6.782614610167e+00
8.298000000001e+01  -9.495992411657e-01 -1.984455575002e+00 1.796040962846e+01 -6.858157360815e+00
8.299000000001e+01  -9.694751383864e-01 -1.990707942061e+00 1.789145116836e+01 -6.933479400660e+00
8.300000000001e+01  -9.894125468461e-01 -1.996757773503e+00 1.782174061753e+01 -7.008574904693e+00
8.301000000001e+01  -1.009409450613e+00 -2.002606955898e+00 1.775128027028e+01 -7.083438084912e+00
8.302000000001e+01  -1.029463852539e+00 -2.008257359097e+00 1.768007247859e+01 -7.158063190843e+00
8.303000000001e+01  -1.049573774087e+00 -2.013710835959e+00 1.760811965180e+01 -7.232444510013e+00
8.304000000001e+01  -1.069737255166e+00 -2.018969222120e+00 1.753542425615e+01 -7.306576368361e+00
8.305000000001e+01  -1.089952353950e+00 -2.024034335814e+00 1.746198881442e+01 -7.380453130601e+00
8.306000000001e+01  -1.110217146711e+00 -2.028907977748e+00 1.738781590558e+01 -7.454069200533e+00
8.307000000001e+01  -1.130529727640e+00 -2.033591931007e+00 1.731290816435e+01 -7.527419021314e+00
8.308000000001e+01  -1.150888208669e+00 -2.038087961018e+00 1.723726828080e+01 -7.600497075686e+00
8.309000000001e+01  -1.171290719297e+00 -2.042397815532e+00 1.716089900001e+01 -7.673297886167e+00
8.310000000001e+01  -1.191735406413e+00 -2.046523224657e+00 1.708380312160e+01 -7.745816015196e+00
8.311000000001e+01  -1.212220434116e+00 -2.050465900916e+00 1.700598349941e+01 -7.818046065261e+00
8.312000000001e+01  -1.232743983548e+00 -2.054227539334e+00 1.692744304100e+01 -7.889982678983e+00
8.313000000001e+01  -1.253304252710e+00 -2.057809817555e+00 1.684818470735e+01 -7.961620539173e+00
8.314000000001e+01  -1.273899456295e+00 -2.061214395987e+00 1.676821151239e+01 -8.032954368869e+00
8.315000000001e+01  -1.294527825515e+00 -2.064442917964e+00 1.668752652261e+01 -8.103978931345e+00
8.316000000001e+01  -1.315187607931e+00 -2.067497009935e+00 1.660613285669e+01 -8.174689030092e+00
8.317000000001e+01  -1.335877067284e+00 -2.070378281670e+00 1.652403368506e+01 -8.245079508786e+00
8.318000000001e+01  -1.356594483332e+00 -2.073088326481e+00 1.644123222950e+01 -8.315145251239e+00
8.319000000001e+01  -1.377338151684e+00 -2.075628721468e+00 1.635773176278e+01 -8.384881181319e+00
8.320000000001e+01  -1.398106383641e+00 -2.078001027769e+00 1.627353560822e+01 -8.454282262871e+00
8.321000000001e+01  -1.418897506036e+00 -2.080206790829e+00 1.618864713929e+01 -8.523343499614e+00
8.322000000001e+01  -1.439709861081e+00 -2.082247540677e+00 1.610306977924e+01 -8.592059935028e+00
8.323000000001e+01  -1.460541806212e+00 -2.084124792221e+00 1.601680700068e+01 -8.660426652229e+00
8.324000000001e+01  -1.481391713938e+00 -2.085840045541e+00 1.592986232519e+01 -8.728438773834e+00
8.325000000001e+01  -1.502257971701e+00 -2.087394786200e+00 1.584223932294e+01 -8.796091461815e+00
8.326000000001e+01  -1.523138981722e+00 -2.088790485553e+00 1.575394161227e+01 -8.863379917351e+00
8.327000000001e+01  -1.544033160870e+00 -2.090028601070e+00 1.566497285931e+01 -8.930299380666e+00
8.328000000001e+01  -1.564938940521e+00 -2.091110576657e+00 1.557533677762e+01 -8.996845130861e+00
8.329000000001e+01  -1.585854766421e+00 -2.092037842990e+00 1.548503712774e+01 -9.063012485749e+00
8.330000000001e+01  -1.606779098561e+00 -2.092811817837e+00 1.539407771686e+01 -9.128796801678e+00
8.331000000001e+01  -1.627710411047e+00 -2.093433906398e+00 1.530246239841e+01 -9.194193473349e+00
8.332000000001e+01  -1.648647191973e+00 -2.093905501642e+00 1.521019507170e+01 -9.259197933641e+00
8.333000000001e+01  -1.669587943306e+00 -2.094227984634e+00 1.511727968148e+01 -9.323805653423e+00
8.334000000001e+01  -1.690531180766e+00 -2.094402724882e+00 1.502372021765e+01 -9.388012141370e+00
8.335000000001e+01  -1.711475433709e+00 -2.094431080662e+00 1.492952071480e+01 -9.451812943780e+00
8.336000000001e+01  -1.732419245024e+00 -2.094314399364e+00 1.483468525189e+01 -9.515203644384e+00
8.337000000001e+01  -1.753361171016e+00 -2.094054017813e+00 1.473921795185e+01 -9.578179864164e+00
8.338000000001e+01  -1.774299781312e+00 -2.093651262612e+00 1.464312298120e+01 -9.640737261168e+00
8.339000000001e+01  -1.795233658751e+00 -2.093107450462e+00 1.454640454973e+01 -9.702871530322e+00
8.340000000001e+01  -1.816161399296e+00 -2.092423888489e+00 1.444906691006e+01 -9.764578403255e+00
8.341000000001e+01  -1.837081611931e+00 -2.091601874569e+00 1.435111435735e+01 -9.825853648114e+00
8.342000000001e+01  -1.857992918576e+00 -2.090642697644e+00 1.425255122885e+01 -9.886693069391e+00
8.343000000001e+01  -1.878893953997e+00 -2.089547638034e+00 1.415338190363e+01 -9.947092507745e+00
8.344000000001e+01  -1.899783365722e+00 -2.088317967749e+00 1.405361080215e+01 -1.000704783984e+01
8.345000000001e+01  -1.920659813959e+00 -2.086954950789e+00 1.395324238592e+01 -1.006655497816e+01
8.346000000001e+01  -1.941521971517e+00 -2.085459843446e+00 1.385228115716e+01 -1.012560987087e+01
8.347000000001e+01  -1.962368523732e+00 -2.083833894594e+00 1.375073165842e+01 -1.018420850165e+01
8.348000000001e+01  -1.983198168392e+00 -2.082078345974e+00 1.364859847226e+01 -1.024234688953e+01
8.349000000001e+01  -2.004009615668e+00 -2.080194432477e+00 1.354588622084e+01 -1.030002108875e+01
8.350000000001e+01  -2.024801588048e+00 -2.078183382414e+00 1.344259956562e+01 -1.035722718863e+01
8.351000000001e+01  -2.045572820272e+00 -2.076046417782e+00 1.333874320699e+01 -1.041396131342e+01
8.352000000001e+01  -2.066322059268e+00 -2.073784754521e+00 1.323432188394e+01 -1.047021962216e+01
8.353000000001e+01  -2.087048064096e+00 -2.071399602763e+00 1.312934037366e+01 -1.052599830859e+01
8.354000000001e+01  -2.107749605889e+00 -2.068892167078e+00 1.302380349127e+01 -1.058129360100e+01
8.355000000001e+01  -2.128425467798e+00 -2.066263646700e+00 1.291771608940e+01 -1.063610176212e+01
8.356000000001e+01  -2.149074444943e+00 -2.063515235757e+00 1.281108305790e+01 -1.069041908906e+01
8.357000000001e+01  -2.169695344360e+00 -2.060648123478e+00 1.270390932348e+01 -1.074424191318e+01
8.358000000001e+01  -2.190286984952e+00 -2.057663494407e+00 1.259619984937e+01 -1.079756660000e+01
8.359000000001e+01  -2.210848197449e+00 -2.054562528587e+00 1.248795963494e+01 -1.085038954914e+01
8.360000000001e+01  -2.231377824355e+00 -2.051346401751e+00 1.237919371544e+01 -1.090270719427e+01
8.361000000001e+01  -2.251874719915e+00 -2.048016285492e+00 1.226990716158e+01 -1.095451600300e+01
8.362000000001e+01  -2.272337750067e+00 -2.044573347422e+00 1.216010507924e+01 -1.100581247689e+01
8.363000000001e+01  -2.292765792409e+00 -2.041018751324e+00 1.204979260912e+01 -1.105659315137e+01
8.364000000001e+01  -2.313157736155e+00 -2.037353657286e+00 1.193897492638e+01 -1.110685459575e+01
8.365000000001e+01  -2.333512482104e+00 -2.033579221828e+00 1.182765724033e+01 -1.115659341318e+01
8.366000000001e+01  -2.353828942604e+00 -2.029696598005e+00 1.171584479407e+01 -1.120580624063e+01
8.367000000001e+01  -2.374106041515e+00 -2.025706935510e+00 1.160354286416e+01 -1.125448974898e+01
8.368000000001e+01  -2.394342714177e+00 -2.021611380749e+00 1.149075676031e+01 -1.130264064294e+01
8.369000000001e+01  -2.414537907380e+00 -2.017411076909e+00 1.137749182498e+01 -1.135025566117e+01
8.370000000001e+01  -2.434690579329e+00 -2.013107164006e+00 1.126375343309e+01 -1.139733157629e+01
8.371000000001e+01  -2.454799699613e+00 -2.008700778917e+00 1.114954699165e+01 -1.144386519495e+01
8.372000000001e+01  -2.474864249176e+00 -2.004193055394e+00 1.103487793944e+01 -1.148985335796e+01
8.373000000001e+01  -2.494883220282e+00 -1.999585124060e+00 1.091975174668e+01 -1.153529294031e+01
8.374000000001e+01  -2.514855616486e+00 -1.994878112386e+00 1.080417391465e+01 -1.158018085138e+01
8.375000000001e+01  -2.534780452603e+00 -1.990073144644e+00 1.068814997535e+01 -1.162451403500e+01
8.376000000001e+01  -2.554656754673e+00 -1.985171341845e+00 1.057168549120e+01 -1.166828946967e+01
8.377000000001e+01  -2.574483559929e+00 -1.980173821647e+00 1.045478605463e+01 -1.171150416869e+01
8.378000000001e+01  -2.594259916765e+00 -1.975081698249e+00 1.033745728779e+01 -1.175415518040e+01
8.379000000001e+01  -2.613984884698e+00 -1.969896082247e+00 1.021970484216e+01 -1.179623958840e+01
8.380000000001e+01  -2.633657534333e+00 -1.964618080480e+00 1.010153439819e+01 -1.183775451175e+01
8.381000000001e+01  -2.653276947322e+00 -1.959248795832e+00 9.982951664988e+00 -1.187869710532e+01
8.382000000001e+01  -2.672842216327e+00 -1.953789327022e+00 9.863962379915e+00 -1.191906456004e+01
8.383000000001e+01  -2.692352444975e+00 -1.948240768349e+00 9.744572308246e+00 -1.195885410326e+01
8.384000000001e+01  -2.711806747810e+00 -1.942604209416e+00 9.624787242800e+00 -1.199806299906e+01
8.385000000001e+01  -2.731204250250e+00 -1.936880734813e+00 9.504613003567e+00 -1.203668854872e+01
8.386000000001e+01  -2.750544088530e+00 -1.931071423771e+00 9.384055437338e+00 -1.207472809109e+01
8.387000000001e+01  -2.769825409651e+00 -1.925177349775e+00 9.263120417325e+00 -1.211217900306e+01
8.388000000001e+01  -2.789047371316e+00 -1.919199580141e+00 9.141813842778e+00 -1.214903870008e+01
8.389000000001e+01  -2.808209141869e+00 -1.913139175548e+00 9.020141638598e+00 -1.218530463668e+01
8.390000000001e+01  -2.827309900224e+00 -1.906997189530e+00 8.898109754942e+00 -1.222097430706e+01
8.391000000001e+01  -2.846348835793e+00 -1.900774667924e+00 8.775724166824e+00 -1.225604524569e+01
8.392000000001e+01  -2.865325148405e+00 -1.894472648265e+00 8.652990873708e+00 -1.229051502803e+01
8.393000000001e+01  -2.884238048219e+00 -1.888092159137e+00 8.529915899096e+00 -1.232438127119e+01
8.394000000001e+01  -2.903086755632e+00 -1.881634219468e+00 8.406505290105e+00 -1.235764163475e+01
8.395000000001e+01  -2.921870501178e+00 -1.875099837765e+00 8.282765117042e+00 -1.239029382154e+01
8.396000000001e+01  -2.940588525419e+00 -1.868490011300e+00 8.158701472964e+00 -1.242233557855e+01
8.397000000001e+01  -2.959240078832e+00 -1.861805725229e+00 8.034320473232e+00 -1.245376469789e+01
8.398000000001e+01  -2.977824421677e+00 -1.855047951642e+00 7.909628255058e+00 -1.248457901772e+01
8.399000000001e+01  -2.996340823867e+00 -1.848217648554e+00 7.784630977034e+00 -1.251477642342e+01
8.400000000001e+01  -3.014788564817e+00 -1.841315758818e+00 7.659334818658e+00 -1.254435484864e+01
8.401000000001e+01  -3.033166933291e+00 -1.834343208967e+00 7.533745979843e+00 -1.257331227658e+01
8.402000000001e+01  -3.051475227230e+00 -1.827300907971e+00 7.407870680418e+00 -1.260164674123e+01
8.403000000001e+01  -3.069712753571e+00 -1.820189745918e+00 7.281715159609e+00 -1.262935632880e+01
8.404000000001e+01  -3.087878828048e+00 -1.813010592607e+00 7.155285675513e+00 -1.265643917911e+01
8.405000000001e+01  -3.105972774987e+00 -1.805764296044e+00 7.028588504552e+00 -1.268289348721e+01
8.406000000001e+01  -3.123993927076e+00 -1.798451680851e+00 6.901629940915e+00 -1.270871750495e+01
8.407000000001e+01  -3.141941625123e+00 -1.791073546570e+00 6.774416295977e+00 -1.273390954278e+01
8.408000000001e+01  -3.159815217798e+00 -1.783630665862e+00 6.646953897711e+00 -1.275846797154e+01
8.409000000001e+01  -3.177614061354e+00 -1.776123782604e+00 6.519249090064e+00 -1.278239122445e+01
8.410000000001e+01  -3.195337519328e+00 -1.768553609861e+00 6.391308232334e+00 -1.280567779915e+01
8.411000000001e+01  -3.212984962222e+00 -1.760920827748e+00 6.263137698507e+00 -1.282832625989e+01
8.412000000001e+01  -3.230555767167e+00 -1.753226081166e+00 6.134743876581e+00 -1.285033523983e+01
8.413000000001e+01  -3.248049317550e+00 -1.745469977406e+00 6.006133167869e+00 -1.287170344343e+01
8.414000000001e+01  -3.265465002633e+00 -1.737653083625e+00 5.877311986267e+00 -1.289242964910e+01
8.415000000001e+01  -3.282802217136e+00 -1.729775924174e+00 5.748286757505e+00 -1.291251271179e+01
8.416000000001e+01  -3.300060360793e+00 -1.721838977789e+00 5.619063918368e+00 -1.293195156592e+01
8.417000000001e+01  -3.317238837883e+00 -1.713842674633e+00 5.489649915882e+00 -1.295074522832e+01
8.418000000001e+01  -3.334337056728e+00 -1.705787393177e+00 5.360051206479e+00 -1.296889280138e+01
8.419000000001e+01  -3.351354429161e+00 -1.697673456925e+00 5.230274255122e+00 -1.298639347637e+01
8.420000000001e+01  -3.368290369957e+00 -1.689501130981e+00 5.100325534399e+00 -1.300324653687e+01
8.421000000001e+01  -3.385144296232e+00 -1.681270618437e+00 4.970211523583e+00 -1.301945136243e+01
8.422000000001e+01  -3.401915626803e+00 -1.672982056595e+00 4.839938707653e+00 -1.303500743234e+01
8.423000000001e+01  -3.418603781515e+00 -1.664635513010e+00 4.709513576278e+00 -1.304991432962e+01
8.424000000001e+01  -3.435208180514e+00 -1.656230981359e+00 4.578942622754e+00 -1.306417174518e+01
8.425000000001e+01  -3.451728243497e+00 -1.647768377115e+00 4.448232342909e+00 -1.307777948214e+01
8.426000000001e+01  -3.468163388897e+00 -1.639247533053e+00 4.317389233956e+00 -1.309073746036e+01
8.427000000001e+01  -3.484513033042e+00 -1.630668194552e+00 4.186419793302e+00 -1.310304572111e+01
8.428000000001e+01  -3.500776589251e+00 -1.622030014726e+00 4.055330517310e+00 -1.311470443200e+01
8.429000000001e+01  -3.516953466886e+00 -1.613332549358e+00 3.924127900009e+00 -1.312571389202e+01
8.430000000001e+01  -3.533043070356e+00 -1.604575251653e+00 3.792818431756e+00 -1.313607453680e+01
8.431000000001e+01  -3.549044798061e+00 -1.595757466813e+00 3.661408597841e+00 -1.314578694405e+01
8.432000000001e+01  -3.564958041286e+00 -1.586878426426e+00 3.529904877037e+00 -1.315485183918e+01
8.433000000001e+01  -3.580782183033e+00 -1.577937242689e+00 3.398313740098e+00 -1.316327010105e+01
8.434000000001e+01  -3.596516596801e+00 -1.568932902469e+00 3.266641648192e+00 -1.317104276793e+01
8.435000000001e+01  -3.612160645299e+00 -1.559864261200e+00 3.134895051273e+00 -1.317817104362e+01
8.436000000001e+01  -3.627713679104e+00 -1.550730036652e+00 3.003080386404e+00 -1.318465630362e+01
8.437000000001e+01  -3.643175035248e+00 -1.541528802560e+00 2.871204075998e+00 -1.319050010157e+01
8.438000000001e+01  -3.658544035749e+00 -1.532258982147e+00 2.739272526011e+00 -1.319570417566e+01
8.439000000001e+01  -3.673819986073e+00 -1.522918841561e+00 2.607292124059e+00 -1.320027045524e+01
8.440000000001e+01  -3.689002173527e+00 -1.513506483232e+00 2.475269237478e+00 -1.320420106740e+01
8.441000000001e+01  -3.704089865590e+00 -1.504019839204e+00 2.343210211311e+00 -1.320749834364e+01
8.442000000001e+01  -3.719082308177e+00 -1.494456664447e+00 2.211121366228e+00 -1.321016482659e+01
8.443000000001e+01  -3.733978723835e+00 -1.484814530195e+00 2.079008996386e+00 -1.321220327660e+01
8.444000000001e+01  -3.748778309869e+00 -1.475090817344e+00 1.946879367216e+00 -1.321361667835e+01
8.445000000001e+01  -3.763480236411e+00 -1.465282709965e+00 1.814738713149e+00 -1.321440824734e+01
8.446000000001e+01  -3.778083644416e+00 -1.455387188958e+00 1.682593235273e+00 -1.321458143616e+01
8.447000000001e+01  -3.792587643603e+00 -1.445401025919e+00 1.550449098935e+00 -1.321413994069e+01
8.448000000001e+01  -3.806991310329e+00 -1.435320777268e+00 1.418312431279e+00 -1.321308770584e+01
8.449000000001e+01  -3.821293685413e+00 -1.425142778703e+00 1.286189318725e+00 -1.321142893117e+01
8.450000000001e+01  -3.835493771901e+00 -1.414863140048e+00 1.154085804399e+00 -1.320916807597e+01
8.451000000001e+01  -3.849590532785e+00 -1.404477740561e+00 1.022007885512e+00 -1.320630986391e+01
8.452000000001e+01  -3.863582888674e+00 -1.393982224798e+00 8.899615106951e-01 -1.320285928718e+01
8.453000000001e+01  -3.877469715433e+00 -1.383371999093e+00 7.579525772978e-01 -1.319882160998e+01
8.454000000001e+01  -3.891249841784e+00 -1.372642228764e+00 6.259869286535e-01 -1.319420237126e+01
8.455000000001e+01  -3.904922046888e+00 -1.361787836117e+00 4.940703513223e-01 -1.318900738668e+01
8.456000000001e+01  -3.918485057907e+00 -1.350803499362e+00 3.622085723187e-01 -1.318324274968e+01
8.457000000001e+01  -3.931937547566e+00 -1.339683652535e+00 2.304072563331e-01 -1.317691483150e+01
8.458000000001e+01  -3.945278131712e+00 -1.328422486523e+00 9.867200295993e-02 -1.317003028015e+01
8.459000000001e+01  -3.958505366898e+00 -1.317013951302e+00 -3.299165605935e-02 -1.316259601808e+01
8.460000000001e+01  -3.971617747988e+00 -1.305451759504e+00 -1.645782595623e-01 -1.315461923863e+01
8.461000000001e+01  -3.984613705813e+00 -1.293729391394e+00 -2.960824196491e-01 -1.314610740094e+01
8.462000000001e+01  -3.997491604874e+00 -1.281840101387e+00 -4.274988243085e-01 -1.313706822345e+01
8.463000000001e+01  -4.010249741129e+00 -1.269776926190e+00 -5.588222399691e-01 -1.312750967570e+01
8.464000000001e+01  -4.022886339864e+00 -1.257532694674e+00 -6.900475139612e-01 -1.311743996838e+01
8.465000000001e+01  -4.035399553671e+00 -1.245100039553e+00 -8.211695768692e-01 -1.310686754161e+01
8.466000000001e+01  -4.047787460557e+00 -1.232471410975e+00 -9.521834447584e-01 -1.309580105132e+01
8.467000000001e+01  -4.060048062196e+00 -1.219639092067e+00 -1.083084221255e+00 -1.308424935364e+01
8.468000000001e+01  -4.072179282344e+00 -1.206595216507e+00 -1.213867099458e+00 -1.307222148727e+01
8.469000000001e+01  -4.084178965446e+00 -1.193331788177e+00 -1.344527363671e+00 -1.305972665376e+01
8.470000000001e+01  -4.096044875444e+00 -1.179840702887e+00 -1.475060390917e+00 -1.304677419575e+01
8.471000000001e+01  -4.107774694816e+00 -1.166113772214e+00 -1.605461652231e+00 -1.303337357305e+01
8.472000000001e+01  -4.119366023867e+00 -1.152142749414e+00 -1.735726713704e+00 -1.301953433670e+01
8.473000000001e+01  -4.130816380278e+00 -1.137919357372e+00 -1.865851237254e+00 -1.300526610092e+01
8.474000000001e+01  -4.142123198960e+00 -1.123435318530e+00 -1.995830981105e+00 -1.299057851312e+01
8.475000000001e+01  -4.153283832202e+00 -1.108682386688e+00 -2.125661799966e+00 -1.297548122208e+01
8.476000000001e+01  -4.164295550158e+00 -1.093652380558e+00 -2.255339644869e+00 -1.295998384425e+01
8.477000000001e+01  -4.175155541668e+00 -1.078337218922e+00 -2.384860562676e+00 -1.294409592862e+01
8.478000000001e+01  -4.185860915441e+00 -1.062728957201e+00 -2.514220695218e+00 -1.292782691998e+01
8.479000000001e+01  -4.196408701614e+00 -1.046819825229e+00 -2.643416278063e+00 -1.291118612116e+01
8.480000000001e+01  -4.206795853688e+00 -1.030602265977e+00 -2.772443638905e+00 -1.289418265416e+01
8.481000000001e+01  -4.217019250854e+00 -1.014068974974e+00 -2.901299195557e+00 -1.287682542071e+01
8.482000000001e+01  -4.227075700722e+00 -9.972129400966e-01 -3.029979453547e+00 -1.285912306239e+01
8.483000000001e+01  -4.236961942440e+00 -9.800274814316e-01 -3.158481003321e+00 -1.284108392065e+01
8.484000000001e+01  -4.246674650217e+00 -9.625062908580e-01 -3.286800517039e+00 -1.282271599720e+01
8.485000000001e+01  -4.256210437232e+00 -9.446434709837e-01 -3.414934744987e+00 -1.280402691497e+01
8.486000000001e+01  -4.265565859936e+00 -9.264335730745e-01 -3.542880511594e+00 -1.278502388010e+01
8.487000000001e+01  -4.274737422717e+00 -9.078716335928e-01 -3.670634711086e+00 -1.276571364530e+01
8.488000000001e+01  -4.283721582926e+00 -8.889532089694e-01 -3.798194302772e+00 -1.274610247502e+01
8.489000000001e+01  -4.292514756243e+00 -8.696744082332e-01 -3.925556306003e+00 -1.272619611273e+01
8.490000000001e+01  -4.301113322351e+00 -8.500319231387e-01 -4.052717794810e+00 -1.270599975067e+01
8.491000000001e+01  -4.309513630901e+00 -8.300230554443e-01 -4.179675892251e+00 -1.268551800252e+01
8.492000000001e+01  -4.317712007731e+00 -8.096457410237e-01 -4.306427764507e+00 -1.266475487919e+01
8.493000000001e+01  -4.325704761313e+00 -7.888985705166e-01 -4.432970614755e+00 -1.264371376804e+01
8.494000000001e+01  -4.333488189382e+00 -7.677808062661e-01 -4.559301676837e+00 -1.262239741591e+01
8.495000000001e+01  -4.341058585722e+00 -7.462923953262e-01 -4.685418208799e+00 -1.260080791594e+01
8.496000000001e+01  -4.348412247054e+00 -7.244339783711e-01 -4.811317486304e+00 -1.257894669865e+01
8.497000000001e+01  -4.355545479998e+00 -7.022068943835e-01 -4.936996795983e+00 -1.255681452706e+01
8.498000000001e+01  -4.362454608057e+00 -6.796131810535e-01 -5.062453428759e+00 -1.253441149626e+01
8.499000000001e+01  -4.369135978587e+00 -6.566555708679e-01 -5.187684673182e+00 -1.251173703719e+01
8.500000000001e+01  -4.375585969699e+00 -6.333374829276e-01 -5.312687808833e+00 -1.248878992472e+01
8.501000000001e+01  -4.381800997067e+00 -6.096630105799e-01 -5.437460099823e+00 -1.246556828992e+01
8.502000000001e+01  -4.387777520591e+00 -5.856369050035e-01 -5.561998788436e+00 -1.244206963636e+01
8.503000000001e+01  -4.393512050867e+00 -5.612645549353e-01 -5.686301088952e+00 -1.241829086026e+01
8.504000000001e+01  -4.399001155448e+00 -5.365519627684e-01 -5.810364181701e+00 -1.239422827433e+01
8.505000000001e+01  -4.404241464845e+00 -5.115057172935e-01 -5.934185207352e+00 -1.236987763487e+01
8.506000000001e+01  -4.409229678234e+00 -4.861329633903e-01 -6.057761261511e+00 -1.234523417197e+01
8.507000000001e+01  -4.413962568859e+00 -4.604413690042e-01 -6.181089389613e+00 -1.232029262245e+01
8.508000000001e+01  -4.418436989080e+00 -4.344390897677e-01 -6.304166582176e+00 -1.229504726511e+01
8.509000000001e+01  -4.422649875067e+00 -4.081347316397e-01 -6.426989770399e+00 -1.226949195795e+01
8.510000000001e+01  -4.426598251104e+00 -3.815373119513e-01 -6.549555822151e+00 -1.224362017703e+01
8.511000000001e+01  -4.430279233509e+00 -3.546562192448e-01 -6.671861538353e+00 -1.221742505650e+01
8.512000000001e+01  -4.433690034132e+00 -3.275011722947e-01 -6.793903649761e+00 -1.219089942948e+01
8.513000000001e+01  -4.436827963460e+00 -3.000821786885e-01 -6.915678814164e+00 -1.216403586932e+01
8.514000000001e+01  -4.439690433289e+00 -2.724094933342e-01 -7.037183613991e+00 -1.213682673101e+01
8.515000000001e+01  -4.442274958997e+00 -2.444935772419e-01 -7.158414554335e+00 -1.210926419222e+01
8.516000000001e+01  -4.444579161399e+00 -2.163450569044e-01 -7.279368061382e+00 -1.208134029385e+01
8.517000000001e+01  -4.446600768207e+00 -1.879746845775e-01 -7.400040481239e+00 -1.205304697957e+01
8.518000000001e+01  -4.448337615087e+00 -1.593932997331e-01 -7.520428079157e+00 -1.202437613430e+01
8.519000000001e+01  -4.449787646355e+00 -1.306117919243e-01 -7.640527039127e+00 -1.199531962113e+01
8.520000000001e+01  -4.450948915294e+00 -1.016410652764e-01 -7.760333463837e+00 -1.196586931677e+01
8.521000000001e+01  -4.451819584133e+00 -7.249200477987e-02 -7.879843374979e+00 -1.193601714510e+01
8.522000000001e+01  -4.452397923696e+00 -4.317544453318e-02 -7.999052713876e+00 -1.190575510876e+01
8.523000000001e+01  -4.452682312749e+00 -1.370213805120e-02 -8.117957342421e+00 -1.187507531876e+01
8.524000000001e+01  -4.452671237048e+00 1.591726927629e-02 -8.236553044294e+00 -1.184397002185e+01
8.525000000001e+01  -4.452363288141e+00 4.567226551920e-02 -8.354835526446e+00 -1.181243162572e+01
8.526000000001e+01  -4.451757161908e+00 7.555249530529e-02 -8.472800420827e+00 -1.178045272196e+01
8.527000000001e+01  -4.450851656900e+00 1.055477806774e-01 -8.590443286322e+00 -1.174802610677e+01
8.528000000001e+01  -4.449645672466e+00 1.356481397276e-01 -8.707759610897e+00 -1.171514479946e+01
8.529000000001e+01  -4.448138206712e+00 1.658438030462e-01 -8.824744813905e+00 -1.168180205877e+01
8.530000000001e+01  -4.446328354305e+00 1.961252280418e-01 -8.941394248556e+00 -1.164799139699e+01
8.531000000001e+01  -4.444215304143e+00 2.264831112028e-01 -9.057703204509e+00 -1.161370659215e+01
8.532000000001e+01  -4.441798336911e+00 2.569083983852e-01 -9.173666910584e+00 -1.157894169808e+01
8.533000000001e+01  -4.439076822549e+00 2.873922932190e-01 -9.289280537560e+00 -1.154369105275e+01
8.534000000001e+01  -4.436050217638e+00 3.179262637384e-01 -9.404539201046e+00 -1.150794928467e+01
8.535000000001e+01  -4.432718062732e+00 3.485020473415e-01 -9.519437964415e+00 -1.147171131776e+01
8.536000000001e+01  -4.429079979647e+00 3.791116541946e-01 -9.633971841772e+00 -1.143497237456e+01
8.537000000001e+01  -4.425135668727e+00 4.097473691943e-01 -9.748135800949e+00 -1.139772797805e+01
8.538000000001e+01  -4.420884906087e+00 4.404017526047e-01 -9.861924766510e+00 -1.135997395216e+01
8.539000000001e+01  -4.416327540867e+00 4.710676394851e-01 -9.975333622764e+00 -1.132170642099e+01
8.540000000001e+01  -4.411463492491e+00 5.017381380209e-01 -1.008835721675e+01 -1.128292180702e+01
8.541000000001e+01  -4.406292747949e+00 5.324066268698e-01 -1.020099036120e+01 -1.124361682827e+01
8.542000000001e+01  -4.400815359110e+00 5.630667516296e-01 -1.031322783751e+01 -1.120378849466e+01
8.543000000001e+01  -4.395031440076e+00 5.937124205322e-01 -1.042506439859e+01 -1.116343410345e+01
8.544000000001e+01  -4.388941164574e+00 6.243377994595e-01 -1.053649477174e+01 -1.112255123420e+01
8.545000000001e+01  -4.382544763417e+00 6.549373063767e-01 -1.064751366144e+01 -1.108113774295e+01
8.546000000001e+01  -4.375842522005e+00 6.855056052680e-01 -1.075811575208e+01 -1.103919175604e+01
8.547000000001e+01  -4.368834777903e+00 7.160375996581e-01 -1.086829571062e+01 -1.099671166347e+01
8.548000000001e+01  -4.361521918476e+00 7.465284257940e-01 -1.097804818924e+01 -1.095369611186e+01
8.549000000001e+01  -4.353904378598e+00 7.769734455569e-01 -1.108736782779e+01 -1.091014399727e+01
8.550000000001e+01  -4.345982638435e+00 8.073682391697e-01 -1.119624925631e+01 -1.086605445765e+01
8.551000000001e+01  -4.337757221294e+00 8.377085977564e-01 -1.130468709740e+01 -1.082142686532e+01
8.552000000001e+01  -4.329228691556e+00 8.679905158081e-01 -1.141267596849e+01 -1.077626081919e+01
8.553000000001e+01  -4.320397652676e+00 8.982101836025e-01 -1.152021048412e+01 -1.073055613706e+01
8.554000000001e+01  -4.311264745268e+00 9.283639796199e-01 -1.162728525806e+01 -1.068431284781e+01
8.555000000001e+01  -4.301830645256e+00 9.584484629926e-01 -1.173389490536e+01 -1.063753118373e+01
8.556000000001e+01  -4.292096062108e+00 9.884603660230e-01 -1.184003404440e+01 -1.059021157279e+01
8.557000000001e+01  -4.282061737140e+00 1.018396586797e+00 -1.194569729878e+01 -1.054235463117e+01
8.558000000001e+01  -4.271728441894e+00 1.048254181923e+00 -1.205087929914e+01 -1.049396115574e+01
8.559000000001e+01  -4.261096976591e+00 1.078030359407e+00 -1.215557468498e+01 -1.044503211677e+01
8.560000000001e+01  -4.250168168648e+00 1.107722471699e+00 -1.225977810632e+01 -1.039556865084e+01
8.561000000001e+01  -4.238942871269e+00 1.137328008914e+00 -1.236348422536e+01 -1.034557205383e+01
8.562000000001e+01  -4.227421962104e+00 1.166844592235e+00 -1.246668771799e+01 -1.029504377417e+01
8.563000000001e+01  -4.215606341964e+00 1.196269967529e+00 -1.256938327536e+01 -1.024398540624e+01
8.564000000001e+01  -4.203496933612e+00 1.225601999161e+00 -1.267156560522e+01 -1.019239868403e+01
8.565000000001e+01  -4.191094680605e+00 1.254838664024e+00 -1.277322943334e+01 -1.014028547499e+01
8.566000000001e+01  -4.178400546195e+00 1.283978045787e+00 -1.287436950482e+01 -1.008764777406e+01
8.567000000001e+01  -4.165415512293e+00 1.313018329363e+00 -1.297498058529e+01 -1.003448769794e+01
8.568000000001e+01  -4.152140578481e+00 1.341957795594e+00 -1.307505746215e+01 -9.980807479658e+00
8.569000000001e+01  -4.138576761077e+00 1.370794816157e+00 -1.317459494568e+01 -9.926609463200e+00
8.570000000001e+01  -4.124725092254e+00 1.399527848691e+00 -1.327358787011e+01 -9.871896098499e+00
8.571000000001e+01  -4.110586619202e+00 1.428155432134e+00 -1.337203109471e+01 -9.816669936564e+00
8.572000000001e+01  -4.096162403338e+00 1.456676182278e+00 -1.346991950472e+01 -9.760933624842e+00
8.573000000001e+01  -4.081453519555e+00 1.485088787527e+00 -1.356724801232e+01 -9.704689902785e+00
8.574000000001e+01  -4.066461055524e+00 1.513392004864e+00 -1.366401155752e+01 -9.647941597616e+00
8.575000000001e+01  -4.051186111019e+00 1.541584656012e+00 -1.376020510902e+01 -9.590691620305e+00
8.576000000001e+01  -4.035629797291e+00 1.569665623792e+00 -1.385582366504e+01 -9.532942961719e+00
8.577000000001e+01  -4.019793236478e+00 1.597633848665e+00 -1.395086225408e+01 -9.474698688974e+00
8.578000000001e+01  -4.003677561037e+00 1.625488325459e+00 -1.404531593567e+01 -9.415961941961e+00
8.579000000001e+01  -3.987283913225e+00 1.653228100268e+00 -1.413917980111e+01 -9.356735930047e+00
8.580000000001e+01  -3.970613444594e+00 1.680852267525e+00 -1.423244897410e+01 -9.297023928946e+00
8.581000000001e+01  -3.953667315523e+00 1.708359967236e+00 -1.432511861143e+01 -9.236829277751e+00
8.582000000001e+01  -3.936446694778e+00 1.735750382366e+00 -1.441718390357e+01 -9.176155376123e+00
8.583000000001e+01  -3.918952759093e+00 1.763022736383e+00 -1.450864007529e+01 -9.115005681628e+00
8.584000000001e+01  -3.901186692774e+00 1.790176290944e+00 -1.459948238621e+01 -9.053383707221e+00
8.585000000001e+01  -3.883149687333e+00 1.817210343718e+00 -1.468970613133e+01 -8.991293018860e+00
8.586000000001e+01  -3.864842941134e+00 1.844124226338e+00 -1.477930664159e+01 -8.928737233266e+00
8.587000000001e+01  -3.846267659066e+00 1.870917302491e+00 -1.486827928431e+01 -8.865720015789e+00
8.588000000001e+01  -3.827425052227e+00 1.897588966114e+00 -1.495661946373e+01 -8.802245078409e+00
8.589000000001e+01  -3.808316337637e+00 1.924138639714e+00 -1.504432262141e+01 -8.738316177849e+00
8.590000000001e+01  -3.788942737951e+00 1.950565772797e+00 -1.513138423669e+01 -8.673937113788e+00
8.591000000001e+01  -3.769305481206e+00 1.976869840400e+00 -1.521779982713e+01 -8.609111727189e+00
8.592000000001e+01  -3.749405800565e+00 2.003050341721e+00 -1.530356494889e+01 -8.543843898719e+00
8.593000000001e+01  -3.729244934085e+00 2.029106798844e+00 -1.538867519713e+01 -8.478137547263e+00
8.594000000001e+01  -3.708824124494e+00 2.055038755560e+00 -1.547312620637e+01 -8.411996628529e+00
8.595000000001e+01  -3.688144618979e+00 2.080845776261e+00 -1.555691365089e+01 -8.345425133738e+00
8.596000000001e+01  -3.667207668987e+00 2.106527444925e+00 -1.564003324503e+01 -8.278427088393e+00
8.597000000001e+01  -3.646014530028e+00 2.132083364176e+00 -1.572248074356e+01 -8.211006551119e+00
8.598000000001e+01  -3.624566461501e+00 2.157513154412e+00 -1.580425194201e+01 -8.143167612587e+00
8.599000000001e+01  -3.602864726513e+00 2.182816453007e+00 -1.588534267694e+01 -8.074914394495e+00
8.600000000001e+01  -3.580910591718e+00 2.207992913577e+00 -1.596574882632e+01 -8.006251048620e+00
8.601000000001e+01  -3.558705327155e+00 2.233042205306e+00 -1.604546630974e+01 -7.937181755925e+00
8.602000000001e+01  -3.536250206097e+00 2.257964012331e+00 -1.612449108877e+01 -7.867710725735e+00
8.603000000001e+01  -3.513546504904e+00 2.282758033187e+00 -1.620281916720e+01 -7.797842194953e+00
8.604000000001e+01  -3.490595502880e+00 2.307423980297e+00 -1.628044659134e+01 -7.727580427342e+00
8.605000000001e+01  -3.467398482139e+00 2.331961579517e+00 -1.635736945024e+01 -7.656929712844e+00
8.606000000001e+01  -3.443956727471e+00 2.356370569726e+00 -1.643358387601e+01 -7.585894366955e+00
8.607000000001e+01  -3.420271526212e+00 2.380650702461e+00 -1.650908604400e+01 -7.514478730140e+00
8.608000000001e+01  -3.396344168123e+00 2.404801741594e+00 -1.658387217313e+01 -7.442687167283e+00
8.609000000001e+01  -3.372175945267e+00 2.428823463046e+00 -1.665793852606e+01 -7.370524067189e+00
8.610000000001e+01  -3.347768151886e+00 2.452715654543e+00 -1.673128140946e+01 -7.297993842114e+00
8.611000000001e+01  -3.323122084288e+00 2.476478115405e+00 -1.680389717425e+01 -7.225100927328e+00
8.612000000001e+01  -3.298239040732e+00 2.500110656370e+00 -1.687578221581e+01 -7.151849780722e+00
8.613000000001e+01  -3.273120321312e+00 2.523613099443e+00 -1.694693297420e+01 -7.078244882433e+00
8.614000000001e+01  -3.247767227845e+00 2.546985277790e+00 -1.701734593441e+01 -7.004290734506e+00
8.615000000001e+01  -3.222181063763e+00 2.570227035642e+00 -1.708701762653e+01 -6.929991860586e+00
8.616000000001e+01  -3.196363134001e+00 2.593338228238e+00 -1.715594462603e+01 -6.855352805627e+00
8.617000000001e+01  -3.170314744884e+00 2.616318721791e+00 -1.722412355390e+01 -6.780378135636e+00
8.618000000001e+01  -3.144037204024e+00 2.639168393479e+00 -1.729155107692e+01 -6.705072437435e+00
8.619000000001e+01  -3.117531820202e+00 2.661887131450e+00 -1.735822390784e+01 -6.629440318446e+00
8.620000000001e+01  -3.090799903265e+00 2.684474834863e+00 -1.742413880556e+01 -6.553486406498e+00
8.621000000001e+01  -3.063842764014e+00 2.706931413938e+00 -1.748929257539e+01 -6.477215349651e+00
8.622000000001e+01  -3.036661714089e+00 2.729256790028e+00 -1.755368206920e+01 -6.400631816048e+00
8.623000000001e+01  -3.009258065864e+00 2.751450895715e+00 -1.761730418566e+01 -6.323740493769e+00
8.624000000001e+01  -2.981633132328e+00 2.773513674915e+00 -1.768015587041e+01 -6.246546090721e+00
8.625000000001e+01  -2.953788226974e+00 2.795445083004e+00 -1.774223411626e+01 -6.169053334525e+00
8.626000000001e+01  -2.925724663684e+00 2.817245086962e+00 -1.780353596341e+01 -6.091266972435e+00
8.627000000001e+01  -2.897443756610e+00 2.838913665524e+00 -1.786405849962e+01 -6.013191771262e+00
8.628000000001e+01  -2.868946820059e+00 2.860450809356e+00 -1.792379886042e+01 -5.934832517312e+00
8.629000000001e+01  -2.840235168369e+00 2.881856521232e+00 -1.798275422930e+01 -5.856194016339e+00
8.630000000001e+01  -2.811310115789e+00 2.903130816238e+00 -1.804092183790e+01 -5.777281093516e+00
8.631000000001e+01  -2.782172976357e+00 2.924273721973e+00 -1.809829896623e+01 -5.698098593404e+00
8.632000000001e+01  -2.752825063766e+00 2.945285278777e+00 -1.815488294280e+01 -5.618651379948e+00
8.633000000001e+01  -2.723267691247e+00 2.966165539953e+00 -1.821067114491e+01 -5.538944336471e+00
8.634000000001e+01  -2.693502171428e+00 2.986914572020e+00 -1.826566099874e+01 -5.458982365689e+00
8.635000000001e+01  -2.663529816205e+00 3.007532454955e+00 -1.831984997964e+01 -5.378770389724e+00
8.636000000001e+01  -2.633351936606e+00 3.028019282460e+00 -1.837323561223e+01 -5.298313350140e+00
8.637000000001e+01  -2.602969842652e+00 3.048375162233e+00 -1.842581547069e+01 -5.217616207975e+00
8.638000000001e+01  -2.572384843217e+00 3.068600216245e+00 -1.847758717888e+01 -5.136683943791e+00
8.639000000001e+01  -2.541598245880e+00 3.088694581029e+00 -1.852854841057e+01 -5.055521557724e+00
8.640000000001e+01  -2.510611356782e+00 3.108658407978e+00 -1.857869688963e+01 -4.974134069552e+00
8.641000000001e+01  -2.479425480473e+00 3.128491863647e+00 -1.862803039024e+01 -4.892526518761e+00
8.642000000001e+01  -2.448041919762e+00 3.148195130062e+00 -1.867654673704e+01 -4.810703964623e+00
8.643000000001e+01  -2.416461975558e+00 3.167768405042e+00 -1.872424380540e+01 -4.728671486277e+00
8.644000000001e+01  -2.384686946709e+00 3.187211902523e+00 -1.877111952156e+01 -4.646434182823e+00
8.645000000001e+01  -2.352718129845e+00 3.206525852886e+00 -1.881717186286e+01 -4.563997173416e+00
8.646000000001e+01  -2.320556819205e+00 3.225710503297e+00 -1.886239885792e+01 -4.481365597369e+00
8.647000000001e+01  -2.288204306474e+00 3.244766118048e+00 -1.890679858687e+01 -4.398544614257e+00
8.648000000001e+01  -2.255661880603e+00 3.263692978908e+00 -1.895036918153e+01 -4.315539404036e+00
8.649000000001e+01  -2.222930827640e+00 3.282491385473e+00 -1.899310882563e+01 -4.232355167157e+00
8.650000000001e+01  -2.190012430543e+00 3.301161655527e+00 -1.903501575500e+01 -4.148997124689e+00
8.651000000001e+01  -2.156907969001e+00 3.319704125403e+00 -1.907608825777e+01 -4.065470518446e+00
8.652000000001e+01  -2.123618719244e+00 3.338119150353e+00 -1.911632467463e+01 -3.981780611121e+00
8.653000000001e+01  -2.090145953855e+00 3.356407104914e+00 -1.915572339898e+01 -3.897932686417e+00
8.654000000001e+01  -2.056490941571e+00 3.374568383287e+00 -1.919428287715e+01 -3.813932049186e+00
8.655000000001e+01  -2.022654947087e+00 3.392603399713e+00 -1.923200160865e+01 -3.729784025576e+00
8.656000000001e+01  -1.988639230856e+00 3.410512588853e+00 -1.926887814634e+01 -3.645493963168e+00
8.657000000001e+01  -1.954445048877e+00 3.428296406174e+00 -1.930491109669e+01 -3.561067231129e+00
8.658000000001e+01  -1.920073652491e+00 3.445955328332e+00 -1.934009911993e+01 -3.476509220357e+00
8.659000000001e+01  -1.885526288163e+00 3.463489853560e+00 -1.937444093034e+01 -3.391825343636e+00
8.660000000001e+01  -1.850804197266e+00 3.480900502054e+00 -1.940793529644e+01 -3.307021035783e+00
8.661000000001e+01  -1.815908615860e+00 3.498187816370e+00 -1.944058104119e+01 -3.222101753808e+00
8.662000000001e+01  -1.780840774465e+00 3.515352361805e+00 -1.947237704224e+01 -3.137072977062e+00
8.663000000001e+01  -1.745601897833e+00 3.532394726791e+00 -1.950332223215e+01 -3.051940207392e+00
8.664000000001e+01  -1.710193204713e+00 3.549315523286e+00 -1.953341559860e+01 -2.966708969295e+00
8.665000000001e+01  -1.674615907615e+00 3.566115387159e+00 -1.956265618465e+01 -2.881384810070e+00
8.666000000001e+01  -1.638871212571e+00 3.582794978576e+00 -1.959104308894e+01 -2.795973299968e+00
8.667000000001e+01  -1.602960318884e+00 3.599354982389e+00 -1.961857546591e+01 -2.710480032339e+00
8.668000000001e+01  -1.566884418887e+00 3.615796108510e+00 -1.964525252608e+01 -2.624910623777e+00
8.669000000001e+01  -1.530644697683e+00 3.632119092293e+00 -1.967107353623e+01 -2.539270714263e+00
8.670000000001e+01  -1.494242332896e+00 3.648324694905e+00 -1.969603781966e+01 -2.453565967300e+00
8.671000000001e+01  -1.457678494406e+00 3.664413703694e+00 -1.972014475643e+01 -2.367802070044e+00
8.672000000001e+01  -1.420954344084e+00 3.680386932549e+00 -1.974339378360e+01 -2.281984733433e+00
8.673000000001e+01  -1.384071035532e+00 3.696245222253e+00 -1.976578439544e+01 -2.196119692301e+00
8.674000000001e+01  -1.347029713806e+00 3.711989440830e+00 -1.978731614370e+01 -2.110212705489e+00
8.675000000001e+01  -1.309831515143e+00 3.727620483883e+00 -1.980798863783e+01 -2.024269555950e+00
8.676000000001e+01  -1.272477566685e+00 3.743139274915e+00 -1.982780154525e+01 -1.938296050835e+00
8.677000000001e+01  -1.234968986199e+00 3.758546765647e+00 -1.984675459155e+01 -1.852298021574e+00
8.678000000001e+01  -1.197306881791e+00 3.773843936320e+00 -1.986484756077e+01 -1.766281323946e+00
8.679000000001e+01  -1.159492351620e+00 3.789031795979e+00 -1.988208029562e+01 -1.680251838128e+00
8.680000000001e+01  -1.121526483612e+00 3.804111382747e+00 -1.989845269776e+01 -1.594215468732e+00
8.681000000001e+01  -1.083410355160e+00 3.819083764079e+00 -1.991396472797e+01 -1.508178144829e+00
8.682000000001e+01  -1.045145032839e+00 3.833950036998e+00 -1.992861640650e+01 -1.422145819949e+00
8.683000000001e+01  -1.006731572104e+00 3.848711328307e+00 -1.994240781322e+01 -1.336124472060e+00
8.684000000001e+01  -9.681710169908e-01 3.863368794785e+00 -1.995533908791e+01 -1.250120103531e+00
8.685000000001e+01  -9.294643998168e-01 3.877923623353e+00 -1.996741043050e+01 -1.164138741064e+00
8.686000000001e+01  -8.906127408796e-01 3.892377031218e+00 -1.997862210130e+01 -1.078186435606e+00
8.687000000001e+01  -8.516170481521e-01 3.906730265981e+00 -1.998897442127e+01 -9.922692622278e-01
8.688000000001e+01  -8.124783169790e-01 3.920984605726e+00 -1.999846777222e+01 -9.063933199728e-01
8.689000000001e+01  -7.731975297713e-01 3.935141359063e+00 -2.000710259707e+01 -8.205647316769e-01
8.690000000001e+01  -7.337756557013e-01 3.949201865144e+00 -2.001487940011e+01 -7.347896437489e-01
8.691000000001e+01  -6.942136503969e-01 3.963167493640e+00 -2.002179874718e+01 -6.490742259133e-01
8.692000000001e+01  -6.545124556372e-01 3.977039644666e+00 -2.002786126595e+01 -5.634246709134e-01
8.693000000001e+01  -6.146729990484e-01 3.990819748678e+00 -2.003306764614e+01 -4.778471941691e-01
8.694000000001e+01  -5.746961938010e-01 4.004509266311e+00 -2.003741863971e+01 -3.923480333885e-01
8.695000000001e+01  -5.345829383095e-01 4.018109688169e+00 -2.004091506112e+01 -3.069334481281e-01
8.696000000001e+01  -4.943341159335e-01 4.031622534562e+00 -2.004355778755e+01 -2.216097193006e-01
8.697000000001e+01  -4.539505946828e-01 4.045049355183e+00 -2.004534775906e+01 -1.363831486236e-01
8.698000000001e+01  -4.134332269250e-01 4.058391728727e+00 -2.004628597885e+01 -5.126005800876e-02
8.699000000001e+01  -3.727828490979e-01 4.071651262443e+00 -2.004637351344e+01 3.375321111516e-02
8.700000000001e+01  -3.320002814268e-01 4.084829591613e+00 -2.004561149284e+01 1.186502985480e-01
8.701000000001e+01  -2.910863276467e-01 4.097928378962e+00 -2.004400111076e+01 2.034248261373e-01
8.702000000001e+01  -2.500417747315e-01 4.110949313987e+00 -2.004154362479e+01 2.880703986753e-01
8.703000000001e+01  -2.088673926298e-01 4.123894112204e+00 -2.003824035654e+01 3.725806048782e-01
8.704000000001e+01  -1.675639340094e-01 4.136764514309e+00 -2.003409269180e+01 4.569490184525e-01
8.705000000001e+01  -1.261321340096e-01 4.149562285241e+00 -2.002910208072e+01 5.411691992538e-01
8.706000000001e+01  -8.457271000422e-02 4.162289213156e+00 -2.002327003788e+01 6.252346945422e-01
8.707000000001e+01  -4.288636137506e-02 4.174947108288e+00 -2.001659814248e+01 7.091390403406e-01
8.708000000001e+01  -1.073769297295e-03 4.187537801714e+00 -2.000908803837e+01 7.928757628997e-01
8.709000000001e+01  4.086440346213e-02 4.200063143989e+00 -2.000074143421e+01 8.764383802780e-01
8.710000000001e+01  8.292751273195e-02 4.212525003678e+00 -1.999156010351e+01 9.598204040388e-01
8.711000000001e+01  1.251149331087e-01 4.224925265756e+00 -1.998154588466e+01 1.043015341073e+00
8.712000000001e+01  1.674260581120e-01 4.237265829869e+00 -1.997070068102e+01 1.126016695553e+00
8.713000000001e+01  2.098603003222e-01 4.249548608475e+00 -1.995902646091e+01 1.208817971020e+00
8.714000000001e+01  2.524170914982e-01 4.261775524824e+00 -1.994652525761e+01 1.291412672619e+00
8.715000000001e+01  2.950958826746e-01 4.273948510803e+00 -1.993319916930e+01 1.373794309477e+00
8.716000000001e+01  3.378961442367e-01 4.286069504617e+00 -1.991905035908e+01 1.455956397239e+00
8.717000000001e+01  3.808173659710e-01 4.298140448313e+00 -1.990408105482e+01 1.537892460766e+00
8.718000000001e+01  4.238590570905e-01 4.310163285133e+00 -1.988829354907e+01 1.619596036995e+00
8.719000000001e+01  4.670207462327e-01 4.322139956699e+00 -1.987169019897e+01 1.701060677976e+00
8.720000000001e+01  5.103019814284e-01 4.334072400011e+00 -1.985427342603e+01 1.782279954086e+00
8.721000000001e+01  5.537023300391e-01 4.345962544268e+00 -1.983604571594e+01 1.863247457428e+00
8.722000000001e+01  5.972213786628e-01 4.357812307492e+00 -1.981700961836e+01 1.943956805421e+00
8.723000000001e+01  6.408587330040e-01 4.369623592963e+00 -1.979716774661e+01 2.024401644580e+00
8.724000000001e+01  6.846140177074e-01 4.381398285442e+00 -1.977652277739e+01 2.104575654504e+00
8.725000000001e+01  7.284868761531e-01 4.393138247203e+00 -1.975507745044e+01 2.184472552063e+00
8.726000000001e+01  7.724769702105e-01 4.404845313843e+00 -1.973283456808e+01 2.264086095795e+00
8.727000000001e+01  8.165839799498e-01 4.416521289884e+00 -1.970979699485e+01 2.343410090519e+00
8.728000000001e+01  8.608076033079e-01 4.428167944162e+00 -1.968596765696e+01 2.422438392157e+00
8.729000000001e+01  9.051475557076e-01 4.439787004984e+00 -1.966134954180e+01 2.501164912782e+00
8.730000000001e+01  9.496035696269e-01 4.451380155084e+00 -1.963594569732e+01 2.579583625885e+00
8.731000000001e+01  9.941753941170e-01 4.462949026336e+00 -1.960975923141e+01 2.657688571854e+00
8.732000000001e+01  1.038862794266e+00 4.474495194261e+00 -1.958279331119e+01 2.735473863687e+00
8.733000000001e+01  1.083665550607e+00 4.486020172302e+00 -1.955505116225e+01 2.812933692918e+00
8.734000000001e+01  1.128583458468e+00 4.497525405890e+00 -1.952653606786e+01 2.890062335763e+00
8.735000000001e+01  1.173616327259e+00 4.509012266284e+00 -1.949725136805e+01 2.966854159481e+00
8.736000000001e+01  1.218763979701e+00 4.520482044203e+00 -1.946720045871e+01 3.043303628946e+00
8.737000000001e+01  1.264026250988e+00 4.531935943257e+00 -1.943638679054e+01 3.119405313429e+00
8.738000000001e+01  1.309402987878e+00 4.543375073167e+00 -1.940481386800e+01 3.195153893567e+00
8.739000000001e+01  1.354894047724e+00 4.554800442812e+00 -1.937248524816e+01 3.270544168533e+00
8.740000000001e+01  1.400499297427e+00 4.566212953077e+00 -1.933940453946e+01 3.345571063379e+00
8.741000000001e+01  1.446218612321e+00 4.577613389551e+00 -1.930557540042e+01 3.420229636542e+00
8.742000000001e+01  1.492051874981e+00 4.589002415058e+00 -1.927100153827e+01 3.494515087516e+00
8.743000000001e+01  1.537998973960e+00 4.600380562063e+00 -1.923568670752e+01 3.568422764641e+00
8.744000000001e+01  1.584059802444e+00 4.611748224945e+00 -1.919963470838e+01 3.641948173027e+00
8.745000000001e+01  1.630234256833e+00 4.623105652183e+00 -1.916284938522e+01 3.715086982572e+00
8.746000000001e+01  1.676522235246e+00 4.634452938458e+00 -1.912533462482e+01 3.787835036047e+00
8.747000000001e+01  1.722923635935e+00 4.645790016704e+00 -1.908709435464e+01 3.860188357249e+00
8.748000000001e+01  1.769438355637e+00 4.657116650132e+00 -1.904813254095e+01 3.932143159163e+00
8.749000000001e+01  1.816066287830e+00 4.668432424262e+00 -1.900845318691e+01 4.003695852133e+00
8.750000000001e+01  1.862807320920e+00 4.679736738978e+00 -1.896806033055e+01 4.074843051990e+00
8.751000000001e+01  1.909661336345e+00 4.691028800665e+00 -1.892695804267e+01 4.145581588112e+00
8.752000000001e+01  1.956628206600e+00 4.702307614434e+00 -1.888515042466e+01 4.215908511389e+00
8.753000000001e+01  2.003707793185e+00 4.713571976500e+00 -1.884264160628e+01 4.285821102036e+00
8.754000000001e+01  2.050899944483e+00 4.724820466730e+00 -1.879943574327e+01 4.355316877229e+00
8.755000000001e+01  2.098204493556e+00 4.736051441418e+00 -1.875553701501e+01 4.424393598521e+00
8.756000000001e+01  2.145621255876e+00 4.747263026321e+00 -1.871094962198e+01 4.493049278992e+00
8.757000000001e+01  2.193150026988e+00 4.758453110012e+00 -1.866567778324e+01 4.561282190083e+00
8.758000000001e+01  2.240790580104e+00 4.769619337574e+00 -1.861972573384e+01 4.629090868085e+00
8.759000000001e+01  2.288542663641e+00 4.780759104709e+00 -1.857309772208e+01 4.696474120213e+00
8.760000000001e+01  2.336405998697e+00 4.791869552292e+00 -1.852579800681e+01 4.763431030236e+00
8.761000000001e+01  2.384380276480e+00 4.802947561422e+00 -1.847783085466e+01 4.829960963606e+00
8.762000000001e+01  2.432465155691e+00 4.813989749025e+00 -1.842920053713e+01 4.896063572040e+00
8.763000000001e+01  2.480660259857e+00 4.824992464042e+00 -1.837991132780e+01 4.961738797503e+00
8.764000000001e+01  2.528965174638e+00 4.835951784274e+00 -1.832996749933e+01 5.026986875551e+00
8.765000000001e+01  2.577379445108e+00 4.846863513902e+00 -1.827937332055e+01 5.091808337978e+00
8.766000000001e+01  2.625902573000e+00 4.857723181755e+00 -1.822813305349e+01 5.156204014736e+00
8.767000000001e+01  2.674534013959e+00 4.868526040339e+00 -1.817625095036e+01 5.220175035070e+00
8.768000000001e+01  2.723273174769e+00 4.879267065702e+00 -1.812373125062e+01 5.283722827833e+00
8.769000000001e+01  2.772119410597e+00 4.889940958144e+00 -1.807057817791e+01 5.346849120949e+00
8.770000000001e+01  2.821072022242e+00 4.900542143818e+00 -1.801679593712e+01 5.409555939980e+00
8.771000000001e+01  2.870130253406e+00 4.911064777256e+00 -1.796238871140e+01 5.471845605773e+00
8.772000000001e+01  2.919293287995e+00 4.921502744844e+00 -1.790736065924e+01 5.533720731158e+00
8.773000000001e+01  2.968560247460e+00 4.931849669257e+00 -1.785171591155e+01 5.595184216673e+00
8.774000000001e+01  3.017930188188e+00 4.942098914886e+00 -1.779545856884e+01 5.656239245311e+00
8.775000000001e+01  3.067402098950e+00 4.952243594263e+00 -1.773859269839e+01 5.716889276257e+00
8.776000000001e+01  3.116974898419e+00 4.962276575482e+00 -1.768112233156e+01 5.777138037637e+00
8.777000000001e+01  3.166647432769e+00 4.972190490618e+00 -1.762305146111e+01 5.836989518258e+00
8.778000000001e+01  3.216418473362e+00 4.981977745141e+00 -1.756438403867e+01 5.896447958354e+00
8.779000000001e+01  3.266286714533e+00 4.991630528309e+00 -1.750512397225e+01 5.955517839365e+00
8.780000000001e+01  3.316250771485e+00 5.001140824504e+00 -1.744527512390e+01 6.014203872747e+00
8.781000000001e+01  3.366309178300e+00 5.010500425511e+00 -1.738484130746e+01 6.072510987863e+00
8.782000000001e+01  3.416460386084e+00 5.019700943676e+00 -1.732382628646e+01 6.130444318980e+00
8.783000000001e+01  3.466702761235e+00 5.028733825915e+00 -1.726223377213e+01 6.188009191410e+00
8.784000000001e+01  3.517034583868e+00 5.037590368531e+00 -1.720006742156e+01 6.245211106858e+00
8.785000000001e+01  3.567454046387e+00 5.046261732762e+00 -1.713733083602e+01 6.302055728020e+00
8.786000000001e+01  3.617959252212e+00 5.054738961030e+00 -1.707402755944e+01 6.358548862492e+00
8.787000000001e+01  3.668548214677e+00 5.063012993792e+00 -1.701016107700e+01 6.414696446066e+00
8.788000000001e+01  3.719218856100e+00 5.071074686946e+00 -1.694573481401e+01 6.470504525480e+00
8.789000000001e+01  3.769969007020e+00 5.078914829697e+00 -1.688075213482e+01 6.525979240694e+00
8.790000000001e+01  3.820796405630e+00 5.086524162820e+00 -1.681521634201e+01 6.581126806781e+00
8.791000000001e+01  3.871698697377e+00 5.093893397216e+00 -1.674913067571e+01 6.635953495511e+00
8.792000000001e+01  3.922673434763e+00 5.101013232691e+00 -1.668249831318e+01 6.690465616723e+00
8.793000000001e+01  3.973718077328e+00 5.107874376858e+00 -1.661532236845e+01 6.744669499564e+00
8.794000000001e+01  4.024829991820e+00 5.114467564081e+00 -1.654760589227e+01 6.798571473687e+00
8.795000000001e+01  4.076006452557e+00 5.120783574361e+00 -1.647935187218e+01 6.852177850508e+00
8.796000000001e+01  4.127244641982e+00 5.126813252076e+00 -1.641056323279e+01 6.905494904603e+00
8.797000000001e+01  4.178541651393e+00 5.132547524500e+00 -1.634124283625e+01 6.958528855333e+00
8.798000000001e+01  4.229894481868e+00 5.137977419986e+00 -1.627139348287e+01 7.011285848788e+00
8.799000000001e+01  4.281300045360e+00 5.143094085759e+00 -1.620101791195e+01 7.063771940143e+00
8.800000000001e+01  4.332755165976e+00 5.147888805216e+00 -1.613011880280e+01 7.115993076484e+00
8.801000000001e+01  4.384256581423e+00 5.152353014664e+00 -1.605869877587e+01 7.167955080200e+00
8.802000000001e+01  4.435800944613e+00 5.156478319429e+00 -1.598676039407e+01 7.219663633018e+00
8.803000000001e+01  4.487384825434e+00 5.160256509257e+00 -1.591430616430e+01 7.271124260721e+00
8.804000000001e+01  4.539004712667e+00 5.163679572958e+00 -1.584133853905e+01 7.322342318639e+00
8.805000000001e+01  4.590657016045e+00 5.166739712224e+00 -1.576785991817e+01 7.373322977955e+00
8.806000000001e+01  4.642338068446e+00 5.169429354589e+00 -1.569387265077e+01 7.424071212875e+00
8.807000000001e+01  4.694044128214e+00 5.171741165474e+00 -1.561937903730e+01 7.474591788707e+00
8.808000000001e+01  4.745771381590e+00 5.173668059287e+00 -1.554438133161e+01 7.524889250882e+00
8.809000000001e+01  4.797515945255e+00 5.175203209554e+00 -1.546888174328e+01 7.574967914947e+00
8.810000000001e+01  4.849273868969e+00 5.176340058052e+00 -1.539288243992e+01 7.624831857552e+00
8.811000000001e+01  4.901041138286e+00 5.177072322937e+00 -1.531638554959e+01 7.674484908445e+00
8.812000000001e+01  4.952813677364e+00 5.177394005852e+00 -1.523939316335e+01 7.723930643476e+00
8.813000000001e+01  5.004587351821e+00 5.177299398019e+00 -1.516190733779e+01 7.773172378625e+00
8.814000000001e+01  5.056357971664e+00 5.176783085321e+00 -1.508393009764e+01 7.822213165034e+00
8.815000000001e+01  5.108121294249e+00 5.175839952381e+00 -1.500546343850e+01 7.871055785043e+00
8.816000000001e+01  5.159873027289e+00 5.174465185661e+00 -1.492650932949e+01 7.919702749202e+00
8.817000000001e+01  5.211608831882e+00 5.172654275593e+00 -1.484706971599e+01 7.968156294249e+00
8.818000000001e+01  5.263324325554e+00 5.170403017786e+00 -1.476714652239e+01 8.016418382014e+00
8.819000000001e+01  5.315015085316e+00 5.167707513326e+00 -1.468674165483e+01 8.064490699233e+00
8.820000000001e+01  5.366676650712e+00 5.164564168204e+00 -1.460585700396e+01 8.112374658212e+00
8.821000000001e+01  5.418304526867e+00 5.160969691929e+00 -1.452449444769e+01 8.160071398331e+00
8.822000000001e+01  5.469894187504e+00 5.156921095347e+00 -1.444265585386e+01 8.207581788325e+00
8.823000000001e+01  5.521441077949e+00 5.152415687720e+00 -1.436034308298e+01 8.254906429306e+00
8.824000000001e+01  5.572940618093e+00 5.147451073115e+00 -1.427755799085e+01 8.302045658476e+00
8.825000000001e+01  5.624388205321e+00 5.142025146139e+00 -1.419430243121e+01 8.348999553488e+00
8.826000000001e+01  5.675779217392e+00 5.136136087086e+00 -1.411057825831e+01 8.395767937400e+00
8.827000000001e+01  5.727109015270e+00 5.129782356530e+00 -1.402638732938e+01 8.442350384175e+00
8.828000000001e+01  5.778372945895e+00 5.122962689422e+00 -1.394173150715e+01 8.488746224684e+00
8.829000000001e+01  5.829566344899e+00 5.115676088736e+00 -1.385661266222e+01 8.534954553142e+00
8.830000000001e+01  5.880684539248e+00 5.107921818724e+00 -1.377103267539e+01 8.580974233959e+00
8.831000000001e+01  5.931722849823e+00 5.099699397809e+00 -1.368499343995e+01 8.626803908925e+00
8.832000000001e+01  5.982676593921e+00 5.091008591186e+00 -1.359849686382e+01 8.672442004702e+00
8.833000000001e+01  6.033541087688e+00 5.081849403156e+00 -1.351154487171e+01 8.717886740578e+00
8.834000000001e+01  6.084311648469e+00 5.072222069253e+00 -1.342413940713e+01 8.763136136425e+00
8.835000000001e+01  6.134983597080e+00 5.062127048196e+00 -1.333628243433e+01 8.808188020830e+00
8.836000000001e+01  6.185552260000e+00 5.051565013712e+00 -1.324797594022e+01 8.853040039352e+00
8.837000000001e+01  6.236012971478e+00 5.040536846266e+00 -1.315922193610e+01 8.897689662877e+00
8.838000000001e+01  6.286361075559e+00 5.029043624742e+00 -1.307002245942e+01 8.942134196016e+00
8.839000000001e+01  6.336591928030e+00 5.017086618084e+00 -1.298037957534e+01 8.986370785537e+00
8.840000000001e+01  6.386700898273e+00 5.004667276972e+00 -1.289029537834e+01 9.030396428772e+00
8.841000000001e+01  6.436683371047e+00 4.991787225514e+00 -1.279977199359e+01 9.074207981994e+00
8.842000000001e+01  6.486534748176e+00 4.978448253018e+00 -1.270881157839e+01 9.117802168721e+00
8.843000000001e+01  6.536250450163e+00 4.964652305847e+00 -1.261741632342e+01 9.161175587929e+00
8.844000000001e+01  6.585825917720e+00 4.950401479396e+00 -1.252558845395e+01 9.204324722152e+00
8.845000000001e+01  6.635256613219e+00 4.935698010191e+00 -1.243333023096e+01 9.247245945444e+00
8.846000000001e+01  6.684538022063e+00 4.920544268149e+00 -1.234064395222e+01 9.289935531189e+00
8.847000000001e+01  6.733665653985e+00 4.904942749000e+00 -1.224753195320e+01 9.332389659745e+00
8.848000000001e+01  6.782635044267e+00 4.888896066891e+00 -1.215399660801e+01 9.374604425901e+00
8.849000000001e+01  6.831441754888e+00 4.872406947188e+00 -1.206004033020e+01 9.416575846142e+00
8.850000000001e+01  6.880081375602e+00 4.855478219470e+00 -1.196566557352e+01 9.458299865708e+00
8.851000000001e+01  6.928549524948e+00 4.838112810752e+00 -1.187087483257e+01 9.499772365436e+00
8.852000000001e+01  6.976841851186e+00 4.820313738911e+00 -1.177567064345e+01 9.540989168391e+00
8.853000000001e+01  7.024954033180e+00 4.802084106345e+00 -1.168005558429e+01 9.581946046259e+00
8.854000000001e+01  7.072881781210e+00 4.783427093856e+00 -1.158403227570e+01 9.622638725520e+00
8.855000000001e+01  7.120620837726e+00 4.764345954770e+00 -1.148760338125e+01 9.663062893384e+00
8.856000000001e+01  7.168166978046e+00 4.744844009279e+00 -1.139077160779e+01 9.703214203492e+00
8.857000000001e+01  7.215516010998e+00 4.724924639027e+00 -1.129353970580e+01 9.743088281388e+00
8.858000000001e+01  7.262663779506e+00 4.704591281920e+00 -1.119591046958e+01 9.782680729752e+00
8.859000000001e+01  7.309606161133e+00 4.683847427168e+00 -1.109788673751e+01 9.821987133402e+00
8.860000000001e+01  7.356339068563e+00 4.662696610560e+00 -1.099947139221e+01 9.861003064072e+00
8.861000000001e+01  7.402858450052e+00 4.641142409956e+00 -1.090066736060e+01 9.899724084953e+00
8.862000000001e+01  7.449160289821e+00 4.619188441005e+00 -1.080147761398e+01 9.938145755022e+00
8.863000000001e+01  7.495240608419e+00 4.596838353082e+00 -1.070190516809e+01 9.976263633143e+00
8.864000000001e+01  7.541095463035e+00 4.574095825433e+00 -1.060195308304e+01 1.001407328196e+01
8.865000000001e+01  7.586720947784e+00 4.550964563528e+00 -1.050162446329e+01 1.005157027159e+01
8.866000000001e+01  7.632113193950e+00 4.527448295616e+00 -1.040092245754e+01 1.008875018307e+01
8.867000000001e+01  7.677268370196e+00 4.503550769478e+00 -1.029985025861e+01 1.012560861169e+01
8.868000000001e+01  7.722182682745e+00 4.479275749367e+00 -1.019841110327e+01 1.016214117003e+01
8.869000000001e+01  7.766852375533e+00 4.454627013129e+00 -1.009660827208e+01 1.019834349092e+01
8.870000000001e+01  7.811273730326e+00 4.429608349507e+00 -9.994445089145e+00 1.023421123011e+01
8.871000000001e+01  7.855443066822e+00 4.404223555613e+00 -9.891924921890e+00 1.026974006889e+01
8.872000000001e+01  7.899356742719e+00 4.378476434560e+00 -9.789051180786e+00 1.030492571640e+01
8.873000000001e+01  7.943011153765e+00 4.352370793258e+00 -9.685827319064e+00 1.033976391195e+01
8.874000000001e+01  7.986402733787e+00 4.325910440359e+00 -9.582256832400e+00 1.037425042701e+01
8.875000000001e+01  8.029527954698e+00 4.299099184340e+00 -9.478343258585e+00 1.040838106723e+01
8.876000000001e+01  8.072383326484e+00 4.271940831736e+00 -9.374090177174e+00 1.044215167415e+01
8.877000000001e+01  8.114965397181e+00 4.244439185494e+00 -9.269501209119e+00 1.047555812691e+01
8.878000000001e+01  8.157270752828e+00 4.216598043456e+00 -9.164580016385e+00 1.050859634377e+01
8.879000000001e+01  8.199296017410e+00 4.188421196967e+00 -9.059330301551e+00 1.054126228351e+01
8.880000000001e+01  8.241037852787e+00 4.159912429584e+00 -8.953755807402e+00 1.057355194673e+01
8.881000000001e+01  8.282492958610e+00 4.131075515905e+00 -8.847860316498e+00 1.060546137706e+01
8.882000000001e+01  8.323658072225e+00 4.101914220494e+00 -8.741647650747e+00 1.063698666221e+01
8.883000000001e+01  8.364529968571e+00 4.072432296899e+00 -8.635121670950e+00 1.066812393497e+01
8.884000000001e+01  8.405105460060e+00 4.042633486769e+00 -8.528286276355e+00 1.069886937410e+01
8.885000000001e+01  8.445381396460e+00 4.012521519051e+00 -8.421145404184e+00 1.072921920514e+01
8.886000000001e+01  8.485354664760e+00 3.982100109270e+00 -8.313703029170e+00 1.075916970113e+01
8.887000000001e+01  8.525022189034e+00 3.951372958881e+00 -8.205963163074e+00 1.078871718326e+01
8.888000000001e+01  8.564380930298e+00 3.920343754701e+00 -8.097929854201e+00 1.081785802142e+01
8.889000000001e+01  8.603427886361e+00 3.889016168400e+00 -7.989607186911e+00 1.084658863475e+01
8.890000000001e+01  8.642160091669e+00 3.857393856055e+00 -7.880999281125e+00 1.087490549201e+01
8.891000000001e+01  8.680574617151e+00 3.825480457771e+00 -7.772110291826e+00 1.090280511204e+01
8.892000000001e+01  8.718668570055e+00 3.793279597343e+00 -7.662944408558e+00 1.093028406402e+01
8.893000000001e+01  8.756439093784e+00 3.760794881982e+00 -7.553505854919e+00 1.095733896777e+01
8.894000000001e+01  8.793883367730e+00 3.728029902080e+00 -7.443798888055e+00 1.098396649395e+01
8.895000000001e+01  8.830998607103e+00 3.694988231023e+00 -7.333827798150e+00 1.101016336427e+01
8.896000000001e+01  8.867782062761e+00 3.661673425041e+00 -7.223596907916e+00 1.103592635159e+01
8.897000000001e+01  8.904231021039e+00 3.628089023102e+00 -7.113110572079e+00 1.106125228004e+01
8.898000000001e+01  8.940342803575e+00 3.594238546833e+00 -7.002373176869e+00 1.108613802505e+01
8.899000000001e+01  8.976114767137e+00 3.560125500475e+00 -6.891389139505e+00 1.111058051339e+01
8.900000000001e+01  9.011544303447e+00 3.525753370874e+00 -6.780162907679e+00 1.113457672319e+01
8.901000000001e+01  9.046628839010e+00 3.491125627489e+00 -6.668698959049e+00 1.115812368385e+01
8.902000000001e+01  9.081365834938e+00 3.456245722429e+00 -6.557001800720e+00 1.118121847602e+01
8.903000000001e+01  9.115752786778e+00 3.421117090513e+00 -6.445075968736e+00 1.120385823151e+01
8.904000000001e+01  9.149787224341e+00 3.385743149347e+00 -6.332926027569e+00 1.122604013317e+01
8.905000000001e+01  9.183466711526e+00 3.350127299423e+00 -6.220556569606e+00 1.124776141478e+01
8.906000000001e+01  9.216788846154e+00 3.314272924227e+00 -6.107972214643e+00 1.126901936090e+01
8.907000000001e+01  9.249751259796e+00 3.278183390368e+00 -5.995177609378e+00 1.128981130670e+01
8.908000000001e+01  9.282351617604e+00 3.241862047720e+00 -5.882177426905e+00 1.131013463782e+01
8.909000000001e+01  9.314587618148e+00 3.205312229566e+00 -5.768976366210e+00 1.132998679016e+01
8.910000000001e+01  9.346456993249e+00 3.168537252760e+00 -5.655579151670e+00 1.134936524967e+01
8.911000000001e+01  9.377957507813e+00 3.131540417895e+00 -5.541990532553e+00 1.136826755217e+01
8.912000000001e+01  9.409086959674e+00 3.094325009476e+00 -5.428215282520e+00 1.138669128315e+01
8.913000000001e+01  9.439843179431e+00 3.056894296096e+00 -5.314258199133e+00 1.140463407751e+01
8.914000000001e+01  9.470224030289e+00 3.019251530625e+00 -5.200124103355e+00 1.142209361935e+01
8.915000000001e+01  9.500227407907e+00 2.981399950388e+00 -5.085817839066e+00 1.143906764174e+01
8.916000000001e+01  9.529851240238e+00 2.943342777360e+00 -4.971344272571e+00 1.145555392649e+01
8.917000000001e+01  9.559093487379e+00 2.905083218350e+00 -4.856708292115e+00 1.147155030392e+01
8.918000000001e+01  9.587952141423e+00 2.866624465189e+00 -4.741914807397e+00 1.148705465259e+01
8.919000000001e+01  9.616425226305e+00 2.827969694920e+00 -4.626968749091e+00 1.150206489911e+01
8.920000000001e+01  9.644510797658e+00 2.789122069981e+00 -4.511875068368e+00 1.151657901786e+01
8.921000000001e+01  9.672206942668e+00 2.750084738389e+00 -4.396638736415e+00 1.153059503076e+01
8.922000000001e+01  9.699511779930e+00 2.710860833917e+00 -4.281264743965e+00 1.154411100706e+01
8.923000000001e+01  9.726423459306e+00 2.671453476270e+00 -4.165758100821e+00 1.155712506308e+01
8.924000000001e+01  9.752940161786e+00 2.631865771254e+00 -4.050123835392e+00 1.156963536199e+01
8.925000000001e+01  9.779060099350e+00 2.592100810940e+00 -3.934366994219e+00 1.158164011359e+01
8.926000000001e+01  9.804781514830e+00 2.552161673822e+00 -3.818492641514e+00 1.159313757410e+01
8.927000000001e+01  9.830102681777e+00 2.512051424966e+00 -3.702505858697e+00 1.160412604589e+01
8.928000000001e+01  9.855021904325e+00 2.471773116158e+00 -3.586411743935e+00 1.161460387737e+01
8.929000000001e+01  9.879537517061e+00 2.431329786030e+00 -3.470215411678e+00 1.162456946268e+01
8.930000000001e+01  9.903647884893e+00 2.390724460194e+00 -3.353921992212e+00 1.163402124157e+01
8.931000000001e+01  9.927351402923e+00 2.349960151358e+00 -3.237536631194e+00 1.164295769919e+01
8.932000000001e+01  9.950646496311e+00 2.309039859427e+00 -3.121064489208e+00 1.165137736591e+01
8.933000000001e+01  9.973531620159e+00 2.267966571606e+00 -3.004510741304e+00 1.165927881712e+01
8.934000000001e+01  9.996005259373e+00 2.226743262486e+00 -2.887880576558e+00 1.166666067314e+01
8.935000000001e+01  1.001806592854e+01 2.185372894112e+00 -2.771179197618e+00 1.167352159901e+01
8.936000000001e+01  1.003971217182e+01 2.143858416053e+00 -2.654411820257e+00 1.167986030434e+01
8.937000000001e+01  1.006094256279e+01 2.102202765448e+00 -2.537583672932e+00 1.168567554324e+01
8.938000000001e+01  1.008175570435e+01 2.060408867042e+00 -2.420699996334e+00 1.169096611417e+01
8.939000000001e+01  1.010215022856e+01 2.018479633216e+00 -2.303766042953e+00 1.169573085979e+01
8.940000000001e+01  1.012212479658e+01 1.976417963988e+00 -2.186787076627e+00 1.169996866696e+01
8.941000000001e+01  1.014167809848e+01 1.934226747015e+00 -2.069768372109e+00 1.170367846656e+01
8.942000000001e+01  1.016080885315e+01 1.891908857570e+00 -1.952715214619e+00 1.170685923350e+01
8.943000000001e+01  1.017951580818e+01 1.849467158507e+00 -1.835632899413e+00 1.170950998663e+01
8.944000000001e+01  1.019779773972e+01 1.806904500210e+00 -1.718526731335e+00 1.171162978868e+01
8.945000000001e+01  1.021565345237e+01 1.764223720523e+00 -1.601402024384e+00 1.171321774629e+01
8.946000000001e+01  1.023308177902e+01 1.721427644664e+00 -1.484264101274e+00 1.171427300998e+01
8.947000000001e+01  1.025008158079e+01 1.678519085123e+00 -1.367118292993e+00 1.171479477413e+01
8.948000000001e+01  1.026665174681e+01 1.635500841537e+00 -1.249969938366e+00 1.171478227705e+01
8.949000000001e+01  1.028279119418e+01 1.592375700549e+00 -1.132824383617e+00 1.171423480099e+01
8.950000000001e+01  1.029849886780e+01 1.549146435645e+00 -1.015686981924e+00 1.171315167223e+01
8.951000000001e+01  1.031377374021e+01 1.505815806972e+00 -8.985630929847e-01 1.171153226115e+01
8.952000000001e+01  1.032861481152e+01 1.462386561135e+00 -7.814580825704e-01 1.170937598232e+01
8.953000000001e+01  1.034302110920e+01 1.418861430965e+00 -6.643773220859e-01 1.170668229464e+01
8.954000000001e+01  1.035699168800e+01 1.375243135274e+00 -5.473261881241e-01 1.170345070150e+01
8.955000000001e+01  1.037052562980e+01 1.331534378579e+00 -4.303100620214e-01 1.169968075088e+01
8.956000000001e+01  1.038362204342e+01 1.287737850803e+00 -3.133343294099e-01 1.169537203563e+01
8.957000000001e+01  1.039628006452e+01 1.243856226951e+00 -1.964043797681e-01 1.169052419363e+01
8.958000000001e+01  1.040849885545e+01 1.199892166757e+00 -7.952560596931e-02 1.168513690803e+01
8.959000000001e+01  1.042027760505e+01 1.155848314304e+00 3.729659617237e-02 1.167920990754e+01
8.960000000001e+01  1.043161552853e+01 1.111727297620e+00 1.540568283592e-01 1.167274296672e+01
8.961000000001e+01  1.044251186732e+01 1.067531728233e+00 2.707496902698e-01 1.166573590629e+01
8.962000000001e+01  1.045296588885e+01 1.023264200705e+00 3.873697800227e-01 1.165818859348e+01
8.963000000001e+01  1.046297688643e+01 9.789272921322e-01 5.039116946430e-01 1.165010094244e+01
8.964000000001e+01  1.047254417903e+01 9.345235616023e-01 6.203700305343e-01 1.164147291463e+01
8.965000000001e+01  1.048166711113e+01 8.900555496299e-01 7.367393839532e-01 1.163230451928e+01
8.966000000001e+01  1.049034505254e+01 8.455257775463e-01 8.530143514903e-01 1.162259581388e+01
8.967000000001e+01  1.049857739815e+01 8.009367468554e-01 9.691895305546e-01 1.161234690470e+01
8.968000000001e+01  1.050636356777e+01 7.562909385486e-01 1.085259519865e+00 1.160155794732e+01
8.969000000001e+01  1.051370300593e+01 7.115908123800e-01 1.201218919944e+00 1.159022914727e+01
8.970000000001e+01  1.052059518164e+01 6.668388060983e-01 1.317062333626e+00 1.157836076066e+01
8.971000000001e+01  1.052703958816e+01 6.220373346348e-01 1.432784366559e+00 1.156595309483e+01
8.972000000001e+01  1.053303574281e+01 5.771887892455e-01 1.548379627727e+00 1.155300650913e+01
8.973000000001e+01  1.053858318666e+01 5.322955366053e-01 1.663842729970e+00 1.153952141565e+01
8.974000000001e+01  1.054368148436e+01 4.873599178529e-01 1.779168290515e+00 1.152549828005e+01
8.975000000001e+01  1.054833022381e+01 4.423842475836e-01 1.894350931523e+00 1.151093762247e+01
8.976000000001e+01  1.055252901594e+01 3.973708127889e-01 2.009385280627e+00 1.149584001837e+01
8.977000000001e+01  1.055627749438e+01 3.523218717407e-01 2.124265971502e+00 1.148020609962e+01
8.978000000001e+01  1.055957531522e+01 3.072396528173e-01 2.238987644425e+00 1.146403655544e+01
8.979000000001e+01  1.056242215665e+01 2.621263532699e-01 2.353544946859e+00 1.144733213354e+01
8.980000000001e+01  1.056481771871e+01 2.169841379265e-01 2.467932534043e+00 1.143009364126e+01
8.981000000001e+01  1.056676172287e+01 1.718151378319e-01 2.582145069591e+00 1.141232194680e+01
8.982000000001e+01  1.056825391179e+01 1.266214488206e-01 2.696177226112e+00 1.139401798049e+01
8.983000000001e+01  1.056929404885e+01 8.140513002047e-02 2.810023685836e+00 1.137518273614e+01
8.984000000001e+01  1.056988191786e+01 3.616820228550e-02 2.923679141255e+00 1.135581727248e+01
8.985000000001e+01  1.057001732265e+01 -9.087353446287e-03 3.037138295780e+00 1.133592271462e+01
8.986000000001e+01  1.056970008662e+01 -5.435959787073e-02 3.150395864413e+00 1.131550025564e+01
8.987000000001e+01  1.056893005237e+01 -9.964663511456e-02 3.263446574435e+00 1.129455115827e+01
8.988000000001e+01  1.056770708122e+01 -1.449466146137e-01 3.376285166112e+00 1.127307675652e+01
8.989000000001e+01  1.056603105277e+01 -1.902577330756e-01 3.488906393415e+00 1.125107845761e+01
8.990000000001e+01  1.056390186439e+01 -2.355782365273e-01 3.601305024762e+00 1.122855774376e+01
8.991000000001e+01  1.056131943075e+01 -2.809064224527e-01 3.713475843779e+00 1.120551617424e+01
8.992000000001e+01  1.055828368326e+01 -3.262406420204e-01 3.825413650082e+00 1.118195538741e+01
8.993000000001e+01  1.055479456956e+01 -3.715793024042e-01 3.937113260073e+00 1.115787710289e+01
8.994000000001e+01  1.055085205291e+01 -4.169208691997e-01 4.048569507770e+00 1.113328312382e+01
8.995000000001e+01  1.054645611161e+01 -4.622638689375e-01 4.159777245654e+00 1.110817533919e+01
8.996000000001e+01  1.054160673837e+01 -5.076068916950e-01 4.270731345534e+00 1.108255572633e+01
8.997000000001e+01  1.053630393970e+01 -5.529485938092e-01 4.381426699449e+00 1.105642635343e+01
8.998000000001e+01  1.053054773516e+01 -5.982877006909e-01 4.491858220586e+00 1.102978938221e+01
8.999000000001e+01  1.052433815673e+01 -6.436230097419e-01 4.602020844231e+00 1.100264707065e+01
9.000000000001e+01  1.051767524802e+01 -6.889533933757e-01 4.711909528748e+00 1.097500177586e+01
9.001000000001e+01  1.051055906353e+01 -7.342778021414e-01 4.821519256578e+00 1.094685595703e+01
9.002000000001e+01  1.050298966785e+01 -7.795952679523e-01 4.930845035284e+00 1.091821217849e+01
9.003000000001e+01  1.049496713483e+01 -8.249049074159e-01 5.039881898612e+00 1.088907311287e+01
9.004000000001e+01  1.048649154671e+01 -8.702059252673e-01 5.148624907591e+00 1.085944154439e+01
9.005000000001e+01  1.047756299322e+01 -9.154976179010e-01 5.257069151670e+00 1.082932037215e+01
9.006000000001e+01  1.046818157066e+01 -9.607793770009e-01 5.365209749879e+00 1.079871261367e+01
9.007000000001e+01  1.045834738090e+01 -1.006050693263e+00 5.473041852033e+00 1.076762140838e+01
9.008000000001e+01  1.044806053042e+01 -1.051311160210e+00 5.580560639970e+00 1.073605002129e+01
9.009000000001e+01  1.043732112920e+01 -1.096560478086e+00 5.687761328824e+00 1.070400184667e+01
9.010000000001e+01  1.042612928968e+01 -1.141798457831e+00 5.794639168337e+00 1.067148041191e+01
9.011000000001e+01  1.041448512561e+01 -1.187025025130e+00 5.901189444211e+00 1.063848938134e+01
9.012000000001e+01  1.040238875090e+01 -1.232240224512e+00 6.007407479495e+00 1.060503256014e+01
9.013000000001e+01  1.038984027838e+01 -1.277444223512e+00 6.113288636015e+00 1.057111389839e+01
9.014000000001e+01  1.037683981859e+01 -1.322637316861e+00 6.218828315841e+00 1.053673749499e+01
9.015000000001e+01  1.036338747845e+01 -1.367819930710e+00 6.324021962797e+00 1.050190760176e+01
9.016000000001e+01  1.034948335996e+01 -1.412992626854e+00 6.428865064011e+00 1.046662862748e+01
9.017000000001e+01  1.033512755877e+01 -1.458156106955e+00 6.533353151504e+00 1.043090514189e+01
9.018000000001e+01  1.032032016282e+01 -1.503311216731e+00 6.637481803817e+00 1.039474187972e+01
9.019000000001e+01  1.030506125085e+01 -1.548458950097e+00 6.741246647687e+00 1.035814374464e+01
9.020000000001e+01  1.028935089089e+01 -1.593600453230e+00 6.844643359748e+00 1.032111581313e+01
9.021000000001e+01  1.027318913873e+01 -1.638737028529e+00 6.947667668286e+00 1.028366333827e+01
9.022000000001e+01  1.025657603633e+01 -1.683870138445e+00 7.050315355016e+00 1.024579175337e+01
9.023000000001e+01  1.023951161022e+01 -1.729001409146e+00 7.152582256906e+00 1.020750667541e+01
9.024000000001e+01  1.022199586983e+01 -1.774132633972e+00 7.254464268029e+00 1.016881390837e+01
9.025000000001e+01  1.020402880579e+01 -1.819265776660e+00 7.355957341447e+00 1.012971944622e+01
9.026000000001e+01  1.018561038823e+01 -1.864402974278e+00 7.457057491128e+00 1.009022947563e+01
9.027000000001e+01  1.016674056506e+01 -1.909546539825e+00 7.557760793879e+00 1.005035037846e+01
9.028000000001e+01  1.014741926013e+01 -1.954698964466e+00 7.658063391316e+00 1.001008873374e+01
9.029000000001e+01  1.012764637148e+01 -1.999862919320e+00 7.757961491836e+00 9.969451319238e+00
9.030000000001e+01  1.010742176957e+01 -2.045041256767e+00 7.857451372615e+00 9.928445112650e+00
9.031000000001e+01  1.008674529539e+01 -2.090237011212e+00 7.956529381608e+00 9.887077292091e+00
9.032000000001e+01  1.006561675868e+01 -2.135453399223e+00 8.055191939554e+00 9.845355236077e+00
9.033000000001e+01  1.004403593612e+01 -2.180693819015e+00 8.153435541974e+00 9.803286522787e+00
9.034000000001e+01  1.002200256950e+01 -2.225961849169e+00 8.251256761165e+00 9.760878928590e+00
9.035000000001e+01  9.999516363930e+00 -2.271261246547e+00 8.348652248165e+00 9.718140425759e+00
9.036000000001e+01  9.976576986071e+00 -2.316595943314e+00 8.445618734699e+00 9.675079179286e+00
9.037000000001e+01  9.953184062413e+00 -2.361970042997e+00 8.542153035087e+00 9.631703542741e+00
9.038000000001e+01  9.929337177574e+00 -2.407387815501e+00 8.638252048100e+00 9.588022053081e+00
9.039000000001e+01  9.905035872675e+00 -2.452853691018e+00 8.733912758764e+00 9.544043424356e+00
9.040000000001e+01  9.880279643768e+00 -2.498372252730e+00 8.829132240097e+00 9.499776540204e+00
9.041000000001e+01  9.855067940348e+00 -2.543948228258e+00 8.923907654753e+00 9.455230445095e+00
9.042000000001e+01  9.829400163967e+00 -2.589586479768e+00 9.018236256590e+00 9.410414334230e+00
9.043000000001e+01  9.803275666933e+00 -2.635291992670e+00 9.112115392111e+00 9.365337542028e+00
9.044000000001e+01  9.776693751152e+00 -2.681069862848e+00 9.205542501795e+00 9.320009529151e+00
9.045000000001e+01  9.749653667086e+00 -2.726925282363e+00 9.298515121288e+00 9.274439867995e+00
9.046000000001e+01  9.722154612878e+00 -2.772863523574e+00 9.391030882438e+00 9.228638226602e+00
9.047000000001e+01  9.694195733631e+00 -2.818889921650e+00 9.483087514163e+00 9.182614350957e+00
9.048000000001e+01  9.665776120878e+00 -2.865009855425e+00 9.574682843135e+00 9.136378045638e+00
9.049000000001e+01  9.636894812251e+00 -2.911228726598e+00 9.665814794259e+00 9.089939152792e+00
9.050000000001e+01  9.607550791361e+00 -2.957551937259e+00 9.756481390938e+00 9.043307529459e+00
9.051000000001e+01  9.577742987917e+00 -3.003984865761e+00 9.846680755098e+00 8.996493023226e+00
9.052000000001e+01  9.547470278092e+00 -3.050532840980e+00 9.936411106962e+00 8.949505446267e+00
9.053000000001e+01  9.516731485153e+00 -3.097201114992e+00 1.002567076456e+01 8.902354547811e+00
9.054000000001e+01  9.485525380375e+00 -3.143994834254e+00 1.011445814297e+01 8.855049985105e+00
9.055000000001e+01  9.453850684248e+00 -3.190919009382e+00 1.020277175320e+01 8.807601292973e+00
9.056000000001e+01  9.421706067991e+00 -3.237978483632e+00 1.029061020086e+01 8.760017852082e+00
9.057000000001e+01  9.389090155392e+00 -3.285177900241e+00 1.037797218443e+01 8.712308856062e+00
9.058000000001e+01  9.356001524973e+00 -3.332521668779e+00 1.046485649321e+01 8.664483277642e+00
9.059000000001e+01  9.322438712501e+00 -3.380013930707e+00 1.055126200496e+01 8.616549833989e+00
9.060000000001e+01  9.288400213846e+00 -3.427658524365e+00 1.063718768316e+01 8.568516951473e+00
9.061000000001e+01  9.253884488184e+00 -3.475458949613e+00 1.072263257392e+01 8.520392730091e+00
9.062000000001e+01  9.218889961564e+00 -3.523418332396e+00 1.080759580252e+01 8.472184907806e+00
9.063000000001e+01  9.183415030820e+00 -3.571539389514e+00 1.089207656967e+01 8.423900825099e+00
9.064000000001e+01  9.147458067836e+00 -3.619824393885e+00 1.097607414729e+01 8.375547390010e+00
9.065000000001e+01  9.111017424159e+00 -3.668275140635e+00 1.105958787407e+01 8.327131044004e+00
9.066000000001e+01  9.074091435936e+00 -3.716892914322e+00 1.114261715061e+01 8.278657728969e+00
9.067000000001e+01  9.036678429175e+00 -3.765678457639e+00 1.122516143425e+01 8.230132855701e+00
9.068000000001e+01  8.998776725319e+00 -3.814631941928e+00 1.130722023368e+01 8.181561274189e+00
9.069000000001e+01  8.960384647087e+00 -3.863752939845e+00 1.138879310312e+01 8.132947246054e+00
9.070000000001e+01  8.921500524591e+00 -3.913040400496e+00 1.146987963633e+01 8.084294419465e+00
9.071000000001e+01  8.882122701679e+00 -3.962492627365e+00 1.155047946039e+01 8.035605806838e+00
9.072000000001e+01  8.842249542489e+00 -4.012107259343e+00 1.163059222924e+01 7.986883765633e+00
9.073000000001e+01  8.801879438168e+00 -4.061881255102e+00 1.171021761701e+01 7.938129982516e+00
9.074000000001e+01  8.761010813742e+00 -4.111810881102e+00 1.178935531130e+01 7.889345461119e+00
9.075000000001e+01  8.719642135070e+00 -4.161891703404e+00 1.186800500630e+01 7.840530513644e+00
9.076000000001e+01  8.677771915877e+00 -4.212118583493e+00 1.194616639581e+01 7.791684756444e+00
9.077000000001e+01  8.635398724794e+00 -4.262485678228e+00 1.202383916635e+01 7.742807109752e+00
9.078000000001e+01  8.592521192389e+00 -4.312986444005e+00 1.210102299015e+01 7.693895801613e+00
9.079000000001e+01  8.549138018122e+00 -4.363613645185e+00 1.217771751833e+01 7.644948376080e+00
9.080000000001e+01  8.505247977211e+00 -4.414359366752e+00 1.225392237406e+01 7.595961705648e+00
9.081000000001e+01  8.460849927335e+00 -4.465215031171e+00 1.232963714599e+01 7.546932007875e+00
9.082000000001e+01  8.415942815156e+00 -4.516171419300e+00 1.240486138176e+01 7.497854866067e+00
9.083000000001e+01  8.370525682614e+00 -4.567218695217e+00 1.247959458179e+01 7.448725253877e+00
9.084000000001e+01  8.324597672947e+00 -4.618346434752e+00 1.255383619333e+01 7.399537563600e+00
9.085000000001e+01  8.278158036419e+00 -4.669543657461e+00 1.262758560483e+01 7.350285637917e+00
9.086000000001e+01  8.231206135704e+00 -4.720798861761e+00 1.270084214055e+01 7.300962804803e+00
9.087000000001e+01  8.183741450907e+00 -4.772100062899e+00 1.277360505569e+01 7.251561915256e+00
9.088000000001e+01  8.135763584196e+00 -4.823434833398e+00 1.284587353173e+01 7.202075383516e+00
9.089000000001e+01  8.087272264014e+00 -4.874790345595e+00 1.291764667237e+01 7.152495229370e+00
9.090000000001e+01  8.038267348862e+00 -4.926153415893e+00 1.298892349970e+01 7.102813122166e+00
9.091000000001e+01  7.988748830628e+00 -4.977510550294e+00 1.305970295103e+01 7.053020426121e+00
9.092000000001e+01  7.938716837463e+00 -5.028847990832e+00 1.312998387599e+01 7.003108246513e+00
9.093000000001e+01  7.888171636180e+00 -5.080151762469e+00 1.319976503419e+01 6.953067476344e+00
9.094000000001e+01  7.837113634197e+00 -5.131407720069e+00 1.326904509337e+01 6.902888843084e+00
9.095000000001e+01  7.785543380998e+00 -5.182601595059e+00 1.333782262792e+01 6.852562955097e+00
9.096000000001e+01  7.733461569143e+00 -5.233719041404e+00 1.340609611798e+01 6.802080347378e+00
9.097000000001e+01  7.680869034814e+00 -5.284745680557e+00 1.347386394887e+01 6.751431526270e+00
9.098000000001e+01  7.627766757925e+00 -5.335667145059e+00 1.354112441105e+01 6.700607012831e+00
9.099000000001e+01  7.574155861797e+00 -5.386469120499e+00 1.360787570049e+01 6.649597384557e+00
9.100000000001e+01  7.520037612435e+00 -5.437137385594e+00 1.367411591939e+01 6.598393315225e+00
9.101000000001e+01  7.465413417397e+00 -5.487657850140e+00 1.373984307737e+01 6.546985612615e+00
9.102000000001e+01  7.410284824313e+00 -5.538016590678e+00 1.380505509299e+01 6.495365253934e+00
9.103000000001e+01  7.354653519047e+00 -5.588199883699e+00 1.386974979556e+01 6.443523418786e+00
9.104000000001e+01  7.298521323546e+00 -5.638194236287e+00 1.393392492738e+01 6.391451519587e+00
9.105000000001e+01  7.241890193393e+00 -5.687986414121e+00 1.399757814616e+01 6.339141229318e+00
9.106000000001e+01  7.184762215098e+00 -5.737563466766e+00 1.406070702777e+01 6.286584506592e+00
9.107000000001e+01  7.127139603140e+00 -5.786912750262e+00 1.412330906922e+01 6.233773618001e+00
9.108000000001e+01  7.069024696809e+00 -5.836021947005e+00 1.418538169180e+01 6.180701157762e+00
9.109000000001e+01  7.010419956851e+00 -5.884879082959e+00 1.424692224448e+01 6.127360064692e+00
9.110000000001e+01  6.951327961965e+00 -5.933472542260e+00 1.430792800741e+01 6.073743636579e+00
9.111000000001e+01  6.891751405156e+00 -5.981791079295e+00 1.436839619558e+01 6.019845542020e+00
9.112000000001e+01  6.831693089986e+00 -6.029823828346e+00 1.442832396255e+01 5.965659829834e+00
9.113000000001e+01  6.771155926739e+00 -6.077560310924e+00 1.448770840431e+01 5.911180936154e+00
9.114000000001e+01  6.710142928523e+00 -6.124990440901e+00 1.454654656318e+01 5.856403689330e+00
9.115000000001e+01  6.648657207330e+00 -6.172104527595e+00 1.460483543173e+01 5.801323312767e+00
9.116000000001e+01  6.586701970076e+00 -6.218893276922e+00 1.466257195675e+01 5.745935425853e+00
9.117000000001e+01  6.524280514637e+00 -6.265347790791e+00 1.471975304320e+01 5.690236043109e+00
9.118000000001e+01  6.461396225904e+00 -6.311459564866e+00 1.477637555814e+01 5.634221571718e+00
9.119000000001e+01  6.398052571861e+00 -6.357220484848e+00 1.483243633465e+01 5.577888807572e+00
9.120000000001e+01  6.334253099708e+00 -6.402622821437e+00 1.488793217569e+01 5.521234929994e+00
9.121000000001e+01  6.270001432048e+00 -6.447659224098e+00 1.494285985790e+01 5.464257495272e+00
9.122000000001e+01  6.205301263129e+00 -6.492322713787e+00 1.499721613530e+01 5.406954429147e+00
9.123000000001e+01  6.140156355174e+00 -6.536606674762e+00 1.505099774302e+01 5.349324018390e+00
9.124000000001e+01  6.074570534794e+00 -6.580504845615e+00 1.510420140079e+01 5.291364901596e+00
9.125000000001e+01  6.008547689488e+00 -6.624011309640e+00 1.515682381644e+01 5.233076059316e+00
9.126000000001e+01  5.942091764252e+00 -6.667120484655e+00 1.520886168925e+01 5.174456803648e+00
9.127000000001e+01  5.875206758283e+00 -6.709827112390e+00 1.526031171324e+01 5.115506767385e+00
9.128000000001e+01  5.807896721797e+00 -6.752126247530e+00 1.531117058032e+01 5.056225892823e+00
9.129000000001e+01  5.740165752953e+00 -6.794013246518e+00 1.536143498327e+01 4.996614420333e+00
9.130000000001e+01  5.672017994897e+00 -6.835483756187e+00 1.541110161876e+01 4.936672876756e+00
9.131000000001e+01  5.603457632908e+00 -6.876533702315e+00 1.546016719005e+01 4.876402063719e+00
9.132000000001e+01  5.534488891673e+00 -6.917159278153e+00 1.550862840976e+01 4.815803045938e+00
9.133000000001e+01  5.465116032666e+00 -6.957356933004e+00 1.555648200242e+01 4.754877139553e+00
9.134000000001e+01  5.395343351642e+00 -6.997123360896e+00 1.560372470690e+01 4.693625900574e+00
9.135000000001e+01  5.325175176253e+00 -7.036455489405e+00 1.565035327880e+01 4.632051113466e+00
9.136000000001e+01  5.254615863757e+00 -7.075350468662e+00 1.569636449262e+01 4.570154779926e+00
9.137000000001e+01  5.183669798856e+00 -7.113805660595e+00 1.574175514392e+01 4.507939107888e+00
9.138000000001e+01  5.112341391624e+00 -7.151818628410e+00 1.578652205133e+01 4.445406500774e+00
9.139000000001e+01  5.040635075549e+00 -7.189387126372e+00 1.583066205842e+01 4.382559547041e+00
9.140000000001e+01  4.968555305671e+00 -7.226509089872e+00 1.587417203553e+01 4.319401010016e+00
9.141000000001e+01  4.896106556817e+00 -7.263182625825e+00 1.591704888146e+01 4.255933818060e+00
9.142000000001e+01  4.823293321934e+00 -7.299406003392e+00 1.595928952507e+01 4.192161055061e+00
9.143000000001e+01  4.750120110514e+00 -7.335177645046e+00 1.600089092679e+01 4.128085951268e+00
9.144000000001e+01  4.676591447096e+00 -7.370496117993e+00 1.604185008002e+01 4.063711874479e+00
9.145000000001e+01  4.602711869868e+00 -7.405360125932e+00 1.608216401253e+01 3.999042321572e+00
9.146000000001e+01  4.528485929337e+00 -7.439768501180e+00 1.612182978761e+01 3.934080910398e+00
9.147000000001e+01  4.453918187079e+00 -7.473720197142e+00 1.616084450534e+01 3.868831372023e+00
9.148000000001e+01  4.379013214571e+00 -7.507214281135e+00 1.619920530362e+01 3.803297543319e+00
9.149000000001e+01  4.303775592078e+00 -7.540249927553e+00 1.623690935920e+01 3.737483359905e+00
9.150000000001e+01  4.228209907619e+00 -7.572826411376e+00 1.627395388867e+01 3.671392849421e+00
9.151000000001e+01  4.152320755992e+00 -7.604943102005e+00 1.631033614931e+01 3.605030125139e+00
9.152000000001e+01  4.076112737858e+00 -7.636599457430e+00 1.634605343994e+01 3.538399379901e+00
9.153000000001e+01  3.999590458880e+00 -7.667795018707e+00 1.638110310168e+01 3.471504880367e+00
9.154000000001e+01  3.922758528925e+00 -7.698529404741e+00 1.641548251863e+01 3.404350961574e+00
9.155000000001e+01  3.845621561305e+00 -7.728802307372e+00 1.644918911860e+01 3.336942021794e+00
9.156000000001e+01  3.768184172071e+00 -7.758613486738e+00 1.648222037364e+01 3.269282517670e+00
9.157000000001e+01  3.690450979355e+00 -7.787962766923e+00 1.651457380065e+01 3.201376959637e+00
9.158000000001e+01  3.612426602746e+00 -7.816850031862e+00 1.654624696189e+01 3.133229907604e+00
9.159000000001e+01  3.534115662716e+00 -7.845275221504e+00 1.657723746543e+01 3.064845966894e+00
9.160000000001e+01  3.455522780074e+00 -7.873238328217e+00 1.660754296561e+01 2.996229784419e+00
9.161000000001e+01  3.376652575462e+00 -7.900739393428e+00 1.663716116343e+01 2.927386045100e+00
9.162000000001e+01  3.297509668876e+00 -7.927778504480e+00 1.666608980690e+01 2.858319468501e+00
9.163000000001e+01  3.218098679224e+00 -7.954355791709e+00 1.669432669141e+01 2.789034805681e+00
9.164000000001e+01  3.138424223910e+00 -7.980471425708e+00 1.672186965997e+01 2.719536836238e+00
9.165000000001e+01  3.058490918444e+00 -8.006125614799e+00 1.674871660355e+01 2.649830365560e+00
9.166000000001e+01  2.978303376075e+00 -8.031318602676e+00 1.677486546126e+01 2.579920222244e+00
9.167000000001e+01  2.897866207448e+00 -8.056050666222e+00 1.680031422061e+01 2.509811255692e+00
9.168000000001e+01  2.817184020285e+00 -8.080322113492e+00 1.682506091771e+01 2.439508333880e+00
9.169000000001e+01  2.736261419082e+00 -8.104133281844e+00 1.684910363742e+01 2.369016341265e+00
9.170000000001e+01  2.655103004819e+00 -8.127484536224e+00 1.687244051351e+01 2.298340176852e+00
9.171000000001e+01  2.573713374702e+00 -8.150376267584e+00 1.689506972882e+01 2.227484752393e+00
9.172000000001e+01  2.492097121900e+00 -8.172808891427e+00 1.691698951536e+01 2.156454990718e+00
9.173000000001e+01  2.410258835314e+00 -8.194782846479e+00 1.693819815441e+01 2.085255824189e+00
9.174000000001e+01  2.328203099347e+00 -8.216298593475e+00 1.695869397662e+01 2.013892193268e+00
9.175000000001e+01  2.245934493690e+00 -8.237356614054e+00 1.697847536207e+01 1.942369045197e+00
9.176000000001e+01  2.163457593116e+00 -8.257957409750e+00 1.699754074035e+01 1.870691332777e+00
9.177000000001e+01  2.080776967291e+00 -8.278101501087e+00 1.701588859059e+01 1.798864013246e+00
9.178000000001e+01  1.997897180582e+00 -8.297789426759e+00 1.703351744152e+01 1.726892047248e+00
9.179000000001e+01  1.914822791885e+00 -8.317021742894e+00 1.705042587149e+01 1.654780397881e+00
9.180000000001e+01  1.831558354449e+00 -8.335799022395e+00 1.706661250849e+01 1.582534029833e+00
9.181000000001e+01  1.748108415712e+00 -8.354121854364e+00 1.708207603014e+01 1.510157908585e+00
9.182000000001e+01  1.664477517144e+00 -8.371990843583e+00 1.709681516373e+01 1.437656999689e+00
9.183000000001e+01  1.580670194090e+00 -8.389406610066e+00 1.711082868622e+01 1.365036268110e+00
9.184000000001e+01  1.496690975622e+00 -8.406369788672e+00 1.712411542418e+01 1.292300677625e+00
9.185000000001e+01  1.412544384391e+00 -8.422881028771e+00 1.713667425384e+01 1.219455190286e+00
9.186000000001e+01  1.328234936480e+00 -8.438940993965e+00 1.714850410102e+01 1.146504765932e+00
9.187000000001e+01  1.243767141269e+00 -8.454550361857e+00 1.715960394113e+01 1.073454361750e+00
9.188000000001e+01  1.159145501293e+00 -8.469709823866e+00 1.716997279914e+01 1.000308931886e+00
9.189000000001e+01  1.074374512102e+00 -8.484420085085e+00 1.717960974955e+01 9.270734270979e-01
9.190000000001e+01  9.894586621285e-01 -8.498681864178e+00 1.718851391633e+01 8.537527944475e-01
9.191000000001e+01  9.044024325518e-01 -8.512495893313e+00 1.719668447293e+01 7.803519770313e-01
9.192000000001e+01  8.192102971609e-01 -8.525862918133e+00 1.720412064217e+01 7.068759137468e-01
9.193000000001e+01  7.338867222211e-01 -8.538783697752e+00 1.721082169629e+01 6.333295390909e-01
9.194000000001e+01  6.484361663393e-01 -8.551259004789e+00 1.721678695680e+01 5.597177829890e-01
9.195000000001e+01  5.628630803282e-01 -8.563289625423e+00 1.722201579452e+01 4.860455706520e-01
9.196000000001e+01  4.771719070705e-01 -8.574876359476e+00 1.722650762948e+01 4.123178224604e-01
9.197000000001e+01  3.913670813820e-01 -8.586020020518e+00 1.723026193090e+01 3.385394538717e-01
9.198000000001e+01  3.054530298733e-01 -8.596721435998e+00 1.723327821713e+01 2.647153753520e-01
9.199000000001e+01  2.194341708103e-01 -8.606981447388e+00 1.723555605560e+01 1.908504923274e-01
9.200000000001e+01  1.333149139732e-01 -8.616800910356e+00 1.723709506275e+01 1.169497051558e-01
9.201000000001e+01  4.709966051377e-02 -8.626180694943e+00 1.723789490403e+01 4.301790911660e-02
9.202000000001e+01  -3.920719718978e-02 -8.635121685769e+00 1.723795529379e+01 -3.094000558226e-02
9.203000000001e+01  -1.256012756793e-01 -8.643624782247e+00 1.723727599527e+01 -1.049191537822e-01
9.204000000001e+01  -2.120782005660e-01 -8.651690898808e+00 1.723585682054e+01 -1.789146553370e-01
9.205000000001e+01  -2.986336066816e-01 -8.659320965147e+00 1.723369763043e+01 -2.529216350619e-01
9.206000000001e+01  -3.852631382325e-01 -8.666515926472e+00 1.723079833453e+01 -3.269352226709e-01
9.207000000001e+01  -4.719624489561e-01 -8.673276743771e+00 1.722715889107e+01 -4.009505527017e-01
9.208000000001e+01  -5.587272022800e-01 -8.679604394082e+00 1.722277930694e+01 -4.749627644305e-01
9.209000000001e+01  -6.455530714838e-01 -8.685499870778e+00 1.721765963759e+01 -5.489670017760e-01
9.210000000001e+01  -7.324357398640e-01 -8.690964183854e+00 1.721179998704e+01 -6.229584131947e-01
9.211000000001e+01  -8.193709009018e-01 -8.695998360229e+00 1.720520050778e+01 -6.969321515674e-01
9.212000000001e+01  -9.063542584337e-01 -8.700603444053e+00 1.719786140074e+01 -7.708833740771e-01
9.213000000001e+01  -9.933815268254e-01 -8.704780497010e+00 1.718978291529e+01 -8.448072420807e-01
9.214000000001e+01  -1.080448431149e+00 -8.708530598646e+00 1.718096534915e+01 -9.186989209722e-01
9.215000000001e+01  -1.167550707362e+00 -8.711854846684e+00 1.717140904836e+01 -9.925535800404e-01
9.216000000001e+01  -1.254684102494e+00 -8.714754357360e+00 1.716111440725e+01 -1.066366392321e+00
9.217000000001e+01  -1.341844374829e+00 -8.717230265745e+00 1.715008186841e+01 -1.140132534440e+00
9.218000000001e+01  -1.429027294098e+00 -8.719283726094e+00 1.713831192265e+01 -1.213847186460e+00
9.219000000001e+01  -1.516228641674e+00 -8.720915912175e+00 1.712580510895e+01 -1.287505531707e+00
9.220000000001e+01  -1.603444210763e+00 -8.722128017621e+00 1.711256201445e+01 -1.361102756610e+00
9.221000000001e+01  -1.690669806614e+00 -8.722921256275e+00 1.709858327440e+01 -1.434634050525e+00
9.222000000001e+01  -1.777901246713e+00 -8.723296862538e+00 1.708386957217e+01 -1.508094605554e+00
9.223000000001e+01  -1.865134360995e+00 -8.723256091723e+00 1.706842163917e+01 -1.581479616372e+00
9.224000000001e+01  -1.952364992057e+00 -8.722800220411e+00 1.705224025485e+01 -1.654784280035e+00
9.225000000001e+01  -2.039588995368e+00 -8.721930546807e+00 1.703532624670e+01 -1.728003795798e+00
9.226000000001e+01  -2.126802239489e+00 -8.720648391097e+00 1.701768049020e+01 -1.801133364920e+00
9.227000000001e+01  -2.214000606295e+00 -8.718955095813e+00 1.699930390879e+01 -1.874168190475e+00
9.228000000001e+01  -2.301179991201e+00 -8.716852026193e+00 1.698019747390e+01 -1.947103477153e+00
9.229000000001e+01  -2.388336303388e+00 -8.714340570543e+00 1.696036220489e+01 -2.019934431062e+00
9.230000000001e+01  -2.475465466039e+00 -8.711422140604e+00 1.693979916905e+01 -2.092656259528e+00
9.231000000001e+01  -2.562563416571e+00 -8.708098171917e+00 1.691850948160e+01 -2.165264170888e+00
9.232000000001e+01  -2.649626106880e+00 -8.704370124188e+00 1.689649430566e+01 -2.237753374293e+00
9.233000000001e+01  -2.736649503580e+00 -8.700239481658e+00 1.687375485229e+01 -2.310119079493e+00
9.234000000001e+01  -2.823629588253e+00 -8.695707753467e+00 1.685029238040e+01 -2.382356496631e+00
9.235000000001e+01  -2.910562357698e+00 -8.690776474025e+00 1.682610819684e+01 -2.454460836035e+00
9.236000000001e+01  -2.997443824187e+00 -8.685447203377e+00 1.680120365634e+01 -2.526427308006e+00
9.237000000001e+01  -3.084270015723e+00 -8.679721527574e+00 1.677558016152e+01 -2.598251122602e+00
9.238000000001e+01  -3.171036976299e+00 -8.673601059038e+00 1.674923916292e+01 -2.669927489428e+00
9.239000000001e+01  -3.257740766170e+00 -8.667087436931e+00 1.672218215898e+01 -2.741451617421e+00
9.240000000001e+01  -3.344377462113e+00 -8.660182327522e+00 1.669441069605e+01 -2.812818714633e+00
9.241000000001e+01  -3.430943157711e+00 -8.652887424549e+00 1.666592636841e+01 -2.884023988017e+00
9.242000000001e+01  -3.517433963618e+00 -8.645204449589e+00 1.663673081828e+01 -2.955062643212e+00
9.243000000001e+01  -3.603846007850e+00 -8.637135152419e+00 1.660682573582e+01 -3.025929884323e+00
9.244000000001e+01  -3.690175436059e+00 -8.628681311379e+00 1.657621285917e+01 -3.096620913711e+00
9.245000000001e+01  -3.776418411829e+00 -8.619844733731e+00 1.654489397446e+01 -3.167130931775e+00
9.246000000001e+01  -3.862571116960e+00 -8.610627256017e+00 1.651287091582e+01 -3.237455136736e+00
9.247000000001e+01  -3.948629751768e+00 -8.601030744417e+00 1.648014556539e+01 -3.307588724428e+00
9.248000000001e+01  -4.034590535379e+00 -8.591057095102e+00 1.644671985341e+01 -3.377526888081e+00
9.249000000001e+01  -4.120449706033e+00 -8.580708234582e+00 1.641259575815e+01 -3.447264818115e+00
9.250000000001e+01  -4.206203521391e+00 -8.569986120053e+00 1.637777530604e+01 -3.516797701929e+00
9.251000000001e+01  -4.291848258837e+00 -8.558892739744e+00 1.634226057162e+01 -3.586120723697e+00
9.252000000001e+01  -4.377380215797e+00 -8.547430113250e+00 1.630605367761e+01 -3.655229064166e+00
9.253000000001e+01  -4.462795710051e+00 -8.535600291871e+00 1.626915679495e+01 -3.724117900451e+00
9.254000000001e+01  -4.548091080053e+00 -8.523405358938e+00 1.623157214283e+01 -3.792782405848e+00
9.255000000001e+01  -4.633262685249e+00 -8.510847430135e+00 1.619330198872e+01 -3.861217749636e+00
9.256000000001e+01  -4.718306906410e+00 -8.497928653820e+00 1.615434864842e+01 -3.929419096894e+00
9.257000000001e+01  -4.803220145952e+00 -8.484651211330e+00 1.611471448609e+01 -3.997381608320e+00
9.258000000001e+01  -4.887998828272e+00 -8.471017317288e+00 1.607440191433e+01 -4.065100440056e+00
9.259000000001e+01  -4.972639400082e+00 -8.457029219892e+00 1.603341339419e+01 -4.132570743519e+00
9.260000000001e+01  -5.057138330744e+00 -8.442689201202e+00 1.599175143522e+01 -4.199787665247e+00
9.261000000001e+01  -5.141492112612e+00 -8.427999577417e+00 1.594941859555e+01 -4.266746346740e+00
9.262000000001e+01  -5.225697261374e+00 -8.412962699132e+00 1.590641748190e+01 -4.333441924327e+00
9.263000000001e+01  -5.309750316397e+00 -8.397580951600e+00 1.586275074968e+01 -4.399869529025e+00
9.264000000001e+01  -5.393647841077e+00 -8.381856754963e+00 1.581842110299e+01 -4.466024286427e+00
9.265000000001e+01  -5.477386423184e+00 -8.365792564482e+00 1.577343129472e+01 -4.531901316592e+00
9.266000000001e+01  -5.560962675219e+00 -8.349390870747e+00 1.572778412657e+01 -4.597495733946e+00
9.267000000001e+01  -5.644373234768e+00 -8.332654199871e+00 1.568148244915e+01 -4.662802647210e+00
9.268000000001e+01  -5.727614764854e+00 -8.315585113667e+00 1.563452916200e+01 -4.727817159333e+00
9.269000000001e+01  -5.810683954299e+00 -8.298186209808e+00 1.558692721364e+01 -4.792534367444e+00
9.270000000001e+01  -5.893577518082e+00 -8.280460121965e+00 1.553867960168e+01 -4.856949362828e+00
9.271000000001e+01  -5.976292197699e+00 -8.262409519920e+00 1.548978937282e+01 -4.921057230917e+00
9.272000000001e+01  -6.058824761525e+00 -8.244037109664e+00 1.544025962296e+01 -4.984853051307e+00
9.273000000001e+01  -6.141172005176e+00 -8.225345633460e+00 1.539009349722e+01 -5.048331897792e+00
9.274000000001e+01  -6.223330751872e+00 -8.206337869889e+00 1.533929419001e+01 -5.111488838434e+00
9.275000000001e+01  -6.305297852803e+00 -8.187016633857e+00 1.528786494508e+01 -5.174318935650e+00
9.276000000001e+01  -6.387070187487e+00 -8.167384776583e+00 1.523580905560e+01 -5.236817246336e+00
9.277000000001e+01  -6.468644664137e+00 -8.147445185537e+00 1.518312986419e+01 -5.298978822014e+00
9.278000000001e+01  -6.550018220021e+00 -8.127200784365e+00 1.512983076299e+01 -5.360798709027e+00
9.279000000001e+01  -6.631187821823e+00 -8.106654532755e+00 1.507591519368e+01 -5.422271948751e+00
9.280000000001e+01  -6.712150466006e+00 -8.085809426276e+00 1.502138664757e+01 -5.483393577864e+00
9.281000000001e+01  -6.792903179165e+00 -8.064668496170e+00 1.496624866562e+01 -5.544158628644e+00
9.282000000001e+01  -6.873443018385e+00 -8.043234809101e+00 1.491050483848e+01 -5.604562129316e+00
9.283000000001e+01  -6.953767071594e+00 -8.021511466848e+00 1.485415880656e+01 -5.664599104447e+00
9.284000000001e+01  -7.033872457911e+00 -7.999501605958e+00 1.479721426000e+01 -5.724264575386e+00
9.285000000001e+01  -7.113756327992e+00 -7.977208397337e+00 1.473967493878e+01 -5.783553560759e+00
9.286000000001e+01  -7.193415864375e+00 -7.954635045783e+00 1.468154463268e+01 -5.842461077026e+00
9.287000000001e+01  -7.272848281807e+00 -7.931784789461e+00 1.462282718134e+01 -5.900982139091e+00
9.288000000001e+01  -7.352050827587e+00 -7.908660899312e+00 1.456352647425e+01 -5.959111760972e+00
9.289000000001e+01  -7.431020781879e+00 -7.885266678394e+00 1.450364645074e+01 -6.016844956552e+00
9.290000000001e+01  -7.509755458038e+00 -7.861605461147e+00 1.444319110004e+01 -6.074176740385e+00
9.291000000001e+01  -7.588252202914e+00 -7.837680612587e+00 1.438216446118e+01 -6.131102128587e+00
9.292000000001e+01  -7.666508397158e+00 -7.813495527416e+00 1.432057062305e+01 -6.187616139803e+00
9.293000000001e+01  -7.744521455510e+00 -7.789053629050e+00 1.425841372433e+01 -6.243713796257e+00
9.294000000001e+01  -7.822288827084e+00 -7.764358368553e+00 1.419569795345e+01 -6.299390124886e+00
9.295000000001e+01  -7.899807995635e+00 -7.739413223482e+00 1.413242754853e+01 -6.354640158576e+00
9.296000000001e+01  -7.977076479822e+00 -7.714221696632e+00 1.406860679734e+01 -6.409458937487e+00
9.297000000001e+01  -8.054091833451e+00 -7.688787314676e+00 1.400424003721e+01 -6.463841510476e+00
9.298000000001e+01  -8.130851645706e+00 -7.663113626700e+00 1.393933165491e+01 -6.517782936641e+00
9.299000000001e+01  -8.207353541368e+00 -7.637204202626e+00 1.387388608658e+01 -6.571278286959e+00
9.300000000001e+01  -8.283595181011e+00 -7.611062631506e+00 1.380790781756e+01 -6.624322646055e+00
9.301000000001e+01  -8.359574261187e+00 -7.584692519712e+00 1.374140138229e+01 -6.676911114085e+00
9.302000000001e+01  -8.435288514590e+00 -7.558097488976e+00 1.367437136411e+01 -6.729038808746e+00
9.303000000001e+01  -8.510735710196e+00 -7.531281174316e+00 1.360682239509e+01 -6.780700867421e+00
9.304000000001e+01  -8.585913653387e+00 -7.504247221807e+00 1.353875915580e+01 -6.831892449460e+00
9.305000000001e+01  -8.660820186050e+00 -7.476999286217e+00 1.347018637511e+01 -6.882608738606e+00
9.306000000001e+01  -8.735453186651e+00 -7.449541028493e+00 1.340110882992e+01 -6.932844945565e+00
9.307000000001e+01  -8.809810570281e+00 -7.421876113086e+00 1.333153134487e+01 -6.982596310728e+00
9.308000000001e+01  -8.883890288683e+00 -7.394008205123e+00 1.326145879203e+01 -7.031858107061e+00
9.309000000001e+01  -8.957690330235e+00 -7.365940967414e+00 1.319089609056e+01 -7.080625643146e+00
9.310000000001e+01  -9.031208719920e+00 -7.337678057285e+00 1.311984820635e+01 -7.128894266393e+00
9.311000000001e+01  -9.104443519248e+00 -7.309223123236e+00 1.304832015159e+01 -7.176659366435e+00
9.312000000001e+01  -9.177392826152e+00 -7.280579801434e+00 1.297631698438e+01 -7.223916378681e+00
9.313000000001e+01  -9.250054774849e+00 -7.251751712002e+00 1.290384380817e+01 -7.270660788068e+00
9.314000000001e+01  -9.322427535656e+00 -7.222742455142e+00 1.283090577133e+01 -7.316888132985e+00
9.315000000001e+01  -9.394509314772e+00 -7.193555607056e+00 1.275750806654e+01 -7.362594009391e+00
9.316000000001e+01  -9.466298354018e+00 -7.164194715681e+00 1.268365593022e+01 -7.407774075121e+00
9.317000000001e+01  -9.537792930531e+00 -7.134663296225e+00 1.260935464187e+01 -7.452424054386e+00
9.318000000001e+01  -9.608991356410e+00 -7.104964826513e+00 1.253460952341e+01 -7.496539742468e+00
9.319000000001e+01  -9.679891978326e+00 -7.075102742128e+00 1.245942593842e+01 -7.540117010610e+00
9.320000000001e+01  -9.750493177067e+00 -7.045080431360e+00 1.238380929134e+01 -7.583151811099e+00
9.321000000001e+01  -9.820793367041e+00 -7.014901229961e+00 1.230776502669e+01 -7.625640182550e+00
9.322000000001e+01  -9.890790995724e+00 -6.984568415692e+00 1.223129862813e+01 -7.667578255380e+00
9.323000000001e+01  -9.960484543052e+00 -6.954085202692e+00 1.215441561752e+01 -7.708962257476e+00
9.324000000001e+01  -1.002987252076e+01 -6.923454735646e+00 1.207712155394e+01 -7.749788520045e+00
9.325000000001e+01  -1.009895347164e+01 -6.892680083774e+00 1.199942203261e+01 -7.790053483659e+00
9.326000000001e+01  -1.016772596877e+01 -6.861764234638e+00 1.192132268375e+01 -7.829753704465e+00
9.327000000001e+01  -1.023618861469e+01 -6.830710087780e+00 1.184282917143e+01 -7.868885860572e+00
9.328000000001e+01  -1.030434004043e+01 -6.799520448188e+00 1.176394719229e+01 -7.907446758602e+00
9.329000000001e+01  -1.037217890457e+01 -6.768198019623e+00 1.168468247421e+01 -7.945433340390e+00
9.330000000001e+01  -1.043970389221e+01 -6.736745397789e+00 1.160504077496e+01 -7.982842689822e+00
9.331000000001e+01  -1.050691371380e+01 -6.705165063382e+00 1.152502788073e+01 -8.019672039804e+00
9.332000000001e+01  -1.057380710401e+01 -6.673459375024e+00 1.144464960459e+01 -8.055918779342e+00
9.333000000001e+01  -1.064038282044e+01 -6.641630562102e+00 1.136391178490e+01 -8.091580460719e+00
9.334000000001e+01  -1.070663964230e+01 -6.609680717522e+00 1.128282028366e+01 -8.126654806746e+00
9.335000000001e+01  -1.077257636903e+01 -6.577611790409e+00 1.120138098474e+01 -8.161139718071e+00
9.336000000001e+01  -1.083819181877e+01 -6.545425578776e+00 1.111959979208e+01 -8.195033280524e+00
9.337000000001e+01  -1.090348482688e+01 -6.513123722169e+00 1.103748262780e+01 -8.228333772470e+00
9.338000000001e+01  -1.096845424427e+01 -6.480707694339e+00 1.095503543024e+01 -8.261039672144e+00
9.339000000001e+01  -1.103309893573e+01 -6.448178795947e+00 1.087226415192e+01 -8.293149664946e+00
9.340000000001e+01  -1.109741777815e+01 -6.415538147352e+00 1.078917475744e+01 -8.324662650660e+00
9.341000000001e+01  -1.116140965869e+01 -6.382786681494e+00 1.070577322127e+01 -8.355577750563e+00
9.342000000001e+01  -1.122507347285e+01 -6.349925136921e+00 1.062206552556e+01 -8.385894314398e+00
9.343000000001e+01  -1.128840812255e+01 -6.316954050990e+00 1.053805765776e+01 -8.415611927171e+00
9.344000000001e+01  -1.135141251401e+01 -6.283873753277e+00 1.045375560828e+01 -8.444730415730e+00
9.345000000001e+01  -1.141408555568e+01 -6.250684359242e+00 1.036916536800e+01 -8.473249855099e+00
9.346000000001e+01  -1.147642615607e+01 -6.217385764176e+00 1.028429292580e+01 -8.501170574516e+00
9.347000000001e+01  -1.153843322152e+01 -6.183977637486e+00 1.019914426596e+01 -8.528493163140e+00
9.348000000001e+01  -1.160010565389e+01 -6.150459417353e+00 1.011372536552e+01 -8.555218475380e+00
9.349000000001e+01  -1.166144234826e+01 -6.116830305798e+00 1.002804219166e+01 -8.581347635816e+00
9.350000000001e+01  -1.172244219052e+01 -6.083089264221e+00 9.942100698930e+00 -8.606882043642e+00
9.351000000001e+01  -1.178310405494e+01 -6.049235009428e+00 9.855906826481e+00 -8.631823376624e+00
9.352000000001e+01  -1.184342680173e+01 -6.015266010213e+00 9.769466495291e+00 -8.656173594498e+00
9.353000000001e+01  -1.190340927453e+01 -5.981180484526e+00 9.682785605311e+00 -8.679934941781e+00
9.354000000001e+01  -1.196305029790e+01 -5.946976397270e+00 9.595870032613e+00 -8.703109949953e+00
9.355000000001e+01  -1.202234867476e+01 -5.912651458766e+00 9.508725626513e+00 -8.725701438965e+00
9.356000000001e+01  -1.208130318389e+01 -5.878203123936e+00 9.421358206679e+00 -8.747712518037e+00
9.357000000001e+01  -1.213991257729e+01 -5.843628592221e+00 9.333773560240e+00 -8.769146585706e+00
9.358000000001e+01  -1.219817557773e+01 -5.808924808284e+00 9.245977438899e+00 -8.790007329096e+00
9.359000000001e+01  -1.225609087614e+01 -5.774088463527e+00 9.157975556051e+00 -8.810298722374e+00
9.360000000001e+01  -1.231365712909e+01 -5.739115998444e+00 9.069773583924e+00 -8.830025024361e+00
9.361000000001e+01  -1.237087295636e+01 -5.704003605836e+00 8.981377150754e+00 -8.849190775285e+00
9.362000000001e+01  -1.242773693840e+01 -5.668747234914e+00 8.892791837985e+00 -8.867800792646e+00
9.363000000001e+01  -1.248424761397e+01 -5.633342596296e+00 8.804023177527e+00 -8.885860166172e+00
9.364000000001e+01  -1.254040347779e+01 -5.597785167920e+00 8.715076649061e+00 -8.903374251882e+00
9.365000000001e+01  -1.259620297820e+01 -5.562070201865e+00 8.625957677408e+00 -8.920348665212e+00
9.366000000001e+01  -1.265164451501e+01 -5.526192732090e+00 8.536671629980e+00 -8.936789273243e+00
9.367000000001e+01  -1.270672643728e+01 -5.490147583084e+00 8.447223814299e+00 -8.952702186001e+00
9.368000000001e+01  -1.276144704133e+01 -5.453929379413e+00 8.357619475623e+00 -8.968093746871e+00
9.369000000001e+01  -1.281580456880e+01 -5.417532556140e+00 8.267863794659e+00 -8.982970522127e+00
9.370000000001e+01  -1.286979720476e+01 -5.380951370112e+00 8.177961885397e+00 -8.997339289596e+00
9.371000000001e+01  -1.292342307603e+01 -5.344179912062e+00 8.087918793046e+00 -9.011207026510e+00
9.372000000001e+01  -1.297668024957e+01 -5.307212119509e+00 7.997739492116e+00 -9.024580896554e+00
9.373000000001e+01  -1.302956673102e+01 -5.270041790393e+00 7.907428884610e+00 -9.037468236172e+00
9.374000000001e+01  -1.308208046336e+01 -5.232662597424e+00 7.816991798380e+00 -9.049876540172e+00
9.375000000001e+01  -1.313421932577e+01 -5.195068103065e+00 7.726432985610e+00 -9.061813446680e+00
9.376000000001e+01  -1.318598113255e+01 -5.157251775104e+00 7.635757121464e+00 -9.073286721517e+00
9.377000000001e+01  -1.323736363231e+01 -5.119207002749e+00 7.544968802891e+00 -9.084304242036e+00
9.378000000001e+01  -1.328836450723e+01 -5.080927113181e+00 7.454072547590e+00 -9.094873980519e+00
9.379000000001e+01  -1.333898137254e+01 -5.042405388477e+00 7.363072793149e+00 -9.105003987179e+00
9.380000000001e+01  -1.338921177615e+01 -5.003635082856e+00 7.271973896349e+00 -9.114702372861e+00
9.381000000001e+01  -1.343905319846e+01 -4.964609440141e+00 7.180780132647e+00 -9.123977291510e+00
9.382000000001e+01  -1.348850305235e+01 -4.925321711369e+00 7.089495695834e+00 -9.132836922489e+00
9.383000000001e+01  -1.353755868331e+01 -4.885765172476e+00 6.998124697867e+00 -9.141289452836e+00
9.384000000001e+01  -1.358621736984e+01 -4.845933141954e+00 6.906671168884e+00 -9.149343059525e+00
9.385000000001e+01  -1.363447632390e+01 -4.805818998416e+00 6.815139057392e+00 -9.157005891839e+00
9.386000000001e+01  -1.368233269163e+01 -4.765416197974e+00 6.723532230628e+00 -9.164286053911e+00
9.387000000001e+01  -1.372978355419e+01 -4.724718291360e+00 6.631854475101e+00 -9.171191587534e+00
9.388000000001e+01  -1.377682592883e+01 -4.683718940698e+00 6.540109497299e+00 -9.177730455307e+00
9.389000000001e+01  -1.382345677005e+01 -4.642411935865e+00 6.448300924558e+00 -9.183910524199e+00
9.390000000001e+01  -1.386967297095e+01 -4.600791210357e+00 6.356432306105e+00 -9.189739549605e+00
9.391000000001e+01  -1.391547136478e+01 -4.558850856599e+00 6.264507114246e+00 -9.195225159949e+00
9.392000000001e+01  -1.396084872658e+01 -4.516585140629e+00 6.172528745713e+00 -9.200374841925e+00
9.393000000001e+01  -1.400580177497e+01 -4.473988516095e+00 6.080500523148e+00 -9.205195926407e+00
9.394000000001e+01  -1.405032717414e+01 -4.431055637524e+00 5.988425696731e+00 -9.209695575102e+00
9.395000000001e+01  -1.409442153586e+01 -4.387781372791e+00 5.896307445931e+00 -9.213880767991e+00
9.396000000001e+01  -1.413808142173e+01 -4.344160814765e+00 5.804148881388e+00 -9.217758291590e+00
9.397000000001e+01  -1.418130334544e+01 -4.300189292093e+00 5.711953046894e+00 -9.221334728082e+00
9.398000000001e+01  -1.422408377520e+01 -4.255862379076e+00 5.619722921495e+00 -9.224616445348e+00
9.399000000001e+01  -1.426641913624e+01 -4.211175904634e+00 5.527461421670e+00 -9.227609587903e+00
9.400000000001e+01  -1.430830581339e+01 -4.166125960325e+00 5.435171403615e+00 -9.230320068788e+00
9.401000000001e+01  -1.434974015374e+01 -4.120708907422e+00 5.342855665583e+00 -9.232753562395e+00
9.402000000001e+01  -1.439071846938e+01 -4.074921383027e+00 5.250516950313e+00 -9.234915498255e+00
9.403000000001e+01  -1.443123704016e+01 -4.028760305237e+00 5.158157947494e+00 -9.236811055773e+00
9.404000000001e+01  -1.447129211656e+01 -3.982222877356e+00 5.065781296296e+00 -9.238445159912e+00
9.405000000001e+01  -1.451087992252e+01 -3.935306591178e+00 4.973389587928e+00 -9.239822477813e+00
9.406000000001e+01  -1.454999665835e+01 -3.888009229349e+00 4.880985368227e+00 -9.240947416326e+00
9.407000000001e+01  -1.458863850365e+01 -3.840328866831e+00 4.788571140273e+00 -9.241824120442e+00
9.408000000001e+01  -1.462680162025e+01 -3.792263871494e+00 4.696149367008e+00 -9.242456472589e+00
9.409000000001e+01  -1.466448215510e+01 -3.743812903881e+00 4.603722473860e+00 -9.242848092772e+00
9.410000000001e+01  -1.470167624322e+01 -3.694974916148e+00 4.511292851367e+00 -9.243002339505e+00
9.411000000001e+01  -1.473838001061e+01 -3.645749150253e+00 4.418862857779e+00 -9.242922311529e+00
9.412000000001e+01  -1.477458957712e+01 -3.596135135405e+00 4.326434821645e+00 -9.242610850234e+00
9.413000000001e+01  -1.481030105930e+01 -3.546132684833e+00 4.234011044371e+00 -9.242070542792e+00
9.414000000001e+01  -1.484551057326e+01 -3.495741891906e+00 4.141593802746e+00 -9.241303725908e+00
9.415000000001e+01  -1.488021423739e+01 -3.444963125660e+00 4.049185351418e+00 -9.240312490185e+00
9.416000000001e+01  -1.491440817515e+01 -3.393797025770e+00 3.956787925340e+00 -9.239098685029e+00
9.417000000001e+01  -1.494808851771e+01 -3.342244497016e+00 3.864403742145e+00 -9.237663924065e+00
9.418000000001e+01  -1.498125140658e+01 -3.290306703292e+00 3.772035004482e+00 -9.236009591006e+00
9.419000000001e+01  -1.501389299619e+01 -3.237985061202e+00 3.679683902280e+00 -9.234136845939e+00
9.420000000001e+01  -1.504600945634e+01 -3.185281233289e+00 3.587352614953e+00 -9.232046631964e+00
9.421000000001e+01  -1.507759697467e+01 -3.132197120941e+00 3.495043313532e+00 -9.229739682170e+00
9.422000000001e+01  -1.510865175898e+01 -3.078734857025e+00 3.402758162734e+00 -9.227216526870e+00
9.423000000001e+01  -1.513917003954e+01 -3.024896798281e+00 3.310499322947e+00 -9.224477501081e+00
9.424000000001e+01  -1.516914807123e+01 -2.970685517528e+00 3.218268952148e+00 -9.221522752188e+00
9.425000000001e+01  -1.519858213572e+01 -2.916103795711e+00 3.126069207737e+00 -9.218352247766e+00
9.426000000001e+01  -1.522746854351e+01 -2.861154613843e+00 3.033902248301e+00 -9.214965783509e+00
9.427000000001e+01  -1.525580363583e+01 -2.805841144851e+00 2.941770235288e+00 -9.211362991240e+00
9.428000000001e+01  -1.528358378659e+01 -2.750166745397e+00 2.849675334607e+00 -9.207543346972e+00
9.429000000001e+01  -1.531080540412e+01 -2.694134947667e+00 2.757619718144e+00 -9.203506178968e+00
9.430000000001e+01  -1.533746493293e+01 -2.637749451188e+00 2.665605565203e+00 -9.199250675793e+00
9.431000000001e+01  -1.536355885531e+01 -2.581014114683e+00 2.573635063860e+00 -9.194775894320e+00
9.432000000001e+01  -1.538908369289e+01 -2.523932947994e+00 2.481710412242e+00 -9.190080767664e+00
9.433000000001e+01  -1.541403600812e+01 -2.466510104104e+00 2.389833819723e+00 -9.185164113024e+00
9.434000000001e+01  -1.543841240567e+01 -2.408749871263e+00 2.298007508046e+00 -9.180024639409e+00
9.435000000001e+01  -1.546220953370e+01 -2.350656665250e+00 2.206233712369e+00 -9.174660955230e+00
9.436000000001e+01  -1.548542408514e+01 -2.292235021787e+00 2.114514682230e+00 -9.169071575750e+00
9.437000000001e+01  -1.550805279886e+01 -2.233489589112e+00 2.022852682443e+00 -9.163254930355e+00
9.438000000001e+01  -1.553009246072e+01 -2.174425120732e+00 1.931249993924e+00 -9.157209369659e+00
9.439000000001e+01  -1.555153990459e+01 -2.115046468359e+00 1.839708914442e+00 -9.150933172411e+00
9.440000000001e+01  -1.557239201336e+01 -2.055358575056e+00 1.748231759304e+00 -9.144424552211e+00
9.441000000001e+01  -1.559264571973e+01 -1.995366468573e+00 1.656820861973e+00 -9.137681664010e+00
9.442000000001e+01  -1.561229800708e+01 -1.935075254908e+00 1.565478574626e+00 -9.130702610403e+00
9.443000000001e+01  -1.563134591024e+01 -1.874490112078e+00 1.474207268644e+00 -9.123485447700e+00
9.444000000001e+01  -1.564978651610e+01 -1.813616284113e+00 1.383009335050e+00 -9.116028191780e+00
9.445000000001e+01  -1.566761696434e+01 -1.752459075278e+00 1.291887184880e+00 -9.108328823710e+00
9.446000000001e+01  -1.568483444792e+01 -1.691023844508e+00 1.200843249506e+00 -9.100385295152e+00
9.447000000001e+01  -1.570143621366e+01 -1.629316000081e+00 1.109879980906e+00 -9.092195533530e+00
9.448000000001e+01  -1.571741956267e+01 -1.567340994507e+00 1.018999851880e+00 -9.083757446985e+00
9.449000000001e+01  -1.573278185080e+01 -1.505104319646e+00 9.282053562190e-01 -9.075068929092e+00
9.450000000001e+01  -1.574752048896e+01 -1.442611502035e+00 8.374990088295e-01 -9.066127863368e+00
9.451000000001e+01  -1.576163294350e+01 -1.379868098446e+00 7.468833458112e-01 -9.056932127552e+00
9.452000000001e+01  -1.577511673648e+01 -1.316879691653e+00 6.563609244948e-01 -9.047479597680e+00
9.453000000001e+01  -1.578796944586e+01 -1.253651886402e+00 5.659343234404e-01 -9.037768151935e+00
9.454000000001e+01  -1.580018870578e+01 -1.190190305595e+00 4.756061423973e-01 -9.027795674306e+00
9.455000000001e+01  -1.581177220665e+01 -1.126500586670e+00 3.853790022284e-01 -9.017560058037e+00
9.456000000001e+01  -1.582271769533e+01 -1.062588378174e+00 2.952555448021e-01 -9.007059208880e+00
9.457000000001e+01  -1.583302297520e+01 -9.984593365313e-01 2.052384328513e-01 -8.996291048163e+00
9.458000000001e+01  -1.584268590621e+01 -9.341191229864e-01 1.153303498033e-01 -8.985253515669e+00
9.459000000001e+01  -1.585170440496e+01 -8.695734007306e-01 2.553399958220e-02 -8.973944572339e+00
9.460000000001e+01  -1.586007644467e+01 -8.048278321961e-01 -6.414789361604e-02 -8.962362202804e+00
9.461000000001e+01  -1.586780005516e+01 -7.398880765165e-01 -1.537125855717e-01 -8.950504417747e+00
9.462000000001e+01  -1.587487332282e+01 -6.747597871443e-01 -2.431573123133e-01 -8.938369256112e+00
9.463000000001e+01  -1.588129439053e+01 -6.094486096214e-01 -3.324792904101e-01 -8.925954787152e+00
9.464000000001e+01  -1.588706145758e+01 -5.439601794943e-01 -4.216757172850e-01 -8.913259112341e+00
9.465000000001e+01  -1.589217277956e+01 -4.783001203694e-01 -5.107437715455e-01 -8.900280367133e+00
9.466000000001e+01  -1.589662666822e+01 -4.124740421007e-01 -5.996806133315e-01 -8.887016722596e+00
9.467000000001e+01  -1.590042149133e+01 -3.464875391046e-01 -6.884833846792e-01 -8.873466386917e+00
9.468000000001e+01  -1.590355567252e+01 -2.803461887961e-01 -7.771492098992e-01 -8.859627606782e+00
9.469000000001e+01  -1.590602769112e+01 -2.140555501384e-01 -8.656751959676e-01 -8.845498668640e+00
9.470000000001e+01  -1.590783608193e+01 -1.476211623034e-01 -9.540584329293e-01 -8.831077899861e+00
9.471000000001e+01  -1.590897943504e+01 -8.104854343368e-02 -1.042295994313e+00 -8.816363669786e+00
9.472000000001e+01  -1.590945639562e+01 -1.434318950374e-02 -1.130384937556e+00 -8.801354390682e+00
9.473000000001e+01  -1.590926566367e+01 5.248942672724e-02 -1.218322304435e+00 -8.786048518596e+00
9.474000000001e+01  -1.590840599380e+01 1.194438566752e-01 -1.306105121512e+00 -8.770444554131e+00
9.475000000001e+01  -1.590687619501e+01 1.865146768087e-01 -1.393730400581e+00 -8.754541043130e+00
9.476000000001e+01  -1.590467513036e+01 2.536964894495e-01 -1.481195139122e+00 -8.738336577289e+00
9.477000000001e+01  -1.590180171678e+01 3.209839235007e-01 -1.568496320766e+00 -8.721829794689e+00
9.478000000001e+01  -1.589825492478e+01 3.883716351060e-01 -1.655630915757e+00 -8.705019380269e+00
9.479000000001e+01  -1.589403377815e+01 4.558543082470e-01 -1.742595881426e+00 -8.687904066222e+00
9.480000000001e+01  -1.588913735371e+01 5.234266552792e-01 -1.829388162664e+00 -8.670482632342e+00
9.481000000001e+01  -1.588356478102e+01 5.910834174142e-01 -1.916004692398e+00 -8.652753906309e+00
9.482000000001e+01  -1.587731524207e+01 6.588193651496e-01 -2.002442392073e+00 -8.634716763920e+00
9.483000000001e+01  -1.587038797099e+01 7.266292986509e-01 -2.088698172135e+00 -8.616370129277e+00
9.484000000001e+01  -1.586278225379e+01 7.945080480895e-01 -2.174768932510e+00 -8.597712974927e+00
9.485000000001e+01  -1.585449742798e+01 8.624504739401e-01 -2.260651563095e+00 -8.578744321956e+00
9.486000000001e+01  -1.584553288236e+01 9.304514672391e-01 -2.346342944239e+00 -8.559463240050e+00
9.487000000001e+01  -1.583588805663e+01 9.985059498100e-01 -2.431839947232e+00 -8.539868847523e+00
9.488000000001e+01  -1.582556244114e+01 1.066608874456e+00 -2.517139434790e+00 -8.519960311299e+00
9.489000000001e+01  -1.581455557654e+01 1.134755225123e+00 -2.602238261540e+00 -8.499736846883e+00
9.490000000001e+01  -1.580286705350e+01 1.202940017040e+00 -2.687133274509e+00 -8.479197718287e+00
9.491000000001e+01  -1.579049651236e+01 1.271158296828e+00 -2.771821313605e+00 -8.458342237947e+00
9.492000000001e+01  -1.577744364287e+01 1.339405142599e+00 -2.856299212099e+00 -8.437169766604e+00
9.493000000001e+01  -1.576370818380e+01 1.407675664024e+00 -2.940563797116e+00 -8.415679713174e+00
9.494000000001e+01  -1.574928992270e+01 1.475965002390e+00 -3.024611890104e+00 -8.393871534599e+00
9.495000000001e+01  -1.573418869553e+01 1.544268330645e+00 -3.108440307326e+00 -8.371744735680e+00
9.496000000001e+01  -1.571840438637e+01 1.612580853423e+00 -3.192045860325e+00 -8.349298868896e+00
9.497000000001e+01  -1.570193692709e+01 1.680897807063e+00 -3.275425356412e+00 -8.326533534214e+00
9.498000000001e+01  -1.568478629704e+01 1.749214459618e+00 -3.358575599130e+00 -8.303448378886e+00
9.499000000001e+01  -1.566695252273e+01 1.817526110850e+00 -3.441493388732e+00 -8.280043097239e+00
9.500000000001e+01  -1.564843567753e+01 1.885828092233e+00 -3.524175522647e+00 -8.256317430460e+00
9.501000000001e+01  -1.562923588130e+01 1.954115766933e+00 -3.606618795952e+00 -8.232271166369e+00
9.502000000001e+01  -1.560935330016e+01 2.022384529801e+00 -3.688820001830e+00 -8.207904139197e+00
9.503000000001e+01  -1.558878814608e+01 2.090629807356e+00 -3.770775932040e+00 -8.183216229354e+00
9.504000000001e+01  -1.556754067662e+01 2.158847057766e+00 -3.852483377374e+00 -8.158207363201e+00
9.505000000001e+01  -1.554561119461e+01 2.227031770835e+00 -3.933939128118e+00 -8.132877512815e+00
9.506000000001e+01  -1.552300004782e+01 2.295179467988e+00 -4.015139974503e+00 -8.107226695766e+00
9.507000000001e+01  -1.549970762865e+01 2.363285702262e+00 -4.096082707164e+00 -8.081254974886e+00
9.508000000001e+01  -1.547573437379e+01 2.431346058293e+00 -4.176764117589e+00 -8.054962458044e+00
9.509000000001e+01  -1.545108076396e+01 2.499356152324e+00 -4.257180998570e+00 -8.028349297930e+00
9.510000000001e+01  -1.542574732354e+01 2.567311632198e+00 -4.337330144647e+00 -8.001415691837e+00
9.511000000001e+01  -1.539973462027e+01 2.635208177377e+00 -4.417208352557e+00 -7.974161881455e+00
9.512000000001e+01  -1.537304326494e+01 2.703041498953e+00 -4.496812421672e+00 -7.946588152672e+00
9.513000000001e+01  -1.534567391109e+01 2.770807339684e+00 -4.576139154445e+00 -7.918694835375e+00
9.514000000001e+01  -1.531762725465e+01 2.838501474020e+00 -4.655185356847e+00 -7.890482303272e+00
9.515000000001e+01  -1.528890403365e+01 2.906119708157e+00 -4.733947838805e+00 -7.861950973713e+00
9.516000000001e+01  -1.525950502792e+01 2.973657880092e+00 -4.812423414634e+00 -7.833101307528e+00
9.517000000001e+01  -1.522943105873e+01 3.041111859693e+00 -4.890608903477e+00 -7.803933808874e+00
9.518000000001e+01  -1.519868298849e+01 3.108477548779e+00 -4.968501129732e+00 -7.774449025094e+00
9.519000000001e+01  -1.516726172045e+01 3.175750881217e+00 -5.046096923488e+00 -7.744647546587e+00
9.520000000001e+01  -1.513516819834e+01 3.242927823029e+00 -5.123393120952e+00 -7.714530006694e+00
9.521000000001e+01  -1.510240340608e+01 3.310004372516e+00 -5.200386564878e+00 -7.684097081597e+00
9.522000000001e+01  -1.506896836746e+01 3.376976560400e+00 -5.277074104996e+00 -7.653349490234e+00
9.523000000001e+01  -1.503486414576e+01 3.443840449972e+00 -5.353452598439e+00 -7.622287994226e+00
9.524000000001e+01  -1.500009184351e+01 3.510592137271e+00 -5.429518910169e+00 -7.590913397825e+00
9.525000000001e+01  -1.496465260207e+01 3.577227751268e+00 -5.505269913405e+00 -7.559226547876e+00
9.526000000001e+01  -1.492854760138e+01 3.643743454072e+00 -5.580702490044e+00 -7.527228333793e+00
9.527000000001e+01  -1.489177805959e+01 3.710135441160e+00 -5.655813531093e+00 -7.494919687565e+00
9.528000000001e+01  -1.485434523269e+01 3.776399941620e+00 -5.730599937091e+00 -7.462301583766e+00
9.529000000001e+01  -1.481625041426e+01 3.842533218413e+00 -5.805058618537e+00 -7.429375039595e+00
9.530000000001e+01  -1.477749493505e+01 3.908531568665e+00 -5.879186496313e+00 -7.396141114934e+00
9.531000000001e+01  -1.473808016266e+01 3.974391323967e+00 -5.952980502115e+00 -7.362600912424e+00
9.532000000001e+01  -1.469800750123e+01 4.040108850711e+00 -6.026437578881e+00 -7.328755577567e+00
9.533000000001e+01  -1.465727839104e+01 4.105680550439e+00 -6.099554681216e+00 -7.294606298850e+00
9.534000000001e+01  -1.461589430818e+01 4.171102860221e+00 -6.172328775829e+00 -7.260154307887e+00
9.535000000001e+01  -1.457385676418e+01 4.236372253053e+00 -6.244756841959e+00 -7.225400879592e+00
9.536000000001e+01  -1.453116730568e+01 4.301485238286e+00 -6.316835871813e+00 -7.190347332374e+00
9.537000000001e+01  -1.448782751403e+01 4.366438362078e+00 -6.388562871001e+00 -7.154995028357e+00
9.538000000001e+01  -1.444383900494e+01 4.431228207868e+00 -6.459934858972e+00 -7.119345373629e+00
9.539000000001e+01  -1.439920342808e+01 4.495851396890e+00 -6.530948869460e+00 -7.083399818512e+00
9.540000000001e+01  -1.435392246672e+01 4.560304588701e+00 -6.601601950923e+00 -7.047159857871e+00
9.541000000001e+01  -1.430799783737e+01 4.624584481748e+00 -6.671891166993e+00 -7.010627031441e+00
9.542000000001e+01  -1.426143128932e+01 4.688687813966e+00 -6.741813596924e+00 -6.973802924191e+00
9.543000000001e+01  -1.421422460429e+01 4.752611363397e+00 -6.811366336051e+00 -6.936689166716e+00
9.544000000001e+01  -1.416637959603e+01 4.816351948855e+00 -6.880546496243e+00 -6.899287435663e+00
9.545000000001e+01  -1.411789810988e+01 4.879906430610e+00 -6.949351206367e+00 -6.861599454186e+00
9.546000000001e+01  -1.406878202239e+01 4.943271711120e+00 -7.017777612760e+00 -6.823626992440e+00
9.547000000001e+01  -1.401903324083e+01 5.006444735784e+00 -7.085822879695e+00 -6.785371868104e+00
9.548000000001e+01  -1.396865370283e+01 5.069422493746e+00 -7.153484189864e+00 -6.746835946947e+00
9.549000000001e+01  -1.391764537589e+01 5.132202018719e+00 -7.220758744861e+00 -6.708021143420e+00
9.550000000001e+01  -1.386601025697e+01 5.194780389865e+00 -7.287643765668e+00 -6.668929421301e+00
9.551000000001e+01  -1.381375037197e+01 5.257154732700e+00 -7.354136493158e+00 -6.629562794362e+00
9.552000000001e+01  -1.376086777532e+01 5.319322220045e+00 -7.420234188595e+00 -6.589923327093e+00
9.553000000001e+01  -1.370736454949e+01 5.381280073021e+00 -7.485934134143e+00 -6.550013135451e+00
9.554000000001e+01  -1.365324280447e+01 5.443025562080e+00 -7.551233633390e+00 -6.509834387666e+00
9.555000000001e+01  -1.359850467730e+01 5.504556008087e+00 -7.616130011870e+00 -6.469389305078e+00
9.556000000001e+01  -1.354315233157e+01 5.565868783438e+00 -7.680620617601e+00 -6.428680163028e+00
9.557000000001e+01  -1.348718795685e+01 5.626961313232e+00 -7.744702821629e+00 -6.387709291788e+00
9.558000000001e+01  -1.343061376823e+01 5.687831076485e+00 -7.808374018582e+00 -6.346479077542e+00
9.559000000001e+01  -1.337343200571e+01 5.748475607393e+00 -7.871631627237e+00 -6.304991963414e+00
9.560000000001e+01  -1.331564493366e+01 5.808892496646e+00 -7.934473091090e+00 -6.263250450543e+00
9.561000000001e+01  -1.325725484026e+01 5.869079392787e+00 -7.996895878944e+00 -6.221257099207e+00
9.562000000001e+01  -1.319826403692e+01 5.929034003629e+00 -8.058897485508e+00 -6.179014530006e+00
9.563000000001e+01  -1.313867485767e+01 5.988754097718e+00 -8.120475432003e+00 -6.136525425087e+00
9.564000000001e+01  -1.307848965851e+01 6.048237505852e+00 -8.181627266789e+00 -6.093792529426e+00
9.565000000001e+01  -1.301771081685e+01 6.107482122656e+00 -8.242350565993e+00 -6.050818652166e+00
9.566000000001e+01  -1.295634073081e+01 6.166485908203e+00 -8.302642934163e+00 -6.007606668007e+00
9.567000000001e+01  -1.289438181857e+01 6.225246889701e+00 -8.362502004930e+00 -5.964159518651e+00
9.568000000001e+01  -1.283183651771e+01 6.283763163231e+00 -8.421925441683e+00 -5.920480214305e+00
9.569000000001e+01  -1.276870728448e+01 6.342032895539e+00 -8.480910938264e+00 -5.876571835238e+00
9.570000000001e+01  -1.270499659311e+01 6.400054325888e+00 -8.539456219676e+00 -5.832437533399e+00
9.571000000001e+01  -1.264070693505e+01 6.457825767969e+00 -8.597559042811e+00 -5.788080534083e+00
9.572000000001e+01  -1.257584081826e+01 6.515345611861e+00 -8.655217197184e+00 -5.743504137667e+00
9.573000000001e+01  -1.251040076637e+01 6.572612326059e+00 -8.712428505704e+00 -5.698711721393e+00
9.574000000001e+01  -1.244438931796e+01 6.629624459549e+00 -8.769190825443e+00 -5.653706741208e+00
9.575000000001e+01  -1.237780902568e+01 6.686380643941e+00 -8.825502048436e+00 -5.608492733668e+00
9.576000000001e+01  -1.231066245545e+01 6.742879595665e+00 -8.881360102497e+00 -5.563073317886e+00
9.577000000001e+01  -1.224295218559e+01 6.799120118204e+00 -8.936762952053e+00 -5.517452197544e+00
9.578000000001e+01  -1.217468080594e+01 6.855101104399e+00 -8.991708599002e+00 -5.471633162948e+00
9.579000000001e+01  -1.210585091695e+01 6.910821538788e+00 -9.046195083590e+00 -5.425620093142e+00
9.580000000001e+01  -1.203646512875e+01 6.966280500000e+00 -9.100220485306e+00 -5.379416958062e+00
9.581000000001e+01  -1.196652606022e+01 7.021477163197e+00 -9.153782923805e+00 -5.333027820745e+00
9.582000000001e+01  -1.189603633796e+01 7.076410802551e+00 -9.206880559850e+00 -5.286456839566e+00
9.583000000001e+01  -1.182499859536e+01 7.131080793762e+00 -9.259511596273e+00 -5.239708270529e+00
9.584000000001e+01  -1.175341547150e+01 7.185486616609e+00 -9.311674278971e+00 -5.192786469578e+00
9.585000000001e+01  -1.168128961014e+01 7.239627857534e+00 -9.363366897907e+00 -5.145695894946e+00
9.586000000001e+01  -1.160862365865e+01 7.293504212238e+00 -9.414587788152e+00 -5.098441109521e+00
9.587000000001e+01  -1.153542026685e+01 7.347115488305e+00 -9.465335330943e+00 -5.051026783231e+00
9.588000000001e+01  -1.146168208592e+01 7.400461607823e+00 -9.515607954760e+00 -5.003457695438e+00
9.589000000001e+01  -1.138741176726e+01 7.453542610015e+00 -9.565404136439e+00 -4.955738737327e+00
9.590000000001e+01  -1.131261196125e+01 7.506358653856e+00 -9.614722402298e+00 -4.907874914295e+00
9.591000000001e+01  -1.123728531607e+01 7.558910020667e+00 -9.663561329290e+00 -4.859871348312e+00
9.592000000001e+01  -1.116143447647e+01 7.611197116686e+00 -9.711919546187e+00 -4.811733280259e+00
9.593000000001e+01  -1.108506208252e+01 7.663220475589e+00 -9.759795734772e+00 -4.763466072212e+00
9.594000000001e+01  -1.100817076826e+01 7.714980760952e+00 -9.807188631067e+00 -4.715075209681e+00
9.595000000001e+01  -1.093076316047e+01 7.766478768647e+00 -9.854097026579e+00 -4.666566303764e+00
9.596000000001e+01  -1.085284187728e+01 7.817715429141e+00 -9.900519769563e+00 -4.617945093222e+00
9.597000000001e+01  -1.077440952683e+01 7.868691809692e+00 -9.946455766310e+00 -4.569217446439e+00
9.598000000001e+01  -1.069546870591e+01 7.919409116407e+00 -9.991903982453e+00 -4.520389363255e+00
9.599000000001e+01  -1.061602199854e+01 7.969868696165e+00 -1.003686344429e+01 -4.471466976650e+00
9.600000000001e+01  -1.053607197453e+01 8.020072038356e+00 -1.008133324012e+01 -4.422456554261e+00
9.601000000001e+01  -1.045562118812e+01 8.070020776423e+00 -1.012531252160e+01 -4.373364499690e+00
9.602000000001e+01  -1.037467217646e+01 8.119716689183e+00 -1.016880050510e+01 -4.324197353595e+00
9.603000000001e+01  -1.029322745819e+01 8.169161701887e+00 -1.021179647311e+01 -4.274961794526e+00
9.604000000001e+01  -1.021128953195e+01 8.218357887006e+00 -1.025429977558e+01 -4.225664639476e+00
9.605000000001e+01  -1.012886087493e+01 8.267307464684e+00 -1.029630983131e+01 -4.176312844112e+00
9.606000000001e+01  -1.004594394137e+01 8.316012802854e+00 -1.033782612939e+01 -4.126913502657e+00
9.607000000001e+01  -9.962541161110e+00 8.364476416951e+00 -1.037884823050e+01 -4.077473847379e+00
9.608000000001e+01  -9.878654938078e+00 8.412700969204e+00 -1.041937576835e+01 -4.028001247660e+00
9.609000000001e+01  -9.794287648865e+00 8.460689267457e+00 -1.045940845103e+01 -3.978503208585e+00
9.610000000001e+01  -9.709441641264e+00 8.508444263481e+00 -1.049894606233e+01 -3.928987369028e+00
9.611000000001e+01  -9.624119232837e+00 8.555969050722e+00 -1.053798846310e+01 -3.879461499181e+00
9.612000000001e+01  -9.538322709521e+00 8.603266861461e+00 -1.057653559253e+01 -3.829933497481e+00
9.613000000001e+01  -9.452054324251e+00 8.650341063311e+00 -1.061458746941e+01 -3.780411386887e+00
9.614000000001e+01  -9.365316295632e+00 8.697195155027e+00 -1.065214419337e+01 -3.730903310469e+00
9.615000000001e+01  -9.278110806649e+00 8.743832761569e+00 -1.068920594605e+01 -3.681417526241e+00
9.616000000001e+01  -9.190440003434e+00 8.790257628364e+00 -1.072577299220e+01 -3.631962401206e+00
9.617000000001e+01  -9.102305994098e+00 8.836473614735e+00 -1.076184568076e+01 -3.582546404558e+00
9.618000000001e+01  -9.013710847624e+00 8.882484686421e+00 -1.079742444583e+01 -3.533178099987e+00
9.619000000001e+01  -8.924656592848e+00 8.928294907173e+00 -1.083250980759e+01 -3.483866137042e+00
9.620000000001e+01  -8.835145217526e+00 8.973908429341e+00 -1.086710237308e+01 -3.434619241515e+00
9.621000000001e+01  -8.745178667499e+00 9.019329483449e+00 -1.090120283694e+01 -3.385446204779e+00
9.622000000001e+01  -8.654758845969e+00 9.064562366678e+00 -1.093481198199e+01 -3.336355872064e+00
9.623000000001e+01  -8.563887612897e+00 9.109611430247e+00 -1.096793067969e+01 -3.287357129611e+00
9.624000000001e+01  -8.472566784528e+00 9.154481065641e+00 -1.100055989052e+01 -3.238458890685e+00
9.625000000001e+01  -8.380798133068e+00 9.199175689664e+00 -1.103270066416e+01 -3.189670080415e+00
9.626000000001e+01  -8.288583386508e+00 9.243699728301e+00 -1.106435413948e+01 -3.140999619433e+00
9.627000000001e+01  -8.195924228618e+00 9.288057599363e+00 -1.109552154448e+01 -3.092456406304e+00
9.628000000001e+01  -8.102822299126e+00 9.332253693914e+00 -1.112620419594e+01 -3.044049298739e+00
9.629000000001e+01  -8.009279194081e+00 9.376292356487e+00 -1.115640349890e+01 -2.995787093598e+00
9.630000000001e+01  -7.915296466424e+00 9.420177864095e+00 -1.118612094597e+01 -2.947678505682e+00
9.631000000001e+01  -7.820875626774e+00 9.463914404069e+00 -1.121535811636e+01 -2.899732145364e+00
9.632000000001e+01  -7.726018144440e+00 9.507506050757e+00 -1.124411667479e+01 -2.851956495069e+00
9.633000000001e+01  -7.630725448678e+00 9.550956741139e+00 -1.127239837000e+01 -2.804359884680e+00
9.634000000001e+01  -7.534998930184e+00 9.594270249415e+00 -1.130020503317e+01 -2.756950465917e+00
9.635000000001e+01  -7.438839942860e+00 9.637450160665e+00 -1.132753857594e+01 -2.709736185782e+00
9.636000000001e+01  -7.342249805837e+00 9.680499843657e+00 -1.135440098829e+01 -2.662724759159e+00
9.637000000001e+01  -7.245229805780e+00 9.723422422931e+00 -1.138079433604e+01 -2.615923640693e+00
9.638000000001e+01  -7.147781199473e+00 9.766220750292e+00 -1.140672075810e+01 -2.569339996068e+00
9.639000000001e+01  -7.049905216689e+00 9.808897375843e+00 -1.143218246346e+01 -2.522980672839e+00
9.640000000001e+01  -6.951603063355e+00 9.851454518745e+00 -1.145718172785e+01 -2.476852170977e+00
9.641000000001e+01  -6.852875925009e+00 9.893894037863e+00 -1.148172089009e+01 -2.430960613320e+00
9.642000000001e+01  -6.753724970545e+00 9.936217402511e+00 -1.150580234822e+01 -2.385311716107e+00
9.643000000001e+01  -6.654151356260e+00 9.978425663505e+00 -1.152942855526e+01 -2.339910759823e+00
9.644000000001e+01  -6.554156230175e+00 1.002051942473e+01 -1.155260201471e+01 -2.294762560575e+00
9.645000000001e+01  -6.453740736646e+00 1.006249881550e+01 -1.157532527577e+01 -2.249871442228e+00
9.646000000001e+01  -6.352906021241e+00 1.010436346389e+01 -1.159760092828e+01 -2.205241209558e+00
9.647000000001e+01  -6.251653235882e+00 1.014611247135e+01 -1.161943159741e+01 -2.160875122664e+00
9.648000000001e+01  -6.149983544228e+00 1.018774438886e+01 -1.164081993808e+01 -2.116775872900e+00
9.649000000001e+01  -6.047898127291e+00 1.022925719481e+01 -1.166176862918e+01 -2.072945560583e+00
9.650000000001e+01  -5.945398189262e+00 1.027064827497e+01 -1.168228036754e+01 -2.029385674735e+00
9.651000000001e+01  -5.842484963528e+00 1.031191440468e+01 -1.170235786173e+01 -1.986097075101e+00
9.652000000001e+01  -5.739159718850e+00 1.035305173357e+01 -1.172200382571e+01 -1.943079976695e+00
9.653000000001e+01  -5.635423765685e+00 1.039405577311e+01 -1.174122097227e+01 -1.900333937081e+00
9.654000000001e+01  -5.531278462612e+00 1.043492138700e+01 -1.176001200648e+01 -1.857857846622e+00
9.655000000001e+01  -5.426725222847e+00 1.047564278473e+01 -1.177837961891e+01 -1.815649921863e+00
9.656000000001e+01  -5.321765520796e+00 1.051621351852e+01 -1.179632647894e+01 -1.773707702225e+00
9.657000000001e+01  -5.216400898627e+00 1.055662648362e+01 -1.181385522793e+01 -1.732028050141e+00
9.658000000001e+01  -5.110632972825e+00 1.059687392216e+01 -1.183096847252e+01 -1.690607154735e+00
9.659000000001e+01  -5.004463440679e+00 1.063694743068e+01 -1.184766877790e+01 -1.649440539122e+00
9.660000000001e+01  -4.897894086685e+00 1.067683797124e+01 -1.186395866122e+01 -1.608523071354e+00
9.661000000001e+01  -4.790926788819e+00 1.071653588620e+01 -1.187984058511e+01 -1.567848979020e+00
9.662000000001e+01  -4.683563524639e+00 1.075603091665e+01 -1.189531695135e+01 -1.527411867444e+00
9.663000000001e+01  -4.575806377191e+00 1.079531222426e+01 -1.191039009479e+01 -1.487204741415e+00
9.664000000001e+01  -4.467657540674e+00 1.083436841664e+01 -1.192506227743e+01 -1.447220030321e+00
9.665000000001e+01  -4.359119325838e+00 1.087318757592e+01 -1.193933568285e+01 -1.407449616527e+00
9.666000000001e+01  -4.250194165084e+00 1.091175729030e+01 -1.195321241087e+01 -1.367884866813e+00
9.667000000001e+01  -4.140884617226e+00 1.095006468858e+01 -1.196669447255e+01 -1.328516666639e+00
9.668000000001e+01  -4.031193371905e+00 1.098809647712e+01 -1.197978378562e+01 -1.289335456977e+00
9.669000000001e+01  -3.921123253613e+00 1.102583897914e+01 -1.199248217015e+01 -1.250331273432e+00
9.670000000001e+01  -3.810677225320e+00 1.106327817605e+01 -1.200479134477e+01 -1.211493787340e+00
9.671000000001e+01  -3.699858391678e+00 1.110039975028e+01 -1.201671292321e+01 -1.172812348511e+00
9.672000000001e+01  -3.588670001787e+00 1.113718912961e+01 -1.202824841132e+01 -1.134276029286e+00
9.673000000001e+01  -3.477115451519e+00 1.117363153229e+01 -1.203939920449e+01 -1.095873669552e+00
9.674000000001e+01  -3.365198285382e+00 1.120971201286e+01 -1.205016658559e+01 -1.057593922353e+00
9.675000000001e+01  -3.252922197928e+00 1.124541550818e+01 -1.206055172331e+01 -1.019425299758e+00
9.676000000001e+01  -3.140291034698e+00 1.128072688336e+01 -1.207055567099e+01 -9.813562186224e-01
9.677000000001e+01  -3.027308792717e+00 1.131563097726e+01 -1.208017936587e+01 -9.433750459114e-01
9.678000000001e+01  -2.913979620526e+00 1.135011264722e+01 -1.208942362885e+01 -9.054701432580e-01
9.679000000001e+01  -2.800307817785e+00 1.138415681271e+01 -1.209828916464e+01 -8.676299104478e-01
9.680000000001e+01  -2.686297834437e+00 1.141774849761e+01 -1.210677656234e+01 -8.298428275457e-01
9.681000000001e+01  -2.571954269461e+00 1.145087287093e+01 -1.211488629645e+01 -7.920974954031e-01
9.682000000001e+01  -2.457281869229e+00 1.148351528555e+01 -1.212261872827e+01 -7.543826743094e-01
9.683000000001e+01  -2.342285525478e+00 1.151566131505e+01 -1.212997410772e+01 -7.166873205834e-01
9.684000000001e+01  -2.226970272935e+00 1.154729678818e+01 -1.213695257539e+01 -6.790006209259e-01
9.685000000001e+01  -2.111341286606e+00 1.157840782102e+01 -1.214355416506e+01 -6.413120243875e-01
9.686000000001e+01  -1.995403878750e+00 1.160898084656e+01 -1.214977880648e+01 -6.036112718364e-01
9.687000000001e+01  -1.879163495575e+00 1.163900264181e+01 -1.215562632839e+01 -5.658884228398e-01
9.688000000001e+01  -1.762625713681e+00 1.166846035212e+01 -1.216109646182e+01 -5.281338799012e-01
9.689000000001e+01  -1.645796236263e+00 1.169734151298e+01 -1.216618884367e+01 -4.903384100273e-01
9.690000000001e+01  -1.528680889115e+00 1.172563406898e+01 -1.217090302043e+01 -4.524931636210e-01
9.691000000001e+01  -1.411285616458e+00 1.175332639030e+01 -1.217523845207e+01 -4.145896907239e-01
9.692000000001e+01  -1.293616476618e+00 1.178040728643e+01 -1.217919451615e+01 -3.766199546534e-01
9.693000000001e+01  -1.175679637568e+00 1.180686601746e+01 -1.218277051196e+01 -3.385763431015e-01
9.694000000001e+01  -1.057481372390e+00 1.183269230285e+01 -1.218596566486e+01 -3.004516767769e-01
9.695000000001e+01  -9.390280546370e-01 1.185787632786e+01 -1.218877913060e+01 -2.622392156929e-01
9.696000000001e+01  -8.203261536636e-01 1.188240874780e+01 -1.219120999973e+01 -2.239326632114e-01
9.697000000001e+01  -7.013822299097e-01 1.190628069002e+01 -1.219325730209e+01 -1.855261679681e-01
9.698000000001e+01  -5.822029301817e-01 1.192948375403e+01 -1.219492001121e+01 -1.470143238103e-01
9.699000000001e+01  -4.627949829387e-01 1.195201000978e+01 -1.219619704879e+01 -1.083921678860e-01
9.700000000001e+01  -3.431651936065e-01 1.197385199409e+01 -1.219708728908e+01 -6.965517702661e-02
9.701000000001e+01  -2.233204399337e-01 1.199500270568e+01 -1.219758956329e+01 -3.079926256901e-02
9.702000000001e+01  -1.032676674042e-01 1.201545559871e+01 -1.219770266387e+01 8.179236239214e-03
9.703000000001e+01  1.698611527749e-02 1.203520457504e+01 -1.219742534878e+01 4.728356010545e-02
9.704000000001e+01  1.374338406194e-01 1.205424397536e+01 -1.219675634561e+01 8.651653868770e-02
9.705000000001e+01  2.580683866815e-01 1.207256856936e+01 -1.219569435566e+01 1.258806005817e-01
9.706000000001e+01  3.788825813117e-01 1.209017354502e+01 -1.219423805790e+01 1.653777841662e-01
9.707000000001e+01  4.998692062718e-01 1.210705449716e+01 -1.219238611281e+01 2.050097491778e-01
9.708000000001e+01  6.210210012453e-01 1.212320741536e+01 -1.219013716611e+01 2.447777888951e-01
9.709000000001e+01  7.423306677229e-01 1.213862867148e+01 -1.218748985234e+01 2.846828428158e-01
9.710000000001e+01  8.637908727603e-01 1.215331500668e+01 -1.218444279837e+01 3.247255097197e-01
9.711000000001e+01  9.853942526049e-01 1.216726351818e+01 -1.218099462670e+01 3.649060610176e-01
9.712000000001e+01  1.107133416190e+00 1.218047164591e+01 -1.217714395870e+01 4.052244542931e-01
9.713000000001e+01  1.229000948492e+00 1.219293715892e+01 -1.217288941765e+01 4.456803469518e-01
9.714000000001e+01  1.350989413759e+00 1.220465814187e+01 -1.216822963169e+01 4.862731099017e-01
9.715000000001e+01  1.473091358594e+00 1.221563298148e+01 -1.216316323664e+01 5.270018411926e-01
9.716000000001e+01  1.595299314910e+00 1.222586035313e+01 -1.215768887860e+01 5.678653795541e-01
9.717000000001e+01  1.717605802751e+00 1.223533920761e+01 -1.215180521654e+01 6.088623177741e-01
9.718000000001e+01  1.840003332981e+00 1.224406875804e+01 -1.214551092465e+01 6.499910158691e-01
9.719000000001e+01  1.962484409843e+00 1.225204846709e+01 -1.213880469463e+01 6.912496140046e-01
9.720000000001e+01  2.085041533393e+00 1.225927803446e+01 -1.213168523781e+01 7.326360451259e-01
9.721000000001e+01  2.207667201805e+00 1.226575738467e+01 -1.212415128716e+01 7.741480472706e-01
9.722000000001e+01  2.330353913565e+00 1.227148665523e+01 -1.211620159920e+01 8.157831755347e-01
9.723000000001e+01  2.453094169542e+00 1.227646618511e+01 -1.210783495573e+01 8.575388136712e-01
9.724000000001e+01  2.575880474945e+00 1.228069650368e+01 -1.209905016554e+01 8.994121853045e-01
9.725000000001e+01  2.698705341178e+00 1.228417831998e+01 -1.208984606591e+01 9.414003647472e-01
9.726000000001e+01  2.821561287579e+00 1.228691251243e+01 -1.208022152409e+01 9.835002874096e-01
9.727000000001e+01  2.944440843069e+00 1.228890011891e+01 -1.207017543860e+01 1.025708759797e+00
9.728000000001e+01  3.067336547698e+00 1.229014232732e+01 -1.205970674051e+01 1.068022469090e+00
9.729000000001e+01  3.190240954100e+00 1.229064046647e+01 -1.204881439456e+01 1.110437992309e+00
9.730000000001e+01  3.313146628858e+00 1.229039599749e+01 -1.203749740023e+01 1.152951805061e+00
9.731000000001e+01  3.436046153787e+00 1.228941050555e+01 -1.202575479271e+01 1.195560289882e+00
9.732000000001e+01  3.558932127134e+00 1.228768569204e+01 -1.201358564378e+01 1.238259744166e+00
9.733000000001e+01  3.681797164705e+00 1.228522336712e+01 -1.200098906265e+01 1.281046387701e+00
9.734000000001e+01  3.804633900916e+00 1.228202544270e+01 -1.198796419668e+01 1.323916369813e+00
9.735000000001e+01  3.927434989777e+00 1.227809392573e+01 -1.197451023205e+01 1.366865776132e+00
9.736000000001e+01  4.050193105812e+00 1.227343091191e+01 -1.196062639436e+01 1.409890634987e+00
9.737000000001e+01  4.172900944916e+00 1.226803857975e+01 -1.194631194922e+01 1.452986923441e+00
9.738000000001e+01  4.295551225154e+00 1.226191918498e+01 -1.193156620265e+01 1.496150572981e+00
9.739000000001e+01  4.418136687510e+00 1.225507505527e+01 -1.191638850160e+01 1.539377474873e+00
9.740000000001e+01  4.540650096579e+00 1.224750858525e+01 -1.190077823426e+01 1.582663485196e+00
9.741000000001e+01  4.663084241214e+00 1.223922223194e+01 -1.188473483041e+01 1.626004429561e+00
9.742000000001e+01  4.785431935128e+00 1.223021851036e+01 -1.186825776170e+01 1.669396107541e+00
9.743000000001e+01  4.907686017454e+00 1.222049998946e+01 -1.185134654192e+01 1.712834296811e+00
9.744000000001e+01  5.029839353267e+00 1.221006928838e+01 -1.183400072716e+01 1.756314757020e+00
9.745000000001e+01  5.151884834065e+00 1.219892907286e+01 -1.181621991596e+01 1.799833233397e+00
9.746000000001e+01  5.273815378220e+00 1.218708205199e+01 -1.179800374951e+01 1.843385460124e+00
9.747000000001e+01  5.395623931398e+00 1.217453097513e+01 -1.177935191166e+01 1.886967163458e+00
9.748000000001e+01  5.517303466945e+00 1.216127862911e+01 -1.176026412904e+01 1.930574064642e+00
9.749000000001e+01  5.638846986249e+00 1.214732783557e+01 -1.174074017108e+01 1.974201882599e+00
9.750000000001e+01  5.760247519077e+00 1.213268144854e+01 -1.172077985001e+01 2.017846336431e+00
9.751000000001e+01  5.881498123887e+00 1.211734235222e+01 -1.170038302087e+01 2.061503147720e+00
9.752000000001e+01  6.002591888121e+00 1.210131345893e+01 -1.167954958144e+01 2.105168042658e+00
9.753000000001e+01  6.123521928474e+00 1.208459770717e+01 -1.165827947224e+01 2.148836754005e+00
9.754000000001e+01  6.244281391149e+00 1.206719805992e+01 -1.163657267638e+01 2.192505022888e+00
9.755000000001e+01  6.364863452092e+00 1.204911750306e+01 -1.161442921955e+01 2.236168600451e+00
9.756000000001e+01  6.485261317217e+00 1.203035904390e+01 -1.159184916983e+01 2.279823249358e+00
9.757000000001e+01  6.605468222611e+00 1.201092570988e+01 -1.156883263764e+01 2.323464745176e+00
9.758000000001e+01  6.725477434730e+00 1.199082054736e+01 -1.154537977555e+01 2.367088877618e+00
9.759000000001e+01  6.845282250583e+00 1.197004662057e+01 -1.152149077819e+01 2.410691451682e+00
9.760000000001e+01  6.964875997908e+00 1.194860701060e+01 -1.149716588203e+01 2.454268288674e+00
9.761000000001e+01  7.084252035330e+00 1.192650481457e+01 -1.147240536525e+01 2.497815227127e+00
9.762000000001e+01  7.203403752524e+00 1.190374314484e+01 -1.144720954754e+01 2.541328123633e+00
9.763000000001e+01  7.322324570362e+00 1.188032512831e+01 -1.142157878996e+01 2.584802853572e+00
9.764000000001e+01  7.441007941053e+00 1.185625390584e+01 -1.139551349470e+01 2.628235311771e+00
9.765000000001e+01  7.559447348285e+00 1.183153263171e+01 -1.136901410490e+01 2.671621413074e+00
9.766000000001e+01  7.677636307349e+00 1.180616447315e+01 -1.134208110446e+01 2.714957092848e+00
9.767000000001e+01  7.795568365275e+00 1.178015260996e+01 -1.131471501782e+01 2.758238307411e+00
9.768000000001e+01  7.913237100951e+00 1.175350023421e+01 -1.128691640973e+01 2.801461034411e+00
9.769000000001e+01  8.030636125247e+00 1.172621054991e+01 -1.125868588508e+01 2.844621273132e+00
9.770000000001e+01  8.147759081129e+00 1.169828677282e+01 -1.123002408865e+01 2.887715044753e+00
9.771000000001e+01  8.264599643782e+00 1.166973213030e+01 -1.120093170491e+01 2.930738392559e+00
9.772000000001e+01  8.381151520720e+00 1.164054986115e+01 -1.117140945775e+01 2.973687382098e+00
9.773000000001e+01  8.497408451903e+00 1.161074321555e+01 -1.114145811033e+01 3.016558101300e+00
9.774000000001e+01  8.613364209848e+00 1.158031545497e+01 -1.111107846480e+01 3.059346660555e+00
9.775000000001e+01  8.729012599744e+00 1.154926985225e+01 -1.108027136210e+01 3.102049192749e+00
9.776000000001e+01  8.844347459568e+00 1.151760969152e+01 -1.104903768173e+01 3.144661853278e+00
9.777000000001e+01  8.959362660191e+00 1.148533826831e+01 -1.101737834151e+01 3.187180820014e+00
9.778000000001e+01  9.074052105499e+00 1.145245888963e+01 -1.098529429740e+01 3.229602293256e+00
9.779000000001e+01  9.188409732507e+00 1.141897487406e+01 -1.095278654321e+01 3.271922495647e+00
9.780000000001e+01  9.302429511472e+00 1.138488955188e+01 -1.091985611043e+01 3.314137672066e+00
9.781000000001e+01  9.416105446015e+00 1.135020626521e+01 -1.088650406799e+01 3.356244089505e+00
9.782000000001e+01  9.529431573239e+00 1.131492836821e+01 -1.085273152204e+01 3.398238036913e+00
9.783000000001e+01  9.642401963847e+00 1.127905922722e+01 -1.081853961574e+01 3.440115825034e+00
9.784000000001e+01  9.755010722270e+00 1.124260222101e+01 -1.078392952901e+01 3.481873786218e+00
9.785000000001e+01  9.867251986790e+00 1.120556074095e+01 -1.074890247837e+01 3.523508274220e+00
9.786000000001e+01  9.979119929665e+00 1.116793819126e+01 -1.071345971667e+01 3.565015663986e+00
9.787000000001e+01  1.009060875726e+01 1.112973798925e+01 -1.067760253293e+01 3.606392351424e+00
9.788000000001e+01  1.020171271019e+01 1.109096356557e+01 -1.064133225208e+01 3.647634753162e+00
9.789000000001e+01  1.031242606343e+01 1.105161836447e+01 -1.060465023482e+01 3.688739306298e+00
9.790000000001e+01  1.042274312647e+01 1.101170584405e+01 -1.056755787733e+01 3.729702468138e+00
9.791000000001e+01  1.053265824346e+01 1.097122947655e+01 -1.053005661115e+01 3.770520715926e+00
9.792000000001e+01  1.064216579335e+01 1.093019274863e+01 -1.049214790295e+01 3.811190546568e+00
9.793000000001e+01  1.075126019000e+01 1.088859916165e+01 -1.045383325433e+01 3.851708476343e+00
9.794000000001e+01  1.085993588239e+01 1.084645223196e+01 -1.041511420161e+01 3.892071040613e+00
9.795000000001e+01  1.096818735473e+01 1.080375549120e+01 -1.037599231569e+01 3.932274793529e+00
9.796000000001e+01  1.107600912662e+01 1.076051248661e+01 -1.033646920183e+01 3.972316307722e+00
9.797000000001e+01  1.118339575322e+01 1.071672678131e+01 -1.029654649947e+01 4.012192174002e+00
9.798000000001e+01  1.129034182539e+01 1.067240195459e+01 -1.025622588204e+01 4.051899001045e+00
9.799000000001e+01  1.139684196988e+01 1.062754160227e+01 -1.021550905682e+01 4.091433415077e+00
9.800000000001e+01  1.150289084948e+01 1.058214933695e+01 -1.017439776473e+01 4.130792059556e+00
9.801000000001e+01  1.160848316318e+01 1.053622878836e+01 -1.013289378017e+01 4.169971594855e+00
9.802000000001e+01  1.171361364635e+01 1.048978360364e+01 -1.009099891085e+01 4.208968697936e+00
9.803000000001e+01  1.181827707096e+01 1.044281744767e+01 -1.004871499763e+01 4.247780062025e+00
9.804000000001e+01  1.192246824567e+01 1.039533400335e+01 -1.000604391437e+01 4.286402396288e+00
9.805000000001e+01  1.202618201609e+01 1.034733697196e+01 -9.962987567753e+00 4.324832425501e+00
9.806000000001e+01  1.212941326493e+01 1.029883007341e+01 -9.919547897130e+00 4.363066889719e+00
9.807000000001e+01  1.223215691218e+01 1.024981704659e+01 -9.875726874387e+00 4.401102543950e+00
9.808000000001e+01  1.233440791535e+01 1.020030164966e+01 -9.831526503783e+00 4.438936157821e+00
9.809000000001e+01  1.243616126959e+01 1.015028766037e+01 -9.786948821811e+00 4.476564515244e+00
9.810000000001e+01  1.253741200794e+01 1.009977887634e+01 -9.741995897055e+00 4.513984414089e+00
9.811000000001e+01  1.263815520154e+01 1.004877911539e+01 -9.696669830050e+00 4.551192665846e+00
9.812000000001e+01  1.273838595979e+01 9.997292215822e+00 -9.650972753153e+00 4.588186095296e+00
9.813000000001e+01  1.283809943057e+01 9.945322036750e+00 -9.604906830406e+00 4.624961540177e+00
9.814000000001e+01  1.293729080046e+01 9.892872458366e+00 -9.558474257413e+00 4.661515850849e+00
9.815000000001e+01  1.303595529498e+01 9.839947382258e+00 -9.511677261210e+00 4.697845889964e+00
9.816000000001e+01  1.313408817873e+01 9.786550731697e+00 -9.464518100150e+00 4.733948532130e+00
9.817000000001e+01  1.323168475568e+01 9.732686451939e+00 -9.416999063780e+00 4.769820663584e+00
9.818000000001e+01  1.332874036936e+01 9.678358510509e+00 -9.369122472729e+00 4.805459181855e+00
9.819000000001e+01  1.342525040308e+01 9.623570897495e+00 -9.320890678595e+00 4.840860995435e+00
9.820000000001e+01  1.352121028018e+01 9.568327625836e+00 -9.272306063840e+00 4.876023023446e+00
9.821000000001e+01  1.361661546422e+01 9.512632731607e+00 -9.223371041682e+00 4.910942195313e+00
9.822000000001e+01  1.371146145926e+01 9.456490274298e+00 -9.174088055994e+00 4.945615450433e+00
9.823000000001e+01  1.380574381007e+01 9.399904337101e+00 -9.124459581210e+00 4.980039737844e+00
9.824000000001e+01  1.389945810237e+01 9.342879027187e+00 -9.074488122224e+00 5.014212015902e+00
9.825000000001e+01  1.399259996307e+01 9.285418475976e+00 -9.024176214303e+00 5.048129251949e+00
9.826000000001e+01  1.408516506052e+01 9.227526839417e+00 -8.973526422998e+00 5.081788421990e+00
9.827000000001e+01  1.417714910476e+01 9.169208298255e+00 -8.922541344058e+00 5.115186510368e+00
9.828000000001e+01  1.426854784774e+01 9.110467058297e+00 -8.871223603347e+00 5.148320509440e+00
9.829000000001e+01  1.435935708363e+01 9.051307350682e+00 -8.819575856770e+00 5.181187419255e+00
9.830000000001e+01  1.444957264900e+01 8.991733432133e+00 -8.767600790193e+00 5.213784247237e+00
9.831000000001e+01  1.453919042315e+01 8.931749585223e+00 -8.715301119371e+00 5.246108007859e+00
9.832000000001e+01  1.462820632833e+01 8.871360118627e+00 -8.662679589885e+00 5.278155722335e+00
9.833000000001e+01  1.471661632998e+01 8.810569367372e+00 -8.609738977068e+00 5.309924418297e+00
9.834000000001e+01  1.480441643707e+01 8.749381693082e+00 -8.556482085949e+00 5.341411129490e+00
9.835000000001e+01  1.489160270228e+01 8.687801484225e+00 -8.502911751187e+00 5.372612895455e+00
9.836000000001e+01  1.497817122233e+01 8.625833156352e+00 -8.449030837023e+00 5.403526761228e+00
9.837000000001e+01  1.506411813823e+01 8.563481152325e+00 -8.394842237217e+00 5.434149777032e+00
9.838000000001e+01  1.514943963556e+01 8.500749942553e+00 -8.340348875007e+00 5.464478997974e+00
9.839000000001e+01  1.523413194473e+01 8.437644025213e+00 -8.285553703055e+00 5.494511483753e+00
9.840000000001e+01  1.531819134128e+01 8.374167926470e+00 -8.230459703403e+00 5.524244298361e+00
9.841000000001e+01  1.540161414616e+01 8.310326200689e+00 -8.175069887435e+00 5.553674509798e+00
9.842000000001e+01  1.548439672600e+01 8.246123430643e+00 -8.119387295837e+00 5.582799189782e+00
9.843000000001e+01  1.556653549339e+01 8.181564227712e+00 -8.063414998561e+00 5.611615413475e+00
9.844000000001e+01  1.564802690720e+01 8.116653232078e+00 -8.007156094788e+00 5.640120259203e+00
9.845000000001e+01  1.572886747282e+01 8.051395112907e+00 -7.950613712907e+00 5.668310808193e+00
9.846000000001e+01  1.580905374250e+01 7.985794568532e+00 -7.893791010476e+00 5.696184144306e+00
9.847000000001e+01  1.588858231562e+01 7.919856326618e+00 -7.836691174208e+00 5.723737353787e+00
9.848000000001e+01  1.596744983897e+01 7.853585144322e+00 -7.779317419938e+00 5.750967525015e+00
9.849000000001e+01  1.604565300706e+01 7.786985808445e+00 -7.721672992612e+00 5.777871748268e+00
9.850000000001e+01  1.612318856244e+01 7.720063135567e+00 -7.663761166261e+00 5.804447115489e+00
9.851000000001e+01  1.620005329595e+01 7.652821972181e+00 -7.605585243994e+00 5.830690720070e+00
9.852000000001e+01  1.627624404705e+01 7.585267194802e+00 -7.547148557976e+00 5.856599656640e+00
9.853000000001e+01  1.635175770413e+01 7.517403710073e+00 -7.488454469423e+00 5.882171020874e+00
9.854000000001e+01  1.642659120479e+01 7.449236454853e+00 -7.429506368588e+00 5.907401909299e+00
9.855000000001e+01  1.650074153614e+01 7.380770396291e+00 -7.370307674759e+00 5.932289419132e+00
9.856000000001e+01  1.657420573512e+01 7.312010531882e+00 -7.310861836245e+00 5.956830648117e+00
9.857000000001e+01  1.664698088881e+01 7.242961889508e+00 -7.251172330378e+00 5.981022694385e+00
9.858000000001e+01  1.671906413471e+01 7.173629527463e+00 -7.191242663508e+00 6.004862656332e+00
9.859000000001e+01  1.679045266104e+01 7.104018534448e+00 -7.131076371000e+00 6.028347632512e+00
9.860000000001e+01  1.686114370710e+01 7.034134029562e+00 -7.070677017231e+00 6.051474721548e+00
9.861000000001e+01  1.693113456348e+01 6.963981162254e+00 -7.010048195596e+00 6.074241022068e+00
9.862000000001e+01  1.700042257247e+01 6.893565112261e+00 -6.949193528500e+00 6.096643632664e+00
9.863000000001e+01  1.706900512826e+01 6.822891089517e+00 -6.888116667365e+00 6.118679651868e+00
9.864000000001e+01  1.713687967733e+01 6.751964334040e+00 -6.826821292626e+00 6.140346178160e+00
9.865000000001e+01  1.720404371868e+01 6.680790115777e+00 -6.765311113737e+00 6.161640310003e+00
9.866000000001e+01  1.727049480418e+01 6.609373734437e+00 -6.703589869163e+00 6.182559145904e+00
9.867000000001e+01  1.733623053882e+01 6.537720519276e+00 -6.641661326386e+00 6.203099784509e+00
9.868000000001e+01  1.740124858107e+01 6.465835828853e+00 -6.579529281899e+00 6.223259324733e+00
9.869000000001e+01  1.746554664308e+01 6.393725050750e+00 -6.517197561205e+00 6.243034865917e+00
9.870000000001e+01  1.752912249107e+01 6.321393601252e+00 -6.454670018811e+00 6.262423508036e+00
9.871000000001e+01  1.759197394552e+01 6.248846924982e+00 -6.391950538217e+00 6.281422351935e+00
9.872000000001e+01  1.765409888153e+01 6.176090494497e+00 -6.329043031912e+00 6.300028499614e+00
9.873000000001e+01  1.771549522905e+01 6.103129809837e+00 -6.265951441356e+00 6.318239054560e+00
9.874000000001e+01  1.777616097315e+01 6.029970398018e+00 -6.202679736966e+00 6.336051122122e+00
9.875000000001e+01  1.783609415433e+01 5.956617812479e+00 -6.139231918093e+00 6.353461809938e+00
9.876000000001e+01  1.789529286875e+01 5.883077632471e+00 -6.075612013000e+00 6.370468228421e+00
9.877000000001e+01  1.795375526846e+01 5.809355462392e+00 -6.011824078826e+00 6.387067491296e+00
9.878000000001e+01  1.801147956171e+01 5.735456931050e+00 -5.947872201557e+00 6.403256716200e+00
9.879000000001e+01  1.806846401313e+01 5.661387690873e+00 -5.883760495977e+00 6.419033025349e+00
9.880000000001e+01  1.812470694402e+01 5.587153417040e+00 -5.819493105623e+00 6.434393546262e+00
9.881000000001e+01  1.818020673250e+01 5.512759806549e+00 -5.755074202726e+00 6.449335412569e+00
9.882000000001e+01  1.823496181380e+01 5.438212577201e+00 -5.690507988146e+00 6.463855764887e+00
9.883000000001e+01  1.828897068042e+01 5.363517466508e+00 -5.625798691296e+00 6.477951751770e+00
9.884000000001e+01  1.834223188230e+01 5.288680230519e+00 -5.560950570061e+00 6.491620530752e+00
9.885000000001e+01  1.839474402706e+01 5.213706642556e+00 -5.495967910698e+00 6.504859269469e+00
9.886000000001e+01  1.844650578012e+01 5.138602491853e+00 -5.430855027733e+00 6.517665146871e+00
9.887000000001e+01  1.849751586487e+01 5.063373582109e+00 -5.365616263838e+00 6.530035354536e+00
9.888000000001e+01  1.854777306279e+01 4.988025729933e+00 -5.300255989700e+00 6.541967098079e+00
9.889000000001e+01  1.859727621360e+01 4.912564763183e+00 -5.234778603872e+00 6.553457598662e+00
9.890000000001e+01  1.864602421533e+01 4.836996519200e+00 -5.169188532611e+00 6.564504094618e+00
9.891000000001e+01  1.869401602442e+01 4.761326842924e+00 -5.103490229693e+00 6.575103843190e+00
9.892000000001e+01  1.874125065582e+01 4.685561584892e+00 -5.037688176220e+00 6.585254122376e+00
9.893000000001e+01  1.878772718295e+01 4.609706599110e+00 -4.971786880401e+00 6.594952232912e+00
9.894000000001e+01  1.883344473782e+01 4.533767740803e+00 -4.905790877313e+00 6.604195500370e+00
9.895000000001e+01  1.887840251098e+01 4.457750864022e+00 -4.839704728641e+00 6.612981277397e+00
9.896000000001e+01  1.892259975147e+01 4.381661819122e+00 -4.773533022398e+00 6.621306946084e+00
9.897000000001e+01  1.896603576685e+01 4.305506450091e+00 -4.707280372615e+00 6.629169920478e+00
9.898000000001e+01  1.900870992304e+01 4.229290591736e+00 -4.640951419010e+00 6.636567649243e+00
9.899000000001e+01  1.905062164426e+01 4.153020066718e+00 -4.574550826629e+00 6.643497618469e+00
9.900000000001e+01  1.909177041287e+01 4.076700682423e+00 -4.508083285452e+00 6.649957354634e+00
9.901000000001e+01  1.913215576923e+01 4.000338227689e+00 -4.441553509980e+00 6.655944427728e+00
9.902000000001e+01  1.917177731147e+01 3.923938469350e+00 -4.374966238778e+00 6.661456454534e+00
9.903000000001e+01  1.921063469524e+01 3.847507148629e+00 -4.308326233993e+00 6.666491102086e+00
9.904000000001e+01  1.924872763350e+01 3.771049977353e+00 -4.241638280832e+00 6.671046091280e+00
9.905000000001e+01  1.928605589612e+01 3.694572633991e+00 -4.174907187005e+00 6.675119200675e+00
9.906000000001e+01  1.932261930958e+01 3.618080759527e+00 -4.108137782129e+00 6.678708270456e+00
9.907000000001e+01  1.935841775657e+01 3.541579953142e+00 -4.041334917089e+00 6.681811206578e+00
9.908000000001e+01  1.939345117554e+01 3.465075767726e+00 -3.974503463361e+00 6.684425985094e+00
9.909000000001e+01  1.942771956021e+01 3.388573705206e+00 -3.907648312289e+00 6.686550656649e+00
9.910000000001e+01  1.946122295903e+01 3.312079211691e+00 -3.840774374310e+00 6.688183351172e+00
9.911000000001e+01  1.949396147462e+01 3.235597672440e+00 -3.773886578146e+00 6.689322282727e+00
9.912000000001e+01  1.952593526312e+01 3.159134406651e+00 -3.706989869929e+00 6.689965754561e+00
9.913000000001e+01  1.955714453351e+01 3.082694662069e+00 -3.640089212288e+00 6.690112164315e+00
9.914000000001e+01  1.958758954685e+01 3.006283609423e+00 -3.573189583377e+00 6.689760009413e+00
9.915000000001e+01  1.961727061550e+01 2.929906336696e+00 -3.506295975848e+00 6.688907892617e+00
9.916000000001e+01  1.964618810226e+01 2.853567843221e+00 -3.439413395773e+00 6.687554527752e+00
9.917000000001e+01  1.967434241945e+01 2.777273033630e+00 -3.372546861496e+00 6.685698745582e+00
9.918000000001e+01  1.970173402793e+01 2.701026711641e+00 -3.305701402444e+00 6.683339499837e+00
9.919000000001e+01  1.972836343605e+01 2.624833573712e+00 -3.238882057857e+00 6.680475873385e+00
9.920000000001e+01  1.975423119857e+01 2.548698202557e+00 -3.172093875472e+00 6.677107084529e+00
9.921000000001e+01  1.977933791548e+01 2.472625060548e+00 -3.105341910131e+00 6.673232493427e+00
9.922000000001e+01  1.980368423075e+01 2.396618483000e+00 -3.038631222336e+00 6.668851608619e+00
9.923000000001e+01  1.982727083102e+01 2.320682671379e+00 -2.971966876725e+00 6.663964093638e+00
9.924000000001e+01  1.985009844427e+01 2.244821686416e+00 -2.905353940494e+00 6.658569773705e+00
9.925000000001e+01  1.987216783833e+01 2.169039441186e+00 -2.838797481746e+00 6.652668642469e+00
9.926000000001e+01  1.989347981940e+01 2.093339694125e+00 -2.772302567769e+00 6.646260868798e+00
9.927000000001e+01  1.991403523044e+01 2.017726042057e+00 -2.705874263253e+00 6.639346803568e+00
9.928000000001e+01  1.993383494955e+01 1.942201913205e+00 -2.639517628436e+00 6.631926986453e+00
9.929000000001e+01  1.995287988822e+01 1.866770560255e+00 -2.573237717181e+00 6.624002152682e+00
9.930000000001e+01  1.997117098957e+01 1.791435053467e+00 -2.507039574988e+00 6.615573239725e+00
9.931000000001e+01  1.998870922648e+01 1.716198273885e+00 -2.440928236936e+00 6.606641393900e+00
9.932000000001e+01  2.000549559964e+01 1.641062906657e+00 -2.374908725566e+00 6.597207976854e+00
9.933000000001e+01  2.002153113559e+01 1.566031434519e+00 -2.308986048694e+00 6.587274571885e+00
9.934000000001e+01  2.003681688467e+01 1.491106131451e+00 -2.243165197164e+00 6.576842990090e+00
9.935000000001e+01  2.005135391885e+01 1.416289056568e+00 -2.177451142540e+00 6.565915276280e+00
9.936000000001e+01  2.006514332962e+01 1.341582048258e+00 -2.111848834741e+00 6.554493714643e+00
9.937000000001e+01  2.007818622572e+01 1.266986718622e+00 -2.046363199620e+00 6.542580834105e+00
9.938000000001e+01  2.009048373082e+01 1.192504448246e+00 -1.980999136493e+00 6.530179413363e+00
9.939000000001e+01  2.010203698126e+01 1.118136381342e+00 -1.915761515615e+00 6.517292485536e+00
9.940000000001e+01  2.011284712359e+01 1.043883421316e+00 -1.850655175618e+00 6.503923342406e+00
9.941000000001e+01  2.012291531217e+01 9.697462267726e-01 -1.785684920903e+00 6.490075538204e+00
9.942000000001e+01  2.013224270671e+01 8.957252080315e-01 -1.720855519000e+00 6.475752892894e+00
9.943000000001e+01  2.014083046978e+01 8.218205241667e-01 -1.656171697897e+00 6.460959494931e+00
9.944000000001e+01  2.014867976425e+01 7.480320806267e-01 -1.591638143342e+00 6.445699703437e+00
9.945000000001e+01  2.015579175079e+01 6.743595274672e-01 -1.527259496135e+00 6.429978149758e+00
9.946000000001e+01  2.016216758526e+01 6.008022582340e-01 -1.463040349391e+00 6.413799738384e+00
9.947000000001e+01  2.016780841620e+01 5.273594095343e-01 -1.398985245818e+00 6.397169647163e+00
9.948000000001e+01  2.017271538222e+01 4.540298613280e-01 -1.335098674978e+00 6.380093326807e+00
9.949000000001e+01  2.017688960944e+01 3.808122379716e-01 -1.271385070569e+00 6.362576499638e+00
9.950000000001e+01  2.018033220897e+01 3.077049100444e-01 -1.207848807717e+00 6.344625157553e+00
9.951000000001e+01  2.018304427437e+01 2.347059969797e-01 -1.144494200294e+00 6.326245559185e+00
9.952000000001e+01  2.018502687915e+01 1.618133705262e-01 -1.081325498273e+00 6.307444226228e+00
9.953000000001e+01  2.018628107433e+01 8.902465905537e-02 -1.018346885115e+00 6.288227938920e+00
9.954000000001e+01  2.018680788600e+01 1.633725272967e-02 -9.555624752132e-01 6.268603730663e+00
9.955000000001e+01  2.018660831301e+01 -5.625169045968e-02 -8.929763113912e-01 6.248578881771e+00
9.956000000001e+01  2.018568332466e+01 -1.287452377810e-01 -8.305923624709e-01 6.228160912349e+00
9.957000000001e+01  2.018403385849e+01 -2.011466739778e-01 -7.684145209139e-01 6.207357574288e+00
9.958000000001e+01  2.018166081815e+01 -2.734594926171e-01 -7.064466005476e-01 6.186176842404e+00
9.959000000001e+01  2.017856507135e+01 -3.456873865846e-01 -6.446923343853e-01 6.164626904718e+00
9.960000000001e+01  2.017474744794e+01 -4.178342377415e-01 -5.831553725462e-01 6.142716151890e+00
9.961000000001e+01  2.017020873803e+01 -4.899041057690e-01 -5.218392802863e-01 6.120453165856e+00
9.962000000001e+01  2.016494969035e+01 -5.619012162285e-01 -4.607475361465e-01 6.097846707663e+00
9.963000000001e+01  2.015897101058e+01 -6.338299478733e-01 -3.998835302255e-01 6.074905704567e+00
9.964000000001e+01  2.015227335991e+01 -7.056948192520e-01 -3.392505625865e-01 6.051639236416e+00
9.965000000001e+01  2.014485735372e+01 -7.775004746503e-01 -2.788518418020e-01 6.028056521373e+00
9.966000000001e+01  2.013672356042e+01 -8.492516694240e-01 -2.186904836454e-01 6.004166901030e+00
9.967000000001e+01  2.012787250033e+01 -9.209532547770e-01 -1.587695099341e-01 5.979979824963e+00
9.968000000001e+01  2.011830464491e+01 -9.926101620492e-01 -9.909184752870e-02 5.955504834802e+00
9.969000000001e+01  2.010802041596e+01 -1.064227386578e+00 -3.966032749500e-02 5.930751547868e+00
9.970000000001e+01  2.009702018510e+01 -1.135809971200e+00 1.952231556979e-02 5.905729640454e+00
9.971000000001e+01  2.008530427336e+01 -1.207362989475e+00 7.845344404164e-02 5.880448830825e+00
9.972000000001e+01  2.007287295096e+01 -1.278891528692e+00 1.371305176033e-01 5.854918862005e+00
9.973000000001e+01  2.005972643728e+01 -1.350400672755e+00 1.955510934054e-01 5.829149484429e+00
9.974000000001e+01  2.004586490095e+01 -1.421895485002e+00 2.537128260531e-01 5.803150438552e+00
9.975000000001e+01  2.003128846017e+01 -1.493380991065e+00 3.116134674198e-01 5.776931437470e+00
9.976000000001e+01  2.001599718314e+01 -1.564862161827e+00 3.692508662875e-01 5.750502149662e+00
9.977000000001e+01  1.999999108871e+01 -1.636343896571e+00 4.266229678143e-01 5.723872181907e+00
9.978000000001e+01  1.998327014720e+01 -1.707831006389e+00 4.837278128344e-01 5.697051062468e+00
9.979000000001e+01  1.996583428132e+01 -1.779328197934e+00 5.405635369898e-01 5.670048224620e+00
9.980000000001e+01  1.994768336732e+01 -1.850840057584e+00 5.971283697004e-01 5.642872990585e+00
9.981000000001e+01  1.992881723626e+01 -1.922371036096e+00 6.534206329756e-01 5.615534555955e+00
9.982000000001e+01  1.990923567546e+01 -1.993925433804e+00 7.094387400727e-01 5.588041974667e+00
9.983000000001e+01  1.988893843003e+01 -2.065507386440e+00 7.651811940086e-01 5.560404144593e+00
9.984000000001e+01  1.986792520465e+01 -2.137120851620e+00 8.206465859301e-01 5.532629793798e+00
9.985000000001e+01  1.984619566535e+01 -2.208769596064e+00 8.758335933509e-01 5.504727467528e+00
9.986000000001e+01  1.982374944152e+01 -2.280457183586e+00 9.307409782622e-01 5.476705515974e+00
9.987000000001e+01  1.980058612797e+01 -2.352186963898e+00 9.853675851251e-01 5.448572082843e+00
9.988000000001e+01  1.977670528716e+01 -2.423962062270e+00 1.039712338753e+00 5.420335094791e+00
9.989000000001e+01  1.975210645144e+01 -2.495785370075e+00 1.093774242092e+00 5.392002251731e+00
9.990000000001e+01  1.972678912547e+01 -2.567659536229e+00 1.147552373910e+00 5.363581018049e+00
9.991000000001e+01  1.970075278867e+01 -2.639586959570e+00 1.201045886403e+00 5.335078614744e+00
9.992000000001e+01  1.967399689777e+01 -2.711569782159e+00 1.254254002724e+00 5.306502012506e+00
9.993000000001e+01  1.964652088935e+01 -2.783609883533e+00 1.307176014455e+00 5.277857925729e+00
9.994000000001e+01  1.961832418258e+01 -2.855708875891e+00 1.359811279011e+00 5.249152807467e+00
9.995000000001e+01  1.958940618183e+01 -2.927868100218e+00 1.412159217014e+00 5.220392845330e+00
9.996000000001e+01  1.955976627946e+01 -3.000088623336e+00 1.464219309618e+00 5.191583958292e+00
9.997000000001e+01  1.952940385851e+01 -3.072371235854e+00 1.515991095812e+00 5.162731794419e+00
9.998000000001e+01  1.949831829553e+01 -3.144716451010e+00 1.567474169705e+00 5.133841729467e+00
9.999000000001e+01  1.946650896331e+01 -3.217124504373e+00 1.618668177800e+00 5.104918866359e+00
1.000000000000e+02  1.943397523366e+01 -3.289595354370e+00 1.669572816265e+00 5.075968035472e+00
